Date,Close,High,Low,Open,Volume
2016-08-11,24.68204116821289,24.9107268079648,24.663745898296824,24.81696485819469,109938000
2016-08-12,24.73921012878418,24.798668877758047,24.647735532993494,24.647735532993494,74641600
2016-08-15,25.036508560180664,25.050229142417265,24.716348265038388,24.730068847274993,103472800
2016-08-16,25.013635635375977,25.208019832624814,24.974759493819427,25.070807047570803,135177600
2016-08-17,24.977048873901367,25.01135207295981,24.775804369949526,24.949605965707974,101424000
2016-08-18,24.945024490356445,25.063940229066137,24.93130216858536,24.979327677685276,87938800
2016-08-19,25.009061813354492,25.084528493542,24.780376172592096,24.87413637804353,101472400
2016-08-22,24.81467628479004,24.949599958605717,24.6637429431663,24.89471590016652,103280800
2016-08-23,24.89243507385254,24.99991761896039,24.81925572852661,24.83297631054609,85030800
2016-08-24,24.704910278320312,24.869564224064508,24.62487065045384,24.82840073762846,94700400
2016-08-25,24.599712371826172,24.670604356571072,24.396182307137458,24.558548889937846,100344800
2016-08-26,24.455644607543945,24.686615863863906,24.31157152765486,24.563127145006252,111065200
2016-08-29,24.428205490112305,24.569991246910746,24.30700235280505,24.382469049717127,99881200
2016-08-30,24.240680694580078,24.355023528045077,24.126337861115076,24.194944259087347,99455600
2016-08-31,24.263547897338867,24.371030435457087,24.15835270431955,24.16292739451736,118649600
2016-09-01,24.407615661621094,24.423623584360367,24.153774497660653,24.272690245904872,106806000
2016-09-02,24.63631248474121,24.698056859206478,24.428207649659143,24.629450447815277,107210000
2016-09-06,24.629446029663086,24.76665882783158,24.58599693866072,24.67518421063032,107521600
2016-09-07,24.780372619628906,24.871847211765008,24.485367975974665,24.65916952655998,169457200
2016-09-08,24.130908966064453,24.531108852664694,24.066877263365704,24.526535907357516,212008000
2016-09-09,23.5843505859375,24.176647329951983,23.5843505859375,23.929666407859465,186228000
2016-09-12,24.11261749267578,24.176649200825196,23.44714135855181,23.47458426693007,181171200
2016-09-13,24.686613082885742,24.878709919520208,24.52424649480716,24.585992592013305,248704800
2016-09-14,25.560192108154297,25.848336490600545,24.835259079485677,24.864989328027217,443554800
2016-09-15,26.429195404052734,26.465785938468404,25.95352892504526,26.038143227331968,359934400
2016-09-16,26.280555725097656,26.55726516534714,26.07931297166161,26.326293904105707,319547600
2016-09-19,25.974111557006836,26.56869378386153,25.89864488826544,26.342295522370065,188092000
2016-09-20,25.971820831298828,26.0975985961602,25.729414678728716,25.852905099301932,138057200
2016-09-21,25.967256546020508,26.06787704672819,25.713415332100855,26.035861194948506,144012800
2016-09-22,26.211952209472656,26.28513155432334,26.070166465503682,26.15020610131955,124296000
2016-09-23,25.775161743164062,26.250828357102467,25.509887272331664,26.166214030813464,209924800
2016-09-26,25.81403350830078,25.93066366912903,25.509882943782042,25.53046381318725,119477600
2016-09-27,25.862058639526367,25.88264125474517,25.69054440654601,25.841477769040566,98429600
2016-09-28,26.05872344970703,26.216517072188612,25.939807705263455,25.999266449851575,118564400
2016-09-29,25.653955459594727,26.024426828753022,25.567055543500654,25.878068157050905,143548000
2016-09-30,25.852916717529297,25.92609606504455,25.567059618683253,25.717991259612663,145516400
2016-10-03,25.731704711914062,25.852909553815465,25.67682065266904,25.775155537213298,86807200
2016-10-04,25.841476440429688,26.141054060318368,25.75686212840585,25.855197020048127,118947200
2016-10-05,25.852916717529297,25.992415121344827,25.770589733482975,25.932956356259535,85812400
2016-10-06,26.045005798339844,26.147913632118165,25.87120423410283,26.001554971097374,115117200
2016-10-07,26.083881378173828,26.19822418869675,25.958105333438315,26.14105278343529,97433600
2016-10-10,26.538969039916992,26.69904828893821,26.234816722043714,26.303421366738682,144944000
2016-10-11,26.59613800048828,27.1426964864746,26.573268042962923,26.916296469049705,256164000
2016-10-12,26.833967208862305,26.98032759661097,26.699043543629553,26.83625455336549,150347200
2016-10-13,26.75165367126465,26.856848882786085,26.46350920378124,26.708202830408663,140769600
2016-10-14,26.900293350219727,27.023783815035245,26.78595052110163,26.957464764778777,142608800
2016-10-17,26.88199234008789,26.94830962714969,26.705903455215502,26.83168123012435,94499600
2016-10-18,26.863704681396484,27.032931580780097,26.85912999115921,27.026071290157308,98214000
2016-10-19,26.78366470336914,26.93002338387391,26.02442839397574,26.81339321059467,80138400
2016-10-20,26.769935607910156,26.843114929656746,26.602996098019183,26.724199186093283,96503200
2016-10-21,26.664745330810547,26.73563906577721,26.591565995646846,26.71276910594301,92770800
2016-10-24,26.904865264892578,26.92544613453879,26.756219253426952,26.779087467944834,94154800
2016-10-25,27.042076110839844,27.06723167005647,26.827111057437026,26.973469723024884,192516000
2016-10-26,26.433774948120117,26.45893051062822,25.912371915648823,26.14105757864382,264536800
2016-10-27,26.1799373626709,26.495522972347178,26.093035687812257,26.388040423800923,138248000
2016-10-28,26.00613021850586,26.34687131993518,25.944384121128103,26.040433412078734,151446800
2016-10-31,25.96497344970703,26.122767134107963,25.88721940785246,25.99012901518351,105677600
2016-11-01,25.496166229248047,26.017569305696814,25.276628183624002,25.94667730250362,175303200
2016-11-02,25.519031524658203,25.69283311180538,25.436706293623324,25.47558243642123,113326800
2016-11-03,25.245500564575195,25.62017138216034,25.18114010547502,25.50983966761461,107730400
2016-11-04,25.017932891845703,25.342035962250055,24.85013626618054,24.946676934674795,123348000
2016-11-07,25.37881851196289,25.401804138645407,25.160450674251727,25.302964365588775,130240000
2016-11-08,25.52822494506836,25.67993323177175,25.215615524307584,25.355830121282235,97016800
2016-11-09,25.486848831176758,25.587987683875674,24.836347061719003,25.256989077727034,236705600
2016-11-10,24.77658462524414,25.535120808105646,24.32605969000553,25.535120808105646,228538000
2016-11-11,24.923688888549805,25.02482772400998,24.491553257048928,24.62257322403577,136575600
2016-11-14,24.298471450805664,24.781176525179863,23.92380072835661,24.758190903293574,204702000
2016-11-15,24.620277404785156,24.751297389168002,24.401911348710634,24.496152932155507,129058000
2016-11-16,25.282272338867188,25.337439939184023,24.50304795972101,24.5260335830077,235362000
2016-11-17,25.27307891845703,25.36502316958602,25.015637119724733,25.24089869361549,110528000
2016-11-18,25.298358917236328,25.408692348769613,25.206416436930727,25.220207458238487,113715600
2016-11-21,25.682235717773438,25.741998001934082,25.286876589000848,25.312161306796146,117058400
2016-11-22,25.698322296142578,25.84083422734658,25.60637803987788,25.73279985776237,103862000
2016-11-23,25.56729507446289,25.631655509549816,25.360420994761817,25.597176203984585,109705600
2016-11-25,25.696027755737305,25.71441696098335,25.502944608036117,25.544319442994148,45903600
2016-11-28,25.64546012878418,25.852334318180123,25.604085290904994,25.613279894177175,108776000
2016-11-29,25.62017250061035,25.751192513409958,25.300667526350065,25.46386777010459,114115200
2016-11-30,25.404104232788086,25.790268765543516,25.346639282995262,25.652353236778954,144649200
2016-12-01,25.16734504699707,25.500642756715852,25.06160976609378,25.36962276149973,148347600
2016-12-02,25.261587142944336,25.30525930339659,25.020233701415115,25.09378875204552,106112000
2016-12-05,25.079998016357422,25.291468570139198,24.88231848669901,25.284573058077516,137298000
2016-12-06,25.27307891845703,25.367322258129196,25.09838677037175,25.169642731993623,104782000
2016-12-07,25.521329879760742,25.55810828458429,25.09149323395342,25.114478860122706,119994800
2016-12-08,25.771875381469727,25.84313134162784,25.422487585094927,25.48225161015469,108273200
2016-12-09,26.192516326904297,26.364911129636067,25.815546498559403,25.815546498559403,137610400
2016-12-12,26.043113708496094,26.433874632014717,25.856926094665106,26.04081461966854,105497600
2016-12-13,26.4775447845459,26.645341417576397,26.146546188104477,26.167232723536717,174935200
2016-12-14,26.4775447845459,26.709701866064297,26.429274448179974,26.443065471801468,136127200
2016-12-15,26.62236213684082,26.831535397956014,26.48674569574152,26.52122326301008,186098000
2016-12-16,26.656835556030273,26.77866094325025,26.583280505990434,26.771765431323193,177404400
2016-12-19,26.810840606689453,26.98093632752822,26.60626557324657,26.617759262011504,111117600
2016-12-20,26.882095336914062,27.00851889278205,26.820033980018344,26.833825002952814,85700000
2016-12-21,26.907377243041992,26.9855304568014,26.843016804469787,26.84761498076233,95132800
2016-12-22,26.730390548706055,26.780959974316932,26.58098136040775,26.74418157253058,104343600
2016-12-23,26.783260345458984,26.783260345458984,26.569490683491168,26.569490683491168,56998000
2016-12-27,26.953351974487305,27.07747643702863,26.77635900331725,26.78325451451001,73187600
2016-12-28,26.83842658996582,27.128048630534312,26.709703929355662,27.013118748301817,83623600
2016-12-29,26.831527709960938,26.91887377816601,26.755673576322245,26.767165510888628,60158000
2016-12-30,26.62236213684082,26.939568031549353,26.53271695456034,26.81314619295204,122345200
2017-01-03,26.698211669921875,26.739586497171988,26.37870674148132,26.61776110407188,115127600
2017-01-04,26.668333053588867,26.78096561752515,26.6062716796104,26.629257308724977,84472400
2017-01-05,26.8039493560791,26.86141430165792,26.620060828750496,26.645345545100454,88774400
2017-01-06,27.102758407592773,27.160223333311162,26.771759874273933,26.843015820983823,127007600
2017-01-09,27.35100746154785,27.452146299047282,27.109655808911224,27.111953143443134,134247600
2017-01-10,27.37859535217285,27.440656713931567,27.192409513205952,27.300442124142183,97848400
2017-01-11,27.52570915222168,27.56708398351671,27.261370049708496,27.29355027919452,110354400
2017-01-12,27.4107723236084,27.42226601138382,27.171717998142032,27.330321770252056,108344800
2017-01-13,27.362503051757812,27.495822118879804,27.30963454110923,27.378593163052493,104447600
2017-01-17,27.583171844482422,27.63833769713795,27.174021742713133,27.201603792195478,137759200
2017-01-18,27.580875396728516,27.698104379325947,27.51651493685259,27.5831744856358,94852000
2017-01-19,27.532604217529297,27.603860188276872,27.438362619478404,27.445258132300303,102389200
2017-01-20,27.583171844482422,27.686608037422893,27.521110479456304,27.686608037422893,130391600
2017-01-23,27.601566314697266,27.769362993377065,27.530308581322167,27.583177109072004,88200800
2017-01-24,27.576274871826172,27.606156008413322,27.468240507232313,27.47973419636854,92844000
2017-01-25,28.01530647277832,28.065875899766148,27.647531213354256,27.67971143894819,129510400
2017-01-26,28.02910041809082,28.144030301053384,27.95094718575704,27.967037299224167,105350400
2017-01-27,28.031391143798828,28.123335379228262,27.950940595431984,28.075065050208156,82251600
2017-01-30,27.95784568786621,27.95784568786621,27.734883164176253,27.79694453598871,121510000
2017-01-31,27.893478393554688,27.90267299336527,27.7256817696607,27.847507148192374,196804000
2017-02-01,29.59444808959961,29.994405388574847,29.194492544315402,29.19908896851109,447940000
2017-02-02,29.54387664794922,29.741556195064256,29.371481816420356,29.417454823709267,134841600
2017-02-03,29.67030143737793,29.69558615399653,29.45883085628691,29.49330842104774,98029200
2017-02-06,29.948429107666016,29.996701204576585,29.628924154671164,29.68179442923557,107383600
2017-02-07,30.233440399169922,30.36216124588592,29.98519154876907,30.005878076124134,152735200
2017-02-08,30.350679397583008,30.39205597580901,30.162196229210775,30.19207911863059,92016400
2017-02-09,30.56999397277832,30.576919380684807,30.269880047341417,30.392233617139947,113399600
2017-02-10,30.5007381439209,30.690042031268984,30.48458003206259,30.57923197573663,80262000
2017-02-13,30.770843505859375,30.893200620746768,30.6461826180301,30.72236564159911,92141600
2017-02-14,31.17021942138672,31.18637753106058,30.761602773456037,30.81239144258133,132904800
2017-02-15,31.283329010009766,31.458782013571565,31.077867089459872,31.28563982695356,142492400
2017-02-16,31.246400833129883,31.373368976886645,31.12866186861634,31.320273015538135,90338400
2017-02-17,31.331815719604492,31.357210052212658,31.18868594813342,31.18868594813342,88792800
2017-02-21,31.558067321777344,31.569610845617106,31.39185044173371,31.449564538343612,98028800
2017-02-22,31.6527099609375,31.655017255990174,31.421853642506797,31.49572583265893,83347600
2017-02-23,31.51880645751953,31.738119210867477,31.465710501413366,31.715035697276043,83152800
2017-02-24,31.548826217651367,31.54882621765137,31.23024336194614,31.375683973913826,87106400
2017-02-27,31.61115837097168,31.728897364137968,31.4611031522397,31.65963975449692,81029600
2017-02-28,31.62501335144043,31.7288980067117,31.558063035815806,31.645789577977,93931600
2017-03-01,32.271400451660156,32.35450886011195,31.765828116381613,31.832774893079204,145658400
2017-03-02,32.07979965209961,32.38452819956247,32.03362556445187,32.31988870396161,104844000
2017-03-03,32.269100189208984,32.280643711179444,31.994380570218482,32.038243840153214,84432400
2017-03-06,32.16753005981445,32.26680014395962,31.996698577585153,32.17445547003515,87000000
2017-03-07,32.209075927734375,32.31526786615911,32.04054827172309,32.10288046672162,69785200
2017-03-08,32.08902359008789,32.27370932246198,32.04747114966208,32.07748007132938,74828800
2017-03-09,32.01514434814453,32.040538677570424,31.63885104085334,32.028998682675265,88623600
2017-03-10,32.12135696411133,32.17214565013795,32.00592877270334,32.14675130712464,78451200
2017-03-13,32.13520431518555,32.18830029117781,32.047481294543644,32.05440670347357,69686800
2017-03-14,32.08671951293945,32.23908199903327,32.052088953191266,32.15828440479625,61236400
2017-03-15,32.42607879638672,32.493025576232185,32.09595244191277,32.18367896678893,102767200
2017-03-16,32.47917938232422,32.55536239804194,32.379909323326615,32.486104790790534,76928000
2017-03-17,32.31757736206055,32.550740976098126,32.294490321127455,32.550740976098126,175540000
2017-03-20,32.65694808959961,32.66618079571572,32.37299217963416,32.4122373451586,86168000
2017-03-21,32.28295135498047,32.96628770549994,32.25755701540671,32.806996259318026,158119600
2017-03-22,32.647701263427734,32.68925723393395,32.26447891610455,32.28525866265166,103440800
2017-03-23,32.53227996826172,32.68464602130465,32.46071505556878,32.61077029040308,81385200
2017-03-24,32.46764373779297,32.72158718512899,32.400696932180246,32.66618038136774,89582400
2017-03-27,32.523033142089844,32.60152343015169,32.00129570624854,32.179056024283945,94300400
2017-03-28,33.1971549987793,33.25255828695497,32.46302972714573,32.529980063810726,133499200
2017-03-29,33.270999908447266,33.356419111904984,33.05630529785132,33.16942260006726,116760000
2017-03-30,33.22715377807617,33.358743592432035,33.12788723539098,33.28717868536346,84829200
2017-03-31,33.164833068847656,33.305655621391836,33.01477428715244,33.1786838899849,78646800
2017-04-03,33.174049377441406,33.27100860006439,33.023994192507935,33.176360194881575,79942800
2017-04-04,33.42107391357422,33.44877554763126,33.05170235406852,33.07017128430263,79565600
2017-04-05,33.2479362487793,33.58036999374285,33.199454859893464,33.294106819448956,110871600
2017-04-06,33.164833068847656,33.36336972452324,33.116351672277986,33.310270213378054,84596000
2017-04-07,33.09095764160156,33.28487618455112,33.0747995243171,33.18099150244167,66688800
2017-04-10,33.05171203613281,33.215621638358044,32.989379818656815,33.15098212489749,75733600
2017-04-11,32.6961784362793,33.09325154850054,32.333732359535915,32.99859962141102,121517600
2017-04-12,32.73543167114258,32.81622928141407,32.55305317900341,32.68926110490339,81400000
2017-04-13,32.562286376953125,32.86932572163703,32.562286376953125,32.76082296364392,71291600
2017-04-17,32.74235916137695,32.75390268431767,32.52073549771646,32.661558023380536,66328400
2017-04-18,32.5969123840332,32.79083085160347,32.57613616020524,32.645393762219754,58790000
2017-04-19,32.476871490478516,32.78160358080456,32.423775513256935,32.75390194444348,69313600
2017-04-20,32.88316345214844,32.99397346123625,32.58766774618983,32.60151855700247,93278400
2017-04-21,32.84394073486328,32.93858918089021,32.74698147039898,32.883185899818656,69283600
2017-04-24,33.160194396972656,33.23175927687544,33.05399896310629,33.12787466015891,68537200
2017-04-25,33.36566162109375,33.4510773270773,33.21329561372768,33.22253183861588,75486000
2017-04-26,33.1694450378418,33.381836020448354,33.10019093763208,33.35182356196479,80164800
2017-04-27,33.19483947753906,33.28025873902497,33.084029394295946,33.2248519361089,56985200
2017-04-28,33.16250228881836,33.31256098018901,33.0747793002223,33.264079612801645,83441600
2017-05-01,33.83892059326172,33.98205038775373,33.4649344734146,33.497254218060796,134411600
2017-05-02,34.053611755371094,34.18750883290929,33.89893845612549,34.0605371626069,181408800
2017-05-03,33.949745178222656,34.049015272372216,33.305657304663285,33.610385952851644,182788000
2017-05-04,33.82737350463867,33.96819598915599,33.66115668610716,33.825066209760145,93487600
2017-05-05,34.38835144042969,34.39296602955505,33.88046482967014,33.88046482967014,109310800
2017-05-08,35.32332229614258,35.48261371172281,34.40451517982148,34.40451517982148,195009600
2017-05-09,35.549560546875,35.755022499341734,35.42489618049583,35.52185539735332,156521600
2017-05-10,35.38103103637695,35.53801513333868,35.1155477321782,35.46645025251574,103222800
2017-05-11,35.68703079223633,35.71485030550532,35.30686379075656,35.33931694196356,109020400
2017-05-12,36.1854248046875,36.259601924283665,35.853935742783264,35.86088973721014,130108000
2017-05-15,36.092689514160156,36.31290753319906,35.942014958272345,36.164549795802884,104038800
2017-05-16,36.03937911987305,36.17614570849867,35.8655222077506,36.14832973444002,80194000
2017-05-17,34.82933044433594,35.830747832802935,34.70415503934131,35.60589263781273,203070800
2017-05-18,35.36018371582031,35.54563183518866,35.03333534048926,35.065788496094065,134272800
2017-05-19,35.480716705322266,35.6939807515945,35.381040443999204,35.55489734948363,107843200
2017-05-22,35.696292877197266,35.83305942906775,35.4459385665667,35.698609695370216,91865600
2017-05-23,35.65225601196289,35.907244012150436,35.53866822949923,35.907244012150436,79675600
2017-05-24,35.54562759399414,35.73802968538322,35.390315829478965,35.66153221262889,76712000
2017-05-25,35.668479919433594,35.77975088044138,35.47376104336142,35.63602677342156,76942400
2017-05-26,35.60820770263672,35.754248615544256,35.538664242341355,35.6986131398825,87710400
2017-05-30,35.622127532958984,35.79830129211459,35.54331323574162,35.56417521962942,80507600
2017-05-31,35.41117858886719,35.73803046949931,35.323093482019345,35.69166932845386,97804800
2017-06-01,35.5085563659668,35.54332989253768,35.28602135928588,35.50623954571414,65616400
2017-06-02,36.03474807739258,36.03474807739258,35.44131694896753,35.60126590128008,111082800
2017-06-05,35.68238830566406,35.80293007954459,35.573441236287195,35.77743092616847,101326800
2017-06-06,35.80293655395508,36.11819726310274,35.647624786988494,35.67544076401883,106499600
2017-06-07,36.01619338989258,36.15759713991396,35.809883348431306,35.935062294156516,84278400
2017-06-08,35.92811584472656,36.055608098669595,35.79134570314363,35.98838497453833,85003200
2017-06-09,34.53493881225586,35.9744757167898,33.84878545799699,35.9744757167898,259530800
2017-06-12,33.70969009399414,33.86500181812476,33.035124540031404,33.7838707284533,289229200
2017-06-13,33.98091506958008,34.18027115410295,33.647109203669395,34.11304803197316,136661600
2017-06-14,33.64942169189453,34.19185432860384,33.34343187398011,34.19185432860384,126124800
2017-06-15,33.447750091552734,33.49179440836366,32.965590036801295,33.22289840705595,128661600
2017-06-16,32.97951126098633,33.49644502776602,32.9632829115937,33.329542042927216,201444400
2017-06-19,33.92295837402344,34.015684178746284,33.30171139945538,33.30171139945538,130165600
2017-06-20,33.614654541015625,34.04581984224662,33.59842973452533,34.04581984224662,99600400
2017-06-21,33.81401062011719,33.86037529495847,33.52193226910873,33.7328795134011,85063200
2017-06-22,33.75838088989258,34.00641493839107,33.64015591325134,33.79083404213897,76425200
2017-06-23,33.90906524658203,34.11305856923458,33.63784878103498,33.64248595758508,141757600
2017-06-26,33.80242919921875,34.37267801840908,33.70043255523252,34.115369589126985,102769600
2017-06-27,33.31795120239258,33.881249666123956,33.292452036756515,33.61466683681435,99047600
2017-06-28,33.80472946166992,33.86963574202981,33.185799442942255,33.4941060432152,88329600
2017-06-29,33.30635452270508,33.642480797005575,32.981822956565935,33.545121327163834,125997600
2017-06-30,33.385169982910156,33.603071249121264,33.32953448819821,33.484846264999454,92096400
2017-07-03,33.264625549316406,33.681882883841496,33.171903269256724,33.58452342864035,57111200
2017-07-05,33.40138626098633,33.56365199104382,33.08380879379327,33.30866399727566,86278400
2017-07-06,33.08613586425781,33.26462999119196,33.01195873773074,33.15336253283698,96515200
2017-07-07,33.42224884033203,33.55438178247811,33.12553334657291,33.12553334657291,76806800
2017-07-10,33.62625503540039,33.83256516197805,33.23449676943033,33.40603691736588,84362400
2017-07-11,33.73518371582031,33.80936433812142,33.46860462082007,33.5497356971943,79127200
2017-07-12,33.78386688232422,33.88585993740315,33.5706028882242,33.813999666656365,99538000
2017-07-13,34.254451751708984,34.42135468439262,33.71433580804226,33.72824379624453,100797600
2017-07-14,34.54884719848633,34.616073858148916,34.152455383178136,34.300813153683656,80528400
2017-07-17,34.669376373291016,34.979999789548835,34.43988757547272,34.497839863750386,95174000
2017-07-18,34.78994369506836,34.80153486866919,34.463091700024776,34.58595035850846,71475200
2017-07-19,35.00783157348633,35.100553852405646,34.75979399482843,34.882652606104216,83692000
2017-07-20,34.850196838378906,35.17473186448836,34.81542687067658,35.11909637903669,68974800
2017-07-21,34.833961486816406,34.87336861732486,34.51174691418672,34.76905520866991,105010400
2017-07-24,35.255859375,35.336994007540355,34.74819667551784,34.905828766334864,85972800
2017-07-25,35.40653610229492,35.6615240828849,35.18863490299592,35.18863490299592,75415600
2017-07-26,35.57344436645508,35.68239144541838,35.480718556415695,35.547945210835245,63124000
2017-07-27,34.901187896728516,35.69629518520413,34.14549127963004,35.640659711313354,129905200
2017-07-28,34.655460357666016,34.82468000981983,34.58360010279766,34.7458657649401,68854800
2017-07-31,34.47698974609375,34.84788597153069,34.337906314401316,34.74820615187898,79383600
2017-08-01,34.78296661376953,34.82237374815517,34.40279971702467,34.56274861002519,141474400
2017-08-02,36.42648696899414,37.03150894679301,36.19931500935607,36.92255837145986,279747200
2017-08-03,36.062557220458984,36.442724148827494,35.93506145911916,36.40563382968727,108389200
2017-08-04,36.252655029296875,36.48678114081748,36.09038923234551,36.17847789517443,82239600
2017-08-07,36.813629150390625,36.839128311262435,36.31755746017154,36.407962932875485,87481200
2017-08-08,37.108028411865234,37.51369463486603,36.68845419858787,36.76495168223776,144823600
2017-08-09,37.33517837524414,37.38385984948406,36.88315127355914,36.91792122864005,104526000
2017-08-10,36.1460075378418,37.235133487872936,35.9854304565123,37.2118601090354,163217200
2017-08-11,36.64866256713867,36.90232949808078,36.32053080044579,36.443871840263014,105028400
2017-08-14,37.2002067565918,37.28398590345592,36.94421393255778,37.076865728016436,88490800
2017-08-15,37.607479095458984,37.74710868888899,37.26770700451105,37.388722159631754,117862000
2017-08-16,37.45620346069336,37.81924531879083,37.27002714727937,37.686597048032674,110686400
2017-08-17,36.73710632324219,37.400358425370186,36.73245093820814,37.35614114509254,111762400
2017-08-18,36.65332794189453,37.11876702687097,36.47180698283519,36.73710711923103,109712400
2017-08-21,36.585845947265625,36.744093553772515,36.09713341937052,36.65333306156558,105474000
2017-08-22,37.18391418457031,37.23511274868112,36.77432922270097,36.82319831961405,86418400
2017-08-23,37.230464935302734,37.344498769648,36.97447561371597,37.018692887258375,77596400
2017-08-24,37.06523513793945,37.40733308128609,36.89767681666691,37.3351870546406,79275600
2017-08-25,37.20256042480469,37.36546345661208,37.06525669449701,37.153687739752584,101920400
2017-08-28,37.577232360839844,37.70057345906265,37.218842204818785,37.26771488101043,103864000
2017-08-29,37.912353515625,37.9612226464409,37.23513858044841,37.258411962469,118067600
2017-08-30,38.014747619628906,38.1404146396572,37.84253383934937,38.11947072815569,109078400
2017-08-31,38.166011810302734,38.28702698837684,38.04499663222864,38.08223261794667,107140400
2017-09-01,38.17763137817383,38.38475157319191,38.079889622762565,38.35217098805483,66364400
2017-09-05,37.71918487548828,38.224185869992446,37.365450167215954,38.107826095654566,117874000
2017-09-06,37.67961120605469,37.93094866622109,37.35613127650131,37.86578749703174,86606800
2017-09-07,37.528350830078125,37.75641853046921,37.318904669575105,37.721508469706514,87714000
2017-09-08,36.916290283203125,37.50274078484636,36.89301691603528,37.43525370168723,114446000
2017-09-11,37.58420181274414,37.71219825667535,37.20952325015532,37.35148229687576,126323200
2017-09-12,37.43526840209961,38.156700455393946,36.94888537604294,37.8425276303422,286856000
2017-09-13,37.1536750793457,37.22582112336586,36.74874533126742,37.20487366489882,179629600
2017-09-14,36.834842681884766,37.09548738913932,36.79062540811455,37.00007509160223,95042800
2017-09-15,37.207191467285156,37.46085484734486,36.76967771010516,36.87905614940016,196458400
2017-09-18,36.925601959228516,37.35147906251199,36.76968032322053,37.26071860122323,113077600
2017-09-19,36.93956756591797,37.181597849722785,36.87208046911773,37.12108850326259,83242400
2017-09-20,36.3205451965332,36.830198074813886,35.79925207846514,36.746418887106856,211805600
2017-09-21,35.69684600830078,36.25770088768065,35.547905661807576,36.25770088768065,150046800
2017-09-22,35.3477668762207,35.43620142795852,35.0382494961563,35.26631362582871,186581600
2017-09-25,35.035926818847656,35.333807540538785,34.712446806182214,34.90560444698507,177549200
2017-09-26,35.63866424560547,35.820185172327,35.301221679316356,35.32216558216474,146640000
2017-09-27,35.892337799072266,36.006371665189434,35.73176072979134,35.79227008982112,102016800
2017-09-28,35.67124557495117,35.90396508081647,35.53626783542716,35.81320461556972,88022000
2017-09-29,35.866737365722656,35.86906683396908,35.373373036019935,35.654965265399625,105199200
2017-10-02,35.794586181640625,35.94352652149234,35.54092277566186,35.899309247767675,74795200
2017-10-03,35.95050811767578,36.09246715768579,35.81785984643047,35.84112966630654,64921200
2017-10-04,35.71780014038086,35.80623471709769,35.48042872553934,35.7527102079886,80655200
2017-10-05,36.162288665771484,36.173925352810144,35.850445338837886,35.88069646391643,85135200
2017-10-06,36.14134216308594,36.18555944004501,35.96912843993429,36.064544295370396,69630400
2017-10-09,36.266998291015625,36.47411845979053,36.18554861400172,36.26001699158635,65051600
2017-10-10,36.280982971191406,36.7696955347829,36.0948101384129,36.31821895815477,62468000
2017-10-11,36.432254791259766,36.532322516696084,36.24607839747336,36.297276994540105,67622400
2017-10-12,36.304256439208984,36.623081144688726,36.24142115493268,36.38570971701232,64500400
2017-10-13,36.534645080566406,36.602132190661905,36.39966730935674,36.4741357221856,65576800
2017-10-16,37.207191467285156,37.23511666846092,36.68822447198592,36.74640434178039,96486000
2017-10-17,37.34450149536133,37.437587882547504,37.05592801345531,37.183924459099835,75989200
2017-10-18,37.17926788330078,37.40035426006646,37.14203546022998,37.33286361315338,65496800
2017-10-19,36.29958724975586,36.55558012463436,36.07617851442355,36.47878226217081,170336800
2017-10-20,36.362430572509766,36.71150990600586,36.29494346381537,36.446209754589574,95896400
2017-10-23,36.34380340576172,36.69753803534452,36.18788176895651,36.5113617276158,87937200
2017-10-24,36.56024169921875,36.63471010659891,36.35079197948656,36.371735886154255,71028800
2017-10-25,36.3996696472168,36.66496982118057,36.134369473253024,36.51602943493808,84828400
2017-10-26,36.63236999511719,36.73011173937826,36.48575560321705,36.59047864699556,68002000
2017-10-27,37.94492721557617,38.072923691360785,36.93259564921112,37.069899345498754,177816800
2017-10-30,38.79899597167969,39.113168722330684,38.100837460026646,38.14039934956485,178803200
2017-10-31,39.33890151977539,39.48086055249378,38.850192715266076,39.073601439893864,144187200
2017-11-01,38.83856964111328,39.548365053447924,38.5406888698743,39.532072978746015,134551200
2017-11-02,39.12248611450195,39.213246602579936,38.463889321107885,38.771080850614126,165573600
2017-11-03,40.14411544799805,40.5537005069561,39.82296138808833,40.49319471276325,237594400
2017-11-06,40.55137252807617,40.72358623496925,39.9625924821947,40.113858735493494,140105200
2017-11-07,40.68169403076172,40.784091175914,40.4001054326106,40.47224790732671,97446000
2017-11-08,41.01449203491211,41.01449203491211,40.569996871813196,40.6467947443134,97638000
2017-11-09,40.93070983886719,40.9819084167544,40.293057083101544,40.75151481626194,117930400
2017-11-10,40.79525375366211,40.96108019416508,40.701832715830456,40.89801903354742,100582000
2017-11-13,40.63176727294922,40.755551758229636,40.4986385451282,40.521995587695365,67928400
2017-11-14,40.01750183105469,40.51731174890266,39.98013199926824,40.41454649338158,99130000
2017-11-15,39.489681243896484,39.77929220400671,39.32619262277969,39.69754611155598,116632400
2017-11-16,39.96144485473633,40.141280462047675,39.77459928667072,39.98012620413837,94550000
2017-11-17,39.73957443237305,40.02918531900126,39.620462088020936,39.94743924729169,87598000
2017-11-20,39.69987106323242,39.83533404998422,39.60177791360881,39.77227289530339,65049600
2017-11-21,40.43791198730469,40.56870286213054,39.88671932640713,39.88671932640713,100525200
2017-11-22,40.86297607421875,40.87231674998271,40.41688307609669,40.489284895562776,102355600
2017-11-24,40.86532211303711,40.98910659428749,40.79058243028295,40.89568555462902,56106800
2017-11-27,40.6597900390625,40.891011914737895,40.48462292337074,40.88400551521295,82867200
2017-11-28,40.42155838012695,40.8419565345033,40.138953913985674,40.70883140262639,105715200
2017-11-29,39.58308792114258,40.386521497492396,39.041239607375275,40.31879179469024,166665600
2017-11-30,40.13663101196289,40.204360736187915,39.34020358179403,39.80497809979089,166108800
2017-12-01,39.94976806640625,40.09457169512323,39.35419935159291,39.692854953731334,159037200
2017-12-04,39.65782165527344,40.31644792376654,39.618117550770556,40.28375021630636,130169600
2017-12-05,39.620460510253906,40.05954716131824,39.33084963515859,39.48499753144079,109400800
2017-12-06,39.473323822021484,39.75125621208925,38.877758487629464,39.120655316755084,114240000
2017-12-07,39.54572296142578,39.80730466888246,39.44996409930915,39.47798969259851,102693200
2017-12-08,39.55739974975586,39.9380973739062,39.428946732036295,39.81898503312158,93420800
2017-12-11,40.32814025878906,40.37952289723063,39.42194125040226,39.51770012784191,141095200
2017-12-12,40.10158920288086,40.26274351240947,40.045538009155386,40.20668875490006,77636800
2017-12-13,40.23472213745117,40.5313359054632,40.17166097410895,40.28843905833601,95273600
2017-12-14,40.2230339050293,40.43557082231696,40.08990521053588,40.26507229458504,81906000
2017-12-15,40.63176727294922,40.678477794299205,40.27909873840484,40.55235903027581,160677200
2017-12-18,41.20398712158203,41.38616068461665,40.83963999551279,40.84431211768381,117684400
2017-12-19,40.76488494873047,40.963409082730685,40.659785404053046,40.87932873423201,109745600
2017-12-20,40.72051239013672,40.97041559422269,40.46359922352152,40.84195901091509,93902400
2017-12-21,40.874664306640625,41.110558320766415,40.66213089897172,40.67847797781501,83799600
2017-12-22,40.874664306640625,40.97042319229992,40.75555194209315,40.79759034236248,65397600
2017-12-26,39.83767318725586,40.04787229131358,39.62980479789167,39.89139010250902,132742000
2017-12-27,39.844669342041016,39.88670772653053,39.63680456990471,39.72789130008167,85992800
2017-12-28,39.9567756652832,40.13661484956386,39.81664058801304,39.938090750728314,65920800
2017-12-29,39.524715423583984,39.842352003724244,39.52238114450544,39.8260049226047,103999600
2018-01-02,40.232364654541016,40.241708892436776,39.53169649122679,39.7418990784906,102223600
2018-01-03,40.22536849975586,40.767220394628254,40.162310914925996,40.29543604668363,118071600
2018-01-04,40.41221618652344,40.514981452143,40.19033857963591,40.297772401850075,89738400
2018-01-05,40.87232208251953,40.95873670879751,40.4168883492139,40.507975095875025,94640000
2018-01-08,40.72051239013672,41.0147918288002,40.622415680131866,40.72051239013672,82271200
2018-01-09,40.71583938598633,40.886334358066584,40.500968180291736,40.767222018194126,86336000
2018-01-10,40.70650100708008,40.70883884947029,40.405215132825184,40.44258497322732,95839600
2018-01-11,40.93770980834961,40.986758153682636,40.753202071451625,40.77655554140493,74670800
2018-01-12,41.36045837402344,41.423519533337156,41.02413694272906,41.14792141899934,101672400
2018-01-16,41.15025329589844,41.897632166104536,41.13857477715793,41.54963226482539,118263600
2018-01-17,41.82990264892578,41.86493464152241,40.88867176747151,41.14090924173439,137547200
2018-01-18,41.86726760864258,42.06345745239051,41.63137721705079,41.89295892367008,124773600
2018-01-19,41.68042755126953,41.942009270329734,41.43519290775877,41.71545954443522,129700400
2018-01-22,41.33942794799805,41.52160141317471,41.24600693747062,41.40949548778517,108434400
2018-01-23,41.34877395629883,41.909310783105305,41.297394888530555,41.40950082837842,130756400
2018-01-24,40.690147399902344,41.409500675183416,40.451919160296335,41.39782215645873,204420400
2018-01-25,39.96378707885742,40.86064170736339,39.82832410416899,40.757876446304344,166116000
2018-01-26,40.05720520019531,40.171648971506336,39.71854956987821,40.171648971506336,156572000
2018-01-29,39.22809600830078,39.74191887120787,39.02023115887901,39.74191887120787,202561600
2018-01-30,38.99686050415039,39.0902815143299,38.46668718373474,38.66053916545118,184192800
2018-01-31,39.10430145263672,39.34019542667271,38.887095960590166,38.97351058898067,129915600
2018-02-01,39.186038970947266,39.38222522360861,38.947810770553936,39.04356961903732,188923200
2018-02-02,37.48576736450195,38.95717202988417,37.392346316833205,38.77032637076214,346375200
2018-02-05,36.54920196533203,38.27518171314244,36.43475817272473,37.158783638850124,290954000
2018-02-06,38.07665252685547,38.237806813801605,35.96764112765475,36.16149312762015,272975200
2018-02-07,37.26154708862305,38.163073981925415,37.151778975373574,38.09067214468713,206434400
2018-02-08,36.23624801635742,37.60255340084639,36.208222408892304,37.436726907845454,217562000
2018-02-09,36.67945861816406,37.026530037973,35.23254226234786,36.83423501638265,282690400
2018-02-12,38.1568603515625,38.43357852431035,36.93741390436866,37.16957849038807,243278000
2018-02-13,38.53910446166992,38.63525375165295,37.90827637720075,37.97862960348866,130196800
2018-02-14,39.24966812133789,39.289534118272805,38.19672773949779,38.23424636240979,162579600
2018-02-15,40.567604064941406,40.59105275486671,39.63191438389785,39.81717442105685,204588800
2018-02-16,40.436279296875,40.99675777482494,40.28150648157054,40.41986557057159,160704400
2018-02-20,40.30026626586914,40.865428738385795,40.19942580241765,40.347167225893934,135722000
2018-02-21,40.117347717285156,40.83259536786897,40.10327420960197,40.53008115148343,149886400
2018-02-22,40.45268249511719,40.792718820717944,40.26742250916238,40.28852739775608,123967600
2018-02-23,41.156211853027344,41.191386671149125,40.696573952461684,40.727061180375976,135249600
2018-02-26,41.96996307373047,42.06845615928356,41.32272126367563,41.35555229219334,152648800
2018-02-27,41.83394241333008,42.32406398260265,41.780006497336466,42.00044490832769,155712400
2018-02-28,41.77063751220703,42.35690854658368,41.75422378396798,42.03797696075021,151128400
2018-03-01,41.03896713256836,42.1599169199814,40.49021837370537,41.86912523610617,195208000
2018-03-02,41.32272720336914,41.34383210081118,40.44097331932767,40.52305269157681,153816000
2018-03-05,41.46576690673828,41.681514152796034,40.92639700243722,41.088208331558874,113605600
2018-03-06,41.43058776855469,41.8011113730967,41.30395484011507,41.72137939673423,95154000
2018-03-07,41.045997619628906,41.23829619080357,40.86777255571941,41.024892726201514,126814000
2018-03-08,41.493900299072266,41.53611007662612,41.05537091124757,41.151516597335615,95096400
2018-03-09,42.206817626953125,42.21150879652509,41.59944177584291,41.73311327128927,128740800
2018-03-12,42.61485290527344,42.771973052888505,42.26074662437796,42.27950414137444,128828400
2018-03-13,42.2044677734375,43.03228195752703,42.03327768092932,42.818878501558245,126774000
2018-03-14,41.84566879272461,42.333446569678834,41.69792739335634,42.286545617307205,117473600
2018-03-15,41.89491271972656,42.26778369281401,41.758901034006826,41.85973790071512,90975200
2018-03-16,41.74717330932617,42.005130321635804,41.65336783168469,41.894911121852736,157618800
2018-03-19,41.109317779541016,41.61820051060324,40.72472419771771,41.58302568659741,133787200
2018-03-20,41.09524917602539,41.46108167074591,41.02489594742979,41.09524917602539,78597600
2018-03-21,40.16425704956055,41.06007732991229,40.16190967530038,41.0483511935547,148219600
2018-03-22,39.59673309326172,40.49489685145433,39.538106010552305,39.86641624239975,165963200
2018-03-23,38.6798095703125,39.847660204185324,38.6798095703125,39.48886269872853,164115200
2018-03-26,40.51600646972656,40.593394650495185,39.03156826403004,39.41381799919569,150164800
2018-03-27,39.477142333984375,41.07414393053354,39.1441408426636,40.72941630380633,163690400
2018-03-28,39.04094696044922,39.8711084776805,38.73843278003279,39.22151938195304,166674000
2018-03-29,39.34580993652344,40.27680835477367,39.13944144734554,39.35284490062601,153594000
2018-04-02,39.08784484863281,39.617835939087065,38.569583468090705,39.078466090341244,150347200
2018-04-03,39.48886489868164,39.57328805633437,38.66574179530286,39.31298361843127,121112000
2018-04-04,40.243988037109375,40.33778996897688,38.63995138530053,38.66574745331124,138422000
2018-04-05,40.52305221557617,40.85839750981913,40.35420588139473,40.47146008133661,107732800
2018-04-06,39.48652267456055,40.4480048978712,39.44430930489733,40.09389852773458,140021200
2018-04-09,39.87815475463867,40.59105872724588,39.83125378957353,39.83828875541759,116070800
2018-04-10,40.628597259521484,40.80447863293932,40.22524235688464,40.56997013504887,113634400
2018-04-11,40.438621520996094,40.78569288629012,40.26508404919231,40.38937319172964,89726400
2018-04-12,40.8372917175293,41.03896908014141,40.57933105198561,40.66610159129438,91557200
2018-04-13,40.97564697265625,41.23595140956656,40.7692820378696,40.98737310695765,100497200
2018-04-16,41.231266021728516,41.318032979230495,40.999101432084586,41.046002393482574,86313600
2018-04-17,41.79877853393555,41.96293369838951,41.36962773223247,41.38838883364353,106421600
2018-04-18,41.7049674987793,41.93478827686572,41.479841468316096,41.69793253397193,83018000
2018-04-19,40.52305221557617,41.1304281124797,40.490221182725016,40.74817827560862,139235200
2018-04-20,38.86272048950195,40.15251629639191,38.79471107037423,40.00712227776633,261964400
2018-04-23,38.75016784667969,39.14414022627035,38.480481049834914,39.12303532985958,146062000
2018-04-24,38.21079635620117,39.005779628477015,37.8074416526787,38.85100323747827,134768000
2018-04-25,38.37730026245117,38.79238115437606,38.086512121162166,38.135756883915896,113528400
2018-04-26,38.51095962524414,38.86506592809909,38.311626106242954,38.48750736007461,111852000
2018-04-27,38.065406799316406,38.53676741485826,37.66908701419298,38.459379210220455,142623200
2018-04-30,38.75484848022461,39.223865178378034,37.95283035577987,38.02083978086763,169709600
2018-05-01,39.65536117553711,39.678809862224035,38.75719381639185,39.02453317715288,214277600
2018-05-02,41.40715026855469,41.68386846538951,40.75756099293259,41.09290629028131,266157600
2018-05-03,41.48218536376953,41.6252356123869,40.90764057379652,41.24533319861876,136272800
2018-05-04,43.10968780517578,43.20818092252133,41.78236914979149,41.801130254759435,224805200
2018-05-07,43.42158126831055,44.010196132784614,43.32543195429846,43.42626886047117,169805600
2018-05-08,43.63027572631836,43.67014171321646,43.072144753118614,43.38169746782833,113611200
2018-05-09,43.9374885559082,43.946867316294885,43.43564078484701,43.74753734783236,92844800
2018-05-10,44.56597137451172,44.64335957002789,44.00549648424058,44.026604958155126,111957200
2018-05-11,44.39647674560547,44.74253367480774,44.12810643235804,44.60835031424025,104848800
2018-05-14,44.29288864135742,44.61775924769171,44.224620553416436,44.4953436639537,83115200
2018-05-15,43.89033508300781,44.03864620212648,43.574882993810874,43.97037452197802,94780800
2018-05-16,44.29995346069336,44.36587231146577,43.78675557653705,43.80323618725819,76732400
2018-05-17,44.01980972290039,44.47180154910727,43.8714986140111,44.2575751900698,69176000
2018-05-18,43.8597412109375,44.212860274211145,43.81736864755884,44.06690554420082,73190800
2018-05-21,44.170467376708984,44.55654389780449,44.00097001699767,44.25756888940936,73603200
2018-05-22,44.0598258972168,44.46473588249332,43.97036795401736,44.34702957496204,60962800
2018-05-23,44.34232711791992,44.375284745399135,43.730252788035145,43.869148982230094,80233600
2018-05-24,44.29288864135742,44.455323944524565,43.836191117930454,44.43884692692997,92936000
2018-05-25,44.39411926269531,44.64600893764281,44.17518362391239,44.31172339594766,69844000
2018-05-29,44.234039306640625,44.434141513213916,43.99156454363286,44.16341837924985,90056400
2018-05-30,44.139869689941406,44.25757600911459,43.97037230296309,44.19166075774655,74762000
2018-05-31,43.99155807495117,44.31171940312337,43.819707856715965,44.073953934274336,109931200
2018-06-01,44.784908294677734,44.78961396182632,44.198729444569345,44.25522977936332,93770000
2018-06-04,45.15920639038086,45.5335116194763,45.04620933090354,45.11447741480749,105064800
2018-06-05,45.50761032104492,45.65592141239806,45.283969063620134,45.45111359451901,86264000
2018-06-06,45.665348052978516,45.688890756479125,45.18039853460859,45.58295577495082,83734400
2018-06-07,45.54293441772461,45.717137485771346,45.279269798009615,45.703013301022914,85388800
2018-06-08,45.12860107421875,45.19922558261393,44.674256416273806,45.003832665969014,106627200
2018-06-11,45.01795959472656,45.19216624711074,44.777841280495316,45.046211555074656,73234000
2018-06-12,45.26515197753906,45.34283859669024,44.999134487001314,45.05563482605106,67644400
2018-06-13,44.8931884765625,45.406389885336665,44.83198248503108,45.29809849342999,86553600
2018-06-14,44.9167366027832,45.09800535821275,44.78019682784647,45.093296099183995,86440400
2018-06-15,44.455326080322266,44.766072517330024,44.31878630576844,44.73546772189716,246876800
2018-06-18,44.431793212890625,44.54479030035685,44.069255652105554,44.22933815211929,73939600
2018-06-19,43.71377944946289,43.86444341520715,43.18645377330186,43.5843017620001,134314000
2018-06-20,43.90446853637695,44.06925670790328,43.72319975164164,43.869158068233006,82514800
2018-06-21,43.65964126586914,44.33998383053485,43.537225655114895,44.08102842165333,102847600
2018-06-22,43.53251266479492,43.822069257467064,43.48072158745682,43.815007164385726,108801600
2018-06-25,42.8851203918457,43.532505154775784,42.546125613973516,43.174676934564935,126652400
2018-06-26,43.41715621948242,43.911524254395744,42.972226424905315,43.07816499818118,98276800
2018-06-27,43.35359573364258,44.0880820733022,43.32299093878607,43.60548540849269,101141200
2018-06-28,43.669044494628906,43.836189048695495,43.26884372711666,43.33946823717454,69460800
2018-06-29,43.577232360839844,44.06689106541538,43.05932528995992,43.85501754179745,90950800
2018-07-02,44.06454086303711,44.09279282544298,43.17939053675064,43.27355775791656,70925200
2018-07-03,43.297096252441406,44.24580899048829,43.20763829163599,44.20814210255842,55819200
2018-07-05,43.645503997802734,43.883273073933445,43.381842978525576,43.61254637039309,66416800
2018-07-06,44.25051498413086,44.358802788798194,43.59842095439938,43.65021202345311,69940800
2018-07-09,44.86494827270508,44.88848738506367,44.56362033446113,44.610702151290674,79026400
2018-07-10,44.8108024597168,45.0297345151261,44.7707791453936,44.89555116325542,63756400
2018-07-11,44.229331970214844,44.67661458999871,44.16576954584989,44.375286670796754,75326000
2018-07-12,44.97087860107422,45.06033655826407,44.5659685524734,44.617759623255736,72164400
2018-07-13,45.04150390625,45.1615630676569,44.940274596265624,44.98265074224645,50055600
2018-07-16,44.942630767822266,45.352246488020654,44.82727727386679,45.08623263086396,60172400
2018-07-17,45.06975173950195,45.16862462279862,44.54007326976923,44.66955094745963,62138000
2018-07-18,44.822566986083984,45.152146850343286,44.71192275355339,45.14743759156633,65573600
2018-07-19,45.170982360839844,45.328708412023275,44.655428060581336,44.655428060581336,81147200
2018-07-20,45.0673942565918,45.30045046027843,44.76841921206279,45.147433688320305,82704800
2018-07-23,45.10741424560547,45.189810103073654,44.62481763495967,44.888478631479195,63957600
2018-07-24,45.43463134765625,45.590004524216056,45.21099009830505,45.30515370052308,74791600
2018-07-25,45.863101959228516,45.87016405255477,45.30046218207811,45.44877332615458,66839600
2018-07-26,45.7194938659668,46.131466017243845,45.578244834398404,45.813657492271,76304000
2018-07-27,44.9591064453125,45.95019527251233,44.751945758003224,45.903113461401674,96096000
2018-07-30,44.70722579956055,45.24631929094277,44.50947999773488,45.17569476397284,84118000
2018-07-31,44.79667282104492,45.2321876723777,44.57303151581136,44.799029246561446,157492000
2018-08-01,47.43564987182617,47.49685586882303,46.44927027493961,46.87772303025375,271742800
2018-08-02,48.822235107421875,49.05529495161467,47.16493143616586,47.219075346270785,249616000
2018-08-03,48.96348571777344,49.14004523178112,48.372597578609025,48.73748795931409,133789600
2018-08-06,49.217716217041016,49.26008876273099,48.74689099589185,48.96582299951276,101701600
2018-08-07,48.756309509277344,49.318945546288,48.67391365266562,49.27657299747852,102349600
2018-08-08,48.78927230834961,48.9211028192217,48.14659677179215,48.50677784332198,90102000
2018-08-09,49.17300033569336,49.384870304763766,48.77750517675299,49.32601713645395,93970400
2018-08-10,49.026527404785156,49.397423215315094,48.823362350385615,48.98636733184349,98444800
2018-08-13,49.34308624267578,49.83446227625625,49.06668789966988,49.44703165810567,103563600
2018-08-14,49.55097198486328,49.74232438693092,49.19897570143508,49.647830530631445,82992000
2018-08-15,49.66672897338867,49.78484809362196,49.21551306896723,49.425764958794105,115230400
2018-08-16,50.394351959228516,50.51010641019358,49.95730969640134,50.023456126869974,114001600
2018-08-17,51.40072250366211,51.48812950883822,50.35654979736229,50.42269622366473,141708000
2018-08-20,50.899898529052734,51.77870156484017,50.817213693824115,51.52356740894987,121150800
2018-08-21,50.8006706237793,51.30858501340553,50.56207129400101,51.216452242034755,104639200
2018-08-22,50.803043365478516,51.11251493875671,50.51719345762094,50.57861771807685,76072400
2018-08-23,50.906978607177734,51.27550967738136,50.69672672201236,50.708535750006284,75532800
2018-08-24,51.06525421142578,51.24006818622289,50.817203360887305,51.169199604391174,73905600
2018-08-27,51.48576736450195,51.6747586949245,51.10542361873389,51.29913711900238,82100400
2018-08-28,51.901554107666016,52.09999341575368,51.717288520911694,51.73854910291171,91107200
2018-08-29,52.67641067504883,52.796894504886076,51.83304188973848,52.00785590995711,109019200
2018-08-30,53.16069793701172,53.92374654449071,52.5393901295794,52.740194102199645,195175200
2018-08-31,53.77490997314453,54.06784307418902,53.38984050098003,53.51032070176032,173360400
2018-09-04,53.9473762512207,54.141089775298994,53.53868501730448,53.959188886707125,109560400
2018-09-05,53.595375061035156,54.25684293673854,53.177235919309275,54.09620264370011,133332000
2018-09-06,52.70476150512695,53.70877419122638,52.279531881836945,53.44418486745145,137160000
2018-09-07,52.2795295715332,53.24101745045913,52.14014985816449,52.409461340228574,150479200
2018-09-10,51.57790756225586,52.40946737291451,51.13850418781404,52.19685074383668,158066000
2018-09-11,52.881935119628906,52.98824161403199,51.15975621240195,51.50230096312733,142996000
2018-09-12,52.225196838378906,53.15361152271487,51.93462116666355,53.13943780306241,197114800
2018-09-13,53.4867057800293,53.9450085851955,52.57955171881712,52.80397734684011,166825600
2018-09-14,52.87957000732422,53.58828477062552,52.56773738592069,53.33078593842304,127997200
2018-09-17,51.47158432006836,52.66931021620188,51.32747886225964,52.48031892002024,148780400
2018-09-18,51.55664825439453,52.409468667615585,51.292058905319834,51.450338134874215,126286800
2018-09-19,51.58735275268555,51.88265060670735,50.86210309765727,51.61806488301106,108495200
2018-09-20,51.97951126098633,52.51104741962864,51.77162040987671,52.02912288853213,106435200
2018-09-21,51.41962432861328,52.29370523412945,51.332213714764634,52.15668660065999,384986800
2018-09-24,52.1590461730957,52.27007844864043,51.17629770710372,51.221183555265625,110773600
2018-09-25,52.489784240722656,52.638615511284215,51.901549623240875,51.91336225823483,98217600
2018-09-26,52.071651458740234,52.85832551800931,51.91573329822691,52.20867012058126,95938800
2018-09-27,53.14180374145508,53.49380009871501,52.80870688036114,52.8748569192973,120724800
2018-09-28,53.328426361083984,53.35204802436929,52.922096263594824,53.103997129259895,91717600
2018-10-01,53.687496185302734,54.19777160188622,53.472522146260154,53.85050113265933,94403200
2018-10-02,54.16471481323242,54.33480667031632,53.53868478695852,53.68515137317123,99152800
2018-10-03,54.82381057739258,55.15454267446678,54.2828229843168,54.34660831900594,114619200
2018-10-04,53.85995864868164,54.88995753864966,53.562296153667,54.51906176461063,128168000
2018-10-05,52.98587417602539,53.959178192789615,52.10943230916903,53.852871703900746,134322000
2018-10-08,52.863037109375,53.1063622318355,52.01966478038702,52.49450599592842,118655600
2018-10-09,53.595375061035156,53.689872531684166,52.50395540918603,52.83232645968275,107564000
2018-10-10,51.112510681152344,53.47253222410703,51.03927739644141,53.26228031441347,167962400
2018-10-11,50.66129684448242,51.854300842204054,50.15811177498409,50.67783525382728,212497600
2018-10-12,52.47087860107422,52.652783065490866,51.225901996474846,52.071635376118714,161351600
2018-10-15,51.3487434387207,52.40472864854832,51.32748286247947,52.24644946201455,123164000
2018-10-16,52.4803352355957,52.678778140870236,51.20701098324297,51.7196476453891,116736000
2018-10-17,52.2535400390625,52.59608478681421,51.81649782677638,52.515764645492226,91541600
2018-10-18,51.032188415527344,51.91099500494613,50.318747882244416,51.466865935858664,130325200
2018-10-19,51.80940628051758,52.270070113730455,51.36527724915882,51.51410848939273,132314800
2018-10-22,52.1259765625,52.76618390607024,51.72201111053948,51.92281149157799,115168400
2018-10-23,52.61735153198242,52.74019644792127,50.720358416207795,50.987308828331614,155071200
2018-10-24,50.81249237060547,52.97171017320504,50.68256059159632,52.586644215954536,163702000
2018-10-25,51.9251708984375,52.298427786327714,51.20464347576049,51.431433794182205,119423200
2018-10-26,51.09833908081055,52.01730581697299,50.240792997824286,51.003841608951056,189033600
2018-10-29,50.13922119140625,51.89919591433966,48.68635339370277,51.78107675703257,183742000
2018-10-30,50.38963317871094,50.833758758546665,49.43759306012666,49.881718639962386,146640000
2018-10-31,51.7031135559082,52.07873158104837,51.17393847569283,51.235362739607034,153435600
2018-11-01,52.496864318847656,52.52993752973202,51.21881451840618,51.74798949726561,233292800
2018-11-02,49.01472473144531,50.47231470672906,48.53043546332482,49.50373977519871,365314800
2018-11-05,47.6232795715332,48.28474755386058,46.815344991977874,48.26348697130372,264654800
2018-11-06,48.13826370239258,48.362689293265134,47.64688776606542,47.701221548028215,127531600
2018-11-07,49.59822463989258,49.62421099408189,48.223319767020705,48.65799732372377,133697600
2018-11-08,49.425174713134766,49.81158422834098,49.01268455420354,49.778395614446815,101450400
2018-11-09,48.47218704223633,48.83726183151383,47.94590781417605,48.728215068099814,137463200
2018-11-12,46.03042984008789,47.37694685707779,45.9403449234574,47.17544226481076,204542000
2018-11-13,45.57052993774414,46.743988758610655,45.38562145044577,45.42829458759235,187531600
2018-11-14,44.28329086303711,46.10392974917986,44.077043957770435,45.96643301809805,243204000
2018-11-15,45.37614440917969,45.50889886088742,44.3069899736933,44.6602144819987,185915200
2018-11-16,45.87871170043945,46.22008232656418,44.913869072574464,45.160412515171664,147713200
2018-11-19,44.060455322265625,45.207837447011414,43.85421201619897,45.041894349182606,167701200
2018-11-20,41.955326080322266,43.01973815578726,41.60684386740584,42.28484285652294,271300800
2018-11-21,41.907920837402344,42.73527050896908,41.85339745914007,42.60725469548126,124496800
2018-11-23,40.843509674072266,41.86525241632078,40.798470823102626,41.47172767156233,94496000
2018-11-26,41.3958625793457,41.47409365729359,40.36226968529681,41.30578126736825,179994000
2018-11-27,41.305782318115234,41.43142518724016,40.50925196099607,40.65859891607065,165549600
2018-11-28,42.89408874511719,42.97705844861623,41.46934082443989,41.896054042091045,184250000
2018-11-29,42.5645751953125,43.335028367317676,42.126008096640945,43.30183975998431,167080000
2018-11-30,42.334617614746094,42.749476949868594,41.9671700516089,42.73999242509973,158126000
2018-12-03,43.813899993896484,43.84234634091446,42.95810408732895,43.7285573355553,163210000
2018-12-04,41.88658142089844,43.237837196394814,41.787015586628954,42.896466554735234,165377200
2018-12-06,41.41957473754883,41.43379791374435,40.40020490851023,40.71786790117009,172393600
2018-12-07,39.94267654418945,41.36505206470577,39.89763407394036,41.12798947795305,169126400
2018-12-10,40.20580291748047,40.32196123166559,38.71941997527431,39.11531393068012,248104000
2018-12-11,39.97585678100586,40.724971648959276,39.589443688075356,40.69415597889754,189126800
2018-12-12,40.08727264404297,40.755787053863365,40.06830720881082,40.395451019026375,142510800
2018-12-13,40.52583694458008,40.909880685541545,40.19395086452644,40.41679021139973,127594400
2018-12-14,39.22911834716797,40.08254516087098,39.18170655024852,40.063579718645556,162814800
2018-12-17,38.86402893066406,39.90947548035415,38.57718169854426,39.22199202280071,177151600
2018-12-18,39.36897659301758,39.71508586552915,38.97070965657398,39.20540286647577,135366000
2018-12-19,38.140995025634766,39.69612483606224,37.71428169538635,39.352384848493756,196189200
2018-12-20,37.17851638793945,38.43020623587975,36.815811012529885,38.02482772479942,259092000
2018-12-21,35.732444763183594,37.49382176601955,35.47167807298712,37.18563966188898,382978400
2018-12-24,34.80788803100586,35.92682334359603,34.7509917276026,35.1208086565069,148676800
2018-12-26,37.259124755859375,37.273347931699135,34.7818215521374,35.15638085749842,234330000
2018-12-27,37.01731872558594,37.16429997821352,35.575981488377714,36.94382990791601,212468400
2018-12-28,37.036285400390625,37.57916072752673,36.63802200723716,37.33735588609049,169165600
2018-12-31,37.39424514770508,37.77828529250411,37.095544041939455,37.58152295661812,140014000
2019-01-02,37.436912536621094,37.657382560104914,36.56215126344113,36.71861339400552,148158800
2019-01-03,33.707923889160156,34.54475438454186,33.66288142679495,34.132264253567534,365248800
2019-01-04,35.14689254760742,35.21564271315385,34.0895955946681,34.262650244247524,234428400
2019-01-07,35.068668365478516,35.282026873927535,34.58743158120101,35.25120757867321,219111200
2019-01-08,35.737186431884766,35.99084514650558,35.208537854389775,35.45508136320859,164101200
2019-01-09,36.344058990478516,36.63327559109025,35.471670542086514,35.865191626259296,180396400
2019-01-10,36.46022033691406,36.50052053570231,35.76325587216913,36.15203830332984,143122800
2019-01-11,36.10226058959961,36.43651971289026,35.91735205698948,36.242130268194934,108092800
2019-01-14,35.559383392333984,35.860453851229586,35.37447488807685,35.760888011805555,129756800
2019-01-15,36.287174224853516,36.3630323765045,35.57124415396462,35.62339821578827,114843600
2019-01-16,36.730472564697266,36.95331194342955,36.270570632809374,36.28953607113632,122278800
2019-01-17,36.94858169555664,37.37529515346553,36.332217409989504,36.5550568611913,119284800
2019-01-18,37.176143646240234,37.427429321935136,36.97700839356735,37.33734441280423,135004000
2019-01-22,36.34169006347656,37.15481288318813,36.180485646601795,37.07895474729043,121576000
2019-01-23,36.48866653442383,36.7778831290405,35.96238739453365,36.54318990699627,92522400
2019-01-24,36.19944763183594,36.62141864613615,35.97186962856401,36.53370666750917,101766000
2019-01-25,37.398983001708984,37.48669859655838,36.58349094638172,36.85848072889009,134142000
2019-01-28,37.052879333496094,37.0599909210056,36.42703431164568,36.93197511125913,104768400
2019-01-29,36.6688346862793,37.48670340411951,36.53371090938889,37.04102463814137,166348800
2019-01-30,39.17458724975586,39.38794210253695,37.98453220972156,38.70046213932008,244439200
2019-01-31,39.45669174194336,40.06357129642498,39.011012986557645,39.37846066569241,162958400
2019-02-01,39.47565841674805,40.058830287377425,39.33578875751876,39.5799665216834,130672400
2019-02-04,40.596961975097656,40.6941584894352,39.65582335554743,39.68664264479774,125982000
2019-02-05,41.29155731201172,41.50491579851415,40.857735985761174,40.978636596011086,144406400
2019-02-06,41.305782318115234,41.6210759612757,40.97626549992744,41.402975219897854,112958400
2019-02-07,40.52346420288086,41.23465170067158,40.38122525640805,40.86957342612514,126966800
2019-02-08,40.57109069824219,40.630610517833716,40.09731162648508,40.23301855889848,95280000
2019-02-11,40.337764739990234,40.7615491383027,40.29491221963111,40.723455587227264,83973600
2019-02-12,40.68537521362305,40.71156408436952,40.40206023903903,40.49729414757265,89134000
2019-02-13,40.51632308959961,41.06390606505326,40.4544237953591,40.804400566797696,89960800
2019-02-14,40.663944244384766,40.773458685532184,40.325872081987775,40.40443868514226,87342800
2019-02-15,40.5734748840332,40.87821610502483,40.41396218498305,40.77108114390779,98507200
2019-02-19,40.694889068603516,40.81631182485076,40.35205796132108,40.40443569287842,75891200
2019-02-20,40.95677185058594,41.26389610818391,40.70917103649229,40.756786158494805,104457600
2019-02-21,40.725833892822266,41.037717113521,40.54489497965377,40.902013836844844,68998800
2019-02-22,41.18056869506836,41.18771078203653,40.80202355455081,40.84963867860566,75652800
2019-02-25,41.48054885864258,41.870998703552395,41.413886955814164,41.4638851993361,87493600
2019-02-26,41.504356384277344,41.73529354904754,41.22818358043654,41.356748410721536,68280800
2019-02-27,41.63292694091797,41.663878413092874,41.12343737306422,41.23771805518607,111341600
2019-02-28,41.223419189453125,41.64244097925039,41.16866198112314,41.5019750987165,112861600
2019-03-01,41.65672302246094,41.69957553997126,41.16151778980415,41.4924477730699,103544800
2019-03-04,41.86624526977539,42.3185944748955,41.418655034914266,41.82815171089323,109744800
2019-03-05,41.790042877197266,41.901940395012524,41.55434315466717,41.88765622385319,78949600
2019-03-06,41.549591064453125,41.780528223893675,41.41150466571953,41.58530149826311,83241600
2019-03-07,41.06867218017578,41.53054652391406,40.95439515303267,41.39483960253065,99185600
2019-03-08,41.166290283203125,41.204383840899425,40.35443904470858,40.54966580330091,95997600
2019-03-11,42.592376708984375,42.64475443502301,41.747198271035906,41.78052922098767,128044000
2019-03-12,43.07091522216797,43.48993336743866,42.70427116635539,42.85426224671515,129870400
2019-03-13,43.261375427246094,43.63992050434659,43.073290814457465,43.389936603936654,124130000
2019-03-14,43.74230194091797,43.83039373846659,43.46374963935355,43.78277497966139,94318000
2019-03-15,44.31131362915039,44.599391151169385,43.74468742331031,44.00895556463961,156171600
2019-03-18,44.763668060302734,44.851756233015,44.23274864058947,44.23513175842596,104879200
2019-03-19,44.40892791748047,44.99460454615995,44.26369941100965,44.8422339518956,126585600
2019-03-20,44.796993255615234,45.11363909902574,43.98037952623001,44.337498406840204,124140800
2019-03-21,46.446876525878906,46.74209608153798,45.189818470815716,45.23981670799699,204136800
2019-03-22,45.485042572021484,47.06588868608585,45.42076015573601,46.50640098152946,169630800
2019-03-25,44.935081481933594,45.70645597035694,44.42559200356954,45.59455842593482,175381200
2019-03-26,44.47081756591797,45.92072283078621,43.944664504439636,45.63026588091643,199202000
2019-03-27,44.870792388916016,45.17791299458407,44.41368070712132,44.937454282127696,119393600
2019-03-28,44.93032455444336,45.13031028908646,44.64700961396477,44.98508177475717,83121600
2019-03-29,45.22316360473633,45.25411507712012,44.88747091024145,45.19459525041401,94256000
2019-04-01,45.5302848815918,45.635036717993124,44.84937796457391,45.62551514479362,111448000
2019-04-02,46.192142486572266,46.29689795003126,45.485046741025556,45.49456831370297,91062800
2019-04-03,46.5087890625,46.782578782918094,45.98501173731516,46.00882111856958,93087200
2019-04-04,46.5897331237793,46.75162528431652,45.98263025616197,46.37545960019598,76457200
2019-04-05,46.901611328125,46.92542070577744,46.646864791887666,46.77066701663857,74106400
2019-04-08,47.63965606689453,47.670603896938765,46.744475824121956,46.76352259873422,103526800
2019-04-09,47.49681091308594,48.294377862741904,47.432528497673395,47.692037644042145,143072800
2019-04-10,47.76346206665039,47.792034049404215,47.182548065607946,47.30158770081168,86781200
2019-04-11,47.36587142944336,47.853934673821236,47.24445230598995,47.81822423539419,83603200
2019-04-12,47.346824645996094,47.64918634491624,46.71353653021887,47.42539124332817,111042800
2019-04-15,47.432533264160156,47.58014488597061,47.14207625605754,47.27778318747662,70146400
2019-04-16,47.437286376953125,47.94201317992309,47.2730111276995,47.48728461347408,102785600
2019-04-17,48.36103439331055,48.42055419987631,47.28491527341734,47.50632721009765,115627200
2019-04-18,48.53484344482422,48.60388483941053,48.215818073091455,48.35866346517399,96783200
2019-04-22,48.69436264038086,48.791976032674384,48.1729683524934,48.28962852617118,77758000
2019-04-23,49.39668655395508,49.46096897486131,48.5443623205219,48.67054404461103,93292000
2019-04-24,49.32050704956055,49.63476982624294,49.29431818210354,49.36812218144555,70162400
2019-04-25,48.87290573120117,49.46334122480281,48.83481218121374,49.24192927700253,74172800
2019-04-26,48.639591217041016,48.806245964505955,48.12057656602047,48.7824365865248,74596400
2019-04-29,48.71339416503906,49.0371820815589,48.5348347323877,48.66339592546426,88818800
2019-04-30,47.77536392211914,48.42531927458395,47.403960863567825,48.34437319932044,186139600
2019-05-01,50.120452880859375,51.260851075448706,49.81332856402731,49.96808228138352,259309200
2019-05-02,49.79426956176758,50.627546867778136,49.551431362489616,49.958544811914926,127985200
2019-05-03,50.41328048706055,50.4347067473906,50.05139901490421,50.208532189593264,83569600
2019-05-06,49.634769439697266,49.72047812954347,48.44913559082613,48.63721663178776,129772400
2019-05-07,48.29676055908203,49.38240144232554,47.8134599345925,49.01576096722364,155054800
2019-05-08,48.306278228759766,48.88719217828683,48.03248854519136,48.06819897946514,105358000
2019-05-09,47.787261962890625,48.015815982753914,46.820660898117396,47.71107486773577,139634400
2019-05-10,47.12525177001953,47.52437848755979,46.07128168416476,47.182612149934656,164834800
2019-05-13,44.3863639831543,45.28498816826159,43.700446219509786,44.86196762071345,229722400
2019-05-14,45.0890007019043,45.33755501706482,44.31226345269041,44.551259529371606,146118800
2019-05-15,45.62913513183594,45.827502333135364,44.458055696511366,44.51780472171754,106178800
2019-05-16,45.42837905883789,45.99957959112661,45.132022582428725,45.38775015951254,132125600
2019-05-17,45.170265197753906,45.624356352136516,44.63491259367641,44.67554149512822,131516400
2019-05-20,43.757781982421875,44.058919312274625,43.08620372582962,43.860552171006695,154449200
2019-05-21,44.596683502197266,44.93127665688284,44.142588624504704,44.26686764487015,113459200
2019-05-22,43.6837043762207,44.38396480563618,43.62873629745547,44.133018185582294,118994400
2019-05-23,42.93804168701172,43.14835578247127,42.4958974279958,42.97150099629786,146118800
2019-05-24,42.77313232421875,43.53074952387793,42.68948223047205,43.067096506223606,94858800
2019-05-28,42.596275329589844,43.16030629063083,42.519798471322034,42.76118322768103,111792800
2019-05-29,42.39311981201172,42.86394231443668,42.06330410151559,42.16368200323392,113924800
2019-05-30,42.613006591796875,42.83527122076542,42.22344177055687,42.52935649566115,84873600
2019-05-31,41.84105682373047,42.538925128983735,41.821936694530024,42.118289580157494,108174400
2019-06-03,41.41802978515625,42.522190731499684,40.693871807776276,41.96772160988868,161584400
2019-06-04,42.933258056640625,42.978667897856404,41.70959922585788,41.92947519408972,123872000
2019-06-05,43.626338958740234,44.211882220098055,43.29174593521329,44.04219341380124,119093600
2019-06-06,44.266868591308594,44.326617630693605,43.53314863720055,43.7554169600446,90105200
2019-06-07,45.445091247558594,45.868115219436,44.398291171217465,44.57514589013889,122737600
2019-06-10,46.025882720947266,46.692680428699035,45.79644479383303,45.841854649486315,104883600
2019-06-11,46.5588264465332,46.84323236940541,46.26964322768004,46.57077698006724,107731600
2019-06-12,46.4106559753418,46.83606876664861,46.219458354725056,46.353295595119384,73012800
2019-06-13,46.40108871459961,47.032038236807054,46.26964378451583,46.532537291474256,86698400
2019-06-14,46.06410598754883,46.26725046842475,45.48095496613412,45.779700067531756,75046000
2019-06-17,46.33894729614258,46.59467483835488,45.927873769058344,46.102339876909845,58676400
2019-06-18,47.42876434326172,47.86851619029772,46.65441949234837,46.85517529467477,106204000
2019-06-19,47.290157318115234,47.77054181487059,47.156320085097796,47.72273967725771,84496800
2019-06-20,47.670162200927734,47.945006248507305,47.32839589241973,47.88764587347905,86056000
2019-06-21,47.50764465332031,48.002368332728025,47.35707594275429,47.512425596440636,191202400
2019-06-24,47.4598388671875,47.837453086244224,47.361849605634255,47.45027698241665,72881600
2019-06-25,46.7404670715332,47.622359580324556,46.67354481128587,47.4239923880106,84281200
2019-06-26,47.75142288208008,48.03582883274254,47.16588314960564,47.266261076876305,104270000
2019-06-27,47.737083435058594,48.17444674582689,47.69645453473033,47.86852837567722,83598800
2019-06-28,47.30210494995117,47.67971920381685,47.09417952190008,47.483740662644806,124442400
2019-07-01,48.16965103149414,48.87229994982689,47.954552414385525,48.556823436783596,109012000
2019-07-02,48.451683044433594,48.547283681806604,48.124259522560685,48.13621005808124,67740800
2019-07-03,48.85319137573242,48.86036096665152,48.44211781134659,48.583124628476725,45448000
2019-07-05,48.8101692199707,49.013317350110974,48.492303990598344,48.599855145843684,69062000
2019-07-08,47.80400848388672,48.13382067409461,47.4192245563178,47.992813828081516,101354400
2019-07-09,48.0955696105957,48.16009592269418,47.51480727417549,47.60801559399719,82312000
2019-07-10,48.5711784362793,48.69067649133362,48.1720553700128,48.2413662841474,71588400
2019-07-11,48.21746826171875,48.84841788640936,48.207910021298474,48.590301633564366,80767200
2019-07-12,48.58790969848633,48.75520624546054,48.32501251981883,48.38476154708042,70380800
2019-07-15,49.04439163208008,49.202126287633234,48.75520474444894,48.77671351837103,67789600
2019-07-16,48.874691009521484,49.2594747863238,48.63569496546515,48.8961997782569,67467200
2019-07-17,48.59984588623047,49.01569665926228,48.58072576553622,48.76714238381741,56430000
2019-07-18,49.151939392089844,49.20451882646519,48.683505425870685,48.7552049860908,74162400
2019-07-19,48.418209075927734,49.352684510163414,48.36324100532279,49.18299570943903,83717200
2019-07-22,49.52477264404297,49.52716129222279,48.661996568281346,48.67155480779176,89111600
2019-07-23,49.911949157714844,49.928680636686046,49.5415044398914,49.821133111328635,73420800
2019-07-24,49.8713264465332,49.98604357803794,49.512832219638,49.63233029526973,59966400
2019-07-25,49.47698211669922,50.00755384131004,49.40767119362579,49.9239037332674,55638400
2019-07-26,49.6490478515625,50.124647725241516,49.50564874230592,49.58690653571559,70475600
2019-07-29,50.112701416015625,50.34213928080888,49.8163485805303,49.821129523719435,86693600
2019-07-30,49.89759826660156,50.22741400398605,49.5462737585504,49.89281732418989,135742800
2019-07-31,50.91572952270508,52.906567550868054,50.49987862645295,51.72353753914433,277125600
2019-08-01,49.8139533996582,52.10831732750633,49.41005306995918,51.1212623066255,216071600
2019-08-02,48.75998306274414,49.33596086524618,48.18878255632911,49.12086584402196,163448400
2019-08-05,46.20750045776367,47.4765690378139,46.02586475285165,47.318834399217735,209572000
2019-08-06,47.08223342895508,47.33796101580563,46.37480334238874,46.917325530412754,143299200
2019-08-07,47.56977844238281,47.6940574258256,46.3222222523882,46.70222514662527,133457600
2019-08-08,48.61896514892578,48.64286621286209,47.6534227026188,47.84700892141569,108038000
2019-08-09,48.21833419799805,48.64296188820883,47.81049423332828,48.292703895357675,98478800
2019-08-12,48.095985412597656,48.47263670436005,47.776912437595854,47.889667686680966,89927600
2019-08-13,50.132774353027344,50.893270127420344,48.09598664589979,48.22553694677137,188874000
2019-08-14,48.640567779541016,49.525814703624334,48.60218223590696,48.7389293623607,146189600
2019-08-15,48.39826583862305,49.213938506270125,47.90166247767573,48.81090128055658,108909600
2019-08-16,49.54020309448242,49.69854069963497,48.902057226913584,49.00761563034861,110481600
2019-08-19,50.463844299316406,51.034813742319905,50.387073206778055,50.52861579041757,97654400
2019-08-20,50.46623992919922,51.18355469517102,50.45664537335362,50.590991119074104,107537200
2019-08-21,51.01321792602539,51.25551979787076,50.76371922258588,51.0971858421528,86141600
2019-08-22,50.97004318237305,51.445052429028564,50.55980542800198,51.14517220703567,89014800
2019-08-23,48.61418533325195,50.87168465912164,48.22074260469428,50.2431331866759,187272000
2019-08-26,49.53781509399414,49.70574728667128,49.19475021549554,49.38667429026109,104174400
2019-08-27,48.97882843017578,50.03200742242358,48.8276876557246,49.86647298576687,103493200
2019-08-28,49.307498931884766,49.35308130541824,48.77731281814011,48.964437759537844,63755200
2019-08-29,50.142372131347656,50.21674550325925,49.578599495883154,50.02002231545943,83962000
2019-08-30,50.077598571777344,50.48783265913524,49.708144094052756,50.418262059397264,84573600
2019-09-03,49.3482780456543,49.65535503445335,48.99322096372661,49.523407032864746,80092000
2019-09-04,50.18556213378906,50.25513274380747,49.73694243376405,49.99363803420186,76752400
2019-09-05,51.1667594909668,51.33229394881414,50.74212809831234,50.859682455783634,95654800
2019-09-06,51.161964416503906,51.440254145532066,50.98203628042235,51.351490769805636,77449200
2019-09-09,51.38026809692383,51.92485150775339,50.636567475633186,51.5410034279187,109237600
2019-09-10,51.987239837646484,52.00643261308286,50.7901202125644,51.30591278256941,127111600
2019-09-11,53.64016342163086,53.668954406402584,52.234325076720765,52.31589526281973,177158400
2019-09-12,53.52022171020508,54.31910305503912,53.465044774742466,53.930459461580966,128906800
2019-09-13,52.479034423828125,52.96843729417026,52.064001256565966,52.778914620535716,159053200
2019-09-16,52.75493240356445,52.810113005531775,52.193557451057096,52.23434072600189,84632400
2019-09-17,52.94684600830078,52.9756369959949,52.56779700604228,52.76931927731361,73274800
2019-09-18,53.44345474243164,53.4626475159437,52.6445733906473,53.033216987486675,101360000
2019-09-19,53.00922393798828,53.68095264649306,52.86767770380978,53.26112037335412,88242400
2019-09-20,52.23433303833008,53.39307059939063,52.17195927300286,53.10998544062051,221652400
2019-09-23,52.47183609008789,52.74052756724027,52.21513689194302,52.52701301972165,76662000
2019-09-24,52.22233581542969,53.376277900497726,52.10478511979031,53.026016216053826,124763200
2019-09-25,53.02602005004883,53.1387753063045,52.092792946174384,52.43105871494141,87613600
2019-09-26,52.75252914428711,53.00442926136015,52.49823130328569,52.77891875008804,75334000
2019-09-27,52.495826721191406,53.009221444627215,52.12637228824465,52.90845848244411,101408000
2019-09-30,53.73133087158203,53.8776725443419,52.968433797976715,52.99482339997101,103909600
2019-10-01,53.88007736206055,54.75093068188669,53.78651488097034,53.995234000823245,139223200
2019-10-02,52.52941131591797,53.63776725465984,52.28230668763537,53.51301607875295,138449200
2019-10-03,52.97563552856445,53.00922196273818,51.61058034563439,52.402261102678956,114426000
2019-10-04,54.46063995361328,54.57579658165948,53.71214017454711,54.131972438434296,138478800
2019-10-07,54.47264099121094,55.161164797015786,54.17995760700077,54.283118305032474,122306000
2019-10-08,53.83449172973633,54.71254182883536,53.817700342169445,54.17515885634394,111820000
2019-10-09,54.46543502807617,54.647760851343286,54.13196842959568,54.46543502807617,74770400
2019-10-10,55.199546813964844,55.28351473349061,54.53021582409262,54.68135295433329,113013600
2019-10-11,56.667762756347656,57.01082394508319,55.73213434401569,55.88567285866777,166795600
2019-10-14,56.586185455322266,57.128371126988384,56.29830123407863,56.35347815849409,96427600
2019-10-15,56.454246520996094,57.01321997096741,56.34868810894503,56.71094205880496,87360000
2019-10-16,56.22634506225586,56.43506420133738,55.9456575931264,55.986440867036066,73903200
2019-10-17,56.444644927978516,56.65336035527154,56.02241496568268,56.39906255635208,67585200
2019-10-18,56.715736389160156,56.9964237826621,56.20713714308924,56.27910911439278,97433600
2019-10-21,57.69934844970703,57.8145050826637,56.93405725098848,56.9820373510636,87247200
2019-10-22,57.56739807128906,58.10478099298496,57.48582788297742,57.85528230228995,82293600
2019-10-23,58.33989334106445,58.35429066597053,57.869683225583834,58.08080006310815,75828800
2019-10-24,58.43585205078125,58.72853540039477,58.011220689350694,58.65896114841544,69275200
2019-10-25,59.15555953979492,59.19154369426081,58.26791501005417,58.33508787215478,73477200
2019-10-28,59.74812698364258,59.79610707966142,59.18914989643876,59.35708206282803,96572800
2019-10-29,58.36627960205078,59.91606203658459,58.19355198019087,59.728937090643406,142839600
2019-10-30,58.35907745361328,58.84848392967806,57.86727691472334,58.71893364927705,124522000
2019-10-31,59.678558349609375,59.7769199351258,56.919660471431264,59.31390665702909,139162000
2019-11-01,61.372283935546875,61.3986698789117,59.77452135224457,59.865682443755965,151125200
2019-11-04,61.77531433105469,61.859282241976885,61.26671873981368,61.73452740702055,103272000
2019-11-05,61.68655014038086,61.94084793256841,61.492228380714764,61.667353710049895,79897600
2019-11-06,61.71294403076172,61.772920071009715,61.26432442111376,61.600188782243734,75864400
2019-11-07,62.42518615722656,62.646563835655755,62.10756018771795,62.259154734223145,94940400
2019-11-08,62.59605026245117,62.66823466281023,61.80439373656014,62.24714185973904,69986400
2019-11-11,63.09172058105469,63.156686525438744,62.14846970255619,62.153279546974815,81821200
2019-11-12,63.033973693847656,63.233696083194374,62.7837295735389,62.93531679624955,87388800
2019-11-13,63.63793182373047,63.7125247961215,62.81981037786936,62.834247253604815,102734400
2019-11-14,63.197608947753906,63.73660536483951,63.06766968889383,63.464698561953334,89182800
2019-11-15,63.948326110839844,63.95313595399891,63.28660918450507,63.44782337796159,100206400
2019-11-18,64.27079772949219,64.3502005739508,63.580206672036724,63.95798151095038,86703200
2019-11-19,64.07585144042969,64.48731696645038,63.859291023748874,64.46325306609221,76167200
2019-11-20,63.32994842529297,64.02534925457783,62.658604165947985,63.895417341111305,106234400
2019-11-21,63.04600524902344,63.527254078451136,62.84628287257729,63.45025250335686,121395200
2019-11-22,62.99066162109375,63.32753434710897,62.76447407435324,63.18556681769094,65325200
2019-11-25,64.09512329101562,64.1119687621998,63.16871783845167,63.214437064080556,84020400
2019-11-26,63.594627380371094,64.28521826220536,63.16390763031804,64.23228059826994,105207600
2019-11-27,64.44883728027344,64.48252822045184,63.84005785272113,63.90502379599888,65235600
2019-11-29,64.30689239501953,64.48736075534232,63.98204787778324,64.15048795139506,46617600
2019-12-02,63.56334686279297,64.5474998469269,63.392505582875074,64.31168527473677,94487200
2019-12-03,62.43000793457031,62.4492546568916,61.669633895576865,62.15569257438953,114430400
2019-12-04,62.98103332519531,63.358815426886686,62.72597202752109,62.819819076069386,67181600
2019-12-05,63.90502166748047,63.97962198349449,63.219248037013145,63.474309300565764,74424400
2019-12-06,65.13943481445312,65.2092179525118,64.31890465939279,64.36222263596946,106075600
2019-12-09,64.22746276855469,65.16107919501087,63.74380541469702,64.96858262823653,128042400
2019-12-10,64.60287475585938,64.98546686728571,63.972432335516494,64.63174852377416,90420400
2019-12-11,65.15387725830078,65.23328743607989,64.60766242070665,64.68225540996873,78756800
2019-12-12,65.31990051269531,65.58458883328302,64.323719270287,64.4344044431603,137310400
2019-12-13,66.20781707763672,66.24390927709698,65.19238158759332,65.31991225453659,133587600
2019-12-16,67.34114074707031,67.56492701892114,66.64814864663275,66.65295849103184,128186000
2019-12-17,67.47349548339844,67.80074117462817,67.08608634301142,67.27137184882572,114158400
2019-12-18,67.31226348876953,67.8320130444866,67.16307754415392,67.32670036448889,116028400
2019-12-19,67.379638671875,67.65876384392536,67.12217615688571,67.25451663334493,98369200
2019-12-20,67.2401123046875,68.01251491007969,67.02836156523712,67.91145673015473,275978000
2019-12-23,68.33734130859375,68.39749741890061,67.46387341201411,67.50237420380351,98572000
2019-12-24,68.40228271484375,68.55147598321106,68.07744571038954,68.50334817492838,48478800
2019-12-26,69.75941467285156,69.77626014178544,68.50576371301644,68.53463746360407,93121200
2019-12-27,69.73297119140625,70.73637850152565,69.3287238284087,70.05059726659418,146266000
2019-12-30,70.14681243896484,70.42834617784854,68.6308818725006,69.65112683312934,144114400
2019-12-31,70.65935516357422,70.66657360200388,69.66557519453796,69.76423208192604,100805600
2020-01-02,72.27156066894531,72.33171678614215,71.0299375288093,71.28259028372564,135480400
2020-01-03,71.56890869140625,72.32687403151142,71.34512977691992,71.50153415769186,146322800
2020-01-06,72.13919830322266,72.17769909168206,70.442799076604,70.69305052995288,118387200
2020-01-07,71.79993438720703,72.40389677360038,71.58096525277217,72.14883543970386,108872000
2020-01-08,72.95491790771484,73.25569843032547,71.50395296037216,71.50395296037216,132079200
2020-01-09,74.50453186035156,74.6970284371342,73.6791919560673,73.92943603722999,170108400
2020-01-10,74.6729736328125,75.23604124225797,74.17247806619659,74.73794692643483,140644800
2020-01-13,76.26830291748047,76.29477541829935,74.87027582985212,74.98818677177965,121532000
2020-01-14,75.23843383789062,76.41509065064128,75.11572039023919,76.20574860255036,161954400
2020-01-15,74.91600799560547,75.91700649010697,74.48528821645434,75.0387288028542,121923600
2020-01-16,75.85442352294922,75.9651160195382,75.09645823135983,75.45739478385697,108829200
2020-01-17,76.69422149658203,76.69662274727602,75.7966897960532,76.10228015577917,137816400
2020-01-21,76.17447662353516,76.76400206376488,76.03731893774885,76.32366259336249,110843200
2020-01-22,76.44637298583984,76.9973975614814,76.3525259473167,76.65811628441689,101832400
2020-01-23,76.81453704833984,76.89393987673444,75.95309750344295,76.49931964228543,104472000
2020-01-24,76.59315490722656,77.80108679471296,76.40305956833261,77.05996684733118,146537600
2020-01-27,74.3409194946289,75.01947479638015,73.36157631651781,74.60800908323662,161940000
2020-01-28,76.44395446777344,76.61479570938447,75.12052047129349,75.21917734131473,162234000
2020-01-29,78.04411315917969,78.88870711130171,77.33186702648361,78.0705856603743,216229200
2020-01-30,77.93101501464844,77.98395267078313,76.6990193918119,77.12973907839535,126743200
2020-01-31,74.47566223144531,77.64468154540367,74.18210016247106,77.22358883501371,199588400
2020-02-03,74.27112579345703,75.43333837699004,72.72150411989722,73.22199962473935,173788400
2020-02-04,76.72308349609375,76.91317880860565,75.467023963902,75.87127115182567,136616400
2020-02-05,77.34871673583984,78.14518291668757,76.74715573258482,77.84680366564679,118826800
2020-02-06,78.25344848632812,78.25585707985009,77.06236227335305,77.61820397472934,105425600
2020-02-07,77.18980407714844,78.00263182401238,76.70017745261804,77.75420072606255,117684000
2020-02-10,77.55638885498047,77.55638885498047,75.69918842968313,75.77877968419138,109348800
2020-02-11,77.08848571777344,78.12321641331339,76.87141125259707,78.05086071182195,94323200
2020-02-12,78.91917419433594,78.92399545470602,77.53712126556233,77.53712126556233,113730400
2020-02-13,78.35717010498047,78.68278545723169,77.99055564537478,78.19315895415963,94747600
2020-02-14,78.37648010253906,78.62491117131455,77.86996808406116,78.32582374819955,80113600
2020-02-18,76.9413833618164,77.12228003116238,75.88253132410664,76.06342799345259,152531200
2020-02-19,78.0556869506836,78.28482562119284,77.18256041371585,77.18256041371585,93984000
2020-02-20,77.2549057006836,78.30410746194534,76.75080805425196,77.81689526489554,100566000
2020-02-21,75.50626373291016,77.29111668555649,74.8912180267307,76.84972470852547,129554000
2020-02-24,71.91967010498047,73.36684305832843,69.76097486599113,71.69777437412706,222195200
2020-02-25,69.48360443115234,72.96888275320897,69.0132775682206,72.58779705787798,230673600
2020-02-26,70.58587646484375,71.84733184529837,69.10252529966198,69.10976087175733,198054800
2020-02-27,65.97177124023438,68.98189285085091,65.83670238854329,67.80003671820369,320605600
2020-02-28,65.93318176269531,67.15122314774298,61.835273603866604,62.049941078008516,426510000
2020-03-02,72.07162475585938,72.70597008087806,66.98481268602946,68.08466354649526,341397200
2020-03-03,69.78266906738281,73.32341649193845,68.93365637610123,73.24382523248129,319475600
2020-03-04,73.01951599121094,73.17870588852956,70.70163100181635,71.4999874378904,219178400
2020-03-05,70.65098571777344,72.25010562325896,70.28677817477744,71.27808809920204,187572800
2020-03-06,69.71270751953125,70.1444493549,67.83138630732601,68.0171041190759,226176800
2020-03-09,64.19902801513672,67.07407508349041,63.43443482060418,63.615331497849255,286744800
2020-03-10,68.82271575927734,69.08803225317006,64.97082373995369,66.84491728627172,285290000
2020-03-11,66.43244934082031,67.82897281165458,65.57137996922252,66.90519763936402,255598800
2020-03-12,59.871952056884766,65.12277860691059,59.81647812782899,61.73157079868094,418474000
2020-03-13,67.04510498046875,67.51543909047871,61.01039330045894,63.89027147674693,370732000
2020-03-16,58.41995620727539,62.488918914128035,57.88691260105301,58.35724302986641,322423600
2020-03-17,60.988685607910156,62.1343603897057,57.50099755431687,59.69828839419459,324056000
2020-03-18,59.495689392089844,60.29887079269061,57.19227179173887,57.83144203035199,300233600
2020-03-19,59.03982925415039,60.98386423258545,58.51643550459872,59.66934960367585,271857200
2020-03-20,55.291656494140625,60.74026183260014,54.99257275597992,59.6187005747609,401693200
2020-03-23,54.11701583862305,55.11315411254875,51.280558991279605,55.01185247660971,336752800
2020-03-24,59.54633712768555,59.74170486400554,56.51209775923422,57.008959824529704,287531200
2020-03-25,59.21832275390625,62.288740571318336,58.924063936740446,60.47977424301287,303602000
2020-03-26,62.33457565307617,62.392460226978535,59.42093310194712,59.45952527144993,252087200
2020-03-27,59.75376510620117,61.714681710456084,59.587339648494336,60.96215304640848,204216800
2020-03-30,61.459022521972656,61.630272940074015,60.154154031335516,60.47735878660068,167976400
2020-03-31,61.3336067199707,63.311409233664314,60.78127060250106,61.64957594039169,197002000
2020-04-01,58.106414794921875,59.990151255793265,57.67708705496906,59.454696896013616,176218400
2020-04-02,59.07600784301758,59.129071143668284,57.13920841031964,57.968921460111474,165934000
2020-04-03,58.22700881958008,59.26173593576545,57.63849118766615,58.56227043050136,129880000
2020-04-06,63.30657196044922,63.46093322552853,60.149324308250385,60.5159387534273,201820400
2020-04-07,62.57333755493164,65.53281061360002,62.4696252718209,65.31572880710591,202887200
2020-04-08,64.17486572265625,64.48841681732436,63.00748079939509,63.371680870128074,168895200
2020-04-09,64.63797760009766,65.13966834587349,63.84444973045493,64.80923169926753,161834800
2020-04-13,65.90666961669922,66.0152105347314,64.11699578858152,64.7151632715521,131022800
2020-04-14,69.23516845703125,69.5246060143818,67.06440885901065,67.5347430495296,194994800
2020-04-15,68.60322570800781,69.06149562848323,67.68668586705697,68.11359919874643,131154400
2020-04-16,69.1483154296875,69.51252286868491,68.10152819197249,69.31474085805718,157125200
2020-04-17,68.21007537841797,69.21104245877268,66.7773737102237,68.66593834588957,215250000
2020-04-20,66.79425811767578,67.93993657233999,66.77496571925322,67.04028220194732,130015200
2020-04-21,64.72962951660156,66.8714465476712,64.02051421953927,66.63748663863089,180991600
2020-04-22,66.59406280517578,67.02821165517099,65.65340205638569,65.99348115115153,116862400
2020-04-23,66.33598327636719,67.95681696931808,66.29739112168969,66.53858656789843,124814400
2020-04-24,68.2510986328125,68.26074851489837,66.81116104086111,66.85940309058712,126161200
2020-04-27,68.29931640625,68.62975298338314,67.52266679021487,67.96887246841614,117087600
2020-04-28,67.1922378540039,68.94090519524222,67.10058974876348,68.76000857373481,112004800
2020-04-29,69.399169921875,69.86708968672151,68.47298027123995,68.67558356725064,137280800
2020-04-30,70.86323547363281,71.0393108397726,69.54872440544703,69.93704563014794,183064000
2020-05-01,69.72236633300781,72.11743524186343,68.94571673597511,69.0421934380716,240616800
2020-05-04,70.7088623046875,70.8366956047244,69.05908623299008,69.746494769706,133568000
2020-05-05,71.7701416015625,72.5998548168976,71.02243398346705,71.16715277417963,147751200
2020-05-06,72.51060485839844,73.14012158473827,72.0860984199546,72.4695983843977,142333600
2020-05-07,73.2607192993164,73.6056344607325,72.83380591134457,73.13530028833947,115215200
2020-05-08,75.00444793701172,75.05765488198482,73.59205412028582,73.91855094713767,133838400
2020-05-11,76.18466186523438,76.67802725492889,74.3054951964832,74.5134886448119,145946400
2020-05-12,75.31399536132812,77.3164993988426,75.1930711866458,76.86665763109883,162301200
2020-05-13,74.40465545654297,76.41200151515211,73.33084801811279,75.49297320787404,200622400
2020-05-14,74.86177062988281,74.92223274185808,72.92456220039374,73.64527323216542,158929200
2020-05-15,74.41917419433594,74.46512598393333,72.60531107010586,72.63917339112623,166348400
2020-05-18,76.17259216308594,76.54504087404145,75.05041909846814,75.739688715166,135178400
2020-05-19,75.73241424560547,77.03355248472863,75.70097277157296,76.18950390013767,101729600
2020-05-20,77.20526123046875,77.27539194682277,76.5498468046985,76.58854343128702,111504800
2020-05-21,76.62968444824219,77.60675427308676,76.3926703052991,77.06742956137252,102688800
2020-05-22,77.123046875,77.20527445284804,76.26690139409212,76.368473598234,81803200
2020-05-26,76.60063934326172,78.41691564137308,76.5450115593525,78.2379502036352,125522000
2020-05-27,76.93438720703125,77.07949771603786,75.7203109556176,76.45795296780663,112945200
2020-05-28,76.96827697753906,78.22347115012118,76.33463515551396,76.61033857840158,133560800
2020-05-29,76.89328002929688,77.66961131806718,76.53776259003484,77.21010083931498,153532400
2020-06-01,77.83890533447266,77.95982952875313,76.71672526884876,76.84732546524727,80791200
2020-06-02,78.19924926757812,78.22343558014592,77.1326970947877,77.57286288939194,87642800
2020-06-03,78.62975311279297,78.89095352620157,77.94773883188212,78.5185049118518,104491200
2020-06-04,77.95259857177734,78.7506955495374,77.5801498711956,78.45322666286307,87560400
2020-06-05,80.1727294921875,80.23319158079397,78.17264625811065,78.20166687974158,137250400
2020-06-08,80.64676666259766,80.68062898183005,79.16182130122834,79.87043535299438,95654400
2020-06-09,83.19344329833984,83.58523659393398,80.29610368341933,80.32754516181643,147712400
2020-06-10,85.33377075195312,85.80053629513817,83.70129439282721,84.13903931497238,166651600
2020-06-11,81.23687744140625,84.90330013235034,81.13530524486026,84.48006542527774,201662400
2020-06-12,81.9382095336914,84.1148444580523,80.8305474529917,83.36995486474609,200146000
2020-06-15,82.95156860351562,83.60214129780755,80.4339262304824,80.59596788300412,138808800
2020-06-16,85.14998626708984,85.42086269022191,83.36998548456056,85.00004143146272,165428800
2020-06-17,85.03148651123047,85.95292841624997,84.91056229922657,85.89246631024803,114406400
2020-06-18,85.0653305053711,85.48131000026396,84.45828873010188,84.98793725501275,96820400
2020-06-19,84.57923126220703,86.23347359915019,83.47398219153365,85.76912875753186,264476000
2020-06-22,86.7921371459961,86.93482682128399,84.92506713782858,84.97101892587712,135445200
2020-06-23,88.64469909667969,90.05951379803278,87.61442248881565,88.03282290304573,212155600
2020-06-24,87.07994079589844,89.19128014209528,86.70749216559717,88.27467257128609,192623200
2020-06-25,88.2359848022461,88.27468143868919,86.4777492837676,87.23473608906023,137522400
2020-06-26,85.52485656738281,88.3520651420764,85.37732519563349,88.13198219774738,205256800
2020-06-29,87.49591064453125,87.59023505976948,84.95650253776073,85.43294416349418,130646000
2020-06-30,88.22628784179688,88.51167454519887,87.06541854675757,87.08476317006986,140223200
2020-07-01,88.0594253540039,88.84543272516727,88.01106009800148,88.30369462192029,110737200
2020-07-02,88.0594253540039,89.59758515519175,87.94576368111557,88.96394347072363,114041600
2020-07-06,90.41502380371094,90.8817894339713,89.45246453610925,89.48390600830983,118655600
2020-07-07,90.13447570800781,91.56863486785247,90.02322751685155,90.79230361416894,112424400
2020-07-08,92.23372650146484,92.26516797551552,91.02206361133545,91.10913287644715,117092000
2020-07-09,92.63037872314453,93.17695121032608,91.58559163057215,93.1237442552239,125642800
2020-07-10,92.79237365722656,92.85042228036532,91.6169942125863,92.22644940084874,90257200
2020-07-13,92.36434936523438,96.69585631586999,92.15152153234231,94.09356443653809,191649200
2020-07-14,93.892822265625,94.08387721865836,90.8165098218761,91.74762040886819,170989200
2020-07-15,94.5385513305664,96.01140740726693,93.34381947671102,95.76230381558776,153198000
2020-07-16,93.37525939941406,94.22898406159878,92.7778934824319,93.41395603386725,110577600
2020-07-17,93.18659973144531,93.97986213133798,92.71499243301174,93.82508300436295,92186800
2020-07-20,95.1504135131836,95.28826887148021,92.9302469895083,93.27367496235873,90318000
2020-07-21,93.83717346191406,96.01380892881413,93.58806992037168,95.93883651984883,103433200
2020-07-22,94.10078430175781,94.78037765198125,93.45263242150494,93.53969429469112,89001600
2020-07-23,89.81764221191406,93.91213304289855,89.00986960132232,93.83473979885208,197004400
2020-07-24,89.59514617919922,89.93857411627435,86.23828958165114,88.02071829007306,185438800
2020-07-27,91.71858215332031,91.81048572351438,90.43195431248509,90.65445070078177,121214000
2020-07-28,90.21187591552734,91.46706972799262,90.20703422382543,91.29051773530753,103625600
2020-07-29,91.94108581542969,92.12489295560428,90.6568714411887,90.69314722395283,90329200
2020-07-30,93.05359649658203,93.15758954142316,90.71008481567014,91.11638837269675,158130000
2020-07-31,102.79524993896484,102.94519477180637,97.53746050279906,99.53029641393837,374336800
2020-08-03,105.38542938232422,107.99738887948055,104.37450494640413,104.67197372398552,308151200
2020-08-04,106.08921813964844,107.17753592025956,104.85336899973937,105.57407987592546,173071600
2020-08-05,106.47377014160156,106.79301183705664,105.34675558446708,105.81110781245884,121776800
2020-08-06,110.18853759765625,110.6819103626939,106.2173913049504,106.8050811008857,202428800
2020-08-07,107.68330383300781,110.16671891675897,106.88861130196476,109.71122306470996,198045600
2020-08-10,109.24847412109375,110.26364648269501,106.6051500806847,109.12490669471406,212403600
2020-08-11,105.99945068359375,109.01104473075696,105.74020453823464,108.51436454798494,187902400
2020-08-12,109.52224731445312,109.77906819882288,106.89345997401914,107.08728454541514,165598000
2020-08-13,111.4605484008789,112.46118443380263,110.41145251692377,110.8984466622293,210082000
2020-08-14,111.36121368408203,111.4508577562041,109.55619139980415,111.28610608884811,165565200
2020-08-17,111.0704574584961,112.50478464058327,110.4453668374708,112.48055471705385,119561600
2020-08-18,111.99598693847656,112.41998472569632,110.48897736471524,110.82333108852379,105633600
2020-08-19,112.13650512695312,113.54660235506186,112.04201803934366,112.40301949215254,145538000
2020-08-20,114.6247787475586,114.73865273876372,112.16074255230501,112.17770423893735,126907200
2020-08-21,120.53166198730469,121.01380564130231,115.56967415425338,115.58178541828921,338054800
2020-08-24,121.9732437133789,124.81039959352069,120.11250114343171,124.72559117385076,345937600
2020-08-25,120.97262573242188,121.31667291273054,119.25482982936344,120.84906568793242,211495600
2020-08-26,122.61772155761719,123.07321745146164,121.22216092863566,122.28579308436115,163022400
2020-08-27,121.15190887451172,123.55052326117902,120.01074388155709,123.21859477393856,155552400
2020-08-28,120.95568084716797,122.54021598651187,120.73277587733193,122.1234863946809,187630000
2020-08-31,125.05755615234375,126.95707306517328,122.11138325352543,123.64262300855076,225702700
2020-09-01,130.0388946533203,130.63977010693876,126.50154782295441,128.6627208391991,151948100
2020-09-02,127.34471130371094,133.72164031798212,123.08051055399626,133.34367713692956,200119000
2020-09-03,117.14936065673828,124.86369573915263,116.78109099839352,122.99326710598547,257599600
2020-09-04,117.2269058227539,119.88234128870778,107.46768860387866,116.36437378387909,332607200
2020-09-08,109.33812713623047,115.3177056334054,109.20244843470786,110.4332501967872,231366600
2020-09-09,113.6992416381836,115.4630720645518,111.70282021985868,113.641095738678,176940500
2020-09-10,109.98744201660156,116.78109976625105,109.02799770708086,116.64542107173031,182274400
2020-09-11,108.5434341430664,111.6737525060593,106.6051585333688,111.03411800577045,180860300
2020-09-14,111.79971313476562,112.35212126610308,109.31872326685469,111.1794656677879,140150100
2020-09-15,111.97418975830078,115.16265421996873,110.10375338394648,114.67808528768974,184642000
2020-09-16,108.66941833496094,112.41998426492623,108.58219948246469,111.67375141580924,154679000
2020-09-17,106.93468475341797,108.73728204823779,105.3549924548119,106.33382391776887,178011000
2020-09-18,103.54268646240234,107.45800434374442,102.81583306003789,106.99282230683487,287104900
2020-09-21,106.68267059326172,106.78927632258578,99.91808677711633,101.31364731086168,195713800
2020-09-22,108.35929107666016,109.3768886869023,105.79108191602546,109.20244359354463,183055400
2020-09-23,103.81404876708984,108.65004455027305,103.47484460570544,108.17516907584385,150718700
2020-09-24,104.88009643554688,106.8474450340975,101.75947146104525,101.92422311648544,167743300
2020-09-25,108.81480407714844,108.96986969287116,104.34707769075096,105.08362457756284,149981400
2020-09-28,111.41207122802734,111.76096139819123,109.29935070600561,111.46053107152444,137672400
2020-09-29,110.56893157958984,111.7512809163313,110.06498316084728,111.01474148847176,99382200
2020-09-30,112.23584747314453,113.64110173479544,110.11344069592683,110.27819234917513,142675200
2020-10-01,113.18561553955078,114.0869140768239,112.25524404848423,114.00938127075119,116120400
2020-10-02,109.53195190429688,111.80943167027127,108.75664609356778,109.40596665096126,144712000
2020-10-05,112.9045639038086,113.0499360657336,110.04561009300302,110.39450032404892,106243800
2020-10-06,109.66764831542969,112.53629561221867,108.78572927732188,112.12925207481908,161498200
2020-10-07,111.52838134765625,111.98387730301256,110.6076959885073,111.08257884073628,96849000
2020-10-08,111.4217758178711,112.80764318962937,111.05349871590646,112.66227103853464,83477200
2020-10-09,113.36005401611328,113.38912696820374,111.37331849200241,111.72220870495784,100506900
2020-10-12,120.56073760986328,121.31666387202866,115.59874966676792,116.35467592893329,240226800
2020-10-13,117.36258697509766,121.5201890553274,115.957340112208,121.40388985664498,262330500
2020-10-14,117.44982147216797,119.23303161360833,115.9282753037238,117.26568290980406,150712000
2020-10-15,116.98461151123047,117.45948691649245,114.50362135189651,115.05602954812115,112559200
2020-10-16,115.34678649902344,117.79871153091253,115.1432684327753,117.53704016435405,115393800
2020-10-19,112.40060424804688,116.70357101200219,112.09048045069933,116.257768515436,120639300
2020-10-20,113.88338470458984,115.30801845057066,112.06140091237076,112.6138091614312,124423700
2020-10-21,113.26313781738281,115.04634782768703,112.85609432030498,113.06930582021845,89946000
2020-10-22,112.17771911621094,114.39704593675428,111.0535155310543,113.82525069425265,101988000
2020-10-23,111.48960876464844,112.95300885211658,110.75306199696499,112.79794326147403,82572600
2020-10-26,111.49932098388672,112.95302786819327,109.39628607186555,110.49141665682858,111850700
2020-10-27,113.00147247314453,113.66048651064561,111.0050508568626,111.92572886201872,92276800
2020-10-28,107.76812744140625,111.86758385649746,107.67121513386326,111.49931413026005,143937800
2020-10-29,111.76097106933594,113.32128352260756,108.7372584642391,108.90201751002611,146129200
2020-10-30,105.50035095214844,108.53374987611883,104.39553435267372,107.63245134560678,190272600
2020-11-02,105.41311645507812,107.26417322328109,104.00786958662283,105.74262715568275,122866900
2020-11-03,107.03157043457031,108.0491605877784,105.37434584740238,106.27564420820605,107624400
2020-11-04,111.40238189697266,112.02262946819745,108.88262521463015,110.6173826820644,138235500
2020-11-05,115.3564682006836,115.92826333290571,113.26313445106743,114.3097976289083,126387100
2020-11-06,115.22541809082031,115.72052575840337,112.74013995422038,114.86621579666993,114457900
2020-11-09,112.92459106445312,118.4290806298261,112.66247568801708,116.98257616030648,154515300
2020-11-10,112.58480834960938,114.15751541071181,110.79851455087879,112.1770700305599,138023400
2020-11-11,116.00205993652344,116.13797271482636,113.0410945158488,113.76920185962483,112295000
2020-11-12,115.73023223876953,117.011700843839,115.10891457611105,116.1282678012146,103162300
2020-11-13,115.77877044677734,116.17679858450585,114.42934551492606,115.95351649440437,81581900
2020-11-16,116.78842163085938,117.45827535475047,114.70117908437909,115.44869936969526,91183000
2020-11-17,115.90497589111328,117.14761119066519,115.48752740079281,116.06030900690259,74271000
2020-11-18,114.58467864990234,116.32242906767756,114.55555554119123,115.1477501072869,76322100
2020-11-19,115.17688751220703,115.58462589815453,113.40030359340344,114.15753414064645,74113000
2020-11-20,113.91481018066406,115.30306839104708,113.8662741381708,115.17686579253606,73604300
2020-11-23,110.52667999267578,114.18663661435309,110.42960050653552,113.75947798730789,127959300
2020-11-24,111.80817413330078,112.46832515996194,109.30348281979012,110.58495899509562,113874200
2020-11-25,112.64306640625,113.34205068763839,111.80816933755735,112.17708182311867,76499200
2020-11-27,113.18671417236328,114.06044449798334,112.82751927666311,113.1673012347678,46691300
2020-11-30,115.57489776611328,117.43885061280498,113.40027870494941,113.5556118121855,169410200
2020-12-01,119.13780212402344,119.86590961020511,116.50690796275676,117.47771794433233,127728200
2020-12-02,119.48725128173828,119.76878696381533,117.36117581756076,118.45818803529019,89004200
2020-12-03,119.35135650634766,120.16683316485343,118.64266210929217,119.91442054863892,78967600
2020-12-04,118.68148040771484,119.273674890219,117.9727861001199,119.02126230586725,78260400
2020-12-07,120.13770294189453,120.93376661663584,118.68148836078066,118.73973457388429,86712000
2020-12-08,120.74932098388672,121.33181279274314,119.49697544555106,120.73961821864586,82225500
2020-12-09,118.22520446777344,122.27347915241411,117.46797408436613,120.89493115150903,115089200
2020-12-10,119.64259338378906,120.25420827611856,116.64279476467264,116.98257670113864,81312200
2020-12-11,118.83682250976562,119.17660443365664,117.03111582087004,118.85623544540636,86939800
2020-12-14,118.22520446777344,119.74937540549305,117.99221221288433,119.02126812811062,79184500
2020-12-15,124.14716339111328,124.16658373624205,120.50662638207584,120.71049556577894,157243700
2020-12-16,124.07920837402344,124.62285953660047,122.86569602420569,123.69089034743503,98208600
2020-12-17,124.9432373046875,125.79755479893534,124.30249918400162,125.13739633154813,94359800
2020-12-18,122.96277618408203,125.33155453096758,122.43853798895042,125.19564174778804,192541500
2020-12-21,124.48692321777344,124.56458977108868,119.84645405419545,121.37062498122869,121251600
2020-12-22,128.03041076660156,130.48655855974283,125.86549408459715,127.76828795319533,168904800
2020-12-23,127.13726043701172,128.5643372428869,126.9625069666015,128.30222925734495,88223700
2020-12-24,128.11778259277344,129.56429466422506,127.27318272727676,127.48676208852152,54930100
2020-12-28,132.70001220703125,133.33103273857998,129.61282891491868,130.07882834872916,124486200
2020-12-29,130.93310546875,134.7386778886634,130.41857748936,134.02028815847115,121047300
2020-12-30,129.8166961669922,132.02043870547348,129.50602990016534,131.6224031061202,96452100
2020-12-31,128.81678771972656,130.80695128204687,127.87510078750749,130.16621309475406,99116600
2021-01-04,125.63250732421875,129.70990576661,123.05985971825433,129.62253643457043,143301900
2021-01-05,127.18578338623047,127.89448518815179,124.68109238722828,125.12767140195429,97664900
2021-01-06,122.9045181274414,127.22462614380248,122.69093878823239,123.99182776037331,155088000
2021-01-07,127.09843444824219,127.78771601746288,124.12775842813694,124.61316339386353,109578200
2021-01-08,128.19546508789062,128.75853667263522,126.42858375506596,128.56436281946557,105158200
2021-01-11,125.2150650024414,126.37033122968266,124.74908036749336,125.41894161275994,100384500
2021-01-12,125.04032897949219,125.9043492732531,123.15695523922157,124.74908302143444,91951100
2021-01-13,127.06930541992188,127.61295658608566,124.73936761825328,125.00147562190729,88636800
2021-01-14,125.1470947265625,127.17608365097323,125.00146436870398,126.98192465387714,90221800
2021-01-15,123.42874145507812,126.41883703091128,123.29282869314844,125.02086872913162,111598500
2021-01-19,124.09860229492188,124.95291954756551,123.23458227836366,124.05005884858895,90757300
2021-01-20,128.17605590820312,128.62263507066567,124.79764091875076,124.90443062194485,104319500
2021-01-21,132.874755859375,135.5930267381697,129.69050034270776,129.8943769543058,120150900
2021-01-22,135.01051330566406,135.76774369341513,131.07873102256855,132.3019459227709,114459400
2021-01-25,138.74815368652344,140.85480946109453,132.55438158085332,138.89378406433565,157611700
2021-01-26,138.9811553955078,140.087878141181,137.24339729703607,139.40831414179996,98390600
2021-01-27,137.91322326660156,140.08784232197448,136.31139319096383,139.24322781199024,140843800
2021-01-28,133.08828735351562,137.84526338322206,132.709672193958,135.44736243489726,142621100
2021-01-29,128.10806274414062,132.7485322226158,126.40914566020653,131.86509178375854,177523800
2021-02-01,130.2244415283203,131.42825115687322,127.1081351803439,129.84582625364877,106239800
2021-02-02,131.04962158203125,132.33108282824628,130.68070911395654,131.76801136085197,83305400
2021-02-03,130.03025817871094,131.80684177003687,129.70988918879502,131.7971241921303,89880900
2021-02-04,133.37957763671875,133.38928040334213,130.66130683037125,132.32139835278772,84183100
2021-02-05,132.96636962890625,133.60806525933478,132.09134092233725,133.54001472396752,75693800
2021-02-08,133.11219787597656,133.1608138714623,131.1773940055882,132.25660382908822,71297200
2021-02-09,132.23716735839844,134.055304885325,132.08161692740265,132.8302469559109,76774200
2021-02-10,131.6343536376953,133.18997643259982,130.6718103643523,132.6941140635208,73046600
2021-02-11,131.38157653808594,132.60661952451218,130.05930155973675,132.13020650092022,64280000
2021-02-12,131.6149139404297,131.7704791984505,129.98152323777,130.62321880046613,60145100
2021-02-16,129.49537658691406,132.23714344471992,129.10646349095452,131.731578673249,80576300
2021-02-17,127.21057891845703,128.55230335262408,125.8785865854489,127.60920934245159,97918500
2021-02-18,126.11192321777344,126.39387225132121,123.87572097237708,125.61606083959396,96856700
2021-02-19,126.2674560546875,127.08416608284661,125.2271451192894,126.62720249840024,87668800
2021-02-22,122.50482177734375,126.1216319880877,122.11591609767342,124.45906002205308,103916400
2021-02-23,122.36869812011719,123.19511800076138,115.10591153263685,120.32695270389084,158273000
2021-02-24,121.87285614013672,122.07702996162088,118.83940802921852,121.47423317945595,111039900
2021-02-25,117.63380432128906,122.952070827566,117.19629003176654,121.22144819930787,148199500
2021-02-26,117.89632415771484,121.38673620225251,117.83798347678476,119.18942513713463,164560400
2021-03-01,124.24517822265625,124.38129410804099,119.38387540817448,120.31724465842385,116307900
2021-03-02,121.64924621582031,125.1493828138184,121.54229695879663,124.84798440825688,102260900
2021-03-03,118.67413330078125,122.2228861788261,118.46023476961403,121.34785010485119,112966300
2021-03-04,116.79766845703125,120.17141407750445,115.3295602258347,118.3727333702154,178155000
2021-03-05,118.05186462402344,118.55744422295456,114.30866329373481,117.62407506080334,153766600
2021-03-08,113.1322250366211,117.64351287063639,112.98638448752729,117.57545493676041,154376600
2021-03-09,117.73102569580078,118.67411961018901,115.4948308955723,115.72817134912674,129525800
2021-03-10,116.65181732177734,118.7810627593394,116.13651302909358,118.31438187621302,111943300
2021-03-11,118.57689666748047,119.79222236399583,117.89631724453561,119.14080957092585,103026500
2021-03-12,117.67269134521484,117.80880722667213,115.8545688924242,117.06016987865702,88105100
2021-03-15,120.55057525634766,120.56029993815383,117.07960562741921,118.04214884674406,92403800
2021-03-16,122.08674621582031,123.69097746560344,121.26032630464678,122.21313740579694,115227900
2021-03-17,121.29920959472656,122.3686945512962,118.94633378896354,120.60890560077927,111932600
2021-03-18,117.18655395507812,119.76304569936237,116.98238014530207,119.47136458953443,121229700
2021-03-19,116.66155242919922,118.06161012823361,116.3601540036749,116.57405253188959,185549500
2021-03-22,119.96723937988281,120.43392774935558,116.92406625712914,116.99212420499393,111912300
2021-03-23,119.14080810546875,120.79364806529563,118.75190240381558,119.90889482634996,95467100
2021-03-24,116.75877380371094,119.49083117848545,116.73933185520713,119.41304854895056,88530500
2021-03-25,117.24491119384766,118.28523723675819,115.69902028170112,116.22404193613586,98844700
2021-03-26,117.84770202636719,118.11021653249013,115.62122444554402,117.01155734823239,94071200
2021-03-29,118.02271270751953,119.17970518605573,117.3810245738276,118.27550253849374,80819200
2021-03-30,116.57404327392578,117.06017355662125,115.56289139578807,116.77821710252674,85671900
2021-03-31,118.76162719726562,120.0936193981419,117.78936665110342,118.27549692418452,118323800
2021-04-01,119.58805084228516,120.73531861862071,119.0921958715762,120.22974638293907,75089100
2021-04-05,122.40760040283203,122.6603902138714,119.65610136330406,120.433912742921,88651200
2021-04-06,122.7090072631836,123.60348521908364,122.16454371050696,122.99096372232243,80171300
2021-04-07,124.35211944580078,124.37156139198876,121.66867838856395,122.33954050731289,83466700
2021-04-08,126.74388885498047,126.77305548532095,124.9549329616751,125.37299788690146,88844600
2021-04-09,129.3106231689453,129.34950705430177,125.8785454100243,126.19939309739704,106686700
2021-04-12,127.59949493408203,129.1648351971554,127.00641533538912,128.84398739764742,91420000
2021-04-13,130.70095825195312,130.9245888251844,128.2703072556539,128.7661695536294,91266500
2021-04-14,128.36758422851562,131.25519981120385,128.0078525023259,131.19686654052674,87222800
2021-04-15,130.76904296875,131.2551732400093,129.93289830876327,130.10791292088626,89347100
2021-04-16,130.43849182128906,130.93433940993674,129.5828977054859,130.57460771830137,84922400
2021-04-19,131.099609375,131.71213827061115,129.6412185458448,129.80650105955348,94264200
2021-04-20,129.41757202148438,131.77044021985614,128.15363063610712,131.2745927965494,94812300
2021-04-21,129.7967987060547,130.0398638721709,127.65782821133615,128.6884221419856,68847100
2021-04-22,128.2800750732422,130.42876284437168,127.76477810538648,129.34955290809418,84566500
2021-04-23,130.59400939941406,131.3718057637502,128.49392361047128,128.49392361047128,78657500
2021-04-26,130.98291015625,131.31347510114207,129.85508463607295,131.08985938377566,66905100
2021-04-27,130.66207885742188,131.6537886519638,130.38984712331498,131.26487557787047,66015800
2021-04-28,129.87454223632812,131.27459954530588,129.3884120504617,130.5842881537486,107760100
2021-04-29,129.77732849121094,133.26775499092827,128.77590135452442,132.6843927517533,151101000
2021-04-30,127.81338500976562,129.855123368552,127.4342039691682,128.12450068731047,109839500
2021-05-03,128.86341857910156,130.35099100560777,128.17312183322954,128.37728825955,75135100
2021-05-04,124.30352020263672,127.8425557241814,123.18541899331925,127.55087456774729,137564700
2021-05-05,124.54656982421875,126.83137298490321,124.42017121810461,125.61604742001238,84000900
2021-05-06,126.14108276367188,126.15080002789722,123.60347484441658,124.34239490228468,78128300
2021-05-07,126.81307220458984,127.83566778817108,126.10210583375782,127.43637521223602,78973300
2021-05-10,123.54074096679688,126.16055930554575,123.50178359349738,126.03396084545095,88071200
2021-05-11,122.62525177001953,122.97585322059021,119.56716154628263,120.2781205077101,126142800
2021-05-12,119.56718444824219,121.38840273799539,119.06075342898632,120.18075382257017,112172300
2021-05-13,121.70977020263672,122.85898653118865,121.0182936516952,121.32994515958939,105861300
2021-05-14,124.12507629394531,124.55359993393608,122.56681864446786,122.95638491442686,81918000
2021-05-17,122.97586059570312,123.61864605940792,121.9045589198871,123.51151514879045,74244600
2021-05-18,121.59290313720703,123.67707407576847,121.5247295992301,123.25829164809352,63342900
2021-05-19,121.43707275390625,121.66106832172552,119.65481225870738,119.94698879018051,92612000
2021-05-20,123.9887466430664,124.38805416925351,121.83640180117781,121.96301512916867,76857100
2021-05-21,122.15776824951172,124.66072150118845,121.94350644557427,124.48541706436308,79295400
2021-05-24,123.78421020507812,124.60230012567476,122.65447618088876,122.72264972174192,63092900
2021-05-25,123.58942413330078,124.97238470676444,123.02455343641832,124.4854213164092,72009500
2021-05-26,123.54074096679688,124.06665436080144,123.12195849177618,123.64787188578073,56575900
2021-05-27,122.0116958618164,124.3101288080937,121.81691643126096,123.1414373640431,94625600
2021-05-28,121.35916900634766,122.51812660764142,121.30073666690714,122.29412358918856,71311100
2021-06-01,121.03777313232422,122.07985859728936,120.70664664362424,121.81690564628397,67637100
2021-06-02,121.79742431640625,121.97272876206887,120.81377861108228,121.03777419532105,59278900
2021-06-03,120.31707763671875,121.59289985456873,119.91777018909227,121.4273366140028,76229200
2021-06-04,122.60578155517578,122.86874195718396,120.61900017592295,120.83326200560104,75169300
2021-06-07,122.61553192138672,123.02457321024367,121.57344629671239,122.87848491269204,71057600
2021-06-08,123.43360137939453,125.10873859219605,122.91742922255409,123.29725429760116,74403800
2021-06-09,123.81343841552734,124.41726657205889,123.21935146016743,123.89135316418162,56877900
2021-06-10,122.8200454711914,124.84578425664763,122.65448221103098,123.7063015458541,71186400
2021-06-11,124.02769470214844,124.11535064804697,122.81030467281765,123.2290871401218,53522400
2021-06-14,127.07601928710938,127.13445162281361,123.75498360492641,124.48541752266156,96906500
2021-06-15,126.25794982910156,127.19291187851302,126.01447183152456,126.5501263983375,62746300
2021-06-16,126.75465393066406,127.47535423486387,125.1087549638898,126.96891578162294,91815000
2021-06-17,128.35182189941406,129.09200433395995,126.26765136661298,126.41374704429569,96721700
2021-06-18,127.05656433105469,128.07916002857564,126.84230250511071,127.30004232774398,108953300
2021-06-21,128.84857177734375,128.955702701089,125.83918700220758,126.90074760795298,79663300
2021-06-22,130.48471069335938,130.5821078265205,128.18627804148716,128.68298261560656,74783600
2021-06-23,130.21202087402344,130.81585637036997,129.75428108226635,130.28020184164183,60214200
2021-06-24,129.92959594726562,131.12750347675475,129.46210751467535,130.94245782977737,68711000
2021-06-25,129.6374053955078,130.3970554405537,129.34522887186355,129.978280483212,70783700
2021-06-28,131.2638702392578,131.72161011019884,129.87118308436172,129.929615432019,62111300
2021-06-29,132.77342224121094,132.92925172484664,130.84508067855094,131.28333809814853,64556100
2021-06-30,133.38697814941406,133.82523552499876,132.32540290188453,132.61757943917965,63261400
2021-07-01,133.68885803222656,133.747290354245,132.21824191143713,133.03633900183303,52485800
2021-07-02,136.30874633789062,136.34769628382654,134.15639402212219,134.30247489528134,78852600
2021-07-06,138.3150177001953,139.4155284039409,136.4158918425872,136.4158918425872,108181800
2021-07-07,140.7984619140625,141.11010601971827,138.93828646790567,139.7953189039971,104911600
2021-07-08,139.50314331054688,140.3017433261173,137.00018264096806,137.88644602005195,105575500
2021-07-09,141.32435607910156,141.8502619651795,138.92852627188464,139.02592340594762,99890800
2021-07-12,140.7302703857422,142.5027971874123,140.24331443285035,142.39566628334748,76299700
2021-07-13,141.84056091308594,143.61308810901411,139.88300289690474,140.27256180158014,100827100
2021-07-14,145.2589569091797,145.66801299296932,143.8273051980656,144.23636128185524,127050800
2021-07-15,144.6063995361328,146.08674942463531,143.25266291922637,145.34658191074038,106820300
2021-07-16,142.5709686279297,145.85304711779946,142.0742788872529,144.58697348148013,93251400
2021-07-19,138.73374938964844,140.31149679803218,137.97409928442224,139.99983785193092,121434600
2021-07-20,142.3372039794922,143.26243208036362,139.2304378127707,139.71739371398104,96350000
2021-07-21,141.6068115234375,142.31777804675525,140.85690991607032,141.73342485019364,74993500
2021-07-22,142.97023010253906,144.33370043878932,142.0060522400186,142.13266550721042,77338200
2021-07-23,144.68434143066406,144.84017089255983,143.0871265980212,143.70069581628857,71447400
2021-07-26,145.10313415527344,145.92121655552194,143.8467795270844,144.4019164234274,72434100
2021-07-27,142.94105529785156,145.3174027377309,141.7528815779119,145.22973937162135,104818600
2021-07-28,141.19773864746094,143.13582861718922,138.82139130869905,141.03217541296894,118931200
2021-07-29,141.84056091308594,142.72682451105,140.8082164410485,140.91534736894218,56699500
2021-07-30,142.05477905273438,142.51251879825827,140.35043336301797,140.61339371614585,70440600
2021-08-02,141.72364807128906,143.1163348001012,141.46068772656318,142.54173040964227,62880000
2021-08-03,143.51565551757812,144.17790846415585,141.39251988736964,142.00608912842299,64786600
2021-08-04,143.11634826660156,143.93443068193204,142.46382908813206,143.4280072023747,56368300
2021-08-05,143.22349548339844,143.98314564998552,142.35671440302508,143.14558074057953,46397700
2021-08-06,142.54074096679688,143.48685218422662,142.0433070322341,142.74557545925379,54126800
2021-08-09,142.49195861816406,143.08693557693016,141.93600483737242,142.59925003312128,48908700
2021-08-10,142.0140380859375,144.0720717018618,141.72142377939727,142.83334623786462,69023100
2021-08-11,142.2676239013672,143.10644361120174,141.94574966449076,142.45294678468827,48493500
2021-08-12,145.22303771972656,145.3791007055084,142.24815216632183,142.5895380873464,72282600
2021-08-13,145.42784118652344,145.75946379823836,144.6182813640554,145.30103817728678,59375000
2021-08-16,147.39810180664062,147.4663849394875,142.86263134674047,144.88164213986906,103296000
2021-08-17,146.49098205566406,147.9442754116722,145.41806793520456,146.52999034959836,92229700
2021-08-18,142.75531005859375,147.0079285089272,142.55047558587256,146.11058891263426,86326000
2021-08-19,143.08694458007812,144.35493005036025,140.94113102889904,141.45807654722455,86960300
2021-08-20,144.54026794433594,144.84263065061194,143.16499090967656,143.8087395067066,60549600
2021-08-23,146.02284240722656,146.49101645929602,144.24765951519495,144.65731367112883,60131800
2021-08-24,145.93502807617188,147.14449367144724,145.4766024407117,145.7692167650667,48606400
2021-08-25,144.7060546875,146.6177885615759,144.15984926147306,146.12033978338724,58991300
2021-08-26,143.90623474121094,145.44732274946605,143.8769748010463,144.6962977745989,48597200
2021-08-27,144.9401397705078,145.08643947056316,143.21372889495123,143.847714105832,55802400
2021-08-30,149.34881591796875,149.70971334019745,144.9498976782118,145.33029180641267,90956700
2021-08-31,148.09060668945312,149.03671791602926,147.5638979226051,148.90016654739884,86453100
2021-09-01,148.75384521484375,151.1630130890743,148.58803390921838,149.06597111930256,80313700
2021-09-02,149.86575317382812,150.9094073223183,148.6465393833382,150.08033599159282,71115500
2021-09-03,150.4998016357422,150.82167596581917,149.3195957587932,149.97309277453053,57808700
2021-09-07,152.83091735839844,153.3868712092461,150.58756059759483,151.1532776856572,82278300
2021-09-08,151.28982543945312,153.1722846868866,150.1876512353804,153.11376479693286,74420200
2021-09-09,150.27540588378906,152.2651560265842,150.1583512521099,151.6604308143289,57305700
2021-09-10,145.30104064941406,151.65070144497142,145.03768627305047,151.1825274626448,140893200
2021-09-13,145.8667449951172,147.69068411470718,145.0864451705449,146.9201475258426,102404300
2021-09-14,144.47195434570312,147.34931083330153,143.29176371635268,146.64704249063803,109296300
2021-09-15,145.35958862304688,145.75949444164934,142.7650973043384,144.90116290571922,83281300
2021-09-16,145.12548828125,145.30106285331667,143.59416308886955,144.78411725815147,68034100
2021-09-17,142.4626922607422,145.15472586644688,142.17007797103764,145.15472586644688,129868800
2021-09-20,139.41954040527344,141.272739448902,137.79067253613061,140.25836010441694,123478900
2021-09-21,139.8974609375,141.03865814980705,139.2634757155347,140.38514645685206,75834000
2021-09-22,142.2578582763672,142.82356032742504,140.1608018149043,140.8923300236282,76404300
2021-09-23,143.21372985839844,143.45757261545157,142.05303595354863,143.03815533417017,64838200
2021-09-24,143.30152893066406,143.83798604484667,141.97502355876833,142.07256662788618,53477900
2021-09-27,141.78968811035156,142.3651683544505,140.2778748536838,141.88723117083788,74150700
2021-09-28,138.41490173339844,141.18495179250712,138.20031892345534,139.72189529724798,108972300
2021-09-29,139.31224060058594,140.89233684538155,138.53194083023718,138.961106448078,74602000
2021-09-30,138.0150146484375,140.82408826037346,137.80043180958225,140.12181985738948,89056700
2021-10-01,139.1366729736328,139.40002732180153,135.68386603878685,138.40514469326044,94639600
2021-10-04,135.713134765625,138.7075311976416,134.86456666800945,138.26860229461653,98322000
2021-10-05,137.63461303710938,138.73678711480215,135.9277136552574,136.0545166576062,80861100
2021-10-06,138.502685546875,138.6489852474294,134.96208396365105,136.03499804431914,83221100
2021-10-07,139.76087951660156,140.66798212657525,139.20492588330868,139.53654839320112,61732700
2021-10-08,139.38052368164062,140.62899749402928,139.04890108087716,140.48269778280476,58773200
2021-10-11,139.29275512695312,141.2434974770439,138.31738395190774,138.76606124094116,64452200
2021-10-12,138.02479553222656,139.7219470532615,137.56636980326286,139.7024354588627,73035900
2021-10-13,137.43954467773438,137.91746698955632,135.77165355544514,137.76141892529833,78762700
2021-10-14,140.21937561035156,140.3364302891857,138.0247901402729,138.61001888548796,69907100
2021-10-15,141.27276611328125,141.33128600610704,139.97552058470157,140.2291266309253,67940300
2021-10-18,142.94064331054688,143.22349439217342,139.63413574665708,139.91698682828363,85589200
2021-10-19,145.09622192382812,145.4961277086073,142.94065979384268,143.38932223477877,76378900
2021-10-20,145.58389282226562,146.0618300447265,144.47197030405582,145.03768735830047,58418800
2021-10-21,145.7984619140625,145.9545248556128,144.22811391179323,145.1449650896746,61421000
2021-10-22,145.02793884277344,146.481232332848,144.97916730862042,146.0033099939033,58883400
2021-10-25,144.97914123535156,145.69115788039105,143.98425867288518,145.0181495258691,50720600
2021-10-26,145.64239501953125,147.12494812357627,145.34001752826615,145.65214337099943,60893400
2021-10-27,145.18399047851562,146.04230690415662,144.83285629616836,145.68142436893194,56094900
2021-10-28,148.81239318847656,149.39760698679012,146.0325792767904,146.13012235133445,100077900
2021-10-29,146.11058044433594,146.24713179057537,142.80407331191392,143.59412144965486,124953200
2021-11-01,145.2913360595703,146.01310139910805,144.15990161874348,145.3205960120928,74588300
2021-11-02,146.32521057128906,147.8370391039872,144.988941733531,144.9987049719068,69122000
2021-11-03,147.75897216796875,148.22714612515688,146.1301042293714,146.68605801297326,54511500
2021-11-04,147.24205017089844,148.6758322133497,146.92992422765454,147.84677558220335,60394600
2021-11-05,147.76951599121094,148.6681654176707,146.57782514412813,148.36536141475236,65463900
2021-11-08,146.94898986816406,148.0527725947036,146.67548855791236,147.8964818732159,55020900
2021-11-09,147.3104248046875,147.9160328251653,146.57782868777164,146.71457936674102,56787900
2021-11-10,144.48744201660156,146.64616444006643,144.41907415140022,146.53871644786318,65187100
2021-11-11,144.4385986328125,145.96239567531134,144.25300529217714,145.50331597045192,41000000
2021-11-12,146.5094451904297,146.9099196974308,144.0576809080353,144.9856329096499,63804000
2021-11-15,146.51918029785156,148.35555879375588,145.96240025846288,146.88058950641502,59222800
2021-11-16,147.49600219726562,147.97463697406297,145.87451939068316,146.4606021824879,59256200
2021-11-17,149.92823791503906,151.40319268452978,147.48625093625634,147.4960135184774,88807000
2021-11-18,154.20655822753906,154.98799688592075,149.4984160214015,150.1431040324191,137827700
2021-11-19,156.82435607910156,157.28345067512842,152.8976381128572,153.99164315630802,117305600
2021-11-22,157.28346252441406,161.85485386154411,157.26392246010866,157.92813559947206,117467900
2021-11-23,157.66445922851562,158.04540862120066,155.36898538496055,157.38118037733318,96041900
2021-11-24,158.18214416503906,158.37750013405517,155.9355132595911,157.01975602804134,69463600
2021-11-26,153.17117309570312,156.72670517440085,152.7316184657377,155.8671359816053,76959800
2021-11-29,156.5216064453125,157.44955853817083,155.10524204048522,155.67178482147494,88748200
2021-11-30,161.46414184570312,161.67903783874624,156.20898240534294,156.27736517799391,174048100
2021-12-01,160.9464874267578,166.34816161455686,160.71205130315363,163.59359305485575,152052500
2021-12-02,159.95989990234375,160.38969196905754,154.13821164787007,155.05640108044867,136739200
2021-12-03,158.08447265625,161.13208267929107,156.0136723737617,160.21389314884243,118023100
2021-12-06,161.48370361328125,163.98429560873123,160.4678287996897,160.47759138079394,107497000
2021-12-07,167.2076873779297,167.59841414884357,164.43359437560147,165.15642772326544,120405400
2021-12-08,171.01724243164062,171.87682666062753,166.73887626153672,168.13570063364043,116998900
2021-12-09,170.50926208496094,172.64844463234323,169.8841141404718,170.85114615502485,108923700
2021-12-10,175.2857666015625,175.46159735855395,170.6362302385688,171.14416754190958,115402700
2021-12-13,171.6619110107422,177.90362873179458,171.45677755961725,176.91705651666257,153237000
2021-12-14,170.2846221923828,173.6154957034132,168.21382219359762,171.18327152968024,139380400
2021-12-15,175.13925170898438,175.33460762233094,168.31145298797125,171.04648048892548,131063300
2021-12-16,168.2626495361328,176.93659123544322,166.78769490587976,175.11975249855263,150185800
2021-12-17,167.1686553955078,169.44458898529163,165.75230596796482,165.98672717242667,195432700
2021-12-20,165.81089782714844,166.62163920449956,163.5740445559153,164.375008447403,107499100
2021-12-21,168.9757080078125,169.1808265329912,165.1955026634982,167.57888393978646,91185900
2021-12-22,171.56422424316406,171.7791202742142,168.15520530032774,169.02455200604697,92135300
2021-12-23,172.1893768310547,172.7461569911751,171.2028195021509,171.76936224404878,68356600
2021-12-27,176.1453857421875,176.2332936859138,172.96104046356876,172.9805656257053,74919600
2021-12-28,175.1294708251953,177.12213985486545,174.38711240701065,175.97929213404015,79144300
2021-12-29,175.21743774414062,176.4384311169709,174.00620695259946,175.16859502828655,62348900
2021-12-30,174.0647735595703,176.37978661508689,173.95732557045602,175.30530672394408,59773000
2021-12-31,173.44944763183594,175.07091555859822,173.14662874511,173.9573701608435,64062300
2022-01-03,177.78640747070312,178.6362290402615,173.58620196027948,173.70341256103026,104487900
2022-01-04,175.52999877929688,178.69481886787932,174.96345608354855,178.39201490568885,99310400
2022-01-05,170.86094665527344,175.98911941613642,170.58744530040389,175.44211670639731,94537600
2022-01-06,168.00868225097656,171.23210762394186,167.65703557565845,168.69243553501073,96904000
2022-01-07,168.17471313476562,170.09899955917385,167.06116796216358,168.8780063916408,86709100
2022-01-10,168.19427490234375,168.4970788622131,164.2675561955421,165.1564429133354,106765600
2022-01-11,171.01724243164062,171.11491297284869,166.85610177757536,168.32129403805408,76138300
2022-01-12,171.4567413330078,173.06844633316717,170.76322556870227,172.03304652412405,74805200
2022-01-13,168.19427490234375,172.52146809219963,167.80354809549323,171.70096415486904,84505800
2022-01-14,169.05386352539062,169.74737940608347,167.11979931497876,167.36399798657283,80440800
2022-01-18,165.8597412109375,168.53614912039677,165.47879187832885,167.53005178287384,90956700
2022-01-19,162.37255859375,167.11001826086033,162.08929472408371,166.0550783276264,94815000
2022-01-20,160.69248962402344,165.74251639966073,160.3701455866801,163.10517370877471,91420500
2022-01-21,158.64120483398438,162.4702376425932,158.5337568383858,160.604556493883,122848900
2022-01-24,157.8695831298828,158.53381139617989,151.11016437480347,156.30672027070835,162294600
2022-01-25,156.072265625,158.98310983768695,153.3763174519784,155.29082683573563,115798400
2022-01-26,155.98434448242188,160.57527648713483,154.15774320444362,159.70592982008216,108275300
2022-01-27,155.52523803710938,160.03802433796415,154.60704872462142,158.68028043462846,121954600
2022-01-28,166.37745666503906,166.3969967339565,159.02219316405643,161.86466955096992,179935700
2022-01-31,170.7241668701172,170.93906288440527,165.576454917367,166.21138037947398,115541600
2022-02-01,170.55810546875,170.78276405312576,168.31147491088436,169.97202274767105,86213900
2022-02-02,171.7595672607422,171.79864739328102,169.30781806090394,170.69486467196293,84914300
2022-02-03,168.88780212402344,172.15030783567607,168.125903430298,170.4311395793071,89418100
2022-02-04,168.60418701171875,170.27664070855118,166.93173331488632,167.90977257243412,82465400
2022-02-07,167.89019775390625,170.12990075671365,167.19578341710826,169.0638417050099,77251200
2022-02-08,170.99057006835938,171.49915455646115,167.6652283214683,167.9586430232075,74829200
2022-02-09,172.40875244140625,172.77062217708496,171.05905354274313,172.1838075995271,71285000
2022-02-10,168.34010314941406,171.6263154743887,167.78262856301606,170.31574652168356,90865900
2022-02-11,164.9365234375,169.27901969811438,164.34969397169522,168.545490327705,98670700
2022-02-14,165.1712646484375,165.8558891027738,162.9022065441299,163.69441590726865,86185500
2022-02-15,168.99539184570312,169.15188170406051,166.51117876998032,167.21536820889426,62527400
2022-02-16,168.76068115234375,169.53332561896576,166.3155829464961,168.07605663944543,61177400
2022-02-17,165.1712646484375,168.1347222265384,164.7702649952927,167.27404295611913,69589300
2022-02-18,163.62594604492188,166.7947832093295,162.54032203615824,166.09060878011084,82772700
2022-02-22,160.71139526367188,163.02934320107533,158.58903724171788,161.35688974047144,91162800
2022-02-23,156.5547332763672,162.50119815168253,156.241753586249,161.90459367562613,90009200
2022-02-24,159.16610717773438,159.27369208830245,148.66196063900136,149.22922517438823,141147500
2022-02-25,161.22976684570312,161.4938266826065,157.3371601146723,160.24193771015948,91974200
2022-02-28,161.4938201904297,161.78723492110947,158.86289248069977,159.479061922758,95056600
2022-03-01,159.61599731445312,162.9413396082361,158.4130132555384,161.08305614073245,83474400
2022-03-02,162.90219116210938,163.6846254319098,159.37146939131958,160.7798480922219,79724800
2022-03-03,162.57940673828125,165.20055882427715,161.9143474309581,164.77021930839055,76678400
2022-03-04,159.58663940429688,161.91437725608384,158.54014531943216,160.87765818976635,83737200
2022-03-07,155.80162048339844,161.39600492959968,155.54732078440395,159.7724565579089,96418800
2022-03-08,153.98248291015625,159.30301816152476,152.37849933499598,155.33218168421902,131148300
2022-03-09,159.37147521972656,159.8213797915154,155.90922322313332,157.9337564869507,91454900
2022-03-10,155.03875732421875,156.86768560681452,152.55452973284972,156.68185579600046,105342000
2022-03-11,151.33197021484375,155.78205064733166,151.10702542359093,155.43973102802846,96970100
2022-03-14,147.312255859375,150.7353929741164,146.8036862331013,148.12403016599976,108732100
2022-03-15,151.68408203125,152.1535515492418,147.0775261791108,147.58609577139651,92964300
2022-03-16,156.0852813720703,156.48628104894496,151.06795013405093,153.60106822684398,102300200
2022-03-17,157.09262084960938,157.46428044860957,154.16829376386883,155.12676781405298,75615400
2022-03-18,160.37884521484375,160.86786475806085,156.25151907619613,156.98504839102176,123511700
2022-03-21,161.7480926513672,162.69679166385907,159.43013010111937,159.91914959524135,95811400
2022-03-22,165.112548828125,165.69936326568208,161.28841281006214,161.8752272476192,81532000
2022-03-23,166.47201538085938,168.84864285363813,163.9682231459706,164.30076772924696,98062700
2022-03-24,170.24728393554688,170.31573891650316,166.4720521767643,167.30337650948087,90131400
2022-03-25,170.8830108642578,171.43071043053845,168.95627243907444,170.06146151483682,80546200
2022-03-28,171.7436981201172,171.87083307439428,168.22275085370143,168.38901573521346,90371900
2022-03-29,175.02989196777344,175.0787819860724,172.46741925958432,172.8097389298353,100589400
2022-03-30,173.86602783203125,175.66561632731086,172.81951875433577,174.6288971925018,92633200
2022-03-31,170.77542114257812,174.1203133341303,170.5700263491638,173.93448350287292,103049300
2022-04-01,170.4820098876953,171.0394993928561,168.1640617684755,170.20816010667752,78751300
2022-04-04,174.5212860107422,174.57019094673097,170.60912991069844,170.73627975953104,76468400
2022-04-05,171.2155303955078,174.38438259894033,170.58958593943765,173.60194829792937,73401800
2022-04-06,168.0564727783203,169.81694627331598,166.3938091700385,168.57483234577828,89058800
2022-04-07,168.35964965820312,169.55285855113002,166.11994669119974,167.4011755212215,77594700
2022-04-08,166.35470581054688,168.0075946635794,165.4842514050896,168.0075946635794,76575500
2022-04-11,162.10997009277344,165.31793693449984,161.8654603339608,165.00497220353915,72246700
2022-04-12,163.97804260253906,166.13950070260202,162.9804385205217,164.33013728303388,79265200
2022-04-13,166.65789794921875,167.28384253130827,163.10762528497952,163.71400490158922,70618900
2022-04-14,161.66006469726562,167.50874884154206,161.41555493977322,166.87301451784703,75329400
2022-04-18,161.44493103027344,162.94132974863555,159.977872292766,160.32017704396847,69023900
2022-04-19,163.72373962402344,164.13452917950872,160.31039271090148,161.3960167105301,67723800
2022-04-20,163.55746459960938,165.1712379709988,162.45229063171516,165.0538631380032,67929800
2022-04-21,162.7652587890625,167.7630389892028,162.26646424033356,165.200581424204,87227800
2022-04-22,158.2369384765625,164.1834179598548,157.95331370568275,162.8043941791054,84882400
2022-04-25,159.30300903320312,159.58663379803306,154.9800781201004,157.58165071304833,96046400
2022-04-26,153.35655212402344,158.7748828167284,153.2783071958642,158.6868628689345,95623200
2022-04-27,153.131591796875,156.28086402556207,151.96772285920957,152.48608239761126,88063200
2022-04-28,160.0463409423828,160.90702025080918,155.4397695467575,155.7527492675287,130216800
2022-04-29,154.18785095214844,162.55008785176082,153.7966412998766,158.28583697775457,131747600
2022-05-02,154.49107360839844,154.7551334388098,149.9040675207667,153.2685246478865,123055300
2022-05-03,155.97763061523438,157.1806291380456,152.88703921113387,154.67683716226583,88966500
2022-05-04,162.3740692138672,162.82395888042848,155.76251479077115,156.1635144371754,108256500
2022-05-05,153.32717895507812,160.47664169209344,151.54714080304078,160.25169689963175,130525300
2022-05-06,154.052001953125,156.16767394547392,151.0156200226824,152.8080631040653,116124600
2022-05-09,148.93914794921875,152.63177739233632,148.38085428930862,151.75023984870148,131577900
2022-05-10,151.33883666992188,153.52307898712107,149.7912627423493,152.32811702969943,115366700
2022-05-11,143.4932403564453,152.25954795565056,142.81739949520818,150.34957266016625,142689800
2022-05-12,139.6341552734375,143.19944882474022,135.95132933498297,139.83985189657713,182602000
2022-05-13,144.09068298339844,145.06036938864267,140.1727798528003,141.62239982634958,113990900
2022-05-16,142.55296325683594,144.4923369438145,141.22087499257742,142.56276758428663,86643800
2022-05-17,146.1770477294922,146.69616897048812,143.6695758585412,145.80484195458106,78336300
2022-05-18,137.92984008789062,144.33560760113403,137.0287088681347,143.83608013972986,109742900
2022-05-19,134.5310516357422,138.7525913397019,133.7964445425997,137.00912503429328,136095600
2022-05-20,134.76611328125,137.81228455615957,129.88832647827988,136.2353274341848,137426100
2022-05-23,140.17282104492188,140.31973647724712,134.82487512400195,134.9620011760451,117726300
2022-05-24,137.4792938232422,139.05625126128453,134.51148183512868,137.92005516834,104132700
2022-05-25,137.635986328125,138.87991021944293,135.50072064953915,135.58886991195646,92482700
2022-05-26,140.82907104492188,141.37757526410218,134.32535040420584,134.57021942674126,90601500
2022-05-27,146.56881713867188,146.6079896103765,142.27870662441157,142.4060433122878,90978500
2022-05-31,145.7852325439453,147.56788638378129,143.82628016379354,146.01052282850958,103718400
2022-06-01,145.65789794921875,148.62570934761555,144.649023812494,146.82346195823692,74286600
2022-06-02,148.10662841796875,148.16539460884292,143.8459002321125,144.79599350624025,72348100
2022-06-03,142.39627075195312,144.93311080828775,141.4951543400914,143.88506398253034,88570300
2022-06-06,143.1406707763672,145.52080603843785,141.92611474243267,144.01240411533595,71598400
2022-06-07,145.65789794921875,145.94193944320352,141.1425125135875,141.3873815394989,67808200
2022-06-08,144.92327880859375,146.79406665216868,144.43354079753493,145.5305491597089,53950200
2022-06-09,139.71246337890625,144.91347882072873,139.60472041542363,144.06133943857793,69473000
2022-06-10,134.3155517578125,137.8710395567264,134.24698126233585,137.40089525066517,91437900
2022-06-13,129.17332458496094,132.4251777606438,128.7423526705115,130.14299644685158,122207100
2022-06-14,130.0352325439453,131.14204524198857,128.7815044194442,130.39764883857168,84784300
2022-06-15,132.6504669189453,134.5212702217429,129.4475902081577,131.53386454500733,91533000
2022-06-16,127.39066314697266,129.6728443246095,126.39159330904647,129.36920911544067,108123900
2022-06-17,128.85986328125,130.3486710219844,127.14578023984714,127.40045357119396,134520300
2022-06-21,133.0814208984375,134.24699991857628,130.58376865027734,130.68170729877417,81000500
2022-06-22,132.5720977783203,134.93262385029735,131.16164978530637,132.0235786011109,73409200
2022-06-23,135.43215942382812,135.74558399228505,132.84634321517927,134.0119221215175,72433800
2022-06-24,138.75257873535156,138.99744774415504,136.901369626622,137.02869134817942,89116800
2022-06-27,138.75257873535156,140.5450216732672,138.07673787975503,139.77122723590202,70207900
2022-06-28,134.6191864013672,140.47644880841756,134.50165406172098,139.212931320367,67083400
2022-06-29,136.37246704101562,137.7829151592785,133.8650103621575,134.63880492913648,66242400
2022-06-30,133.91400146484375,135.53013138802967,131.0245493574635,134.4331227102609,98964500
2022-07-01,136.07862854003906,136.1863715256026,132.87575195629162,133.24794276909347,71051600
2022-07-05,138.65463256835938,138.70360936186282,134.1196535002059,134.94242477245444,73353800
2022-07-06,139.9867401123047,141.16210859174285,138.1845074474581,138.44897021265854,74064300
2022-07-07,143.3463134765625,143.5422056804672,140.33931508968487,140.3491044689141,66253700
2022-07-08,144.02215576171875,144.52169812610057,142.02403114104803,142.2786895406023,64547800
2022-07-11,141.89669799804688,143.63037488194183,140.82907263468897,142.6802818681296,63141600
2022-07-12,142.8663787841797,145.40321819395862,142.07300556646354,142.768425199881,77588800
2022-07-13,142.50399780273438,143.44428658574307,139.20315284375937,140.05530730128564,71185600
2022-07-14,145.4228057861328,145.89295009063997,140.30993976956114,141.12290665908233,78140700
2022-07-15,147.08792114257812,147.7637620290884,145.15835206929646,146.70592606919652,76259900
2022-07-18,144.0515594482422,148.45920196700573,143.6891431225671,147.64623499784832,81420900
2022-07-19,147.90090942382812,148.1261847699647,143.89485526545627,144.88412086859606,82982400
2022-07-20,149.89903259277344,150.56508418725386,147.28383290571463,148.01844006316782,64823400
2022-07-21,152.16163635253906,152.37712231601844,148.82161886422966,151.3290755894941,65086600
2022-07-22,150.927490234375,153.0725455912705,150.26145356507448,152.20081233549695,66675400
2022-07-25,149.81089782714844,151.85799971719163,149.15465049641978,150.84914031891685,53623900
2022-07-26,148.4886016845703,149.94801169458665,147.70501771546552,149.13504463438227,55138700
2022-07-27,153.57200622558594,154.10093153443054,149.0370433720107,149.4484214202149,78620700
2022-07-28,154.12059020996094,154.40463173955777,151.2409277129022,153.75817384315252,81378700
2022-07-29,159.17469787597656,160.2717215621507,156.22647941293425,157.9307736596815,101786900
2022-08-01,158.1951904296875,160.2325026515257,157.58791998844677,157.7054523459462,67829400
2022-08-02,156.7259521484375,159.07670355733856,156.35376142488207,156.81411634866453,59907000
2022-08-03,162.72035217285156,163.1709027619496,157.450766526114,157.53891577890045,82507500
2022-08-04,162.40696716308594,163.7586492750685,161.05528505110334,162.60285943908943,55474100
2022-08-05,162.1813507080078,162.67176904705062,159.87637852795464,160.0823608155598,56697000
2022-08-08,161.71055603027344,164.59421857415984,161.05339717997808,163.18181120847004,60276900
2022-08-09,161.7595672607422,162.64232916411427,160.12157196524083,160.87682032374863,63135500
2022-08-10,165.99679565429688,166.0948703368816,163.70162657940335,164.46667794890814,70170500
2022-08-11,165.26119995117188,167.71329198279503,164.9669459141007,166.80110596451257,57149200
2022-08-12,168.80198669433594,168.87063747457046,166.1537158722437,166.5656804191666,68039400
2022-08-15,169.8711395263672,170.06730390664768,168.06640328157403,168.2331437531316,54091700
2022-08-16,169.7141876220703,170.3811644180383,168.37044601656845,169.46897842594916,56377100
2022-08-17,171.20506286621094,172.77439273368478,169.26301023326062,169.45917459589717,79542000
2022-08-18,170.81271362304688,171.54834118381174,169.8024529702403,170.4203849105247,62290100
2022-08-19,168.2331085205078,170.41056710828244,168.02712623620275,169.71416649279175,70346300
2022-08-22,164.3588104248047,166.6049198473659,163.9370428679026,166.43817940694694,69026800
2022-08-23,164.0253143310547,165.47696339789675,163.4564272588674,163.87819481513557,54147100
2022-08-24,164.31954956054688,164.88843656775538,163.0640799468379,164.1135822617859,53841500
2022-08-25,166.77163696289062,166.87952958176348,165.12383874706296,165.54559127859812,51218200
2022-08-26,160.48451232910156,167.77213753118554,160.42566451575846,167.3013400580589,78961000
2022-08-29,158.2874298095703,159.7782908024648,156.7573269679059,158.06182659509352,73314000
2022-08-30,155.86476135253906,159.44480926961938,154.6975633016655,159.02305667853338,77906200
2022-08-31,154.2071533203125,157.50276536238007,154.1286845852179,157.23793525223348,87991100
2022-09-01,154.93295288085938,155.38412932683354,151.70599214901193,153.6382414104045,74229900
2022-09-02,152.8241424560547,157.2869518100939,152.0002433352291,156.6886409081276,76957800
2022-09-06,151.56871032714844,154.07965015411935,150.74481100262022,153.47153612406976,73714800
2022-09-07,152.97132873535156,153.66771454965397,150.66635604545868,151.85317527366345,87449600
2022-09-08,151.50006103515625,153.36364499716552,149.75415773532657,151.67660447799875,84923800
2022-09-09,154.35427856445312,154.79566708651402,151.7844910019974,152.49069467763707,68028800
2022-09-12,160.2981414794922,161.11223777090294,156.24729591423596,156.53173198406338,104956000
2022-09-13,150.89190673828125,157.46350930410847,150.43091231518306,156.8357744463717,122656600
2022-09-14,152.333740234375,154.08944624806267,150.66632089509483,151.82370097735972,87965400
2022-09-15,149.45004272460938,152.26505346855464,148.4790242330061,151.68634859779593,90481100
2022-09-16,147.81211853027344,148.44967149809492,145.52676674658431,148.31235493010595,162278800
2022-09-19,151.51963806152344,151.59810678770754,146.2427471814607,146.44871449211215,81474200
2022-09-20,153.8932647705078,155.05065980282333,150.14647654096675,150.4603364872082,107689800
2022-09-21,150.7742462158203,155.69805153828966,150.65655057959955,154.32487092805448,101696800
2022-09-22,149.81301879882812,151.5098622787984,148.01808565192604,149.45991695080835,86652500
2022-09-23,147.54727172851562,148.5673503753869,145.71311171309017,148.29271727039426,96029900
2022-09-26,147.88075256347656,150.82326264584486,146.77240230987616,146.79202323434507,93339400
2022-09-27,148.8517608642578,151.75504386028683,147.0764489671257,149.81299153282302,84442700
2022-09-28,146.96856689453125,147.75323924438212,142.06438341593866,144.81072915722658,146691400
2022-09-29,139.7496337890625,143.9083875278427,137.98412442041132,143.30027345445623,128138200
2022-09-30,135.55162048339844,140.35772899315157,135.35545614892226,138.5725991267457,124925300
2022-10-03,139.72018432617188,140.32831325471835,135.05140704196927,135.56144631438175,114311700
2022-10-04,143.3002471923828,143.41794280659562,141.49549629829846,142.2507447443845,87830100
2022-10-05,143.59449768066406,144.55572849466822,140.26946161653336,141.30916116839794,79471000
2022-10-06,142.64306640625,144.71263233032042,142.43709909152813,143.0157891213956,68402200
2022-10-07,137.40542602539062,140.35775442140775,136.77769106151405,139.80847323243142,85925600
2022-10-10,137.7290802001953,139.17091126885134,135.91454138275128,137.7290802001953,74899000
2022-10-11,136.3166961669922,138.64128959242282,135.57126557653487,137.2190642395612,77033700
2022-10-12,135.68894958496094,137.67024396939837,135.51240615749046,136.46381898254117,70433700
2022-10-13,140.24984741210938,140.8383404618952,131.7950247428473,132.4031536839207,113224000
2022-10-14,135.72817993164062,141.75051634248345,135.5418185741853,141.54453406151188,88598000
2022-10-17,139.68096923828125,140.16156968133146,137.5819791306435,138.36665154683308,85250900
2022-10-18,140.9952392578125,143.88870378321928,137.91541341285344,142.70190006350694,99136600
2022-10-19,141.1031951904297,142.1723038055395,138.78841953799576,138.974780941184,61758300
2022-10-20,140.64218139648438,143.0942732786787,139.91635681145763,140.27927658716155,64522000
2022-10-21,144.4477996826172,145.01668666487555,139.91632474569775,140.13210997918807,86548600
2022-10-24,146.58604431152344,147.3510957532076,143.2021606323234,144.3693587197694,75981900
2022-10-25,149.42066955566406,149.5678040506047,146.49778017936205,147.2137868289863,74732300
2022-10-26,146.48794555664062,149.07735346461445,145.20303709712394,148.06709300971718,88194300
2022-10-27,142.02517700195312,146.19373355952823,141.36801811707775,145.23251764978033,109180200
2022-10-28,152.7554931640625,154.48176014348397,144.98726930709842,145.35997702745019,164762400
2022-10-31,150.40151977539062,151.28428192484714,149.0087332370563,150.22497632532892,97943200
2022-11-01,147.76304626464844,152.47106552613408,146.27218522217615,152.10816072803473,80379300
2022-11-02,142.25074768066406,149.25392123210702,142.2213237765035,146.0956258102425,93604600
2022-11-03,136.2185821533203,140.06345955714755,136.09106861510674,139.33763513663766,97918500
2022-11-04,135.95335388183594,140.1681172493776,132.0234984378513,139.59828641105477,140814800
2022-11-07,136.48387145996094,136.70983394000362,133.29086405936027,134.70561435237354,83374600
2022-11-08,137.05368041992188,138.94982808586678,135.07893386231837,137.94772594743225,89908500
2022-11-09,132.50486755371094,136.12034157773797,132.22977893126608,136.07121539704306,74917800
2022-11-10,144.29444885253906,144.29444885253906,137.0536956773793,138.7631880310501,118854000
2022-11-11,147.0748291015625,147.3793904835366,141.83829520447486,143.26287971945007,93979700
2022-11-14,145.6797332763672,147.64466090619808,144.8446330372058,146.35763570725214,73374100
2022-11-15,147.4088592529297,150.89660867721872,145.95481705312972,149.5506380930854,89868300
2022-11-16,146.18075561523438,147.2418181251695,144.70706018330316,146.51480463978803,64218300
2022-11-17,148.0769500732422,148.8236171893066,143.5870831617381,143.8621718356149,80389400
2022-11-18,148.63693237304688,150.02220984195606,147.34008803390304,149.63904958366277,74829600
2022-11-21,145.4144744873047,147.73308985978306,145.12956655626695,147.52678083863384,58724100
2022-11-22,147.54640197753906,147.7821986794849,144.3533947208252,145.53236323934706,51804100
2022-11-23,148.42080688476562,149.16747394284351,146.72113379241404,146.82920540527334,58301400
2022-11-25,145.5126953125,146.2691965387926,144.5400508786952,145.70918504900035,35195900
2022-11-28,141.69091796875,144.06847835661756,140.86565204725017,142.59478278627932,69246000
2022-11-29,138.6944122314453,142.27057984792378,137.8887997144492,141.7596944766532,83763800
2022-11-30,145.43409729003906,146.1119996275474,138.08527316426236,138.9203582971881,111380900
2022-12-01,145.70919799804688,146.51482547786148,144.03901260255705,145.61096061666942,71250400
2022-12-02,145.21800231933594,145.40467287905824,143.09587646861578,143.40045290307432,65447400
2022-12-05,144.0586395263672,148.27340168825526,143.21372024795548,145.17864740787067,68826400
2022-12-06,140.40390014648438,144.71691547188212,139.43125562304482,144.49095300364328,64727200
2022-12-07,138.46844482421875,140.85582456681212,137.54492649061714,139.69652452502783,69721100
2022-12-08,140.14845275878906,141.0032064446931,138.62564588690643,139.86354485762612,62128300
2022-12-09,139.66705322265625,143.01725827820258,138.42913927736055,139.84388950557997,76097000
2022-12-12,141.95620727539062,141.9660265170688,138.58634846990296,140.1975885864345,70462700
2022-12-13,142.91897583007812,147.34006186732648,141.71054984410077,146.87830279302864,93886200
2022-12-14,140.69863891601562,144.0881358235322,138.68458524913544,142.8011107216781,82291200
2022-12-15,134.10629272460938,139.3133532425607,133.6445335943197,138.63545090272245,98931900
2022-12-16,132.15118408203125,135.23611943482993,131.38486361161162,134.29296269794702,160156900
2022-12-19,130.04873657226562,132.82911109974094,129.01716151047765,132.74069295008061,79592600
2022-12-20,129.97996520996094,130.91330283228723,127.6122238272619,129.08591954394805,77432800
2022-12-21,133.07469177246094,134.4108428696223,130.42204304769788,130.64800547841642,85928000
2022-12-22,129.91116333007812,132.20030541745464,128.01501569466643,131.9939964474779,77852100
2022-12-23,129.54766845703125,130.0978457490201,127.3665977700706,128.62415014924704,63814900
2022-12-27,127.74974060058594,129.10554516462403,126.46271568426795,129.07607245594536,69007800
2022-12-28,123.82972717285156,128.73221899747332,123.66271014073895,127.39606774936588,85438400
2022-12-29,127.33712768554688,128.19186635387044,125.49009852746012,125.74553370652504,75703700
2022-12-30,127.6515121459961,127.67116561919678,125.19536018378078,126.15817798931155,77034200
2023-01-03,122.87672424316406,128.60448143197522,121.99250548899685,127.99535878679536,112117500
2023-01-04,124.14411926269531,126.40378887161263,122.88656686996354,124.66482384759799,89113600
2023-01-05,122.82760620117188,125.5293813261351,122.57217104073682,124.90060516942826,80962700
2023-01-06,127.34695434570312,128.00520329992693,122.699904718632,123.80026688503307,87754700
2023-01-09,127.8676528930664,131.07049435820306,127.61221771125115,128.1820484933381,70790800
2023-01-10,128.43748474121094,128.95818934117645,125.87325369613974,127.97572556898378,63896200
2023-01-11,131.14907836914062,131.1687168485226,128.17221470136022,128.94835439070522,69458900
2023-01-12,131.0704803466797,131.90556546211644,129.1350257391296,131.53223946571177,71379600
2023-01-13,132.3968048095703,132.55400260182785,129.35117628841525,129.71468306570503,57809700
2023-01-17,133.55612182617188,134.88243886666353,131.77786487384603,132.4655864864573,63646600
2023-01-18,132.83892822265625,136.1792989256054,132.6620769549058,134.42069543585905,69672800
2023-01-19,132.8979034423828,133.86071392112063,131.42420750930626,131.72876893688178,58280400
2023-01-20,135.4522705078125,135.59964906296133,131.86628386729487,132.90769302903612,80223600
2023-01-23,138.63548278808594,140.80673462294286,135.48176704430378,135.6979103035641,81760300
2023-01-24,140.0305633544922,140.64952034187644,137.83967329148908,137.84949253259393,66435100
2023-01-25,139.37229919433594,139.93229570032543,136.37578195167205,138.41930821894437,65799300
2023-01-26,141.43551635742188,141.72042430582104,139.4116280346841,140.65936144448216,54105100
2023-01-27,143.3709259033203,144.64813175929368,140.57091324840124,140.64951214628343,70555800
2023-01-30,140.49234008789062,142.99762607371383,140.34497649686972,142.41797596075202,64015300
2023-01-31,141.75970458984375,141.80883078137197,139.78495761656453,140.19759064122545,65874500
2023-02-01,142.87969970703125,144.03901475780756,138.84178798038548,141.44531098955775,77663600
2023-02-02,148.17520141601562,148.52887400177488,145.57166328269082,146.28885767804982,118339000
2023-02-03,151.79061889648438,154.62011872552648,145.23758879873273,145.43407851103754,154357300
2023-02-06,149.06922912597656,150.41521473457135,148.13589150827315,149.8945101165513,69858300
2023-02-07,151.93801879882812,152.50784959474223,147.99834440627268,147.99834440627268,83322600
2023-02-08,149.25588989257812,151.8692470443083,148.51904208604415,151.18152542311802,64120100
2023-02-09,148.22433471679688,151.62366665738756,147.78222892746496,151.08330847433277,56007100
2023-02-10,148.58834838867188,148.91305820143486,146.82706002572684,147.0632167115801,57450700
2023-02-13,151.38284301757812,151.78625678187208,148.49982115470684,148.52933886882354,62199000
2023-02-14,150.7432403564453,151.3041068890254,148.4407688328002,149.68055772689488,61707600
2023-02-15,152.83909606933594,153.00636811059493,150.42838780610393,150.6546952720313,65573800
2023-02-16,151.24508666992188,153.82306709582505,150.8908590911332,151.0482818929642,68167900
2023-02-17,150.10366821289062,150.5464488832577,148.4309328947845,149.90687847207133,59144100
2023-02-21,146.0989532470703,148.87373860585663,146.0300835825423,147.79137232815333,58867200
2023-02-22,146.5220489501953,147.54536466728035,144.80011234851025,146.4826819914061,51011300
2023-02-23,147.0041961669922,147.92912460701393,144.87884561858363,147.68313363952294,48394200
2023-02-24,144.35731506347656,144.82961341599875,143.3831856356865,144.75089452156274,55469600
2023-02-27,145.54791259765625,146.77786725557394,145.0854484451516,145.34128862301924,44998500
2023-02-28,145.04612731933594,146.68934528974674,144.47542643511753,144.69189970203135,50547000
2023-03-01,142.97979736328125,144.8690063216874,142.6846051791963,144.47542675230628,55479000
2023-03-02,143.57015991210938,144.3573339453376,141.59238308918532,142.0646965175798,52238100
2023-03-03,148.60806274414062,148.68678165578146,144.96739941181147,145.66600535471582,70732300
2023-03-06,151.36312866210938,153.79352005595112,150.9990669195326,151.32376170858595,87558000
2023-03-07,149.1689453125,151.55997057615258,148.70648104096165,151.2352606611938,56182000
2023-03-08,150.41851806640625,151.0089022608483,149.39520247867964,150.3594826497808,47204800
2023-03-09,148.17510986328125,152.06176399701366,147.82088228318355,151.09748364556307,53833600
2023-03-10,146.11862182617188,148.5194958597798,145.242894659562,147.80120650188752,68572400
2023-03-13,148.05703735351562,150.6842189540097,145.33145336527863,145.43968998615728,84457100
2023-03-14,150.1430206298828,150.94002884188114,147.6929605728649,148.85403055723415,73695900
2023-03-15,150.53662109375,150.7924462663543,147.51584514285557,148.76548332238644,77167900
2023-03-16,153.3507537841797,153.95097226183628,149.20825986230471,149.71992520737962,76161100
2023-03-17,152.51438903808594,154.22649145558808,151.80593390078133,153.57707174404283,98944600
2023-03-20,154.87586975097656,155.28914768903184,151.67798794532857,152.58324769963735,73641400
2023-03-21,156.72573852539062,156.8438093660786,154.0296725549558,154.79717806171172,73938300
2023-03-22,155.29901123046875,159.53989288471735,155.27932775015748,156.7454392443716,75701800
2023-03-23,156.38134765625,158.95934282613845,155.15139299961646,156.28296029217628,67622100
2023-03-24,157.68019104003906,157.76874417421377,155.3186840441415,156.31248202721346,59196500
2023-03-27,155.74180603027344,158.19188156427322,155.33837722493854,157.37518971960662,52390300
2023-03-28,155.1219024658203,155.94844355059743,153.47868455836303,155.4367781198492,45992200
2023-03-29,158.1918487548828,158.46735739062942,156.79462209814082,156.81429056205513,51305700
2023-03-30,159.75637817382812,159.8646148025582,158.68386113447403,158.9396863414281,49501700
2023-03-31,162.25563049316406,162.35403288236776,159.31358823359025,159.8350878653574,68749800
2023-04-03,163.5052490234375,163.6233198649464,161.586522778444,161.6357239671043,56976200
2023-04-04,162.9739227294922,164.16451047380076,162.46225736922722,163.92836877990578,46278300
2023-04-05,161.13389587402344,162.4032175003463,159.2053353608918,162.09819114468434,51511700
2023-04-06,162.01950073242188,162.31469290771022,159.40215313314846,159.82525040692016,45390100
2023-04-10,159.431640625,159.431640625,157.5129143705151,158.8314221542027,47716900
2023-04-11,158.2213897705078,159.75637097122245,157.93603184667685,159.7465367378167,47644200
2023-04-12,157.53262329101562,159.46118408911326,157.2177476424543,158.6346580327857,50133100
2023-04-13,162.90505981445312,163.14121655398105,158.83144989570576,159.0380889195549,68445600
2023-04-14,162.5606689453125,163.65286938363687,161.19295983913122,161.9506011686896,49386500
2023-04-17,162.58033752441406,162.7377753387549,161.39958394505072,162.44258319038994,41516200
2023-04-18,163.80043029785156,164.72535853269454,162.99357289670127,163.4363685512365,49923000
2023-04-19,164.9418487548828,165.46334834295578,162.8853530999642,163.14119328481948,47720200
2023-04-20,163.97755432128906,165.17799130758831,162.9050374280842,163.4265370188754,52456400
2023-04-21,162.3737335205078,163.78079474740133,161.85223383363555,162.40325123756864,58337300
2023-04-24,162.67874145507812,162.9444158925364,161.26183114076272,162.35403159020615,41949600
2023-04-25,161.14376831054688,163.6430299514636,161.10440134757968,162.54099521393778,48714100
2023-04-26,161.13389587402344,162.62952495549953,160.18929909610858,160.44512426219072,45498800
2023-04-27,165.70936584472656,165.85695442572842,162.54100085037314,162.54100085037314,64902300
2023-04-28,166.958984375,167.12627144742981,165.18786139778672,165.7880799666726,55275900
2023-05-01,166.87042236328125,167.71663185783257,165.9356597273935,166.56539597816914,52472900
2023-05-02,165.83724975585938,167.6182368189597,164.85328597063295,167.3623966257795,48425700
2023-05-03,164.76475524902344,168.17911124939818,164.47941231869004,166.78188428598025,65136000
2023-05-04,163.13137817382812,164.36133312270948,161.6751157183002,162.24581661627295,81235400
2023-05-05,170.78660583496094,171.504895212846,168.02165491497223,168.23812815446027,113453200
2023-05-08,170.7177276611328,171.06212101363838,169.35001851271124,169.71408033203093,55962800
2023-05-09,169.0154571533203,170.75706217667226,168.84818511789587,170.27492954930042,45326900
2023-05-10,170.77676391601562,171.23922812803062,169.14338031673282,170.24543004162442,53724500
2023-05-11,170.9636993408203,171.7902252766967,169.4090348343318,171.0621017201797,49514700
2023-05-12,170.03753662109375,171.5056611983073,168.4905692075404,171.07211580763337,45533100
2023-05-15,169.5448455810547,170.66811525184778,168.95364468701064,170.6188460048669,37266700
2023-05-16,169.5448455810547,170.5991352991019,169.27880367524853,169.46601779285794,42110300
2023-05-17,170.15574645996094,170.39221479568312,167.91905489711874,169.19013234108013,57951600
2023-05-18,172.48110961914062,172.6683237371227,170.04735615510018,170.46119076780954,65496700
2023-05-19,172.58950805664062,173.80145343851697,172.37273538217633,173.80145343851697,55809500
2023-05-22,171.64356994628906,172.1460951955022,170.9045763773169,171.42679729660153,43570900
2023-05-23,169.0423583984375,170.83565715552854,168.76646859501835,170.58932589998525,50747300
2023-05-24,169.31822204589844,169.8897122746601,168.0176010356781,168.57922839342694,45143500
2023-05-25,170.4513397216797,171.3479738482291,169.17041449607095,169.8798495430277,56058300
2023-05-26,172.85552978515625,173.19055165787438,170.56958397024448,170.77650880236848,54835000
2023-05-30,174.69808959960938,176.36329091292328,173.978806707213,174.36308277683443,55964400
2023-05-31,174.6488494873047,176.7180379211288,174.16603484344822,174.72767728843633,99625300
2023-06-01,177.44711303710938,177.47667157389162,174.33348352725068,175.09218771933737,68901800
2023-06-02,178.29454040527344,179.11236188910445,176.62933889294345,178.37336820267623,61996900
2023-06-05,176.94464111328125,182.2358308287415,175.4272324012079,179.949884959394,121946500
2023-06-06,176.580078125,177.476712338109,174.8261860088602,177.32891962025158,64848400
2023-06-07,175.21047973632812,178.55073052308683,174.71781728969785,175.82137635899298,61944600
2023-06-08,177.9201202392578,178.18614713091944,174.85575927069235,175.2892895872439,50214900
2023-06-09,178.30438232421875,179.55573399442156,177.9792233362159,178.83645110058313,48900000
2023-06-12,181.09283447265625,181.19137296447727,178.31422641468646,178.60982685528654,54274900
2023-06-13,180.61990356445312,181.44757286544584,179.7626757194867,180.1173932820357,54929100
2023-06-14,181.25050354003906,181.684048880549,179.34883379218707,180.67901332162722,57462900
2023-06-15,183.28024291992188,183.78276814166122,181.08297303806762,181.26033930305263,65433200
2023-06-16,182.2062530517578,184.245882524342,181.56579797087073,183.98968846409701,101256200
2023-06-20,182.29493713378906,183.36895259993452,181.7037512704965,181.7037512704965,49799100
2023-06-21,181.2603759765625,182.68909408055805,179.91047063421516,182.18656875714527,49515700
2023-06-22,184.2557373046875,184.3050065515812,180.97460392176268,181.0435838743865,51245300
2023-06-23,183.94041442871094,184.807505007212,182.29492392440986,182.82700770116728,53117000
2023-06-26,182.55113220214844,185.29033397781694,182.51171079012911,184.0882365039062,48088700
2023-06-27,185.3001708984375,185.6253298715582,182.94524533692336,183.1620179856705,50730800
2023-06-28,186.4727325439453,187.11318769857849,184.84695251457532,185.17209649255778,51216800
2023-06-29,186.80772399902344,187.2806907250245,186.16726889716722,186.3052137668684,46347300
2023-06-30,191.1234893798828,191.62599971188075,188.45325204350277,188.81783251325766,85213200
2023-07-03,189.63563537597656,191.03479491877454,188.94589592351636,190.9362564156046,31458200
2023-07-05,188.52218627929688,190.14796610334872,187.82259909124357,188.75866963191964,46920300
2023-07-06,188.9951629638672,189.20208780415717,186.42346442381324,187.05407174607458,45094300
2023-07-07,187.88172912597656,189.84253092683244,187.4481988352347,188.60102706839623,46815000
2023-07-10,185.84213256835938,187.20188576037833,184.29516523716504,186.4825877482977,59922200
2023-07-11,185.31991577148438,186.52201339622226,183.8616390759319,186.3840685065736,46638100
2023-07-12,186.98509216308594,188.88676181703667,185.70416691161034,186.89640150427806,60750200
2023-07-13,187.74378967285156,188.38425984411805,186.99494820191867,187.70438329432415,41342300
2023-07-14,187.89158630371094,188.37438582770977,186.8471444335954,187.4383302857117,41616200
2023-07-17,191.1431427001953,191.4683016532262,188.99512705028692,189.0838026643331,50520200
2023-07-18,190.88699340820312,191.47819437683242,189.5962201627232,190.5125801606121,48288200
2023-07-19,192.2368621826172,195.3209183853995,189.82280454932882,190.26621270882248,80507300
2023-07-20,190.29579162597656,193.58677299126168,189.67503216410122,192.22701989757815,59581200
2023-07-21,189.123291015625,192.10882469086232,188.42370362028387,191.2515967152596,71951700
2023-07-24,189.9213409423828,192.04964595897565,189.42867857936756,190.57165886992988,45377800
2023-07-25,190.77859497070312,191.58656857428397,190.08887057427083,190.49285737606127,37283200
2023-07-26,191.6456756591797,192.7689453418544,190.48299959942145,190.82785426220883,47471900
2023-07-27,190.3844451904297,194.3060333990039,189.72427942670237,193.1433574364322,47460200
2023-07-28,192.95614624023438,193.7444090416655,191.29094501886246,191.8131659299023,48291400
2023-07-31,193.5670623779297,193.60648379116893,192.39452340931743,193.1827862905988,38824100
2023-08-01,192.73939514160156,193.842954166062,192.41423613585215,193.3601546102926,35175100
2023-08-02,189.75384521484375,192.3156805851802,189.03456234552243,192.17773571935334,50389300
2023-08-03,188.36453247070312,189.54691917513858,187.89158079590146,188.7586713954234,61235200
2023-08-04,179.3192596435547,184.6301595328746,179.25027969317492,182.79745486603875,115956800
2023-08-07,176.22537231445312,180.4425618735659,174.7473848978987,179.45723692919626,97576100
2023-08-08,177.16139221191406,177.62449604499406,174.97397007455905,177.05300588853657,67823000
2023-08-09,175.5750274658203,178.27480777933516,174.41233639065635,178.2156906972674,60378500
2023-08-10,175.3582763671875,178.097478428752,174.9937109597073,176.84611157664116,54686900
2023-08-11,175.41744995117188,176.2363757071569,174.1940069392339,174.95373578240464,52036700
2023-08-14,177.06515502929688,177.29208151781367,174.943837241764,175.59503330985302,43675600
2023-08-15,175.08197021484375,177.08487915778778,174.68731413890805,176.49289504388423,43622600
2023-08-16,174.21376037597656,176.15745776554937,174.14468726786023,174.7662850202376,46964900
2023-08-17,171.67803955078125,175.1411945839284,171.1649745274817,174.7761369036864,66062900
2023-08-18,172.1614990234375,172.76335939467492,169.6652621694116,170.0007213782545,61172200
2023-08-21,173.49346923828125,173.77960771425435,171.4215020828672,172.7337554755455,46311900
2023-08-22,174.8649139404297,175.30890581271296,173.89799596554266,174.69718434668556,42038900
2023-08-23,178.70301818847656,179.12728783194132,175.9502562936072,176.1377232252428,52722800
2023-08-24,174.0262451171875,178.6832587618648,173.66117246380833,178.25898920663042,54945800
2023-08-25,176.22653198242188,176.7593193055493,173.47376987845638,175.01294998434398,51449600
2023-08-28,177.78543090820312,178.1800870283186,176.1673167274641,177.6867593505913,43820700
2023-08-29,181.66299438476562,182.43258442181371,177.10465107991652,177.3019791564373,53003900
2023-08-30,185.14585876464844,185.34320186637345,182.27470331859433,182.47203136515444,60813900
2023-08-31,185.36293029785156,186.59624944883035,184.9781353249528,185.33333184264131,60794500
2023-09-01,186.93174743652344,187.38560051082152,185.76748618147488,186.96134589549212,45766500
2023-09-05,187.1685333251953,187.44479564304942,185.1064270757959,185.7674844117445,45280000
2023-09-06,180.46913146972656,186.32986658571798,179.04834537431464,185.88585963952747,81755800
2023-09-07,175.1905517578125,175.8318868790433,171.22419235116297,172.84230680208358,112488800
2023-09-08,175.80224609375,177.8347687964352,175.417451102765,175.96999075471308,65551300
2023-09-11,176.96652221679688,177.8939807491613,174.9734739911946,177.66705421097663,58953100
2023-09-12,173.94732666015625,177.72621814105926,172.48708107979573,177.09475937210624,90370200
2023-09-13,171.88525390625,174.93401565723292,171.65831231126361,174.15454941477398,84267900
2023-09-14,173.3948211669922,173.75001770449512,171.26364194197464,171.67803539320033,60895800
2023-09-15,172.67454528808594,174.14466716160445,171.50043808217407,174.12492983939754,109259500
2023-09-18,175.59507751464844,176.98626535892447,173.81909463420754,174.12495542511192,67257600
2023-09-19,176.68038940429688,177.23291401853146,174.7662755227223,175.15107052586188,51826900
2023-09-20,173.1481475830078,177.30195805066697,173.0593371622532,176.86782730089922,58436200
2023-09-21,171.60899353027344,173.94737743416857,171.5399354700809,172.22073021215786,63149100
2023-09-22,172.4574737548828,174.71692282922322,171.72735846610487,172.33907993619778,56725400
2023-09-25,173.7302703857422,174.6083930174941,171.82601779128095,171.87535356826675,46172700
2023-09-26,169.66526794433594,172.8620217812148,169.3692683155077,172.4871029695211,64588900
2023-09-27,168.15565490722656,170.730825832551,166.79408083596385,170.31643241476104,66921800
2023-09-28,168.41220092773438,169.73431545858824,165.38316183381656,167.0802102082604,56294400
2023-09-29,168.92527770996094,170.76045735672912,168.06687727418498,169.7244661753788,51861100
2023-10-02,171.4313507080078,171.97401410977108,168.64897565996583,168.9351141150612,52164500
2023-10-03,170.0994110107422,171.31300817848214,168.54050848834052,169.96127983577614,49594600
2023-10-04,171.34259033203125,171.88525384459265,168.68848474300435,168.80687858022958,53020300
2023-10-05,172.5758819580078,173.10866919518492,170.3756298015613,171.47081778563683,48527900
2023-10-06,175.12147521972656,175.61480292776608,170.8689777300858,171.48071432556827,57266700
2023-10-09,176.60145568847656,176.66065260372454,173.45402254968238,174.45053908507856,42390800
2023-10-10,176.0094757080078,177.32172934204314,175.57534487507363,175.7233522345748,43698000
2023-10-11,177.40060424804688,177.4499400180442,175.2299658646333,175.8219499391116,47551100
2023-10-12,178.29852294921875,179.90676118500224,176.6507950071692,177.6670640281674,56743100
2023-10-13,176.46334838867188,179.5022341867499,175.76281633481818,178.99904528395493,51427100
2023-10-16,176.33505249023438,176.69024903281087,174.15453745424634,174.39134016768617,52517000
2023-10-17,174.78598022460938,176.03903666999224,172.46734930467605,174.29265257502803,57549400
2023-10-18,173.49346923828125,175.21025492862336,172.77321506438722,173.23694427289632,54764400
2023-10-19,173.11854553222656,175.46677490830675,172.85214438582656,173.69079235758196,59302900
2023-10-20,170.5729522705078,173.07904980247298,170.33614960754002,172.97051713050814,64244000
2023-10-23,170.69137573242188,171.68789221712717,167.66233657820504,168.62926966195786,55980100
2023-10-24,171.12548828125,171.3524147723922,169.16203892177992,170.74069333750268,43816600
2023-10-25,168.81674194335938,170.75057806188605,168.3727349771656,169.58633193718455,57157000
2023-10-26,164.66290283203125,169.09299056011605,163.45918215856796,168.0964590692853,70625300
2023-10-27,165.97518920898438,166.70531969794123,164.60373866788856,164.68267291441106,58499100
2023-10-30,168.01754760742188,168.88580920893756,166.61649869462795,166.76450604315932,51131000
2023-10-31,168.49110412597656,168.61935905792402,165.65939360888967,167.09005562005316,44846000
2023-11-01,171.64846801757812,171.9049930418825,167.84983811075637,168.71809981635425,56934900
2023-11-02,175.20040893554688,175.40759814141026,173.118565411641,173.17776232760195,77334800
2023-11-03,174.29266357421875,174.46040823420765,171.03671292563865,171.91483559510309,79829200
2023-11-06,176.8382110595703,177.03553909275448,173.85852313161243,174.02625271257716,63841300
2023-11-07,179.39370727539062,180.00542885763969,176.5817331247381,176.78892234542403,70530000
2023-11-08,180.44943237304688,181.00195707049215,179.1667771510238,179.91664500198718,49340300
2023-11-09,179.97581481933594,181.6629871195562,179.3838155582821,180.51847829944086,53763500
2023-11-10,184.15481567382812,184.3227812986762,181.31938949841762,181.75409213332327,66133400
2023-11-13,182.57411193847656,183.7892925333636,181.9912220269046,183.58183039704093,43627500
2023-11-14,185.18235778808594,185.84428607992842,184.05608926427885,185.43922075842696,60108400
2023-11-15,185.7454833984375,187.21754232445392,185.51825788469085,185.58742199648478,53790500
2023-11-16,187.42498779296875,188.6599317940755,186.37774261703024,187.2866746678448,54412900
2023-11-17,187.40525817871094,188.08694980194565,186.29875297867935,187.95851077872672,50922700
2023-11-20,189.14402770996094,189.598493753426,187.59294582194016,187.60281994734135,46505100
2023-11-21,188.3437957763672,189.21320125507725,187.45464204586924,189.10452557023848,38134500
2023-11-22,189.00570678710938,190.60618938615343,188.53149251239262,189.18354656200316,39617700
2023-11-24,187.68185424804688,188.60064536615056,186.970525284031,188.57100791556658,24048300
2023-11-27,187.50401306152344,188.37341847212542,186.62473352580105,187.6324520630897,40552600
2023-11-28,188.106689453125,188.77850691885152,187.11873411970524,187.4941619704054,38415400
2023-11-29,187.08909606933594,189.77633577367203,186.6939199672285,188.60066651864972,43014200
2023-11-30,187.66209411621094,188.02764780463457,185.92329832735996,187.55341843722022,48794400
2023-12-01,188.9365692138672,189.25270705783993,186.95076949469112,188.0375263099119,45704800
2023-12-04,187.1483154296875,187.76085780364798,185.19216867735597,187.69169371505666,43389500
2023-12-05,191.09030151367188,192.05849343193452,187.8893210956394,187.91897362196437,66628400
2023-12-06,190.0035400390625,192.41413792119363,189.79606282635905,192.10787423934497,41089700
2023-12-07,191.93006896972656,192.6512720749557,191.2582515665674,191.29777821822415,47477700
2023-12-08,193.35272216796875,193.62934842275146,191.33728508312288,191.86090014217592,53406400
2023-12-11,190.8531951904297,191.15947399253523,189.11439931154695,190.78404615931,60943700
2023-12-12,192.36476135253906,192.3746354774224,189.41076991243543,190.75438957156285,52696900
2023-12-13,195.57566833496094,195.61517992012492,192.503126269579,192.74022593057063,70404200
2023-12-14,195.7238006591797,197.2156075489979,193.79729107961322,195.63488831127654,66831600
2023-12-15,195.19029235839844,196.01028180866058,194.6271507268951,195.1507657132062,128538400
2023-12-18,193.53054809570312,194.26164038796966,192.0486152607036,193.72813612536964,55751900
2023-12-19,194.56790161132812,194.57777573643529,193.5305456250714,193.79729775296602,40714100
2023-12-20,192.48330688476562,195.29897006409448,192.48330688476562,194.52836624027822,52242800
2023-12-21,192.33511352539062,194.70621508029078,191.16933361068988,193.73802319308166,46482500
2023-12-22,191.26812744140625,193.05632389177538,190.64571085868127,192.82908334808235,37149600
2023-12-26,190.72479248046875,191.5546713962727,190.50744108704347,191.2780450910047,28919300
2023-12-27,190.8235626220703,191.16935301152336,188.7883770898652,190.1715235726757,48087700
2023-12-28,191.2483673095703,192.3153607227681,190.8433020640508,191.80161980345068,34049900
2023-12-29,190.2110137939453,192.05848519728596,189.42064661751613,191.56450759639273,42672100
2024-01-02,183.4040069580078,186.17028459685415,181.6750853181039,184.89581391743906,82488700
2024-01-03,182.03076171875,183.6411336613478,181.22063114701328,182.00112426612563,58414500
2024-01-04,179.71893310546875,180.88471299934187,178.70134046081682,179.95603270422265,71983600
2024-01-05,178.99771118164062,180.5586821654936,177.99988188294327,179.79796753554595,62379700
2024-01-08,183.32496643066406,183.36449308108033,179.3138706884217,179.89676064456035,59144500
2024-01-09,182.9100341796875,182.9199083051763,180.52905841182087,181.7047275700206,42841800
2024-01-10,183.9473876953125,184.1548498527509,181.70472508990332,182.12955368013527,46792900
2024-01-11,183.3546142578125,184.7970355796361,181.4083411771675,184.29316874581366,49128400
2024-01-12,183.6806640625,184.49079471725477,182.95946084973255,183.8189772139212,40477800
2024-01-16,181.41824340820312,182.04064501968628,178.75075193755313,179.96594785640553,65603000
2024-01-17,180.47964477539062,180.72663357001974,178.12832170152117,179.08663943068214,47317400
2024-01-18,186.35801696777344,186.86186875433015,183.59173905481111,183.84860201119264,78005800
2024-01-19,189.25271606445312,189.63801803091337,186.5457281731689,187.04957995238564,68903000
2024-01-22,191.55462646484375,192.97728431537942,189.94425472083472,189.98378136946042,60133900
2024-01-23,192.8291015625,193.39224330006388,191.49537099853464,192.67104017695664,42355600
2024-01-24,192.15731811523438,194.0146790217886,191.99924163914412,193.06623524024957,53631300
2024-01-25,191.8312530517578,193.9059649333701,190.78402298627717,192.86860899256396,54822100
2024-01-26,190.10232543945312,192.41413683944202,189.6281111952244,191.93004847085402,44594000
2024-01-29,189.420654296875,189.88499446653958,187.29655655692048,189.69728055859,47145600
2024-01-30,185.77508544921875,189.48980657471878,185.21195883551243,188.64016451675863,55859400
2024-01-31,182.17893981933594,184.846431021382,182.12955411744667,184.7871410441138,55467800
2024-02-01,184.6093292236328,184.69824158324056,181.6059517240919,181.77390231724044,64885400
2024-02-02,183.6114959716797,185.07366557426653,177.0909850527091,177.6936383802958,102551700
2024-02-05,185.41943359375,186.97053056814926,183.60159955655655,185.88377376602236,69668800
2024-02-06,187.01992797851562,187.02980210381148,184.5204024536245,184.60931480628852,43490800
2024-02-07,187.12860107421875,188.74884702540382,186.33823388644547,188.3437817688575,53439000
2024-02-08,186.05174255371094,187.25703410679802,185.09342474162452,187.1088468471974,40962000
2024-02-09,186.81344604492188,187.9411516715375,185.97260641439556,186.61559077121817,45155200
2024-02-12,185.13172912597656,186.63534135369167,184.7756108376818,186.38803740610462,41781900
2024-02-13,183.0445098876953,184.2019058140478,181.53101071537256,183.76664838776776,56529500
2024-02-14,182.1641082763672,183.5292310959524,180.472557481369,183.3215042025078,54630500
2024-02-15,181.8772430419922,182.50045391335385,179.39431647047905,181.57058851615943,65434500
2024-02-16,180.34396362304688,182.8565806751117,179.71086599707365,181.44199396902647,49752500
2024-02-20,179.60205078125,180.46266385305907,178.0588762686663,179.82956623009554,53665600
2024-02-21,180.35385131835938,180.91769653606136,178.71174929095213,179.9779444437335,41371400
2024-02-22,182.38172912597656,182.9653779737103,180.49233824441416,181.50132758611662,52292200
2024-02-23,180.55169677734375,183.04451006700117,180.2648157032703,183.0148347964746,45119700
2024-02-26,179.2063446044922,180.78908088671756,178.70183486744935,180.2746995194681,40867400
2024-02-27,180.66049194335938,181.9365737231629,177.62359209867634,179.14699293032547,54318900
2024-02-28,179.46356201171875,181.145226165725,178.18748003378263,180.54180381169616,48953900
2024-02-29,178.80076599121094,180.6011460945577,177.59392143922238,179.31516246277232,136682600
2024-03-01,177.72251892089844,178.5831318593588,175.46710804516843,177.61370457626955,73563100
2024-03-04,173.2117156982422,174.99229230011673,171.9158301484072,174.25038035125658,81510100
2024-03-05,168.28541564941406,170.18470849670402,167.79080766540406,168.91851326517738,95132400
2024-03-06,167.29617309570312,169.39332087872134,166.8609157238647,169.21525418377138,68587700
2024-03-07,167.17750549316406,168.88884496206234,166.67301076258389,167.32588185679398,71765100
2024-03-08,168.8888397216797,171.82681238429842,167.11814976227143,167.17750030588184,76267000
2024-03-11,170.88705444335938,172.49948126334272,170.1946063009313,171.07500788792643,60139500
2024-03-12,171.3618621826172,172.15323790323208,169.16580172767317,171.28272310113206,59825400
2024-03-13,169.2845001220703,171.32228220007605,168.91848002185432,170.90681338658084,52488700
2024-03-14,171.13433837890625,172.43020869953008,170.1945863604126,171.04531257693264,72913500
2024-03-15,170.75845336914062,170.75845336914062,168.45357838204507,169.3240932528417,121752700
2024-03-18,171.8466033935547,175.79358063684148,171.6487632139381,173.67665901704393,75604200
2024-03-19,174.1811065673828,174.70538969378728,171.16399558905152,172.45986577296577,55215200
2024-03-20,176.7432098388672,176.7432098388672,173.2018149693641,173.82502584048726,53423100
2024-03-21,169.52191162109375,175.57592275278003,168.9976284397713,175.1406653733646,106181300
2024-03-22,170.42213439941406,171.18383495977668,168.22607363158104,169.90773784358905,71160100
2024-03-25,169.00753784179688,170.08577952012527,167.6226265638577,168.7305586050563,54288300
2024-03-26,167.87982177734375,169.5713723598813,167.7512188918725,168.16668772081567,57388400
2024-03-27,171.44102478027344,171.7279058767874,168.27553655784754,168.57230438056465,60273300
2024-03-28,169.63072204589844,170.37263389978352,168.67118150733492,169.89781453968297,65672700
2024-04-01,168.1963653564453,169.40320986933065,167.65229363436822,169.34385933496506,46240500
2024-04-02,167.0192108154297,167.51381877100314,166.41578850586058,167.25662806803024,49329500
2024-04-03,167.82049560546875,168.83938692190523,166.76204228878962,166.9697692049817,47691700
2024-04-04,166.99942016601562,170.06598011820813,166.99942016601562,168.45355351894443,53704400
2024-04-05,167.75123596191406,168.5524984345705,167.12802510796487,167.7611226870966,42104800
2024-04-08,166.6334228515625,167.37533481002382,166.4256959559663,167.20716991074772,37425500
2024-04-09,167.8402557373047,168.2458378687617,166.53449863101693,166.88071513080217,42373800
2024-04-10,165.97064208984375,167.2665125006067,165.30786924976792,166.97964653177021,49709300
2024-04-11,173.15234375,173.5678277091418,166.34654865134516,166.5246002673459,91070300
2024-04-12,174.6460723876953,176.43655077441642,172.33131077483722,172.38075949507746,101670900
2024-04-15,170.82769775390625,174.72521085075485,170.63974431610336,173.46890241983837,73531800
2024-04-16,167.55340576171875,171.88616144450353,166.45537543168857,169.89784277952464,73711200
2024-04-17,166.18829345703125,168.8097099054139,166.18829345703125,167.78093187309736,50901200
2024-04-18,165.23863220214844,166.8213838226369,164.7539260277304,166.21796146542746,43122900
2024-04-19,163.22061157226562,164.60550769336635,162.31053482208006,164.41756936525925,68149400
2024-04-22,164.05157470703125,165.4562595890904,162.993121456103,163.73503344203667,48116400
2024-04-23,165.1001434326172,165.24853488832454,163.14149999003314,163.56687071664174,49537800
2024-04-24,167.19728088378906,167.47426013692973,164.41758653276062,164.74401450706145,48251800
2024-04-25,168.05787658691406,168.77011319134087,166.33663561051003,167.70175828470067,50558300
2024-04-26,167.47427368164062,169.49226770262163,167.35555749623813,168.04802077933093,44838400
2024-04-29,171.62896728515625,174.13168243053624,171.2332869429431,171.5003643815301,68169400
2024-04-30,168.49313354492188,173.10288291918897,168.16669051085722,171.46078102452523,65934800
2024-05-01,167.47427368164062,170.84750390177777,167.28632022447192,167.75125295718234,50383100
2024-05-02,171.16404724121094,171.54984088638673,169.04712555589578,170.649650682897,94214900
2024-05-03,181.40243530273438,184.98339240032777,180.69019857365393,184.63716076188317,163224100
2024-05-06,179.7504425048828,182.2135806366563,178.47434543693257,180.383540128798,78569700
2024-05-07,180.4329833984375,182.90602327557747,179.36464345444207,181.4716631656838,77305800
2024-05-08,180.7693328857422,181.09577596912635,179.49323582394607,180.87814724687024,45057100
2024-05-09,182.57957458496094,182.6686003878229,180.14609698041687,180.59124108896245,48983000
2024-05-10,181.3215789794922,183.34230991411323,180.4102677646858,183.15410154420678,50759500
2024-05-13,184.52105712890625,185.33332156582821,182.87672798687535,183.68899242379732,72044800
2024-05-14,185.6602020263672,186.52199740854093,184.53096697721375,185.73944844741243,52393600
2024-05-15,187.92857360839844,188.84978484549154,185.6007573941714,186.13566691836786,70400000
2024-05-16,188.0474395751953,189.2955517477419,187.86914647323638,188.6714956614686,52845200
2024-05-17,188.07716369628906,189.0082902438942,187.3936765447615,187.72056236134898,41282900
2024-05-20,189.23609924316406,190.10779468490833,187.2252687157197,187.54225437261144,44361300
2024-05-21,190.53375244140625,190.91015403566988,189.11724727296848,189.28564024416437,42309400
2024-05-22,189.09742736816406,190.999311136132,188.47338639917342,190.45450146899057,34648500
2024-05-23,185.11538696289062,189.19647894959962,184.86774759253774,189.17666356785324,51005900
2024-05-24,188.18614196777344,188.78048261582597,186.26445766907554,187.03710655742805,36327000
2024-05-28,188.196044921875,191.1776178733189,187.31444925751387,189.70168159973719,52280100
2024-05-29,188.4932098388672,190.43470949642946,187.72057607583483,187.81963788738682,53068000
2024-05-30,189.4837646484375,190.36536034504638,188.83000809203267,188.9587703074631,49889100
2024-05-31,190.4346923828125,190.7516780595243,188.1167913020161,189.6323431713606,75158300
2024-06-03,192.19790649414062,193.14884852262287,190.7021698304424,191.07857147290113,50080500
2024-06-04,192.51487731933594,193.47571940906454,191.2073340206378,192.80213237542046,47471400
2024-06-05,194.0205078125,195.04078090785526,193.02995023528447,193.55494454203196,54156800
2024-06-06,192.64361572265625,194.64454607729934,192.33654532022595,193.8421969316698,41181800
2024-06-07,195.03089904785156,195.08042995429523,192.3068654552658,192.8120444256859,53103900
2024-06-10,191.29649353027344,195.43703247512377,190.33565137548777,195.04080033594326,97010200
2024-06-11,205.1940155029297,205.2039307530545,191.80168667352532,191.82148694435384,172373300
2024-06-12,211.05810546875,218.12077055688877,204.94635205432962,205.4119153142898,198134300
2024-06-13,212.21707153320312,214.70336573665497,209.60200000148347,212.71235034689784,97862700
2024-06-14,210.48358154296875,213.13826855094433,209.30481562722255,211.8307404302917,70122700
2024-06-17,214.62411499023438,216.88258512602053,210.71141546378874,211.35527186274084,93728300
2024-06-18,212.26657104492188,216.56560230529576,210.9887584540523,215.5354139875743,79943300
2024-06-20,207.7001190185547,212.2170745602359,206.87796947703916,211.90998899500866,86172500
2024-06-21,205.53079223632812,209.88923942625428,205.15437552925596,208.40340309586463,241805100
2024-06-24,206.1746826171875,210.69162338847192,204.63931513285507,205.75865018980198,80727000
2024-06-25,207.0959014892578,209.3840873125504,206.64023830581658,207.1751328027417,55549700
2024-06-26,211.23641967773438,212.83121810497767,208.6510635966682,209.5029437835443,66213200
2024-06-27,212.0784149169922,213.70292898101007,210.34493889866226,212.66284034706985,49772700
2024-06-28,208.63125610351562,214.02980761283354,208.3142855019514,213.73263728250333,82542700
2024-07-01,214.703369140625,215.4561875080808,209.91897391071575,210.0873668962765,60402900
2024-07-02,218.19012451171875,218.29908645117231,213.0689435868198,214.1090169642201,58046200
2024-07-03,219.45803833007812,219.45803833007812,216.96182895702523,217.92267103394255,37369800
2024-07-05,224.2028045654297,224.3117665065084,219.55708698216947,219.55708698216947,60412400
2024-07-08,225.66885375976562,225.69856928044194,221.14199799041046,224.9457357840812,59085900
2024-07-09,226.52072143554688,227.23392416937492,224.23253562897796,225.77780318070188,48076100
2024-07-10,230.78009033203125,230.87915213144032,227.08531495764143,227.13484585734597,62627700
2024-07-11,225.4212188720703,230.19569903805672,223.63821202212716,229.2051413563895,64710600
2024-07-12,228.3631591796875,230.44333633793113,226.52072130415218,226.75846058686048,53046500
2024-07-15,232.1866912841797,234.98997105632398,230.88906326950251,234.24705286947437,62631300
2024-07-16,232.60276794433594,234.03907359612094,230.13627381333595,232.78106107648213,43234300
2024-07-17,226.71885681152344,229.27449755440023,224.50000206743292,227.28346685481674,57345900
2024-07-18,222.0631866455078,228.2640866473074,220.1712331922365,228.10559381010606,66034600
2024-07-19,222.1919708251953,224.65846466815103,221.17169771561296,222.6971648700337,49151500
2024-07-22,221.84527587890625,225.6291978658938,220.98348053112068,224.86646431913928,48201800
2024-07-23,222.8853759765625,224.7971601400939,220.57737479075328,222.25141967209163,39960300
2024-07-24,216.47645568847656,222.67735606492835,215.0797809310421,221.88490694575157,61777600
2024-07-25,215.4364013671875,218.76467587085634,212.59349046705276,216.86279177043605,51391200
2024-07-26,215.90194702148438,217.41749898154802,213.9703475571551,216.6349499920164,41601300
2024-07-29,216.17929077148438,217.22927938341869,213.7127969665886,214.91137828370984,36311800
2024-07-30,216.7340087890625,218.24956072806748,214.07930652606245,217.1203256536185,41643800
2024-07-31,219.98306274414062,221.70663863761098,218.54675705693774,219.34910640080292,50036300
2024-08-01,216.2981719970703,222.36038006072013,214.97082835556836,222.25141811315143,62501000
2024-08-02,217.7840118408203,223.46981835778237,215.6543188775265,217.0807092384795,105568600
2024-08-05,207.29400634765625,211.4840610296135,194.14930192882554,197.21012147966275,119548600
2024-08-06,205.2732391357422,208.00718767754023,199.1714160471065,203.3614702980554,69660500
2024-08-07,207.83880615234375,211.62272838414273,204.441185671316,204.9463646139573,63516400
2024-08-08,211.2958526611328,212.17744837655164,206.8581585633277,211.097744151489,47161100
2024-08-09,214.1981964111328,214.7330909034816,209.96851092003678,210.09728825409005,42201600
2024-08-12,215.7254180908203,217.68898821235913,213.81143620679725,214.27753840147545,38028100
2024-08-13,219.43438720703125,220.04923895369578,217.19312608520667,217.19312608520667,44155300
2024-08-14,219.8806610107422,221.17979111862692,217.8774142480331,218.7402072098891,41960600
2024-08-15,222.85574340820312,223.480521824665,220.91199674154595,222.73674376019267,46414000
2024-08-16,224.1747283935547,224.94825642777528,221.79462933024135,222.06239369045758,44340200
2024-08-19,224.01605224609375,224.11522871504155,221.18968933533225,223.84746435464618,40687800
2024-08-20,224.6309051513672,225.28543353253482,223.57970115675508,223.8970537532744,30299000
2024-08-21,224.5218505859375,226.08874521756795,223.18305884166446,224.64086539349128,34765500
2024-08-22,222.6673583984375,226.44574924370923,222.04257986640772,225.90030886909642,43695300
2024-08-23,224.95816040039062,226.32671693712516,222.46898849072514,223.78795679469894,38677300
2024-08-26,225.2953643798828,225.39454085782168,222.0326640536948,224.87885041051024,30602200
2024-08-27,226.1383056640625,226.95151036486342,223.02435510684418,224.12514736512034,35934600
2024-08-28,224.611083984375,227.95312221094204,223.80779089178384,226.02921369079436,38052200
2024-08-29,227.88369750976562,230.98773644426686,226.98125820388418,228.19113851748892,51906300
2024-08-30,227.1002655029297,228.4886453526855,225.59287085733376,228.28039594132485,52990800
2024-09-03,220.9219512939453,227.10026429068756,219.335218503661,226.65400042223428,50190600
2024-09-04,219.01788330078125,219.94016096302124,215.67582978550038,219.82116129878526,43840200
2024-09-05,220.53517150878906,223.60944526365165,219.6823053430495,219.79139340374425,36615400
2024-09-06,218.98812866210938,223.37145940933704,217.94683622588397,222.09215251756703,48423000
2024-09-09,219.07737731933594,219.4343914347755,214.91222272734436,218.98812757352732,67180000
2024-09-10,218.2840118408203,219.6426417511051,214.9320468059923,217.10388142289187,51591000
2024-09-11,220.81285095214844,221.23927647566495,216.0824178921796,219.62280899168329,44587100
2024-09-12,220.9219512939453,221.69547936785247,217.9964268983011,220.6541869199912,37455600
2024-09-13,220.65419006347656,222.18140791181287,220.06908820245332,221.72523244234597,36766600
2024-09-16,214.52545166015625,215.41797935337752,212.14535259122513,214.7436126542421,59357400
2024-09-17,214.99154663085938,215.1006346980314,212.72055067344832,213.96018092212807,45519300
2024-09-18,218.85922241210938,220.86246931704028,215.73534481599032,215.74527154351298,59894900
2024-09-19,226.97132873535156,227.91345980340301,222.7665127356472,223.12352684243388,66781300
2024-09-20,226.30690002441406,231.15633305592988,225.7317097608303,228.06222073119503,318679900
2024-09-23,224.5912628173828,227.54653724680347,223.93673438033483,225.45404067299683,54146000
2024-09-24,225.48377990722656,227.44736512534206,223.85738561877668,226.75316007712865,43556100
2024-09-25,224.49205017089844,225.40441611848388,222.16155463706056,223.0639938591287,42308700
2024-09-26,225.63253784179688,226.60440369502516,223.54004142995942,225.41436171300208,36636700
2024-09-27,225.90029907226562,227.6159582791164,225.41437368594384,226.56475422029098,34026000
2024-09-30,231.0670928955078,231.0670928955078,227.7448775670891,228.13164162372897,54541900
2024-10-01,224.33340454101562,227.74485413807125,221.88389405688537,227.615942887257,63285000
2024-10-02,224.898681640625,225.48378349827837,221.16987922367838,224.0160654907427,32880600
2024-10-03,223.79786682128906,224.92840891217833,221.4673712198949,223.27226484855484,34044200
2024-10-04,224.9185028076172,226.1085447535635,222.27065455992025,226.00936828631617,37245100
2024-10-07,219.85092163085938,223.81773870352313,219.4939074890314,222.63760820325265,39505400
2024-10-08,223.8970489501953,224.10529834651464,221.39795026893304,222.4392426471427,31855700
2024-10-09,227.63577270507812,227.84403724277382,222.96485445261254,223.36153007501719,33591100
2024-10-10,227.13992309570312,227.59611368544336,225.28544108575701,225.89038125247495,28183500
2024-10-11,225.6623077392578,227.5068782710055,225.45404318616428,227.39779019694814,31759200
2024-10-14,229.38119506835938,229.80762063057296,226.70359663127624,226.80275797652766,39882100
2024-10-15,231.91004943847656,235.51985237359267,230.4423162246621,231.67203496624026,64751400
2024-10-16,229.85720825195312,230.19438406287304,227.9332995992129,229.67870875165642,34082200
2024-10-17,230.22412109375,231.91003031839952,228.60765355789445,231.49350124327563,32993800
2024-10-18,233.0504913330078,234.2206950473064,232.0686987091599,234.2206950473064,46431500
2024-10-21,234.51820373535156,234.88514457730523,232.5050454306036,232.5050454306036,36254500
2024-10-22,233.90333557128906,234.26034966164363,230.67038557078126,231.9496772340994,38846600
2024-10-23,228.84564208984375,233.18931106897517,225.87052966736016,232.1381071008503,52287000
2024-10-24,228.65725708007812,228.9051831435476,226.51517225997247,228.0721400698136,31109500
2024-10-25,229.49026489257812,231.28524701350278,227.665532857223,227.83412074973037,38802300
2024-10-28,231.4637451171875,232.78271346714027,230.62080565968694,231.38442210065006,36087100
2024-10-29,231.73150634765625,232.38603471678388,230.39271482775456,231.1662428522856,35417200
2024-10-30,228.191162109375,231.53320070866118,227.64572172599728,230.68033441798144,47070900
2024-10-31,224.03590393066406,227.92338265648337,223.50037517792762,227.43744214117888,64370100
2024-11-01,221.060791015625,223.4805517303345,218.44269248362247,219.13688241025088,65276700
2024-11-04,220.1682586669922,220.94178678396568,217.88735096075072,219.1567312107691,44944500
2024-11-05,221.59628295898438,222.0921350198155,219.30544885909725,219.9599772111233,28111300
2024-11-06,220.8723602294922,224.19457534628128,219.35505401685137,220.76327216240406,54561100
2024-11-07,225.59288024902344,225.9895710313294,222.70703236030374,222.7665321945981,42137700
2024-11-08,225.32481384277344,227.01256271730918,224.77877343219782,225.53329235935942,38328800
2024-11-11,222.61447143554688,224.07388164377818,219.90414468405433,223.37892800863307,42005600
2024-11-12,222.61447143554688,223.96467356190874,221.75074442821315,222.9321731823864,40398300
2024-11-13,223.49806213378906,225.01703765642938,221.15506473467502,222.39605879884869,48566200
2024-11-14,226.5757293701172,227.2210402122622,223.3789275067786,223.3987876531247,44923900
2024-11-15,223.37893676757812,225.28510187679902,222.65420045885568,224.76884409236825,47923700
2024-11-18,226.37716674804688,228.08477571151616,223.54769435597734,223.62711979019133,44633700
2024-11-19,226.63531494140625,228.501774994788,225.02699136706502,225.34467799276683,36211800
2024-11-20,227.35011291503906,228.27340522879027,224.26251907255318,226.4168829534927,35169600
2024-11-21,226.8735809326172,228.50176458087773,224.0838286281757,227.230987838277,42108300
2024-11-22,228.21383666992188,229.05771868234922,226.4168797117104,226.4168797117104,38168300
2024-11-25,231.1922149658203,231.56948199204686,228.0847762696763,229.79238523732437,90152800
2024-11-26,233.366455078125,233.87279036398945,231.6489234928732,231.6489234928732,45986200
2024-11-27,233.2373809814453,233.99191506726265,232.12545514826604,232.78070364946953,33498400
2024-11-29,235.62010192871094,236.0966394139658,232.28430923421996,233.11825362062933,28481400
2024-12-02,237.86383056640625,239.0551819380818,235.45134517492735,235.5605532676808,48137100
2024-12-03,240.9017791748047,241.01098726633802,237.1787967118795,238.08224409194108,38861000
2024-12-04,241.25918579101562,242.35126670496282,239.5118714775545,241.12019505186365,44383900
2024-12-05,241.28895568847656,242.77814859306412,240.38552350615552,242.2321233137982,40033900
2024-12-06,241.09039306640625,242.86750503393802,240.33587413565135,241.15989600483465,36870600
2024-12-09,244.9722137451172,245.4586888430206,240.00823778270345,240.08766321596437,44649200
2024-12-10,245.98487854003906,246.4217108653419,243.57237825215392,245.11121388943334,36914800
2024-12-11,244.714111328125,248.9930565140259,244.48575750906295,246.17352158557497,45205800
2024-12-12,246.17352294921875,246.9479020514793,243.9099357862414,245.11122473397327,32777500
2024-12-13,246.34230041503906,247.4939314395242,244.46591792091505,246.03453629863122,33155300
2024-12-16,249.23130798339844,249.56886987487528,245.86573275817128,246.20329464964811,51694800
2024-12-17,251.6537322998047,252.0012166921119,247.98039295462073,248.2782345553336,51356400
2024-12-18,246.2628631591797,252.44797328398425,245.95509905753715,250.34325221557475,56774100
2024-12-19,247.99034118652344,250.18442555229956,245.3097967996626,245.71684652457995,60882300
2024-12-20,252.65647888183594,253.16279902630112,243.919877297432,246.2529371403228,147495300
2024-12-23,253.43084716796875,253.80809906094288,251.62395254537785,252.93444954402884,40858800
2024-12-24,256.3397521972656,256.34965954757746,253.45069916161225,253.64927033575188,23234700
2024-12-26,257.15380859375,258.2260444048055,255.77383898408218,256.32980188696064,27237100
2024-12-27,253.74855041503906,256.8361595932908,251.23677948504655,255.9724022209019,42355300
2024-12-30,250.38296508789062,251.67360197393796,248.9434149702759,250.4127477342041,35557500
2024-12-31,248.61578369140625,251.45517870098834,247.63291094425557,250.62123433005314,39480700
2025-01-02,242.09312438964844,247.30529937932678,240.07775127221439,247.13651085819407,55740700
2025-01-03,241.60667419433594,242.42075849453866,240.147263834766,241.60667419433594,40244100
2025-01-06,243.23484802246094,245.54806288478193,241.4478134561986,242.5498168429892,45045600
2025-01-07,240.46495056152344,243.78088314896328,239.61114601786818,241.22939201717418,40856000
2025-01-08,240.95138549804688,241.95411831821167,238.32048434869313,240.17700647488417,37628900
2025-01-10,235.1435546875,238.42970445265777,231.32128701842691,238.28077607985776,61710900
2025-01-13,232.71121215820312,232.9792711307645,228.06493742769467,231.84748509521594,49630700
2025-01-14,231.5992889404297,234.41882398797216,230.79512716232853,233.05869925952226,39435300
2025-01-15,236.15621948242188,237.2383779015073,232.74100113522098,232.94949481929564,39832000
2025-01-16,226.61544799804688,236.29520209930612,226.3871093224655,235.6399687194268,71759100
2025-01-17,228.3230438232422,230.61639839146835,226.83385097126646,230.44762501944012,68488300
2025-01-21,221.0359344482422,222.8031087860845,217.79942737812888,222.38613659782595,98070400
2025-01-22,222.21737670898438,222.5052806842356,218.2064751614249,218.2064751614249,64126500
2025-01-23,222.048583984375,225.39429904989126,220.69838187044374,223.12080464680741,60234800
2025-01-24,221.1749267578125,224.00439930767484,219.81480209957203,223.160517277336,54697900
2025-01-27,228.2039337158203,230.47742834163907,222.36629236472388,222.40601266103107,94863400
2025-01-28,236.54339599609375,238.4594987479956,229.147074251248,229.18679454547646,75707600
2025-01-29,237.63546752929688,238.1318651456976,232.3240069742682,232.43321505583046,45486100
2025-01-30,235.8782196044922,239.05516137192973,235.50096771104396,236.95044029141235,55658300
2025-01-31,234.29966735839844,245.40904807772534,231.7581140684966,245.40904807772534,100959800
2025-02-03,226.3672637939453,230.1597493274262,224.07390894412586,228.3330095070948,73063300
2025-02-04,231.1227569580078,231.45038123633566,225.01705656002386,225.61273982041166,45067300
2025-02-05,230.7951202392578,230.99367626573292,226.625383087866,226.88350440739822,39620300
2025-02-06,231.53970336914062,232.11552641696264,228.76979621063217,229.62360070928509,29925300
2025-02-07,225.989990234375,232.31409120281862,225.62264568638093,230.9241838961893,39707200
2025-02-10,226.2583465576172,229.18037646801733,225.8111004860379,228.16662274990708,33115600
2025-02-11,231.19793701171875,233.7919821040532,226.7353950927951,226.8049592810601,53718400
2025-02-12,235.42196655273438,235.51142789245534,229.26980470124647,229.78663009476247,45243300
2025-02-13,240.05348205566406,240.85852795215618,234.1299251101732,235.4617298072221,53614100
2025-02-14,243.10472106933594,244.04891051069433,239.51678905976664,239.77519417214083,40896200
2025-02-18,242.97549438476562,243.68114548283563,240.36156738576827,242.65744334610832,48822500
2025-02-19,243.37307739257812,244.50610783818917,241.67353930691675,243.16436963880025,32204200
2025-02-20,244.32720947265625,245.2713989598738,242.7966152101895,243.44265077076676,32316900
2025-02-21,244.0489044189453,247.1697083342209,243.72091995824803,244.44645306890683,53197400
2025-02-24,245.5894317626953,247.33866705271078,242.92580728065096,243.43268408373555,51326400
2025-02-25,245.52980041503906,248.47171215983582,243.41283173998391,246.48393846255715,48013300
2025-02-26,238.89064025878906,243.48239258336395,237.66816369812489,242.83637220684057,44433600
2025-02-27,235.84934997558594,240.9778097055873,235.61081167459415,237.94645181292123,41153600
2025-02-28,240.36158752441406,240.61005923211764,228.7927454203557,235.5014815283524,56833400
2025-03-03,236.57489013671875,242.53821134874983,234.66662916873,240.31189930334125,47184000
2025-03-04,234.4877166748047,238.60242278275774,233.24535811530478,236.25684921580154,53798100
2025-03-05,234.29888916015625,235.1039350742086,227.82867612475383,233.98083809185871,47227600
2025-03-06,233.89138793945312,236.4059203890797,231.73465535282332,233.00682927336524,45170400
2025-03-07,237.60853576660156,239.89446338205195,233.32487071745646,233.67273718007357,46273600
2025-03-10,226.08937072753906,234.71631625547707,222.84930513729455,234.10009611136832,72071200
2025-03-11,219.48997497558594,224.45940937640347,216.12069905845206,222.44182022291236,76137400
2025-03-12,215.65357971191406,220.39442456790263,213.5962416730392,218.7942660196618,62547500
2025-03-13,208.39817810058594,215.5144112677834,207.14588618522245,214.6298526174969,61368300
2025-03-14,212.18490600585938,212.64208545758027,208.2988048386841,209.9585940343847,60107600
2025-03-17,212.69178771972656,213.9043309003415,208.68642489319868,212.00600336087763,48073400
2025-03-18,211.38980102539062,213.83475423543342,210.19713981325924,212.85081593904235,42432400
2025-03-19,213.92420959472656,217.4226803637017,212.443312738742,212.91044076829724,54385400
2025-03-20,212.79116821289062,216.16044383082547,210.9226561911479,212.6818400591608,48862900
2025-03-21,216.9356689453125,217.50217651661012,209.98839498228966,210.26668206389348,94127800
2025-03-24,219.38064575195312,220.1260609084734,217.24379503613238,219.64899945464327,44299500
2025-03-25,222.38218688964844,222.73005335992565,218.73462390108503,219.4204082670252,34493600
2025-03-26,220.17575073242188,223.64442126802376,219.12223310716143,222.1436424317859,34466100
2025-03-27,222.48159790039062,223.61462840697533,219.21170137047196,220.03662935170198,37094800
2025-03-28,216.56796264648438,222.44183822329748,216.34930630191351,220.3149207342541,39818600
2025-03-31,220.7720947265625,224.24075018814546,214.90815310911736,215.6833836525119,65299300
2025-04-01,221.82559204101562,222.31258685550372,217.56180927777046,218.46624988397502,36412700
2025-04-02,222.52130126953125,223.81335706264446,219.6688511830836,219.9670202377264,35905900
2025-04-03,201.94786071777344,206.22157697816277,200.0197179050274,204.28348559152053,103419000
2025-04-04,187.22840881347656,198.65810753704542,186.19475800144227,192.70471987275084,125910900
2025-04-07,180.35069274902344,192.96310261722135,173.5524959881376,176.11672557211514,160466300
2025-04-08,171.365966796875,189.17641711488596,168.175598539417,185.55866963100107,120859500
2025-04-09,197.6343994140625,199.38363475051753,170.83920418374143,170.89883496621582,184395900
2025-04-10,189.25592041015625,193.58926741380884,181.88128226075605,187.9141823452429,121880000
2025-04-11,196.9386749267578,198.32017705332044,184.92258644836306,184.96235041538483,87435900
2025-04-14,201.28196716308594,211.63826622013798,199.9302804535287,210.14743595954587,101352900
2025-04-15,200.90426635742188,202.26588634734406,198.5785750100267,200.62597928160577,51343900
2025-04-16,193.0823974609375,199.47308245703653,191.19400339685228,197.1473909296092,59732400
2025-04-17,195.77581787109375,197.61451451967758,193.2314700862815,195.99447418061752,52164700
2025-04-21,191.9791717529297,192.6152586778503,188.64964501381652,192.08849990403363,46742500
2025-04-22,198.51893615722656,200.35761746440363,194.77197902848673,194.92105596821463,52976400
2025-04-23,203.34925842285156,206.72846769395255,201.56025903470575,204.7406939661261,52929200
2025-04-24,207.09619140625,207.55338601533765,201.69939326414854,203.63746952607698,47311000
2025-04-25,208.0006103515625,208.46773832051537,204.93943745171498,205.1083963732819,38222300
2025-04-28,208.85537719726562,210.2070638884643,206.1917677806294,208.71623364812058,38743100
2025-04-29,209.91883850097656,210.94254069563792,207.09618845243054,207.4142395090872,36827600
2025-04-30,211.20095825195312,212.2743578831654,205.4065960245207,208.0205233254963,52286500
2025-05-01,212.0159454345703,213.2483553954001,207.62295230903422,207.80185982414434,57365700
2025-05-02,204.09466552734375,205.72463931330321,200.92416412992952,204.83013207172814,101010600
2025-05-05,197.67413330078125,202.85228989395054,196.99829759637964,201.85840315300126,69018500
2025-05-06,197.29647827148438,199.42339557924856,195.81559653234874,196.99832434112832,51216500
2025-05-07,195.05029296875,198.2207944248892,192.0686324392914,197.9524407308952,68536700
2025-05-08,196.28269958496094,198.82704723676696,193.4898650803139,196.51128929096475,50478900
2025-05-09,197.3163299560547,199.3140368102294,196.33237664044202,197.78345792922866,36453900
2025-05-12,209.77613830566406,210.25384054136518,205.75557652693038,209.95528044040137,63775800
2025-05-13,211.90582275390625,212.37356332026266,207.99473291206186,209.41784747983854,51909300
2025-05-14,211.30873107910156,212.91098786371114,209.56714827780408,211.40824098508043,49325800
2025-05-15,210.43296813964844,211.93571508448807,208.53215118256114,209.9353730316401,45029500
2025-05-16,210.24388122558594,211.54759317457453,208.76105751069144,211.33859654598928,54737900
2025-05-19,207.77581787109375,208.47244800462508,203.27755371752323,206.9100072183761,46140500
2025-05-20,205.8650360107422,207.46729276724128,204.04383620537516,206.67113760639387,42496600
2025-05-21,201.1179656982422,206.04415370597744,199.74461367242378,204.18315305948536,59211800
2025-05-22,200.3914794921875,201.77479312617928,198.73946027881726,199.74461200022,46742400
2025-05-23,194.33079528808594,196.74910019358438,192.5295034494263,192.7384848883374,78432900
2025-05-27,199.24705505371094,199.77450469366767,196.48041207123393,197.34623795139206,56288500
2025-05-28,199.45602416992188,201.75491117265972,198.93852099816252,199.6252046868552,45339700
2025-05-29,198.98826599121094,202.8297005493605,197.55518975609246,202.60081106845576,51396800
2025-05-30,199.88394165039062,200.98860329086406,195.83351057352263,198.4110493394953,70819900
2025-06-02,200.72984313964844,201.15778278546435,199.15744093584797,199.31667499872813,35423300
2025-06-03,202.2923126220703,202.78990771325485,199.99342573046133,200.38154929416936,46381600
2025-06-04,201.844482421875,205.24803106286797,201.12794426741362,201.93404589483336,43604000
2025-06-05,199.66500854492188,203.76518718349973,199.18730633012683,202.52119947175674,55126100
2025-06-06,202.9391632080078,204.71060036976428,201.0781625818177,202.023590138985,46607700
2025-06-09,200.4810791015625,205.00919791789673,199.0579642885024,203.40694095782152,72862600
2025-06-10,201.6951904296875,203.36711781582227,199.60530017876516,199.63515466910712,54672600
2025-06-11,197.8238983154297,203.51638723180633,197.45568281643992,202.5211970741936,60989900
2025-06-12,198.2418670654297,198.71955406677787,196.410720905765,198.12244911144163,43904600
2025-06-13,195.50509643554688,199.4062398916536,194.758703844025,198.7693188209708,51447300
2025-06-16,197.4656219482422,197.73432753277095,195.61456771612566,196.35101387226533,43020700
2025-06-17,194.69898986816406,197.43576263348734,194.27106541566712,196.2514839890114,38856200
2025-06-18,195.63450622558594,196.61975006530378,194.13177437597452,194.99758505653358,45394700
2025-06-20,200.03321838378906,200.72984844555882,195.9131318065836,197.28649906078425,96813500
2025-06-23,200.53082275390625,201.3269779408771,198.00304635957568,200.6602023375907,55814300
2025-06-24,199.3365936279297,202.46149014710028,199.23706853700068,201.61557243039425,54064000
2025-06-25,200.59051513671875,202.6903668657116,199.65503400834336,200.4810436177515,39525700
2025-06-26,200.03321838378906,201.66532960796235,198.50063224789568,200.4611428555203,50799100
2025-06-27,200.11282348632812,202.2425296541318,199.03801637565215,200.91892502298623,73188600
2025-06-30,204.18316650390625,206.39248990855162,198.3015889216639,201.03836190454115,91912800
2025-07-01,206.8204345703125,209.17903048404247,205.14850713857425,205.6759567295316,78788900
2025-07-02,211.418212890625,212.31387801499196,207.13889190503232,207.90519262679368,67941800
2025-07-03,212.52285766601562,213.61755770997246,210.7912213537831,211.12958235725722,34955800
2025-07-07,208.94017028808594,215.18996325511674,207.79570768244494,211.65703516300363,50229000
2025-07-08,208.99989318847656,210.41306148236814,207.44739887083225,209.08947184941582,42848900
2025-07-09,210.12445068359375,210.31353924447487,206.22330706177223,208.52219391164948,48749400
2025-07-10,211.3883514404297,212.45319704499605,209.0197939340788,209.49748097232364,44443600
2025-07-11,210.14434814453125,211.1096837700706,208.85059795908091,209.55718962168862,39765800
2025-07-14,207.6165771484375,209.89557123752414,206.54176989733165,208.92027389637033,38840100
2025-07-15,208.10421752929688,210.87084499335577,207.9151289669034,208.21368905566166,42296300
2025-07-16,209.14918518066406,211.37840160704656,207.63649175890595,209.28851120731298,47490500
2025-07-17,209.0098419189453,210.78127919114968,208.58190225319882,209.5571995447156,48068100
2025-07-18,210.16424560546875,210.77131219576944,208.69136845628208,209.85573909301036,48974600
2025-07-21,211.4580078125,214.74213848423943,210.61210526026528,211.07984586548804,51377400
2025-07-22,213.36875915527344,213.91611676733493,211.20919838168209,212.1148250502387,46404100
2025-07-23,213.11996459960938,214.11515474984876,211.38834345684663,213.96588230147148,46989300
2025-07-24,212.73184204101562,214.65256693634578,212.50295255730364,212.87116805528336,46022600
2025-07-25,212.85128784179688,214.20474714033003,212.37358560556336,213.66733592091674,40268800
2025-07-28,213.02044677734375,213.8166019050196,212.03520309848784,213.00053872316795,37858000
2025-07-29,210.2538299560547,213.7767964509494,209.80599741985404,213.14982178903043,51411700
2025-07-30,208.04449462890625,211.36842593737322,206.72088996610802,210.88077731884883,45512500
2025-07-31,206.57162475585938,208.83069544134486,206.16359315375274,207.48719786288635,80698400
2025-08-01,201.40660095214844,212.5527283441607,200.530828701964,209.8557561748323,104434500
2025-08-04,202.37191772460938,206.88012777005082,200.70993685491413,203.5263267271778,75109300
2025-08-05,201.9440155029297,204.35237422634972,201.18767633549663,202.42170259891904,44155100
2025-08-06,212.2242889404297,214.3440487139093,204.60112912578842,204.64094523363173,108483100
2025-08-07,218.97169494628906,219.78775818606874,215.53829184895108,217.82723230897543,90224800
2025-08-08,228.2468719482422,229.88892965735022,218.19544514014734,219.76784743364436,113854000
2025-08-11,226.34388732910156,228.71513292468896,223.9327956372812,227.08116933177635,61806100
2025-08-12,228.80479431152344,229.95057099439725,226.23430307406312,227.17083074525974,55626200
2025-08-13,232.4712371826172,234.1350889692748,229.5819014312059,230.21956052334866,69878500
2025-08-14,231.92327880859375,234.25466305951576,230.0003892485326,233.1985666998313,51916300
2025-08-15,230.73765563964844,233.417757832359,228.49593650929467,233.1387895567921,56038700
2025-08-18,230.0402374267578,232.26202593201924,229.26310933608104,230.8472538899505,37476200
2025-08-19,229.71145629882812,232.0129522601839,228.50591803460907,230.42880766374827,39402600
2025-08-20,225.17819213867188,229.6217843388592,224.93908515924198,229.13358225147155,42263900
2025-08-21,224.07228088378906,225.68632903786573,222.9564077521854,225.43724912794482,30621200
2025-08-22,226.9217529296875,228.2468598588307,224.58041092619504,225.33760837029214,42477800
2025-08-25,226.323974609375,228.45609804536198,225.3973894325087,225.6464693442017,30983100
2025-08-26,228.46603393554688,228.64537936019502,223.8630424721864,226.03501179732243,54575100
2025-08-27,229.64170837402344,230.05018785299507,227.41990473660533,227.76862267507164,31259500
2025-08-28,231.70408630371094,232.55096405412047,228.4959359400532,229.9704999102399,38074700
2025-08-29,231.28562927246094,232.52107103838586,230.51845893056873,231.65426265633033,39418400
2025-09-02,228.87454223632812,230.00038826150748,226.1346633063032,228.4062708029861,44075600
2025-09-03,237.59234619140625,237.9709525201245,233.49747185558658,236.33698891571112,66427800
2025-09-04,238.8975067138672,239.0170601981439,235.8687018920251,237.57239985348932,47549400
2025-09-05,238.80784606933594,240.43185187342493,237.61226559630578,239.1167027112504,54870400
2025-09-08,237.0045166015625,239.2661511981365,235.47017586985078,238.41928864081726,48999500
2025-09-09,233.48751831054688,237.90120710535396,232.5011563745861,236.12775932745953,66313900
2025-09-10,225.95533752441406,231.56462228661692,225.11843262708078,231.33547301291114,83440800
2025-09-11,229.18341064453125,229.60186307827533,225.81584532196928,226.04500979013486,50208600
2025-09-12,233.2085418701172,233.6469097348115,228.17712472443904,228.37638560886936,55824200
2025-09-15,235.828857421875,237.31337916896246,234.16500543557729,236.12775635652346,42699500
2025-09-16,237.27349853515625,240.33220689969463,235.45024710789585,236.30706734003456,63421100
2025-09-17,238.11044311523438,239.21635855568803,236.85507060288438,238.09051246512186,46508000
2025-09-18,237.0045166015625,240.31228984200703,235.77903252032195,239.08682096339746,44249600
2025-09-19,244.59645080566406,245.3935094903633,239.32592704772566,240.342162048153,163741300
2025-09-22,255.13751220703125,255.69547916115815,247.2068166293636,247.38616206443075,105517400
2025-09-23,253.4936065673828,256.3929004583055,252.64674396870498,254.93828225227924,60275200
2025-09-24,251.3813934326172,254.7987775332095,250.11606329601622,254.28068708944184,42303700
2025-09-25,255.9246063232422,256.22352044118514,250.7836088309123,252.27808820484515,55202100
2025-09-26,254.51980590820312,256.6519291955366,252.84598111295833,253.16481067495934,46076300
2025-09-29,253.4936065673828,254.06151607705354,252.07883445903423,253.6231329894407,40127700
2025-09-30,253.69285583496094,254.97810138533342,252.1784458386236,253.9220050782957,37704300
2025-10-01,254.5098419189453,257.83756097799323,253.9917514638179,254.10134722927504,48713900
2025-10-02,256.1836853027344,257.22980880920034,253.21464169746508,255.63569123318152,42630200
2025-10-03,257.07037353515625,258.2858846694617,253.01536064819075,253.73271197999827,49155600
2025-10-06,255.7452850341797,258.1165305885388,254.1113214696764,257.0404883747525,44664100
2025-10-07,255.53607177734375,256.45266881763376,254.48991791397023,255.86484387966763,31955800
2025-10-08,257.1102294921875,257.56852798749276,255.16739414069707,255.5758888188916,36496900
2025-10-09,253.1050262451172,257.0504585775582,252.2083446799687,256.8611554198282,38322000
2025-10-10,244.3673095703125,255.436420799504,243.10197943699816,254.00171816056968,61999100
2025-10-13,246.74851989746094,248.7710475029622,244.6562426215344,248.46219085423505,38142900
2025-10-14,246.85812377929688,247.9341508249242,243.79941515849077,245.69243161385845,35478000
2025-10-15,248.4223175048828,250.89320098009676,246.55920477705152,248.57177456170203,33893600
2025-10-16,246.53929138183594,248.1234359576197,244.22783772705108,247.33635013275978,39777000
2025-10-17,251.36148071289062,252.4474806979352,246.3599669580113,247.1072067041429,49147000
2025-10-20,261.27484130859375,263.4069798400544,254.68918336894043,254.94822099113512,90483000
2025-10-21,261.8028869628906,264.3136317818121,260.86634411857244,260.9161783410852,46695900
2025-10-22,257.4988098144531,261.882609922878,254.4899051977633,261.6833338430701,45015300
2025-10-23,258.6246032714844,259.66078406832133,257.06040475940137,258.98329410338334,32754900
2025-10-24,261.8527526855469,263.1579290692685,258.2261343576155,260.2287466983284,38253700
2025-10-27,267.8207092285156,268.12956591820625,263.67601542509226,263.90517991319996,44888200
2025-10-28,268.0099792480469,268.89671830922975,267.1631014853557,268.00000632210845,41534800
2025-10-29,268.7074279785156,270.41112610592455,266.126933268734,268.28896033752676,51086700
2025-10-30,270.4011535644531,273.131090148023,267.49191714200913,270.98897852374654,69886500
2025-10-31,269.37493896484375,276.29937269597025,268.16940070155243,275.9705701844509,86167100
2025-11-03,268.05975341796875,269.8531467885877,265.2700709373508,269.424736694289,50194600
2025-11-04,269.0461730957031,270.49081837885313,266.6350661079627,267.3424445625432,49274800
2025-11-05,269.14581298828125,270.7000692568828,265.94760492323326,267.6214146886098,43683100
2025-11-06,268.7771301269531,272.3937751745226,266.90407480138714,266.90407480138714,51204000
2025-11-07,267.48193359375,271.2878818962731,265.7881780523408,268.80702532983145,48227400
2025-11-10,268.6986083984375,272.9869540449525,266.7339548671466,268.22988302493957,41312400
2025-11-11,274.5028381347656,275.1610502271484,269.06761990152603,269.0776024957972,46208300
2025-11-12,272.7276306152344,274.9815052844664,270.9624464716027,274.25347600982695,48398000
2025-11-13,272.2090759277344,275.9488963676571,271.3513946141157,273.36590026791555,49602800
2025-11-14,271.6705322265625,275.21088338895913,268.8681625557137,270.31420819279356,47431300
2025-11-17,266.73394775390625,269.7557213346742,265.00866346949266,268.09027174019775,45018300
2025-11-18,266.7140197753906,269.9751321987233,264.59977951795884,269.2570854665072,45677300
2025-11-19,267.8309631347656,271.47104873805114,264.77927226211665,264.80918960656476,40424500
2025-11-20,265.5272521972656,274.68232536305425,265.1981613886433,270.09480618650156,45823600
2025-11-21,270.7530212402344,272.5880228442522,264.9488429624803,265.22808167538,59030800
2025-11-24,275.1710205078125,276.24807542504453,270.164627965921,270.164627965921,65585800
2025-11-25,276.2181396484375,279.6188865292943,274.5028075356392,274.52274228722064,46914200
2025-11-26,276.79656982421875,278.7712060098946,275.8790842359358,276.2081750495132,33431400
2025-11-28,278.093017578125,278.2426042891834,275.2407657367699,276.5073375714406,20135600
2025-12-01,282.33148193359375,282.650620542313,275.390384584981,277.255303275414,46587700
2025-12-02,285.4131164550781,286.619823290159,281.86278279875575,282.231773534172,53669500
2025-12-03,283.378662109375,287.8365294074879,282.5309633672564,285.4231155973949,43538700
2025-12-04,279.93804931640625,283.9571086251454,277.8337611056945,283.32881389666403,43989100
2025-12-05,278.02325439453125,280.37686403379615,277.29522501275557,279.77848663840757,47265800
2025-12-08,277.1356506347656,278.9108174051644,275.4003533668138,277.374989388386,38211800
2025-12-09,276.4275817871094,279.2698514894354,276.16830825817004,277.40493251311347,32193300
2025-12-10,278.02325439453125,278.9906225605669,275.6896099437804,276.99605153243056,33038300
2025-12-11,277.2752380371094,278.83100071126506,273.06669274298736,278.342340640522,33248000
2025-12-12,277.52459716796875,278.4620479370953,276.0685689150702,277.14562382282355,39532900
2025-12-15,273.3658752441406,279.3894873363706,272.0993337942639,279.3894873363706,50409100
2025-12-16,273.8645324707031,274.752131096348,271.0522107383373,272.07941349564567,37648600
2025-12-17,271.10205078125,275.41033087528734,270.9026119684932,274.2634587890498,50138700
2025-12-18,271.45111083984375,272.8872042261758,266.22534517191764,272.86723904028526,51630700
2025-12-19,272.9271240234375,273.8545921928022,269.1673383776201,271.4112306527045,144632000
2025-12-22,270.2344665527344,273.1365711538121,269.775723721713,272.1193204151364,36571800
2025-12-23,271.62066650390625,271.7603010837797,268.8282792538215,270.1048034873943,29642000
2025-12-24,273.0667419433594,274.68233959340455,271.46112688748974,271.60073103225574,17910600
2025-12-26,272.6578063964844,274.6224597374741,272.11926379011726,273.4157529954652,21521800
2025-12-29,273.0168762207031,273.61522314661676,271.6107000753325,271.9497734782625,23715200
2025-12-30,272.33868408203125,273.3359694836473,271.54086793463244,272.06942798009953,22139600
2025-12-31,271.12200927734375,272.9370761103812,271.0123224859311,272.3187639976345,27293600
2026-01-02,270.2743225097656,277.0857683126949,268.2697691424855,271.52092924369913,37838100
2026-01-05,266.5345153808594,270.7729784841199,265.41756056202854,269.9053450243044,45647200
2026-01-06,261.6477966308594,266.82371056256306,261.40845786144683,266.27521573774703,52352100
2026-01-07,259.623291015625,262.964203143993,259.1047135716701,262.48552563718374,48309800
2026-01-08,258.33685302734375,258.5861744106298,255.00590778144198,256.32231677215987,50419300
2026-01-09,258.6659240722656,259.5036402038468,255.52448097015204,258.3767027680543,39997000
2026-01-12,259.54351806640625,260.5906555331263,256.1028713590674,258.45648066308013,45263800
2026-01-13,260.3413391113281,261.0992857475004,257.6885867541948,258.0176775418968,45730800
2026-01-14,259.25433349609375,261.10930037675524,256.0131555781144,258.78560808748875,40019400
2026-01-15,257.5090637207031,260.3313985459844,256.35220896361545,259.9424426175537,39388600
2026-01-16,254.8363494873047,258.1971965798445,254.23797213114116,257.1999111311508,72142800
2026-01-20,246.0303192138672,254.09835490933511,242.75922413209136,252.04394930256512,80267500
2026-01-21,246.97775268554688,250.8771427168815,244.51445623630568,248.02490552393743,54641700
2026-01-22,247.67584228515625,250.31864258405668,247.47637302553753,248.52352576906395,39708300
2026-01-23,247.36668395996094,248.7329754164565,244.01580413580567,246.6486524137701,41689000
2026-01-26,254.7166748046875,255.86354695988197,249.12190294519746,250.7973351598156,55969200
2026-01-27,257.5688781738281,261.23891141767155,257.50904348719195,258.4664593428383,49648300
2026-01-28,255.74388122558594,258.1572949521919,253.81911240916085,256.9505880888889,41288000
2026-01-29,257.5788879394531,258.94516415300217,253.7193980705993,257.29964922744847,67253000
2026-01-30,258.775634765625,261.1890484668085,251.49543285360957,254.47732177254832,92443400
2026-02-02,269.2770690917969,269.7557466562268,258.50636737104884,259.3241487899344,73913400
2026-02-03,268.7485046386719,271.1419837262723,266.88355520832346,268.4692659190308,64394700
2026-02-04,275.73944091796875,278.19278500760885,271.5508603406617,271.5508603406617,90545700
2026-02-05,275.1610107421875,278.7412615768201,272.48829324857786,277.3749854862336,52977400
2026-02-06,277.3650207519531,280.14745564173626,276.1782486476445,276.3677353153735,50453400
2026-02-09,274.13079833984375,277.70443813431814,271.2160169672847,277.41494619870406,44623400
2026-02-10,273.19244384765625,274.87943562430115,272.4537718732244,274.40031021957236,34376900
2026-02-11,275.00921630859375,279.6808719096702,273.9610989943363,274.2106536370846,51931300
2026-02-12,261.2637634277344,275.22883180172755,259.71650632997444,275.0990585104662,81077200
2026-02-13,255.32435607910156,261.7628783299504,254.9949421084194,261.5432690161623,56290700
2026-02-17,263.4099426269531,265.8156532326085,255.08478749757862,257.5903108294174,58469100
2026-02-18,263.8791198730469,266.3447212846438,261.9825104325609,263.13045584681157,34203300
2026-02-19,260.11578369140625,264.00886051677537,259.5867290635135,262.13220471573277,30845300
2026-02-20,264.1086730957031,264.2783836675007,257.7001265171608,258.50868117461044,42070500
2026-02-23,265.705810546875,268.95002088588865,262.91081074777924,263.0206001676805,37308200
2026-02-24,271.6552429199219,274.4003442568012,267.233111068832,267.38283777638213,47014600
2026-02-25,273.74151611328125,274.45024283739696,270.567157599074,271.29586819299504,33714300
2026-02-26,272.4637756347656,275.61811956353745,270.31758130113775,274.4602128097023,32345100
2026-02-27,263.70941162109375,272.3240439665745,262.4217314181026,272.3240439665745,72366500
2026-03-02,264.2484130859375,266.05518620599753,259.73647625260065,261.94253069595567,41827900
2026-03-03,263.2801818847656,265.08695529305965,259.6666350681776,263.0106738027697,38568900
2026-03-04,262.0523376464844,265.67587606267574,260.95432154975975,264.17854815272653,39803100
2026-03-05,259.8263244628906,261.09405110124777,256.79173142961054,260.3254337562426,49658600
2026-03-06,257.0013427734375,258.3090066542827,253.916851068475,258.16927189629365,41120000
2026-03-09,259.41705322265625,260.68477987096253,253.22808575123491,255.2345148744848,38218500
2026-03-10,260.3653564453125,262.01244158439727,256.4922936817907,257.19102845716964,30590800
2026-03-11,260.34539794921875,261.6630538494394,259.08763272962494,260.624897946549,26218900
2026-03-12,255.3043975830078,258.48873275942157,253.7272102811576,258.1992408199258,40794000
2026-03-13,249.6744384765625,255.87336762960538,249.07551643845036,255.024890934378,36930000
2026-03-16,252.36964416503906,253.43773019062647,249.4348789230203,251.66090222791988,32074200
2026-03-17,253.77711486816406,254.67552076289968,251.7307636559193,252.5093881906664,32361600
2026-03-18,249.49476623535156,254.48585937367065,248.55643828829037,252.1799767808244,35757900
2026-03-19,248.5165252685547,251.38140795985734,246.85947863088072,248.95572868612365,34864100
2026-03-20,247.54823303222656,248.75606899357115,245.56177255944445,247.53824109812177,88331100
2026-03-23,251.04200744628906,254.14646797882926,249.83415620831627,253.51758537106093,40546100
2026-03-24,251.1917266845703,254.37604644028636,249.10545347620703,249.90403139868116,45152300
2026-03-25,252.16998291015625,254.5457480998694,251.15181088451408,253.6473574345128,28476700
2026-03-26,252.43951416015625,256.5421934269488,250.32329549316128,251.67088153367666,41796700
2026-03-27,248.35679626464844,255.03488128462607,247.6281009352486,253.4477020992108,47900000
2026-03-30,246.19065856933594,250.4230956915925,245.07264337813007,249.62453299565456,39446200
2026-03-31,253.33790588378906,255.02489784868362,246.65983587287727,247.4683905467953,49598100
2026-04-01,255.1746368408203,255.72364490973627,252.8787309132899,253.6273948962928,40059400
2026-04-02,255.464111328125,255.6737439434535,250.20349485503914,253.74717405681358,31289400
2026-04-06,258.39886474609375,261.6930045642991,256.0031460821725,256.0530752925303,29329900
2026-04-07,253.0484161376953,255.7436185540334,245.2623079794448,255.70368128016966,62148000
2026-04-08,258.4388122558594,259.28730423338584,256.07303883918246,257.9896321241455,41032800
2026-04-09,260.0259704589844,260.6548530924392,255.61386101634736,258.5386343954405,28121600
2026-04-10,260.0159912109375,261.7229364827484,258.5585701252562,259.5168819122501,31291500
2026-04-13,258.73828125,259.71651601158027,256.2027973984465,259.2673359057164,36234700
2026-04-14,258.3689270019531,261.4634109961452,256.7318642110386,258.7881922504944,48370700
2026-04-15,265.95538330078125,266.08515659729386,257.35074355126085,257.7001261657452,49913500
2026-04-16,262.9307861328125,266.68409800240715,260.80457553569033,266.3247234477873,43323100
2026-04-17,269.7486267089844,271.8149160854778,266.24486962975914,266.4844323486072,61436200
2026-04-20,272.5635681152344,273.7913879220191,269.80850557942483,269.84841238867654,36590200
2026-04-21,265.69586181640625,272.3140256362382,264.9272139873882,271.0163536236942,50209800
2026-04-22,272.68341064453125,273.2523721409737,266.39461467279705,267.3429346055621,43249200
2026-04-23,272.9429016113281,275.2787294551341,271.1660737405759,274.56001085217736,33399600
2026-04-24,270.5771179199219,272.5735550213531,269.16962610782736,272.2741016414235,38157100
2026-04-27,267.1332702636719,267.88193422863776,264.59781690250213,265.6159889280984,41466800
2026-04-28,270.2277526855469,272.7432830913257,268.181416710472,271.8548539018017,40018900
2026-04-29,269.688720703125,270.55716597281076,266.56429174844374,267.07336249706583,30047900
2026-04-30,270.86663818359375,275.50834883767226,267.6623648300734,270.018146234023,91848200
2026-05-01,279.6409912109375,286.70836594964845,277.8741246788477,278.3632420760759,79915400
2026-05-04,276.3368225097656,280.13007120517506,274.3703307853319,279.16179801165765,46668400
2026-05-05,283.67376708984375,284.0630869835518,276.00745521106614,276.43668191704,49311700
2026-05-06,286.99786376953125,287.5169265187869,280.5693330033821,281.4178249779708,58336100
2026-05-07,286.927978515625,291.6096265406606,285.2709318587503,288.75470528792926,45224300
2026-05-08,292.7974853515625,294.2349225642168,289.48339230776435,289.49338424193445,52692800
2026-05-11,292.42779541015625,293.6267735875138,289.979924827367,291.72841688276577,42247300
2026-05-12,294.54595947265625,295.0155556946294,292.3078994315659,292.3078994315659,45748100
2026-05-13,298.6124572753906,300.6607090744109,293.24708951115105,293.24708951115105,52684300
2026-05-14,297.9530334472656,300.1911240450107,295.12548538387824,299.5616620172475,35324900
2026-05-15,299.9713134765625,302.93875555297063,296.26448829773227,297.643304079477,54862800
2026-05-18,297.5833435058594,300.4009207908792,294.6558756451712,299.98126929450746,34483000
2026-05-19,298.7123718261719,300.2510533099592,296.09463441963413,296.7140952726279,42243600
2026-05-20,301.98956298828125,302.5390768782648,297.82314269813475,297.9230626302997,38229800
2026-05-21,304.7271728515625,305.27671719779084,300.1411318265125,300.80056674721834,42965100
2026-05-22,308.55389404296875,311.13165741506583,305.57645096183757,305.85620846339293,43670200
2026-05-26,308.0643005371094,311.5513139598484,307.4048960873393,309.29325163060713,48000500
2026-05-27,310.5821533203125,312.9900803339556,308.0343323058515,308.0643052358437,50430900
2026-05-28,312.24072265625,312.5304508120942,309.30325358892543,310.412282475935,48220400
2026-05-29,311.7911071777344,314.7285763294451,309.2632884033746,311.5113496628706,70026800
2026-06-01,306.0460510253906,310.67206624496237,304.7571540774977,309.363197507879,48849900
2026-06-02,314.92840576171875,315.1781903378333,306.42572903356995,307.1950545511415,44534700
2026-06-03,309.9926452636719,316.6668815001487,308.5838566628498,313.9092501546009,50836700
2026-06-04,310.9618225097656,313.26982953176514,309.38316692864953,312.96009909963743,44869100
2026-06-05,307.0751647949219,314.8984348439246,306.8853260765596,312.5903972939029,65310500
2026-06-08,301.2801818847656,317.1265012321255,300.9105055796523,308.4739595974908,77949100
2026-06-09,290.29962158203125,300.4908444635933,287.5320194610898,300.0212482417878,70108800
2026-06-10,291.3287353515625,294.4960172141002,287.1323727394638,290.4894628291428,52793300
2026-06-11,295.375244140625,296.7440586571729,289.3404406054596,293.4668864344149,42572500
2026-06-12,290.879150390625,296.88398158337014,289.3704417369658,295.7749221682621,38742100
2026-06-15,296.1645812988281,297.5233947188816,291.4486474146935,293.8665449684006,45732600
2026-06-16,298.9821472167969,300.2210994929347,293.71669913987887,294.99559499590845,39874400
2026-06-17,295.6949768066406,301.8096980081642,294.10632015937927,300.59074812548096,42745100
2026-06-18,297.7532043457031,300.31099586682666,295.3652492546472,297.8530937792582,85962200
2026-06-22,296.75408935546875,302.1594314563154,296.5043047694293,297.05381866220307,44879900
2026-06-23,294.04638671875,301.3800886038737,293.9264950024863,297.2836155142734,52010900
2026-06-24,292.8274230957031,299.4417438827621,292.68755959702736,295.1054570720635,53081900
2026-06-25,274.91290283203125,288.55113481081804,273.5141152813601,287.1523472601469,107013700
2026-06-26,283.53546142578125,285.70360492137456,273.9737007161028,274.7630284991681,261775500
2026-06-29,281.4972229003906,288.12151489662153,279.6088673150861,286.4829438934296,66427000
2026-06-30,289.11065673828125,289.69017405322865,280.45814550695326,280.9277417485351,65100200
2026-07-01,294.1263427734375,296.33442991747245,288.95081360688545,293.1871503157195,50164200
2026-07-02,308.3640441894531,309.15337194761725,293.4269150966668,293.866538367699,75352800
2026-07-06,312.3905944824219,313.9292760509671,306.7354678654279,307.0951430290638,53590000
2026-07-07,310.3923034667969,315.20815732134815,309.88273318392555,315.0183186077797,42490000
2026-07-08,313.1199645996094,314.5487250421545,306.7854009831778,311.6412289475945,41323500
2026-07-09,315.947509765625,316.2572401947346,307.8944576262147,310.24243869469103,48124500
2026-07-10,315.0483093261719,316.6369356310425,311.9010296470402,314.4488202226986,34132300
2026-07-13,317.03656005859375,323.171283634363,315.5078797345754,316.7468014245228,43257800
2026-07-14,314.58868408203125,315.91755515351207,311.64124426456783,313.48965629761443,36336800
2026-07-15,327.2178039550781,328.44675508114506,317.0465830462295,317.34631234952286,60957600
2026-07-16,332.97283935546875,334.3915986652446,326.50841333986017,327.72736328456057,62970600
2026-07-17,333.452392578125,334.7013154010385,328.71648699084636,331.693929977533,63407100
2026-07-20,326.3085632324219,333.4224228207836,323.4010672140761,333.2226134619852,53468000
2026-07-21,327.45758056640625,329.3159936819017,321.94234806189104,322.85156758462244,41338900
2026-07-22,325.60919189453125,328.7164973399543,323.0613709608057,327.58746619388995,38755900
2026-07-23,321.3828430175781,323.0214140443725,319.0748358849152,321.4527900194849,40840800
2026-07-24,332.7330322265625,334.0818750563203,321.3428614810286,321.5127284115298,47489400
2026-07-27,336.61968994140625,339.277401491225,333.73216560461384,334.2517370375488,49604300
2026-07-28,339.78692626953125,342.59453283396704,335.31080637618777,339.73698155301014,51859000
2026-07-29,337.8985900878906,344.2730974331505,337.0593175600121,339.43727163464206,56090800
2026-07-30,333.1426696777344,334.4615395264105,329.30598233808786,332.8129674612056,74817800
2026-07-31,308.6438293457031,310.4222943774597,299.7415030462749,304.54735603914753,132489100
2026-08-03,303.1585693359375,311.5313230344714,302.29929450581176,309.313234694189,75052000
2026-08-04,309.1134033203125,310.1525156602479,301.0603512911937,302.46913991298527,68001000
2026-08-05,310.7320251464844,311.4414048335362,305.40663118634393,309.09342362565195,49438800
2026-08-06,312.14080810546875,316.0174696892129,308.96355554648414,314.06913775686996,46139900
2026-08-07,313.05999755859375,314.53873325457766,310.47223295908327,311.1816431226555,34437200
2026-08-10,308.260009765625,308.260009765625,304.6300048828125,306.8299865722656,43391681
