Date,Close,High,Low,Open,Volume
2016-08-11,11.908154487609863,11.98017973711809,11.804118100898615,11.868140375304657,68945400
2016-08-12,11.932165145874023,11.932165145874023,11.764106449599494,11.820126523828252,63031300
2016-08-15,12.020193099975586,12.028195311373127,11.96417304095881,11.980178990165221,48592100
2016-08-16,12.140235900878906,12.1562410885074,11.94816907010251,11.980180208565242,80307500
2016-08-17,12.124229431152344,12.196254680412393,12.068210132041509,12.13223240622695,93407300
2016-08-18,12.132233619689941,12.196255900278876,12.052206150556668,12.092219503520411,62804300
2016-08-19,12.18024730682373,12.204255464531807,12.044199807802011,12.108222070493929,59834800
2016-08-22,12.148237228393555,12.204256522302911,12.100220145610079,12.164242413850953,60877100
2016-08-23,12.284286499023438,12.332302825479976,12.212261246132883,12.212261246132883,67817900
2016-08-24,12.324301719665527,12.404329960174808,12.292290576102989,12.30029355279509,65484900
2016-08-25,12.428333282470703,12.436336256043239,12.324296915644446,12.340302862789516,67714400
2016-08-26,12.636404037475586,12.724434443372695,12.468345434795323,12.49235358854809,126886300
2016-08-29,12.676424980163574,12.8124725302269,12.628407883527046,12.65241681344824,120144900
2016-08-30,12.956521987915039,12.988532365423803,12.644412793543736,12.676423934258297,121280600
2016-08-31,12.976619720458984,13.057020400217729,12.767579333250119,13.03289973623548,127664300
2016-09-01,12.847978591918945,12.984659280493204,12.6630581113524,12.984659280493204,128812600
2016-09-02,12.864058494567871,12.912298284538224,12.719337591141539,12.815817937839881,100997300
2016-09-06,12.687179565429688,12.912300411474783,12.622859323702517,12.904260189569445,96542200
2016-09-07,12.622858047485352,12.743459063598914,12.58265770878083,12.638938489670233,63310300
2016-09-08,12.751497268676758,12.815817497599502,12.606777136979392,12.679137586206881,69292700
2016-09-09,12.65501594543457,12.984657284829417,12.65501594543457,12.79169661300183,135182500
2016-09-12,12.783658981323242,12.815819099805202,12.445977353883817,12.582658049121571,109724000
2016-09-13,12.638937950134277,12.751497973592707,12.502257264428197,12.598737613145845,89317600
2016-09-14,12.566579818725586,12.735420651866152,12.510299796597996,12.598739940906752,75528100
2016-09-15,12.598738670349121,12.663058908224883,12.526378211049458,12.574618772835139,67322600
2016-09-16,12.454014778137207,12.606775881686062,12.445974558633049,12.590695442677747,90926200
2016-09-19,12.534420013427734,12.687180405960765,12.502259890433528,12.502259890433528,66186400
2016-09-20,12.54245662689209,12.671097081853839,12.470096179286706,12.655016641604824,68210400
2016-09-21,12.58265495300293,12.727375833940227,12.373614617686021,12.630895502234535,95464600
2016-09-22,12.54245662689209,12.630896747988894,12.462055959162198,12.614816307739877,75611300
2016-09-23,12.478139877319336,12.598740145770293,12.462059432588378,12.486179332927007,51604400
2016-09-26,12.132413864135742,12.413814650569556,12.076133860200489,12.381654538784048,94972100
2016-09-27,12.293216705322266,12.333417044206806,11.907295292249119,12.068095881029597,81992600
2016-09-28,12.365577697753906,12.373617919230728,12.180656437575594,12.34949725480026,66076400
2016-09-29,12.188698768615723,12.462060212078047,12.108298840205416,12.365579837930966,78997700
2016-09-30,12.58265495300293,12.646975174140058,12.196733626180158,12.269094066648806,119428700
2016-10-03,12.566579818725586,12.646979740799601,12.46205922994735,12.53441969654442,69873100
2016-10-04,12.703258514404297,12.904258671081003,12.598737942207498,12.622857838327475,98501500
2016-10-05,12.95250129699707,13.048980891161515,12.831900270776012,12.831900270776012,86056900
2016-10-06,13.04094123840332,13.048981460520423,12.896221840842191,13.000741661333379,75886700
2016-10-07,12.96858024597168,13.065061373941454,12.847979986146091,13.01682157671432,99605400
2016-10-10,13.10526180267334,13.185662492297194,13.008782201937198,13.040941557677376,64158500
2016-10-11,12.95250129699707,13.129381575308887,12.880140834615986,13.073101556460376,77374000
2016-10-12,12.888179779052734,13.057019818864763,12.872099337113871,12.93641957135398,67165800
2016-10-13,12.72737979888916,12.93642096608599,12.542459297201182,12.93642096608599,78637000
2016-10-14,12.864058494567871,13.048978967383619,12.815817937839881,12.98465873625139,108865700
2016-10-17,12.904260635375977,13.024862434606964,12.783660369660566,13.000741768057651,101795500
2016-10-18,13.073099136352539,13.08113935663041,12.952498899214893,13.016819127922652,71433100
2016-10-19,13.241941452026367,13.29018278203763,13.089181840870479,13.105260750692086,97969000
2016-10-20,13.314303398132324,13.370583422572125,13.193703126687659,13.225864016947918,88081200
2016-10-21,13.402742385864258,13.402742385864258,13.185661008365162,13.233900803304262,77954900
2016-10-24,13.483144760131836,13.507263893873407,13.354504268458042,13.467064315293706,68244800
2016-10-25,13.442940711975098,13.523341385089882,13.410781362838359,13.43490049131209,49350300
2016-10-26,13.563543319702148,13.563543319702148,13.362542391353669,13.378621300149856,58730400
2016-10-27,13.59570598602295,13.748467158201791,13.555506403957034,13.627866878488287,97937300
2016-10-28,13.41077995300293,13.651980413475306,13.266059063313454,13.627861287537145,115123600
2016-10-31,13.266061782836914,13.45098227600851,13.266061782836914,13.41078270219397,70387600
2016-11-01,13.354500770568848,13.467060787922131,13.129379202347057,13.31429966900323,88587100
2016-11-02,13.249980926513672,13.31430116271945,13.089181102756921,13.233900484083378,119202000
2016-11-03,13.249980926513672,13.40274206257067,13.225861796383626,13.249980926513672,69690400
2016-11-04,13.306262016296387,13.434902499098675,13.145462179551286,13.29018310608274,82437400
2016-11-07,13.676104545593262,13.70022521117132,13.547464062874655,13.555504284734006,91581900
2016-11-08,13.668059349060059,13.756500223808176,13.434897600547737,13.523338475295853,95842800
2016-11-09,14.44795036315918,14.5122706175235,13.989668359123929,14.198709569186923,319516900
2016-11-10,15.083108901977539,15.2680293764248,14.673066849823648,14.681107070475523,304986400
2016-11-11,15.292154312133789,15.300194535032695,14.978591753139364,14.98663197603827,212952500
2016-11-14,16.144397735595703,16.24087887526454,15.597674855675589,15.605715078440966,320959900
2016-11-15,16.208711624145508,16.224792063366536,15.758470060562324,15.91123116613192,190293100
2016-11-16,15.879068374633789,16.047908365568055,15.822788377655698,15.903189030559357,126734500
2016-11-17,16.144397735595703,16.2569577872796,15.838876938089829,15.8871167411664,167979200
2016-11-18,16.080074310302734,16.19263433974993,15.975554502032537,16.128314103849334,120620200
2016-11-21,16.345399856567383,16.36148030323184,16.088118843999236,16.160479320473502,117479100
2016-11-22,16.321277618408203,16.457958334892105,16.176558212880238,16.345398286087356,104771800
2016-11-23,16.530315399169922,16.610716074688913,16.24087511422302,16.417755373552534,110801300
2016-11-25,16.77151870727539,16.787597616795548,16.482076866696268,16.57855799139446,62610400
2016-11-28,16.321277618408203,16.763480658098775,16.281078039125266,16.618759719055156,108651200
2016-11-29,16.31324005126953,16.5142410285389,16.28107915881887,16.385598992252007,114216800
2016-11-30,17.043560028076172,17.10004885162145,16.720764112037436,16.761114371144778,191699600
2016-12-01,17.350210189819336,17.705284689797587,17.22109246968263,17.285651329750984,199233900
2016-12-02,17.13232421875,17.350210958333548,16.96285778076593,17.34214090806697,128468700
2016-12-05,17.62458610534668,17.64879625558977,17.31793035908621,17.32600040916724,130377300
2016-12-06,17.882827758789062,17.882827758789062,17.527753127989982,17.826338927817545,120789200
2016-12-07,18.213693618774414,18.213693618774414,17.7133626155841,17.907039281903447,168005200
2016-12-08,18.52035140991211,18.754376828711607,18.31053461490245,18.391233619014702,182693900
2016-12-09,18.633323669433594,18.697882546094228,18.38315821477427,18.520346020078744,130590400
2016-12-12,18.245969772338867,18.76244076758928,18.189480949633975,18.560694092668964,136986000
2016-12-13,18.245969772338867,18.463855011457024,17.98773427471366,18.399296137050722,118204100
2016-12-14,18.29438018798828,18.802780899342046,17.923165675288285,18.00386461624083,225340900
2016-12-15,18.68981170654297,18.875418276720403,18.399296004209617,18.4799949814361,162025800
2016-12-16,18.286314010620117,18.818924978758208,18.278243960896255,18.689807261585617,147497700
2016-12-19,18.14105796813965,18.33473456283951,18.020010288852827,18.237897035091954,97508900
2016-12-20,18.3266658782959,18.42350495246606,18.24596844555977,18.262107008584078,83879500
2016-12-21,18.262102127075195,18.334731028487703,18.132984422165066,18.334731028487703,61079100
2016-12-22,18.189481735229492,18.342808106563442,18.13299137087983,18.23790050832416,67123500
2016-12-23,18.237899780273438,18.278248499707445,18.100711979310834,18.165270853928234,38187800
2016-12-27,18.245969772338867,18.35087736604724,18.189480949633975,18.32666721094301,39988600
2016-12-28,18.020015716552734,18.29439135982176,17.96352688515121,18.254042634307876,52652900
2016-12-29,17.753707885742188,18.068432214807466,17.568101309073178,18.02001344246012,79188400
2016-12-30,17.83440589904785,17.963523644445083,17.71335820513857,17.769847026349236,72605900
2017-01-03,18.18140983581543,18.30245752585529,17.915104302045783,18.23789865522037,99298100
2017-01-04,18.52035140991211,18.528419925038403,18.237905665121975,18.33474323869229,76875100
2017-01-05,18.302453994750977,18.5042006189626,18.036148512359823,18.415431611764017,86826400
2017-01-06,18.302453994750977,18.439641760783065,18.20561493787938,18.383152952276543,66281500
2017-01-09,18.19754981994629,18.32666757129772,18.076502120454954,18.165271151710936,75901500
2017-01-10,18.512271881103516,18.67366826752077,18.189477569064312,18.229826280867453,100977700
2017-01-11,18.6171817779541,18.6171817779541,18.33473614248073,18.512274190655074,92385600
2017-01-12,18.496135711669922,18.657533671593654,18.245970259072653,18.5687646397151,120474200
2017-01-13,18.568767547607422,18.89156197879988,18.399299509228094,18.73016399360102,161930900
2017-01-17,17.794055938720703,18.391227445160208,17.761777271434898,18.30245841651556,152495900
2017-01-18,18.262102127075195,18.278242224990077,17.834400306762056,17.995796668297494,124366000
2017-01-19,18.18140983581543,18.407365113435198,18.084570760260608,18.34280624280028,75990800
2017-01-20,18.27017593383789,18.504202784124875,18.173338404840003,18.286316035072463,102564900
2017-01-23,18.205615997314453,18.367013921757778,18.092638373726935,18.25403629817026,61385600
2017-01-24,18.52035140991211,18.641399146477745,18.141066552346178,18.245975719453746,98508700
2017-01-25,18.85927963256836,18.89962835140781,18.641392856743426,18.818929374523947,99753300
2017-01-26,18.91576385498047,19.00453132268314,18.786646139045143,18.891553706040874,84146400
2017-01-27,18.851207733154297,18.92383665131015,18.786648865816293,18.907696549674448,54590200
2017-01-30,18.52035140991211,18.722098150589996,18.326673184360516,18.722098150589996,91561200
2017-01-31,18.27017593383789,18.584901751092964,18.15719830360543,18.37508505265784,91044300
2017-02-01,18.471923828125,18.738229359646418,18.41543500919695,18.536482698214893,103630900
2017-02-02,18.334733963012695,18.39122431475621,18.165267525396242,18.350874063510844,88679100
2017-02-03,18.79471778869629,18.843136551492808,18.520342234174834,18.68173862323146,116035100
2017-02-06,18.657535552978516,18.86735076714965,18.61718528932624,18.681744171964706,92228400
2017-02-07,18.47999382019043,18.794719657676477,18.447715154851146,18.78664960654044,87982900
2017-02-08,18.29438018798828,18.342798936878097,18.116843749256102,18.342798936878097,102264500
2017-02-09,18.657535552978516,18.681744171964706,18.27018071794255,18.367019811502836,102634200
2017-02-10,18.62525177001953,18.75436951053366,18.52841269503149,18.714020793824826,90548300
2017-02-13,18.883487701416016,18.996466881464077,18.697881137400877,18.697881137400877,105342500
2017-02-14,19.416099548339844,19.504868577781732,18.82699962743725,18.88348845009846,139711400
2017-02-15,19.835725784301758,19.98905363231379,19.456442727855592,19.64204923169918,151233300
2017-02-16,19.835725784301758,19.86800597933773,19.609769036663206,19.803447128470204,98144500
2017-02-17,19.787315368652344,19.835734142403904,19.529079856370593,19.59363873444103,85789200
2017-02-21,19.997133255004883,20.013271821045034,19.83573528096212,19.843805333584772,78571500
2017-02-22,20.00520133972168,20.134319090572554,19.803454661616563,19.859943485213197,81531900
2017-02-23,19.835725784301758,20.085891139012872,19.779236982193225,20.005193729831777,85846000
2017-02-24,19.553293228149414,19.65013233840464,19.383826709209572,19.464525711221352,97074400
2017-02-27,19.827661514282227,19.90029043507633,19.521007268088702,19.529077319199697,69129100
2017-02-28,19.91642951965332,19.93256962105062,19.70661281910276,19.755031584089878,90242000
2017-03-01,20.64088249206543,20.72992208705845,20.414236952036113,20.535655142988936,143947500
2017-03-02,20.42233657836914,20.883720875970127,20.3980541693776,20.786588152210346,99824600
2017-03-03,20.592323303222656,20.762306359435744,20.478999721850297,20.478999721850297,92456100
2017-03-06,20.43852424621582,20.519469205475218,20.300918278643845,20.503279904844003,75660400
2017-03-07,20.406147003173828,20.527565222092793,20.317108931569187,20.414241654028213,64053700
2017-03-08,20.44661521911621,20.859433047585,20.414236623677215,20.72182710476207,105314600
2017-03-09,20.51947021484375,20.665170839898458,20.422335950175025,20.51947021484375,78984600
2017-03-10,20.487089157104492,20.73801866747386,20.3090114944297,20.73801866747386,86998800
2017-03-13,20.478994369506836,20.56803397219315,20.341388412580965,20.478994369506836,56886200
2017-03-14,20.49518585205078,20.511375153153985,20.276634918847712,20.389958482673414,63182700
2017-03-15,20.381860733032227,20.68135503841934,20.20378153576762,20.551843737079537,114662700
2017-03-16,20.41423988342285,20.63279080584508,20.389957476862595,20.43042918372746,70306200
2017-03-17,20.122838973999023,20.45471189058305,20.098555025018523,20.414238642282218,105222400
2017-03-20,19.782869338989258,20.041891925441426,19.766680041361898,19.896191334587982,87287500
2017-03-21,18.63345718383789,19.88000388285731,18.576796180777443,19.831437529362148,259545800
2017-03-22,18.56870460510254,18.762971595138968,18.1720759741244,18.333964360539692,167984400
2017-03-23,18.67392921447754,19.013896782684657,18.544417906960216,18.649646809253397,111666800
2017-03-24,18.71440315246582,18.900575470893642,18.423001927868103,18.779158808610134,113499100
2017-03-27,18.641555786132812,18.65774354479927,17.93733656359687,18.03447083507995,119513500
2017-03-28,19.005800247192383,19.15959548857061,18.617266363191355,18.625361012095095,95761700
2017-03-29,18.900571823120117,19.143405100820782,18.868193229348652,19.030083110413315,67204500
2017-03-30,19.321487426757812,19.41052548634336,18.88438560300545,18.924857307917378,79189200
2017-03-31,19.09484100341797,19.402429960998987,19.09484100341797,19.28910795724227,77158300
2017-04-03,19.09484100341797,19.224352305967503,18.68202314758014,19.143407355899917,88076600
2017-04-04,18.973424911499023,19.030085915053416,18.779157951928305,18.779157951928305,75244400
2017-04-05,18.754873275756836,19.329579482547576,18.738683977112917,19.240541427799002,97453300
2017-04-06,18.827722549438477,18.989610895363494,18.584887714706337,18.754872253408475,82975200
2017-04-07,18.746780395507812,18.892481009259406,18.56060807522373,18.641553032185353,79519400
2017-04-10,18.63345718383789,18.843913440845643,18.54441758251631,18.72249524126293,63254700
2017-04-11,18.55251121520996,18.576795162574797,18.27729932066097,18.479660917011905,94206700
2017-04-12,18.333961486816406,18.56870169458533,18.30158443216695,18.520133796766313,76556300
2017-04-13,18.083036422729492,18.584892429477406,18.083036422729492,18.26111411159217,88061800
2017-04-17,18.46347999572754,18.47966930131592,18.01828489932716,18.09922988337191,85053200
2017-04-18,18.382526397705078,18.73868323427002,18.11540915625548,18.70630618216217,146488400
2017-04-19,18.406814575195312,18.738687541032284,18.358248213923186,18.552515202908477,101771800
2017-04-20,18.67392921447754,18.75487416765001,18.471567603494652,18.584889611598168,103802600
2017-04-21,18.382526397705078,18.682022235158957,18.285393697485098,18.64155053405004,127235400
2017-04-24,19.127220153808594,19.3052993722574,18.81153651222633,18.81153651222633,138638900
2017-04-25,19.41053009033203,19.71002602696616,19.353869072457265,19.418624742013705,131531100
2017-04-26,19.33767318725586,19.580508023363105,19.31339078437263,19.42671278155149,95172200
2017-04-27,19.143409729003906,19.37005530850986,18.989614459199984,19.345771357310284,80024200
2017-04-28,18.892478942871094,19.20006789300637,18.876289644470166,19.078651242792354,69384900
2017-05-01,19.111032485961914,19.240543803310256,18.900576209296688,19.038182176966387,72382900
2017-05-02,19.046276092529297,19.15959810486324,18.884386180140844,19.111031748705354,60262600
2017-05-03,19.24054718017578,19.248641831917812,18.89248487475322,18.91676882997931,64272800
2017-05-04,19.305294036865234,19.46718236610892,19.208159804202023,19.410521373678815,68133400
2017-05-05,19.216262817382812,19.41862447495074,19.102940783191787,19.410529823380394,56678800
2017-05-08,19.39433479309082,19.475279740994324,19.22435179200028,19.22435179200028,56016500
2017-05-09,19.41053009033203,19.677647420239463,19.321492009627516,19.451003348740397,61622000
2017-05-10,19.54813003540039,19.56431933375681,19.321486033996393,19.353863086812765,48495300
2017-05-11,19.483381271362305,19.612892616190457,19.29720890615896,19.507665227478963,68350800
2017-05-12,19.426713943481445,19.426713943481445,19.224352339903515,19.361958292092368,62589000
2017-05-15,19.47528076171875,19.540036414656186,19.41052510878131,19.47528076171875,50688800
2017-05-16,19.418621063232422,19.564321678106243,19.378149356388207,19.483376720521157,55774800
2017-05-17,18.269208908081055,18.981522757000533,18.180169290991916,18.916767092907563,190353300
2017-05-18,18.406814575195312,18.617270865903574,18.212547586210018,18.301587201789573,108444100
2017-05-19,18.657739639282227,18.860101247273995,18.512040578401255,18.544417632853733,89566700
2017-05-22,18.649648666381836,18.81153704495102,18.471569442889994,18.771065336282902,74839400
2017-05-23,18.932950973510742,19.021990572364434,18.48775606703528,18.641551316719884,79020000
2017-05-24,18.90867042541504,18.997708489112,18.795346867414995,18.973426082602213,58823200
2017-05-25,18.819629669189453,19.086746931770474,18.795345720265157,18.949140975659247,60443500
2017-05-26,18.81153106689453,18.95723164203278,18.754870075206597,18.803436418953936,50399500
2017-05-30,18.54441261291504,18.787245859212025,18.52012867072689,18.722490223939754,61307900
2017-05-31,18.199277877807617,18.515998418312527,17.9394044549351,18.49975749110883,138636300
2017-06-01,18.377933502197266,18.386054737204457,18.109938942828727,18.256118075023785,69725100
2017-06-02,18.23175621032715,18.34545040431036,17.996245038256525,18.085577075796035,79722300
2017-06-05,18.199277877807617,18.4347891353907,18.18303540163614,18.223641592064837,51590300
2017-06-06,18.05309295654297,18.199272097724254,17.923156286374557,18.02873079899095,71735600
2017-06-07,18.353572845458984,18.369815316800228,18.085578264197782,18.109940422242325,66429700
2017-06-08,18.654048919677734,18.848953909010792,18.353570975318625,18.369813445004837,93685900
2017-06-09,19.2225284576416,19.2225284576416,18.848959292989,18.85708053015184,108254300
2017-06-12,19.31186294555664,19.523010491435354,19.271256754637,19.34434634932455,85829900
2017-06-13,19.303739547729492,19.57985541922083,19.214407486668286,19.44991872075051,68047300
2017-06-14,19.29561424255371,19.336218871402558,18.840835893783936,19.12507139366048,102352400
2017-06-15,19.11695098876953,19.4499138895148,19.060102341962935,19.12507067506037,69707500
2017-06-16,19.02762222290039,19.18192262141123,18.97889635193763,19.13319520148096,57745800
2017-06-19,19.41743278503418,19.49052236783095,19.16568063816061,19.17380187502331,58587800
2017-06-20,19.07634735107422,19.482399874210667,19.068226114735396,19.417431532467532,59693500
2017-06-21,18.783987045288086,19.141313661437614,18.73526118139365,19.084466562066225,72432800
2017-06-22,18.621572494506836,18.840841270384757,18.597208780864484,18.775872916306234,64763300
2017-06-23,18.532230377197266,18.76774150112466,18.46726205834952,18.76774150112466,85399600
2017-06-26,18.589082717895508,18.79210896531321,18.459146043465566,18.605325189441086,61307800
2017-06-27,18.89768409729004,19.165678690656975,18.678415371180527,18.759626182587834,88257800
2017-06-28,19.393068313598633,19.4580366569838,19.108832779393207,19.108832779393207,119049300
2017-06-29,19.750396728515625,20.03463383689972,19.52300828098245,19.96154425048759,150501200
2017-06-30,19.701669692993164,19.994028021414717,19.628580110887775,19.994028021414717,84005200
2017-07-03,20.042753219604492,20.22953701250007,19.847848190195958,19.86408911425439,58129700
2017-07-05,20.23766326904297,20.262026984625354,19.994032309090578,20.140209955681293,76172500
2017-07-06,20.067110061645508,20.391953240198358,20.05086914189152,20.221410416561405,84465400
2017-07-07,20.164569854736328,20.302627785637366,20.018390686844928,20.237659438682027,54478800
2017-07-10,20.213294982910156,20.29450580085384,20.010268712534707,20.07523705709615,54632800
2017-07-11,19.977783203125,20.229535318069946,19.864087450434255,20.20517161057178,69410600
2017-07-12,19.77475929260254,19.977785565526656,19.734153108637194,19.831606401186487,68708700
2017-07-13,19.99402618408203,20.002145871154227,19.790999929994538,19.839725797264666,55533400
2017-07-14,19.66106414794922,19.75039620652921,19.34434364784574,19.652944459867026,92625400
2017-07-17,19.50676727294922,19.669187383545236,19.433677681042305,19.669187383545236,81522000
2017-07-18,19.40930938720703,19.539246064608474,19.173799740279684,19.417430623165544,107981400
2017-07-19,19.53924560546875,19.652941357248885,19.336219358178855,19.531124369701075,74140100
2017-07-20,19.441795349121094,19.58797450609431,19.352463297866915,19.506763691223917,62793500
2017-07-21,19.328096389770508,19.45803305247066,19.214402197149674,19.360581329929147,65922500
2017-07-24,19.41743278503418,19.514886078419057,19.27125361944064,19.279374856303342,51382700
2017-07-25,19.880329132080078,20.03462950883537,19.68542412674211,19.693545362252106,86154700
2017-07-26,19.66106414794922,20.034633307401158,19.604217037568347,20.034633307401158,65704700
2017-07-27,19.579851150512695,19.855966961806548,19.514882815441627,19.701666585150033,62902100
2017-07-28,19.514883041381836,19.66106063525869,19.45803439219009,19.53112396361217,50143400
2017-07-31,19.58797264099121,19.734150235078413,19.56360893415969,19.58797264099121,62272000
2017-08-01,19.855972290039062,19.88845569180768,19.709793109661025,19.726035585029187,52782500
2017-08-02,19.96967124938965,19.96967124938965,19.701676538212713,19.84785575321251,55317100
2017-08-03,19.79100227355957,19.97778607768602,19.750396088553227,19.937179892679676,53210600
2017-08-04,20.278257369995117,20.367589398385384,20.01838406809659,20.042747771012227,105206600
2017-08-07,20.270139694213867,20.34322926682495,20.22141382879559,20.31074587286854,41860900
2017-08-08,20.221418380737305,20.58686632605686,20.15645002923246,20.262024568532635,73399300
2017-08-09,20.091476440429688,20.115840146755932,19.86408649495322,19.977782242175092,56910400
2017-08-10,19.58797264099121,19.96154018527069,19.56360893415969,19.96154018527069,78023700
2017-08-11,19.3768310546875,19.68543035689804,19.32810362620601,19.547372407469375,68157400
2017-08-14,19.831602096557617,19.888449192802387,19.62857586770218,19.67730172891667,54989500
2017-08-15,19.872211456298828,20.180812265089376,19.85597053133688,20.09960144440936,45143200
2017-08-16,19.64482307434082,19.994028520004107,19.555491016436005,19.92906017306449,59188900
2017-08-17,19.198163986206055,19.628580244993174,19.18192306149087,19.54736942554706,78969300
2017-08-18,19.18191909790039,19.409307486602827,19.043861198059385,19.133191686920817,60461200
2017-08-21,18.98701286315918,19.198160333963532,18.792107862947606,19.14943447115245,70124800
2017-08-22,19.352460861206055,19.40118672440625,19.141313388715513,19.165677094799243,59228600
2017-08-23,19.29561424255371,19.466155542479637,19.1575563359134,19.173798807039862,39825500
2017-08-24,19.36058235168457,19.441793157399868,19.230645682127005,19.433671921931612,39178700
2017-08-25,19.303739547729492,19.547370470119436,19.287497073178795,19.401191297098418,43511900
2017-08-28,19.26313018798828,19.40930933692808,19.14131474686091,19.360583470270605,37155000
2017-08-29,19.14944076538086,19.246894072002195,18.77587311276256,18.857082394484618,60897200
2017-08-30,19.48410415649414,19.622868256899157,19.231062730708736,19.369826831113752,58412900
2017-08-31,19.50042152404785,19.622861585103546,19.41063411800107,19.614698810573827,62362400
2017-09-01,19.663684844970703,19.73714829973525,19.426968922531408,19.50859515636878,56233900
2017-09-05,19.027000427246094,19.451455560610363,18.961699757258575,19.451455560610363,108605400
2017-09-06,19.10862159729004,19.2473856789041,18.945369187076896,19.173922249997222,64188900
2017-09-07,18.749465942382812,19.108620286072636,18.56988954898303,19.084131959153922,103501200
2017-09-08,18.684165954589844,18.96169410858407,18.65151640776775,18.716817058302254,68365000
2017-09-11,19.06781578063965,19.10862811867617,18.839262639718783,18.953538431733765,73741000
2017-09-12,19.549402236938477,19.614702889866813,19.141272766913794,19.14943398625076,99658500
2017-09-13,19.859580993652344,19.875906546965673,19.484102608788497,19.524914935181364,86339800
2017-09-14,19.786117553710938,20.030996182653848,19.753468003986157,19.900393313083356,70051000
2017-09-15,19.900392532348633,19.92488086134933,19.712653347347796,19.761628448458797,85937600
2017-09-18,20.161603927612305,20.218741825527562,19.92488799980229,19.93305077906032,68076400
2017-09-19,20.292198181152344,20.39831116059294,20.096296218184047,20.161596872506813,56218100
2017-09-20,20.455448150634766,20.602375005706154,20.13710766924031,20.308521295563374,82289900
2017-09-21,20.537076950073242,20.635028718131903,20.341174970846453,20.44728795909368,57864000
2017-09-22,20.422794342041016,20.463606656871715,20.284030291970616,20.414631567696873,61446000
2017-09-25,20.210573196411133,20.47177582950037,20.06364632607581,20.357500066746454,62361700
2017-09-26,20.251386642456055,20.37382518886745,20.15343642808317,20.2677121971484,53012700
2017-09-27,20.741138458251953,20.928877630999096,20.553399285504806,20.65951225713441,92877400
2017-09-28,20.773792266845703,20.928880356586983,20.684003278234073,20.88806802915833,64991400
2017-09-29,20.68400764465332,20.798283431089704,20.659519308892314,20.74114553787151,66232600
2017-10-02,20.912561416625977,20.93704819624813,20.724820617141194,20.78195851211405,54001400
2017-10-03,21.108457565307617,21.165595444383694,20.912555598379456,21.018668579964963,55946900
2017-10-04,20.98601722717285,21.181920748690146,20.977856007592514,21.108457317343767,53402800
2017-10-05,21.32884979248047,21.41047601460301,20.945208572462427,21.03499757248629,62636900
2017-10-06,21.394147872924805,21.467611308266616,21.255385336046384,21.426798980583612,53900600
2017-10-09,21.10029411315918,21.443122933529498,21.026830683301938,21.434960157224204,55172500
2017-10-10,21.165597915649414,21.18192347068885,20.986019923996828,21.08397169734284,46133800
2017-10-11,21.083974838256836,21.1656010687234,20.93704793479519,21.1656010687234,51652300
2017-10-12,20.773792266845703,21.165596214966563,20.684003278234073,21.116621110674078,71770000
2017-10-13,21.083974838256836,21.222738962982742,20.50443156003684,20.716657579602717,104196900
2017-10-16,21.418638229370117,21.49210167165985,21.11662323941513,21.11662323941513,71927200
2017-10-17,21.385988235473633,21.573727447733052,21.31252479469549,21.524752339511164,48644400
2017-10-18,21.61454200744629,21.6716798990793,21.492103445819723,21.500266224180265,55382500
2017-10-19,21.6961669921875,21.704329770080772,21.345175327230244,21.385989216696604,54542700
2017-10-20,22.177757263183594,22.185920040073356,21.957366957831486,22.07164427739767,83764700
2017-10-23,22.169601440429688,22.3899918149136,22.112463541168893,22.218576560240226,69607700
2017-10-24,22.594051361083984,22.724652688047076,22.316523152064754,22.324685929611274,90346500
2017-10-25,22.553241729736328,22.789957652588047,22.31652736377553,22.765469315326893,81265300
2017-10-26,22.64302635192871,22.83892834135639,22.594051243794443,22.60221402129859,55342500
2017-10-27,22.69200325012207,22.82260458670968,22.545077914129067,22.594053026126733,58856700
2017-10-30,22.528749465942383,22.659350785765426,22.414472143429318,22.56956179455313,51357600
2017-10-31,22.35733413696289,22.626699552219414,22.316521808577868,22.561398892669057,50311200
2017-11-01,22.47161102294922,22.634861890213166,22.33284692948509,22.561398455032712,46527700
2017-11-02,22.74913787841797,22.806275756460714,22.267544967928526,22.45528415489481,59692000
2017-11-03,22.708324432373047,22.708324432373047,22.545073571529052,22.634861000081596,37816100
2017-11-06,22.651187896728516,22.708325779257418,22.54507490873063,22.643025119668597,37261000
2017-11-07,22.185922622680664,22.66751561700422,22.055321291022484,22.643027283484304,68342100
2017-11-08,21.867576599121094,22.006339117003925,21.622697995873665,22.006339117003925,83128200
2017-11-09,21.62270164489746,21.761465743088262,21.320686673881955,21.62270164489746,95448600
2017-11-10,21.639026641845703,21.826765841358874,21.59821275702294,21.70432730067161,61105300
2017-11-13,21.549240112304688,21.614540778585674,21.337012557668807,21.434964335535632,55902200
2017-11-14,21.418638229370117,21.50842722703327,21.288036900164073,21.434963784743537,61596800
2017-11-15,21.867576599121094,21.981852346502386,21.06764169678117,21.21456854735157,98274900
2017-11-16,21.843088150024414,22.07980241926536,21.826762598520823,21.965526672520785,54565200
2017-11-17,21.72881507873535,21.81860250928001,21.581888210892583,21.63902609130022,48420700
2017-11-20,21.826766967773438,21.908393184740937,21.663516090729033,21.826766967773438,46328800
2017-11-21,21.818599700927734,21.92471422821822,21.78595015499316,21.875737573980945,57749100
2017-11-22,21.761463165283203,21.957365123601154,21.70432528871843,21.851252146679485,38103200
2017-11-24,21.704334259033203,21.826772838974005,21.68800869987016,21.81044727981096,14273600
2017-11-27,21.704334259033203,21.973699757659368,21.63903357927204,21.647196358853563,44828600
2017-11-28,22.5613956451416,22.61037230042248,21.687998865539974,21.728812744940704,99765000
2017-11-29,23.083810806274414,23.255224491485063,22.72465632125907,22.871583226805843,119728400
2017-11-30,23.092002868652344,23.54285781808654,23.018226376777655,23.460885328025796,122131900
2017-12-01,23.034618377685547,23.37071054465488,22.5427756863689,23.157578659633504,137774800
2017-12-04,23.821561813354492,24.026496106636852,23.624825079426376,23.649417757489108,145661700
2017-12-05,23.715003967285156,24.01830593911295,23.64942503579333,23.854359392145916,91349800
2017-12-06,23.47727394104004,23.747787166405875,23.4198925846783,23.551050417369332,74593800
2017-12-07,23.59203338623047,23.747782303454652,23.25594131334236,23.682203400538054,80706100
2017-12-08,23.813365936279297,23.846156176012716,23.575642952310762,23.78877482000392,60991300
2017-12-11,23.723201751708984,23.911740986076033,23.69041150389294,23.796978245770017,54001900
2017-12-12,24.034696578979492,24.18224953819004,23.698604422344257,24.034696578979492,76017200
2017-12-13,23.641223907470703,24.133066601223977,23.633026346830253,24.026499876422942,79980600
2017-12-14,23.551054000854492,23.919936438629424,23.53465887839229,23.82156726738113,60615800
2017-12-15,23.805179595947266,23.919942354515985,23.559257388767453,23.69861283711175,129859400
2017-12-18,24.165863037109375,24.182258163652843,23.993718898978916,24.010114025522387,70548600
2017-12-19,24.141263961791992,24.297012922095305,24.0756850407367,24.264224243330062,67984100
2017-12-20,24.165863037109375,24.46096906079053,24.141271910819494,24.395390118141975,81271200
2017-12-21,24.444568634033203,24.5757264908919,24.247831848745157,24.25602941023945,72953200
2017-12-22,24.49374771118164,24.61670954633438,24.280617407572837,24.57572174677524,54203000
2017-12-26,24.411781311035156,24.54293917519783,24.247833199069277,24.37899106323195,42371200
2017-12-27,24.37079620361328,24.37079620361328,24.264231013486633,24.313414827120067,35111800
2017-12-28,24.42816734313965,24.444562461988603,24.313404638246144,24.370785990692898,37914900
2017-12-29,24.19864845275879,24.493752853921695,24.19864845275879,24.469161732547708,40672000
2018-01-02,24.510143280029297,24.510143280029297,24.27242029232994,24.387183006148614,57121600
2018-01-03,24.42816734313965,24.542931611557744,24.337997316519576,24.510141373859835,57865700
2018-01-04,24.74786949157715,24.95280381630214,24.49374980318029,24.56752628516327,76512500
2018-01-05,24.86263084411621,24.936407322036935,24.633103850193432,24.895421084758635,56445200
2018-01-08,24.690488815307617,24.81344910084645,24.633105889432958,24.780658857489502,42914800
2018-01-09,24.813453674316406,25.03478316719538,24.698689364939263,24.756072301390407,69479100
2018-01-10,25.042964935302734,25.19051784670813,24.846228241270293,24.895413587421597,63532800
2018-01-11,25.133150100708008,25.15774278708565,24.961005986639854,25.133150100708008,59318300
2018-01-12,25.567607879638672,25.57580544059986,25.223318136893198,25.3134881804165,66371600
2018-01-16,25.60859489440918,26.059451379743013,25.436450799599395,26.01846357369907,104467900
2018-01-17,25.55941390991211,25.64958552962989,24.87083432767204,25.41186091892851,124382900
2018-01-18,25.805330276489258,25.99386948351455,25.584000826403127,25.6823699920608,76463800
2018-01-19,26.0020694732666,26.018464596328574,25.788937564035933,25.887306738882778,66491000
2018-01-22,26.182418823242188,26.182418823242188,25.88731279320951,25.961089300717678,53848800
2018-01-23,26.166015625,26.33816127725964,26.05945046009632,26.116831823007907,56531400
2018-01-24,26.305370330810547,26.403737932166756,26.084040882471825,26.23978984520663,81585000
2018-01-25,26.305370330810547,26.436528174968714,26.174212486652376,26.428332177793056,62265800
2018-01-26,26.395544052124023,26.395544052124023,26.190609708748916,26.321767563426988,52699900
2018-01-29,26.46112823486328,26.60048525033605,26.379155727209223,26.43653710797721,59126500
2018-01-30,26.133220672607422,26.395537884192002,26.10862955780467,26.190603588704562,60555800
2018-01-31,26.23159408569336,26.469318657586882,26.190607845344402,26.272580326042316,65734100
2018-02-01,26.64146614074707,26.64146614074707,26.19880718360879,26.231597430889423,62367400
2018-02-02,26.190614700317383,26.780823595329394,26.116838197559566,26.592284338737315,96971900
2018-02-05,24.805248260498047,26.215195704415198,23.895339453465223,25.51022276421895,155908300
2018-02-06,25.575803756713867,25.649580236982302,24.01830167418002,24.108473275291395,165878400
2018-02-07,25.616792678833008,26.018463800414114,25.29709560652915,25.510227509240035,101180500
2018-02-08,24.378986358642578,25.723354988639986,24.37078879827372,25.665973629582748,128981300
2018-02-09,24.86263084411621,25.09215783803899,23.878945514189713,24.731473008595973,143071100
2018-02-12,25.51022720336914,25.7725429070912,25.034779599491674,25.10035852542219,95055100
2018-02-13,25.55941390991211,25.739755585822568,25.215124118792076,25.444651167380467,76727300
2018-02-14,26.23159408569336,26.256185204492795,25.46104057163916,25.55121217663668,97251500
2018-02-15,26.403736114501953,26.616869550992657,26.125026887496148,26.55128906990338,68117400
2018-02-16,26.207002639770508,26.44472565935455,26.16601639748789,26.231595323255032,62137800
2018-02-20,26.17421531677246,26.362754542695264,26.026662335258962,26.19880643800804,58573900
2018-02-21,26.125032424926758,26.534899573936617,26.04305836971476,26.06764949181082,72210300
2018-02-22,25.977479934692383,26.34636084490827,25.895505877913823,26.223400541502972,64749700
2018-02-23,26.256189346313477,26.280783596042262,26.03486142458063,26.067650109327126,53626300
2018-02-26,26.57588005065918,26.592275170847522,26.27257814479848,26.370945738879083,61796300
2018-02-27,26.502113342285156,26.928374065812747,26.493914216611422,26.493914216611422,69235500
2018-02-28,26.313566207885742,26.862791827637942,26.305370210747494,26.633266383171165,72044000
2018-03-01,25.902164459228516,26.618011210839725,25.80342773388515,26.38762447211058,90547100
2018-03-02,26.025583267211914,26.074953193805822,25.20276999001481,25.60594987690616,82739100
2018-03-05,26.436994552612305,26.61801136029419,25.64709289847051,25.795199556709097,70543100
2018-03-06,26.4205379486084,26.593328003887756,26.288887934283565,26.57687135974916,50832600
2018-03-07,26.478126525878906,26.51926655423601,25.984438338636227,26.083176603841356,52763900
2018-03-08,26.494590759277344,26.552187443243156,26.173692482423345,26.48636086797716,53139800
2018-03-09,26.922454833984375,26.93068158673043,26.659154803135273,26.716751488709516,73905800
2018-03-12,27.021183013916016,27.193973015984373,26.856619761991553,26.89775979027693,60322800
2018-03-13,26.626245498657227,27.144618885173372,26.57687555844183,27.128162238434907,63347500
2018-03-14,26.445220947265625,26.78257430006782,26.272430894587792,26.78257430006782,58011400
2018-03-15,26.41230583190918,26.609782406150984,26.272429076691637,26.568642368662513,41964200
2018-03-16,26.46990203857422,26.799028610160903,26.395851855690005,26.420535249984745,83447600
2018-03-19,26.313562393188477,26.511038916990966,26.06671909252251,26.43698561291289,57363200
2018-03-20,26.313562393188477,26.494582278442184,26.23128076983601,26.379388947383593,44784500
2018-03-21,26.223060607910156,26.700292259978507,26.066725641203952,26.33002564656693,64546300
2018-03-22,25.136945724487305,25.910390667062988,25.029980685861222,25.86925062975876,110271900
2018-03-23,24.001461029052734,25.268592536865786,23.902722754840156,25.252137465656713,115740200
2018-03-26,25.04644012451172,25.145176852820722,24.39641679067745,24.593891816687456,83297000
2018-03-27,24.28944969177246,25.235684700129394,24.034376431468626,25.219228057001686,85821800
2018-03-28,24.182479858398438,24.651483139297955,23.869811527595978,24.51160639952733,79396100
2018-03-29,24.67617416381836,24.79959586237149,24.116660789692663,24.330592466234375,65678300
2018-04-02,24.116661071777344,24.733771141153166,23.655885992739844,24.519839462109168,86644200
2018-04-03,24.3470458984375,24.396414257465818,23.943867566023926,24.30590586081254,69698700
2018-04-04,24.58565902709961,24.659712344571524,23.820444028876008,23.86158406329742,66640800
2018-04-05,24.947696685791016,25.136943350544847,24.783134982723556,24.832503336704626,55765500
2018-04-06,24.37995719909668,24.92301541671896,24.16602712382318,24.69262712952744,79687600
2018-04-09,24.577434539794922,25.20277128144316,24.486924572460005,24.53629293219184,65917500
2018-04-10,25.079349517822266,25.16163116337543,24.873646188635288,25.079349517822266,60540500
2018-04-11,24.60211753845215,24.881874188076818,24.59388921706415,24.80782086497665,62211500
2018-04-12,25.219228744506836,25.34265043254551,24.824278715026313,24.865418754575238,57989100
2018-04-13,24.519838333129883,25.647093365152788,24.32236330834911,25.61418007632666,99254500
2018-04-16,24.62680435180664,24.9888426731044,24.24830938649717,24.750226043110526,110588900
2018-04-17,24.717315673828125,24.988844037276532,24.58566408393941,24.824280726959664,83475900
2018-04-18,24.297679901123047,24.86542000861215,24.272994934513612,24.709086594928362,79743200
2018-04-19,24.83250617980957,24.881874539442887,24.305906158675917,24.314132910788256,80902600
2018-04-20,24.898334503173828,25.120494505241297,24.79136787874487,24.898334503173828,65554600
2018-04-23,24.947696685791016,25.013521680896336,24.783134982723556,24.90655665237207,50686300
2018-04-24,24.84073829650879,25.39202336638096,24.68440330282776,25.062896733496245,81486800
2018-04-25,24.799596786499023,24.964160103630146,24.51984008901137,24.758456741912294,65893500
2018-04-26,24.742000579833984,24.914792223137606,24.67617556557359,24.71731718035642,45936700
2018-04-27,24.80782699584961,24.85719536698641,24.659720313046986,24.676176959889993,47411200
2018-04-30,24.618572235107422,25.038207176371902,24.618572235107422,24.906557183354618,55153900
2018-05-01,24.643266677856445,24.651493432367204,24.371738266624362,24.618581706147232,52871700
2018-05-02,24.33881950378418,24.74199786811483,24.322362859674694,24.643261142241833,68234600
2018-05-03,24.02614974975586,24.289449763003837,23.392583112007998,24.281221441415852,110672700
2018-05-04,24.10843276977539,24.20717107149233,23.713482701691756,23.85336104697872,58281900
2018-05-07,24.38818359375,24.51160683355462,24.133111932311042,24.223621889663317,46765200
2018-05-08,24.62680435180664,24.79136608374784,24.412872687830323,24.4951543384969,65119800
2018-05-09,25.276823043823242,25.334421290908427,24.750223054178516,24.766679696202853,72266500
2018-05-10,25.416702270507812,25.564808915235897,25.029980585467012,25.186315551501302,54773200
2018-05-11,25.44138526916504,25.531895227149903,25.35087531118017,25.433156948494442,42024800
2018-05-14,25.6059513092041,25.69645970757206,25.53189798456276,25.54012630612201,41791600
2018-05-15,25.688232421875,25.803427358957727,25.38379235886591,25.44138904271131,64433500
2018-05-16,25.55658531188965,25.71292030678469,25.52367358998086,25.655323616400228,43590100
2018-05-17,25.350881576538086,25.573041581374962,25.235688197463595,25.540129859950287,45981500
2018-05-18,24.898334503173828,25.334426184707148,24.87364953536898,25.317969539503913,58641700
2018-05-21,25.136945724487305,25.24391233250521,25.079349044504657,25.112262329861498,34983300
2018-05-22,25.416702270507812,25.622405594987526,25.128718871749673,25.178087230195093,61103000
2018-05-23,25.04644012451172,25.309740159191726,24.75022680080071,25.268598547902975,73893100
2018-05-24,24.857187271118164,25.021750547166317,24.54451892989673,25.013522226424737,62146200
2018-05-25,24.816049575805664,24.840734540357047,24.58566128150165,24.69262789183246,44166700
2018-05-29,23.82867431640625,24.51983766911783,23.61474422239776,24.486925950574964,135895000
2018-05-30,24.264766693115234,24.35527666825925,23.993238337075184,24.10020495668029,79435300
2018-05-31,23.992128372192383,24.173886347446885,23.818630762164066,24.124316277069134,97509300
2018-06-01,24.289546966552734,24.504352675827622,24.215191083503584,24.36390284960188,64796600
2018-06-04,24.289546966552734,24.446520672523594,24.231714963248706,24.41347291303335,43777000
2018-06-05,24.058218002319336,24.239975944919117,24.008646365043525,24.21519012628121,47690800
2018-06-06,24.818307876586914,24.82656824324795,24.19041443145335,24.198676373918786,74995800
2018-06-07,24.85960578918457,25.041363721260005,24.694370159440535,24.950485543124163,68402700
2018-06-08,24.793519973754883,24.82656616504597,24.628284289886636,24.793519973754883,49572900
2018-06-11,24.83482551574707,25.123987144445493,24.83482551574707,24.892657526325934,46732800
2018-06-12,24.702634811401367,25.008320287257703,24.57870886338542,24.92570246331243,49644600
2018-06-13,24.653064727783203,25.08267615131441,24.537400719834004,24.768728735732402,68900200
2018-06-14,24.372169494628906,24.82656524471556,24.273027772822328,24.818304879052203,77863200
2018-06-15,24.190410614013672,24.29781269750664,23.851678905407343,24.165624790528764,105079500
2018-06-18,24.289546966552734,24.372164789474443,23.80210354469893,23.90950718723833,52644100
2018-06-19,24.173887252807617,24.26476703174056,23.917773374492448,23.992129270745913,65466200
2018-06-20,24.15736198425293,24.37216771935048,24.10779191486245,24.30607376822847,52256500
2018-06-21,24.198671340942383,24.330859241287378,23.959079786689532,24.13257581496581,68322600
2018-06-22,23.950817108154297,24.388690499436258,23.950817108154297,24.33911885648085,76079200
2018-06-25,23.52946662902832,23.884722176560924,23.347708673087805,23.843414051602977,73616400
2018-06-26,23.579036712646484,23.68643877592607,23.141163368313716,23.562512833433054,56369300
2018-06-27,23.331188201904297,23.835155594210878,23.331188201904297,23.554255891201066,61764400
2018-06-28,23.686437606811523,23.826887421585653,23.3807521596665,23.463369975851947,71292100
2018-06-29,23.28988265991211,24.099534093507394,23.28162071763407,24.03344013108746,102307600
2018-07-02,23.36423110961914,23.36423110961914,22.992451704755574,23.19899546839003,52534300
2018-07-03,22.95114517211914,23.48815867960555,22.91809741126264,23.405540853268263,40599000
2018-07-05,23.066808700561523,23.19899658961199,22.97592893591285,23.09159452068496,44506800
2018-07-06,23.157691955566406,23.256832099394813,22.82722060732725,22.975932398874036,39424900
2018-07-09,24.000391006469727,24.033438773715385,23.314665594165,23.32292753597641,61758900
2018-07-10,23.818632125854492,24.231719746195918,23.752538169632032,24.140839965463456,58858400
2018-07-11,23.6947078704834,23.88472781140548,23.645137793678582,23.686445928381875,50218900
2018-07-12,23.76905632019043,23.934290382994522,23.67817656137569,23.8764583822229,51700700
2018-07-13,23.587299346923828,23.70296493674776,23.31466161687399,23.645132929737798,75178000
2018-07-16,24.603498458862305,24.661330471757484,23.736013538022135,23.77732324423595,129172000
2018-07-17,24.793519973754883,24.95049371584929,24.438264356501136,24.69437824827308,87778900
2018-07-18,24.89265251159668,25.024841963752095,24.653062576635772,24.719156514811587,59109200
2018-07-19,24.51261329650879,24.801774873271064,24.487827478224997,24.727418994223513,59260600
2018-07-20,24.89265251159668,24.91743832933903,24.33911518844781,24.471304640603226,80432700
2018-07-23,25.40488624572754,25.48750407713462,24.892656951646885,24.900918892368,74080200
2018-07-24,25.47098159790039,25.70231122341438,25.322269808341698,25.48750548025228,64761500
2018-07-25,25.669261932373047,25.702309695111747,25.33879218400632,25.363578006060344,57644100
2018-07-26,25.56186294555664,25.78492906779575,25.520553237138845,25.76840676023288,46215000
2018-07-27,25.66100311279297,25.727097070505213,25.446197356277118,25.60317109677029,57198900
2018-07-30,25.867544174194336,25.983209769732127,25.71883239122009,25.727094332030223,58721000
2018-07-31,25.512287139892578,25.95842246331065,25.462717073669676,25.908852397087752,64066000
2018-08-01,25.81797218322754,26.065824085864936,25.751878237470635,25.793186362642214,69070700
2018-08-02,25.84276008605957,25.867544332837888,25.504028389787077,25.59490658764773,46427200
2018-08-03,26.03277587890625,26.03277587890625,25.74361429775267,25.76013817685947,50153800
2018-08-06,26.04104232788086,26.09887433896534,25.875806659807385,25.983210316796377,41261500
2018-08-07,26.03277587890625,26.272365822739438,26.016251999799454,26.065822061316002,43946200
2018-08-08,26.272369384765625,26.363249156370706,26.007993586427986,26.03277940844866,43689600
2018-08-09,26.107141494750977,26.264115253195275,26.065831781579096,26.214543597389014,38219100
2018-08-10,25.768404006958008,25.884068026560996,25.52881245114715,25.801450194357113,55679800
2018-08-13,25.18181610107422,25.71056922467898,25.1570318571485,25.677521465039472,63960600
2018-08-14,25.437936782836914,25.528814989072092,25.132251246034304,25.289224985246687,42521200
2018-08-15,25.082677841186523,25.297483567424035,24.91744218229489,25.18181797587828,59747900
2018-08-16,25.380104064941406,25.479245792014947,25.21486995422456,25.24791614604621,44015400
2018-08-17,25.396621704101562,25.49576340679763,25.23964799808442,25.330527760905486,39843500
2018-08-20,25.504026412963867,25.55359647848241,25.322266879722594,25.35531464060427,40011000
2018-08-21,25.627946853637695,25.817966710433616,25.470973174813242,25.537067106559807,53510600
2018-08-22,25.594905853271484,25.685785624328684,25.51228802283803,25.545335785333034,33062900
2018-08-23,25.479248046875,25.594912092193244,25.396630196302922,25.561865897447074,38259100
2018-08-24,25.520545959472656,25.67751965508777,25.48749977796641,25.56185565611021,43585000
2018-08-27,25.867544174194336,26.016255957168582,25.60316837148638,25.636216134726915,47729300
2018-08-28,25.834497451782227,25.95016146912079,25.768403502473898,25.908853341729603,38539000
2018-08-29,25.72709083557129,25.867540658647467,25.669258833564136,25.80970865664031,46401800
2018-08-30,25.619691848754883,25.735355866663085,25.570121780480516,25.627953789434617,47358900
2018-08-31,25.553598403930664,25.570122285616566,25.297484541015535,25.512288699715906,49266000
2018-09-04,25.72709083557129,25.743614714945867,25.462715068793514,25.53707095017525,44745600
2018-09-05,25.7601375579834,25.809707618309048,25.586639983137918,25.6692578008832,48516700
2018-09-06,25.610706329345703,25.826550394989702,25.511085382347996,25.776739129780232,42666000
2018-09-07,25.619016647338867,25.83486078409502,25.428076567971125,25.735239804276123,49103800
2018-09-10,25.585803985595703,25.735234633589783,25.52769241880277,25.635613673786583,34156200
2018-09-11,25.610706329345703,25.652214133599028,25.4861813331645,25.502783504813085,53071000
2018-09-12,25.262039184570312,25.702027676062205,25.22052979066067,25.63561422922825,59482300
2018-09-13,25.021291732788086,25.461281847840635,24.971482038973974,25.34505870113384,59219500
2018-09-14,25.212230682373047,25.228832857297114,24.996386574144697,25.012988749068764,33743900
2018-09-17,25.137516021728516,25.311850738728964,25.029593173033543,25.187325714668418,35026600
2018-09-18,25.079397201538086,25.23712970754748,25.012983764811167,25.179018148339082,49921700
2018-09-19,25.735239028930664,25.901273462485996,25.012991301413187,25.012991301413187,92666300
2018-09-20,25.892969131469727,26.042399790840264,25.851459735299265,25.98428663620162,83357400
2018-09-21,25.7601375579834,26.04239506705812,25.71032629161402,26.01748943387343,85992100
2018-09-24,25.519392013549805,25.901270534184622,25.45297856432047,25.718632361237805,45587700
2018-09-25,25.461286544799805,25.768449810730786,25.403174960726297,25.61071723722991,40949900
2018-09-26,25.01298713684082,25.519390649790687,24.954875569798336,25.494485013877572,57882400
2018-09-27,24.85525894165039,25.16242056810623,24.84695706209461,25.10430899463738,45879700
2018-09-28,24.456771850585938,24.78053875617003,24.423565922287317,24.614504364412994,74707600
2018-10-01,24.614505767822266,24.855255491254315,24.52318827222856,24.639411403032224,53900900
2018-10-02,24.556398391723633,24.67262154235488,24.299046451002297,24.556398391723633,42940300
2018-10-03,24.905067443847656,25.054498101858186,24.67261957767332,24.74733490667859,61080300
2018-10-04,25.262039184570312,25.56090048703384,25.02128945015881,25.046195086504596,72325700
2018-10-05,25.096004486083984,25.444675473792795,24.946573836577144,25.403167663783766,51931000
2018-10-08,25.129209518432617,25.253734519579933,24.830348248942027,24.946571372223346,47471600
2018-10-09,24.88846206665039,25.062798350796754,24.797144568689383,24.92997145974307,58868600
2018-10-10,24.274141311645508,25.012991213174708,24.249235671673556,24.88846618015835,88454400
2018-10-11,23.54358673095703,24.28243642664563,23.460569537600485,23.983575163930574,111417300
2018-10-12,23.62660789489746,24.108107412869266,23.020584932750484,24.066598014722576,102279200
2018-10-15,23.178316116333008,23.75943498885267,22.94586825064083,23.65151214343713,114636100
2018-10-16,23.684720993041992,23.726228807663194,23.16171366165373,23.443971234658463,87887800
2018-10-17,23.99188232421875,24.232632079619666,23.377557491590302,23.551893794367103,79068700
2018-10-18,23.452268600463867,23.991878003790276,23.36094952576724,23.800939559807617,77369200
2018-10-19,23.51038360595703,23.676418023642775,23.219824166717757,23.360952946724172,64305400
2018-10-22,22.730026245117188,23.535291178651992,22.671914669175848,23.51038553892498,89942900
2018-10-23,22.43115997314453,22.580590601279575,21.67570653839179,21.90815277467188,102392500
2018-10-24,21.74212074279785,22.331539815233768,21.650801670507835,22.298333887487306,86386600
2018-10-25,22.074190139770508,22.356447679172803,21.733821033447995,21.899853855588415,73780400
2018-10-26,21.908153533935547,22.065886045035825,21.484767267353508,21.85834385063804,91103500
2018-10-29,22.090791702270508,22.563987652661478,21.825137946501634,22.157205141212728,89367000
2018-10-30,22.2319278717041,22.298341332793434,21.850049282874078,22.215324110576315,79004800
2018-10-31,22.82964515686035,23.14510864777694,22.464370390992553,22.49757790762669,92296300
2018-11-01,23.086994171142578,23.24472668845795,22.92096135913497,23.053788242109594,49827300
2018-11-02,23.153406143188477,23.560188644409294,22.84624458958681,23.253027090807628,69010200
2018-11-05,23.29454231262207,23.443972989920955,23.153413515553318,23.203224796934112,41103100
2018-11-06,23.4190616607666,23.452269173621062,23.028882885254863,23.261330724972,43514400
2018-11-07,23.693016052246094,23.800937289247383,23.360947297181138,23.593395109042373,56679200
2018-11-08,23.966976165771484,24.174518384935546,23.60170141668472,23.659812984703223,49421200
2018-11-09,23.676414489746094,23.983576058170346,23.560189781344928,23.8673529331905,43270600
2018-11-12,23.03718376159668,23.676414105453087,22.94586468863968,23.56018939893837,50307500
2018-11-13,23.045486450195312,23.360949902584665,22.987374886604222,23.037184572050677,57423400
2018-11-14,22.588895797729492,23.327747221255756,22.23192448833864,23.203222198591824,69213300
2018-11-15,23.16171646118164,23.21982804204385,22.314943639819067,22.530787785465712,66174800
2018-11-16,23.03718376159668,23.1534068846901,22.763228126146977,22.98737407790254,52456100
2018-11-19,23.03718376159668,23.261329713352247,22.86284907695655,23.0620893951544,46000000
2018-11-20,22.730026245117188,22.887758796544883,22.38965708595647,22.763233764753203,92330600
2018-11-21,22.63870620727539,23.045488776903774,22.622102449309782,22.90436000103911,40364400
2018-11-23,22.389657974243164,22.55569241216711,22.31494263551956,22.48097707344351,22974100
2018-11-26,22.879457473754883,23.020586268801086,22.49758048917206,22.56399394663958,53210700
2018-11-27,23.028888702392578,23.16171562052001,22.73832922520566,22.7715367464484,43617100
2018-11-28,23.601699829101562,23.63490575855503,22.87945225828761,23.145106027600807,61388100
2018-11-29,23.277938842773438,23.535290781927735,23.21982568439,23.39416199269699,46824600
2018-11-30,23.576793670654297,23.767732115178525,23.136805218787277,23.19491678160584,64284600
2018-12-03,23.693016052246094,24.108100412656114,23.543585429151097,24.066591026562406,59908700
2018-12-04,22.40625762939453,23.510382164049847,22.190413533009544,23.510382164049847,103565700
2018-12-06,21.938766479492188,21.972157989268286,21.312660146550556,21.897025101933632,133294200
2018-12-07,21.22918128967285,22.155819272606923,21.120655288502977,21.830242861368216,107477600
2018-12-10,20.66985321044922,21.062212528956703,20.27749389194173,21.020472751851596,110166900
2018-12-11,20.519590377807617,21.204133010026766,20.477850594777923,21.04551896842675,78545000
2018-12-12,20.469501495361328,20.8618608537594,20.344280559044545,20.76168474161421,87191800
2018-12-13,20.36932373046875,20.7199433064771,20.269147618620988,20.586374095833023,64860100
2018-12-14,20.436105728149414,20.76168203078767,20.135575838683067,20.185663888215725,92762600
2018-12-17,20.42776107788086,20.811773771799704,20.168970918410537,20.252452077285998,98602800
2018-12-18,20.42776107788086,20.945342989092172,20.29419186058839,20.594723395631778,89046300
2018-12-19,20.185667037963867,21.070563481714217,20.093837605933043,20.41106568443736,121887600
2018-12-20,20.12723159790039,20.394370038627727,19.83504833125335,19.91018121674175,112594000
2018-12-21,19.50947380065918,20.461154905769625,19.41764436340441,19.960269526980177,160800400
2018-12-24,18.975196838378906,19.375904536561727,18.916760498094433,19.0002416666169,64859100
2018-12-26,20.12723159790039,20.185667932775658,18.941803572969796,19.125460852902165,100877800
2018-12-27,20.34427833557129,20.34427833557129,19.526165017022592,19.851741326587945,91575400
2018-12-28,20.36097526550293,20.66150678277903,20.252450879970215,20.527937573383113,78693800
2018-12-31,20.56968116760254,20.845167912087543,20.344284080129988,20.511244826692216,56257300
2019-01-02,20.836814880371094,20.987080632571832,20.043747932591252,20.102184260164762,71836300
2019-01-03,20.50289535522461,20.90360462660891,20.411067507263663,20.820123462059232,66599600
2019-01-04,21.354398727416992,21.412835060432325,20.89525474606453,20.953691079079864,83829100
2019-01-07,21.337703704833984,21.52136258433905,21.112306631678045,21.337703704833984,57016300
2019-01-08,21.29595947265625,21.529706364918823,20.94533993039761,21.471268447650353,67339400
2019-01-09,21.50465965270996,21.57979251889389,21.195779914812668,21.429526786526033,69707200
2019-01-10,21.479618072509766,21.521359444612575,21.220827934554496,21.33770059190129,65235800
2019-01-11,21.730066299438477,21.738414575692012,21.254224106612227,21.31266204038698,63476000
2019-01-14,22.013896942138672,22.105724778111764,21.37944240356639,21.513011612500495,76715400
2019-01-15,22.16416358947754,22.381213976363977,21.746759366758408,21.88032859064687,80625500
2019-01-16,23.75029945373535,23.97569651006109,23.257762373737602,23.483159430063342,163131700
2019-01-17,24.201091766357422,24.209440040202356,23.449764635287988,23.658466704600077,107428800
2019-01-18,24.459884643554688,24.59345385558854,23.967347577078392,24.226139318630757,97928200
2019-01-22,24.284578323364258,24.459887336357074,24.11761599380567,24.192748882879958,84861400
2019-01-23,24.142662048339844,24.443193619916094,23.89222013354021,24.393103963139477,79425900
2019-01-24,24.27623176574707,24.376409489026198,23.992396740772246,24.00074501706808,59492300
2019-01-25,24.693635940551758,24.810508623742923,24.3263197461741,24.443194021636153,72182100
2019-01-28,24.735370635986328,24.768763734176414,24.451537262723402,24.476580494095405,59963800
2019-01-29,24.535015106201172,24.793806822247177,24.49327532865592,24.660237623377828,51451900
2019-01-30,24.267881393432617,24.601804455070603,24.1677052710766,24.560064669467387,66475800
2019-01-31,23.766998291015625,24.0758781479115,23.357942302127675,24.000745252781986,100201200
2019-02-01,23.691864013671875,24.075876743293456,23.633427674707267,23.8755228987273,64244100
2019-02-04,24.109264373779297,24.184397252431513,23.72525329824181,23.766993078706125,55195900
2019-02-05,24.025785446166992,24.10926500929613,23.850474860600475,24.08422177726563,46622600
2019-02-06,23.984045028686523,24.12596252084381,23.82543257860007,23.93395697035768,35606900
2019-02-07,23.57499122619629,23.908914298921573,23.291156216312096,23.82543472494336,62289200
2019-02-08,23.616729736328125,23.641772968570837,23.257761879656858,23.499855480869886,50031300
2019-02-11,23.716907501220703,23.75864728604526,23.549945177381034,23.658471165558037,47724400
2019-02-12,23.950654983520508,24.09257248434645,23.858825544082908,23.892218646522313,49178100
2019-02-13,23.959003448486328,24.201097074002305,23.925610345783006,24.100920950433892,48951200
2019-02-14,23.70020866394043,23.892215795513668,23.466463343839994,23.675165432369997,47756600
2019-02-15,24.3012752532959,24.46823599318432,23.93395907790808,24.009091968152653,65867000
2019-02-19,24.317970275878906,24.426496269745623,24.000743754677114,24.151009535556682,40841300
2019-02-20,24.551715850830078,24.585108952390627,24.21779279657818,24.292925682818698,42806300
2019-02-21,24.451539993286133,24.58510921642135,24.301274219191324,24.484931502934568,42754100
2019-02-22,24.27623176574707,24.434845830826152,24.17605404246794,24.251186936859565,47887800
2019-02-25,24.434844970703125,24.701983433682827,24.309624015215245,24.309624015215245,61227400
2019-02-26,24.451539993286133,24.73537339824542,24.17605167926516,24.22614133214392,53153200
2019-02-27,24.65189552307129,24.768768203283173,24.384755466161366,24.45988835837496,48128600
2019-02-28,24.400175094604492,24.794537734572888,24.341440403587956,24.75258484110402,62358100
2019-03-01,24.593158721923828,24.878442852610643,24.509251342239445,24.609940517940736,45771500
2019-03-04,24.358219146728516,24.786145328132303,24.140060607165797,24.609939676777756,56893200
2019-03-05,24.400175094604492,24.492473380716365,24.0813289432003,24.34983130236179,39932500
2019-03-06,24.19879913330078,24.467301501428334,24.165235537084662,24.341441216418588,41672000
2019-03-07,23.955459594726562,24.098101628617535,23.712130007735965,24.056148748225993,53908600
2019-03-08,24.039369583129883,24.05615137728047,23.502364973510776,23.54431785848728,40860700
2019-03-11,24.282705307006836,24.38339288981058,24.081328540999074,24.081328540999074,40709300
2019-03-12,24.282705307006836,24.433738281612726,24.240750813838382,24.333049098408708,34450000
2019-03-13,24.576374053955078,24.76096897534844,24.316261064228236,24.37499573919886,54683300
2019-03-14,24.719013214111328,24.870046142164927,24.53441830226792,24.593152974199924,45219100
2019-03-15,24.58477020263672,24.844883264865796,24.55120820775574,24.70224118572093,82346200
2019-03-18,25.021081924438477,25.13855128170252,24.609937573614364,24.651890458237247,58568600
2019-03-19,24.878440856933594,25.289585223966085,24.786144187044684,25.180506759406455,55455100
2019-03-20,24.030982971191406,24.88683542068502,23.997420977305524,24.853273426799138,81689900
2019-03-21,23.645009994506836,23.997419713957406,23.52754062149004,23.871559442810813,77444400
2019-03-22,22.663297653198242,23.552712062872903,22.41157550679207,23.41846089161636,118851600
2019-03-25,22.520652770996094,22.973750017297803,22.327666936467587,22.579387451035203,65568000
2019-03-26,22.831111907958984,22.94858288872148,22.55421865396214,22.780768116432363,59878500
2019-03-27,22.68008041381836,22.965364564965782,22.61295482533663,22.73042420507959,57621700
2019-03-28,22.93179702758789,22.99892260452792,22.671685616995273,22.822718565210337,45872300
2019-03-29,23.149953842163086,23.22547031069061,22.906622643485534,23.11639025597313,83446300
2019-04-01,23.947071075439453,24.114884202846685,23.368112024944846,23.41006490669669,91751100
2019-04-02,24.223966598510742,24.223966598510742,23.787649544340127,23.888337110441036,66694000
2019-04-03,24.19879913330078,24.534427093460224,24.081329747345066,24.391785010342417,63110600
2019-04-04,24.45890998840332,24.593161169097105,24.198798525859154,24.207189424702555,53712100
2019-04-05,24.400175094604492,24.75258484110402,24.31626770726645,24.601551863975608,46383400
2019-04-08,24.475685119628906,24.500857809302804,24.223964624489444,24.2407448172055,35272800
2019-04-09,24.240747451782227,24.391780405440688,24.114887190533523,24.333045723551297,40535300
2019-04-10,24.391780853271484,24.458906433863216,24.12327853090456,24.249138794464045,42669700
2019-04-11,24.391780853271484,24.744190551478095,24.324655272679752,24.5428138097029,50440100
2019-04-12,25.314760208129883,25.356713098205336,24.80292662712846,24.80292662712846,100192000
2019-04-15,25.037866592407227,25.289587129838072,24.88683362978866,25.256025138367363,57438800
2019-04-16,25.07143211364746,25.21407419838068,24.333050592934576,24.584771165804785,105168400
2019-04-17,25.19729232788086,25.272808814809192,24.719020710534647,25.029477556840053,94831600
2019-04-18,25.19729232788086,25.306370808777196,25.021086658247988,25.13016673954459,61796600
2019-04-22,25.21407127380371,25.2560257646827,24.98752342465793,25.113383696494516,34763400
2019-04-23,25.23084831237793,25.348317663887542,25.104988064274792,25.163722740029595,41889700
2019-04-24,25.188892364501953,25.314752597288802,25.046250340570275,25.130157695894738,40078100
2019-04-25,25.239238739013672,25.44061545230901,25.088205803942202,25.09659670037949,43243800
2019-04-26,25.465787887573242,25.49934987258772,25.214065798165365,25.31475495400848,40627500
2019-04-29,25.818199157714844,26.153827030987067,25.516133271569874,25.53291506533347,68408600
2019-04-30,25.65877342224121,25.910493908499767,25.51613138658808,25.84336833880416,47764200
2019-05-01,25.390274047851562,25.91888776962256,25.323148470477467,25.64199456290442,56161000
2019-05-02,25.59165382385254,25.641997612771014,25.297978787761078,25.390277067778445,40634100
2019-05-03,25.767858505249023,25.843374990643778,25.591654439594745,25.725905613540927,35256100
2019-05-06,25.566476821899414,25.68394777678528,25.230848951653922,25.26441253887843,39882000
2019-05-07,25.10498809814453,25.31475571206606,24.861656897803613,25.30636481546121,58528400
2019-05-08,25.004297256469727,25.264410232514454,24.89521880874758,24.945562584588586,39903400
2019-05-09,24.928787231445312,24.987523518897415,24.567988210926405,24.68545758503023,44173500
2019-05-10,24.819705963134766,24.92878442675895,24.492468971862202,24.719016796373968,59649900
2019-05-13,23.70374298095703,24.33304589195589,23.53592823119731,24.299482301843923,72547000
2019-05-14,24.01420021057129,24.324655422571073,23.67017980746868,23.796041672203824,52216100
2019-05-15,23.737306594848633,23.905119744376403,23.502366265029675,23.577882742457195,51973200
2019-05-16,23.989028930664062,24.190405685542647,23.854777760745005,23.879948854854714,42791500
2019-05-17,23.82960319519043,24.030979934257385,23.678570240790197,23.70374293332359,43772500
2019-05-20,23.82960319519043,23.930292364923936,23.69535203581246,23.82960319519043,41717600
2019-05-21,24.07293701171875,24.12328080180175,23.87156025098652,23.97224783115252,39258700
2019-05-22,23.905120849609375,24.02259021974992,23.787651479468835,23.921902645458065,29177600
2019-05-23,23.292600631713867,23.661792153077112,23.074442078199233,23.603055865269162,59772900
2019-05-24,23.645009994506836,23.71213557914503,23.376507655954054,23.435242342462452,35524400
2019-05-28,23.410064697265625,23.703739668100823,23.39328290455508,23.53592494179504,44273400
2019-05-29,23.28420639038086,23.36811376051628,22.973749600999795,23.09961145640291,49818900
2019-05-30,22.789154052734375,23.435238704841773,22.63812111064174,23.300987556403864,58649300
2019-05-31,22.31927490234375,22.54582431415444,22.218585741405693,22.235367534962023,68304200
2019-06-03,22.386402130126953,22.646513547868,22.15146180418018,22.310885653944062,50109900
2019-06-04,23.426851272583008,23.45202396678785,22.772375626858636,22.80593921913176,58426400
2019-06-05,23.418458938598633,23.50236631373644,23.040876550678526,23.359724256122185,44874400
2019-06-06,23.519695281982422,23.654673496825797,23.232871201453424,23.418463632159966,38633600
2019-06-07,23.22443199157715,23.443769350198785,23.131634983570493,23.4100243985426,51317200
2019-06-10,23.679977416992188,24.01741888605458,23.485948773412293,23.502821249127372,48305800
2019-06-11,23.82339096069336,24.21144986860005,23.73903018862252,23.941495076163793,38691800
2019-06-12,23.5787410736084,23.84869419496568,23.50281655709572,23.789642150799715,33528900
2019-06-13,23.570310592651367,23.75590300663914,23.46064110466702,23.5956176983032,33404200
2019-06-14,23.6546688079834,23.76433667506064,23.435331464781175,23.544999331858417,37322100
2019-06-17,23.561874389648438,23.80651886258685,23.443770272302164,23.62936268656744,33410100
2019-06-18,24.14396095275879,24.295808407729524,23.47751264046563,23.637797942379457,60170700
2019-06-19,23.890880584716797,24.439223220089648,23.874008107555053,24.21145121459802,61953500
2019-06-20,23.848695755004883,24.135521367471295,23.494381857784468,24.11864889402089,60887200
2019-06-21,23.722164154052734,24.08491281247395,23.688419194730823,23.781216223817857,69444000
2019-06-24,23.60405158996582,23.94149304050991,23.52812706246243,23.688412354863782,40046400
2019-06-25,23.418458938598633,23.637796281318128,23.097888357297933,23.637796281318128,46901300
2019-06-26,23.545000076293945,23.772773664018793,23.494384259815465,23.57030878905708,42312300
2019-06-27,23.79808235168457,23.890879362277985,23.671541997542214,23.688414473840638,35575600
2019-06-28,24.464527130126953,24.692300699923713,24.236753560330193,24.47296336705065,101856900
2019-07-01,24.818845748901367,25.181595960269913,24.675432912059104,24.869461571008056,48029900
2019-07-02,24.59107208251953,24.82728193358511,24.405479662498845,24.751357396065742,32263500
2019-07-03,24.506704330444336,24.66698959836394,24.405472715266963,24.62481002688129,26642300
2019-07-05,24.683866500854492,24.945383430888718,24.591069496080365,24.76822726800844,33092000
2019-07-08,24.633256912231445,24.71761609166621,24.413919505795004,24.472971575018622,30924400
2019-07-09,24.759788513183594,24.81884056147349,24.41391085115908,24.439217952398955,28750100
2019-07-10,24.481399536132812,24.801968493106536,24.43078211473091,24.60793987154224,40574800
2019-07-11,24.768224716186523,24.88632881260534,24.48983533959386,24.548887387803266,37376800
2019-07-12,24.84415054321289,24.91163883171915,24.768226017512387,24.835714306018644,29632900
2019-07-15,24.650117874145508,24.911636374225626,24.53201378317227,24.88632766513955,46462100
2019-07-16,24.456092834472656,24.6332506058373,24.346424963854773,24.607941893057266,54920400
2019-07-17,24.624814987182617,24.987565167575088,24.464529686975933,24.54889045598197,84958300
2019-07-18,24.869455337524414,24.953816092589342,24.616374681377202,24.70073543644213,49468800
2019-07-19,24.801965713500977,24.979123450457884,24.785093241591273,24.92007140782141,44863200
2019-07-22,24.945383071899414,24.979128021894493,24.70073862062622,24.70917485812499,31224300
2019-07-23,25.519033432006836,25.54434214359328,25.055051649589437,25.09723122651912,64030300
2019-07-24,25.873348236083984,25.940836526914044,25.34187814692823,25.367185250334643,53171900
2019-07-25,25.59495735168457,26.058939123115874,25.48528787978778,25.932398786275307,43251900
2019-07-26,25.957712173461914,26.143304593658787,25.662450261611642,25.788990621248054,46978800
2019-07-29,25.74681282043457,26.02520227452962,25.721504103135718,25.915532775282674,39176700
2019-07-30,26.05894660949707,26.067382848916417,25.434679373898792,25.48529520136672,37598300
2019-07-31,25.881784439086914,26.20235341784067,25.805859910873277,26.00832478309372,60607600
2019-08-01,24.87788963317871,26.210784310271467,24.768221786482936,25.772109705393486,76913400
2019-08-02,24.785097122192383,24.886330360453197,24.388603624520314,24.768226256688692,57492300
2019-08-05,23.688411712646484,24.160829730600472,23.376277373700635,24.068034339871474,96207700
2019-08-06,23.975236892700195,24.034288942711527,23.3594060725139,23.966800655691763,65115800
2019-08-07,23.528127670288086,23.561872620738143,22.878553464602522,23.291919453328898,75388500
2019-08-08,23.941490173339844,24.034287164519252,23.67997328161772,23.7137182271548,53141900
2019-08-09,23.899309158325195,24.059594421859213,23.59561110300758,23.848693352121416,53499600
2019-08-12,23.317222595214844,23.494380336880596,23.16537356208635,23.477507864522426,55674700
2019-08-13,23.384714126586914,23.831825051951515,23.09788849281306,23.2581737844038,69919200
2019-08-14,22.288028717041016,22.844807502426516,22.16992461379189,22.72670339917739,106591700
2019-08-15,22.14461898803711,22.633909552744203,22.110874034378988,22.423008419524802,70192000
2019-08-16,22.802629470825195,22.878554002073663,22.304902703328704,22.380827234577175,70841700
2019-08-19,23.005090713500977,23.36784083676273,22.895421248350985,23.317223417902312,44964800
2019-08-20,22.541112899780273,22.82793857427031,22.524242031729315,22.79419522912041,47665000
2019-08-21,22.7182674407959,22.844807782837155,22.60016333609709,22.7182674407959,47785400
2019-08-22,22.937606811523438,23.030402212395106,22.743576553596373,22.85324603969183,49353700
2019-08-23,22.330211639404297,22.962915045675402,22.153055457991414,22.73514304229426,81880700
2019-08-26,22.591732025146484,22.60860289446253,22.34708591601072,22.524243720738014,41499100
2019-08-27,22.330211639404297,22.69296184978074,22.16992793499682,22.65921850481789,52517000
2019-08-28,22.65077781677246,22.84480643707557,22.110869921995242,22.119306158840722,45897900
2019-08-29,23.055702209472656,23.156935419204654,22.709824623879857,22.777312894018763,55432900
2019-08-30,23.207555770874023,23.359404810728105,23.072579204125418,23.199119534321287,41326200
2019-09-03,22.819501876831055,22.971350949571924,22.448317042406643,22.954478472812287,50743100
2019-09-04,23.19068717956543,23.266611712201176,22.91229776291698,23.047274352258782,40862500
2019-09-05,23.878515243530273,24.141755881939627,23.606781142982967,23.64924035540599,63413700
2019-09-06,23.547330856323242,23.853030590198642,23.411464667857004,23.79358933520125,56054100
2019-09-09,24.311582565307617,24.498399819878898,23.751134040899757,23.77660956279211,68629300
2019-09-10,24.922983169555664,24.922983169555664,24.4644334743492,24.532366582566482,71066200
2019-09-11,25.016386032104492,25.024877871679916,24.54085435345041,24.939962715231278,53982200
2019-09-12,25.194713592529297,25.30510427720613,24.54934830612225,24.812588877007713,72943900
2019-09-13,25.619295120239258,25.74666948170205,25.36454639731367,25.47493707867399,79657000
2019-09-16,25.5853328704834,25.619300237473034,25.169242342779583,25.20320970976922,43391300
2019-09-17,25.423986434936523,25.491919532425452,25.12677852605266,25.34756149780488,48284900
2019-09-18,25.47493553161621,25.602309885343736,25.092810850780854,25.279628081257155,66640400
2019-09-19,25.322084426879883,25.559851063344755,25.26264317267684,25.474934291774964,43035700
2019-09-20,25.126781463623047,25.585329520368933,25.109797782352054,25.449463309506967,167269000
2019-09-23,25.067340850830078,25.152257639740743,24.770132899469264,24.889015432152377,52048300
2019-09-24,24.5748291015625,25.16924347371116,24.404995498289583,25.135277724848542,64806900
2019-09-25,24.838062286376953,24.97392848042252,24.438955543824704,24.438955543824704,45807700
2019-09-26,24.73616600036621,24.905999581375486,24.668232891893112,24.80409910883931,33198100
2019-09-27,24.922983169555664,25.228681346706917,24.80409901543562,24.973932595805366,41336600
2019-09-30,24.770130157470703,25.067338075931257,24.69370521787648,25.04186255618223,39191000
2019-10-01,24.15024185180664,25.058847721220015,24.124766330547715,24.999406457935468,49434400
2019-10-02,23.6407413482666,24.03135626625706,23.6152658285335,23.946441106452426,52293100
2019-10-03,23.615266799926758,23.674708062096208,23.0633101402281,23.572809218277985,53015800
2019-10-04,24.090801239013672,24.116275141307487,23.640743402538025,23.64923524318696,42641800
2019-10-07,24.039846420288086,24.303088580110796,23.929455748491886,24.056830098919114,36742400
2019-10-08,23.462421417236328,23.708679973087047,23.31806334441255,23.666222383290208,58201100
2019-10-09,23.683202743530273,23.83605264724729,23.564320204929537,23.632253315508972,37511400
2019-10-10,24.158733367919922,24.413482098477647,23.810576013652998,23.810576013652998,48239300
2019-10-11,24.549346923828125,24.914487938177082,24.5068893443399,24.61728002280099,70008600
2019-10-14,24.744659423828125,24.76164310694579,24.396502018181845,24.404993859740678,36040100
2019-10-15,25.245664596557617,25.6787387614,24.719183421798427,24.91449090212351,78656000
2019-10-16,25.619295120239258,26.086334985487127,25.602311440136784,25.789128681958235,87131700
2019-10-17,25.695724487304688,25.933491190737556,25.474941466899843,25.729690233707576,55575900
2019-10-18,25.772146224975586,25.891028752029186,25.55985507257818,25.58532897428798,48872900
2019-10-21,26.341081619262695,26.4514722850801,26.00990638250518,26.04387373792755,61087400
2019-10-22,26.49393653869629,26.638294587502983,26.111811815486522,26.29862744702632,58662100
2019-10-23,26.68075180053711,26.697735481256203,26.400527547283833,26.434493289069078,47771200
2019-10-24,26.629798889160156,26.76566507780667,26.493932700513643,26.70622382273041,39491000
2019-10-25,26.935497283935547,27.045889575641947,26.612815487457155,26.629799166127793,43702000
2019-10-28,27.03740119934082,27.368574877572282,26.952484414763973,27.147791885533657,58790300
2019-10-29,27.232707977294922,27.29214923909061,27.01192499087314,27.122317293910484,48266600
2019-10-30,26.850584030151367,27.181756069749966,26.774159090377513,27.181756069749966,45262400
2019-10-31,26.553375244140625,26.8505831535972,26.17125055774606,26.672257760062134,49430900
2019-11-01,27.003435134887695,27.0374024982114,26.63829569707605,26.918519965884492,41985300
2019-11-04,27.5129337310791,27.597848893490596,27.258181765233005,27.377067527637227,54228600
2019-11-05,27.869577407836914,28.09885220149216,27.59784503890596,27.60633525823896,68785600
2019-11-06,27.844106674194336,28.073381493899905,27.742204594788046,27.8186295346899,47524500
2019-11-07,28.217737197875977,28.531927169806277,28.030919963011975,28.115838360361813,68310700
2019-11-08,28.24321174621582,28.251705205798732,27.962989126788333,28.08187164650337,38724000
2019-11-11,28.175281524658203,28.234722787170938,27.996957737120006,28.047905539670428,27784000
2019-11-12,28.098861694335938,28.294169198030634,28.013946515097004,28.132829061754087,37282200
2019-11-13,27.844106674194336,27.929021834393854,27.58086449468667,27.78466541419353,48887800
2019-11-14,27.767683029174805,27.90354923541328,27.58935924085666,27.759189569175348,35554600
2019-11-15,27.962987899780273,27.98846179879979,27.767680448917645,27.954494440570052,36398300
2019-11-18,27.98847198486328,28.047913263745464,27.810148148216733,27.903556797690662,31133700
2019-11-19,27.971485137939453,28.149812193736377,27.86958627698863,28.12433504901888,33183700
2019-11-20,27.759191513061523,27.878077286238014,27.529916666608877,27.844109922473304,43612200
2019-11-21,27.886566162109375,28.056399733433032,27.70824236990721,27.835615118920497,42787600
2019-11-22,28.175281524658203,28.29416404968367,27.971480596538935,27.988464277157693,38783900
2019-11-25,28.421545028686523,28.4555091565861,28.243217970508205,28.302662482771932,50238800
2019-11-26,28.31964111328125,28.362101939222484,28.124333623315213,28.345118256707234,50626600
2019-11-27,28.37908172607422,28.5319316258701,28.285676333359977,28.43852623315586,32097700
2019-11-29,28.294164657592773,28.46399822812345,28.226233172964058,28.33662224039896,19503400
2019-12-02,28.387571334838867,28.65930373331398,28.311146395311134,28.404555014656776,47158800
2019-12-03,27.886566162109375,27.937517205298256,27.640307645655373,27.912040064050842,58745100
2019-12-04,28.14980697631836,28.27717971907243,27.895055012198654,28.090365715171973,46637900
2019-12-05,28.25226593017578,28.3632609356355,28.175423735163864,28.312031719963798,38304500
2019-12-06,28.747467041015625,28.858462040248693,28.662088276677007,28.756006871644136,50908500
2019-12-09,28.610857009887695,28.77308121027241,28.551091227743072,28.602320436863113,32974500
2019-12-10,28.62793731689453,28.71331934373808,28.431563540641324,28.516945567484868,41960100
2019-12-11,28.72185516357422,28.82431033610429,28.585247181203727,28.585247181203727,43107800
2019-12-12,29.609813690185547,29.72080871246191,28.75601284158041,28.841391623644217,64942500
2019-12-13,29.404890060424805,29.848866741656526,29.328047879884878,29.618340200036748,48539600
2019-12-16,29.626880645751953,29.95986234935384,29.626880645751953,29.840330789803495,50777100
2019-12-17,29.917171478271484,30.113545210155692,29.66103196959602,29.754947292417594,50840500
2019-12-18,29.976945877075195,30.113553871459537,29.925716657809257,29.976945877075195,48757900
2019-12-19,29.840328216552734,30.079391315038063,29.789099013881405,30.01108896846673,45409500
2019-12-20,29.848873138427734,30.087939560779958,29.80618375275492,30.087939560779958,109395500
2019-12-23,30.02817153930664,30.045247945557993,29.840337584524704,29.917179784160055,33995400
2019-12-24,30.07084846496582,30.122074399951877,29.985466478339454,30.045232240483028,13805400
2019-12-26,30.32699966430664,30.361152472193346,30.130625904444617,30.156238881864134,26992100
2019-12-27,30.181848526000977,30.497757078577536,30.10500634523785,30.4806806765201,28111300
2019-12-30,30.011104583740234,30.438005057153372,29.95987535441349,30.36969941805104,30705100
2019-12-31,30.07084846496582,30.1049980026266,29.85739838388455,29.908624318870608,29630100
2020-01-02,30.42945098876953,30.446527390556714,30.130622099970356,30.181848048341294,37614200
2020-01-03,29.79764747619629,30.011097663684826,29.678112635329946,29.8659498425571,50357900
2020-01-06,29.754955291748047,29.797647935496926,29.345131316292,29.37928412849453,42185000
2020-01-07,29.558578491210938,29.814718042613137,29.481736300091168,29.62688410864678,34149000
2020-01-08,29.857410430908203,30.045244363294895,29.498812456368015,29.515888860583363,45311600
2020-01-09,29.90863609313965,30.164778896865887,29.83179390341999,30.139162662298638,39861600
2020-01-10,29.661035537719727,29.942788054059456,29.592729923461032,29.883022270078577,39730400
2020-01-13,29.934253692626953,29.942790266544584,29.592732110080217,29.74641649652713,37956100
2020-01-14,30.156234741210938,30.455063626710842,29.97693740991099,30.139158339612287,66719300
2020-01-15,29.601268768310547,29.703727197561115,29.319516230349496,29.68665079268602,74745500
2020-01-16,29.643959045410156,29.874485607356693,29.541500624328844,29.797643420041183,50368500
2020-01-17,29.63541030883789,29.84032383242698,29.54149174623414,29.814707606359615,54156100
2020-01-21,29.251211166381836,29.47320117698285,29.21706161297429,29.38781915098582,50811000
2020-01-22,29.336589813232422,29.41343199928302,29.225594820716918,29.345126386353204,38879700
2020-01-23,29.131671905517578,29.251203453403992,28.798690234408166,29.10605893296775,45717100
2020-01-24,28.6364688873291,29.148747872648368,28.405942366838325,29.131671472205678,47797200
2020-01-27,28.047348022460938,28.286414401935268,27.72290614394489,27.808284899977373,57096200
2020-01-28,28.380334854125977,28.593785015234957,28.13273188556172,28.19249767011296,38834600
2020-01-29,28.183956146240234,28.551090661846633,28.1583431706833,28.45717533247428,37414700
2020-01-30,28.585241317749023,28.61939412058397,27.893661716798853,27.91927794742033,50542800
2020-01-31,28.030277252197266,28.320566350103775,27.876592872722615,28.2351875868361,54845300
2020-02-03,28.149808883666992,28.51694342908569,28.107116244950962,28.175421861303768,48485500
2020-02-04,28.70477294921875,28.94383931272692,28.627930771125154,28.653547001816722,45061600
2020-02-05,29.63541030883789,29.720792300745828,29.08897858858694,29.11459155766434,54604800
2020-02-06,29.601268768310547,29.89156113720475,29.541502979743317,29.83179534863752,39511500
2020-02-07,29.550039291381836,29.592728669989835,29.234133981293688,29.302436335668318,31263000
2020-02-10,29.618330001831055,29.618330001831055,29.353654004319704,29.404879935714398,24373800
2020-02-11,29.686641693115234,29.917168202781053,29.67810186479972,29.754944034688325,32476300
2020-02-12,29.814708709716797,30.2672251411003,29.695177173612127,29.95131990182509,36656700
2020-02-13,29.80618667602539,29.908641863086817,29.49881785784944,29.678115249454855,31775100
2020-02-14,29.754955291748047,29.848873896809284,29.626887131475716,29.78057152939566,26447700
2020-02-18,29.259748458862305,29.73787799198872,29.037758467521442,29.686648780835217,40318000
2020-02-19,29.643959045410156,29.75495078276183,29.379279676436514,29.41343248346362,29632100
2020-02-20,29.754955291748047,29.951332333416875,29.421973515251974,29.421973515251974,42604100
2020-02-21,29.336589813232422,29.575652944504995,29.14875263466632,29.481734355221946,46675500
2020-02-24,27.94489288330078,28.354716775125716,27.765595541313143,28.329103799696274,79159600
2020-02-25,26.536123275756836,27.97050695327453,26.331211321825737,27.910741170273226,91586800
2020-02-26,26.151914596557617,26.980102313744283,26.092148808409217,26.80080332080349,80012800
2020-02-27,24.871212005615234,25.870158822726196,24.68337645047733,25.229808340693413,121148300
2020-02-28,24.333316802978516,24.546766950373062,23.650276982714114,23.906416508189416,171198800
2020-03-02,25.076128005981445,25.084664580153984,23.42829234642229,24.205250875774695,147776300
2020-03-03,23.69297218322754,25.40057378201871,23.581978795844257,25.076130194786536,138698500
2020-03-04,24.239398956298828,24.26501356102575,23.39413654225568,24.119867391230738,111239800
2020-03-05,23.010677337646484,23.50044876124087,22.684161962659168,23.405930893920345,110878700
2020-03-06,22.091278076171875,22.520902324768482,21.567137607326803,21.88505863351188,119121200
2020-03-09,18.84332275390625,20.18375016036351,18.482438263065447,19.101096687841096,145196000
2020-03-10,20.28685760498047,20.347004737745404,18.55117524202958,19.977527620604857,134863600
2020-03-11,19.479164123535156,20.587593868349632,19.126872359464265,19.625236438312342,127347000
2020-03-12,17.62318992614746,19.651017255153636,17.313859889143338,17.691929752272074,139552600
2020-03-13,20.75944709777832,20.836779606811447,18.456660470762436,19.06672785992523,128357400
2020-03-16,17.56304168701172,18.671471518953062,16.824087373126403,17.05608488640016,121688800
2020-03-17,18.88628387451172,19.496351234019833,17.21075008430882,18.09577509528851,120065700
2020-03-18,17.86377716064453,18.018440514490546,16.9271961614414,17.416967545836595,148272500
2020-03-19,18.2160701751709,18.6886562288516,16.32572268267496,17.40837606777137,122461300
2020-03-20,16.90141487121582,18.765983829922412,16.80689702960791,18.697244028449244,150910400
2020-03-23,15.535211563110352,16.90141669917583,15.423509988217758,16.54912497366323,181898500
2020-03-24,18.069995880126953,18.173104778556727,16.334313580657355,16.686605321584125,147882400
2020-03-25,18.130144119262695,18.98939264018617,17.537262180937276,18.654284602583203,146991300
2020-03-26,19.52212905883789,19.719757497139742,18.1902942850045,18.310588573537725,116111400
2020-03-27,18.559768676757812,19.075318125340132,18.1301444094203,18.628508493976355,91522800
2020-03-30,18.93783950805664,19.204206109224256,18.276217707488325,18.602731447091855,80449100
2020-03-31,18.241846084594727,19.324499440101835,18.00984858579609,18.748802853575512,95213700
2020-04-01,16.98734474182129,17.485708850374237,16.76393991538216,17.1248243828782,83961300
2020-04-02,17.674741744995117,17.863777467756446,16.832678591071062,16.884233043239384,70007400
2020-04-03,17.21074676513672,17.820812368104217,16.9100094847235,17.528667768718385,68293500
2020-04-06,18.379322052001953,18.55976506135478,17.880958064526155,18.069993754218277,97766200
2020-04-07,19.023761749267578,19.659605458768603,18.77458053015268,19.590865642576233,94560300
2020-04-08,20.14937400817871,20.278260929991834,19.255754957686964,19.255754957686964,81212300
2020-04-09,21.36092185974121,21.756175450156707,20.66492927662165,20.682114642871035,125275700
2020-04-13,20.55322265625,21.35232396401303,20.43292839964441,21.292176835710237,83164700
2020-04-14,20.389965057373047,21.180473686546254,19.848639262092615,21.05158674851628,88991100
2020-04-15,19.066720962524414,19.461974408922284,18.826130839356495,19.040942922543024,99082200
2020-04-16,18.405099868774414,19.083905218446365,18.121547976577187,19.032350775924918,89213300
2020-04-17,20.003305435180664,20.106414336193858,19.16983335107745,19.195611395773962,92800300
2020-04-20,19.333091735839844,19.8744175833333,19.05813247115196,19.393238870129505,74446300
2020-04-21,18.594133377075195,19.221385904888763,18.473839135057915,18.817538140025952,78871300
2020-04-22,18.731618881225586,19.101096042567427,18.688657106650012,19.040948902606967,49669500
2020-04-23,18.791759490966797,19.23856732453217,18.774574133052685,18.869090323808432,50614800
2020-04-24,19.058134078979492,19.16124299249292,18.61991709933084,18.997986939615554,47633500
2020-04-27,20.166561126708984,20.321226114495676,19.290128927395063,19.350276058448465,66916700
2020-04-28,20.527446746826172,21.317955455728985,20.49307765803205,21.008627101035884,65504900
2020-04-29,21.29217529296875,21.575727190770042,21.06017783870782,21.4038768604539,73493900
2020-04-30,20.66492462158203,20.948476545276268,20.49307591445949,20.80240424283461,55244100
2020-05-01,19.83145523071289,20.157968938224258,19.599457743359675,20.08922912406995,51772600
2020-05-04,19.702571868896484,19.754126329170887,19.272947542540734,19.50494507210566,45886100
2020-05-05,19.470565795898438,20.20951983743058,19.436196717091793,20.17514911973791,45691900
2020-05-06,19.204204559326172,19.831455579372868,19.10109401683868,19.76271576401003,53874600
2020-05-07,19.6252384185791,20.080640772692053,19.427611631258763,19.470573406280867,51884300
2020-05-08,20.252487182617188,20.295450591585134,19.977527920768235,20.16656200356777,45181000
2020-05-11,19.401832580566406,19.86582759348997,19.384647215890737,19.857234911152137,68951800
2020-05-12,18.791759490966797,19.60804432525591,18.774574133052685,19.513526495614226,69588700
2020-05-13,17.93252182006836,18.688659985737385,17.803633198712376,18.611327468478553,112113400
2020-05-14,18.65428352355957,18.723024974588252,17.27089459933524,17.43415226775557,88359100
2020-05-15,18.42228889465332,18.645693708544464,18.241845851596953,18.387918166876297,64484000
2020-05-18,19.702571868896484,19.814273472638813,18.96361750312084,19.26435485934721,86589400
2020-05-19,19.08390998840332,19.76271714662694,19.06672626252528,19.47057250117457,62179000
2020-05-20,19.685382843017578,19.762715338496523,19.453385356580743,19.487756082965358,59789500
2020-05-21,19.676788330078125,19.9947109640006,19.57367943829363,19.599455841796612,57726000
2020-05-22,19.470565795898438,19.719748582512214,19.29871548520714,19.70256322366588,48107000
2020-05-26,20.862552642822266,21.137511880472914,20.36418861485888,20.40715038115942,119485500
2020-05-27,22.32326889038086,22.48652651493119,21.455427970983575,22.40060136312123,117672700
2020-05-28,21.36092185974121,22.460759077514233,21.30077471675509,22.409204617652804,84340800
2020-05-29,20.725074768066406,21.40388023827892,20.67351867750358,20.982848665334657,113811100
2020-06-01,21.146108627319336,21.369513460586614,20.664928230026746,20.862556654112147,58375500
2020-06-02,21.343730926513672,21.81631690290245,21.10314077843438,21.446839819343154,71118100
2020-06-03,22.33186912536621,22.460756077246657,21.816319678957914,21.91083754181728,86744600
2020-06-04,23.171154022216797,23.21441541105989,22.12421157898872,22.24534478800234,94545300
2020-06-05,24.321922302246094,25.100638784588803,24.122915640391046,25.048724792516904,118767900
2020-06-08,24.693979263305664,25.00546490526774,24.347881538411396,24.737240653759315,79598500
2020-06-09,24.41710090637207,24.693979418086197,23.83738935895171,23.984480397858857,77773400
2020-06-10,23.015411376953125,24.313272902153685,22.937539553415792,24.200790645792523,90415300
2020-06-11,20.705223083496094,22.228047859980563,20.488912774057678,21.613725723010777,149875500
2020-06-12,21.440673828125,21.674287657548145,20.800395648714687,21.656984090776444,73729700
2020-06-15,21.76080894470215,21.778114159286773,20.497557985714415,20.5581245864445,76538900
2020-06-16,22.323219299316406,22.703925838232706,21.509893868866833,22.652011835299337,96796500
2020-06-17,21.631023406982422,22.409739919570566,21.561804198092723,22.409739919570566,58349500
2020-06-18,21.66563606262207,22.054993533762637,21.26762433287548,21.37145398203607,53419000
2020-06-19,21.847332000732422,22.054989611810374,21.189748740494238,22.011728228370963,127563600
2020-06-22,21.302230834960938,21.656979457794186,21.293578228267933,21.535844614408113,55484300
2020-06-23,21.449325561523438,21.985774066834445,21.42336773695048,21.63967799077633,46108300
2020-06-24,20.60138511657715,21.233012220142232,20.488904527082997,21.233012220142232,75437100
2020-06-25,21.388755798339844,21.432018836248897,20.376423815694075,20.506211279105088,65031900
2020-06-26,20.03032684326172,20.860958979455965,19.91784625050091,20.84365376508782,118139200
2020-06-29,20.237985610961914,20.627344704717213,19.98706658967663,20.255290826310187,66269200
2020-06-30,20.549474716186523,20.687913150670266,19.98706836980679,20.073592803938205,61716200
2020-07-01,20.125499725341797,20.82634425969003,20.099541909137887,20.79173548840055,57379900
2020-07-02,20.15146255493164,20.75713023086243,20.09089430205403,20.627344418185558,56000200
2020-07-06,20.471601486206055,20.835002764376657,20.298552629813884,20.61003991119331,59589000
2020-07-07,19.90919303894043,20.23798385037387,19.814016013120952,20.229331243452457,60645800
2020-07-08,19.9870662689209,20.06493808642226,19.640970219090487,19.926499666490095,52922600
2020-07-09,19.701534271240234,20.038977669854734,19.372741828725044,19.848625279667363,79385900
2020-07-10,20.78308868408203,20.809044857215227,19.623665641734995,19.64962181486819,81142900
2020-07-13,20.93017578125,21.207052578056494,20.644646378253817,21.085919392032622,73598100
2020-07-14,20.886919021606445,20.89557163039408,20.289903868106887,20.67060875286465,67423100
2020-07-15,21.284923553466797,21.51853896053117,21.008046767456793,21.423361946471797,57384400
2020-07-16,20.705223083496094,20.95614218427998,20.367779528873502,20.54947939664976,78067100
2020-07-17,20.09089469909668,20.748478033346508,20.073591133962978,20.661953606413288,66659100
2020-07-20,20.402385711669922,20.506215373064556,19.99572297603361,20.064942200191204,61114000
2020-07-21,21.12918472290039,21.181098719428288,20.49755920580969,20.514862771108195,75499300
2020-07-22,21.03400993347168,21.051315150934332,20.739827837872102,20.973443322668775,52193700
2020-07-23,21.233013153076172,21.319535925573597,20.860959290199293,21.215707938450247,61047600
2020-07-24,21.068622589111328,21.483937950092567,20.99940336228112,21.250322440671916,50217600
2020-07-27,20.886919021606445,20.999401285529352,20.661956144077013,20.956138241591162,54721300
2020-07-28,21.077266693115234,21.250313865200045,20.83499867181745,20.87826005225968,48406500
2020-07-29,21.86463737487793,21.881942588507236,20.930177293003503,21.07726830822059,71393500
2020-07-30,21.492586135864258,21.587763172033974,21.06861825250602,21.388756491832183,61755900
2020-07-31,21.527191162109375,21.58775940658123,21.16378994685782,21.570454193874987,61955800
2020-08-03,21.622371673583984,21.899248520334474,21.362800042334445,21.656982104585886,58284000
2020-08-04,21.639678955078125,21.682940347644593,21.509893127062384,21.59641591219532,37985300
2020-08-05,21.968467712402344,22.141516566624944,21.847334504636233,21.907901108519287,51322600
2020-08-06,22.037683486938477,22.210732314171658,21.873288916414474,22.0203799244679,51999700
2020-08-07,22.591440200805664,22.66065940609966,21.855985113109412,21.92520431840341,63354500
2020-08-10,22.98080062866211,23.19711087989282,22.677965946875865,22.7644903774314,64051100
2020-08-11,23.29228401184082,24.01043385946256,23.171150819569867,23.603771249470093,81441000
2020-08-12,23.12788963317871,23.85469214547238,22.85101279998419,23.77682032984691,61971300
2020-08-13,22.799097061157227,23.075973873157906,22.617395621834294,22.920230253828528,55955500
2020-08-14,22.902925491333008,23.067321720562965,22.42704366762882,22.548176862684574,50931900
2020-08-17,22.40973663330078,22.851009644130794,22.35782264682545,22.764485233127992,57518700
2020-08-18,22.089603424072266,22.48761349372152,22.029035167532545,22.38378549742878,45850100
2020-08-19,22.063642501831055,22.565482147624767,21.96846547666321,22.202080910993732,59856000
2020-08-20,21.717546463012695,21.91655146974874,21.648327258482073,21.769460453831663,49403700
2020-08-21,21.61372184753418,22.003080994835457,21.544502626937994,21.61372184753418,55010700
2020-08-24,22.22804069519043,22.236693302816963,21.665634401994954,21.821376388324097,54579500
2020-08-25,22.496265411376953,22.660661659164013,22.262649951413692,22.530875842623153,57304700
2020-08-26,22.115558624267578,22.44435111545619,22.098255059191473,22.44435111545619,39478000
2020-08-27,22.53952980041504,22.686620852158676,22.011733856183735,22.05499525068393,52934800
2020-08-28,22.755836486816406,22.902927515375833,22.487612252496096,22.84236091249539,46466400
2020-08-31,22.271303176879883,22.61739924735926,22.22804178693855,22.574137857417927,49416200
2020-09-01,22.24534034729004,22.40973656264546,21.977116159311315,22.132859768562145,46109200
2020-09-02,22.51357078552246,22.63470399510469,22.054992470178544,22.089602901668442,57300900
2020-09-03,22.35673713684082,23.193155295565774,22.182482869077997,22.82722266271333,86192500
2020-09-04,23.123458862304688,23.31513726835597,22.478718930888473,22.87950316766579,99621400
2020-09-08,22.199913024902344,22.931778435552943,22.121498755060337,22.774949895868932,74978600
2020-09-09,22.226051330566406,22.40901684953872,21.982095643457825,22.33931546205229,53822700
2020-09-10,21.903676986694336,22.557127986648812,21.851401372005288,22.391588263164863,56609600
2020-09-11,22.217342376708984,22.287043776516356,21.86012249496964,21.97338664647695,47708300
2020-09-14,22.435155868530273,22.644260034489402,22.252190346495606,22.36545447987723,47802400
2020-09-15,22.025659561157227,22.504856381780385,21.94724529424622,22.45258075777709,63820200
2020-09-16,22.304468154907227,22.574560854638396,21.825269606944833,22.025662573015396,64598600
2020-09-17,22.086645126342773,22.19990924024287,21.868828116540204,21.894965094156895,48862000
2020-09-18,21.96466827392578,22.287038206094536,21.86882991177727,21.912392652589133,94055800
2020-09-21,21.319931030273438,21.59002535325315,20.93657424081366,21.407058177627793,75218600
2020-09-22,20.8581600189209,21.433196866150737,20.744894228574708,21.145678442535818,68665300
2020-09-23,20.265697479248047,21.136965634012903,20.265697479248047,20.997562862195498,59950300
2020-09-24,20.335399627685547,20.753607958819583,19.99560556636567,20.370249491040624,53570700
2020-09-25,20.46609115600586,20.518366786114562,20.152434051729006,20.283125619719243,42111300
2020-09-28,20.988849639892578,21.180528032571253,20.727469862438742,20.805882466225214,47996900
2020-09-29,20.710044860839844,20.901723260553016,20.500940698840342,20.89301037940985,45695200
2020-09-30,20.988849639892578,21.18924091339466,20.710044100791926,20.718756981615336,56226100
2020-10-01,20.997560501098633,21.26765313339744,20.788456366885498,21.145676137226097,44782200
2020-10-02,21.093399047851562,21.285079085637346,20.535788018246272,20.596776516882855,51682100
2020-10-05,21.450624465942383,21.529037077453943,21.24151862920402,21.363497310936776,44396800
2020-10-06,21.232805252075195,21.947244859271837,21.154390986718287,21.712002063201112,67541100
2020-10-07,21.67715072631836,21.877543662737224,21.433196709166516,21.459333689968727,47648000
2020-10-08,21.990806579589844,22.04308220012798,21.616161031807167,21.73813969547884,52080600
2020-10-09,22.09536361694336,22.20862775960521,21.816558039487422,22.077937852899282,44511500
2020-10-12,22.374168395996094,22.504858298038464,21.990809909767837,22.043085538222332,48362900
2020-10-13,21.738143920898438,22.37416935681324,21.642303879772633,22.3393178284721,61186900
2020-10-14,20.57935905456543,21.424488751557085,20.553220405944558,21.21538454802758,127409500
2020-10-15,21.04112434387207,21.084688746086066,20.457374648700746,20.55321467175951,66832400
2020-10-16,21.119539260864258,21.215379286894574,20.858159486724215,21.084689399824555,58357700
2020-10-19,20.66648292541504,21.1892442238062,20.640345940673512,21.171818459436945,51377900
2020-10-20,21.032411575317383,21.328642864700335,20.805881668035592,20.814594548524745,62476400
2020-10-21,20.953998565673828,21.20666712953141,20.919148703445412,21.102114219221896,41564900
2020-10-22,21.668437957763672,21.703287816945227,20.910433994273966,20.953996733703907,55402000
2020-10-23,21.694576263427734,22.008233324303365,21.529034852208696,21.99080756274092,51007400
2020-10-26,21.38092803955078,21.415777912558784,21.04113222230003,21.319937853614643,59450200
2020-10-27,20.779747009277344,21.250230975555706,20.744895483428166,21.1631054845572,55009300
2020-10-28,20.44866371154785,20.61420513206881,20.143721176130526,20.396388085735193,81942500
2020-10-29,20.509654998779297,20.6926205300063,20.14372227451301,20.352826450977705,57490400
2020-10-30,20.64906120300293,20.77103824402287,20.248276885374842,20.466093979660474,66453400
2020-11-02,20.980138778686523,21.136967324980496,20.44866462998189,20.814597350730413,59756400
2020-11-03,21.51161003112793,21.729427057918336,21.354781505948914,21.4157700075603,65106200
2020-11-04,20.631628036499023,21.032410548562403,20.274408262942725,20.8145935324031,88845500
2020-11-05,21.441913604736328,21.59874216616196,20.788462373337822,20.82331224153662,74722600
2020-11-06,21.180530548095703,21.746854574380386,21.110829155042392,21.72071759061808,55454500
2020-11-09,24.186403274536133,24.63075021632788,22.914350951832144,23.175732385610146,178378800
2020-11-10,24.099281311035156,24.186408474359247,23.68107292125443,23.951165631927932,77694600
2020-11-11,23.820470809936523,24.19511637177036,23.62879241956641,24.17769061033342,48360900
2020-11-12,23.254150390625,23.437115928073727,22.92306752027159,23.384840297632994,67912600
2020-11-13,23.52423667907715,23.70720216668916,23.315132552458333,23.419683784861803,52421000
2020-11-16,24.02957534790039,24.39550803489632,23.681068422621436,24.27353102650171,57396700
2020-11-17,24.00343894958496,24.047003357950555,23.53295497192235,23.74205914664043,46402300
2020-11-18,23.506820678710938,24.334526310955187,23.489394912138675,24.073144797808947,54416700
2020-11-19,23.506820678710938,23.532959328569333,23.21930217751887,23.463257924092847,46423000
2020-11-20,23.35869789123535,23.48067655837744,23.201869363347,23.29770938857034,40538000
2020-11-23,23.864032745361328,23.977298529062164,23.57651433861524,23.62007874073557,45421200
2020-11-24,25.249351501464844,25.258064382697455,24.325807694366535,24.334520575599143,80387800
2020-11-25,25.292911529541016,25.301624409265465,24.813713115567598,25.01410436379428,57249900
2020-11-27,25.258066177368164,25.353906215924447,25.10123762766235,25.240640413664785,25971600
2020-11-30,24.534912109375,25.144800507396184,24.482636483257018,25.022821830704633,63567900
2020-12-01,24.99668312072754,25.30162729865974,24.979257359288653,25.040245862512677,50255100
2020-12-02,25.319047927856445,25.423600820346834,24.85727694570451,24.99667969448379,45257500
2020-12-03,25.34535026550293,25.511923427444817,25.099874114860647,25.37165181912622,54013700
2020-12-04,25.678499221801758,25.801236473620495,25.42425586055478,25.59959622501267,66188200
2020-12-07,25.503156661987305,25.55575809792879,25.152477635428234,25.336583497308183,42197800
2020-12-08,25.362890243530273,25.55576332957942,25.222618604190924,25.301521610340536,33869100
2020-12-09,25.248910903930664,25.643425816123372,25.205076656873402,25.643425816123372,54886300
2020-12-10,25.52069664001465,25.53822934106862,24.959608402040857,25.09988004349184,58859600
2020-12-11,25.047273635864258,25.205079619288668,24.81056466072764,25.14371099732796,40538400
2020-12-14,24.740434646606445,25.3891914297857,24.670298823348414,25.354124354241648,40267100
2020-12-15,25.108644485473633,25.266450482898655,24.766732605832544,24.85440279019863,43672700
2020-12-16,25.17877960205078,25.266449783991785,24.93330509921954,25.248915413169655,42463200
2020-12-17,25.275218963623047,25.35412196637845,25.01221006921822,25.170014402559257,43182700
2020-12-18,25.13494300842285,25.511923585173335,25.047272834639333,25.327816053011002,82817200
2020-12-21,26.073015213012695,26.29218985502407,25.187549458626364,25.511928664557917,93397400
2020-12-22,25.60836410522461,26.10808368846702,25.573297032393622,26.10808368846702,39054300
2020-12-23,26.34478759765625,26.607798134400834,25.713565319374492,25.76616675785558,52537200
2020-12-24,26.265888214111328,26.53766597332037,26.073015131723782,26.53766597332037,22632300
2020-12-28,26.41492462158203,26.78313805222857,26.2921873687564,26.502594804530187,32861200
2020-12-29,26.309724807739258,26.520132268048517,26.23958898763617,26.44999644794543,33291900
2020-12-30,26.283422470092773,26.493829924173532,26.248355397164215,26.300956842641952,26370100
2020-12-31,26.57273292541504,26.642868743433883,26.21328664904724,26.309724025886826,28716000
2021-01-04,26.327255249023438,26.800671545975526,26.081779079237787,26.704234180672305,51483900
2021-01-05,26.52889060974121,26.774366734344188,26.222045872029813,26.449987629410586,48507000
2021-01-06,28.185853958129883,28.597899918243375,27.49326144257684,27.966677693266863,107002800
2021-01-07,28.808311462402344,29.474600809662256,28.790777092166664,29.20282643185717,74358500
2021-01-08,28.519001007080078,28.931050370423186,28.15078924401213,28.86091288545442,44641400
2021-01-11,28.99241828918457,29.04502140162581,27.966681006955298,28.13325418534662,51868200
2021-01-12,29.50966453552246,29.781442211483217,29.106384121649278,29.299255472788552,68166200
2021-01-13,29.334333419799805,29.52720817585033,29.00995588453818,29.30803353282551,43172800
2021-01-14,29.798982620239258,30.13212563263029,29.29926141297416,29.35186452540714,48483500
2021-01-15,28.9398136138916,29.483369046746027,28.668039241803484,29.18529144768812,57684300
2021-01-19,28.72941017150879,29.457068185557482,28.229692295357214,28.49270117580446,78130200
2021-01-20,28.352426528930664,28.74694147973479,28.194620548609016,28.720638253455178,53920000
2021-01-21,27.852718353271484,28.47517363328282,27.81764960231137,28.352436349262575,49626600
2021-01-22,27.659839630126953,27.835180015628772,27.39683072404407,27.493268103287054,45314500
2021-01-25,27.317922592163086,27.44065983568344,26.800670391370826,27.41435995331167,48078400
2021-01-26,27.12505340576172,27.554635491442703,27.098751847473988,27.528333933154972,36373000
2021-01-27,26.151920318603516,26.6779398361181,26.011648670222286,26.572735263747205,63809200
2021-01-28,26.58149528503418,26.958475865497196,26.230816258616084,26.66916545968108,51223300
2021-01-29,25.994112014770508,26.73930612650038,25.941510569286578,26.651635935913962,64019100
2021-02-01,26.265888214111328,26.33602570461932,25.92397630873392,26.18698688162946,40985300
2021-02-02,27.203956604003906,27.35299542436617,26.77437451523498,26.809441587700924,53527000
2021-02-03,27.686138153076172,27.81764259169463,27.07244854329716,27.098750099888715,49404900
2021-02-04,28.492698669433594,28.51899855186303,27.8614764085841,27.879009106147212,51751900
2021-02-05,28.37873077392578,28.852148787675826,28.33489651583919,28.834614415573284,42008800
2021-02-08,29.00994873046875,29.176520214127567,28.40502806886047,28.431327949349015,46014100
2021-02-09,28.887216567993164,28.94858519613459,28.57160456935758,28.904750939510627,35868600
2021-02-10,28.913516998291016,29.299263145930663,28.808314111541925,29.0362542568882,45031900
2021-02-11,28.825849533081055,29.202830180694107,28.536537403561436,28.904752537100986,29479900
2021-02-12,29.255428314208984,29.32556580022459,28.852147802637464,28.93105080223532,37468300
2021-02-16,30.044462203979492,30.298705607227152,29.544744256542277,29.79021880073183,52802600
2021-02-17,30.167194366455078,30.298700475333895,29.6236422488119,29.842816867383746,45455300
2021-02-18,29.974321365356445,30.37760522854864,29.825284221391534,29.860352965032504,37541700
2021-02-19,30.28116226196289,30.447733746978066,29.965550316175108,29.983084684756523,54514100
2021-02-22,30.815956115722656,30.903624635107672,30.167197701518756,30.20226644700862,56783400
2021-02-23,31.140338897705078,31.46471648729382,30.80719244809652,31.05266701920798,67440700
2021-02-24,31.894296646118164,32.017033917493244,31.210469450208752,31.333210065923645,58139500
2021-02-25,31.49977684020996,32.46414383617669,31.350736358672233,32.402775209760954,74762000
2021-02-26,30.430198669433594,31.587440214134805,30.403898789343632,31.32443138021885,70933300
2021-03-01,31.377025604248047,31.604965637305423,30.894842321149035,31.140316717416642,45901700
2021-03-02,31.149091720581055,31.50853791509952,31.122791839918847,31.254297931907562,41167400
2021-03-03,31.929359436035156,32.411546311746356,31.42087601847545,31.534847765856238,66047000
2021-03-04,32.158424377441406,32.48441294376333,31.647412185037304,31.841244859528434,96512800
2021-03-05,32.53729248046875,33.127596466501934,31.86769021705241,32.62539644941517,74292300
2021-03-08,32.713504791259766,33.24213534319272,32.44037710155546,32.93376808139035,65335500
2021-03-09,31.999839782714844,32.739924323632366,31.55050430045597,32.20248153831786,63946000
2021-03-10,32.92495346069336,33.06592182248978,32.04390035922802,32.19368113417158,53365600
2021-03-11,32.810420989990234,33.29499955333022,32.46680743614266,32.83685150915118,45834000
2021-03-12,33.427146911621094,33.638601093369466,33.10997068042383,33.40952544972954,46069600
2021-03-15,33.25974655151367,33.541683207047846,32.79278959596332,33.50644028486857,50131600
2021-03-16,33.162837982177734,33.23332384308542,32.57253402135462,32.96900522563243,50300400
2021-03-17,33.43596267700195,33.79719427963831,32.88971074737025,33.48001465567457,63796000
2021-03-18,34.308197021484375,35.21568374910724,33.85004913279951,33.92934402432093,95439700
2021-03-19,33.94697570800781,34.290585887763314,33.06592258619333,33.73552484090486,106252700
2021-03-22,33.18045425415039,33.8148134592292,32.95138196395544,33.55049824409647,54701300
2021-03-23,32.510860443115234,33.32142767459695,32.40513165217785,32.91614405885609,49838000
2021-03-24,32.510860443115234,33.29499715733801,32.50204803006171,32.78398475065977,43896800
2021-03-25,33.18045425415039,33.25974915478525,32.27297078317956,32.48442161090562,47517900
2021-03-26,34.07913589477539,34.14961839863391,33.55050535250793,33.788386743862574,66846000
2021-03-29,33.75313949584961,34.035076169064176,33.35666499884467,33.52406384826886,45680000
2021-03-30,34.35225296020508,34.76634552462449,34.035073388513624,34.035073388513624,56705900
2021-03-31,34.08793640136719,34.352254967185814,33.885294632269705,34.026262965596224,49270000
2021-04-01,34.792781829833984,34.81921234234031,34.1143706675865,34.211287028043316,65587000
2021-04-05,35.06591033935547,35.48881539547712,34.88969905906713,35.24212161964381,50328500
2021-04-06,34.968990325927734,35.374277236674736,34.76634855102937,34.828021988565816,42590100
2021-04-07,35.286170959472656,35.37427827350022,34.880887397797004,35.039477202096236,43136400
2021-04-08,34.977813720703125,35.10996968794283,34.55490857582368,35.06591769886293,45285900
2021-04-09,35.23331069946289,35.400709558336,34.81040230481951,35.16282484670551,45872900
2021-04-12,35.29499053955078,35.57692727979788,35.10996682299089,35.233317087681165,45544600
2021-04-13,34.64299011230469,35.083516439634046,34.5372647348114,35.074707391905086,46770400
2021-04-14,35.13639450073242,35.532869022016044,34.29058106834388,34.343445458165185,52023800
2021-04-15,34.13199234008789,35.10114922873301,33.5240636610912,35.004232867678446,118128900
2021-04-16,34.493228912353516,34.731110282771866,34.28177469748632,34.63419726861474,60633400
2021-04-19,34.51084518432617,34.739920851686236,34.38749829926331,34.704677924253836,42321100
2021-04-20,33.550498962402344,34.361066087623435,33.38309674583901,34.361066087623435,50834100
2021-04-21,34.114376068115234,34.167237101496134,32.960195332338245,33.25975351164941,37851800
2021-04-22,33.79718780517578,34.158419338611715,33.62978561295798,34.140797878328264,48093400
2021-04-23,34.519649505615234,34.6606178213528,33.67383961118984,33.76194354816966,48674100
2021-04-26,34.72229766845703,35.10995976816407,34.60775984044913,34.66943327992637,34699800
2021-04-27,35.13639450073242,35.171634066329496,34.81040247159341,34.95137081683309,34304800
2021-04-28,35.2685432434082,35.43594542990428,35.136387337224214,35.18043930595221,34084400
2021-04-29,36.220088958740234,36.237710421855304,35.64740317082705,35.72669807436964,44008700
2021-04-30,35.70907974243164,36.0350717972196,35.65621870940171,35.982207403238945,39203400
2021-05-03,35.73550796508789,36.167222017621,35.61215773198538,36.00863222172511,41940500
2021-05-04,36.1231803894043,36.1936662570792,35.04829443402009,35.45358145124848,53880000
2021-05-05,36.46678924560547,36.61657002840923,35.91172482148735,36.29939035748459,37471100
2021-05-06,37.013031005859375,37.05708633980475,36.33462322764206,36.546074042399376,39044400
2021-05-07,37.162818908691406,37.22449235495966,36.22009238893298,36.237713853716876,39249200
2021-05-10,37.04826354980469,37.83239987668006,37.0306420933531,37.44473791759256,41271500
2021-05-11,36.625370025634766,37.30378118494526,36.42272825507971,36.60774856372343,42964700
2021-05-12,36.28176498413086,37.49761913809291,36.158418094487736,37.3390293197087,47533000
2021-05-13,36.86326217651367,37.083525453533724,35.929344672006344,35.99983053390918,42026100
2021-05-14,37.3213996887207,37.427125090858596,36.93373427929853,37.057084502901,30932600
2021-05-17,37.656211853027344,37.75312487309396,37.145199429826086,37.21568529273009,32656400
2021-05-18,37.14519500732422,37.84122769635254,37.12757354369622,37.62096444242842,37880300
2021-05-19,36.97780227661133,37.00423279596124,36.396307324255694,36.69586553370866,42672800
2021-05-20,36.889686584472656,37.11876223676582,36.52845500442606,36.91612045878361,36871100
2021-05-21,37.35664749145508,37.53285539772815,36.90730859198777,37.021846419825565,40243800
2021-05-24,37.559288024902344,37.691443950217604,37.22448696439321,37.51523604979726,31390800
2021-05-25,37.013031005859375,38.11434713549153,36.942548521256974,37.61214724925528,52657700
2021-05-26,37.039466857910156,37.224487170948336,36.70466579554324,37.021845395580286,41332800
2021-05-27,37.488807678222656,37.75312292859711,37.109954587004,37.42713423183364,52981100
2021-05-28,37.347843170166016,37.629779914418826,37.048284959278526,37.585727928307655,38509700
2021-06-01,37.81479263305664,38.131972246500055,37.68263670142217,37.841226508143876,42890700
2021-06-02,37.83241653442383,38.035058331417254,37.53285836474863,37.97338488715624,34180500
2021-06-03,38.26594543457031,38.47828973820999,37.761631510411576,37.84126020238918,46981200
2021-06-04,38.283634185791016,38.38980463095767,37.894340303448224,38.25709241827375,37192600
2021-06-07,38.15092468261719,38.38981075366477,38.09784113911648,38.28364029156523,28401900
2021-06-08,37.93859100341797,38.25710582564041,37.540447475639915,37.920895360505746,41871400
2021-06-09,37.44312286376953,37.805875103171275,37.25732367714642,37.57583849712819,42366300
2021-06-10,36.88572311401367,38.00937115389943,36.82379004981593,37.832418095434946,40123600
2021-06-11,37.03612518310547,37.06266695398888,36.72645656404089,36.99188777326711,31203600
2021-06-14,36.593746185302734,37.08036446833213,36.328318337750176,37.02727754878234,36050700
2021-06-15,36.62028884887695,36.77070010371331,36.18675747484507,36.52296451488253,39247900
2021-06-16,36.823787689208984,37.15115200766703,35.983263246709086,36.52296852163319,63859100
2021-06-17,35.21352767944336,37.24847964802314,35.14274847297846,37.177700441558244,80728200
2021-06-18,34.31106185913086,34.77113840463686,34.05448349969931,34.514556670106856,102774200
2021-06-21,35.16928482055664,35.19582659699339,34.532255185284775,34.61188388969376,48119400
2021-06-22,35.363929748535156,35.620508101995945,34.75344195471519,35.284301052606395,44113200
2021-06-23,35.56742477416992,35.76207007367548,35.45240479598591,35.53203349240586,32039900
2021-06-24,36.124820709228516,36.28407470519286,35.54972427204832,35.779760821861636,37161800
2021-06-25,36.823787689208984,37.0095902449901,36.133674518046305,36.51412238807154,53178800
2021-06-28,36.77069854736328,36.78839418689495,36.36370558833127,36.68222034970496,34416500
2021-06-29,36.17790222167969,37.115750757022944,36.054036134484825,36.83262730769248,38519600
2021-06-30,36.478721618652344,36.59374157563889,36.02749467216326,36.06288257230715,29159800
2021-07-01,36.75299835205078,36.89456007565843,36.46102539861752,36.77069398938895,28045100
2021-07-02,36.40794372558594,36.6910671872956,36.36370294242677,36.60258899607515,28980800
2021-07-06,35.45240783691406,36.16906616616488,35.27545478801401,36.10713310531467,47578700
2021-07-07,35.16928482055664,35.39047529112618,34.82422822648395,35.010027411738676,43499900
2021-07-08,34.31106185913086,34.718054856181304,34.04563399155775,34.16950010475197,52793100
2021-07-09,35.42586898803711,35.60282205155847,34.85962188484793,35.08081237047489,43887200
2021-07-12,35.94786834716797,36.107125721098654,35.07195279054919,35.20466839385743,42624500
2021-07-13,35.26660919189453,35.815160614256875,35.018876944717746,35.815160614256875,54338100
2021-07-14,34.38185119628906,34.99233574946822,33.43515614457254,34.603041692019076,105651700
2021-07-15,34.35529708862305,34.79767792133713,33.90406674919985,33.96599979577199,54697300
2021-07-16,33.550167083740234,34.76229322489212,33.258197433932565,34.700360166596596,60469700
2021-07-19,32.67425537109375,32.95737889291764,32.30265363926327,32.51499796818049,83251500
2021-07-20,33.346675872802734,33.72712377209615,32.391134744997565,32.612325227140296,59462900
2021-07-21,34.02793884277344,34.30221622245703,33.60325357349138,33.665186630984685,49907400
2021-07-22,33.5855598449707,33.97485722864286,33.33782760088747,33.93946594374563,52715600
2021-07-23,33.35551834106445,33.85983226388539,33.23165223722748,33.7978992119669,48659400
2021-07-26,33.7359733581543,33.83329771053425,33.32013417074867,33.32013417074867,32258000
2021-07-27,33.60325622558594,33.83329620737256,33.14317963711145,33.37321961889808,39121400
2021-07-28,33.7359733581543,34.06333432744228,33.39976287950509,33.78905691392596,43331100
2021-07-29,34.22257995605469,34.48800776877594,33.948302637020674,34.10755999967297,43039100
2021-07-30,33.93946075439453,34.355299850608375,33.66518340102609,34.07217298981938,46210100
2021-08-02,33.5855598449707,34.46147558313437,33.54132242639851,33.97485722864286,49894000
2021-08-03,34.107566833496094,34.17834939778928,33.22280503042175,33.67403544004479,39680600
2021-08-04,33.85982894897461,34.30220977656754,33.49707680535232,33.64748466668694,42289800
2021-08-05,34.523399353027344,34.55879062839988,34.10756030514451,34.125255942830776,34754500
2021-08-06,35.523189544677734,35.75322614009776,34.92155121807323,34.92155121807323,58022300
2021-08-09,35.98324966430664,36.23983131702641,35.21350808124471,35.43469846287954,56340100
2021-08-10,36.655670166015625,36.82377364034194,35.90362422154318,36.01864078945718,44987300
2021-08-11,37.115760803222656,37.3281017601464,36.69992164785723,36.8060921263191,58458200
2021-08-12,37.29271697998047,37.41658311109612,36.95650649902447,37.36349617986129,37400100
2021-08-13,36.8326301574707,37.36348582226373,36.65567714417369,37.23961972548523,41344900
2021-08-16,36.53181076049805,36.540656892299324,35.93017254507188,36.41679079649358,38599100
2021-08-17,36.3548583984375,36.779543609547616,35.939019319286786,36.319467120403814,43526900
2021-08-18,36.08944320678711,36.744165204292344,35.97442320043108,36.07174756157086,50342500
2021-08-19,35.55857849121094,35.983263785601885,35.39932108392699,35.49664543005593,51883900
2021-08-20,35.71784591674805,35.8063241539995,35.31085615069029,35.470113602643266,40415000
2021-08-23,36.19561004638672,36.363713596309914,35.921332635892036,35.94787778858435,35364500
2021-08-24,36.69991683959961,36.876869863918245,36.31062288617718,36.363706430904024,35579300
2021-08-25,37.29271697998047,37.5581448859567,36.75301165860606,36.85918214597677,51219900
2021-08-26,37.19539260864258,37.90320148259746,37.17769696490634,37.60238228927926,41184500
2021-08-27,37.593528747558594,37.735090494456344,37.106907078442944,37.2661644655902,46468600
2021-08-30,36.85917663574219,37.7173966660287,36.83263486164209,37.7173966660287,44855600
2021-08-31,36.93880844116211,37.221931972379885,36.59375184843412,36.8680258708083,54654600
2021-09-01,36.443336486816406,36.96534607178617,36.30177473708384,36.938804298429545,52361900
2021-09-02,36.478904724121094,36.89687472799526,36.140971457320845,36.55894146119501,44538900
2021-09-03,36.50558090209961,36.63008173376933,36.176542505202015,36.478903121711305,41812400
2021-09-07,36.74569320678711,37.217018780065224,36.62119236798862,36.68344278738787,43748600
2021-09-08,36.26546859741211,36.89687096658017,36.17654040634829,36.53225995538964,36064400
2021-09-09,36.39887619018555,36.77237878577707,36.069837704679564,36.15876592485065,36266400
2021-09-10,35.81193923950195,36.77237685809945,35.78526145332796,36.65677085641616,40514700
2021-09-13,36.40776824951172,36.425554572315086,35.8830836001922,36.105407546642944,42036300
2021-09-14,35.429542541503906,36.73680836945298,35.269469036351204,36.57673486430028,53820400
2021-09-15,35.696327209472656,35.87418701975138,35.27835716417672,35.33171612497845,52358200
2021-09-16,35.97201156616211,36.29215855936703,35.74968764225801,35.99868935146457,42922000
2021-09-17,36.01647186279297,36.167650486707664,35.64296933849066,35.87418470224063,92746000
2021-09-20,34.78034973144531,35.09160181902983,34.113378064569915,35.02045993860766,67566200
2021-09-21,34.79814147949219,35.21610814912545,34.62917312638649,34.9226423339529,38271100
2021-09-22,35.696327209472656,36.03426050976286,35.3495024452457,35.3495024452457,46261400
2021-09-23,37.07474136352539,37.24370973976952,36.14987629271224,36.24769598290256,49779800
2021-09-24,37.474910736083984,37.65277050938398,37.03915785351167,37.10140826530771,39042300
2021-09-27,38.4709358215332,38.622117875532304,37.919573360983,37.95514600808801,49755400
2021-09-28,38.38200378417969,39.16458498079446,38.293075567643605,38.62211403969992,60781200
2021-09-29,38.30196762084961,38.52429155799984,38.008501787856225,38.39979069597876,44260200
2021-09-30,37.750606536865234,38.55097070337331,37.55496037971264,38.55097070337331,47410800
2021-10-01,38.31085968017578,38.62211181249726,37.69724348732228,37.77728023454692,40987100
2021-10-04,38.54207229614258,39.19125769148096,38.30196207171985,38.33753471068475,48273400
2021-10-05,39.32465744018555,39.79598308161968,38.8355420850438,38.92447369161226,54070700
2021-10-06,39.342445373535156,39.386909482444324,38.72882913644888,38.99561718229793,47031700
2021-10-07,39.23572540283203,39.90269717899991,39.15568865399613,39.83155528692016,46258800
2021-10-08,39.43136978149414,39.84933982812295,39.05786383947837,39.19125954571123,39389400
2021-10-11,38.93335723876953,39.84933394198947,38.906679458421024,39.6625793023702,36283500
2021-10-12,38.719932556152344,39.12900773190231,38.47982232889208,38.83553854556411,36898300
2021-10-13,38.364219665527344,38.80886755853048,37.64389224999456,38.728830802094144,43908000
2021-10-14,40.080562591552734,40.107240380756636,38.666582093041754,39.4580548351049,82201000
2021-10-15,41.23664093017578,41.50342896345059,40.33845375992536,40.70306486362617,64264900
2021-10-18,41.1566047668457,41.69907569791679,40.93428083721945,41.16549962377136,49542500
2021-10-19,41.334468841552734,41.46786457000994,41.085467100319875,41.35225516483998,32515500
2021-10-20,41.87693786621094,42.01033358841763,40.95206945297634,41.343361762172435,40411000
2021-10-21,41.645721435546875,42.22376163531605,41.45007528575734,41.88582830178706,36848600
2021-10-22,42.30380630493164,42.34827042209736,41.788016439498904,41.788016439498904,36225600
2021-10-25,42.25043487548828,42.66840491691674,41.97475539488116,42.50833142838643,31679500
2021-10-26,42.65061569213867,43.068585705101725,42.188181578143976,42.383827693555354,35674800
2021-10-27,41.83246994018555,42.83737162420095,41.823575083572976,42.22375882129292,45790800
2021-10-28,42.49054718017578,42.68619331845138,42.063685654078526,42.32158221955203,37209600
2021-10-29,42.49054718017578,42.80180270855913,42.25933179235413,42.46386939491778,31756200
2021-11-01,42.55280685424805,42.83738126681857,42.04590846983214,42.775130826093424,36937200
2021-11-02,42.5794792175293,43.05969631902038,42.10815018802269,42.30379632828558,36283400
2021-11-03,43.01523971557617,43.29981411883715,42.339376355929986,42.50834134774291,42553000
2021-11-04,42.09036636352539,42.81958855321237,41.69018262713771,42.81958855321237,47646300
2021-11-05,41.77022171020508,42.52612172712321,41.63682599315176,42.33047558008341,38271200
2021-11-08,42.09926223754883,42.508337480975676,42.01922548188756,42.10815370266934,33815500
2021-11-09,41.690185546875,42.11704709811882,41.27221546044303,41.48564793226196,36900300
2021-11-10,42.00143814086914,42.25933472423507,41.48564836653137,41.57457658515696,39385600
2021-11-11,42.23265838623047,42.588374665332395,41.80579342347743,42.072584873296634,31194800
2021-11-12,41.71685028076172,42.26821252121791,41.583454603564306,42.25042620476539,44268500
2021-11-15,41.84136962890625,42.14373035768409,41.70797728504204,42.028120945752846,35335500
2021-11-16,41.868045806884766,42.04590224411026,41.52121761254924,41.95697402549751,35120800
2021-11-17,41.361141204833984,41.974757404374266,41.30778563436534,41.868042871043116,32963700
2021-11-18,41.192169189453125,41.627925497214406,41.0943461371561,41.53899390767472,30639000
2021-11-19,40.374019622802734,40.70305802884368,39.86712142697984,40.640807611278994,48429500
2021-11-22,41.1566047668457,41.68128937645942,40.82756630086915,41.54789705412003,53697100
2021-11-23,42.241554260253906,42.37494999908622,41.50343705219903,41.68129690651059,49362900
2021-11-24,42.35715866088867,42.66841082479719,41.983652671804286,42.1704039701494,40060000
2021-11-26,40.694175720214844,40.94318085963924,39.795988423860564,40.4807466205875,55110100
2021-11-29,40.54298782348633,41.53010651352633,40.16948189561467,41.28110143081402,50231100
2021-11-30,39.546974182128906,40.213945844427585,39.449151128875506,39.80486731333215,77193600
2021-12-01,38.98672866821289,40.64081942701974,38.96005087932708,40.213957842875125,60601600
2021-12-02,40.11262893676758,40.657710880784634,39.31734678581371,39.61222852289396,57821400
2021-12-03,39.20117950439453,40.27347142276087,38.959913567107954,40.21092137332235,74605300
2021-12-06,39.45138168334961,40.103691752977916,39.28160006211246,39.81774770625652,48193100
2021-12-07,39.95178985595703,40.13050577220859,39.70158961843839,39.8177554753103,40740800
2021-12-08,39.46031188964844,40.032199924339906,39.39776184889916,39.924971770015645,50560300
2021-12-09,39.75519943237305,39.96965577261902,39.004595424068,39.23692369412149,37316700
2021-12-10,39.78200149536133,40.059011265555,39.37989163821623,39.951779697835164,37700200
2021-12-13,38.94205093383789,39.6747831169472,38.77226928078795,39.558617260974486,38653900
2021-12-14,39.43351745605469,40.05008378808321,38.897369707196226,38.95098550469885,47099400
2021-12-15,39.26372528076172,39.71945091561376,38.977781254812925,39.64796320476573,60057100
2021-12-16,40.21092224121094,40.532610164536166,39.397768172237555,39.94285010801396,69487200
2021-12-17,39.21012496948242,39.942857187494106,38.9777932464703,39.76414126411309,124242400
2021-12-20,38.56674575805664,38.745461666373906,38.155701555032635,38.66503967806726,56455200
2021-12-21,39.487125396728516,39.7462632757162,38.90630299512964,38.90630299512964,47845600
2021-12-22,39.567543029785156,39.83561854890744,39.21011468549182,39.3888305619994,35715700
2021-12-23,39.69264602661133,40.2734718156026,39.67477750550206,39.92497770569666,34053500
2021-12-27,39.889244079589844,40.05008808061424,39.594365683527094,39.80882207907765,33879200
2021-12-28,39.942848205566406,40.2824080427614,39.692644605607065,39.73732613294684,32492400
2021-12-29,39.88029861450195,40.31814895418204,39.85348901604665,40.07688302041624,25294900
2021-12-30,39.79094314575195,40.300281256499694,39.74626502193102,39.98753098103085,23852200
2021-12-31,39.75519943237305,39.960721512076304,39.567545873755236,39.782005622723275,24253900
2022-01-03,41.26534652709961,41.54235635837276,40.19305447451748,40.29134839557319,58587900
2022-01-04,42.88271713256836,43.27588937653488,42.03381918366213,42.05169111412273,74606700
2022-01-05,42.15892028808594,43.22227461029547,42.141048357201456,43.016752518207355,57791600
2022-01-06,43.00782012939453,43.034626322527075,42.167856384869005,42.87378234628697,52040900
2022-01-07,43.94607925415039,44.062245118466485,42.945274831219315,43.02569682825002,59082600
2022-01-10,43.722679138183594,44.75029302354681,43.19546909930789,44.598383312995,66839500
2022-01-11,43.972877502441406,44.008621363266315,43.46353941621407,43.77629308534876,40454400
2022-01-12,43.660125732421875,44.12478568091293,43.499281772993356,43.93713212243161,41378000
2022-01-13,43.57076644897461,44.223079961419394,43.45460401741888,43.71373847980804,46337500
2022-01-14,42.81122589111328,43.09716993753028,42.16785008231407,42.46273179758768,72953300
2022-01-18,41.336822509765625,42.820158470605286,41.14917237580488,42.7576084259517,65877400
2022-01-19,41.4976692199707,43.40992476970582,41.417247241670054,43.24014314400334,84451800
2022-01-20,40.881107330322266,42.0427556000405,40.800685343487494,41.7210676527014,46265300
2022-01-21,40.13943099975586,41.12236661354497,39.90710274702567,40.720256744664056,71303600
2022-01-24,39.80881881713867,39.933918939079604,38.0574102925203,39.227996335452545,90672700
2022-01-25,40.59516143798828,40.72026154333322,39.165441078728655,39.57648525592552,73555300
2022-01-26,41.01513671875,41.51553706002099,40.44324525787767,40.9079051524305,63735800
2022-01-27,40.63090515136719,41.77468143461473,40.291345289007246,41.435121572254786,63402400
2022-01-28,40.98833465576172,41.00620658676619,39.719458232944945,40.50580615353019,51048300
2022-01-31,41.22959899902344,41.34576484164888,40.40751065729795,40.67558279443791,44793700
2022-02-01,41.94445037841797,42.08742238218179,41.01513405831384,41.29214039820044,40326600
2022-02-02,41.8997802734375,41.96233032399242,41.37257026967314,41.74787398172474,41125600
2022-02-03,41.48873519897461,42.257211127454305,41.417247480640675,42.19466107827312,35879900
2022-02-04,43.14185333251953,43.5082193998483,41.71213292555907,42.06956473166035,60297100
2022-02-07,43.347373962402344,43.57076798148213,42.882717402391954,43.392055493196075,44824800
2022-02-08,44.124786376953125,44.69667450451034,43.73161073271595,43.91926429415739,49560500
2022-02-09,44.03542709350586,44.491152792446904,43.81203307877221,43.981814711551955,33861100
2022-02-10,43.82991027832031,44.77710224180434,43.57077237198187,44.3928642175708,47082800
2022-02-11,42.820159912109375,44.178395829365726,42.444859631553726,43.454601457230716,61056000
2022-02-14,42.37337875366211,43.0614327877654,41.944462617218974,42.909526480757854,44791900
2022-02-15,42.70400619506836,43.222278603713725,42.50741834589809,42.89165637360948,42397600
2022-02-16,42.60570526123047,43.10610906373907,42.27508308551833,42.3912455148062,36664600
2022-02-17,41.16704177856445,42.257205476313025,41.05981362412541,41.998067645090565,49442400
2022-02-18,41.06875228881836,41.587028006858866,40.85429595693548,41.167046194565486,37856500
2022-02-22,40.71133041381836,41.08663075872035,40.246670409137934,40.36283285376618,51905600
2022-02-23,40.01433563232422,41.20279345077402,39.82668547427074,41.059821414820576,45704900
2022-02-24,38.95991516113281,39.03140288268574,37.57487293890561,38.4237708843746,80484800
2022-02-25,40.228797912597656,40.52367626392187,38.98672763325011,39.14757160987148,68530700
2022-02-28,39.49606704711914,39.549679435263464,38.81694725502898,39.06715089835182,69955300
2022-03-01,37.950172424316406,39.08501431190263,37.467640583852,39.05820471495119,74895600
2022-03-02,38.56674575805664,38.9063056429872,38.084213828216754,38.19144541844057,70834600
2022-03-03,38.1536865234375,39.060609513005296,37.902259581216036,38.692452181047685,48733800
2022-03-04,36.770851135253906,37.2108422993461,36.20514478460393,37.201864355857694,75572800
2022-03-07,34.42721176147461,36.01657483750015,34.31047795126572,35.8549444619458,109779000
2022-03-08,34.65170669555664,35.61250782130884,34.27456791630845,35.08271999656227,76553800
2022-03-09,36.85166549682617,37.36349389883305,36.061472897518435,36.19616602452594,78207900
2022-03-10,36.51942443847656,37.246761180024556,36.016577390344374,36.178207777355034,48804400
2022-03-11,36.21413040161133,37.156972146369775,36.17821177266706,36.85167065112152,43946600
2022-03-14,36.99533462524414,37.87532031277431,36.725951810757486,36.725951810757486,54262400
2022-03-15,37.26472854614258,37.516152124546174,36.69902206934513,37.04922017508996,41395300
2022-03-16,38.43204879760742,38.65653506795021,37.64185616689199,37.929201744288314,59477600
2022-03-17,38.638572692871094,38.647554061190604,37.561041420939304,38.08184774565456,50260200
2022-03-18,38.521846771240234,38.54878402854316,37.94715902079725,38.39613157791945,74470600
2022-03-21,38.46797180175781,38.997759597087985,38.171648246988326,38.92592233821452,47106400
2022-03-22,39.67121887207031,40.075294893705795,39.240205590788825,39.34795805476193,52360600
2022-03-23,38.69246292114258,39.51857094883767,38.638584970270934,39.25816941643171,48539300
2022-03-24,38.674495697021484,38.99775648538039,38.51286530284204,38.95285991486138,30360800
2022-03-25,39.26714324951172,39.74305311016965,38.90796722415467,39.042656949142646,38968100
2022-03-28,39.10551071166992,39.28510042727238,38.45899253104556,39.24918179907411,37428600
2022-03-29,39.00674057006836,39.85978924577808,38.71042041768289,39.734077458378835,46355800
2022-03-30,38.61164093017578,39.195306639973516,38.38715464569801,39.00673555771666,36601800
2022-03-31,37.013301849365234,38.51286867334714,36.99534253450814,38.46797209889895,67902500
2022-04-01,36.725955963134766,37.480229984211505,36.23208341778373,37.43532998889689,61929200
2022-04-04,36.66309356689453,36.94145430621703,36.061468675523365,36.348810782468725,53761700
2022-04-05,36.043514251708984,36.600239231211496,35.95372111563678,36.31289708531416,51781700
2022-04-06,35.64842224121094,35.92678303844323,35.33413939140216,35.68434086839859,54159800
2022-04-07,35.37005615234375,35.8998438865474,34.88516498706136,35.81902869233367,54585000
2022-04-08,35.62147903442383,36.0075956858636,35.307199632269864,35.45985207430792,41018900
2022-04-11,35.54964828491211,36.27698508258346,35.370058571554985,35.45087377129625,34198700
2022-04-12,35.17251205444336,35.989645479803215,34.885169862721064,35.531691506790786,42855300
2022-04-13,34.85823440551758,35.0288427702423,34.44518041172764,34.5708921989342,45484200
2022-04-14,33.73579025268555,34.99291450645543,33.601097145000196,34.56190135740553,79032000
2022-04-18,34.885162353515625,35.29821966241926,33.42151444992181,33.60110071204956,80080300
2022-04-19,35.53169631958008,35.8100606041234,35.11864229120451,35.20843545375934,53714200
2022-04-20,35.61250305175781,36.25004326002329,35.5676064811765,36.052497664387744,47064300
2022-04-21,34.939048767089844,36.10637688117255,34.67864382826062,35.91780920494003,46245900
2022-04-22,33.7268180847168,34.885164622489995,33.67294014734115,34.849249422961506,50409800
2022-04-25,33.484371185302734,33.58314568723866,32.26316538934664,33.12519180106089,64301100
2022-04-26,32.7301025390625,33.70886292356347,32.703161854362584,33.116219241000714,44809900
2022-04-27,32.55051040649414,33.14315404515545,32.47867315313457,32.56846971983403,39824900
2022-04-28,33.05335998535156,33.179071749848724,32.469694306884826,32.98152273398823,39567800
2022-04-29,32.03867721557617,33.34069812389487,31.912965466221916,32.99947807179885,47385200
2022-05-02,32.45173645019531,32.57744822033332,31.78725897221188,32.35296193783292,46652200
2022-05-03,33.340702056884766,33.78967460061996,32.62234667198618,32.63132461568987,48926000
2022-05-04,34.67864990234375,34.79538376181512,33.475402946209904,33.55621816809165,57860300
2022-05-05,33.708866119384766,34.310487803625826,33.107241009754354,34.16681669803174,48860600
2022-05-06,33.628047943115234,33.78069698074068,32.87377384891005,33.55621068395805,50440100
2022-05-09,32.658267974853516,33.277852393235044,32.37990713797074,33.10724060248567,51242000
2022-05-10,32.11052322387695,33.34071078192299,31.589716718054692,32.9994906002804,60235300
2022-05-11,31.939905166625977,33.15212961443196,31.886027230465597,32.23622867742526,54969300
2022-05-12,31.49093246459961,31.814193228969355,30.763595744767677,31.437054528741815,61231500
2022-05-13,31.580730438232422,32.08358097379371,31.21257305026101,31.903991252136887,49117900
2022-05-16,31.25746726989746,31.580724598639367,30.898287892999697,31.428075589960276,39076500
2022-05-17,32.31705093383789,32.52357792951897,31.814200362577903,31.984808726299853,42635600
2022-05-18,31.320323944091797,32.047657234005904,31.068897003709644,31.984801355257485,47396900
2022-05-19,30.93421173095703,31.28440979850852,30.75462201223117,30.790540641054136,47002700
2022-05-20,30.4044189453125,31.410116409266955,29.596267056624193,31.248486031529296,62406500
2022-05-23,32.20928955078125,32.559487589249784,31.12277680953562,31.212569948746992,69081900
2022-05-24,32.01174545288086,32.29010625265569,31.392161117095377,31.850115054448896,46146700
2022-05-25,32.18235397338867,32.56847065784502,31.688484831178354,31.877052488595023,49343400
2022-05-26,32.92764663696289,33.08029909195282,32.63132652198895,32.77499760736183,60201200
2022-05-27,33.2419319152832,33.26886917532095,32.84683725804338,33.1251980794711,43365600
2022-05-31,33.40355682373047,33.69987691150034,32.873769102795436,33.06233674277522,71609200
2022-06-01,32.92764663696289,33.646005489216165,32.47867406699903,33.63702411959912,35237900
2022-06-02,33.1443977355957,33.15342739060104,32.57543300694786,32.882492953903395,35341900
2022-06-03,32.683807373046875,33.12633627824719,32.62962255065553,32.94571216499975,25235200
2022-06-06,32.647682189941406,33.60498404206743,32.60252358210158,33.14439587011673,40394000
2022-06-07,32.82830047607422,32.88248873450776,32.27740201836346,32.421900595735075,29152200
2022-06-08,32.412864685058594,32.611551503628306,32.07871239983297,32.43995708936627,33590600
2022-06-09,31.166566848754883,32.36771413918137,31.15753719440554,32.27740381521581,49419000
2022-06-10,29.956392288208008,30.74210663873908,29.820926791477973,30.416983934397713,49318200
2022-06-13,28.91780662536621,29.595144372366963,28.664933246364704,29.25195894925356,61216600
2022-06-14,28.412063598632812,29.44161655806313,28.204347075687956,28.827498367081716,49349800
2022-06-15,28.944900512695312,29.342274216128043,28.375937534050845,28.881682595352487,51540100
2022-06-16,28.764278411865234,28.899745624970468,27.8701927382998,28.448187099580306,61363400
2022-06-17,28.827495574951172,29.4235543976125,28.574622187233,28.926837276595535,80470300
2022-06-21,29.66739273071289,30.064766424412003,29.45967622951473,29.70351823834336,53537200
2022-06-22,29.441614151000977,29.74867408266694,29.188742482023635,29.25196039926797,38305600
2022-06-23,28.971996307373047,29.270023139219813,28.23143888735463,29.24293073044777,44091500
2022-06-24,29.179710388183594,29.59514336538048,28.204342412033185,28.222405164752765,79504700
2022-06-27,29.215835571289062,29.441614836739884,28.818465304338165,29.27905349000584,47900300
2022-06-28,29.13455581665039,30.254422524452316,29.0713378959401,29.649335727620052,49863800
2022-06-29,28.773311614990234,29.29711774622132,28.59268750434841,29.107463980350673,35149700
2022-06-30,28.114036560058594,28.493345837876916,27.671509356363767,28.150162073450478,46312300
2022-07-01,28.502370834350586,28.60171425137531,27.66247178420059,27.978563065367425,40236100
2022-07-05,28.213376998901367,28.213376998901367,27.49991541087952,27.81600500664667,47411800
2022-07-06,27.978559494018555,28.222401456012587,27.67149962837244,28.00565361953745,35933700
2022-07-07,28.773311614990234,28.908777114132832,28.421094771494598,28.44818890485863,40137900
2022-07-08,28.7100887298584,29.125521700934943,28.502370521761243,28.90877211661105,31153800
2022-07-11,28.412063598632812,28.71009390010916,28.258535342806855,28.493344276751962,29311900
2022-07-12,28.32175064086914,28.926837397928846,27.97856520448649,28.014690712551626,39527000
2022-07-13,27.852128982543945,28.132094775904115,27.454757012170184,28.059845483341523,44153700
2022-07-14,27.210912704467773,27.292193367052285,26.79547973797704,27.17478892251847,51707800
2022-07-15,29.125524520874023,29.468709960481732,27.644413127465526,27.680536913311098,77801700
2022-07-18,29.13455581665039,30.14604943825158,28.990057220009977,29.87511500019059,56382900
2022-07-19,30.11894989013672,30.362791888030912,29.51386316749095,29.712550005430934,46874900
2022-07-20,30.127981185913086,30.20926184701283,29.757703384262616,29.965419863713596,35514900
2022-07-21,30.3898868560791,30.407946163441157,29.75770429975622,29.88414012199724,31244000
2022-07-22,30.19119644165039,30.651784517323758,29.884136576162362,30.344724651835726,27115400
2022-07-25,30.46213722229004,30.68791648137471,30.200232454923476,30.507292385083353,30381000
2022-07-26,29.8480167388916,30.50729174824228,29.766736069513133,30.173139416405476,30645700
2022-07-27,30.33570671081543,30.4982680814872,29.757712257368542,30.01961707068625,30344800
2022-07-28,30.091856002807617,30.480196560521456,29.71254854371096,30.254417326739816,40176500
2022-07-29,30.534385681152344,30.651788405557156,30.118949260945676,30.227325776713226,48152500
2022-08-01,30.44407844543457,30.60663980882238,30.001552969082177,30.362797763740666,32336700
2022-08-02,29.838987350463867,30.453107203436268,29.802861842614185,30.344730679887224,37884100
2022-08-03,30.3808536529541,30.48019706869313,29.956387583930173,30.18216682147605,30065800
2022-08-04,30.164113998413086,30.407952595675834,29.95639402351467,30.272487091098586,28404500
2022-08-05,30.669845581054688,31.004001276230355,30.01960383028102,30.05572588385049,35874500
2022-08-08,30.245391845703125,30.967884804451387,30.209266336486166,30.859508276800515,33454300
2022-08-09,30.633726119995117,30.669851625801762,30.173137978872845,30.389887568594876,40196900
2022-08-10,31.67231559753418,31.99743829629606,31.112383974732186,31.15753913953395,61415800
2022-08-11,32.43093490600586,32.56640384898139,32.19612597598238,32.30449906329181,50420800
2022-08-12,32.78314971923828,32.79218281941589,32.23224774242597,32.656713877698074,31821700
2022-08-15,32.73799133300781,32.783146494098716,32.214181818023064,32.36771349987368,24908000
2022-08-16,33.0901985168457,33.36113286385992,32.60251462514983,32.68379527376581,31870200
2022-08-17,32.88248825073242,33.04504957852357,32.58446144652717,32.692834516682005,27125600
2022-08-18,32.76508712768555,32.87346365964854,32.51221544334186,32.737994717253954,23138300
2022-08-19,32.042598724365234,32.53931250901054,31.889070449797273,32.47609457888035,36485400
2022-08-22,31.35622215270996,31.446532471236196,31.112380158547737,31.383314559244265,31210300
2022-08-23,31.076257705688477,31.582004496420875,31.031102541989796,31.31106662399249,26588000
2022-08-24,31.17559814453125,31.42846979309913,30.751132067191314,30.931756149790296,31389400
2022-08-25,31.73553466796875,31.861970512045378,31.112385102826057,31.247850602143146,40576700
2022-08-26,30.733074188232422,32.04259468834842,30.724044532973522,32.006469177076085,36152600
2022-08-29,30.615663528442383,30.841442747840578,30.35375880711228,30.579538026510477,34931000
2022-08-30,30.787256240844727,30.958847217075746,30.29054261902426,30.868536902242088,48194900
2022-08-31,30.353763580322266,31.04013099937419,30.34473048086007,30.832414498277974,44917600
2022-09-01,30.426483154296875,30.444664916144202,29.690137404654305,30.30830343619749,32848900
2022-09-02,30.390127182006836,31.344647375365607,30.244676518902807,30.844660937684093,44000800
2022-09-06,30.053773880004883,30.66284746237223,29.6446927967192,30.581031245715096,40762400
2022-09-07,30.51740074157715,30.608306119475323,29.662878398753502,29.826510853224523,40742600
2022-09-08,31.49919319152832,31.571916795026564,30.24467895387059,30.41740054651934,44361800
2022-09-09,31.7628173828125,32.04462955783465,31.671912019420752,31.79918091529613,37295100
2022-09-12,32.06280517578125,32.39006996974367,31.844627490534084,31.999170740045965,30534000
2022-09-13,30.908292770385742,31.56282243287184,30.735571206259493,31.435553546903336,40959600
2022-09-14,30.79010772705078,31.290094036260495,30.49011732865154,31.090101593266485,32004400
2022-09-15,31.371915817260742,31.726455031699388,30.63557341052889,30.717389618812106,44863300
2022-09-16,31.017375946044922,31.117373905962218,30.599205811678605,31.081010380934725,54281800
2022-09-19,31.535552978515625,31.699185419701408,30.571943566885572,30.653759787478464,29782000
2022-09-20,31.062837600708008,31.617369380370324,30.79921063756852,31.362831567207667,33591100
2022-09-21,30.13559341430664,31.271927955301344,30.108319027206655,31.190111729637014,51667800
2022-09-22,29.54469108581543,30.381031445846357,29.444693114981952,30.28103694282987,47527500
2022-09-23,28.844711303710938,29.171976157935976,28.371995788476692,29.02652549692677,55316100
2022-09-26,28.208364486694336,28.92652689319479,27.890190522385364,28.47199315387015,40360200
2022-09-27,27.790191650390625,28.517446650246807,27.54474302291759,28.426539558526216,43396600
2022-09-28,28.244726181030273,28.462902167040074,27.626560020381532,27.75383064598537,38372900
2022-09-29,27.872007369995117,28.09018334594729,27.462926331391962,27.899280017204834,35220900
2022-09-30,27.453840255737305,28.353816907487865,27.426567605475025,27.9629175899388,42294100
2022-10-03,28.262907028198242,28.43563032839197,27.453837556299472,27.80837330530526,34591700
2022-10-04,29.43560791015625,29.562876810879374,28.781078171788806,28.835621738683184,39758700
2022-10-05,29.01743507385254,29.11743132118858,28.590173967103734,28.671990181956925,35791100
2022-10-06,28.599262237548828,28.981070650494697,28.50835687620203,28.726532864469867,40891900
2022-10-07,27.953824996948242,28.39926785387123,27.75383077564872,28.335633407726316,52304600
2022-10-10,27.872007369995117,28.22654311417883,27.590196951128792,28.09018334594729,37669100
2022-10-11,27.062938690185547,27.69928487160168,26.881124504690323,27.608379512762642,58124000
2022-10-12,27.14475440979004,27.55383371889979,26.79930781037269,26.944758462577294,36137900
2022-10-13,28.808345794677734,28.88107111581476,26.64476445651147,26.735671541409857,67671000
2022-10-14,28.817440032958984,29.66287307333824,28.699260288654017,28.917436277476305,58108500
2022-10-17,30.56284523010254,30.7901120816871,29.881044675348868,30.326489230294058,88896800
2022-10-18,31.70827293395996,32.14462488428482,31.162830395191104,31.79917828984625,81937900
2022-10-19,30.835567474365234,31.662822216099954,30.69920943209457,31.435555344498265,43139900
2022-10-20,30.635570526123047,31.481003442844543,30.53557256232336,30.890108275564614,39549100
2022-10-21,31.77191162109375,31.85372783944816,30.50830827925594,30.50830827925594,54870300
2022-10-24,31.88099479675293,32.0537163616862,31.55372996398078,31.917358326575854,33765600
2022-10-25,32.17190170288086,32.34462676571365,31.39010301461242,31.581009845523273,37132300
2022-10-26,32.453704833984375,32.80824054285259,32.135529183290224,32.199163619865715,41104600
2022-10-27,32.608245849609375,33.06277953821542,32.5173404990149,32.862787073344215,35261900
2022-10-28,32.89005661010742,32.99914371982416,32.399159414657056,32.76278773746844,31659100
2022-10-31,32.762786865234375,33.026417218863244,32.55370179892008,32.72642334035799,32565500
2022-11-01,32.908241271972656,33.41731680737389,32.8264250655236,33.12641551062547,29913200
2022-11-02,32.808250427246094,33.89003964276506,32.68098151575183,32.79006865877295,57380600
2022-11-03,32.626434326171875,32.853701217235006,32.19008231146878,32.45371273737822,30046500
2022-11-04,33.444602966308594,33.63550635931482,32.926434632252715,33.180972489594346,39369400
2022-11-07,33.64458465576172,33.94457857753977,33.3900468805443,33.64458465576172,37533700
2022-11-08,33.735496520996094,34.0173052352902,33.408231656045274,33.71731475429689,32664300
2022-11-09,33.19914245605469,33.59913087077209,33.08096272095889,33.52640728074029,30164400
2022-11-10,34.662742614746094,34.74455882342831,33.76276431924175,33.908214971586006,45702800
2022-11-11,34.91727828979492,35.089999845375026,34.51728988685406,34.71728235441605,35688700
2022-11-14,34.32638931274414,34.780923089738096,34.31730016304397,34.626383270112555,35541400
2022-11-15,34.27184295654297,34.81728202983492,33.90821459580363,34.71728405724075,46082800
2022-11-16,33.9627685546875,34.30821523873696,33.817317866848455,34.19003547117463,23813000
2022-11-17,33.790035247802734,33.81730962925359,33.235507019619334,33.52640832443647,23689700
2022-11-18,33.80821990966797,34.40820433573974,33.56277126248169,34.35366250379883,32041800
2022-11-21,33.91730499267578,34.10820830905413,33.690038149039616,33.71730906057457,27935700
2022-11-22,34.08094024658203,34.36274893684646,34.02639495113547,34.17184560450918,23499300
2022-11-23,34.190025329589844,34.23547800584132,33.97184762863907,34.08093821302291,18934700
2022-11-25,34.27184295654297,34.4263827557761,34.14457407062932,34.29002472136164,16118500
2022-11-28,33.50822448730469,34.23547770437515,33.48095357535732,33.99912170925858,35428300
2022-11-29,33.635498046875,33.771859561219,33.380960252438044,33.61731628044131,27048800
2022-11-30,34.40819549560547,34.40819549560547,32.90823654970335,33.5445843454572,51747900
2022-12-01,33.42067337036133,34.463068665549734,33.28351811410019,34.28933727904892,46213200
2022-12-02,32.99091720581055,33.182936664167954,32.74403355016879,32.972629140049094,42295300
2022-12-05,31.518754959106445,32.81717598447287,31.21700716448142,32.74402722365212,71386600
2022-12-06,30.17461585998535,31.710778400995576,29.6351301641771,31.610195790034293,84085700
2022-12-07,29.936874389648438,30.101459974553183,29.58026240609632,29.799715666121372,49234100
2022-12-08,29.66255760192871,30.165470607312454,29.42481976236747,30.147182544562927,45491100
2022-12-09,29.607696533203125,29.80885824476117,29.333382571557596,29.360812921294766,36985500
2022-12-12,29.927730560302734,29.97344897508724,29.315096128389097,29.543691690403104,41060500
2022-12-13,29.94601821899414,30.787248201549183,29.781429137521823,30.67752330993144,54804800
2022-12-14,29.51625633239746,30.174612633313508,29.40653144494188,29.991735495493355,48819500
2022-12-15,29.0499267578125,29.251090240583405,28.793899080066545,29.031638692820817,49027600
2022-12-16,28.98592185974121,29.196229386510502,28.66588768106631,28.912771339819457,61795200
2022-12-19,29.31509780883789,29.470541125634092,29.013349975398206,29.04078207226886,38374100
2022-12-20,29.433963775634766,29.790575788024483,29.388245360125783,29.625986701718926,35561100
2022-12-21,29.88201141357422,30.05574278073648,29.6351277940754,29.73571039699248,32544000
2022-12-22,29.616840362548828,29.790575221507233,29.141362920541805,29.735711031084875,30234400
2022-12-23,29.689990997314453,29.790573596891154,29.433961610730687,29.625984522691326,21378600
2022-12-27,29.74485206604004,29.87286501687602,29.516256514378274,29.717421716029843,22776100
2022-12-28,29.964309692382812,30.14718685795242,29.74485639608092,29.7814325268132,30541000
2022-12-29,30.30262565612793,30.32091371876299,29.946017154972484,30.074030105326614,22252900
2022-12-30,30.28433609008789,30.44892515754145,30.046598263816705,30.266048028360707,28198900
2023-01-03,30.640945434570312,31.171288775288343,30.36663147713636,30.38491953937745,35221500
2023-01-04,31.21701431274414,31.838794618510025,30.93355800353076,30.997564491939716,41998500
2023-01-05,31.152999877929688,31.217006350012085,30.704954573352914,31.015841158843912,34177000
2023-01-06,31.463895797729492,31.619342607449244,30.66838414825714,31.171293731530653,34068700
2023-01-09,30.988414764404297,31.783926367572654,30.823825675736146,31.77478407957623,43818800
2023-01-10,31.19871711730957,31.3358758312475,30.75981411603559,30.851254421357872,35096000
2023-01-11,31.43645668029785,31.49131737235889,31.088990515517818,31.198715387730694,36783700
2023-01-12,31.518754959106445,31.88450573939262,31.418172360898105,31.637622131451565,44230400
2023-01-13,32.213687896728516,32.35998892468847,30.256910339729767,31.271875247242043,89667800
2023-01-17,31.564476013183594,31.847935769311654,31.226155553869877,31.719919322998283,56458400
2023-01-18,30.832963943481445,31.39987983967848,30.640941061401676,31.390737553908355,54517800
2023-01-19,30.384918212890625,30.677520219791813,30.074028144546734,30.43063662245186,42707100
2023-01-20,30.95183753967285,30.98841366654586,30.25690856954295,30.44892800348907,45004400
2023-01-23,31.3815975189209,31.55532888504991,30.860399932442512,30.91526412136863,33683300
2023-01-24,31.61019515991211,31.811360377824617,31.043279122630548,31.29016275695274,26716700
2023-01-25,31.884498596191406,31.966793113735015,31.317582746496786,31.363301147778696,28859700
2023-01-26,32.31427001953125,32.323412307600606,31.81136046151844,32.049098320329215,30035500
2023-01-27,32.41484832763672,32.71659262716942,32.25025925949484,32.40570255268932,29964900
2023-01-30,32.27769470214844,32.51543605502481,32.16796980210102,32.195400155089956,27353500
2023-01-31,32.442283630371094,32.442283630371094,32.003380544334085,32.15882386126542,38917400
2023-02-01,32.8446044921875,33.155494556449455,32.1039571979833,32.186251729349436,44438700
2023-02-02,33.0366325378418,33.265228106352566,32.40570653637348,33.00919869771825,33729100
2023-02-03,33.31094741821289,33.61269176295381,32.82632591612723,32.93605081529741,37411700
2023-02-06,33.256080627441406,33.320087104299716,32.89947211691899,33.14635573684021,29463200
2023-02-07,33.62183380126953,33.832141288002376,33.03662975330139,33.073202390230946,44100200
2023-02-08,33.37494659423828,33.685836647242496,33.22864559800635,33.29265206585214,28032800
2023-02-09,32.66173553466797,33.237793848651975,32.515434512182765,33.16464508145513,35257100
2023-02-10,32.53371810913086,32.54286039574091,32.03080514330205,32.50628427311863,32898900
2023-02-13,32.59772491455078,32.716592082157774,32.35998360315465,32.442278135854686,29163900
2023-02-14,32.57029342651367,32.90861735650137,32.42399241206459,32.57943920196811,33625200
2023-02-15,32.515438079833984,32.56115650035976,32.14968373944401,32.29598477798162,23500100
2023-02-16,32.2594108581543,32.60687715653921,32.20455014499866,32.387423839640284,22681100
2023-02-17,32.32341384887695,32.359989979081625,31.76564355966868,32.07653369022484,28562700
2023-02-21,31.564476013183594,32.049097494478225,31.33588044833269,31.92108453625636,37068900
2023-02-22,31.354164123535156,31.59190194294432,31.152998938433623,31.41817059368728,38550400
2023-02-23,31.32673454284668,31.637624649281793,30.960983733452807,31.4547509886306,28488000
2023-02-24,31.28101348876953,31.354165737331964,30.942693059396273,30.96098112153688,27046600
2023-02-27,31.28101348876953,31.71991651587054,31.244437364488316,31.500466746365635,30137500
2023-02-28,31.363311767578125,31.53704663460362,31.253586869729972,31.409030184340555,32620600
2023-03-01,31.21701431274414,31.53705024288094,31.07071326951052,31.226160089997997,29281600
2023-03-02,30.82127571105957,31.014540547046824,30.370320916374755,30.977727194273665,44607200
2023-03-03,31.437883377075195,31.557525017489652,30.96852541962545,30.96852541962545,39109100
2023-03-06,31.37346649169922,31.806014672479083,31.281436607187146,31.511514829182385,36646700
2023-03-07,30.37032127380371,31.198604167375102,30.186258018486225,31.152585720509787,52855300
2023-03-08,29.965383529663086,30.34271160572654,29.854943475170543,30.057413397692446,40045600
2023-03-09,28.106351852416992,29.808929012905732,27.894678588670818,29.707694050042658,112457900
2023-03-10,27.857868194580078,28.566509454499354,26.61544559395634,27.90388313130946,165330900
2023-03-13,26.238117218017578,27.35169482437359,25.649117608398356,26.615445312349557,218403300
2023-03-14,26.46819496154785,27.6922108516501,26.20130342086223,27.600179225366876,154255800
2023-03-15,26.219707489013672,26.28412909439648,25.47425472545147,25.658316204351333,131104400
2023-03-16,26.66145896911621,27.12161533088778,25.869991220512013,26.11847432179718,108348800
2023-03-17,25.603103637695312,26.37616658515425,25.41904211780734,26.37616658515425,130665500
2023-03-20,25.538679122924805,26.164492081388776,25.446647495734698,25.989632165263306,81441200
2023-03-21,26.31174087524414,26.670662275284926,26.238115927662513,26.34855247135635,84854800
2023-03-22,25.43744468688965,26.449789096335365,25.43744468688965,26.422179080996525,76925900
2023-03-23,24.820833206176758,25.851584215785607,24.655178392547064,25.768755931292166,105335900
2023-03-24,24.977285385131836,25.11533369037652,24.222629274079846,24.480317454465183,96872700
2023-03-27,26.219707489013672,26.366957374276403,25.685926216097005,25.70433289059412,102469800
2023-03-28,25.879196166992188,26.366960817359963,25.750351184044483,26.118475945272234,63416500
2023-03-29,26.385364532470703,26.47739615128631,25.98962980031359,26.21970796967404,62666400
2023-03-30,26.044849395751953,26.74428727686832,25.869991241990775,26.615444057179616,67427100
2023-03-31,26.32094383239746,26.394568778914156,26.008037370862215,26.339350507865934,56482100
2023-04-03,26.31174087524414,26.670662275284926,26.072459356764547,26.357755809223704,51996800
2023-04-04,25.75035285949707,26.3669625329324,25.455853031353172,26.274930897798072,56233300
2023-04-05,25.43744468688965,25.68592955886727,25.271788105571236,25.45585136378221,47799400
2023-04-06,25.62150764465332,25.777960885690824,25.419039467281323,25.51106933995031,41216600
2023-04-10,25.71354103088379,25.860790943651377,25.44664946689414,25.465056144829447,40572700
2023-04-11,26.42218017578125,26.45899353109171,25.731945561926683,25.787165594892375,58761200
2023-04-12,26.210506439208984,26.698272823808317,26.109273231354216,26.394569689529515,44313300
2023-04-13,26.284133911132812,26.357758867256422,25.989634086638368,26.284133911132812,52261400
2023-04-14,27.167631149291992,27.48974094327678,26.919146300615974,26.965161233175017,81110800
2023-04-17,27.94989585876465,27.986707451855047,27.057191467841385,27.397707919552158,83704400
2023-04-18,28.124757766723633,28.465274264065883,27.42531985070608,28.345632620935916,114498800
2023-04-19,27.664600372314453,27.793445349088913,27.416117267489415,27.729021983023063,65594200
2023-04-20,27.517351150512695,27.821054290851006,27.39771126416736,27.462132876457716,43193800
2023-04-21,27.489742279052734,27.590975486673166,27.066397506438378,27.37930397804461,44759000
2023-04-24,27.388505935668945,27.5173491508869,27.232052707751215,27.416115948368716,28020300
2023-04-25,26.54182243347168,27.176838784271336,26.523415755394605,27.103213827320467,49718800
2023-04-26,26.173696517944336,26.63385291784666,26.04485153232868,26.468196333024647,45848400
2023-04-27,26.58783721923828,26.762697149242374,26.247322453572725,26.247322453572725,33060100
2023-04-28,26.94675636291504,27.084802916203166,26.238115165916902,26.25652184111723,45592500
2023-05-01,26.72588348388672,27.186039865452063,26.68907013078999,27.149226512355334,34076800
2023-05-02,25.9160099029541,26.56022960475504,25.501868415316718,26.5510262655456,70797700
2023-05-03,25.63991355895996,26.228913152243386,25.593896868636413,25.916006679472254,51139500
2023-05-04,24.839242935180664,25.593899170795332,24.69199302361475,25.382227642339004,82173800
2023-05-05,25.501867294311523,25.667523882084584,25.280992429066576,25.419040755782387,50087100
2023-05-08,25.48345947265625,25.906802477370167,25.45584945938296,25.84238086842302,34245500
2023-05-09,25.455852508544922,25.612305758452834,25.069321053205215,25.234977641973288,32188800
2023-05-10,25.1429443359375,25.76875729393304,24.86685120993113,25.73194394094164,44446400
2023-05-11,25.207365036010742,25.299396659801154,24.738005334501146,24.857646972035845,34897300
2023-05-12,24.931272506713867,25.354615528612342,24.738005916670065,25.32700726957556,38142000
2023-05-15,25.446651458740234,25.603104722721913,24.876058440941794,24.940480063400564,38722800
2023-05-16,25.179759979248047,25.67672800233455,25.152149961993125,25.566291444029748,33347500
2023-05-17,26.2933349609375,26.38536658691898,25.520272111264692,25.529475449398568,61750400
2023-05-18,26.20130157470703,26.228911587253766,25.768755243617733,26.173693317517444,51146100
2023-05-19,25.8699893951416,26.38536399246123,25.79636445266737,26.19209742136819,50062500
2023-05-22,26.081666946411133,26.18290192409794,25.777963768708204,26.044853588940477,36473700
2023-05-23,26.302539825439453,26.762696226693016,26.044851608808806,26.063258286144716,51400400
2023-05-24,25.860788345336914,26.23811642831221,25.76875672026452,26.07245985425335,50606900
2023-05-25,25.92521095275879,25.989632566178443,25.658319405326154,25.759554372332644,40517800
2023-05-26,26.054054260253906,26.136882550723392,25.57549294964472,25.95282104829134,57879100
2023-05-30,26.008037567138672,26.219709070551954,25.722741116653065,26.063255838603613,41819600
2023-05-31,25.57549285888672,25.916007602624177,25.29019463478988,25.860789327626243,61905200
2023-06-01,25.77029800415039,25.955828241071593,25.3621286519408,25.751744449648967,57426100
2023-06-02,26.633020401000977,26.855659544251164,26.085704629385006,26.122809973683662,66578100
2023-06-05,26.475318908691406,26.735061611498956,26.252679778621417,26.735061611498956,34757800
2023-06-06,27.115400314331055,27.300932330588488,26.391829343528837,26.401104351913716,46297900
2023-06-07,27.347312927246094,27.5050146014746,26.91131501349168,27.180334475784814,44502600
2023-06-08,27.115400314331055,27.254548441841912,26.8927629564408,27.161784203077634,41483100
2023-06-09,27.15250587463379,27.273100439758792,26.97625064619171,27.08757020346153,32692000
2023-06-12,27.022634506225586,27.421527105576583,26.81855070232332,27.18033619040239,41011300
2023-06-13,27.273103713989258,27.644166000495424,26.929871762482758,27.02263600708589,42718800
2023-06-14,27.013364791870117,27.579234194750928,26.89276842596623,27.430809259303686,38322800
2023-06-15,27.24527359008789,27.338037829385463,26.614466854423494,26.80927388018573,42044900
2023-06-16,27.078296661376953,27.532848183253886,27.050466326393426,27.393700047065362,53050200
2023-06-20,26.78144645690918,26.93914814754265,26.512425197266694,26.911317812949264,39040900
2023-06-21,26.50314712524414,26.90203972145366,26.475318561373808,26.69795591915866,39553400
2023-06-22,25.93727684020996,26.46604257121926,25.881617941448532,26.438212237156296,50742900
2023-06-23,25.742467880249023,25.87233922407891,25.59404298176791,25.73319110292341,55181100
2023-06-26,26.057872772216797,26.234128013093702,25.779576513454916,25.788851521964446,47519300
2023-06-27,26.197021484375,26.34544639493178,25.92800199750252,26.06715012997894,39081800
2023-06-28,26.039318084716797,26.224850095403877,25.881616406442095,26.20629654046229,37803800
2023-06-29,26.586633682250977,26.902037016406258,26.34544279322845,26.438208791985463,68376400
2023-06-30,26.614469528198242,27.004085388229225,26.595915970729,26.846383688469906,50479000
2023-07-03,27.087574005126953,27.226722144220037,26.577361802632872,26.62374569524029,30995800
2023-07-05,26.976253509521484,27.29165689100533,26.85565893159626,27.03191240938201,37492000
2023-07-06,26.234130859375,26.735064533368252,26.0671523782557,26.716510975607296,52098000
2023-07-07,26.466045379638672,26.735064893336073,26.243407991603505,26.25268300124421,34288000
2023-07-10,26.586633682250977,26.762888902952874,26.41037846154908,26.521698013930347,36086000
2023-07-11,26.920595169067383,26.976254070084494,26.364000850802604,26.586638224235603,40978700
2023-07-12,27.235992431640625,27.727649190551556,27.15250321420968,27.375140537570807,41855500
2023-07-13,27.523571014404297,27.70910303959958,27.282380089396234,27.384422880190094,39589000
2023-07-14,27.00408172607422,27.922461463880307,26.948421061214905,27.829695458479165,58720300
2023-07-17,27.273103713989258,27.421528628591723,27.013360998117214,27.041189563752333,49477200
2023-07-18,28.47905731201172,28.627482221168833,27.755484552847427,27.829697007425985,98253800
2023-07-19,29.249013900756836,29.406715597121128,28.469782197470277,28.655312460074715,70619800
2023-07-20,29.397436141967773,29.499477157831837,28.99854354810851,29.06347922257594,42128800
2023-07-21,29.66645622253418,29.787052565602593,29.146969046836098,29.56441520458913,70872400
2023-07-24,30.287988662719727,30.473517147186612,29.66645691582282,29.68501047201531,64548600
2023-07-25,29.824159622192383,30.417859250468183,29.74994539929345,30.390027147516623,51208800
2023-07-26,30.065345764160156,30.185942094953003,29.824156641303027,29.907645864355217,41814600
2023-07-27,29.638628005981445,30.371477542775807,29.518031661498192,30.083902733232346,45529500
2023-07-28,29.592243194580078,29.833434106671763,29.415987957019915,29.82415909833677,33296500
2023-07-31,29.685012817382812,29.916926980018616,29.480928991234578,29.592246798455562,29093400
2023-08-01,29.332502365112305,29.62935219294723,29.146970338033206,29.53658617940768,32712000
2023-08-02,28.933610916137695,29.017100154764915,28.553271837664635,28.90578058014042,38855100
2023-08-03,29.137693405151367,29.267564761798972,28.646034774555453,28.7016954440026,27933400
2023-08-04,29.0356502532959,29.378883966499526,28.915055676387038,29.091310922051846,30768100
2023-08-07,29.573692321777344,29.59224587885916,29.1376943465422,29.1376943465422,31745200
2023-08-08,29.007822036743164,29.044927380328353,28.274972480267007,29.03565060209092,45951800
2023-08-09,28.627483367919922,29.01709921240558,28.599653032826463,28.961438542218662,30732100
2023-08-10,28.701698303222656,29.054207064681634,28.571825164272752,28.766633988015254,26062600
2023-08-11,29.02637481689453,29.128415836048063,28.525439421658263,28.57182154224037,35720700
2023-08-14,28.692415237426758,28.85939368708758,28.525436787765933,28.80373302429109,32563700
2023-08-15,27.774038314819336,28.33990762166592,27.68127230356702,28.29352550072201,43406100
2023-08-16,27.171062469482422,27.681272888097247,27.09684824342183,27.597783653143615,47220400
2023-08-17,27.16178321838379,27.4029741230288,27.00408154109145,27.310208118263123,37202200
2023-08-18,27.00408172607422,27.226719077418327,26.88348538824342,26.939146053102736,31430400
2023-08-21,27.041187286376953,27.180335410927313,26.71650714951651,27.10612295987616,34959000
2023-08-22,26.38255500793457,27.124679602931696,26.36400145071849,27.022636807607864,37564200
2023-08-23,26.391828536987305,26.44748743241781,26.141360853503464,26.391828536987305,44686600
2023-08-24,26.54953384399414,26.707235543739046,26.317619683743672,26.345448250580368,31934800
2023-08-25,26.43821144104004,26.707232687454322,26.252679424936087,26.56808279069414,34253200
2023-08-28,26.679401397705078,26.902038747429042,26.503146165661967,26.614465725206138,33075200
2023-08-29,27.05974006652832,27.143229292740404,26.6422939354679,26.799995610605798,30428200
2023-08-30,26.93914794921875,27.152508538103724,26.83710515915876,27.106124647456223,33366400
2023-08-31,26.817546844482422,27.098162246357933,26.686593228155076,27.060747692025497,37243000
2023-09-01,27.107515335083008,27.24782303086609,26.901730833541762,26.901730833541762,35228600
2023-09-05,26.798839569091797,27.238472639898326,26.658531863474312,27.070102679513635,46543600
2023-09-06,26.55563735961914,26.714653226974733,26.30308421602665,26.564991444064667,45022600
2023-09-07,26.312440872192383,26.705303563394096,26.246964054343675,26.574349927696684,35023600
2023-09-08,26.52757453918457,26.546280922308444,26.15341833096266,26.303081884716836,36513900
2023-09-11,26.639822006225586,26.901731015135336,26.564991115695538,26.667884259215292,34168300
2023-09-12,27.098159790039062,27.257175645783615,26.5649895043394,26.621112222805404,42284000
2023-09-13,27.013975143432617,27.303946391211948,26.845606986020552,27.238469588200186,37215700
2023-09-14,27.313302993774414,27.537795675134436,27.219763930513764,27.28524073956345,44634800
2023-09-15,26.9765625,27.210409261072048,26.892377523285326,27.079455645786645,61661100
2023-09-18,26.901731491088867,26.939146044961262,26.64917656204074,26.939146044961262,25752300
2023-09-19,26.798839569091797,27.070102679513635,26.667885948396716,26.901732719128944,34888100
2023-09-20,26.705297470092773,27.09816007165571,26.6865910864824,26.948498298118313,26641100
2023-09-21,26.237606048583984,26.742715912143677,26.209545578903477,26.527577318750126,39906000
2023-09-22,25.854095458984375,26.368559366513658,25.816680907661905,26.256312144328103,41284400
2023-09-25,25.816679000854492,25.83538716718849,25.58283227400637,25.723139953293455,32749200
2023-09-26,25.41446304321289,25.723140659765722,25.264801276648427,25.57347889320126,42237400
2023-09-27,25.50800132751465,25.826033017943097,25.32092323287123,25.470584994942392,38296300
2023-09-28,25.779266357421875,25.854097249357864,25.414465982247584,25.414465982247584,36734300
2023-09-29,25.610897064208984,26.18148374498597,25.508005700215033,26.087944681629363,40645900
2023-10-02,24.97483253479004,25.592187785393026,24.86258531463084,25.508002816300888,50388600
2023-10-03,24.235877990722656,24.806464654320163,24.15169301464731,24.77840240092532,62144500
2023-10-04,24.26394271850586,24.329419532328505,23.927202779864423,24.20781820599271,55696400
2023-10-05,24.37618637084961,24.404248625028856,23.908492839184216,24.1142791349469,49044100
2023-10-06,24.38553810119629,24.5351998741509,23.824305560561964,24.104922722933658,58177300
2023-10-09,24.61003303527832,24.656803458717686,24.0581545274584,24.09557086620989,39953700
2023-10-10,25.264802932739258,25.536064233377473,24.853232155654304,24.890648491802526,51960100
2023-10-11,25.274158477783203,25.667021109504002,25.16191124695903,25.414466178231518,38508200
2023-10-12,25.161911010742188,25.33028096334321,24.890649696969913,25.227387818062766,44249800
2023-10-13,25.030960083007812,25.92893088112552,24.806467383478385,25.657669538235147,55089700
2023-10-16,25.2460994720459,25.423823533670138,25.040314937187446,25.405115362107704,56817500
2023-10-17,25.835391998291016,26.069238768867436,24.993542196928484,25.302219862724986,95344200
2023-10-18,25.545419692993164,26.228253591594918,25.45188063169478,25.760560069212207,68371100
2023-10-19,25.218032836914062,25.98505168083631,25.143201947764222,25.48929592515043,58611000
2023-10-20,24.61003303527832,25.199327881849737,24.544556226572436,25.068372480328737,62058400
2023-10-23,23.9178466796875,24.51649382319151,23.871078040642207,24.44166293025351,59857200
2023-10-24,23.824308395385742,24.198464656401708,23.75883158494073,24.076863336338736,55975700
2023-10-25,23.899139404296875,23.992678469995212,23.5530471805551,23.74012352784249,45522400
2023-10-26,24.432313919067383,24.65680662810496,23.796250351406183,23.843018996747965,60921000
2023-10-27,23.54369354248047,24.38554158152688,23.347261322374358,24.38554158152688,64709300
2023-10-30,24.030092239379883,24.114277211092055,23.646583716739595,23.68399826855106,41891900
2023-10-31,24.638093948364258,24.67550850097016,24.058153218045152,24.076861386402673,50106700
2023-11-01,24.694217681884766,24.90000397403721,24.460370920154592,24.731634020134013,44046300
2023-11-02,25.835391998291016,25.87280655384642,24.871942661236822,24.984188112012312,63278300
2023-11-03,26.58370018005371,27.060747792297118,26.31243707767425,26.34049933160947,62613600
2023-11-06,26.4995174407959,26.911088279398783,26.20954792874152,26.714656053477874,45548000
2023-11-07,26.340499877929688,26.434038942211263,26.14406944863671,26.23760672880903,33081900
2023-11-08,26.087942123413086,26.37791336979455,25.882157631495428,26.340497034477302,31896000
2023-11-09,25.751211166381836,26.26567343088027,25.629609826992315,26.256319344457264,32267900
2023-11-10,25.891511917114258,25.975696888125107,25.5734802008753,25.966342804222894,32858500
2023-11-13,25.910221099853516,26.05052879566459,25.648312092659467,25.760559319773815,28521800
2023-11-14,27.332012176513672,27.509736236487672,26.630471806421447,26.658534063504526,66676300
2023-11-15,27.706165313720703,27.809056676426447,27.31330267982901,27.31330267982901,46968900
2023-11-16,27.63133430480957,27.780996090034453,27.332008950250593,27.528441158426507,36952800
2023-11-17,28.042903900146484,28.06161206971251,27.640687175023125,27.79034896333285,38493300
2023-11-20,28.070964813232422,28.29545748497049,27.82776397282222,28.042902560224224,46783400
2023-11-21,27.743579864501953,28.052257520797262,27.640686717700444,28.052257520797262,41611900
2023-11-22,27.715517044067383,27.865180610950766,27.612625683478356,27.81841018876559,41422700
2023-11-24,27.809057235717773,27.958719024580848,27.57521046760556,27.57521046760556,15815600
2023-11-27,27.650041580200195,27.77164289967918,27.603272939852445,27.687457919765812,42039500
2023-11-28,27.62198257446289,27.734228030893718,27.4255503495449,27.62198257446289,29705800
2023-11-29,28.351579666137695,28.632196838540043,27.883886162909583,27.949362967904058,57954900
2023-11-30,28.74757957458496,28.804150234950956,28.32329692431668,28.483580162295528,52547700
2023-12-01,29.190717697143555,29.275574581012474,28.615578793347122,28.662720707341524,46133300
2023-12-04,29.058719635009766,29.22843340704454,28.775864547184334,28.785293289891687,37811300
2023-12-05,28.83243751525879,29.03043753128024,28.596724323734975,28.926723151538102,45723100
2023-12-06,28.785295486450195,29.718719505520717,28.700438593957518,29.021008677074537,49803100
2023-12-07,28.90786361694336,29.16243427736048,28.794722300101622,28.841864215727544,32699600
2023-12-08,29.190717697143555,29.360431464881398,28.860720702485253,28.917291358948283,34794300
2023-12-11,29.087005615234375,29.303861300608947,28.955005016805213,29.15300501527457,32254000
2023-12-12,28.983295440673828,29.096438570229026,28.709869058301404,29.011581672649886,34566700
2023-12-13,30.209003448486328,30.293860341189294,28.87957939558948,28.99272251864308,60311100
2023-12-14,32.00041961669922,32.12299147582218,30.70871241373422,30.75585432979762,107190000
2023-12-15,31.67985725402832,32.0758573579704,31.387575145357655,31.8872860511741,83771800
2023-12-18,31.519561767578125,31.858989268946864,31.50070428453574,31.78355933677731,40694700
2023-12-19,31.594999313354492,31.745855634522194,30.925574612966457,31.14243034985138,44534800
2023-12-20,31.095279693603516,31.783561690483793,31.066995265293915,31.472422188986016,44711400
2023-12-21,31.302709579467773,31.538422748595245,31.0104239549386,31.340424549735577,32325700
2023-12-22,31.519561767578125,31.74584437069253,31.30270610763635,31.31213305080898,37265900
2023-12-26,31.92499542236328,32.01927926084565,31.46299598172475,31.538425929868954,24845400
2023-12-27,31.906137466430664,32.0098518452558,31.736423682298227,31.868422492912824,24498600
2023-12-28,31.94384765625,32.02870453560862,31.840133292956434,31.887275204445157,21799600
2023-12-29,31.745849609375,32.047565791145125,31.632708289147278,32.00042027741066,28060700
2024-01-02,31.962705612182617,32.12298883295065,31.368707447900654,31.481848756483814,36668600
2024-01-03,31.61384391784668,31.840130105717208,31.340419419903338,31.726988810130415,45988700
2024-01-04,31.86841583251953,32.3492726526299,31.62327574928272,31.651560175160828,39834600
2024-01-05,32.462425231933594,32.70756540034454,31.783570001413526,31.868426905228535,49242400
2024-01-08,32.20784378051758,32.339842565391876,31.71756001048651,32.339842565391876,40253900
2024-01-09,31.708141326904297,31.906139555792034,31.59499639894153,31.88728206779824,39268800
2024-01-10,31.67985725402832,31.708145287901804,31.340433217833212,31.585573398979435,34904000
2024-01-11,31.255571365356445,31.585568402524537,30.90671324412395,31.453569587657302,48790600
2024-01-12,30.925569534301758,31.293281531967917,30.133573079060106,30.407001240241847,74344300
2024-01-16,30.284427642822266,30.6521396194509,30.0015725528539,30.557855788360648,58420800
2024-01-17,29.98271369934082,30.161856207266805,29.483002943305998,29.907285558900732,48811300
2024-01-18,29.916717529296875,29.95443250276077,29.605576191615413,29.93557501602882,35484400
2024-01-19,30.37871742248535,30.388144367645154,29.765861682859505,29.98271738851382,49493600
2024-01-22,30.68985939025879,31.104716944011155,30.47300366747831,30.510718644491828,43903400
2024-01-23,30.89728546142578,30.944427380215327,30.53900040456911,30.680429757635597,30003400
2024-01-24,31.095279693603516,31.434707220108287,31.029280296416186,31.142421606351977,36403900
2024-01-25,31.48185920715332,31.538431678573286,30.953863860694476,31.312145389591965,46204000
2024-01-26,31.519561767578125,31.74584437069253,31.415847409193553,31.49127734136311,30839800
2024-01-29,31.689281463623047,31.72699643678369,31.340426953631606,31.491283249576373,30269300
2024-01-30,32.801849365234375,32.89613320537677,31.906138497089795,31.962710959194006,60315700
2024-01-31,32.0664176940918,33.09412724729625,32.05699074994754,32.594416483607915,54716000
2024-02-01,31.632709503173828,32.292707157111295,31.048141796748236,31.990994560459516,57084800
2024-02-02,31.557281494140625,31.78356413139021,31.27442280253214,31.46299406470524,40416000
2024-02-05,31.10471534729004,31.38757046697508,30.98214347663726,31.21785667582446,43573000
2024-02-06,31.15185546875,31.4535680585497,31.00099917385015,31.03871055005178,27188000
2024-02-07,31.283857345581055,31.359283702080052,30.76528900579425,31.170716012483492,29660100
2024-02-08,31.227283477783203,31.378139780702043,30.925570871945528,31.161284070049835,36852200
2024-02-09,31.180137634277344,31.349851403294135,30.96328195091089,31.208422063547637,36176000
2024-02-12,31.69870948791504,32.02871011926059,31.095284283589148,31.114141770811575,34160400
2024-02-13,30.878427505493164,31.4064263393296,30.501284967510312,31.227282015273733,43801500
2024-02-14,31.236713409423828,31.283855328783837,30.991569674035134,31.095284054645898,27833900
2024-02-15,32.12299346923828,32.28328030983775,31.41585389431223,31.41585389431223,41683100
2024-02-16,32.141849517822266,32.198421976095965,30.633286597500852,31.981562684395655,33290700
2024-02-20,32.01927947998047,32.141851348204725,31.840138746958807,31.849565692192403,30372900
2024-02-21,31.77413558959961,31.81185055947794,31.274421230455467,31.453565539028787,37847100
2024-02-22,31.689281463623047,32.122992864877034,31.46299522135699,31.46299522135699,42756900
2024-02-23,31.9815616607666,32.104133518087615,31.576138311223435,31.802420943680197,30586000
2024-02-26,31.689281463623047,32.26442221588054,31.61385151730176,31.858995246148137,31129200
2024-02-27,32.320987701416016,32.462417037640314,31.783561978479558,31.802419463089294,40536300
2024-02-28,32.34928894042969,32.622713587213354,32.16071761400382,32.264432023373,39548600
2024-02-29,32.77655029296875,32.89998559107751,32.425238345157396,32.59614764345136,43863400
2024-03-01,32.615135192871094,32.89998644544762,32.311297237354665,32.78604449560335,38432300
2024-03-04,33.37473678588867,33.631097141628075,32.5201901933091,32.55817084676474,49136400
2024-03-05,33.60260772705078,33.91594263152616,33.108870182505065,33.16584115296436,47591600
2024-03-06,33.63109588623047,33.982411484529365,33.298774235984844,33.849482824431114,49149700
2024-03-07,33.83048629760742,34.08685021882256,33.46967741344904,33.80199900278329,35900700
2024-03-08,33.802001953125,34.30523648922686,33.70705395418034,34.05836589671637,42769900
2024-03-11,34.077362060546875,34.11534271544686,33.48867639773566,33.60261474040098,34131500
2024-03-12,34.14381790161133,34.324224156489066,33.97290861911332,34.0868505554678,29260400
2024-03-13,34.25776290893555,34.60907485577026,34.143820962366966,34.143820962366966,38289600
2024-03-14,33.887454986572266,34.390689498699764,33.688062025067275,34.10583827136828,40178100
2024-03-15,33.621604919433594,34.191300252279994,33.46019256987313,33.498169602570854,69646400
2024-03-18,34.1912956237793,34.267256922960996,33.602610043257535,33.85897399494462,50617900
2024-03-19,34.210289001464844,34.55210763421782,34.039379685088356,34.07736033806856,46113800
2024-03-20,34.8939208984375,35.01735619061506,33.92543612865313,34.02988109726231,40519000
2024-03-21,35.615535736083984,35.70099038268968,35.01735683187802,35.064830830651424,43219500
2024-03-22,35.178768157958984,35.710486346482924,35.1312941605272,35.52058673472196,29001100
2024-03-25,34.99836349487305,35.397149396677975,34.97937317259182,35.22624011818054,30480200
2024-03-26,35.21674728393555,35.359172892114294,34.9413930398746,35.13129264343503,33673400
2024-03-27,35.900386810302734,35.93836383592921,35.35917525826087,35.36866860915901,36350200
2024-03-28,36.00482940673828,36.08079070469292,35.5300821606239,35.81493340591977,42262500
2024-04-01,35.625030517578125,36.41310899043284,35.549069226586305,36.023816429184045,33908000
2024-04-02,35.416141510009766,35.68200241335835,35.283212869352376,35.31169654319787,34806800
2024-04-03,35.549072265625,36.09978080629383,35.38765994151905,35.5110952389162,33338500
2024-04-04,35.05533218383789,36.04280724812357,35.0078581873313,35.79594029306904,42888200
2024-04-05,35.235740661621094,35.45412395693881,34.87493174577558,34.950893042599475,30823500
2024-04-08,35.60604476928711,35.68200607003799,35.254732808399716,35.32119713553965,29470300
2024-04-09,35.824432373046875,35.86241302797811,35.32120137232916,35.6155423929597,30967300
2024-04-10,34.798973083496094,35.34967798170603,34.704021465160665,35.30220398355526,37610700
2024-04-11,34.51412582397461,34.89392509697307,34.229278180242915,34.89392509697307,38604000
2024-04-12,33.9824104309082,34.26725806829197,33.73553982235051,34.00140075633835,47126100
2024-04-15,34.13432312011719,34.903411237079006,33.95391687280333,34.495131992711336,44392000
2024-04-16,32.92847442626953,34.34321941244558,32.42524342579498,34.27675507736534,95566100
2024-04-17,33.45069122314453,33.94442880402905,32.99493429202824,33.127862944182894,65951400
2024-04-18,33.96342086791992,34.17231083030667,33.40321893227443,33.74503755362209,44506200
2024-04-19,35.102813720703125,35.24523572612065,34.238773848513794,34.27675087673797,56273700
2024-04-22,35.824432373046875,35.995341698202814,35.0078664021984,35.13130171970761,43867100
2024-04-23,36.432098388671875,36.479572383320196,35.91937417562295,36.02381551503581,39180300
2024-04-24,36.38462448120117,36.54604040983256,36.08078656828358,36.09977689059513,28670600
2024-04-25,35.99534225463867,36.33716091023457,35.49211124614174,36.01433258239785,41116000
2024-04-26,35.919376373291016,36.37513326946014,35.87189875370424,36.01432436839689,28668700
2024-04-29,35.65352249145508,36.1377667791843,35.55857447764344,35.92887680235722,26438800
2024-04-30,35.14079284667969,35.767459125214884,35.112309168302666,35.46362114907869,30283800
2024-05-01,35.08382797241211,35.615542657256704,34.91291864598788,35.330694987227865,32272000
2024-05-02,35.017356872558594,35.59654907555521,34.79897358032009,35.48260713192595,34860300
2024-05-03,35.36867141723633,35.63452872789884,35.20725908491529,35.36867141723633,34082700
2024-05-06,35.786441802978516,35.88139341399892,35.4731105416952,35.7579581306892,28422300
2024-05-07,35.928871154785156,36.223215746589226,35.795942507529766,35.795942507529766,29119500
2024-05-08,35.80543518066406,35.90988015068259,35.62503253738092,35.7959418297687,32803300
2024-05-09,36.346649169921875,36.479577823574466,35.56806395107024,35.63452827789654,26855400
2024-05-10,36.508060455322266,36.821391724301726,36.394122141332794,36.536544128311206,27359100
2024-05-13,36.280181884765625,36.8213934288111,36.25169821045814,36.66947446244805,24060600
2024-05-14,36.546043395996094,36.83089100987693,36.432101452816624,36.46058874962845,27594800
2024-05-15,36.94482421875,37.258159086084675,36.82138894173634,36.84037926297178,34084400
2024-05-16,37.23917770385742,37.372106362380705,36.75493345119769,36.95432643898261,32554200
2024-05-17,37.305633544921875,37.49553313761889,37.18219826636379,37.4575524946728,25537300
2024-05-20,36.859371185302734,37.47654397514637,36.83088751322901,37.27714740452955,28369800
2024-05-21,37.647457122802734,37.74240512083402,36.81190097639841,36.81190097639841,31799200
2024-05-22,37.751895904541016,37.79937352236194,37.35310999348794,37.41957431199679,42837600
2024-05-23,37.19169616699219,37.82785933706537,36.97331287638018,37.76139501479362,39033900
2024-05-24,37.69493103027344,37.7708887041072,37.096748502434004,37.18220314926821,22166300
2024-05-28,37.33412170410156,37.73291125890769,37.13472873771545,37.64745661302309,31217900
2024-05-29,36.764427185058594,36.9353364801075,36.61250821413,36.878365507746544,26677500
2024-05-30,36.67897033691406,37.14422057282949,35.69149527410656,36.77391832978512,50989100
2024-05-31,37.97028732299805,38.05574197439697,36.70745787699548,36.74543852695814,58188400
2024-06-03,37.8658447265625,38.16018572718773,37.37210711211787,38.01776371392744,31898600
2024-06-04,37.675941467285156,38.112708061244476,37.42907087276274,37.61897049423367,26974200
2024-06-05,37.94179916381836,37.97028646166121,37.524022889808506,37.80887051399859,34140300
2024-06-06,37.69493103027344,37.979778645709466,37.42907011677039,37.894323998875265,38676400
2024-06-07,38.00061798095703,38.17256677541,37.52298325060186,37.52298325060186,25928700
2024-06-10,37.89553451538086,38.057932204722164,37.45611147562072,37.80956376957271,37176200
2024-06-11,37.12177276611328,37.5898527730366,36.739663514529276,37.5707505901149,44629000
2024-06-12,37.64716720581055,38.096144993459724,37.351032377606934,38.01972169170514,38964700
2024-06-13,37.50387954711914,37.58985394921246,37.188642502152966,37.53254011052625,40018700
2024-06-14,37.48477554321289,37.71403817495198,37.16953486949186,37.35103475662396,32347900
2024-06-17,37.74269104003906,37.76179686464301,37.236399442256385,37.3414796555464,26135400
2024-06-18,38.20122146606445,38.22987837938108,37.694926251736895,37.79045536956438,30804500
2024-06-20,38.20122146606445,38.50690735498592,37.97195522734173,38.000612140658355,29383300
2024-06-21,37.723594665527344,38.124806111770354,37.60895970026019,38.06748862913678,72244900
2024-06-24,38.22987747192383,38.535563353589275,37.87642885451,37.99106014911876,31064900
2024-06-25,37.61851119995117,38.277645795247544,37.5898506390679,38.00061678577922,30596000
2024-06-26,37.25550842285156,37.58985127158499,36.74921678217988,37.41790247964673,44310200
2024-06-27,37.49432373046875,37.589849212284015,36.62502872732106,36.96892629235769,29464200
2024-06-28,37.991065979003906,38.268094990544185,37.561194003176524,37.962409061969986,52028200
2024-07-01,38.2203254699707,38.53556610775419,37.895533741980174,38.12479999164666,26770500
2024-07-02,39.09917068481445,39.12782759620754,38.172558346432574,38.21076999099869,35626100
2024-07-03,39.07052230834961,39.357102417072724,38.927230431956154,39.185153623026096,17100700
2024-07-05,38.6024284362793,39.12782577032551,38.487797151993156,39.09916886026968,23489000
2024-07-08,38.803043365478516,39.204258422431096,38.62154348499026,38.78393753952233,26728500
2024-07-09,39.56725311279297,39.95891702860687,38.78393256929163,38.93677551329035,34697200
2024-07-10,39.87294387817383,39.892046058209196,39.23291152508872,39.43351721203016,25333400
2024-07-11,39.93981170654297,40.02578609137561,39.53859669596956,39.90160005904773,33824600
2024-07-12,39.72965621948242,40.04489324027805,39.252021498711564,39.63413073295374,31856600
2024-07-15,40.016231536865234,40.34102325390423,39.834731676544116,39.9780198891987,36648100
2024-07-16,42.15604019165039,42.41396337029887,40.33147575963802,40.61805585455958,75953300
2024-07-17,42.01274490356445,42.452167922959056,41.69750791802078,41.69750791802078,65713600
2024-07-18,41.08613586425781,42.26112044943892,41.009716206103896,41.668850789443866,48549200
2024-07-19,40.981056213378906,41.6115338330895,40.78044688214931,40.942844565138664,43903000
2024-07-22,40.407901763916016,40.952405123002116,40.08310996691166,40.732693560920374,42838300
2024-07-23,40.51297378540039,40.86642243152172,40.26460535289813,40.33147391718964,36705100
2024-07-24,40.30281448364258,40.83776665697697,40.188183176522195,40.38878887499876,36567200
2024-07-25,39.81562805175781,40.4078940470473,39.796522226869314,40.1404197867353,41593900
2024-07-26,39.80607223510742,40.08310122236406,39.55770380643611,39.720101491541634,52049300
2024-07-29,39.25201416015625,40.00667775245762,39.14693395818226,39.91114863972533,37133100
2024-07-30,39.43351745605469,40.016232340449655,38.984543341178316,39.2138059436549,44163200
2024-07-31,38.50690460205078,39.529042403319124,38.42093022418415,39.385750558853736,50851600
2024-08-01,37.733150482177734,38.64065736182781,37.2364098360107,38.631102624827115,60107800
2024-08-02,35.89902877807617,36.80653186807998,35.51691952876435,36.3002402101961,76728000
2024-08-05,35.01062774658203,35.306758951886664,33.56816879741175,34.05535827075784,76075200
2024-08-06,35.2685432434082,35.64110135715979,34.90554350805554,35.01062372136521,40614100
2024-08-07,35.631553649902344,36.86385224963974,35.602896729371196,36.39576856460083,44952400
2024-08-08,36.5008430480957,36.701448748337526,35.97544560476843,36.12828856362843,36557800
2024-08-09,36.56771469116211,36.730112398398596,36.21426600232583,36.453083373389454,26411200
2024-08-12,36.4626350402832,36.99758727177114,36.30979206615293,36.77787572421287,33040600
2024-08-13,36.739662170410156,36.75876799669676,36.41487041166542,36.653687774152324,21553500
2024-08-14,37.074005126953125,37.17908169540804,36.71100175027076,36.79697613832544,25658900
2024-08-15,37.28416442871094,37.905091011538225,37.22685059550843,37.66627365569137,37379800
2024-08-16,37.58030319213867,37.65672285908887,37.24596031661147,37.255511408456236,26886600
2024-08-19,37.89553451538086,37.96240672444856,37.68537772996624,37.71403464523563,27268900
2024-08-20,36.95937728881836,37.48477845246393,36.62503440655673,37.37014348363356,44440800
2024-08-21,37.01668930053711,37.24595556023809,36.672791733017434,37.131320608355814,33751100
2024-08-22,37.48477554321289,37.53253828781988,36.844743104474965,37.045348818262624,35421600
2024-08-23,37.991065979003906,38.3731715676898,37.51343126009875,37.51343126009875,45616600
2024-08-26,38.13434982299805,38.40182771278978,37.88598140111639,38.2107731183852,44659500
2024-08-27,37.89553451538086,38.334961199204486,37.8382206848421,38.210775159598015,32323900
2024-08-28,38.16301727294922,38.468703221577385,37.57075120299014,37.58030229460679,40700500
2024-08-29,38.373172760009766,38.53557046439662,37.76180088386499,38.25854144424858,34810800
2024-08-30,38.92723083496094,39.03231105952884,38.3349647849264,38.373172794171595,49098200
2024-09-03,38.87946319580078,39.070517794230106,38.43048543610138,38.764831894368534,48489300
2024-09-04,38.68840789794922,39.11827982562798,38.47824747906998,38.84125084511685,39629600
2024-09-05,38.344512939453125,39.108727726783975,38.220326897742,38.97499059450902,34214500
2024-09-06,37.267635345458984,38.34451500885007,37.075338811401764,38.23874971442583,47007600
2024-09-09,37.95030212402344,38.18105943736237,37.59454545857542,37.73877153027828,37610200
2024-09-10,37.767616271972656,38.30605613031044,36.854196686540625,38.30605613031044,53983900
2024-09-11,37.49839782714844,37.527241574851075,36.546513806925546,37.48878446718803,41190000
2024-09-12,37.286865234375,37.81569169943247,37.046490902192964,37.54646995327015,39921600
2024-09-13,37.16187286376953,37.58493036391075,36.95995563914148,37.383016807103886,31887300
2024-09-16,37.594547271728516,37.70031257370207,37.29648542197201,37.315715810314614,26336400
2024-09-17,38.027217864990234,38.267592192414725,37.70030863298008,37.76761315123325,27769400
2024-09-18,38.09452438354492,38.57527306363749,37.90222417794362,38.09452438354492,42527800
2024-09-19,39.2963981628418,39.469467990257485,38.469509802482754,38.498357218933066,57977800
2024-09-20,38.71949768066406,39.16178556946176,38.69065393464459,39.05602027696205,70725000
2024-09-23,38.334903717041016,38.88295699030947,38.21952504577972,38.66181300879955,31714800
2024-09-24,37.931068420410156,38.44066080498444,37.738768230892354,38.31566513162471,32534900
2024-09-25,37.73876953125,37.892608954600846,37.44070404383597,37.73876953125,28866000
2024-09-26,37.998374938964844,38.19067513861627,37.60416118019898,37.87337925901823,39601400
2024-09-27,37.882999420166016,38.3637481251538,37.83492161541,38.12337377265991,27861100
2024-09-30,38.1522216796875,38.25798699316423,37.517633466649045,37.719547064474476,35055200
2024-10-01,37.709930419921875,38.03683969319554,37.44070864510605,37.98876188738518,26291200
2024-10-02,37.71953582763672,38.0176012888376,37.546466033109866,37.738766212342014,23302700
2024-10-03,37.73876953125,37.7579999176465,37.238790488404454,37.47916481662897,26030200
2024-10-04,38.56565856933594,38.700267608950455,38.09452326286389,38.392588756168344,34209900
2024-10-07,38.42143630981445,38.882954634722005,38.18106195301959,38.66181066660932,27177500
2024-10-08,38.39259338378906,38.6041239960064,38.27721471704401,38.50797205053412,26023600
2024-10-09,38.642578125,38.83487833328643,38.1906768535215,38.33489925887027,27421000
2024-10-10,38.43105697631836,38.58489643251813,38.238756739113164,38.469514089501835,26182300
2024-10-11,40.334815979003906,40.54634290929526,38.844495767861844,38.94064403910142,50660700
2024-10-14,40.296356201171875,40.55596094133262,40.11367301416462,40.34443033798204,28098900
2024-10-15,40.517494201660156,41.69052203986178,40.430959301008876,41.56552636829416,61490000
2024-10-16,41.15208435058594,41.44053281153678,40.52711329649599,40.58480078799345,42437800
2024-10-17,40.95978927612305,41.344389717366745,40.83479725036724,41.18093691392224,31708600
2024-10-18,40.69056701660156,41.007862898429615,40.488653456068036,40.796332310544244,30593500
2024-10-21,40.15212631225586,40.77710103493901,40.13289959361374,40.62326161105378,26589500
2024-10-22,40.67134094238281,40.77710624754052,39.9694482519436,40.04636980762981,37104400
2024-10-23,40.709800720214844,40.834796411223664,40.402121840671256,40.57519166889222,28569400
2024-10-24,41.00786209106445,41.01747545040576,40.35404362121961,40.690566215483344,28392000
2024-10-25,40.27712631225586,41.325158646126205,40.18097803744344,41.267467480545804,27466900
2024-10-28,40.9790153503418,41.10401103075861,40.39250138971817,40.450192550176986,24527600
2024-10-29,40.89248275756836,41.1617045204562,40.8347952616664,40.95017392129178,22313500
2024-10-30,40.68095779418945,41.24824142753731,40.03675260548925,40.104057132511734,38100500
2024-10-31,40.20981979370117,40.911712434949564,40.190589406127344,40.661724732132605,28138200
2024-11-01,40.15212631225586,40.79633142140231,40.1425129529348,40.52711334655846,31220000
2024-11-04,39.738685607910156,40.40211743181285,39.52715502587401,40.00790368117713,31110100
2024-11-05,40.267513275146484,40.39250529984168,39.78676456158205,39.91175658627725,30851400
2024-11-06,43.661590576171875,43.79619960617152,42.30587958174251,43.07507665875545,110086700
2024-11-07,43.046234130859375,43.48852200416131,42.796242781378396,43.305838839402966,48339700
2024-11-08,43.39237594604492,43.74812893456683,43.2193061315594,43.40198930559578,38331800
2024-11-11,44.30580520629883,44.72886277295173,43.82505647099344,43.8442831927225,43293500
2024-11-12,44.09427261352539,44.66155624248286,44.07504222483613,44.36349071953178,38155900
2024-11-13,44.103885650634766,44.69039966398177,44.065428541359786,44.42118155994901,36903900
2024-11-14,44.132728576660156,44.38271626670724,43.96927212454301,44.1808027092283,35733100
2024-11-15,44.95000457763672,45.03653949252043,43.863511461390424,43.863511461390424,40488900
2024-11-18,44.9211540222168,45.209602472183285,44.70001008831512,44.949997766867135,32360300
2024-11-19,44.62308883666992,44.82500238618193,44.18080096598046,44.21926173764591,28534100
2024-11-20,44.28656768798828,44.844234223908245,44.151954982800945,44.776929705225164,28021000
2024-11-21,44.67116928100586,45.238452905875356,44.51732984042201,44.603864754989274,45336500
2024-11-22,45.190372467041016,45.40190304378097,44.49809324703467,44.58462814953546,37996200
2024-11-25,45.67112731933594,45.90188831331723,45.34421805075835,45.440366325354645,42718600
2024-11-26,45.911502838134766,45.998037754594904,45.39229333937395,45.68074183830052,30301500
2024-11-27,45.93073272705078,46.13264630731895,45.815354062300635,45.978806865044874,23278400
2024-11-29,45.68074035644531,46.22879725479532,45.67112699618233,45.959575485751806,23262000
2024-12-02,45.22883987426758,45.97880669408746,45.04615301561901,45.90188880714723,35891500
2024-12-03,45.01729965209961,45.651887672068675,44.8538468848719,45.546122390770364,38123800
2024-12-04,44.584632873535156,44.97884665606999,44.35387555429701,44.89231174440032,24941300
2024-12-05,45.190372467041016,45.421133429650155,44.70962382377462,44.76731498138217,31572100
2024-12-06,45.200042724609375,45.49976626081133,44.86164815811052,45.49976626081133,28931700
2024-12-09,44.38789367675781,45.20004435385334,44.37822684089118,45.01634496659308,34660900
2024-12-10,44.23320007324219,44.755297746165795,44.07850487625272,44.38789527023165,35665800
2024-12-11,44.55226135253906,44.6296071075481,43.96248475666931,44.474911909305575,36790500
2024-12-12,44.55226135253906,44.929330667741176,44.39756246607209,44.610269746739725,24017300
2024-12-13,44.15584945678711,44.57159347918615,43.87546695535174,44.561926643229484,32902300
2024-12-16,43.96247863769531,44.16551536558661,43.66275511921964,44.078499098172635,27330400
2024-12-17,43.55640411376953,43.691761940506005,43.140660109807975,43.691761940506005,33054600
2024-12-18,42.057796478271484,43.923809352710215,41.912768118573894,43.64342315768122,41771900
2024-12-19,41.9417724609375,43.00530138147678,41.87409354898813,42.512211638956515,38583600
2024-12-20,42.70558166503906,42.92795946784519,41.67105684631246,41.76774364932043,74222200
2024-12-23,42.43486404418945,42.64757131281372,41.36166455354774,42.444534568158325,35374800
2024-12-24,42.90861892700195,42.94728995711456,42.473537566273876,42.473537566273876,12054400
2024-12-26,43.07298278808594,43.10199067219006,42.6475719328765,42.74425504462546,16077400
2024-12-27,42.86994552612305,43.29535637622838,42.599229865894586,42.7732624155341,17972500
2024-12-30,42.45420455932617,42.6765786802231,42.106139435061586,42.43486719817542,16109800
2024-12-31,42.49287414550781,42.76358979244793,42.260829527970515,42.57989041605629,16110400
2025-01-02,42.82160186767578,43.11165487342114,42.34784579731991,42.67657352069107,25610600
2025-01-03,43.324363708496094,43.363034739304865,42.68624559734876,43.26635162994663,23455700
2025-01-06,43.894805908203125,44.619940342667554,43.60474918383779,43.662761266355744,30518500
2025-01-07,44.55226135253906,45.10336322679207,44.136517315720205,44.745627584173874,41111200
2025-01-08,44.677947998046875,44.726289555233436,44.175187689212926,44.378228130555534,40246000
2025-01-10,43.614418029785156,44.52325182490822,43.25668608858689,44.47491026878267,40741300
2025-01-13,43.56607437133789,43.8367900231568,43.20833875917817,43.60474540143763,34353600
2025-01-14,44.26219940185547,44.39755722330565,43.73043495120521,44.08816686335553,36379000
2025-01-15,45.53843688964844,45.88650197682115,45.28705859792599,45.55777424873849,57154800
2025-01-16,45.09368896484375,45.93484380505726,44.30087567853232,45.44175405409738,56339300
2025-01-17,44.987335205078125,45.32573345787632,44.55225753297552,45.06468464168027,44486100
2025-01-21,45.11302947998047,45.586785593100956,44.9970090048543,45.07435475886361,52089100
2025-01-22,44.27187728881836,45.180711161307016,44.24286940209424,45.05502015410153,40296200
2025-01-23,44.85197830200195,45.33540122603858,44.523250566128084,44.523250566128084,35324100
2025-01-24,44.977664947509766,45.30639265160952,44.61993305100304,44.69727879349624,24655100
2025-01-27,45.528770446777344,45.57711200080723,44.84231079017016,45.00667281151661,44260000
2025-01-28,45.28706359863281,45.86716968249463,45.161372594780424,45.51910824511226,27156600
2025-01-29,45.200042724609375,45.81882346804966,45.093689092788544,45.200042724609375,23681500
2025-01-30,45.17103958129883,45.606117266003686,44.86164920237686,45.54810887509597,31199900
2025-01-31,44.76496505737305,45.277395899520315,44.62960721959906,45.151704898062555,30388900
2025-02-03,44.677947998046875,44.938996832723596,43.61441898704486,43.9141388545362,36497700
2025-02-04,45.16136932373047,45.56744650360109,44.73595847225939,44.813304223334015,32894000
2025-02-05,45.5481071472168,45.56744450619388,45.093688431815536,45.422416157977786,27696600
2025-02-06,46.157222747802734,46.38926368763378,45.60611721719947,45.86716604067757,39793400
2025-02-07,45.8284912109375,46.379593007637375,45.80915385285035,46.2539020241829,26504700
2025-02-10,45.12269592285156,45.98319186319161,44.8616507781491,45.90584242163208,26725200
2025-02-11,45.23872375488281,45.37408160036762,44.745630245502824,45.00667909960552,20314900
2025-02-12,44.677947998046875,45.03568363532113,44.41689916337015,45.02601311094917,29777100
2025-02-13,44.79397201538086,45.026012964410945,44.445906903611345,44.977671407381706,26815400
2025-02-14,45.40308380126953,45.5287748043565,44.938998199361315,44.938998199361315,25960500
2025-02-18,44.987335205078125,45.10335935998135,44.62960328135353,45.016343087916,37824100
2025-02-19,44.48457336425781,44.5329186045426,43.91413419820299,44.358886066544585,38967800
2025-02-20,43.798118591308594,44.658610853350936,43.54674027978897,44.378228345024084,40001100
2025-02-21,43.324363708496094,44.00115285045221,43.063314887359795,43.74977455318625,43485900
2025-02-24,42.98596954345703,43.885136561381096,42.96663218209877,43.53707143338151,35512200
2025-02-25,42.48320007324219,43.35336270603972,41.9127609446802,43.053639201804174,38119000
2025-02-26,42.48320007324219,43.07297655900231,42.405854332673385,42.57988685923289,32251700
2025-02-27,42.65723419189453,43.29535225035457,42.483201658839626,42.62822999912668,28477700
2025-02-28,44.57159423828125,44.66828104061626,42.734589252608835,42.85060972718645,62621100
2025-03-03,44.04949951171875,45.40308152743958,43.72077176580203,44.67794711923131,46946000
2025-03-04,41.255313873291016,43.35337144963263,40.63653307104863,43.24701780770513,78278100
2025-03-05,40.88791275024414,41.3133236055203,40.32714037498419,41.235977853753866,52588900
2025-03-06,40.08543014526367,40.5011741774921,39.60200719506544,40.21112114501805,58103500
2025-03-07,40.28002166748047,40.60109236214684,39.51139237226463,40.192456257753356,50651400
2025-03-10,38.75249481201172,39.5211203993586,38.12007754860646,39.3070745057365,77498400
2025-03-11,38.5384407043457,39.560034562299116,38.20763849485135,38.62600610425595,50608400
2025-03-12,38.830326080322266,39.40436512818042,38.13953439723006,39.219506479768235,42290700
2025-03-13,38.59682083129883,39.10275391491085,38.26602228472528,38.88870801486325,37766100
2025-03-14,39.783817291259766,39.91030148834377,39.083293998486404,39.170859410083075,35979900
2025-03-17,40.318939208984375,40.64001363480668,39.491935397653904,39.81300611197639,37242800
2025-03-18,40.52325439453125,40.698385196224,40.17299279114575,40.59136040502296,37644500
2025-03-19,41.0681037902832,41.54484959045286,40.18272191411041,40.591361701612875,42471100
2025-03-20,41.33080291748047,41.564311914172265,40.523258548232995,40.63027963890466,41018100
2025-03-21,41.321075439453125,41.50593410114319,40.75676419087354,41.019460422643384,65011000
2025-03-24,41.90483856201172,41.98267612501999,41.59349573297721,41.76862653824654,30646100
2025-03-25,42.10916519165039,42.35240205844412,41.87565987796843,42.177271217432626,25445300
2025-03-26,41.66160583496094,42.537259947274315,41.5740404237296,42.28429155416172,30012100
2025-03-27,41.40863800048828,41.924298876532745,41.3697192181266,41.661602662840465,25619200
2025-03-28,40.13407897949219,41.46701583607602,39.88111429656009,41.291885012700085,34253000
2025-03-31,40.60109329223633,40.7664962750653,39.501661725254465,39.67679254872059,36390000
2025-04-01,40.367584228515625,40.57190226629389,39.86165119818422,40.20218126114799,25578500
2025-04-02,40.71784210205078,40.83459844769703,39.715707593332716,39.77408576615584,28216100
2025-04-03,36.213096618652344,37.78927007159207,36.018506432876045,37.58495204670155,115497900
2025-04-04,33.459659576416016,34.8217873837364,32.759136279908425,34.3353136970505,107761200
2025-04-07,34.617469787597656,35.63906380095768,32.63265622869835,34.023971288088575,137329100
2025-04-08,34.082340240478516,36.32012183613411,33.40128014945199,35.862835450874194,79116300
2025-04-09,36.14499282836914,36.82605295313035,32.1753661563359,33.128854042500905,161173500
2025-04-10,34.880157470703125,35.41528142805917,33.693164348065984,35.337443866444026,90451800
2025-04-11,34.977455139160156,35.24987918739473,33.86829584392019,34.24774468581815,63671900
2025-04-14,35.677978515625,35.98932509069249,35.28880179191511,35.50285140243035,46830600
2025-04-15,36.96227264404297,37.70171102067899,36.77741026625918,36.77741026625918,84677800
2025-04-16,36.320125579833984,37.12766993307419,35.969863947489024,36.835786476619894,52872700
2025-04-17,36.39795684814453,36.845511696984765,36.23255759546415,36.49525008954484,47144400
2025-04-21,35.92121505737305,36.27147670381325,35.5028511035691,36.06715864722302,34928300
2025-04-22,37.28334045410156,37.44874342603517,36.38823071445898,36.553629974893155,42288900
2025-04-23,37.70171356201172,39.044382077762705,37.62387598475081,38.34385872841437,54428400
2025-04-24,38.50925827026367,38.62601091418297,37.55576659184059,37.61414476955005,42457100
2025-04-25,38.61627960205078,38.71357656550434,38.25629011602174,38.470339724119924,32694200
2025-04-28,38.70384216308594,38.9957293204511,38.392499325962525,38.72330155434357,37428000
2025-04-29,38.908164978027344,39.0541048491958,38.41195976615594,38.55790334882388,33792500
2025-04-30,38.80113983154297,38.917892469732315,37.76981434495526,38.29520678405651,40994600
2025-05-01,39.08329391479492,39.3459901490224,38.50925853183445,38.7427638212591,33569100
2025-05-02,39.95894241333008,40.11461382156941,39.598952977682714,39.80327100509075,41613000
2025-05-05,40.00759506225586,40.36758826365884,39.521121374251535,39.74489882535356,32829200
2025-05-06,39.735172271728516,40.1535399538837,39.46274818530182,39.55031360043895,29541800
2025-05-07,39.82273483276367,40.22164309279858,39.754628816038164,39.92975963376077,30925900
2025-05-08,40.474605560302734,41.00972953610549,40.134075495245845,40.17299427739501,41861700
2025-05-09,40.65946960449219,40.84432826011138,40.56217264508774,40.60109142884952,27222800
2025-05-12,42.18699645996094,42.77076336834252,41.77835665489424,42.14807767633563,44875100
2025-05-13,43.08211135864258,43.28643314132308,42.24537596828413,42.24537596828413,43232500
2025-05-14,43.529666900634766,43.70479401238863,42.936168411997755,42.99454287874916,42419500
2025-05-15,43.17940139770508,43.76316828207991,42.81940823122458,43.393447275842874,47379400
2025-05-16,43.481014251708984,43.57831121028879,42.4788797030835,43.14048417542833,49488100
2025-05-19,43.55885314941406,43.91884262840934,42.916708049165926,42.916708049165926,37915700
2025-05-20,43.481014251708984,43.695063849085095,43.208590190684454,43.38372100462864,33424300
2025-05-21,42.0799674987793,43.28642369134148,41.982674260838415,43.169667352013484,55594100
2025-05-22,42.13835144042969,42.3913161206258,41.79781763799305,42.011867244581815,29026200
2025-05-23,42.03132629394531,42.255103739233846,41.2043188189229,41.33080301373802,34875100
2025-05-27,43.02373123168945,43.02373123168945,42.128617776596926,42.60536359151025,36322000
2025-05-28,42.86806106567383,43.237778381982956,42.77076410493493,43.014000939532835,35673800
2025-05-29,43.04319381713867,43.25723971738074,42.71239155876488,43.1696743045318,28545100
2025-05-30,42.9361686706543,43.10156794277922,42.53726039561806,42.994543137757354,66537500
2025-06-02,42.88752365112305,42.95562967296151,42.18700032764196,42.6929334266561,28582600
2025-06-03,43.442100524902344,43.519934382676745,42.7513050878443,42.81941110520924,31320200
2025-06-04,43.159950256347656,43.87020146231189,43.14049086161575,43.39345557013039,30591700
2025-06-05,43.17940139770508,43.3739915963298,42.81940823122458,43.247507410498834,32020900
2025-06-06,44.01128387451172,44.20701707940811,43.68831736636383,43.73725066758794,37013000
2025-06-09,43.91341018676758,44.432113593590636,43.825328757938856,44.1482952414346,32414000
2025-06-10,44.12872314453125,44.23637864383279,43.79597148004078,43.8449047797129,32229100
2025-06-11,43.776397705078125,44.44190103849178,43.600234838387955,44.236378938477074,47873500
2025-06-12,43.668739318847656,43.69810228360297,43.081532290938526,43.4534320664123,30165400
2025-06-13,43.15003967285156,43.51215054911572,42.729206600421094,43.06195824528771,43281700
2025-06-16,43.46321487426758,43.93298121778139,43.40449268131422,43.68831101386559,34103600
2025-06-17,43.287052154541016,43.717670370670334,43.120678207413,43.326200283290326,27489600
2025-06-18,44.099365234375,44.23637997091595,43.26748418150681,43.31641748264692,37684700
2025-06-20,44.52998352050781,44.676787157330644,44.304887348518626,44.34403548278759,64591600
2025-06-23,45.312931060791016,45.38143843440037,44.1483019760601,44.432120371511346,42683600
2025-06-24,45.66525650024414,46.183956249077305,45.577175058614756,45.75333794187353,45437600
2025-06-25,45.8511962890625,45.97842584479518,45.4695113552356,45.586955745160154,33532400
2025-06-26,46.44819641113281,46.56564081169415,45.900137475332556,45.94907077554736,40127000
2025-06-27,46.115440368652344,46.653714086700056,45.909918287222126,46.438406839503656,56705000
2025-06-30,46.311180114746094,46.604783639500916,46.0273617563555,46.604783639500916,47921200
2025-07-01,47.12348556518555,47.38772611573569,45.93927887056643,46.01757513248592,48540900
2025-07-02,47.671546936035156,47.691121002529584,47.035406575137706,47.32901010581126,48003600
2025-07-03,47.88685607910156,48.25875586134649,47.76941541805575,47.90643014483775,21620300
2025-07-07,47.622615814208984,48.16088960062034,47.33879743711826,47.70091208376709,35567900
2025-07-08,46.144805908203125,46.77116108659026,45.76311722133782,46.48734272970504,88086500
2025-07-09,45.84141540527344,46.43841137635589,45.714185837656316,46.15459300758366,46227900
2025-07-10,45.96864318847656,46.21331341411951,45.78269142763025,45.900135823966245,44225000
2025-07-11,45.73375701904297,45.81205328136642,45.26399064521609,45.64567559061472,31653000
2025-07-14,46.06651306152344,46.06651306152344,45.55759850798877,45.81205765144192,36381200
2025-07-15,45.1661262512207,46.007788711976765,44.97038931924686,45.880562879559506,55145000
2025-07-16,45.04867935180664,45.56738275275495,44.050424414177606,45.26399033836523,61296600
2025-07-17,46.017578125,46.2133150591562,44.47126045187465,44.66699738603085,56480700
2025-07-18,46.311180114746094,46.36990231304561,45.90013592676362,46.00778769025567,48314200
2025-07-21,46.467769622802734,47.01583228188915,46.193740159945236,46.52649182200281,32199700
2025-07-22,46.751590728759766,47.14306087961603,46.44819828181455,46.585213021282826,34749400
2025-07-23,47.11369705200195,47.28007474325922,46.79073430236452,46.986467492025376,31380100
2025-07-24,47.35837173461914,47.955367726099844,47.182208860629046,47.45624207204233,42967600
2025-07-25,47.417091369628906,47.514957968381374,46.91796200922559,47.358369170354564,24461200
2025-07-28,47.201778411865234,47.50517082879118,47.05497851983367,47.41708940022373,20590400
2025-07-29,46.92775344848633,47.47581240455111,46.8690312460344,47.358371733018885,26216500
2025-07-30,46.93753433227539,47.4660229060008,46.72222707634271,47.231137850999076,32265900
2025-07-31,46.26224899291992,47.006044872854076,46.183952724836566,46.74180056813007,40016300
2025-08-01,44.68657302856445,45.420583757504986,44.35382134877655,45.37165045558327,52310400
2025-08-04,44.87251663208008,45.12697575030585,44.66699454430859,44.9801721256855,31038900
2025-08-05,44.58870315551758,45.019321407576356,43.795970282370476,44.97038810924239,36798300
2025-08-06,44.45168685913086,44.96060140001518,44.42232762537438,44.735505230015264,27916800
2025-08-07,43.962345123291016,44.78443724521848,43.82533039186501,44.73550394590511,30609900
2025-08-08,45.02910614013672,45.31292449445964,44.02106601735619,44.18744371013461,37131600
2025-08-11,45.17591094970703,45.528236676935,44.83337412233063,45.07804435141989,35559400
2025-08-12,46.48734664916992,46.6439354569691,45.37165092692931,45.48909159943578,35481200
2025-08-13,46.23289108276367,46.74180190638988,45.988220838055376,46.66350936943648,29465100
2025-08-14,46.692867279052734,46.71244134607851,45.89034919785344,46.0860861347397,21073800
2025-08-15,45.93927764892578,46.80051784028135,45.90013325237824,46.73201047960921,26276900
2025-08-18,46.89838790893555,47.01583230739942,45.79248115701978,45.91970698863184,43125100
2025-08-19,47.05498123168945,47.09412563179772,46.61457406347081,46.80052209744246,33783400
2025-08-20,47.319217681884766,47.46602130297439,46.849451321117606,47.14305482992569,30822200
2025-08-21,47.23114013671875,47.45624003645081,46.79073670400584,47.240929036727,28713200
2025-08-22,48.42513656616211,48.60129944895776,47.42688147477733,47.48560368016649,45078900
2025-08-25,48.42513656616211,48.60129944895776,48.160892241968625,48.337055124764284,34715700
2025-08-26,49.178714752197266,49.1884999184198,48.20003386160628,48.20003386160628,40609300
2025-08-27,49.305946350097656,49.550616582852484,48.92426138433955,48.963405784218004,42428200
2025-08-28,49.41360092163086,49.56040081850329,49.20807509261522,49.47231938703127,32949400
2025-08-29,49.65827178955078,49.83443092139292,49.433171891377846,49.433171891377846,32496500
2025-09-02,49.3450927734375,49.39402980869237,48.611082045073914,49.14935956590451,52719800
2025-09-03,48.992767333984375,49.49189295168621,48.64044161166714,49.32551899024272,38344200
2025-09-04,49.54082489013672,49.74635071142718,49.05148445221218,49.16892884534138,34796900
2025-09-05,48.979881286621094,49.98368881875003,48.448453107116826,49.6392429598251,40063300
2025-09-08,48.674800872802734,49.117657685057786,48.104010568003055,49.009403380491285,48033100
2025-09-09,49.49162292480469,49.75733699523411,48.67479777265455,48.71416365437827,40060100
2025-09-10,49.334163665771484,49.826225930030546,49.176703891374075,49.57035145029903,31706300
2025-09-11,49.94432067871094,50.150985932250606,49.19638767603239,49.344004105359055,28055200
2025-09-12,49.77701950073242,50.121461577459584,49.65892185659418,49.89511339073358,27851100
2025-09-15,49.786861419677734,50.27892369749462,49.65892417628692,50.042732152322124,29043600
2025-09-16,49.855751037597656,50.07225964636945,49.41289422608141,49.83606809551501,31624400
2025-09-17,50.58400344848633,50.81035164483366,49.98368687141256,50.05257528968621,38337900
2025-09-18,51.30241394042969,51.361459010894386,50.485588760387124,50.6725748278913,35246900
2025-09-19,51.42050552368164,51.823996421644566,50.938282863122495,51.32209457457344,98970700
2025-09-22,51.09574508666992,51.51891894559339,50.93828530805681,50.93828530805681,27468000
2025-09-23,50.87923812866211,52.04050535560516,50.702095415797096,51.1744747320581,28278200
2025-09-24,50.87923812866211,51.42050586057761,50.64304659346306,51.026854553291564,27010400
2025-09-25,51.026851654052734,51.49923469761102,50.62336077637173,50.66272665569107,22957900
2025-09-26,51.381141662597656,51.78463257642512,51.15479346743953,51.28273070962011,20025800
2025-09-29,51.587806701660156,51.71574394330835,51.28273049621696,51.52876163177422,23701000
2025-09-30,50.7709846496582,51.73542623850082,50.21003396792461,51.64685488064093,29945000
2025-10-01,49.87543487548828,50.85955947247245,49.75734097500866,50.48559107445999,27709100
2025-10-02,49.67860794067383,50.042732981130534,49.275117016346854,49.845911070053816,22757200
2025-10-03,49.83606719970703,50.31828988672058,49.74749583899586,49.816384257978186,24565700
2025-10-06,49.59003829956055,50.5052744835432,49.097975996522024,50.12146648783514,25386300
2025-10-07,49.49162292480469,50.10177907497386,49.334163152046926,49.74749364773463,24107300
2025-10-08,49.04876708984375,49.70812872785759,48.98971826611559,49.5998781822284,24014200
2025-10-09,48.99956130981445,49.48178022778932,48.8814636630908,49.20622656037511,21816900
2025-10-10,47.87765884399414,49.3440022594592,47.77924414065406,49.13733701365064,31831900
2025-10-13,48.084327697753906,48.61575587325423,48.03512221946033,48.41893020594255,34462800
2025-10-14,49.294795989990234,49.6982868818357,47.75956042987391,48.074479967210024,42462600
2025-10-15,51.45003128051758,52.01098198467492,50.41670123360338,50.75130373732332,69992200
2025-10-16,49.63924026489258,51.922408889026435,49.20622682036277,51.76494911336676,49027700
2025-10-17,50.46590805053711,50.94813075410117,49.53099268822168,50.14114888620818,48915400
2025-10-20,51.213844299316406,51.450032097376074,50.55447887528034,50.62336729589252,25786000
2025-10-21,50.70209503173828,51.53859936071342,50.623363269222615,51.2630457001827,27303400
2025-10-22,50.28876495361328,50.76114805957371,49.6392428755894,50.68241629053452,34955000
2025-10-23,50.93828201293945,50.97764789358053,50.29860334613855,50.66272835672596,26028800
2025-10-24,51.73542785644531,51.98145899662401,51.026856971406744,51.026856971406744,38923900
2025-10-27,52.17828369140625,52.22748916770151,51.696061013783435,51.96177509074247,27345800
2025-10-28,52.030662536621094,52.43415344132585,51.50907774018588,52.158599775909074,29575200
2025-10-29,51.745269775390625,52.16843987100558,51.48939529435405,51.8239977859223,29158800
2025-10-30,52.18811798095703,52.591608852189545,51.72558204582604,51.83383258101886,37548600
2025-10-31,52.60145568847656,52.78843799345407,51.9322507228958,51.951933663546654,39295700
2025-11-03,52.70970916748047,52.78843717472577,51.8732010964099,52.41446881643379,31252300
2025-11-04,52.69002914428711,53.14272553488767,51.88304731612535,52.17828392938061,47226600
2025-11-05,51.617332458496094,52.22748861722815,50.91860494171123,52.11923431803725,54353600
2025-11-06,52.44399642944336,52.89669280642169,51.93225122993594,52.57192991371738,55296000
2025-11-07,52.35542678833008,52.729395168327805,51.87320410721691,52.30622131167867,40537700
2025-11-10,52.57193374633789,53.13288821591636,52.493205731363425,52.562094152267605,26094600
2025-11-11,52.77859878540039,53.12304086396156,52.43415295270212,52.89669267603035,22244300
2025-11-12,53.250980377197266,53.82177066807658,52.91637787766896,53.034471773344464,40536700
2025-11-13,52.030662536621094,53.34938954904541,51.93225158586857,52.93605905092026,37716100
2025-11-14,51.7747917175293,52.06018872998184,51.2039976926242,52.02082284809795,32363100
2025-11-17,50.66273498535156,51.74527431979663,50.574163619389125,51.74527431979663,35546800
2025-11-18,50.8201904296875,51.351618580029545,50.33797150944678,50.465904996126135,35189500
2025-11-19,51.19416046142578,51.656700209561265,50.84971461025395,50.84971461025395,28112300
2025-11-20,50.19034957885742,52.10939310769997,50.160827045134894,51.66653633117676,36661600
2025-11-21,50.741458892822266,50.95796372284651,49.89511125015985,50.47574483611638,43867200
2025-11-24,51.105587005615234,51.41066696058309,50.58400220744363,50.83003333928112,52852100
2025-11-25,51.64685821533203,52.04050955437898,51.03670201853293,51.420510009328126,41310100
2025-11-26,52.14876174926758,52.404632481393904,51.715744543017614,51.8633647277187,32045600
2025-11-28,52.798282623291016,53.08367588431778,52.20780565183422,52.26685447522105,18920800
2025-12-01,52.39479446411133,53.044316538891586,52.365268173800395,52.650665203936185,30536500
2025-12-02,52.345584869384766,52.78844167961049,52.12908001538123,52.68018737554006,46073500
2025-12-03,53.231292724609375,53.37891289674236,52.33573960720702,52.4046280197659,37134400
2025-12-04,53.30018615722656,53.82177097405104,53.14272637738499,53.34939163452632,38529600
2025-12-05,53.36943435668945,54.239965562888344,53.16169511303355,53.3496491277251,33986500
2025-12-08,53.319969177246094,53.626630769107166,52.914381447973156,53.319969177246094,34386600
2025-12-09,52.963844299316406,53.69587887100708,52.69674938035476,53.3892172694798,47189300
2025-12-10,53.4980354309082,53.962975094880214,52.765997067869264,53.013306764705234,54424400
2025-12-11,53.97286605834961,54.06189769432085,53.17158133460844,53.36942983383856,35686900
2025-12-12,54.54662322998047,54.704901276593596,53.76512372385789,54.19049668168935,40539400
2025-12-15,54.73458480834961,55.46661940968877,54.47738060620062,54.81372195033245,32881300
2025-12-16,54.220176696777344,54.75436274839496,54.10146533095448,54.54662351867443,32931900
2025-12-17,53.962974548339844,54.97199855404874,53.87394290743475,54.526840349523276,35304100
2025-12-18,53.67609405517578,54.556519731247164,53.19136917061767,54.210283897202075,87452700
2025-12-19,54.675228118896484,54.71479857598547,53.79480620372222,53.93329902988718,73001900
2025-12-22,55.278663635253906,55.50618809997334,54.74447379270579,54.77414974829854,33408800
2025-12-23,55.36769485473633,55.61500454585286,55.2094168033676,55.2094168033676,22274600
2025-12-24,55.64468002319336,55.89198971218533,55.2885534672615,55.525972429098196,13634400
2025-12-26,55.5655403137207,55.94145210574365,55.42704748867184,55.674357183015225,15259400
2025-12-29,54.754364013671875,55.6446804096854,54.6752268749409,55.50618758667139,21040100
2025-12-30,54.68511962890625,55.041246200510436,54.57630275717758,54.892862644773054,17427600
2025-12-31,54.40813064575195,54.823609104787465,54.3388842359127,54.72468674034462,16293000
2026-01-02,55.3479118347168,55.387482292549244,54.28942661640143,54.437810172803275,25503600
2026-01-05,56.277793884277344,56.93069133154066,55.53586479540328,55.56554075139136,36096600
2026-01-06,56.63391876220703,56.792196812168655,56.139299384371164,56.39649980044141,31791900
2026-01-07,55.04124450683594,56.198655828934825,54.84339599829422,56.079944459621935,49695500
2026-01-08,55.575435638427734,55.971132664700406,54.87307700175792,54.88296772927381,30933700
2026-01-09,55.24898147583008,56.00080502271244,55.18962956725523,55.56553756705014,30768800
2026-01-12,54.59608840942383,54.85329261253117,54.14103946379894,54.695014554329184,45860600
2026-01-13,53.95308303833008,54.92253657320798,53.71566407481166,54.67522688246424,43542200
2026-01-14,51.915252685546875,52.90449150297036,51.104077157151345,52.310949721974914,84750000
2026-01-15,52.02406692504883,52.46922512507848,51.6679403650251,52.152669021423264,51018300
2026-01-16,52.39997863769531,52.805566380771594,51.687725518674945,52.1229892171616,52178400
2026-01-20,51.53934097290039,52.90449160007145,51.40084814199037,51.75697472069992,49172700
2026-01-21,51.50966262817383,52.291162164821735,51.48987739986859,51.66794068096929,36340000
2026-01-22,51.88557434082031,52.5582570076032,51.76686674481346,51.905359569095864,31229200
2026-01-23,51.163429260253906,51.638263406513204,50.82708793494777,51.549231768236695,34553500
2026-01-26,51.460201263427734,51.71740168319926,51.113965429772236,51.24256752648122,27728400
2026-01-27,51.608585357666016,51.68772627144149,51.25246256661577,51.64815581455375,26494300
2026-01-28,51.25246047973633,51.57890730165186,50.757841109718726,51.39095329955784,35030200
2026-01-29,52.50879669189453,52.51868741937261,51.390955804546024,51.420631760626776,35200500
2026-01-30,52.62750244140625,52.83524167396801,52.202129475505686,52.301051841398035,34549100
2026-02-02,53.44856643676758,53.50792211803905,52.380190589404506,52.62750026756633,34624500
2026-02-03,53.864051818847656,54.526839983860256,53.10233751257811,53.61674212617494,41208400
2026-02-04,54.78404235839844,55.43693977442935,54.12125044174716,54.190496851504506,54522500
2026-02-05,54.34877395629883,54.695009772728724,53.66620059753408,54.42791486530437,32959700
2026-02-06,55.92166519165039,56.25800651676454,54.695011257925614,54.95221167188521,42468000
2026-02-09,55.802955627441406,56.109620986863455,55.575431176378416,55.783170400351636,31968400
2026-02-10,54.79393768310547,56.2184440002635,53.68599126037437,55.83263769026879,48304700
2026-02-11,53.270503997802734,55.50618563651188,52.667071543535066,55.367692818363686,48973500
2026-02-12,51.95481872558594,53.359535915517185,51.232674903116816,53.32985996108509,55481600
2026-02-13,51.9844970703125,52.25159199342146,50.88644142208004,51.35138485567487,31772100
2026-02-17,52.172454833984375,52.97373582936637,52.05374346354918,52.469225712779426,35542400
2026-02-18,52.78578186035156,53.03309155514433,52.221916058115774,52.41976456867928,30698900
2026-02-19,52.20213317871094,52.24170363733354,51.27225004295954,51.351387186558114,47148600
2026-02-20,52.489009857177734,52.51868581235043,51.27224663769419,51.96471074936633,33552000
2026-02-23,50.520423889160156,52.68685544583059,50.34236060793832,52.27137697207726,50602500
2026-02-24,49.867523193359375,50.332466594376335,48.937640164971654,50.19397377883414,53062700
2026-02-25,51.133750915527344,51.212891828868806,49.76860412320523,49.788389351540594,41375000
2026-02-26,51.73719024658203,52.10320755842148,51.18321891485674,51.32171174778806,52418500
2026-02-27,49.29376983642578,50.85676513440696,48.78925594929679,50.53031830183506,77728700
2026-03-02,49.273983001708984,49.87741546329257,48.057219804252796,48.25506453335099,40595200
2026-03-03,49.4322624206543,49.966448487145044,47.97808022482972,48.235280643981085,51242900
2026-03-04,49.75871276855469,49.86752964445667,48.68044228479809,49.35312499614973,34208500
2026-03-05,49.273983001708984,49.887309963935266,48.79914885930996,49.283873728705366,39073900
2026-03-06,48.38858413696289,48.44827536920504,47.37385595872319,48.299049186089405,47016000
2026-03-09,47.652408599853516,47.9011163612411,46.52824845578742,47.692198957491286,62752800
2026-03-10,48.308998107910156,48.89594859079692,47.35395739687146,48.030442827825,50271100
2026-03-11,48.269203186035156,48.39853228562406,47.533026536428274,48.11003036922546,42185800
2026-03-12,46.886390686035156,47.53302862239856,46.54814796109849,47.453444107990826,58354500
2026-03-13,46.47850799560547,47.572820635561804,46.418816766252114,47.27437207875365,45473100
2026-03-16,46.81675338745117,47.43354761285479,46.65758056170251,46.87644082524472,38055600
2026-03-17,47.035614013671875,47.83148194353141,46.95602949767365,47.4136509008572,33427800
2026-03-18,46.58794021606445,47.632512066810165,46.44866068031629,46.97592372105749,40251800
2026-03-19,46.767005920410156,46.94607581273932,45.88160689443775,46.180055449993276,38601400
2026-03-20,46.91623306274414,47.21468162445147,46.44866124591573,46.886389345067215,78060900
2026-03-23,47.27437210083008,48.1398740544717,47.23457794790926,48.090133260810326,42333200
2026-03-24,47.89116668701172,48.20951232305082,46.77695696087486,46.80680067832249,39804100
2026-03-25,48.498016357421875,48.85615616233494,47.93096293130269,48.26920565872286,29988300
2026-03-26,47.99065399169922,48.61739485307026,47.78173657626272,48.45822202867737,32502600
2026-03-27,46.72721862792969,48.00060123915528,46.59788952054599,47.82153133507924,36781900
2026-03-30,46.985870361328125,47.61261498976051,46.68742180325819,47.3042159959333,43375900
2026-03-31,48.498016357421875,48.51791343491477,47.12514837024829,47.433547378918874,49060600
2026-04-01,49.01532745361328,49.791294476658656,48.52785855773902,49.443105118876595,32947000
2026-04-02,49.124759674072266,49.31377621262211,47.91106454501699,48.49801503259526,27548200
2026-04-06,49.801246643066406,49.86093408077198,48.99543207922561,49.174501982301344,28507200
2026-04-07,50.02010726928711,50.21907425136846,49.36351888490433,49.54258878927959,28473200
2026-04-08,51.611839294433594,51.989872385643146,51.10447330073623,51.67152673253008,36473500
2026-04-09,52.43754577636719,52.56687488049683,51.36313017392391,51.36313017392391,32008000
2026-04-10,52.26842498779297,52.55692690700692,51.930182274399215,52.52707939451556,25225300
2026-04-13,53.07423782348633,53.16377277454948,51.581991169086756,51.910287254644814,27835300
2026-04-14,53.07423782348633,53.293101880525036,52.527081475869046,52.82553004775306,40178500
2026-04-15,54.039222717285156,55.11364208052755,53.432375165266315,53.969584846887514,63838200
2026-04-16,53.2334098815918,54.22824097019921,53.19361952223187,53.76067293913974,35206700
2026-04-17,53.631343841552734,54.31777592658278,53.472171019155354,53.88005161373485,43484700
2026-04-20,53.671138763427734,53.671138763427734,52.90511835875471,53.223464008102006,43999200
2026-04-21,53.20356750488281,54.36752188129251,52.934962648788265,53.720880139400506,34266300
2026-04-22,52.84542465209961,53.52191007403364,52.72604598792869,53.39258097411055,24097600
2026-04-23,52.198787689208984,53.24335955835407,51.97992363844319,52.785738174915934,31956300
2026-04-24,51.78095626831055,52.23857764824674,51.66157760288792,52.049561111745966,30265400
2026-04-27,52.35795974731445,52.65640830630103,51.56209565835713,51.721268476148595,28043700
2026-04-28,52.3878059387207,53.15382634644829,52.35796221990648,52.7459457444094,21164100
2026-04-29,52.60667037963867,52.74594612842505,51.56209846876134,52.158995619268524,26250700
2026-04-30,53.18367004394531,53.382637024245895,51.88044372318655,52.33806512139223,27089200
2026-05-01,52.96480941772461,53.7805706158788,52.81558323477809,53.41248037660523,24825000
2026-05-04,51.92023468017578,52.79568712657546,51.731218133955885,52.79568712657546,42929000
2026-05-05,52.84542465209961,53.08418577542075,52.009766412944586,52.29826833008866,28458600
2026-05-06,53.32294464111328,53.919845569135695,53.19361933244093,53.54180869421944,27541200
2026-05-07,52.47734069824219,53.72087957734745,52.228632922421134,53.27320482187366,28682100
2026-05-08,51.04478454589844,52.73599436131813,50.83586713301131,52.70615064303972,36111200
2026-05-11,50.28871154785156,51.124369827004884,50.01016005312695,50.945299924687774,33132200
2026-05-12,50.517520904541016,50.815973263795115,49.5823810578191,50.59710921233661,33518800
2026-05-13,49.58238220214844,50.517522070452785,49.54258804733222,50.09969482982089,29838000
2026-05-14,49.59232711791992,50.20912511117296,49.23419112197282,49.80124452594658,37671800
2026-05-15,49.51274490356445,49.73160896261526,49.04517306649392,49.36351871876081,46282300
2026-05-18,50.42798614501953,50.656796838321526,49.463002576742326,49.463002576742326,33404100
2026-05-19,50.43793487548828,51.014934909743346,50.1195892438346,50.46777859252479,44154600
2026-05-20,50.96519470214844,51.313387849820025,50.22902184360498,50.72643737315355,47739400
2026-05-21,51.223854064941406,51.23380070596716,50.49762403574096,50.736385165132525,27461900
2026-05-22,51.532249450683594,51.88044260746638,51.3830270649019,51.422817424122705,26683700
2026-05-26,51.93018341064453,52.22863197723284,51.61183776695309,51.95008048774768,27397600
2026-05-27,50.83586883544922,52.218687283335434,50.49762610204201,52.11920189411005,48581500
2026-05-28,50.50757598876953,51.23380224480318,50.37824688167382,50.65679837851425,48550100
2026-05-29,51.333282470703125,51.53224944670946,50.3484018216899,50.70654161950541,57930600
2026-06-01,51.24374771118164,51.56209715095937,50.58715934441274,51.044784529417285,34303700
2026-06-02,52.208736419677734,52.43754712055434,50.995041245917065,50.995041245917065,42126500
2026-06-03,52.129150390625,52.27837277644069,50.95524940630705,51.9898708508925,48065400
2026-06-04,53.88999938964844,54.049176010377195,52.52708183198432,52.85537791976811,51883600
2026-06-05,53.83000183105469,54.279998779296875,53.31999969482422,54.16999816894531,38829400
2026-06-08,53.630001068115234,54.349998474121094,53.56999969482422,53.720001220703125,30332100
2026-06-09,54.41999816894531,54.619998931884766,53.650001525878906,54.0,32329000
2026-06-10,54.540000915527344,55.29999923706055,54.220001220703125,54.540000915527344,37025500
2026-06-11,55.15999984741211,55.310001373291016,54.06999969482422,54.720001220703125,31746300
2026-06-12,56.02000045776367,56.189998626708984,55.2599983215332,55.36000061035156,32989000
2026-06-15,55.869998931884766,57.0,55.7400016784668,56.619998931884766,31666500
2026-06-16,56.84000015258789,57.06999969482422,56.22999954223633,56.5,33409800
2026-06-17,56.529998779296875,57.97999954223633,56.29999923706055,57.13999938964844,40439300
2026-06-18,56.20000076293945,57.33000183105469,56.029998779296875,57.22999954223633,70438800
2026-06-22,57.369998931884766,57.72999954223633,56.810001373291016,56.849998474121094,38653800
2026-06-23,57.90999984741211,58.0099983215332,57.20000076293945,57.52000045776367,30045700
2026-06-24,57.72999954223633,58.33000183105469,57.38999938964844,58.209999084472656,30324900
2026-06-25,58.189998626708984,59.20000076293945,57.849998474121094,57.849998474121094,33747400
2026-06-26,57.880001068115234,58.630001068115234,57.439998626708984,58.540000915527344,48757600
2026-06-29,57.880001068115234,58.34000015258789,57.61000061035156,57.7599983215332,28920800
2026-06-30,56.97999954223633,57.75,56.84000015258789,57.470001220703125,41324600
2026-07-01,58.36000061035156,58.47999954223633,56.849998474121094,57.130001068115234,35288400
2026-07-02,58.72999954223633,59.0,57.939998626708984,58.939998626708984,29329700
2026-07-06,59.900001525878906,59.939998626708984,58.91999816894531,59.13999938964844,34645400
2026-07-07,59.86000061035156,60.83000183105469,59.790000915527344,60.290000915527344,29306100
2026-07-08,58.29999923706055,59.56999969482422,58.29999923706055,59.369998931884766,29802400
2026-07-09,59.25,59.43000030517578,58.40999984741211,58.45000076293945,29203400
2026-07-10,59.66999816894531,59.869998931884766,59.38999938964844,59.63999938964844,21916600
2026-07-13,59.5,60.04999923706055,58.849998474121094,59.70000076293945,27837800
2026-07-14,60.619998931884766,61.209999084472656,58.66999816894531,59.0,49432700
2026-07-15,61.59000015258789,62.029998779296875,61.11000061035156,61.31999969482422,43361000
2026-07-16,61.4900016784668,62.0,60.9900016784668,61.97999954223633,37351900
2026-07-17,61.27000045776367,62.119998931884766,60.65999984741211,61.25,45045200
2026-07-20,60.41999816894531,61.4900016784668,60.369998931884766,61.349998474121094,30741100
2026-07-21,61.220001220703125,61.529998779296875,60.06999969482422,60.900001525878906,31631600
2026-07-22,61.619998931884766,61.900001525878906,61.150001525878906,61.400001525878906,51484900
2026-07-23,61.279998779296875,61.5,60.709999084472656,61.349998474121094,29253200
2026-07-24,62.04999923706055,62.279998779296875,61.279998779296875,61.529998779296875,29035400
2026-07-27,62.130001068115234,62.9900016784668,61.84000015258789,62.52000045776367,36899800
2026-07-28,62.619998931884766,62.65999984741211,61.900001525878906,62.29999923706055,28737900
2026-07-29,61.06999969482422,62.650001525878906,60.90999984741211,62.5099983215332,37919000
2026-07-30,61.72999954223633,61.93000030517578,61.029998779296875,61.52000045776367,24844000
2026-07-31,61.95000076293945,62.2400016784668,61.540000915527344,61.540000915527344,27301100
2026-08-03,62.47999954223633,62.5099983215332,61.709999084472656,62.2599983215332,24013700
2026-08-04,62.900001525878906,63.540000915527344,62.349998474121094,62.470001220703125,28242100
2026-08-05,63.25,63.56999969482422,62.83000183105469,63.0,30266000
2026-08-06,63.0,63.970001220703125,62.72999954223633,63.90999984741211,24482900
2026-08-07,63.16999816894531,63.220001220703125,62.38999938964844,62.709999084472656,22620500
2026-08-10,63.86000061035156,64.0,63.0,63.15999984741211,17051663
