Date,Close,High,Low,Open,Volume
2016-08-11,141.8194580078125,143.26400205298603,141.35483367832558,142.85851758821505,1497800
2016-08-12,142.7993621826172,143.11193463759219,141.2112094975537,141.2112094975537,1399100
2016-08-15,142.53749084472656,142.99367211051742,142.4192240147285,142.7993664761424,918600
2016-08-16,142.2671661376953,142.59662464226275,141.81944080815796,141.81944080815796,1023000
2016-08-17,141.88705444335938,142.22495604790132,141.0084896473584,141.45621507393045,1382500
2016-08-18,141.70960998535156,142.52059166645702,141.24498573524514,142.27560211180247,1353400
2016-08-19,141.93771362304688,142.19958925438047,141.16052975614411,141.25345461469325,1764800
2016-08-22,141.87017822265625,142.50375350025644,141.5998465836216,142.20807988132754,955000
2016-08-23,141.38021850585938,142.30101152605272,141.33797757398978,141.9968948627632,1003700
2016-08-24,141.55758666992188,141.81946232994494,140.87331469648595,141.19433022302732,1363800
2016-08-25,139.2682647705078,141.42242283712807,139.0824150304782,141.24501612523824,1817700
2016-08-26,138.4825897216797,139.93558938012845,138.09400428402247,139.7159546931968,2009900
2016-08-29,138.52490234375,139.25140254907052,138.03493588991776,138.93884285391584,1819200
2016-08-30,136.81845092773438,138.77830340611504,136.63260118106209,138.6009095780041,2010700
2016-08-31,136.92823791503906,137.33373523148515,136.13415511631237,136.74238820086399,1933200
2016-09-01,131.96099853515625,134.31789171818295,131.3949935600861,134.31789171818295,6038500
2016-09-02,133.456298828125,134.5544986030641,132.4594798674152,132.4679228977166,2679000
2016-09-06,133.52383422851562,133.59986014454302,131.8005156813044,133.58297408994895,2716900
2016-09-07,131.47952270507812,133.36334932446258,131.27677400415578,133.16905654240378,2984100
2016-09-08,129.64637756347656,131.35281031583375,129.19865213634185,131.09937766704883,2993100
2016-09-09,127.30635833740234,129.07191791340384,127.30635833740234,128.90296712591277,2993900
2016-09-12,128.14268493652344,128.3961175683559,126.93466164384036,127.13741032733014,2982400
2016-09-13,127.3401870727539,128.04978828616416,126.77419470800127,127.71187373921502,2148600
2016-09-14,127.29792785644531,128.6157621749318,126.88398742969196,127.31482680389568,2188900
2016-09-15,128.97056579589844,129.22399845319686,126.80796451517665,127.3232728586393,2284300
2016-09-16,128.70030212402344,128.96217792218795,127.6781280287957,128.37084339566715,2842000
2016-09-19,128.2271728515625,129.27468853600627,128.06667795478026,128.51440341818355,1321300
2016-09-20,128.54815673828125,129.0043380086231,128.1257733569147,128.76779145614944,1396700
2016-09-21,128.99588012695312,129.16483089890338,127.77097091766679,128.90295526886285,1535100
2016-09-22,129.37603759765625,130.33062826060527,128.9789961479404,129.27466970074806,2502200
2016-09-23,128.8522186279297,129.89973360979369,128.54810220675063,129.37596967380549,2282100
2016-09-26,127.72028350830078,128.64107614703596,127.5682187945908,128.47212537967164,1862200
2016-09-27,127.09520721435547,128.210305970082,126.71506459858429,127.91463232996948,2569000
2016-09-28,126.21663665771484,127.28103840433201,125.81959514879202,127.22191141902492,2626300
2016-09-29,124.59471130371094,126.45319645135699,124.34972161231232,126.03081287734089,4501300
2016-09-30,128.8353729248047,130.81213692431479,128.066644975675,128.22713983112737,7318100
2016-10-03,127.56824493408203,128.61576053057058,126.98536660075753,128.5904185547791,3197100
2016-10-04,127.12051391601562,128.08354762408698,126.28420297144697,127.95683775070367,2840500
2016-10-05,126.6981201171875,127.49220296573016,126.57141025417253,127.24722626719512,2377700
2016-10-06,126.26731872558594,127.25569452340527,125.87027722260028,126.90933697567381,2465500
2016-10-07,126.7065658569336,126.87551662408846,125.69283547376976,126.52071614602804,2282100
2016-10-10,126.9515609741211,127.43308426507164,126.50383557558065,127.01070084077922,1587700
2016-10-11,127.56824493408203,127.67806875592517,126.30109458402715,126.4362603816618,2596800
2016-10-12,127.10363006591797,127.97373891857184,127.04449019723295,127.53445653301894,1664500
2016-10-13,126.90087890625,127.84701366584827,126.478495475698,126.655889298063,1795300
2016-10-14,126.84174346923828,127.5598004823058,126.10680039924479,126.86708544474705,1745000
2016-10-17,125.61681365966797,126.8839637898397,125.55768668978781,126.78259590426362,1988400
2016-10-18,125.96315002441406,126.3939763560702,125.37181597406773,126.30105151315038,1847800
2016-10-19,126.25042724609375,127.83015032232395,126.13216038013036,127.30638601009608,1812000
2016-10-20,126.7488021850586,127.37393424361605,126.37711562901379,126.5883073243229,2251200
2016-10-21,125.84489440917969,126.95997973329706,125.44785303503119,126.30106274856482,2188000
2016-10-24,128.50592041015625,128.67488408082963,126.1152288394528,126.1659256747258,2432800
2016-10-25,127.55131530761719,128.379182977634,126.63050990461754,126.63050990461754,2060600
2016-10-26,127.54289245605469,127.90614889602124,126.95155825274516,127.01069811813555,2246100
2016-10-27,127.44152069091797,127.94838592985802,126.56296888555613,127.4161787179828,1993500
2016-10-28,126.51225280761719,127.44150130763326,126.1912502358888,127.08670085038618,1843900
2016-10-31,124.9156723022461,126.16593654432829,124.26521109656376,125.7773381144661,3239400
2016-11-01,123.89352416992188,125.5577160951742,123.65699045477014,125.43099331840817,2112000
2016-11-02,123.9443588256836,124.85103467599134,123.81724603409774,124.07992770166547,2260500
2016-11-03,122.40216827392578,124.30874414401744,122.13948655614703,124.30874414401744,2168200
2016-11-04,120.52947998046875,122.86820811468465,120.41931813910786,121.17347420965451,2702100
2016-11-07,121.63102722167969,121.73272003197675,120.96161312536562,121.49545835760279,3010100
2016-11-08,123.79183959960938,124.24942501169177,121.85137489519889,121.9276348206146,3505200
2016-11-09,124.38499450683594,124.8934198716657,121.63105179522873,121.63105179522873,3170200
2016-11-10,124.3087387084961,127.10505244831799,124.23247878017779,124.61379135156383,3944200
2016-11-11,126.5627670288086,126.78307784872678,123.19024915265862,124.23250720082957,3218000
2016-11-14,128.79977416992188,128.91840502367614,126.6813568316008,127.88461632819198,3890800
2016-11-15,128.0795135498047,128.79978065300554,127.35077743154987,128.78282969310362,2799900
2016-11-16,128.9184112548828,129.26583481831042,128.6303095860963,128.96078218965587,2152300
2016-11-17,128.12185668945312,128.2913274623248,126.72370665102285,128.14727665889433,2098700
2016-11-18,127.41011047363281,128.12189569426099,126.69832525300464,127.81684303830676,2020500
2016-11-21,128.09649658203125,128.19817650731306,127.20675844642382,127.57113306167898,1181200
2016-11-22,129.36752319335938,129.68952680297778,128.1303745676162,128.74046693510113,1954200
2016-11-23,128.46078491210938,129.93519455754563,128.1048795530849,129.43525135431813,2166900
2016-11-25,128.69808959960938,130.00302894349758,128.5540387774121,128.7065586139294,886800
2016-11-28,128.16415405273438,129.16404008962644,127.96078148414342,127.99468337713378,1733500
2016-11-29,128.359130859375,128.98618700284462,128.23203099978974,128.47776170491872,1496800
2016-11-30,127.19822692871094,128.40995520891104,127.16433794686789,128.06254465830392,2750500
2016-12-01,128.5794219970703,129.5454194749379,127.19821019993567,127.19821019993567,2305200
2016-12-02,128.87606811523438,129.53701346490178,128.3168026871168,128.79133915720843,1829200
2016-12-05,128.6048583984375,128.99463987224317,127.76596064079185,128.876009041547,2432100
2016-12-06,127.96086120605469,128.86754992656597,127.460917876135,128.67265917469405,2245400
2016-12-07,130.3673858642578,130.41822580291105,127.5117509885862,127.6134437956838,2811300
2016-12-08,133.5364990234375,136.3412803929543,132.69761436681006,132.73150334161002,5504300
2016-12-09,135.32447814941406,135.43463997320657,133.25690104624348,133.27385200293267,2614700
2016-12-12,135.85838317871094,136.66337942357404,134.35853963146678,134.3924415597668,2299200
2016-12-13,135.38377380371094,137.30728679704967,134.84992867465613,136.29893134075246,3583300
2016-12-14,134.72283935546875,135.95998752495734,134.0957833284659,135.62104600915526,2119100
2016-12-15,135.67190551757812,136.84974491013935,134.79064969147575,135.02791137272607,1811100
2016-12-16,135.9261016845703,136.63788664206768,135.45157837957206,135.9938925752544,3767100
2016-12-19,138.51060485839844,139.41728075518697,136.97685984530784,137.28191245904273,3231900
2016-12-20,138.8495330810547,139.77315984788268,138.54448049671427,139.23932752263102,2204600
2016-12-21,138.15469360351562,138.99359148873475,138.13775557497664,138.62922992825517,1313400
2016-12-22,137.33273315429688,138.6885121744618,137.20562038598155,138.68004316182356,1965900
2016-12-23,137.34120178222656,137.84114505207842,136.87514749262303,137.417461685128,1254100
2016-12-27,137.3157958984375,137.91741910053028,137.10395419323467,137.32426491192064,1301100
2016-12-28,136.43453979492188,137.99370471620043,136.0447582619468,137.29038863824056,1281000
2016-12-29,136.53623962402344,136.79892130751125,136.12949418204863,136.12949418204863,858200
2016-12-30,135.67190551757812,136.41759247567452,135.2990620385299,136.33285061960288,1472300
2017-01-03,135.3498992919922,136.41758976620451,134.31611073145191,136.12947521915848,2099000
2017-01-04,135.37533569335938,135.99392285993432,134.680501536247,135.40923761114624,2163600
2017-01-05,138.04454040527344,138.41738389821882,136.11254496891323,136.3836956448238,2880900
2017-01-06,137.97674560546875,138.07842548983834,136.53622454780117,137.84116380644798,2167000
2017-01-09,136.40065002441406,137.68016938021827,136.18880830081645,137.55306951797678,2318300
2017-01-10,136.9853057861328,137.62083082023054,136.010826309309,136.0701481854573,1477900
2017-01-11,136.8836212158203,137.59541912343275,135.8752656288015,136.82431226589716,1378300
2017-01-12,137.16326904296875,137.23954188676186,136.14643140024612,136.7226475866573,1296900
2017-01-13,137.15481567382812,137.38360837172064,136.7226631820699,137.26497751536778,1250100
2017-01-17,138.80715942382812,139.18000290066968,136.99379491083758,137.14632766490539,2430500
2017-01-18,139.19703674316406,139.29024766787725,137.773452886617,138.67166019941718,1834700
2017-01-19,138.71389770507812,139.64600605549106,138.59526690864257,139.12063001717328,1980400
2017-01-20,139.17152404785156,139.6206274050803,138.31567532839267,139.29862389242916,1897100
2017-01-23,138.12925720214844,139.26473853905424,137.41747219438628,139.01052591348454,1421600
2017-01-24,138.6885528564453,138.81566566204708,138.08692953789682,138.31570931435064,1347400
2017-01-25,139.08682250976562,139.60371691051074,138.88344976970708,139.13766246233158,1299200
2017-01-26,139.0274658203125,139.34098737338235,138.45971873208683,139.2562455283304,1180000
2017-01-27,137.3242645263672,139.45963252915814,136.18032707935856,139.44268157244787,2341100
2017-01-30,138.33262634277344,138.36651532474482,136.08710955568,137.29883784046868,2149800
2017-01-31,138.92579650878906,138.9681674384788,137.5700172672647,137.6886481125205,1796600
2017-02-01,137.15481567382812,138.92580950430778,137.1124447401749,138.83259862218813,2219700
2017-02-02,142.48472595214844,143.1033130416791,140.79847425137868,141.37467748405797,5816300
2017-02-03,142.62879943847656,143.06942090659686,141.63736881072467,142.12037413859315,3227700
2017-02-06,141.5356903076172,142.51015705717114,141.26453962687393,142.51015705717114,2172800
2017-02-07,141.9508819580078,142.42540527050383,141.11198421855133,141.9593509708058,2732600
2017-02-08,143.09788513183594,143.22534026248206,142.31620959607696,142.31620959607696,2089900
2017-02-09,145.25607299804688,145.64690447765213,142.88554381606906,143.12344462051263,2606900
2017-02-10,146.1396942138672,146.36910317790137,144.6698044079727,145.84231174328139,2070000
2017-02-13,146.10572814941406,146.55604133006148,145.10313503606676,146.55604133006148,2272200
2017-02-14,147.52462768554688,147.53311951218058,145.75735539917736,145.85081735063125,2244700
2017-02-15,148.68862915039062,148.68862915039062,147.04030741575573,147.14226118420916,2346500
2017-02-16,149.3258514404297,149.39382493425066,148.2722817331322,148.77358462948453,2206500
2017-02-17,149.41928100585938,149.9630558740134,148.24676117952725,149.08791839815015,2424400
2017-02-21,150.3369140625,150.38789093424077,149.53824183291738,150.00555143156853,2317000
2017-02-22,149.9716033935547,150.46440157655562,148.7481192092928,150.4474179239358,1815200
2017-02-23,149.41082763671875,150.42189936637942,148.8670526286128,149.9800910854688,2599900
2017-02-24,150.86373901367188,150.9911941970578,148.7905924909504,148.87556261320768,1684300
2017-02-27,150.9146728515625,151.11010148408258,150.0055550329208,150.6682803106945,2340400
2017-02-28,150.54083251953125,151.1270925165044,149.09643153494977,150.34541684207932,2992100
2017-03-01,151.11863708496094,151.84084423348438,150.57486200811968,150.70230422744947,2352300
2017-03-02,151.2205810546875,151.44998999922583,149.97159552776276,150.81275301465686,3190300
2017-03-03,144.66127014160156,146.04620250558798,144.35539590675236,145.0351178691526,10396500
2017-03-06,141.6620635986328,144.72080711605653,141.13528503465213,143.93913109818672,5793600
2017-03-07,141.891357421875,143.26778440507584,141.5005132479002,141.5005132479002,2811900
2017-03-08,141.24566650390625,142.23975436314797,141.17769302234066,141.89139513185535,2375900
2017-03-09,140.84637451171875,141.7130075026991,140.29409466277085,141.38164477917837,1993700
2017-03-10,140.50648498535156,141.46659273638437,140.17512231374295,141.4581009115906,2164200
2017-03-13,139.80975341796875,140.28555481043077,139.59734115600423,140.0646507252493,2127700
2017-03-14,140.39601135253906,140.4639848311616,139.42741197024486,139.5208738827739,1974400
2017-03-15,141.50062561035156,141.50062561035156,140.04773218873245,140.67647750192523,2079700
2017-03-16,141.9424285888672,142.46071524838678,141.26270646684824,141.70452779085372,2726600
2017-03-17,142.57965087890625,143.0384687737084,141.95091867697562,142.79206320974654,3976000
2017-03-20,142.26527404785156,142.98746813946659,141.72149904049837,142.53715506921873,1603300
2017-03-21,141.70449829101562,143.4207933747779,141.59403974185406,142.32473860209993,2241900
2017-03-22,142.46917724609375,142.71558278398786,141.9254022552544,142.1633159680764,1534200
2017-03-23,141.80648803710938,143.097958831367,141.40715175838906,142.74110761807643,1430500
2017-03-24,141.05874633789062,142.28224310864672,140.75287214520162,142.20576483701223,1410400
2017-03-27,141.16925048828125,141.3137023031947,140.4640528558632,140.64247197961467,1212300
2017-03-28,141.69601440429688,141.93391516611263,140.31957375136952,141.13524276660866,1446400
2017-03-29,142.25680541992188,142.29929048660935,141.16925512875764,141.27971370922063,1216700
2017-03-30,142.6476287841797,142.89402139112806,141.68752087046386,142.1463387794301,1034000
2017-03-31,142.4777069091797,142.88553498235217,142.00190532970834,142.39273678515093,1720300
2017-04-03,141.6365203857422,142.99596430443802,141.38162303040946,142.5201628222799,1547900
2017-04-04,142.10382080078125,142.1633024644914,141.13522128520816,141.55155403732763,1322400
2017-04-05,141.891357421875,143.0808606216026,141.65345678192946,142.13774988302836,1715200
2017-04-06,144.4573516845703,146.23311529129452,143.8540950854283,144.16846112131824,3313800
2017-04-07,144.96714782714844,145.290018684013,143.9560631666459,144.18547208939802,1510000
2017-04-10,145.47691345214844,145.7742958097343,144.31289838573076,144.6102677787008,2002300
2017-04-11,144.97572326660156,145.663937405621,144.12607362047882,145.1116573568664,1191400
2017-04-12,144.5847930908203,145.67234295655754,144.1769651323231,145.65534634360685,1422300
2017-04-13,143.4547576904297,144.96713212250606,143.42077742926014,144.48283885429225,1422500
2017-04-17,144.18545532226562,144.2279403718523,143.3443109776874,143.39528785134465,1504100
2017-04-18,144.55079650878906,144.71223190205086,143.9900250262846,144.48282302927802,1542700
2017-04-19,144.49131774902344,145.23050828602393,144.28741027101825,145.18803620451675,1441300
2017-04-20,144.56784057617188,145.44297842313316,144.3979132886823,144.7207842101472,1933600
2017-04-21,145.09458923339844,146.03770031015887,144.98413069502467,145.73182609703068,2257900
2017-04-24,146.4200439453125,146.65794467724353,145.57039476995385,146.13965816169005,1906900
2017-04-25,146.7174530029297,147.02332730725314,146.38609025363104,146.91288170056762,1503000
2017-04-26,150.21800231933594,151.46698785649323,149.0454821094447,151.28006396898536,4591300
2017-04-27,150.77023315429688,151.05911074244543,149.89509560133018,150.65978758507342,2148700
2017-04-28,150.8297576904297,151.29706743034106,150.3284547160046,151.29706743034106,2364500
2017-05-01,151.11863708496094,151.6624121618022,150.66832395716835,151.6624121618022,3328000
2017-05-02,151.73887634277344,152.03625880511524,151.18660944370484,151.8493349084353,2505300
2017-05-03,152.78396606445312,153.32774117871512,151.83234989102863,151.8663431282695,2900500
2017-05-04,155.01852416992188,155.63876457675266,152.93688581700343,152.97937087821,3762200
2017-05-05,153.10679626464844,155.4178433223096,152.73294851052398,155.29040111732127,3713600
2017-05-08,152.6117401123047,154.43275385857177,151.69239821203266,154.39740026142675,3538000
2017-05-09,152.64712524414062,153.74327582235978,152.32005382076454,153.46924154995347,2662100
2017-05-10,151.9113311767578,152.56737376536324,151.2996055528561,152.51418258550518,2554500
2017-05-11,151.83151245117188,152.08862115963615,150.80311820061084,151.4059695361892,2106000
2017-05-12,151.49456787109375,152.3545275595642,150.99809908759735,151.85804524830803,1586800
2017-05-15,152.1063690185547,152.469846577024,150.98043948381357,150.98043948381357,1733600
2017-05-16,151.60098266601562,152.45208185425093,151.2729614768504,152.45208185425093,1129200
2017-05-17,149.9608612060547,152.04427209484462,149.88107445570026,151.29956870267603,2201400
2017-05-18,151.35276794433594,151.61873732080397,150.4396167897484,150.78537292082754,1589700
2017-05-19,152.16835021972656,152.86872295022624,151.43250770189817,151.91125513651434,1871800
2017-05-22,152.8422088623047,153.58692598789557,152.15957066151694,152.7003702206484,1594100
2017-05-23,152.90419006347656,153.8527971776466,152.77121218272,153.34746770301172,1788000
2017-05-24,153.38296508789062,153.48936094878334,152.310240488136,153.32977392132608,1420800
2017-05-25,154.90785217285156,155.19155645080284,153.6400841911388,153.7907970158887,2726900
2017-05-26,157.68275451660156,159.88140826767437,157.38132890713246,159.80162152300835,4471300
2017-05-30,158.62252807617188,159.03921029498355,157.3636207336346,157.52319425006542,2086300
2017-05-31,159.96119689941406,159.99666669374812,158.49838578556208,158.9062072538264,2456200
2017-06-01,160.1384735107422,160.555155545825,159.45582220445095,160.29804695681182,2028300
2017-06-02,160.43991088867188,160.6881452860654,159.46469466479724,160.09415486889088,2239900
2017-06-05,161.42401123046875,161.5392677630484,160.1119130069363,160.55519071345856,1561100
2017-06-06,160.86544799804688,161.99137695745677,160.47536152217197,161.08708681136127,2248900
2017-06-07,161.5303955078125,161.56586530031066,160.5906489230439,160.85661825573138,1246200
2017-06-08,160.8300323486328,161.79637457201625,160.3246892333556,161.28217077196265,1823600
2017-06-09,159.9168243408203,161.29097401877178,159.50900301436627,161.09594432880303,2167600
2017-06-12,159.2607879638672,160.35124715683995,158.5072105741993,159.20759681217484,2395200
2017-06-13,160.03216552734375,160.2804000426586,158.72006687099858,159.49136600588642,1745400
2017-06-14,161.06053161621094,161.3176402796619,159.7838895670056,160.3158282634288,1440400
2017-06-15,159.6331787109375,160.75910796639826,158.13489777453387,159.92574364477045,1753800
2017-06-16,148.1522979736328,151.24638170210136,146.2816652286887,151.069059770522,24233000
2017-06-19,145.69651794433594,148.39165406083848,143.96773753973602,148.09908914194273,13809100
2017-06-20,144.4198760986328,146.7249256590645,144.0031939586489,146.7249256590645,7337600
2017-06-21,144.6415252685547,145.1911988806817,144.28690847756468,144.942964421436,3421700
2017-06-22,141.6627197265625,144.7745386799236,140.97120740976348,144.6592821178686,8043100
2017-06-23,139.30447387695312,141.67157550375413,138.7991307347218,141.3169451773382,9506700
2017-06-26,142.02621459960938,142.72660114938472,140.16445582275554,140.20877278372174,6473900
2017-06-27,141.19284057617188,143.22306048420626,141.13964940439192,142.4340265380188,5533800
2017-06-28,141.99961853027344,142.29218352159367,141.405627861023,141.48541462381056,3234400
2017-06-29,140.67861938476562,142.26556129559026,139.89845974842459,142.0350617369973,3664200
2017-06-30,141.78683471679688,142.3276341895537,140.77616184466706,141.49428326476598,4755100
2017-07-03,140.8027801513672,142.31878279465232,140.6875235836233,142.03509201036152,1994300
2017-07-05,140.09349060058594,141.40558882827239,139.95163848738684,140.90024574791138,3770400
2017-07-06,139.26904296875,143.0457792150225,139.23358669008977,142.8330009597585,6963400
2017-07-07,136.62705993652344,139.6768128265525,136.60932503988025,139.5083651278484,7688400
2017-07-10,133.869873046875,136.17492262964808,133.83441678106487,136.09512235799076,8999800
2017-07-11,133.9674072265625,135.72278339535796,133.80782019607352,134.26883286133028,6275600
2017-07-12,134.53475952148438,135.55429265041155,134.24219466492693,134.27766445056034,5112200
2017-07-13,136.17494201660156,136.46749345253212,135.30610781128956,135.84690725428396,5673500
2017-07-14,135.6430206298828,136.76895014445444,135.55435964973717,136.7600759297801,4368400
2017-07-17,135.5011444091797,136.03308314005432,135.2174536730734,135.64299654111477,3096500
2017-07-18,134.3131561279297,135.50113723249706,133.81668722021575,135.29723325849235,3256900
2017-07-19,134.0826416015625,134.89827093428138,133.78120248887984,134.5879711377228,4100000
2017-07-20,133.86094665527344,134.92480996828198,133.7634250624619,134.28648927492566,3207400
2017-07-21,133.3734130859375,134.0737859866063,132.98332649710383,133.81669084092783,4078000
2017-07-24,133.869873046875,134.28655519089753,133.08083923691453,133.3822648434696,3655600
2017-07-25,135.79373168945312,136.26360511696467,134.22452435030675,134.23339856486447,4605700
2017-07-26,134.83621215820312,136.08625856168678,134.3574781780191,136.00647181961648,3017200
2017-07-27,135.2174530029297,135.63413518357146,134.259971408759,134.76530102559798,3637900
2017-07-28,135.54547119140625,135.90896219665626,134.8539589768037,135.35042789726057,2779500
2017-07-31,140.5278778076172,140.66086922123674,135.6695584796668,135.7138889508733,6937100
2017-08-01,141.6005859375,141.82222471920434,139.9959233224017,141.05092608775564,4787500
2017-08-02,142.98358154296875,143.22295516772428,140.4657687265376,141.07749380771563,5486300
2017-08-03,139.99598693847656,143.93229565469923,139.2424093271428,143.27623969274086,5562600
2017-08-04,138.69276428222656,140.46587553405197,138.1519648093092,140.3772145603546,3117900
2017-08-07,139.14486694335938,139.70340117271346,137.7175122121581,138.74591972000437,2629500
2017-08-08,139.85409545898438,141.35237604704363,139.21577457498566,139.27783993792775,2569200
2017-08-09,139.06507873535156,139.6945390131941,138.47994893247176,139.31331316182875,2157600
2017-08-10,138.8700408935547,139.6945444712382,137.7441117187663,138.45335876259588,2764600
2017-08-11,138.87892150878906,139.89846850803852,138.6661568345391,138.75480427288855,1887000
2017-08-14,139.99598693847656,140.25308208986777,138.7813966639352,139.71228267565223,2028400
2017-08-15,139.08287048339844,140.41270410930213,139.00307018474115,140.07580859518768,1869100
2017-08-16,142.0889434814453,142.19567951121272,139.7320653772236,139.88326005079492,3381800
2017-08-17,141.0305633544922,142.25791219166194,140.20342368823472,140.95050794929682,2650000
2017-08-18,139.70530700683594,141.13722467253774,139.5630014270254,140.5057521440079,2747900
2017-08-21,139.69651794433594,140.67483897071597,138.7092943309689,139.80324042004585,1857400
2017-08-22,141.1461944580078,141.81323697772524,140.10560975577036,140.10560975577036,2204600
2017-08-23,141.74205017089844,141.80431397190094,140.32792362511344,141.07500781107402,1731400
2017-08-24,134.59136962890625,142.8893786812273,134.37791117617013,142.3023781144622,10301700
2017-08-25,135.5875244140625,136.02333046914535,133.461882517831,135.51637157419083,5703500
2017-08-28,135.6764678955078,136.32571889458978,134.4757857840808,135.098356164777,3776400
2017-08-29,136.57476806640625,136.95721294049036,134.70705663686763,135.52529405900148,2446200
2017-08-30,137.35736083984375,137.62418049007644,135.96991494384713,136.70811009538608,2493500
2017-08-31,139.40304565429688,139.86551885623763,136.92163902591327,138.94055888133664,4567700
2017-09-01,140.73704528808594,141.01275395168864,139.8120723065033,140.15893378184398,2833500
2017-09-05,141.53753662109375,142.05338449540602,140.05225681777088,140.4880628420215,3413000
2017-09-06,141.28851318359375,142.24905612932588,140.60367900014273,141.5820135479299,2873700
2017-09-07,141.66207885742188,141.9466902533652,140.14122911978185,141.3863700494882,2479300
2017-09-08,139.9099578857422,140.96833430202219,137.88214949376663,140.85270924346565,3364600
2017-09-11,139.95440673828125,140.5236157783403,139.68758703209426,140.42578233843886,2442500
2017-09-12,142.33792114257812,142.88044940061116,140.0344050842943,140.23007190332325,2988400
2017-09-13,144.96170043945312,145.8155073542661,142.31130811263958,142.4269331708811,4202000
2017-09-14,144.41029357910156,144.68600239102224,143.76104248286717,144.68600239102224,2493300
2017-09-15,144.34803771972656,144.6771077636431,143.81439815081836,144.29467647703933,3757800
2017-09-18,143.11175537109375,145.37970269962048,142.97833872175977,144.24127095690056,2047100
2017-09-19,143.6898651123047,143.7788095523995,142.25794648128192,143.15623918478443,1790800
2017-09-20,144.837158203125,145.00613089329366,143.4230178743447,143.64536536095005,2432300
2017-09-21,143.61871337890625,144.90832634410134,142.65817041676345,144.90832634410134,1738800
2017-09-22,143.44973754882812,144.0812105539852,142.63150020383375,143.10287591811294,1535900
2017-09-25,144.3747100830078,144.70378010810194,142.7649160226043,143.0406248080634,1799600
2017-09-26,145.9221954345703,146.50918240643986,144.6058887194404,144.71262472697177,2370400
2017-09-27,146.23345947265625,147.03391838153826,145.30850011398218,146.2957232685627,2053100
2017-09-28,145.77096557617188,146.7048274700859,145.4507847431445,146.27792421638597,1730200
2017-09-29,146.11790466308594,146.81164147914635,145.64652895994146,145.7710430405642,1852300
2017-10-02,147.5408935546875,148.012269127465,146.11786425169035,146.67818424503514,2267100
2017-10-03,146.82052612304688,148.78607073513186,146.77605390178803,147.92337478358988,2839400
2017-10-04,146.93609619140625,147.57644436801212,146.47360969123562,146.9538742164429,1918600
2017-10-05,148.59033203125,148.63479065595288,146.9716363902056,147.51416460746668,4715400
2017-10-06,139.71432495117188,141.82218928070316,139.22515755102665,141.41306375394,18001200
2017-10-09,137.5086212158203,140.30130593857146,137.06392610983434,139.64315229614587,7028800
2017-10-10,139.51861572265625,139.95442174184862,137.92661347106227,138.45135035450798,5420200
2017-10-11,140.40797424316406,141.37741951411468,139.6875706208061,139.90102907488017,3859300
2017-10-12,139.8299102783203,140.51474444379645,139.0650342622214,140.40800840528368,3596300
2017-10-13,142.1689910888672,142.3735469805811,139.7142661042449,140.0077664207112,3634500
2017-10-16,141.24403381347656,142.1245348619096,140.80824136781015,141.75099266376037,2453700
2017-10-17,140.86158752441406,141.65314405337364,140.14118382144133,141.41300496204474,2426800
2017-10-18,140.1234130859375,141.2707203446463,139.90995457619394,141.2707203446463,3011300
2017-10-19,140.93276977539062,141.19957596477968,139.63425417929125,139.75876825801174,2981700
2017-10-20,142.98724365234375,143.20068858115403,140.9772134326117,141.38633883119022,3993200
2017-10-23,144.11676025390625,144.42805220526233,142.81825835794095,143.0583974755295,2811200
2017-10-24,144.33908081054688,144.87272017862222,143.19177381150163,143.33407945245676,3040700
2017-10-25,144.24127197265625,144.97057832864223,142.8182560335118,143.1917982264503,3603900
2017-10-26,144.4903106689453,145.4597425474458,143.00501737199474,144.4903106689453,3038900
2017-10-27,144.419189453125,144.68599566450334,142.92500681431696,143.013951265455,3399900
2017-10-30,142.50698852539062,144.08121298567457,141.83105685620933,144.07232396920472,2550700
2017-10-31,143.26295471191406,143.43194099729348,142.05338366874184,142.16010613486966,2513600
2017-11-01,144.6948699951172,145.22849588468122,143.44971577743732,144.05450807082818,2129400
2017-11-02,146.70489501953125,147.23853451062476,144.6237254320953,145.61983800638615,3255700
2017-11-03,148.03004455566406,148.59036448780208,145.6642643655388,146.00223684156003,3112500
2017-11-06,146.79379272460938,148.16344707821142,146.7315289230307,147.46083509060637,1917300
2017-11-07,147.88775634765625,148.0834232177692,146.3935877806264,146.92721359555992,1944200
2017-11-08,150.35142517089844,150.4759392636326,147.65657378663735,148.199102384483,3494300
2017-11-09,150.4047393798828,150.5826146608749,148.57259820073764,148.95502937631994,2094000
2017-11-10,152.4059295654297,152.42372117215723,149.48873032901687,149.80891139501438,2673100
2017-11-13,152.4948272705078,153.9445238553387,151.77440991464113,152.08570186733718,4093300
2017-11-14,152.47703552246094,152.8238971063523,150.99175573651513,151.9256180226889,1774300
2017-11-15,150.30690002441406,151.84554082241334,148.58148136756455,150.57371972090863,2439900
2017-11-16,152.5191650390625,152.84029612969528,150.89567880012615,151.85014306785143,2342700
2017-11-17,152.5191650390625,153.6074418678021,152.2247937383752,152.5370094361218,2100600
2017-11-20,153.67881774902344,153.90182509003506,152.40322229185517,152.6351450264436,1955000
2017-11-21,154.6957244873047,155.38259088128666,153.91966332726116,154.28539861858937,2360200
2017-11-22,153.857177734375,155.21306579848684,152.6261868130257,155.07033787357315,1950100
2017-11-24,153.0900421142578,154.46377466119924,152.98300296924913,153.7679929960728,789400
2017-11-27,153.97315979003906,154.37457020526253,152.6440313903186,153.6520287356032,2346700
2017-11-28,154.9008331298828,155.37360741929538,153.91960937939444,154.6064755326341,2728400
2017-11-29,158.36195373535156,158.54928586926823,154.8116810850656,155.21309153055978,4683000
2017-11-30,164.51695251464844,164.93620736244412,160.76151689241888,160.94883541768883,7716600
2017-12-01,165.14134216308594,165.1859327265003,161.57322596781827,163.4732385861258,4034400
2017-12-04,169.093017578125,169.3784733957878,166.41693053830758,167.00567295377522,5774200
2017-12-05,167.5409393310547,170.57383331957172,166.67566987449283,169.19118526755014,3182800
2017-12-06,167.00570678710938,167.68364407447663,165.48033087642645,167.36251302018997,3569200
2017-12-07,166.09585571289062,167.5231080612521,165.52495749580345,166.37238262270495,2240800
2017-12-08,167.76390075683594,168.1742264749909,165.8727900189836,166.62209111313973,1772500
2017-12-11,168.46864318847656,168.50431836919068,166.84514343462018,167.8888296256913,1964100
2017-12-12,167.9691162109375,168.70057314295013,166.63107229042225,166.773800241986,3365700
2017-12-13,167.95126342773438,169.59259395489983,167.5230932057099,168.17427073668466,3062900
2017-12-14,166.39019775390625,169.25361734006995,166.0690667125728,168.21886025007495,3743200
2017-12-15,171.9207763671875,174.2579020243932,171.26959889089747,172.52736327446084,8452900
2017-12-18,171.54611206054688,173.36585902583408,171.18037686706575,171.83156790266398,3492300
2017-12-19,167.99583435058594,172.16160842364874,166.8094340685094,172.08132907502963,3959900
2017-12-20,167.26438903808594,168.82544012545065,165.38220689686906,168.6291926141363,3894400
2017-12-21,166.63107299804688,168.05831168588549,166.43482546663498,167.7015054167475,1908100
2017-12-22,166.4794158935547,167.23763255562787,165.89067334797863,167.05031404376265,1078300
2017-12-26,166.40805053710938,167.11274761849347,166.024470901962,166.0869194795872,1120000
2017-12-27,166.18502807617188,166.86296530852488,165.7390135153723,166.67564681530823,1175200
2017-12-28,166.47052001953125,166.82733994147546,166.08695391614054,166.42592943916546,1017000
2017-12-29,166.0244598388672,167.3446727714218,165.85497212379028,166.32776009224486,2028000
2018-01-02,167.9869384765625,170.09211423399532,166.5775307659453,167.01461634450712,2509300
2018-01-03,170.00294494628906,171.35883328801745,168.04048321640846,168.43297828464196,3364400
2018-01-04,168.68275451660156,171.53724569720328,167.3090217035295,171.2696341715527,3525800
2018-01-05,167.478515625,169.20012579015028,166.5597264550815,168.9771184457761,2819000
2018-01-08,168.12966918945312,168.57568381434865,167.0324770233703,167.09492560427302,1961800
2018-01-09,166.17611694335938,168.86113359932588,166.0512333973576,168.60243750392428,2241900
2018-01-10,165.4000244140625,166.13149476669358,164.026305669379,165.69439563319818,2609500
2018-01-11,168.9324493408203,170.08316071393745,165.05211790789454,165.40892404852326,4678600
2018-01-12,171.12689208984375,171.43017877528902,169.4855614978366,169.57476986945534,3499500
2018-01-16,170.85032653808594,172.01888244095386,170.27942847823886,171.5817969082593,2006600
2018-01-17,171.52830505371094,171.76915677158254,170.68087995605802,171.742396981962,2585200
2018-01-18,170.83250427246094,172.1883924444491,170.5738217978473,171.47476637438768,1908000
2018-01-19,171.52830505371094,171.84052074766623,170.52032121833474,171.01094004685592,2353800
2018-01-22,173.39260864257812,173.73157042111217,171.32309474242828,171.7155896966831,3009100
2018-01-23,172.53623962402344,173.14282639403663,171.33200869608945,172.70572730404598,2316400
2018-01-24,173.2677764892578,173.72270653313237,171.20717736852882,173.43725062312618,2799200
2018-01-25,176.57716369628906,177.02317826163016,173.71375780911836,173.94568048303339,3558700
2018-01-26,177.43353271484375,177.7189749830283,174.56119758128256,176.39877556869308,2756200
2018-01-29,176.9072723388672,178.29883598728387,176.2293213020471,176.95186291862592,2031100
2018-01-30,176.54153442382812,177.3265110072624,174.9091190568698,176.25607849436994,2285000
2018-01-31,173.8297576904297,177.0410688431901,173.14290488073786,176.12227968778961,2682300
2018-02-01,172.5808868408203,174.30249662776941,171.66209787274025,172.52736726773372,2096600
2018-02-02,170.36865234375,172.69684897086552,170.19916462735972,170.6005750228035,2386600
2018-02-05,163.03614807128906,171.35878047526734,162.82205620606655,170.07425650649756,3407200
2018-02-06,165.0343017578125,165.23947825450108,157.1755274281001,159.59293232005868,4067900
2018-02-07,163.41082763671875,166.08691517630464,163.30378849074654,164.66859204703255,2594800
2018-02-08,159.3253173828125,164.5882836047585,159.25395342177765,164.5882836047585,3013200
2018-02-09,161.20748901367188,162.4117336608103,156.80977877362506,160.36897953922383,2777200
2018-02-12,161.51080322265625,163.47326472154697,160.90422990590022,162.20658490306946,1596200
2018-02-13,164.2672119140625,164.66863604127627,160.60989946628146,160.7615428340181,2123900
2018-02-14,167.1216583251953,168.12964195852766,162.62582401209093,162.98264382098714,2191000
2018-02-15,171.26280212402344,171.4685276667267,166.8712291602052,168.2307318941074,2072900
2018-02-16,171.33436584472656,174.07127724517542,170.8692655973151,171.2359795163839,1969300
2018-02-20,168.25755310058594,171.2627917556372,167.8192979442015,169.82278128243127,2202100
2018-02-21,166.13780212402344,169.1698723678887,166.08413933792616,168.6242779630536,1747200
2018-02-22,166.88912963867188,168.4454188718567,166.05732905301554,166.6744784669976,1360100
2018-02-23,169.76918029785156,169.80496459774966,166.28096168192545,167.99823958882072,1561700
2018-02-26,172.4523468017578,172.71173508451085,169.87642435411294,170.0284870841158,1852400
2018-02-27,170.0285186767578,174.87625266049423,170.0285186767578,173.02480464530953,2170400
2018-02-28,170.74404907226562,173.30207997940843,170.7351098233384,171.37015133758754,2179800
2018-03-01,169.0714569091797,172.61335030603342,167.5420131781354,171.1107243157089,2447700
2018-03-02,169.33984375,170.28792286694747,167.45262476614252,167.6851680965057,2275900
2018-03-05,171.26280212402344,171.71001020305357,167.70302963630164,168.5527222569174,2155800
2018-03-06,171.24490356445312,171.95148624154743,170.00166579631323,171.85309992977926,2458700
2018-03-07,167.57781982421875,169.71547399690118,165.27022438985608,169.23249525375928,5157100
2018-03-08,166.0841522216797,166.67447020995817,163.74972531140438,166.5313603374588,6061500
2018-03-09,168.6690216064453,168.72268439893935,164.76936612860555,166.80863412963367,3288100
2018-03-12,169.3756103515625,170.02854407686655,167.7477797824885,168.39176061025898,2394100
2018-03-13,167.667236328125,170.04637261467346,167.0769184681602,169.98377058888025,1964300
2018-03-14,165.1361083984375,169.05364304723878,164.12541347408145,168.84793109149152,2866000
2018-03-15,165.9232177734375,166.87131082906402,164.71576355773777,165.3060817864163,1811300
2018-03-16,166.24514770507812,166.58503025487852,164.99297038640702,166.52241456509037,3569400
2018-03-19,164.70677185058594,166.34355547297972,163.50825717004983,166.03051792683362,2493200
2018-03-20,167.56884765625,167.77455952053617,165.1092035887709,165.5564116010398,1852500
2018-03-21,166.4240264892578,168.05185685301728,166.4150735928535,167.103777878298,2048300
2018-03-22,163.35617065429688,165.95892501490115,163.23095293494003,165.3775463089739,2489800
2018-03-23,161.74618530273438,164.97502759143865,161.73724605595584,163.92856251473904,2351800
2018-03-26,167.45260620117188,167.75670444124998,163.08785066985402,163.7050000467651,2036600
2018-03-27,163.81231689453125,167.84614257590997,162.83740653981218,167.64936992571063,2495300
2018-03-28,164.2237548828125,165.1271103088364,162.0950400132758,164.2237548828125,2168700
2018-03-29,168.53480529785156,168.72263866837952,164.9392626981953,165.2344216246218,3016000
2018-04-02,163.45460510253906,167.1753807841544,161.9340998776392,167.1753807841544,3599200
2018-04-03,163.32936096191406,164.72464820519565,162.2024013379658,164.1522223195491,2287000
2018-04-04,165.93211364746094,166.67448080456762,161.83568540881112,162.00562668724282,2111000
2018-04-05,166.58502197265625,167.25583414167366,165.40438600428553,166.987506544525,1933600
2018-04-06,164.53680419921875,167.47942738567667,163.7676057491626,165.77108923008456,2259000
2018-04-09,164.93931579589844,167.61361184112735,164.12539367443318,165.64589867920475,1946000
2018-04-10,164.1701202392578,166.3346061219549,162.93582133555142,166.13783343737242,2526000
2018-04-11,165.1539306640625,166.6923274782284,162.98050604908448,163.0073374407973,1697300
2018-04-12,168.88369750976562,169.97487287342437,165.90528950145986,165.91422875155925,2841600
2018-04-13,168.9641571044922,169.78701831956874,167.264758241604,169.76912617532372,1744400
2018-04-16,174.03553771972656,175.12672677546593,171.1734080848818,171.58483196954444,3026800
2018-04-17,175.3055877685547,176.09267844825183,174.16967529175702,175.00148951420226,2160500
2018-04-18,175.76170349121094,176.88867651554793,175.41288175694157,175.57388375229255,1663100
2018-04-19,174.47373962402344,175.66330092099534,173.06949992130853,175.44864981066317,2427600
2018-04-20,173.12319946289062,175.01041821232326,172.39872451626104,173.9013371984989,2252800
2018-04-23,172.9353790283203,173.85662662942485,171.96045499073767,173.34680284069472,1618000
2018-04-24,172.18405151367188,174.73314305044707,170.96764497981223,173.99971524210616,1598900
2018-04-25,173.48992919921875,174.11601787388977,171.1823335288231,171.9336399384283,1311700
2018-04-26,174.6437530517578,175.69917157127946,172.92647508642747,173.62411883335193,1445800
2018-04-27,175.82432556152344,176.1284237721562,173.99076975413183,174.36642289333238,1563100
2018-04-30,176.3430938720703,178.02458697711126,175.65438960559456,176.2894310859541,2165000
2018-05-01,175.7974853515625,176.27152478780334,173.07845279319721,175.74382256975508,1413200
2018-05-02,173.5167236328125,174.9299027104334,172.13037594641108,174.84045564123073,2498100
2018-05-03,172.63125610351562,173.50779375638353,170.10005676268088,173.4451780750184,1815500
2018-05-04,174.58111572265625,175.66335177778328,171.08394479549446,172.47923200742875,1704500
2018-05-07,172.67596435546875,175.12666930136407,171.9157188843067,175.10877715859962,2361900
2018-05-08,173.94602966308594,174.59001031120022,172.10353478286677,172.61335848250135,1908600
2018-05-09,175.3413543701172,175.68123690991277,172.75649197231982,173.6509082158166,1999100
2018-05-10,175.32347106933594,176.6510637639966,174.20219021869104,175.86169135264964,1874200
2018-05-11,175.60147094726562,175.7988173870374,174.534023534415,175.21575707066916,1296300
2018-05-14,175.70913696289062,176.95600028250402,175.2964997325664,175.78090055457767,1440900
2018-05-15,175.35032653808594,176.4446974051967,173.3589312676061,174.7044678726597,2319600
2018-05-16,178.24774169921875,178.82183682296346,174.919774832467,175.87959760283334,2163200
2018-05-17,179.0460968017578,180.61588968663668,177.51217887460135,178.56169590370516,2391000
2018-05-18,178.4720001220703,178.97433165088574,177.4135040970599,178.95638732842588,1624600
2018-05-21,179.06398010253906,180.60686293939878,178.58855833522227,179.04604947217157,1202800
2018-05-22,178.48094177246094,180.99261277099083,178.35535890690971,179.15371005666506,1563600
2018-05-23,177.7364501953125,178.588620811024,176.50753089752362,178.588620811024,1635100
2018-05-24,178.40919494628906,178.58859710143562,176.5523614248861,177.87097479334227,1176300
2018-05-25,177.9337158203125,179.6021813325607,177.44932878853197,178.40913753784804,1331000
2018-05-29,176.48057556152344,178.36431848418056,175.816772614965,177.70052922512747,2298100
2018-05-30,179.08197021484375,179.88032147048153,177.38659446129802,177.7543777904421,2390900
2018-05-31,177.8261260986328,180.0327985086947,177.3417252464197,179.6022306192325,4822800
2018-06-01,176.8304443359375,178.49891045599418,174.91977776800758,175.32343605612454,4056400
2018-06-04,178.16696166992188,178.54371023254149,176.93804276179324,177.0008410326488,1870600
2018-06-05,177.46728515625,178.82180061634543,176.70482270976035,178.70518307673333,1868500
2018-06-06,177.3058319091797,177.96962115171564,176.4446825320321,177.61978221139117,2066900
2018-06-07,181.71022033691406,181.9882956819271,178.87562024338533,179.85337345246492,2735000
2018-06-08,182.77767944335938,183.00193553431302,180.30189712673308,180.75937462477654,2052500
2018-06-11,183.4414825439453,183.79132149860715,182.47269458776512,182.77767958669995,1684800
2018-06-12,183.78236389160156,183.96176603452946,182.30226541555757,183.21723413824785,1384800
2018-06-13,183.0916290283203,184.634511907589,182.28431263946075,183.8182165157948,1665800
2018-06-14,183.99765014648438,184.5448356065293,183.25311821314415,183.77339403478575,1685000
2018-06-15,185.97113037109375,186.28508074112023,183.50431293691955,184.2488312447724,3879600
2018-06-18,184.9754180908203,186.6797590729719,184.0245606751126,184.78703693357915,1975000
2018-06-19,186.159423828125,186.41058949927174,183.5490802235258,183.80024589467254,1940600
2018-06-20,186.56312561035156,187.1103110263975,185.64817060319723,186.36577915292477,1527700
2018-06-21,188.3393096923828,189.37088260955028,186.58113527974217,186.73362783434453,1825800
2018-06-22,189.3618621826172,189.96286690673935,188.39307415809733,188.70702449532183,1738600
2018-06-25,189.9449005126953,190.24092018196893,188.34819831176844,188.38407326220846,2398600
2018-06-26,188.45587158203125,190.581828928162,188.34823302336906,190.5100653265514,2276700
2018-06-27,188.40203857421875,190.54592639890072,188.0252899588465,188.82364114826765,2211700
2018-06-28,187.218017578125,189.4426348402413,186.62597803407084,188.3751733346766,1826700
2018-06-29,187.4601593017578,188.8505498890921,186.86813358755958,188.07014302434916,2164600
2018-07-02,186.57212829589844,187.3166602638754,184.83189859815798,186.95784225596077,1876100
2018-07-03,185.79168701171875,188.2943927212513,185.59434055119982,187.0564946848156,842100
2018-07-05,187.60365295410156,187.73820111793157,186.17738766748758,186.76044796075627,1436700
2018-07-06,188.03421020507812,188.7249226781215,185.37902621292966,185.8095940005072,1523200
2018-07-09,189.21829223632812,189.98075461517612,188.37508727471695,188.8415437042791,1738300
2018-07-10,189.9000701904297,190.79709462561124,189.11966331182387,189.26319050645452,1687800
2018-07-11,189.2272491455078,189.97178086178343,188.3481692764426,189.4604841936802,1472800
2018-07-12,191.98117065429688,192.11571884261207,190.36652395698235,190.6535646545569,2222000
2018-07-13,194.24163818359375,194.33134608965045,191.70307142974664,191.96320245730354,1951200
2018-07-16,192.7257080078125,194.7709226529786,191.8735238327376,194.3313757462298,2078200
2018-07-17,192.86021423339844,193.90076565100745,191.96318998115007,192.01700924628435,2064800
2018-07-18,192.8332977294922,193.64959305495162,191.60437892770395,193.16519231099628,1869500
2018-07-19,195.13865661621094,195.73069592834054,191.9901063085287,192.37583386794805,2790800
2018-07-20,196.17027282714844,196.39452893240832,193.97256573310273,194.6363550446679,1793900
2018-07-23,196.3048095703125,197.757998355177,195.73071452181838,197.23772257880645,1394300
2018-07-24,196.07159423828125,197.95533725851226,195.18353515820417,196.81612612991043,1453900
2018-07-25,197.97325134277344,198.08090356142083,194.98615891600784,195.20144966579863,1560200
2018-07-26,198.88827514648438,201.48964074648262,198.08095856372842,199.13944091389766,1820000
2018-07-27,197.0314483642578,199.58797395509075,196.2330970159378,199.41753709070065,1596800
2018-07-30,196.54702758789062,197.45301735397035,196.098515363345,196.48422930645094,1292700
2018-07-31,196.18820190429688,197.40815556962087,195.84732827078557,197.06728193610957,1888500
2018-08-01,194.7709197998047,196.53805903037843,193.98153391761758,196.13438708493763,1841300
2018-08-02,198.35008239746094,198.6012481996096,192.86926134430612,192.86926134430612,1904800
2018-08-03,199.16632080078125,199.69556189680276,198.2423867899282,198.2423867899282,1195700
2018-08-06,199.78526306152344,200.27862918839944,198.2513454102372,198.6280939923502,1285500
2018-08-07,200.807861328125,202.26103632123446,200.01847556026078,200.25171063940502,1428100
2018-08-08,201.45370483398438,201.72281484264659,199.3546714039257,199.9108220509916,2010700
2018-08-09,195.76661682128906,199.4533877815618,194.57357268511737,198.79855009168506,3637100
2018-08-10,197.6234130859375,198.88822058109267,195.32703316388512,195.676872078768,2830800
2018-08-13,196.95066833496094,198.76266139346188,196.50215615030763,198.2692952528421,1518900
2018-08-14,199.13943481445312,199.64176633389383,197.21980297230058,197.35435116946957,1450600
2018-08-15,198.8434295654297,199.2381225558618,196.24206385577565,197.99125898381945,1844100
2018-08-16,200.2069091796875,201.16671831953778,199.26503067562297,200.4401306324763,1657700
2018-08-17,202.44044494628906,202.6198607629329,199.27395014509793,199.43542164257636,1980900
2018-08-20,203.93850708007812,204.71891394439723,202.70060900218735,202.72751863974963,1783700
2018-08-21,205.00596618652344,206.4053358561047,204.25246891733076,205.8581503823442,2066700
2018-08-22,205.6069793701172,206.52193445038807,204.86244743714684,204.95214166927764,1267900
2018-08-23,205.8760528564453,206.6295637100779,205.03286146816305,205.4185753671906,1337900
2018-08-24,207.4638214111328,208.16349941313493,205.95682684913055,206.3156311674623,1453200
2018-08-27,206.342529296875,208.88111008561327,204.6112787106102,208.77347153361944,1904100
2018-08-28,206.548828125,207.9571629669233,206.1720795291525,207.15881181887622,1882100
2018-08-29,206.48602294921875,208.1096347197471,205.17636146684256,207.9212535968523,1793600
2018-08-30,207.5740966796875,207.8708511372556,206.32413841861722,206.48599700193776,1272000
2018-08-31,209.64244079589844,209.9931482219799,207.01662888650927,207.01662888650927,1881300
2018-09-04,211.03627014160156,211.24310780208052,209.6514292975098,209.6514292975098,1858400
2018-09-05,211.87257385253906,212.37615232451833,209.70537518710717,210.93735865050388,2126000
2018-09-06,212.8347930908203,212.91573613690758,211.37801036205346,211.7467066916628,1853200
2018-09-07,217.1331787109375,218.4730540809464,213.30236020671242,213.40127837751362,2722400
2018-09-10,218.67990112304688,219.23744619993397,217.72669704259033,218.51804249269816,2817300
2018-09-11,219.60614013671875,220.46042602677062,218.6709112108742,219.35433717861883,2185700
2018-09-12,218.01441955566406,220.42440570374245,217.82557080395028,220.31649997218122,1912000
2018-09-13,216.96231079101562,219.4082748136784,216.76447445672065,218.0683857716775,2078200
2018-09-14,211.66571044921875,214.92099476567407,210.84738872411015,214.92099476567407,3875300
2018-09-17,208.62623596191406,210.95529280298848,208.18559802381284,210.47869086165608,2884600
2018-09-18,210.739501953125,211.74665879988765,208.35647829189725,208.6082675035879,2000200
2018-09-19,210.28985595703125,211.0901888138462,209.00391986667645,210.98226936112533,1581400
2018-09-20,210.35281372070312,211.32400654630237,208.91402020689455,210.9643115982209,1910100
2018-09-21,211.10821533203125,212.07940831398815,210.43377690468492,210.75750789867055,3717800
2018-09-24,209.8312225341797,211.18910030966757,209.43554990348073,210.59559136361912,1530400
2018-09-25,209.46255493164062,211.01826923486686,209.28270745353743,210.45173664343287,1889700
2018-09-26,210.25392150878906,211.91754172238527,209.93019052695624,210.03811000189012,2008500
2018-09-27,210.4247589111328,211.92650661233944,208.9319987812569,210.15498083489888,1421400
2018-09-28,211.21609497070312,211.7466498069841,210.23590087951885,210.2988550405093,1602800
2018-10-01,211.00926208496094,212.69985851946754,210.81142574809388,212.0523966390813,1673100
2018-10-02,212.53802490234375,213.6351124552551,210.3078720647786,210.51470971858686,1647600
2018-10-03,209.70535278320312,213.40127533557026,209.28270367048484,212.78078988406966,2322300
2018-10-04,208.33840942382812,210.42467777266984,207.4211835283855,209.7592272707508,2862800
2018-10-05,196.7741241455078,204.18394412112949,195.84788292707282,202.33148912722407,7379000
2018-10-08,201.36929321289062,201.88187292868727,197.16979220211013,197.24173393703683,3863500
2018-10-09,201.5851287841797,202.4663910697556,200.13733388284894,201.56713991915223,2502800
2018-10-10,198.77947998046875,202.33151946681147,198.77047868674248,201.52219887753796,3021400
2018-10-11,199.47189331054688,202.61927228239261,198.6715466279392,200.4520737543371,3650900
2018-10-12,204.08506774902344,204.68756443789587,200.88373550535013,202.5113780668762,3130500
2018-10-15,201.89083862304688,204.07602570502385,201.65703830098195,203.45554031481456,2441900
2018-10-16,204.74148559570312,205.26305288469837,201.72001504673696,202.2145921787394,2541800
2018-10-17,205.4698944091797,205.82060179893074,202.79011617827868,205.4339166801634,2129300
2018-10-18,205.55084228515625,207.4122851461426,203.45558532889274,205.51486455289,2624600
2018-10-19,206.531005859375,207.3942929836292,205.67672002819094,205.83857864565422,2099800
2018-10-22,205.98245239257812,207.0525633846614,204.37279897961338,206.719844872377,2007300
2018-10-23,205.7036895751953,206.16230269746518,201.2703882288045,204.19295431020075,2656700
2018-10-24,201.2164764404297,207.8079904597137,200.6139796845916,203.16785021660317,3100200
2018-10-25,203.5904541015625,204.66056516145343,200.3891222151052,201.48620971167543,2218900
2018-10-26,196.20761108398438,202.3315092347178,195.13750001748338,199.91252143998534,3995400
2018-10-29,200.011474609375,202.23262644152516,196.71122395013845,197.6104752596248,3801400
2018-10-30,204.957275390625,205.2180658508071,200.5419499219139,200.62289293594182,2410500
2018-10-31,205.59584045410156,207.33138897255125,202.83513222445987,205.61381560162354,2674600
2018-11-01,206.46807861328125,207.54717729646535,204.61560963672554,205.19112984918937,2095000
2018-11-02,206.9716339111328,208.83307652995563,204.29185578678533,206.65689054142968,2167200
2018-11-05,210.8293914794922,211.2250641098128,206.64787987215539,207.46620156472926,2513900
2018-11-06,212.86170959472656,213.56312427485722,210.58659194794024,211.3239843519901,2101300
2018-11-07,216.15296936035156,216.6115961751871,213.06854486139147,214.6961870578906,2603600
2018-11-08,215.16146850585938,216.153001524811,213.65615110734143,214.99020246130416,2140600
2018-11-09,214.29612731933594,216.56761665238673,213.69219861739876,214.50344284290284,2256700
2018-11-12,211.35760498046875,215.612160472153,211.04212720814547,214.20599639091992,2301400
2018-11-13,211.05116271972656,213.10632798249472,209.81626452566962,211.60101041089442,1548100
2018-11-14,210.30294799804688,213.7372359703675,208.86073465555444,213.7372359703675,1896500
2018-11-15,207.2653045654297,209.7080600596574,204.6152197825679,209.41061391424142,2722300
2018-11-16,208.2388153076172,208.32894592255263,204.18256627483166,206.6884256880912,2822400
2018-11-19,206.18368530273438,210.47429116909444,205.34538654123406,208.77066683570567,1949500
2018-11-20,197.68356323242188,202.8124673860861,196.54781836653603,202.74035463607896,3704800
2018-11-21,197.0165252685547,200.13532231799255,196.0069606204083,198.81027989250614,2036500
2018-11-23,198.35958862304688,199.3691395326618,196.19626131555788,196.59287453122076,1007500
2018-11-26,197.80970764160156,201.44230227096827,197.31394120558807,200.8744368570776,2205600
2018-11-27,201.01870727539062,201.1178605915515,196.84528656849432,197.73765265984105,2369800
2018-11-28,207.6258544921875,207.73403048097023,200.2795426324728,200.81135862513312,2765600
2018-11-29,208.22079467773438,208.752610722464,205.84112900301,206.41801723463712,1478700
2018-11-30,208.47315979003906,210.37509033621944,207.04896411409416,208.84273242674163,2764000
2018-12-03,209.1942901611328,209.30245240331132,205.70592030987595,207.96840098474306,2481500
2018-12-04,204.02932739257812,210.2939757888403,203.31722265341992,209.22132108961927,3418600
2018-12-06,210.20384216308594,210.7987620062791,204.25468499345428,205.46254255089494,4029800
2018-12-07,202.68626403808594,210.75369016842265,201.03672106329037,210.15877032424717,2881900
2018-12-10,200.70323181152344,202.99275329235496,197.50329884776679,202.39783338840218,2650000
2018-12-11,204.1645050048828,204.84054641218376,201.91103364721303,202.92058441413783,2466800
2018-12-12,205.3363494873047,207.7250240508608,204.67833958464396,205.83211602524088,2891400
2018-12-13,204.1735076904297,206.97682652374365,203.24507861981064,206.2737445819952,2170200
2018-12-14,186.64154052734375,197.40412371984903,185.24438530270749,196.50273502706435,8822300
2018-12-17,182.28782653808594,187.48884300529414,180.87265348099504,186.29900336117737,4739400
2018-12-18,182.972900390625,184.48722683135736,181.6929300645488,183.06303100975416,3308500
2018-12-19,181.54872131347656,186.587481399066,180.15156592416082,183.43262060246343,3369600
2018-12-20,177.6907501220703,180.90870047119725,174.58094825623,180.5751910698576,4250900
2018-12-21,175.33811950683594,180.90869461755688,175.15784453232598,177.7177849310243,5080200
2018-12-24,171.25485229492188,176.0682648832687,171.08358623303488,174.77927182818817,2031700
2018-12-26,179.04286193847656,179.1780647569818,170.82218672081845,172.00301760353773,3268800
2018-12-27,181.25120544433594,181.2962776212032,174.83332357643994,177.53748913930812,2705900
2018-12-28,182.11656188964844,184.73960623552261,179.90816238617933,181.91826903487174,2037800
2018-12-31,183.62188720703125,184.23482488460587,181.5216500104607,183.32442730323206,1729400
2019-01-02,184.56832885742188,184.87481144129995,180.14252118687176,180.72841828816144,2143100
2019-01-03,180.65634155273438,185.63201157732763,180.31380940759777,183.61289571488797,2877700
2019-01-04,185.90240478515625,187.42574008837917,181.58474534118412,183.05401327880756,2761600
2019-01-07,186.58743286132812,188.49837221685743,183.46862237619072,185.25338163694528,2226600
2019-01-08,187.984619140625,188.46235405893324,184.04554110587353,188.07474975960565,2366500
2019-01-09,189.20143127441406,190.39127063743027,187.41668598398607,188.5253899329084,1862900
2019-01-10,189.86851501464844,190.10287112492162,185.68607200128827,187.62405220257435,2340700
2019-01-11,189.75131225585938,190.41834478195574,188.6696486694562,189.32765850678584,1861100
2019-01-14,188.3902587890625,189.87754480417766,187.6330954996985,188.81391262446652,1523100
2019-01-15,190.2200469970703,190.49947527980632,188.4623418684895,189.32766727605267,1681900
2019-01-16,189.4539031982422,190.60769358797737,188.8409653779821,190.60769358797737,1455000
2019-01-17,190.60765075683594,190.77890304758978,188.97612574025,189.17443234438534,1517100
2019-01-18,192.527587890625,193.04138599490616,190.8870677897541,191.59915873238575,2115400
2019-01-22,191.45498657226562,194.30337864421793,190.01277266221175,191.9958253848498,3310800
2019-01-23,191.175537109375,193.66337886750233,189.2916379186922,191.99580417467354,2220200
2019-01-24,189.57098388671875,191.44587332695735,188.30002299749387,191.44587332695735,1994400
2019-01-25,188.45330810546875,191.38282085185216,188.15584823765195,191.1214104737264,2252300
2019-01-28,189.98568725585938,190.00370512568446,186.86687651372839,188.1017745476041,1999400
2019-01-29,189.57098388671875,189.77829935847691,188.00257694214707,189.580006572944,1636500
2019-01-30,190.50852966308594,191.24766133192486,188.6787114871059,189.72431204902188,1589800
2019-01-31,193.46505737304688,193.69040454372634,189.03923563991822,190.31920591888561,4341100
2019-02-01,189.53500366210938,193.79856831386647,188.7237455888007,192.89717962403455,3453700
2019-02-04,190.35525512695312,190.3642778163905,187.39870135243092,189.9225924110498,1630300
2019-02-05,190.7428436279297,191.5631105610705,188.96710697227266,190.63468139642933,2074500
2019-02-06,190.7338409423828,191.32874698922447,189.72427631694123,191.32874698922447,1618800
2019-02-07,188.9442596435547,189.89327684681552,186.4316320257776,189.86616325168654,2526600
2019-02-08,187.76925659179688,188.43809067759835,185.96161031895164,187.84156409766027,2013700
2019-02-11,188.64601135253906,188.8267732648997,186.87451151240506,188.5827370980254,2376600
2019-02-12,191.52015686035156,192.2884122023366,189.13406383637678,189.8571252539069,2091200
2019-02-13,192.33358764648438,192.97529442183773,190.9778527905993,191.81840178144896,1703000
2019-02-14,193.2735595703125,193.91528014297424,190.8332395649231,191.61052810795437,1411100
2019-02-15,195.650634765625,196.35561585041862,193.45433693126844,194.45758136597465,2635500
2019-02-19,197.1419219970703,198.47959033079988,195.6867660194139,195.83138104866816,1938100
2019-02-20,196.22909545898438,198.0005953598386,194.37625476346733,197.24137323590085,1785600
2019-02-21,194.52989196777344,195.8765936978776,193.71645648512634,195.76813931119122,1615300
2019-02-22,195.48797607421875,195.75912587876212,193.64418222757726,194.47569818125888,1542500
2019-02-25,196.17483520507812,198.0186285296566,195.7229235892135,196.4640514677825,1794000
2019-02-26,196.68099975585938,197.8559728691733,195.34334505933649,196.03024584052395,1884100
2019-02-27,197.0786590576172,197.81075367102432,195.63253636579583,195.6867635532707,1482700
2019-02-28,197.7023468017578,198.56097632267486,196.5996810873165,197.47639093881904,2055600
2019-03-01,198.33494567871094,199.35627020731022,195.0179165163863,198.62416190277455,2178200
2019-03-04,197.40406799316406,199.81727476596146,195.10834888186972,199.22978129344503,2444700
2019-03-05,198.678466796875,200.29630461789296,197.84693713094606,197.85598419136417,2160200
2019-03-06,198.14517211914062,200.56742566028498,197.24134884686634,199.2930315364786,1985300
2019-03-07,195.9398651123047,198.2898114243636,195.42469295549776,197.15099892675062,3279100
2019-03-08,205.90902709960938,206.70438221116703,202.2485400426008,203.79407013453297,6782700
2019-03-11,207.59918212890625,207.79802436409224,205.22212236634132,205.64692043321602,3748400
2019-03-12,210.55471801757812,210.95238875288632,207.78900666229998,208.1686246494716,2647100
2019-03-13,213.64576721191406,214.61285102191195,210.5456459597484,211.72061906929008,2421200
2019-03-14,211.3500213623047,213.6457400957842,210.8438825587417,213.41978428767587,2300300
2019-03-15,211.13314819335938,212.98597509909007,210.75353023546538,211.64832035121486,5075400
2019-03-18,213.83555603027344,213.91689681919692,211.0337120122189,211.1150528011424,1735400
2019-03-19,214.2513427734375,215.15516618628368,213.56442815327387,214.67614088077525,1852300
2019-03-20,214.18804931640625,215.55283137387488,213.10346407645568,214.23324324124783,1499500
2019-03-21,216.5018310546875,216.78202786730753,213.79940816614476,213.91689581917964,1617000
2019-03-22,214.7122802734375,217.2249081703669,214.11575353182826,216.69165568525426,1873600
2019-03-25,214.17901611328125,215.18226056357275,213.1124974099423,214.1428554568971,1357100
2019-03-26,216.07705688476562,217.1435618277408,214.53151287394994,215.10995927160172,1193000
2019-03-27,216.3843536376953,217.10741508297693,215.25457443920843,215.75168004479266,1351200
2019-03-28,218.020263671875,218.6800508379143,216.537993969763,216.89951778344906,1396700
2019-03-29,218.851806640625,219.1229564301699,217.61357294424656,218.41797525210393,1968000
2019-04-01,220.70465087890625,220.90349314158186,219.2494945700081,219.69237302619499,1610200
2019-04-02,217.36952209472656,220.7046325613247,217.1977934465548,220.53290391315295,1574300
2019-04-03,219.15911865234375,220.12621641817688,217.83954406403663,218.44510415473266,1663600
2019-04-04,220.8944549560547,221.21983196339264,218.04741648528645,218.87893243931637,1319700
2019-04-05,222.22305297851562,223.325718620059,220.5419409177405,221.4005841731435,1616200
2019-04-08,222.810546875,223.09072992044506,221.61749337552365,222.3315215796422,1244200
2019-04-09,221.35536193847656,222.05129593162263,220.5419127149473,221.53612383551126,1450200
2019-04-10,221.98802185058594,222.94607225819934,221.17458646822493,221.6897585327208,1556600
2019-04-11,218.03839111328125,220.6956206796671,217.74916096683648,220.1894817146412,2719800
2019-04-12,218.68006896972656,219.37601684958855,217.73105164105124,218.2823844669483,2187600
2019-04-15,222.63882446289062,223.01842864393018,218.68912053496032,219.05967765540908,1859700
2019-04-16,221.74400329589844,223.08167169864154,220.75883921686722,222.92800960260092,1360500
2019-04-17,221.94284057617188,222.75628979612588,220.82210854473328,222.61167476263424,1363000
2019-04-18,222.16879272460938,223.4703004220392,221.16554835711125,223.05453565543027,1365000
2019-04-22,220.00868225097656,222.13267267906534,219.23139360402175,221.6084534714679,1300000
2019-04-23,221.96095275878906,222.81958223259628,218.91507230669103,221.12038982332467,1524600
2019-04-24,224.11203002929688,224.78085044040054,221.97900650398864,222.05130023120336,1156400
2019-04-25,221.97903442382812,223.3799496726124,220.47868425730678,222.53036725411607,1278200
2019-04-26,220.3702392578125,222.24114661987295,218.77950116620414,221.9971104278646,1842900
2019-04-29,220.78599548339844,222.11461708359738,220.07198101239945,221.4367494831388,1429700
2019-04-30,221.91574096679688,222.1507300675937,219.647149374827,221.22884020129493,1427600
2019-05-01,218.3546600341797,221.8524654598366,218.31851317160442,221.74399728961367,1350400
2019-05-02,219.34889221191406,219.5296541246479,217.29720933469775,218.50832932038935,1237600
2019-05-03,221.09326171875,221.32826461429508,219.37600288380398,219.87310848063038,905900
2019-05-06,220.7407684326172,221.28306794812002,218.77947345783966,219.49350161296002,1194900
2019-05-07,217.0802459716797,219.3940449101212,215.30876025202986,218.47214139979474,1775200
2019-05-08,218.12867736816406,219.67422103455374,215.28163994053463,216.51987325224218,1611900
2019-05-09,220.64810180664062,221.18279425899917,217.64837011638497,218.10150212587354,1919300
2019-05-10,223.86537170410156,225.25195473183211,217.53058038811204,220.16781235398906,2036500
2019-05-13,219.24343872070312,221.97128904810052,218.1106084442681,221.23721724152978,1962800
2019-05-14,219.97750854492188,222.11629264069703,219.1437471283986,219.57875007865107,1635100
2019-05-15,221.7356719970703,222.3972410264251,218.61812077000863,219.4156377337207,1194800
2019-05-16,224.24598693847656,226.3213256042727,222.22502190510852,222.60565116059763,1800600
2019-05-17,225.07069396972656,226.61134016857469,222.56939621234494,222.83222054437056,1672000
2019-05-20,225.56912231445312,226.511644694647,223.9831601861677,223.9831601861677,1600500
2019-05-21,226.50265502929688,227.31830128702535,224.84420334509335,225.7595254115414,1504200
2019-05-22,226.12197875976562,227.48137507897943,225.78666542614445,227.48137507897943,1242300
2019-05-23,225.2338104248047,226.49351694134756,224.0103483868815,225.3244423640925,1822800
2019-05-24,224.11915588378906,226.16730814793627,223.6388369287966,225.75949199368733,1340200
2019-05-28,223.22195434570312,226.74732186942435,223.06789107631377,225.27917814942342,3164100
2019-05-29,218.1287078857422,221.82626706373952,216.5155588981321,221.24625859435716,2594900
2019-05-30,218.89903259277344,220.74781916798622,218.183090012265,219.4518542670242,2030300
2019-05-31,217.12277221679688,218.10153918301123,211.20486827365792,216.5790081816243,4058100
2019-06-03,218.47312927246094,218.89906074752577,215.76339418810076,217.3040406466069,2512500
2019-06-04,222.58753967285156,222.77786122994743,219.76905759753316,220.22218967505384,1761500
2019-06-05,224.71730041503906,225.44230078741109,222.05288117823522,223.03164827513228,1825500
2019-06-06,227.66270446777344,228.3242736614352,224.5179656385135,224.7535894233592,1487800
2019-06-07,232.01272583007812,232.54741843334426,227.49046212079597,227.61733856612176,2270200
2019-06-10,232.77394104003906,234.5683262685428,232.10328679518722,232.36611112975058,1839500
2019-06-11,233.009521484375,235.28425295234842,232.1938894237534,234.64081326260035,1613500
2019-06-12,233.1183624267578,234.49587412694854,231.79521054038295,233.4355327879076,1071700
2019-06-13,235.36587524414062,235.51088083966525,233.4083411900422,233.55334678556684,1228500
2019-06-14,235.7646484375,236.71624253185746,234.64088957325924,235.62871432601784,1287800
2019-06-17,236.92474365234375,237.66788724920147,236.01847906798073,236.65287533983494,1191900
2019-06-18,238.11181640625,239.4349818809541,237.4864919761873,238.9002617336373,2763200
2019-06-19,238.9456787109375,239.34443726565183,236.4806383986101,237.72221622065456,1628400
2019-06-20,242.2897491455078,242.68850762210369,239.7521926892624,240.16002265845938,1745100
2019-06-21,241.18405151367188,243.73065123369815,241.05716127370704,241.76404611312745,2964000
2019-06-24,241.7641143798828,242.8516425892988,241.53754830767042,242.25350483981913,1586100
2019-06-25,241.39256286621094,242.04507431496677,240.48629850166083,241.7097609252022,1182400
2019-06-26,239.62527465820312,241.8093742817492,239.56182953864766,241.4740610169321,1334400
2019-06-27,240.68563842773438,241.50129834810355,238.33841742604537,240.06938539824617,1122900
2019-06-28,239.48931884765625,241.41966547475042,238.67365917194041,240.61307728871435,1952500
2019-07-01,238.84591674804688,241.97253927336317,237.29621272362363,241.45596204622598,1955800
2019-07-02,240.5859832763672,240.67661523718127,237.1421900213639,239.18128468321908,1201300
2019-07-03,243.91197204589844,243.9300873742725,240.28691506781203,240.28691506781203,986500
2019-07-05,243.1053466796875,243.43158848282343,241.31093379148288,243.0600445371361,1081500
2019-07-08,244.14755249023438,244.41037683339727,242.2897220758785,243.17784322789856,1236000
2019-07-09,244.66409301757812,245.39816464451337,243.32281234198928,244.11125759632844,1400300
2019-07-10,245.97821044921875,246.07788622334945,244.09316566198245,244.73660541923843,1257000
2019-07-11,250.61831665039062,250.82673972177136,246.33167690748758,246.80292434820635,1985600
2019-07-12,253.24647521972656,253.75398096910564,250.1379955905324,250.58205620699184,2046400
2019-07-15,254.27960205078125,254.3883769887836,252.7570848026173,253.69960733304745,1568000
2019-07-16,254.343017578125,254.99552884524127,253.5545722255649,254.66021554881783,1379200
2019-07-17,255.1677703857422,256.3368590597033,253.9533795602363,254.70556674922452,1716600
2019-07-18,256.3912353515625,256.52716946459145,253.01993106348743,255.7477954452312,1696100
2019-07-19,255.12245178222656,257.65998055890213,254.9774461868466,256.5362217659443,1607600
2019-07-22,253.90806579589844,255.85652839205756,253.13773565593138,254.85963219074662,1459100
2019-07-23,253.84461975097656,255.63900524991317,252.86583888156588,255.4305821746976,1117800
2019-07-24,254.5061492919922,254.8777209126468,252.8567695568988,253.59988514122102,1257100
2019-07-25,253.57261657714844,255.51203450992992,253.1557429461403,254.84140810478925,1600200
2019-07-26,254.99559020996094,255.35809041070885,252.95649546663748,253.57274857360815,1447700
2019-07-29,253.87181091308594,254.93212460659046,253.33711831992713,254.66932788491275,1257400
2019-07-30,253.30087280273438,254.2705822450597,252.93837261276923,253.99868635984208,978200
2019-07-31,249.79364013671875,253.50025790433776,247.0748471637666,252.86586181451867,1886900
2019-08-01,248.83290100097656,254.59672648496058,248.59726352221634,249.90228583122803,2634300
2019-08-02,246.9569854736328,249.16827225336857,245.14445713988138,248.5882499112141,1969200
2019-08-05,240.25062561035156,245.18974850854116,238.0846410713667,244.7728747540578,3329800
2019-08-06,244.06597900390625,244.8997541328369,239.29902105709607,241.4921923162287,2383000
2019-08-07,248.5882568359375,249.0957625709661,238.88217508228055,243.0419244052764,3037500
2019-08-08,249.0414581298828,249.07771645159897,245.59766430573728,247.44645151531867,2046700
2019-08-09,248.26197814941406,249.64856105125105,246.42226321878093,248.8419727646414,1284300
2019-08-12,245.8784942626953,249.2044954556308,244.05689469366928,248.34353355559767,1638600
2019-08-13,250.36451721191406,252.0864133886443,244.70036685623282,245.76068031490522,1724600
2019-08-14,243.0147705078125,249.5489284742508,242.8788363919766,248.3164222813492,2122100
2019-08-15,246.0688018798828,247.38289579905066,243.57657577296587,245.17160933162748,1623200
2019-08-16,248.4070587158203,250.19240055458198,247.80892093838318,248.4070587158203,1230800
2019-08-19,249.7754669189453,251.37957227931417,248.81482906399614,250.50049488484305,1313400
2019-08-20,247.38291931152344,250.4551403136902,247.27417204163947,250.38265135276296,1390600
2019-08-21,249.83888244628906,250.61828396014818,248.95076132166457,249.59420109384908,1682300
2019-08-22,253.68141174316406,254.6510931300618,250.91729015933248,251.04418038502732,2345500
2019-08-23,248.32546997070312,253.87180262108302,247.13826604455272,252.13176313420433,1984300
2019-08-26,252.3583526611328,252.4217978006724,249.8480104725587,249.90238411873779,1426400
2019-08-27,264.9735412597656,265.93417913560074,254.0621121344242,254.66024984792355,5169000
2019-08-28,266.8858337402344,271.8340580084094,265.0098871743645,266.2152068353823,5162100
2019-08-29,269.3652648925781,270.41885994940685,265.90476323608823,270.19179276607724,2613100
2019-08-30,267.7213439941406,270.9184404738638,265.9683639895705,270.66412629613774,1801000
2019-09-03,265.2599182128906,267.0310536354948,263.81577400410316,265.73223577527403,1842900
2019-09-04,268.95660400390625,269.12008576677925,266.8221663724998,267.03107821495047,1375700
2019-09-05,269.7286071777344,272.2172550093694,269.46520144459674,271.0546719655947,1865300
2019-09-06,275.895751953125,276.69503296794096,270.9275202851881,271.7540482565016,3018100
2019-09-09,271.57244873046875,279.1474093588437,270.8549084125342,276.5679285566145,3397200
2019-09-10,269.755859375,270.89119548348066,267.55783647298813,270.1010059868848,2725000
2019-09-11,264.024658203125,268.61140453003827,261.4088396389445,267.30349524794804,4754700
2019-09-12,263.298095703125,265.8957315607052,262.19907033122416,263.7068000942644,2942600
2019-09-13,265.12371826171875,267.09467420782545,263.26177787998733,263.57967757686527,2306300
2019-09-16,262.2081604003906,264.6514060468236,261.8902607303099,263.9157104287851,1508900
2019-09-17,264.67864990234375,265.02379652763165,262.20815732562636,262.99834685290773,1758900
2019-09-18,265.6051940917969,266.6406344349543,262.3081719818844,264.03390588714683,1666000
2019-09-19,261.4269714355469,263.17995111722996,258.59317748623147,262.934700825126,3004700
2019-09-20,260.0919189453125,262.86215625425274,259.8921263583095,262.26269533872636,3409500
2019-09-23,261.1908264160156,261.6994546505142,259.5377707948154,260.09180137525993,2025400
2019-09-24,261.49969482421875,265.77763345942185,260.12819995474575,262.7621741455584,2483200
2019-09-25,262.0446472167969,263.10730621843993,260.5550730410887,261.8175800108534,1827800
2019-09-26,261.817626953125,263.22543279511933,260.30989710915406,262.8802861452962,1877300
2019-09-27,259.7193603515625,262.97094903113504,258.3115276991303,262.97094903113504,1538100
2019-09-30,261.6812744140625,262.14450030770695,260.2825606128965,261.3089086496286,2151500
2019-10-01,257.88482666015625,262.1991046802121,257.2036248675158,261.617826897275,2648900
2019-10-02,258.95654296875,259.57418691087213,256.33166015786185,257.2490206527895,2480600
2019-10-03,262.4896240234375,264.1789903058622,255.76844196231667,259.2107876993484,3590200
2019-10-04,264.91485595703125,265.1691701918539,257.3308035611162,261.445261403387,4513300
2019-10-07,266.49517822265625,268.5660301822093,263.85211242775074,264.3425853892195,1988700
2019-10-08,265.1145935058594,268.46607987928667,263.8066842155718,266.0773562170205,2201100
2019-10-09,269.6650390625,271.1818603675954,266.2226920657873,266.2226920657873,2235500
2019-10-10,269.8830261230469,272.0083719588609,269.0837450802109,271.2363378734777,1637500
2019-10-11,270.3008728027344,273.17100630545644,270.0828693840075,270.72776036176964,1855500
2019-10-14,270.2281494140625,272.7894743290171,270.20999401485363,270.66412845857604,1297600
2019-10-15,271.01837158203125,272.15370771208467,269.96477632716164,270.95478610638816,1580700
2019-10-16,271.37255859375,271.5451318880606,268.0119528518915,269.57417634059084,1811100
2019-10-17,274.6604919433594,274.85122063886126,271.43614864544423,271.43614864544423,1734600
2019-10-18,275.0783386230469,276.11377859750934,273.3708161702465,274.29724058042046,1853900
2019-10-21,273.4616394042969,275.66875431024573,272.6351389425743,275.2055282147226,1322900
2019-10-22,272.45330810546875,276.91290984933585,272.4351527136679,273.9428540596469,1955600
2019-10-23,270.04656982421875,272.5261266758003,269.9193988481517,272.0992390989893,1798700
2019-10-24,269.8013000488281,270.9184809167734,267.53971906936187,267.9847620172772,2056700
2019-10-25,269.3017578125,269.982959560761,268.0392506010014,268.41164421623114,1686200
2019-10-28,271.5179138183594,271.65414861305504,268.13006076003245,268.575131380262,1672600
2019-10-29,268.7203674316406,271.5178505826489,268.6749650833721,270.85480444532783,1295300
2019-10-30,272.3353271484375,272.70772070105346,268.8203311533254,269.6831976433093,1264300
2019-10-31,270.4421081542969,272.7268254844811,268.11188981512953,271.5799111628119,2277400
2019-11-01,269.5135803222656,271.6344599732594,268.97654081614036,271.2430347583,1364500
2019-11-04,270.1781311035156,271.4524647911882,268.67623683667324,270.4876101577796,1651600
2019-11-05,272.3262023925781,272.7904347144443,269.2586912126452,270.423799893595,2204500
2019-11-06,274.5016784667969,274.57448560215005,271.18838435142555,273.04528575430817,1675000
2019-11-07,277.8150329589844,279.5354041674935,275.3300893623237,276.6499239749616,2399400
2019-11-08,275.45745849609375,276.9775750180702,274.237737421528,275.5666831030124,1501600
2019-11-11,273.8372497558594,275.19350169347103,272.7995881318736,274.48351391546396,1160900
2019-11-12,273.52783203125,275.5576825154304,271.85298940479856,273.8281997906884,1540800
2019-11-13,275.71234130859375,276.7136132279246,272.6357184011889,273.23648155278744,1517900
2019-11-14,277.250732421875,278.43406422230987,275.1389633631492,277.06870060685003,1336400
2019-11-15,276.40411376953125,278.02434356327734,274.52901730413015,277.90600764815474,1706100
2019-11-18,277.2051696777344,278.88001200629543,275.5758283481978,275.90350220930446,1241300
2019-11-19,275.1116638183594,277.29626787834957,274.39259229736723,277.1688206042125,1761400
2019-11-20,273.5914611816406,275.95809608069334,271.261243742741,275.29360938021983,1979500
2019-11-21,273.3184509277344,274.77484419275663,272.6357691889794,273.7007649239293,1302500
2019-11-22,272.4446716308594,274.838613772886,270.55137951465946,274.838613772886,1277300
2019-11-25,272.20782470703125,273.6460224417994,270.84246187898384,273.3365435341807,1613000
2019-11-26,274.201416015625,274.30155712597053,271.9986449287511,272.39915381334527,3359100
2019-11-27,273.7645263671875,275.6123174175111,273.59157808054283,274.7293811356287,1906500
2019-11-29,272.899658203125,273.88273514209294,272.76312745559665,273.8190115337857,981600
2019-12-02,270.6970520019531,273.25483140871376,267.85707184155666,272.84521113968,2705500
2019-12-03,269.13134765625,269.6046636425198,266.4279269684301,268.6398090461764,1921400
2019-12-04,269.90496826171875,270.4875365194209,268.6579410719054,269.4680698468256,1742000
2019-12-05,266.79193115234375,270.46020523791464,266.245780406091,270.46020523791464,1941100
2019-12-06,268.4759216308594,269.42255342543945,267.8478523522792,268.5032277830418,1462000
2019-12-09,268.6670837402344,270.51487424458156,268.1118215686534,268.52144165880964,1960000
2019-12-10,269.2314453125,270.05976907408126,268.11183737090124,269.4590058696908,1565900
2019-12-11,268.79443359375,269.75020429714874,266.74638923009786,269.43161406268246,1749800
2019-12-12,270.65142822265625,271.03374219147673,267.7204470563296,268.76722009179144,2742700
2019-12-13,265.6723937988281,268.52145640797005,263.1510328354883,268.1937825405562,5195600
2019-12-16,267.15606689453125,268.0298915670731,266.5644150618559,266.7282519795102,2410000
2019-12-17,269.0220947265625,269.7047764365217,266.4734274540708,267.15610916403,2474100
2019-12-18,265.6723937988281,269.7593725004957,265.6268927989278,269.42258732174645,3309800
2019-12-19,267.3472595214844,267.43828930762777,265.33563180615215,265.8453652744862,2333600
2019-12-20,268.36669921875,268.53964746135085,266.5007137949678,267.47467962890136,4866500
2019-12-23,266.9831237792969,268.8036080860138,266.72825708749195,268.4395167803476,1309800
2019-12-24,267.820556640625,268.0208110238975,267.0286226396934,267.5292724870676,543600
2019-12-26,269.1860046386719,269.1860046386719,267.5202454308304,268.0572851327482,1101800
2019-12-27,267.71136474609375,269.70479771874625,266.8648460257597,269.63199055309695,1439100
2019-12-30,268.64898681640625,269.07677412738246,267.30181790598994,267.7933566376603,1238900
2019-12-31,267.5384826660156,268.93115255303775,265.9546418572325,268.521532324574,1550700
2020-01-02,265.3265686035156,268.1392145014785,264.88055868244965,267.66589841745736,2103600
2020-01-03,265.5450439453125,266.61001207197967,263.3604398096347,264.01581549465897,1926000
2020-01-06,265.61773681640625,265.85440864421645,262.7140623843642,264.47082291656744,2655100
2020-01-07,265.19915771484375,265.5086368311843,263.31494907456204,265.17185155100185,1963400
2020-01-08,268.23931884765625,268.95841807809524,264.4254012001571,264.8714110600841,2492800
2020-01-09,272.544677734375,274.8566724637516,270.9881438804054,271.75274384347273,3261200
2020-01-10,270.56036376953125,273.31839633204544,270.0324355528404,273.0726409554043,2024200
2020-01-13,272.9543151855469,273.66430296730323,270.15986505568554,270.26911744997517,1778600
2020-01-14,272.8450622558594,273.98286485075454,271.7800668045487,272.3899412179013,1459900
2020-01-15,273.81903076171875,274.0192851316164,271.2885588757667,271.5707316999338,1604000
2020-01-16,275.8307189941406,276.7682674381924,273.9647334179878,274.33793608889636,1758600
2020-01-17,277.33258056640625,277.8969262731201,275.8306865259998,276.16747168785247,2506500
2020-01-21,285.1424560546875,285.2152632019652,278.31564013901993,278.7161488950099,3585900
2020-01-22,283.8955078125,285.4155970236003,282.3662795101667,285.2699549101213,2218900
2020-01-23,284.79656982421875,285.2698857444723,282.83955474717317,284.0137471263689,1535900
2020-01-24,282.6392822265625,286.0708849295817,281.3558375373036,285.8342130954479,1986100
2020-01-27,281.6744689941406,283.78620985473566,278.21553185544957,278.6706529701414,2265100
2020-01-28,282.94873046875,283.73152525294984,281.35580697318017,282.63925152301647,1571700
2020-01-29,281.7928161621094,283.9683087251426,281.6198956707043,282.95792526588514,1713700
2020-01-30,281.6925964355469,281.8473498000038,279.14392991446874,281.11913952370884,1232600
2020-01-31,278.09722900390625,281.42871929317573,277.22340413769524,280.8552621759026,1837000
2020-02-03,274.8932189941406,280.8826020729099,274.59285120912426,279.44443122914294,2816800
2020-02-04,277.53277587890625,278.45212917352745,275.5848724743039,277.23240824611867,1982300
2020-02-05,281.21929931640625,281.80183979785244,277.9879232930792,279.44431616427,1731800
2020-02-06,283.326416015625,284.4483844675463,280.8088696858071,282.1771116743652,1917900
2020-02-07,286.0810852050781,286.24526751931717,281.96722980875666,282.7699360165215,1903500
2020-02-10,286.22705078125,289.1003527934796,285.1415768019935,286.19968706063634,2336300
2020-02-11,283.390380859375,286.81098712072406,283.1988347030897,286.4461280202398,2047500
2020-02-12,287.44024658203125,287.7686391048883,283.47233960563364,283.47233960563364,1384600
2020-02-13,290.2496643066406,290.787835998801,285.9989903697869,287.1939191474042,1438000
2020-02-14,290.3500671386719,291.7183091167701,289.1095411069342,290.86087525020554,1113400
2020-02-18,293.761474609375,295.0658861539484,290.62363816114953,290.9793943561099,1547100
2020-02-19,294.6463317871094,296.0237042517753,293.46966375797786,293.78889794198733,1413600
2020-02-20,295.61328125,296.51634004757,292.81296665244906,294.00789596857646,1427500
2020-02-21,293.6702880859375,296.6895392110808,292.8310875948006,294.22669301567663,2239000
2020-02-24,286.0721435546875,291.89173956620317,285.74377870941896,287.78701197855344,2300400
2020-02-25,278.09063720703125,288.762936554603,277.66192024227,287.33083649817115,2881800
2020-02-26,278.8386535644531,283.9558662618027,277.91736153368805,280.53526060733054,2236000
2020-02-27,267.3818359375,278.2091856940409,267.26325051919343,275.4544686963406,3625300
2020-02-28,256.4450378417969,262.09129060389756,247.45111306789227,260.1940073733261,7091800
2020-03-02,281.9856262207031,282.3231215298671,265.7856286851499,268.5768407149972,7563800
2020-03-03,276.1385803222656,286.57370706361746,274.587895090066,281.985537171203,5131400
2020-03-04,292.56658935546875,292.7763964635102,278.2274134440267,281.21019853635175,4219300
2020-03-05,288.0240783691406,296.0054902255712,285.68894752724424,288.0331810535612,6407700
2020-03-06,283.9922790527344,289.60206514949886,276.1568172882758,284.72202475186884,6185500
2020-03-09,275.4544982910156,283.07102339893333,267.26327923380853,269.8629446845319,5203100
2020-03-10,282.22265625,282.52368502033266,268.5584999414572,280.91827247709,4245500
2020-03-11,271.3041687011719,280.75417563497837,268.3487745621039,274.4328757396995,3622700
2020-03-12,255.2683563232422,269.66226114125345,252.06666111506627,255.80652817289496,7307600
2020-03-13,275.718994140625,276.61292226190113,253.82712230456357,263.4595436854742,6100100
2020-03-16,258.30584716796875,273.21969096697404,254.95823056644832,257.07442376493975,5465500
2020-03-17,280.0243835449219,280.2068269364234,261.1517643602558,263.61461096076044,7170600
2020-03-18,280.4896545410156,290.0673500619284,269.9997975419207,271.8241204982851,6701800
2020-03-19,278.40985107421875,286.2818069243737,276.0473568345523,283.14397007365454,5429500
2020-03-20,264.90997314453125,280.9548916833237,261.80860156345676,280.87280048316046,6581200
2020-03-23,260.44940185546875,269.698730336826,253.96394869841902,266.3602168052862,5646400
2020-03-24,259.9112548828125,271.23118047164735,257.9865799769654,268.7136062611961,7124200
2020-03-25,256.189453125,265.18337253348045,254.68439346521686,259.2451971839153,5639600
2020-03-26,266.6247253417969,267.92913710055444,256.1895982934515,256.6274457198477,5463100
2020-03-27,259.3547668457031,267.7101662980516,258.44260569811416,261.90883476112157,4250400
2020-03-30,265.5484313964844,266.0592395709987,260.7322201532366,262.23728094732195,4396000
2020-03-31,260.0845642089844,265.9132606264657,259.0538174532331,262.17342144688064,5618600
2020-04-01,261.589599609375,263.43215529509564,256.22608705779066,257.55783467545115,3745800
2020-04-02,265.876708984375,267.0625071972432,257.9773910665426,259.40036005676274,3500600
2020-04-03,263.2953186035156,266.6611955790967,260.6956536774314,263.76052971236913,2650100
2020-04-06,278.318603515625,278.65609868464423,264.134508875869,267.2632149156866,5272500
2020-04-07,276.9595031738281,282.76996542889043,276.58551375008494,279.57740130308036,4036500
2020-04-08,279.093994140625,280.41663916071997,275.72811671587095,278.3095209472231,3964400
2020-04-09,273.6575012207031,277.6162776430698,271.44092826194554,273.14669315568494,6487600
2020-04-13,273.3017578125,277.2514317371311,271.51392950097215,272.35310228850534,3120400
2020-04-14,286.5462951660156,287.10270006333946,274.7885254776204,276.15676709825584,4288300
2020-04-15,283.0162353515625,286.1905662350089,279.8692960266063,284.2659195337778,2937300
2020-04-16,293.31463623046875,294.2906556714752,284.63086917093455,287.0845857201032,3940000
2020-04-17,289.994384765625,293.83457673316036,286.43693278789965,293.08659765211337,3688000
2020-04-20,284.66729736328125,290.41393047968353,284.1656197634876,290.02170778624816,3156300
2020-04-21,274.8616027832031,284.49405349104575,273.0555408930117,283.80993239034683,3833000
2020-04-22,282.2409362792969,283.8007241674955,275.50918203755884,277.2970102302232,2970600
2020-04-23,278.5740051269531,282.4415872693854,278.017600196208,280.06083223126365,2625200
2020-04-24,283.2716369628906,283.5270409740861,278.6743647613717,280.33447691566766,2019400
2020-04-27,281.6571960449219,285.7710528677179,280.57172175170945,285.5521152025357,2287300
2020-04-28,278.1636962890625,283.92853655344913,277.5525357572985,283.5271832149398,2425900
2020-04-29,280.1156005859375,281.56593366232863,274.66999669985057,278.16358994668343,3667700
2020-04-30,277.01629638671875,281.4960922993314,276.62317764573413,279.8961631947876,3794300
2020-05-01,276.02886962890625,278.6801746155792,274.4380643164674,275.90086193342125,2525400
2020-05-04,278.3785705566406,279.3293935767313,274.3376215472266,277.0163538503726,2477500
2020-05-05,281.5144348144531,283.2331926015913,277.4186056842213,278.89967865749276,2460900
2020-05-06,282.4012756347656,284.3668976690848,280.2527933598121,283.3429472828658,2406700
2020-05-07,278.84478759765625,283.29715728307843,278.41509123517227,282.81260844032414,2601800
2020-05-08,279.70416259765625,280.83781765213564,277.65626239587476,279.6675849796108,2337400
2020-05-11,283.7177429199219,285.08911092428576,278.84482755399233,279.4299579614533,1865900
2020-05-12,278.6985168457031,284.83309462107087,278.6528157437213,284.1839883099552,2264900
2020-05-13,276.2300720214844,280.12473779710905,274.3832787681933,278.6985174453788,2954900
2020-05-14,274.035888671875,276.90663242533424,269.2818296548165,275.1969981074381,3718900
2020-05-15,273.55126953125,274.1180970311775,270.48854285525357,273.42328972507914,4577200
2020-05-18,276.796875,277.1899937246997,274.2004220802497,275.84605221653356,3987300
2020-05-19,278.50653076171875,282.52005284026444,277.1534377679736,278.4973793811808,3523000
2020-05-20,278.76251220703125,281.514399235845,277.1991606995537,280.4629949168226,2827000
2020-05-21,276.0746154785156,278.8813548503861,275.4163578391934,278.6527935575735,2492100
2020-05-22,276.4951477050781,277.8756667782317,275.03234991836905,276.1111803751521,2366400
2020-05-26,278.66192626953125,280.5818467728776,277.50084490777175,279.76818305179165,3234600
2020-05-27,279.7681579589844,280.042420334628,273.7889870650317,278.44249137543085,2980200
2020-05-28,283.0138244628906,284.33034016709155,280.5819281732017,280.9019196666845,4301900
2020-05-29,282.0172119140625,282.3920557860924,276.42203587410125,278.1133950379513,4971800
2020-06-01,281.8527526855469,283.17839191869916,280.1796677981432,281.4961835486857,2293700
2020-06-02,280.7555847167969,282.52007144267475,278.58882782846825,281.5418501799695,2528900
2020-06-03,280.34417724609375,281.7703976060532,279.685919549147,281.13041476993385,2165900
2020-06-04,284.101806640625,288.30734178001904,282.58415566899083,284.1932367763736,4553900
2020-06-05,285.2811279296875,286.7347746937441,280.9384625003891,286.2776520169758,4375600
2020-06-08,280.8470458984375,284.59545760841024,280.17963671404266,284.01947854387925,3764500
2020-06-09,279.34765625,282.13612131499667,279.00026645257276,281.13044584730204,3155800
2020-06-10,280.9750671386719,282.163603070884,279.4391413406889,280.1979807567387,2713700
2020-06-11,275.0323791503906,282.6846351309504,274.85869822590047,280.6641330924401,3443000
2020-06-12,273.0850830078125,278.9819484684083,270.84517085654164,276.71463797463787,4020000
2020-06-15,271.6954040527344,272.50909573952265,268.6418281831506,271.5765477029292,3266800
2020-06-16,275.5168762207031,276.7785388599492,273.56040631243565,275.507752742529,2633800
2020-06-17,273.9169921875,276.1020516173981,273.26788590479174,275.2060812732498,2188400
2020-06-18,273.8804016113281,275.0140565670367,272.2530465069372,274.27352029428573,1881800
2020-06-19,274.1821594238281,276.01065002072,273.0302293201618,274.4381469913709,3438000
2020-06-22,274.68499755859375,275.6266690536229,272.67364684078836,273.9993136185079,2094400
2020-06-23,275.4530029296875,278.75341541406567,274.94102774042415,275.8552731356166,2409600
2020-06-24,272.46337890625,275.44382756323193,271.1651661824298,274.977553524107,2398100
2020-06-25,274.7581481933594,275.32497583445775,270.0680651815148,271.58571577895253,2274300
2020-06-26,271.1285705566406,276.2117719417569,270.57089434342527,274.64842036805794,2866000
2020-06-29,275.72723388671875,275.763811510503,271.37541737461163,271.93312151025117,1841700
2020-06-30,277.2082824707031,278.49737156560735,274.4015708788134,275.196959747881,2391700
2020-07-01,278.6162109375,279.37502213977615,274.9592303181399,276.5591593391099,1906100
2020-07-02,279.5213317871094,282.4286528655208,278.4791067179265,279.759044478568,2540500
2020-07-06,284.7782897949219,284.84229366884773,280.892746857514,281.15788583481026,2332400
2020-07-07,289.11187744140625,290.77578312140963,283.16013004200113,283.4343925440457,3346600
2020-07-08,289.1941833496094,290.7758104275265,287.0822781838625,289.9438714596791,2364500
2020-07-09,297.6234436035156,300.76844988766504,292.26595126228096,292.5585164748889,5313600
2020-07-10,298.2542724609375,299.3239239028921,295.40180351443246,298.0439859849082,2484100
2020-07-13,295.22808837890625,300.88724080737546,293.92984784778406,298.3182138871574,2583200
2020-07-14,299.8724670410156,300.4758723044694,292.96992598733544,293.7653149571667,1844800
2020-07-15,298.68389892578125,301.0792167327245,297.6964985485306,299.9638365439325,1770700
2020-07-16,298.29083251953125,299.78105696516565,296.2703580254193,298.6108239852502,1402000
2020-07-17,296.9376525878906,299.6895111695553,296.7456410422405,299.2323886522738,1768100
2020-07-20,298.5102233886719,299.3604647690098,294.9903736210241,297.0291505582636,1863300
2020-07-21,299.6347961425781,303.0632165948127,298.5011407078842,298.9582634348488,1874200
2020-07-22,300.14678955078125,301.39017795175215,297.13894191350823,301.38102656848014,1312600
2020-07-23,298.1445007324219,302.0483457492796,297.4313905638551,299.9638677257343,1561700
2020-07-24,297.8428955078125,300.55820573726345,296.82809640314247,298.2451657566614,1423400
2020-07-27,299.5067443847656,300.78668213288057,297.2942586411631,297.7513812583863,2083300
2020-07-28,299.4792175292969,301.70082600648755,297.8792889065352,299.84490992010564,1374000
2020-07-29,298.1719970703125,299.90905768566455,297.48631304578765,298.976509555956,1341300
2020-07-30,297.60394287109375,299.09737267555755,295.02021871713436,295.652407136945,1390300
2020-07-31,298.25433349609375,298.9689773596987,295.52401311434323,297.6038311491017,2149900
2020-08-03,301.7268371582031,302.2490845263207,297.12743662999515,298.2727012299575,2480200
2020-08-04,311.3196105957031,311.34709583086067,301.36039295551575,301.94675395906546,3933300
2020-08-05,311.4844970703125,314.0132503446249,309.3039087204996,313.2161226677411,2923700
2020-08-06,314.544677734375,316.20301889197765,312.98710645591586,313.7200926883649,2104300
2020-08-07,312.345703125,315.8456381835451,311.1729533833559,314.3888650798234,1759000
2020-08-10,311.51202392578125,312.4923772998483,310.2109908173244,312.16252649972654,1503800
2020-08-11,304.57623291015625,312.2907473263493,303.99901509542923,312.2907473263493,2065600
2020-08-12,308.5434875488281,310.5041662157935,305.2542906184943,305.78568114750294,1853900
2020-08-13,307.572265625,311.01720245542094,307.05001826796183,308.7541585354831,1536500
2020-08-14,308.1036682128906,310.3758832862511,307.4806509697402,308.33272113703964,1522900
2020-08-17,311.4753112792969,311.85096141899294,309.093155346905,309.35886455997024,1504700
2020-08-18,312.19915771484375,314.0773806415952,308.58928113787687,312.4282106552068,1489400
2020-08-19,312.3365783691406,313.28944641317526,311.46619398747583,312.53814607152174,1730100
2020-08-20,312.30908203125,313.0328971132333,310.3575466095284,311.6402653757457,1717500
2020-08-21,315.7356872558594,316.8626376653328,310.89809080144823,311.5761064441556,2372600
2020-08-24,315.2959289550781,317.1100101812125,313.44516347233633,316.1937985039935,1461500
2020-08-25,315.8273620605469,316.01061560495367,312.84967370760995,315.30514258406134,1176200
2020-08-26,315.42425537109375,315.9373317895034,313.0604410120327,314.2698474099559,1757000
2020-08-27,317.339111328125,318.6034881085307,313.8483465442564,316.65195246577974,2220700
2020-08-28,319.1806640625,319.81285236958627,316.5511409686644,318.35607912821064,1487300
2020-08-31,318.5302429199219,319.52891056829355,315.44261318969853,317.788113493512,1586900
2020-09-01,321.9384460449219,322.0392159028469,316.4686615120187,316.7435138159596,1773700
2020-09-02,328.79168701171875,329.7628970481425,321.8743004969303,323.98157602896185,2434900
2020-09-03,319.1165466308594,333.1987449486774,316.56947904205845,332.64901229745163,3630400
2020-09-04,317.531494140625,324.32062616212716,311.8784556745947,324.32062616212716,2557000
2020-09-08,310.4675598144531,316.01982980957865,309.8445424153274,315.03030527160814,2144300
2020-09-09,317.4032287597656,320.3992590668113,311.86932994023954,312.33657891796315,2100900
2020-09-10,311.0813903808594,318.84170542146535,310.375917362828,317.25664894652647,1959600
2020-09-11,310.7149353027344,314.49889479168166,307.9388144608115,311.7685733589369,1599600
2020-09-14,314.1873779296875,315.94648901271245,311.942647727071,312.4190678202723,1522300
2020-09-15,315.0943908691406,318.621811749929,314.03158186845377,316.11137250532437,1362500
2020-09-16,314.9295654296875,319.5381107386359,314.48977359745265,318.17293582549024,1656500
2020-09-17,310.48583984375,314.15985787940326,308.18613942216393,311.12717128731,2681500
2020-09-18,307.81048583984375,312.6297685004573,303.4493370060702,311.6952425990551,3409300
2020-09-21,311.1180419921875,311.1638413971305,305.74902640209905,305.987250413158,2427400
2020-09-22,315.58917236328125,316.00145090565445,311.1363683816904,312.15337804067576,2128100
2020-09-23,315.7540283203125,319.0707100501592,315.2317809644697,318.84165713555035,3577100
2020-09-24,317.9255065917969,318.227844194552,309.96362351263826,316.0930829226799,5779300
2020-09-25,313.8758239746094,314.9661182459281,307.26077370585165,312.1899976295148,7338500
2020-09-28,320.325927734375,320.46335389625614,314.3522375599262,314.9569406327651,3459200
2020-09-29,322.6347961425781,324.6046456730058,318.01708142171304,319.7120786308947,2526000
2020-09-30,325.2552185058594,327.72900177449725,321.74613929617834,323.0196592742131,2525800
2020-10-01,328.4253845214844,329.5523354805319,325.09038698667746,326.4097346595125,2053000
2020-10-02,325.26434326171875,327.8572102191185,323.2853225206902,325.0078050893945,2125000
2020-10-05,328.53521728515625,328.9017243762231,325.55752891391313,325.55752891391313,2093500
2020-10-06,328.3244934082031,332.58487254706506,327.1242582262145,331.5770340078399,2760400
2020-10-07,332.6032409667969,334.17912658683406,329.5247823382045,330.266911756189,1959100
2020-10-08,334.499755859375,335.3060267005607,331.4396118652853,334.2340466138559,1793100
2020-10-09,338.5035705566406,338.7692797815052,335.0586335401315,335.33348586891384,1730700
2020-10-12,344.93536376953125,348.7651216639735,339.7037752421347,339.9145139823728,2806900
2020-10-13,348.7834167480469,350.2585319278869,344.9353448973827,346.7127975952699,1823300
2020-10-14,346.6394958496094,351.70614491515636,345.13692335443295,350.80827543554,1904400
2020-10-15,345.0270690917969,346.6579251747181,341.8020132313483,344.91712813618375,1697800
2020-10-16,349.571533203125,352.62250685082216,347.3542878674877,348.61866489717937,2459400
2020-10-19,344.0924987792969,350.99157246290736,343.31371316305,350.02039019906795,1938100
2020-10-20,346.6120300292969,350.06613791343904,344.60552426184785,346.04398327514434,1282300
2020-10-21,346.1631164550781,349.33320115620404,345.4301303076231,346.84110417598185,1466500
2020-10-22,344.2666320800781,346.67627392534763,340.85832258816794,345.73257675756287,1813200
2020-10-23,343.2129821777344,344.97209336189945,342.2601139759802,344.1383371804356,1108000
2020-10-26,339.6488342285156,341.40797300940847,335.44342584672773,335.95650216603764,2145000
2020-10-27,341.4904479980469,343.49695398748474,337.8714003650809,337.8714003650809,1525400
2020-10-28,334.380615234375,341.2064036046527,334.11493397216026,336.55203249638237,1908300
2020-10-29,334.9314270019531,338.81446069368474,332.77421407639923,333.4351553853259,1838500
2020-10-30,328.2852783203125,334.0042563375096,326.6054011898355,331.5073703413071,2724100
2020-11-02,334.5000305175781,335.6658455694535,331.12187024699074,332.5080177603103,1646300
2020-11-03,341.4490051269531,344.0560433741138,337.71287876002623,338.6767385716746,2013100
2020-11-04,345.3137512207031,350.3350622590049,343.32173843344725,343.34008779955263,2449800
2020-11-05,353.6304931640625,354.8697334065146,348.3705015924229,351.1060692394797,2255800
2020-11-06,354.0252685546875,355.07174261018525,349.6465499280922,350.5553337150109,1950200
2020-11-09,335.0599670410156,357.5502935958235,334.8396626026051,356.4028279552721,4371300
2020-11-10,336.547119140625,341.063556779843,331.0117453349896,334.03188311385674,2662600
2020-11-11,342.3302917480469,343.96428155681843,337.96073400612715,339.3560420179482,1688800
2020-11-12,344.8914794921875,347.21394906167046,342.8627678796614,346.02978457182036,1535900
2020-11-13,347.7646484375,348.6734321170007,344.2304492187956,345.63494582088464,1274600
2020-11-16,348.6367492675781,350.0045191932356,345.99298424578257,345.99298424578257,1691500
2020-11-17,350.5919494628906,356.61384475949404,350.4726085964724,355.5489936624463,3299100
2020-11-18,350.8766174316406,356.21919576601874,350.41763120954073,351.48248260652804,2134600
2020-11-19,352.0791320800781,353.15314406938563,349.1140712276526,352.1433688553789,1768900
2020-11-20,349.8576354980469,353.87835907960414,349.75667198122784,352.45551306982674,1807600
2020-11-23,350.3993225097656,351.63859115519114,349.1417044970061,351.5835150388879,1679600
2020-11-24,352.7033996582031,354.38327702876245,349.48130717671796,352.2168753474468,2061100
2020-11-25,355.94384765625,356.4854480859389,353.93348557921394,354.1446293457564,2034200
2020-11-27,356.5313720703125,358.6243483633234,355.94385619156606,358.43155395756656,1329400
2020-11-30,359.6341247558594,360.900931459044,353.6306039662559,359.61577538853106,3733800
2020-12-01,365.0883483886719,365.56878657673843,359.0782713424062,362.2057767564655,2996800
2020-12-02,361.2637939453125,364.4478184238484,359.44570665368434,363.11956999503377,2212800
2020-12-03,352.3616638183594,356.77032793528844,351.63632063206455,356.0826447535137,3976400
2020-12-04,351.7776184082031,353.5486160603541,350.3269320319476,353.45440855262575,2839700
2020-12-07,351.6834411621094,354.66964980029474,351.0428760513893,352.56894006438023,2652900
2020-12-08,355.7059326171875,357.5145907226616,349.2531048362036,352.26757334279677,2685500
2020-12-09,352.5877685546875,358.9086984757518,351.18414280984405,357.8536433843897,2461600
2020-12-10,351.1746520996094,353.25650237078327,350.01596042252163,352.5876781090925,2566300
2020-12-11,353.350830078125,357.75003645216856,350.93926716794624,357.75003645216856,3483900
2020-12-14,352.67254638671875,356.25220169337496,351.5703731683737,354.7261378126626,2778400
2020-12-15,350.3175354003906,353.9066204199755,347.8871137150683,352.7856170938482,2133900
2020-12-16,348.0189514160156,351.221805202438,347.4631645345326,349.63922268417184,2385100
2020-12-17,348.8197021484375,349.46026721137616,346.6624738135549,348.79144277060476,2314200
2020-12-18,345.7204895019531,349.8276727988565,344.71252368206325,349.58276775009597,4140000
2020-12-21,343.80816650390625,344.8914810002171,340.8313874218401,343.9212040168297,2329700
2020-12-22,341.03863525390625,343.6103536864804,339.70095759440386,342.9886186121846,2105500
2020-12-23,340.9067077636719,342.0465408253096,338.65527226579746,341.4342352342525,1782100
2020-12-24,343.440673828125,344.1566162156276,340.45449491873524,340.45449491873524,972500
2020-12-28,349.5450134277344,350.1384890561264,343.911738393327,344.3073983949527,3207700
2020-12-29,351.1087646484375,351.61746214920527,348.7914096419732,350.6660152723808,2072600
2020-12-30,352.7384338378906,354.06665309958595,351.6362608091443,352.5029294832781,1778000
2020-12-31,354.9333801269531,355.17831389540765,350.8638573106523,353.2471606212373,1628900
2021-01-04,358.1080017089844,359.4268206613038,353.07763093850366,355.5457125667222,3322200
2021-01-05,353.95367431640625,358.1644940252155,353.4920949041962,356.8927645497586,2748400
2021-01-06,348.56536865234375,354.01022964670824,348.2168267133912,352.1450530548869,2661400
2021-01-07,346.5870666503906,350.1007732772285,345.5225823512468,349.4978970690254,2849500
2021-01-08,348.4899597167969,348.7914122193381,343.1675665384656,346.77548095019813,2599700
2021-01-11,342.90374755859375,349.48843968919874,342.7624219564752,347.20874503452006,2562500
2021-01-12,343.08282470703125,343.9023754271898,339.3618436521345,342.89440968598734,2387600
2021-01-13,345.67333984375,347.359530502901,341.95235914718114,343.24291854757337,1968800
2021-01-14,341.340087890625,345.2494552357627,340.59588592673447,344.7784464291655,2363900
2021-01-15,341.16107177734375,343.75161998228305,339.8799129888015,340.1248467457493,2340400
2021-01-19,333.9170227050781,341.9053433282893,332.0047278814163,341.34952757458467,4533800
2021-01-20,340.3509216308594,340.916137897716,332.91841827818945,333.8416058056584,2767200
2021-01-21,341.76397705078125,342.88498030535476,339.0698204880893,340.35095063726135,2121600
2021-01-22,341.2929382324219,343.48785516733204,338.9850125421596,342.1407770044503,1960300
2021-01-25,340.89739990234375,340.9727486758171,336.13079222034315,339.9365233649254,2735900
2021-01-26,343.8175354003906,344.68417534575536,338.0712232701172,339.3146931897352,1807000
2021-01-27,335.7257080078125,344.5900694276986,334.2749926739612,341.9430019424052,3120800
2021-01-28,336.3567810058594,340.64294931965316,335.42419283933714,336.1589653716473,2251100
2021-01-29,331.9952392578125,335.63144196089297,331.47714110297267,334.18072688000944,2598700
2021-02-01,330.1959533691406,332.3343514256875,328.96191278278695,330.84594772355183,2371200
2021-02-02,334.9626159667969,336.9597174892512,330.3844240876292,331.36413047153746,1905000
2021-02-03,334.6141052246094,336.79959322771407,332.7300697905052,335.57498169478606,1759800
2021-02-04,335.87884521484375,338.2668543586121,333.99109004016975,336.69056611362174,3411600
2021-02-05,335.23712158203125,336.82282951799243,334.2271653304296,336.5396488691562,2165600
2021-02-08,339.6354675292969,339.8337025667767,335.61456850040247,336.5584461098387,2520700
2021-02-09,339.3807067871094,341.3723039666156,338.19141151588894,339.83377851063744,2154000
2021-02-10,336.1336669921875,340.7397940243407,335.1897894464137,340.7397940243407,2162400
2021-02-11,332.4336853027344,336.4923472539813,331.6691467900802,335.76557190876326,2088400
2021-02-12,332.9528503417969,333.1699525771133,330.4515802603714,332.23549409019535,2096600
2021-02-16,334.132568359375,335.4162276770267,332.28257689370355,333.2641885584315,1829000
2021-02-17,337.9459533691406,338.068662069331,332.1599789114296,333.2926147800182,2143000
2021-02-18,336.8888854980469,338.0970479601485,332.50927856988784,332.50927856988784,1914900
2021-02-19,334.8594970703125,337.842154199728,334.6801579944557,336.67175501402096,1839400
2021-02-22,330.5553283691406,333.46248717487805,329.24335363393936,332.9527852638985,2215600
2021-02-23,322.9477233886719,331.3010461245797,322.834462682535,330.1683814534922,3692600
2021-02-24,321.5791931152344,323.2781617132408,318.92689867680843,322.6080165090663,3305800
2021-02-25,315.16070556640625,323.74999696103777,314.64158444016067,321.72066600636407,3618100
2021-02-26,312.4234619140625,317.03903685447136,312.3668315667445,316.68035878488666,3362200
2021-03-01,313.1502685546875,317.14288126898384,312.76327527274645,316.397209881592,4653200
2021-03-02,310.02606201171875,315.9064304664114,309.98832764312954,314.96255276417344,4660100
2021-03-03,305.7408142089844,309.98826298308546,305.58979035154476,309.7522936067465,4064200
2021-03-04,301.13470458984375,307.32653907457444,297.3591943525759,305.22168174754904,5501200
2021-03-05,299.51129150390625,300.5589819694407,289.7704663095832,297.6329552131597,8102800
2021-03-08,293.9424133300781,304.24009394530947,293.4704744683224,301.0120482616231,4873500
2021-03-09,300.88922119140625,302.3050372197499,295.15987875021125,296.15096725296235,5426800
2021-03-10,305.6559143066406,309.01614554432683,299.5112898379768,303.1169096995012,4523500
2021-03-11,310.2053527832031,312.6594401879136,308.3836760146702,311.8665864980577,4338900
2021-03-12,312.5556640625,313.0181549011618,307.32657372888895,309.68626789326174,3182100
2021-03-15,311.9610595703125,314.9531360528777,308.9500870967143,314.87763850333886,3243000
2021-03-16,308.8839416503906,311.50792020113926,308.3081901462207,311.16813809471597,3066700
2021-03-17,310.715087890625,311.9515653156264,305.9296212614216,307.7041158635226,2672400
2021-03-18,304.85369873046875,309.72411221845203,304.28736622165803,308.1572714261852,2736900
2021-03-19,310.4508056640625,310.77172061297176,304.29673366966165,305.44823676611594,4859300
2021-03-22,315.7176208496094,317.3033571677812,309.77120327225833,310.0166206748636,4064900
2021-03-23,321.2392272949219,323.2874539043296,315.06626110205895,315.1512354153861,3641200
2021-03-24,319.0683898925781,323.2875238893106,317.926277264514,323.0137913217319,3006400
2021-03-25,326.902587890625,328.26177403615253,318.34161053361953,318.8513125394075,4307100
2021-03-26,332.2637939453125,332.6791024081543,324.7882992238797,326.7798672028559,3061200
2021-03-29,336.1619567871094,337.691033687045,331.31044154663294,331.7257499398074,3012000
2021-03-30,330.1211242675781,334.8593784977547,329.2621923675834,333.7361620750579,2602400
2021-03-31,332.69793701171875,337.3890091336434,329.63033527094933,330.9800731237229,2832200
2021-04-01,335.0199279785156,337.2663613445603,331.89569533057056,332.7546274296382,2938600
2021-04-05,340.56988525390625,342.3160643836772,336.81324244749703,337.4362050518677,2705700
2021-04-06,339.9091796875,342.438764615704,338.8520414371973,339.6071319574544,2142000
2021-04-07,338.67279052734375,341.17406093204096,337.5401256473587,340.6171764875887,1808400
2021-04-08,340.947509765625,345.47811128101057,339.4184324743039,342.4388238829403,2839200
2021-04-09,342.82574462890625,343.2976833870548,339.41836062140453,340.6548378633653,1610800
2021-04-12,344.3359375,344.75124589115666,341.06068152715613,342.4764977320479,1836600
2021-04-13,344.71356201171875,346.6862629210101,343.82631468152977,344.8362707198093,1796400
2021-04-14,342.78802490234375,344.3737322842558,342.2027966211756,344.3737322842558,1509400
2021-04-15,348.1021423339844,348.8100507271296,343.82637679158205,344.40215726320395,1850100
2021-04-16,349.91424560546875,351.87749800595236,347.8943340581367,348.95150098670086,2249200
2021-04-19,348.8099670410156,350.67885512028914,347.53575528295477,350.1786011280149,1560000
2021-04-20,350.8676452636719,354.2938968986095,348.0360123454738,348.2908489383622,2330700
2021-04-21,353.0951232910156,353.5576140389953,350.62216890041066,350.7542967691814,1531800
2021-04-22,350.42401123046875,354.3694127330059,349.26303139868253,353.33114159948065,2138000
2021-04-23,352.3306579589844,353.81255282437064,349.62173363599754,350.42403542205676,1404500
2021-04-26,347.83782958984375,352.9158966619418,347.54522978203414,352.9158966619418,2059700
2021-04-27,349.4329833984375,350.14089173045943,344.78912087109717,347.5074934748397,1875900
2021-04-28,348.84771728515625,349.70664935418813,347.51684641807554,348.809954115952,1305600
2021-04-29,353.3313293457031,354.4380156644393,348.5923633178905,348.6018315507807,1848300
2021-04-30,351.9598083496094,353.9178276145313,351.24091535574803,352.7354530149264,2118900
2021-05-03,358.7986145019531,359.08237281263115,352.7164874883994,353.6150747165882,2685800
2021-05-04,354.98663330078125,358.7134796596665,353.5299399804985,358.5242882120488,2133800
2021-05-05,352.34759521484375,357.09600073691684,351.9219288552067,355.98931438836377,1905300
2021-05-06,362.052490234375,362.2227452109345,353.00022538200386,353.00022538200386,2641400
2021-05-07,363.5280456542969,365.54281589140743,361.5227436479986,362.11863599146636,1817100
2021-05-10,360.841796875,366.9050168938696,360.65260540466454,364.63483471610607,1998700
2021-05-11,357.72021484375,360.31199873250085,355.65816115650796,358.7890857445983,1859700
2021-05-12,352.06378173828125,356.5473358290542,351.03272595013914,355.65818804960537,2344600
2021-05-13,358.9971923828125,360.80386367189,351.46784136193054,352.905598034963,2023100
2021-05-14,363.62261962890625,364.9468728683902,359.53632774716533,361.4659703913023,1876100
2021-05-17,363.1875305175781,366.1103562396382,362.184879449165,364.2091180488484,1830800
2021-05-18,362.09979248046875,368.38057914121543,361.8160341714553,365.5428805848314,1698200
2021-05-19,359.1202087402344,361.07822763924077,355.7811846496112,356.74599175062093,1725000
2021-05-20,362.82818603515625,363.71733404241235,357.81492928493986,358.6662332224111,1427300
2021-05-21,360.12286376953125,364.50238313368146,359.84854482810437,364.218595959824,1706600
2021-05-24,362.7051086425781,364.8901337795743,361.2295080011407,363.546944033365,1657000
2021-05-25,364.53070068359375,364.8712105979076,361.3619320481265,362.8659085694613,1379700
2021-05-26,364.7577209472656,366.7724912820485,364.1901755356064,364.98472756530583,1648000
2021-05-27,366.53607177734375,366.7914542612001,362.7524736170615,364.2942944860266,4452000
2021-05-28,357.8053894042969,364.4645298912106,356.63248327493426,363.3672830197004,4681200
2021-06-01,357.7675476074219,359.6309706173429,355.185231801828,359.3755592996383,2117800
2021-06-02,359.99981689453125,361.2578791489717,357.27562224820804,357.9093874906531,1881000
2021-06-03,363.1024169921875,363.4051117439447,358.36345151379015,359.10128079615845,1780300
2021-06-04,366.554931640625,366.7819671299386,362.95105717160504,363.4050992836728,1765900
2021-06-07,359.8200988769531,365.54280713572547,358.08911580665557,364.61581540160614,2515800
2021-06-08,359.1580505371094,360.58633914823616,357.2567833109477,359.8296310973039,1553800
2021-06-09,359.4039611816406,361.1255051768356,358.61887730831626,359.6404360535115,1398900
2021-06-10,362.2890625,362.6201043101208,358.9594769971599,359.69727762716315,1404000
2021-06-11,361.1727294921875,363.09290398284577,359.9430719063389,363.09290398284577,1404200
2021-06-14,362.99835205078125,363.2064510671774,358.5715210534962,360.18902976271255,1652600
2021-06-15,363.1403503417969,363.6984276901291,360.91748031602094,362.9984711628255,1252000
2021-06-16,358.88372802734375,365.53340027000974,356.7176101182652,363.6037572328135,1801700
2021-06-17,363.93475341796875,365.5617013585411,358.6944632458321,359.8011781212531,1686500
2021-06-18,360.2742004394531,364.08617420906563,359.7255625729183,363.93482682748913,3415700
2021-06-21,365.8739013671875,366.677921685424,359.9714979452776,361.57007034980495,1631600
2021-06-22,370.962890625,371.26558541879456,365.64693960020156,366.0820453246786,1934800
2021-06-23,370.76416015625,372.15463332084244,369.45881446705425,371.73843530786536,1538000
2021-06-24,370.8588562011719,374.10328484084266,370.6034448393215,372.1358264107304,1487300
2021-06-25,373.1667785644531,373.2045937562301,370.08313730767065,371.71008541739803,2056100
2021-06-28,375.0869445800781,375.9193406450323,371.86142426165964,373.6302514664083,1645500
2021-06-29,377.2153015136719,377.83013046723323,374.07490798073883,374.85999193068994,1523600
2021-06-30,374.2641296386719,378.8044364414259,373.6303641677815,376.43968730112346,2031700
2021-07-01,373.1856689453125,376.17471435165083,372.57084014187444,374.85990040080827,1523400
2021-07-02,377.3572082519531,379.0881919081989,374.6802960802147,374.7748918184206,1676600
2021-07-06,377.2814025878906,379.6839950303706,375.6260787179194,378.20839434703515,2113100
2021-07-07,382.78656005859375,384.1486574960707,377.6030498510563,377.6030498510563,2308600
2021-07-08,385.1230163574219,386.5324263906521,381.34888619081346,381.6704885908179,2235500
2021-07-09,390.0605163574219,391.60233694035315,385.5391185493429,386.44717385671333,2304200
2021-07-12,385.8134765625,391.93344722651983,382.644707596553,391.6402207030934,2491300
2021-07-13,385.0378723144531,387.1472387237379,382.80556321036806,382.80556321036806,1540300
2021-07-14,387.7714538574219,388.2633111322537,385.2269822718049,386.4755474873869,1265800
2021-07-15,389.54034423828125,389.8997906717482,385.8134978490121,388.2539058904293,1894100
2021-07-16,388.16876220703125,391.0537729202918,387.6012167497865,389.82408628516794,1413900
2021-07-19,391.7442321777344,392.8509471810914,387.86603885015654,387.8755070814902,2293100
2021-07-20,393.72119140625,395.4522036247093,390.514607170798,391.6023858024927,2045400
2021-07-21,392.5577697753906,394.5441356778997,389.9187020269589,394.5441356778997,1480000
2021-07-22,394.950927734375,395.95357900274496,391.17676869472996,393.49423426527403,1339200
2021-07-23,400.52215576171875,401.0518570896098,394.4873132762197,395.66024810217056,1344500
2021-07-26,400.3330078125,401.5342896416105,397.60881296023973,400.49379454296127,1220000
2021-07-27,401.3829040527344,401.5910030526473,398.7911492173645,401.0613017558791,1666500
2021-07-28,399.3775939941406,401.8747530754656,397.7884901363379,400.37077668862855,1362700
2021-07-29,403.0262145996094,403.56639493922876,398.3636525387303,399.6145873502678,1434200
2021-07-30,407.23388671875,408.9207428557428,403.6516853078024,403.68960031107014,2283900
2021-08-02,406.4757080078125,408.17202098740154,403.21571224136454,408.0867339315007,1366900
2021-08-03,412.3039245605469,413.9433796474777,406.6652610286018,407.42341646015507,1448100
2021-08-04,412.2755126953125,415.07112962610677,410.2380223069466,413.18527033036133,1280500
2021-08-05,419.9989929199219,420.29276909199206,413.8770364442389,414.84365201808237,1742600
2021-08-06,416.6252746582031,420.2548476852597,415.9334633070568,419.5630652547835,1789800
2021-08-09,417.4213562011719,419.6104776193328,416.3220525017279,417.59193033022194,1472500
2021-08-10,419.847412109375,420.57710963693194,417.60143256080113,417.60143256080113,1893700
2021-08-11,421.05096435546875,424.5573648747131,418.6817826318375,422.18818315108183,2267500
2021-08-12,422.0554504394531,423.25901313695385,419.1082025689969,419.8189570108889,1230700
2021-08-13,424.3867492675781,424.89847164699927,421.2783843066986,422.4534890721919,1309300
2021-08-16,429.1630859375,429.475834153882,423.6571093394578,424.4721229778765,1515600
2021-08-17,428.6701965332031,430.0348473148351,426.1683560473252,429.1629758463093,1936700
2021-08-18,422.8609619140625,431.4184439136127,422.5671857361905,427.36240654227856,2030100
2021-08-19,430.4897766113281,431.6648814136895,418.217404528663,419.77160151820084,1953700
2021-08-20,434.9722595214844,436.51697056528286,429.9211770319214,431.6554052529462,1911200
2021-08-23,431.12469482421875,435.038587342609,430.8024896063295,433.34224526781384,1835900
2021-08-24,428.1490478515625,431.560675280961,426.7369958934361,431.4279872239434,1541700
2021-08-25,427.61822509765625,429.12502073483995,423.9128225636763,427.23913300322033,1520600
2021-08-26,425.79876708984375,428.80290191106263,423.3253555235388,427.6183111791529,1418600
2021-08-27,426.7748718261719,427.9878915877171,423.42010275101063,425.79877021274615,1310200
2021-08-30,432.0724182128906,432.6978856813573,426.86970421153654,427.4383136302041,1219800
2021-08-31,431.65545654296875,432.97273556234734,428.7650661909284,432.2714669740034,1699000
2021-09-01,432.6314697265625,432.7831008077109,428.2058550357711,431.64591108010507,1325400
2021-09-02,436.84869384765625,437.2941011818152,434.40371096101694,435.3798127034492,1455000
2021-09-03,438.3459167480469,439.3409902559613,434.98169083815503,434.98169083815503,1302400
2021-09-07,435.5503234863281,438.9619505579471,433.68340734718333,438.2985681837785,1463400
2021-09-08,441.3311462402344,441.4543193862236,434.109856655479,435.08595828738333,1372000
2021-09-09,441.55859375,445.18816724888336,440.89521133139465,442.8853296665367,1398700
2021-09-10,440.8193664550781,443.8898162598625,438.96193635643937,442.72419753357934,1324800
2021-09-13,435.6072082519531,443.73822676086667,434.2236142982669,442.6199799889925,1679500
2021-09-14,434.42266845703125,438.01435627450195,433.48448168988426,436.8297653379317,1383900
2021-09-15,436.6211853027344,438.06163717036026,432.2713717594519,434.2614609821529,1770300
2021-09-16,439.066162109375,439.5020833799034,432.67885844561704,436.6780377204754,1577500
2021-09-17,435.465087890625,438.60188218702336,433.1053632218375,437.46466338852275,3411400
2021-09-20,427.532958984375,436.8296233184475,423.24946104112917,432.73567143169964,2602000
2021-09-21,428.4522705078125,432.93477258093816,426.6043261815106,427.5330557955853,1531300
2021-09-22,428.6607971191406,431.52278729890105,426.3011012546801,430.90680580295606,1380800
2021-09-23,429.087158203125,431.71220064611,427.49507532623886,428.63226498658474,2061200
2021-09-24,443.27386474609375,444.19310833756253,431.1910389299255,432.11976850213995,3353800
2021-09-27,436.46014404296875,445.87052717782996,433.3138636828993,441.1890216441791,2526000
2021-09-28,423.9413146972656,433.5601851520234,422.3492317779962,433.21903692103876,2632700
2021-09-29,428.1490478515625,432.13874173337325,425.4102599266353,426.32950358232495,1922000
2021-09-30,425.8367004394531,431.5321932578249,425.78929945573105,429.8832521425722,1836400
2021-10-01,424.8699951171875,427.4760944671446,417.69613634083237,426.1967597409738,1860700
2021-10-04,417.108642578125,425.8366993467245,413.34638110429916,424.8795407419405,2264000
2021-10-05,422.8893737792969,425.60918926965576,416.26515215499626,416.57787135980726,1808700
2021-10-06,425.82720947265625,426.2441877370266,419.2314161682009,420.70029715359226,1334600
2021-10-07,429.1724548339844,435.540815404285,428.414328376839,432.58408173247943,1966200
2021-10-08,428.2059020996094,431.9018197317195,426.4527018744351,431.6080435174156,1545800
2021-10-11,426.16839599609375,429.9496005592834,426.01676490384625,426.490601221867,1011700
2021-10-12,423.4864807128906,429.15357368153,422.4250919515598,426.5948459085059,1380900
2021-10-13,421.99859619140625,426.9359912483527,420.83297740545504,425.06907507403974,1621500
2021-10-14,427.07806396484375,428.06365139719367,423.13574315611186,423.71380946081007,1480400
2021-10-15,428.7176208496094,430.18650180946855,425.67557098460156,430.13912974779794,1494800
2021-10-18,437.7773742675781,438.156437527885,425.0311660799655,426.0830687963675,2141300
2021-10-19,442.6388854980469,442.7147154982341,436.2231526942563,438.7723941879654,1365300
2021-10-20,445.18817138671875,447.77532813851735,443.3591701090407,444.0035805715375,1352900
2021-10-21,452.2578125,452.65581880275136,444.5342575506632,445.1881539687135,1423300
2021-10-22,456.7687072753906,459.6496400775322,453.5276831785699,453.925689475042,1710300
2021-10-25,464.454345703125,466.4539210014288,454.40901038799416,456.7687059005658,1903400
2021-10-26,460.12347412109375,462.70114473759554,456.0484935288473,456.90139308063465,2378600
2021-10-27,463.51611328125,465.78106458812783,458.2565421262956,458.53137526727903,1741800
2021-10-28,465.6138916015625,466.84784747954143,461.76961993231555,462.22522014943496,1362400
2021-10-29,466.5726013183594,469.06901706951317,461.9404726349583,462.0543726898845,2471600
2021-11-01,466.88580322265625,469.7524229770485,462.4530288235492,469.04999106087774,1548700
2021-11-02,471.7457580566406,474.11877243985873,467.69265991838995,469.61004511174434,2012200
2021-11-03,476.81451416015625,477.41251842059586,470.5687530379824,475.87480973230026,1856000
2021-11-04,489.429443359375,493.7863230578942,480.3075903943091,481.2567961039289,2615000
2021-11-05,487.05645751953125,491.5936888851572,482.79453290411544,488.6226702058065,2071700
2021-11-08,478.2193603515625,487.3317126398152,474.7927413998376,487.3317126398152,2834800
2021-11-09,482.8704528808594,483.24065703073757,478.456651901118,479.4628076868668,1881800
2021-11-10,479.8329772949219,484.4366017143217,478.18133969757395,482.44329294064534,1226600
2021-11-11,486.16412353515625,486.467876283269,478.4376049144369,480.4878925130133,1227300
2021-11-12,490.90069580078125,493.26420872493367,487.1608230242146,488.1290313776913,1780200
2021-11-15,493.4825744628906,496.52948773825716,491.6980630788809,492.1536632841875,1392300
2021-11-16,499.96563720703125,501.46539855093323,491.1285337731808,493.4351547855079,1690700
2021-11-17,499.5575256347656,503.78150325167087,497.86796934895995,500.7060855691379,1609400
2021-11-18,502.4810485839844,503.8384058687223,495.95050831977227,501.33248875770374,1664200
2021-11-19,506.6764221191406,508.0907870886933,501.1900440315778,506.9517288137424,1909800
2021-11-22,512.2388916015625,517.715769227641,505.2811974300504,506.23040315307014,2190500
2021-11-23,517.5637817382812,518.0953344819247,506.65742020189197,510.63459342242396,2147000
2021-11-24,521.8068237304688,522.8509847470294,515.7224407686856,517.829649584884,2316400
2021-11-26,518.3898315429688,526.3821291339557,516.6622698236466,521.6360995539274,1844800
2021-11-29,526.6953125,532.2956498255062,514.8586861925409,518.3897618515344,2919100
2021-11-30,511.9826965332031,528.8690490847493,508.6699771240769,523.0124647484577,4244200
2021-12-01,502.9271545410156,520.4020053251397,502.50950173142917,515.5135729812245,2877100
2021-12-02,498.8171081542969,503.942784291287,487.9296883986214,492.1726681014093,3277500
2021-12-03,502.06341552734375,510.19811616423704,498.1147449010486,503.0695713553126,2984400
2021-12-06,506.1164245605469,508.82163727738276,500.77239253445396,505.21466767663134,2432900
2021-12-07,514.4884033203125,515.4186062067083,507.5497131674122,510.90987990931995,2579800
2021-12-08,503.1833801269531,519.9653286301859,498.85500479295115,518.4656254553391,3037500
2021-12-09,497.6971130371094,505.29075973770375,497.1940061344302,501.9400353223017,3200500
2021-12-10,530.4351196289062,532.7606851081231,507.45482949438764,507.54978482236737,6333600
2021-12-13,528.9164428710938,531.3179614210736,520.1457903031996,522.4808574931286,3415200
2021-12-14,517.6399536132812,528.8690173200217,510.2646054787925,528.195118232009,3494400
2021-12-15,536.7568969726562,537.7156041354802,517.8202869146041,518.4657399301361,2937100
2021-12-16,524.5596313476562,537.7725605031509,521.5411637093496,536.1019489444819,2683000
2021-12-17,519.7944946289062,528.2044428245703,513.5012565038998,521.4176571548974,5752000
2021-12-20,520.6963500976562,521.2469057032783,510.701242789571,514.5929635358675,2033600
2021-12-21,517.7252807617188,523.7527719826813,508.8502302504753,522.5377608245,2472800
2021-12-22,521.749755859375,522.0630098870805,512.3811024803756,517.6776852388214,1454500
2021-12-23,522.414306640625,524.5405180176163,519.6805897459462,523.714713740569,1757800
2021-12-27,534.848876953125,537.003592306342,523.4299631704915,523.5248605610209,2262900
2021-12-28,535.9595336914062,537.8579451386541,532.2196608229311,534.8109739092502,1155000
2021-12-29,538.9305419921875,542.4615594081571,534.8774150902182,537.6301348103464,1753000
2021-12-30,535.2666015625,540.9333901492503,533.8048455297405,540.6011913029166,1338700
2021-12-31,538.8641357421875,539.3861873369632,530.6345378078527,534.7920058461057,1509200
2022-01-03,537.9243774414062,538.6457251004821,527.2932621263252,536.3297188343818,2714100
2022-01-04,535.5703735351562,539.8322983357414,533.2543090504493,535.5703735351562,2097500
2022-01-05,521.9872436523438,536.3487322155191,521.8448975415699,535.0578262162263,2887500
2022-01-06,521.873291015625,525.4043664049364,515.940755291241,518.4561736123475,2503100
2022-01-07,508.9450988769531,520.5159185319179,507.1036375247014,519.7375629155107,2323900
2022-01-10,492.447998046875,503.4682643889244,482.67118908793026,502.4051584400836,4916800
2022-01-11,495.5139465332031,495.9315414802753,484.37025040710597,492.4479723109493,2457300
2022-01-12,499.0924072265625,503.1075872301119,495.4949380350121,495.5139406905372,1729500
2022-01-13,490.62542724609375,502.1772439317224,489.0592147297101,500.83888943956515,2428100
2022-01-14,477.44097900390625,486.92353494009296,476.3683718983895,485.5851803573695,3872500
2022-01-18,463.2788391113281,469.9327514589318,462.1302793424854,469.3442485519001,3801900
2022-01-19,465.2626647949219,471.03382264826575,462.3580976989931,465.0063896867371,2709400
2022-01-20,458.2955017089844,474.4889485870454,457.3652696973727,465.82269593615996,2893700
2022-01-21,457.1469421386719,469.4866162080634,456.87169334292514,457.4412225550043,3295600
2022-01-24,464.0667419433594,465.0823991718413,445.1870523378255,451.39483784287745,4412600
2022-01-25,453.07489013671875,458.1246716186622,448.37631014329156,455.52382819681867,3076800
2022-01-26,458.9124450683594,468.78417778327696,454.4511670400764,458.6846449877515,3074900
2022-01-27,458.0108337402344,470.6068149381963,455.91309675120687,462.1873629954919,2372300
2022-01-28,467.4173889160156,467.7021680266071,451.7270187453851,459.1687884829582,1918500
2022-01-31,479.4722595214844,480.69674293339176,465.7087774557646,467.00918457476695,2480700
2022-02-01,482.5857238769531,483.7912048137246,471.69833220076316,479.3489286253872,2347200
2022-02-02,495.5043640136719,497.3742713809296,484.4176197365321,485.1484976765383,2547600
2022-02-03,496.0177307128906,500.4572236673626,488.8308616080357,490.41842145704584,2665100
2022-02-04,494.1164245605469,496.23634286028323,485.58911470394656,492.5383224717515,2387400
2022-02-07,490.4280090332031,496.23643305015344,488.84990665759113,495.57097029017496,1863600
2022-02-08,495.4283447265625,497.55777886650674,485.30395881160695,490.42794597505315,1462000
2022-02-09,502.72930908203125,507.8722699072684,499.7347559248792,501.94025796046355,2256700
2022-02-10,492.8901672363281,498.58451880163994,489.3442816355605,495.16222163407093,2558900
2022-02-11,484.5150146484375,495.61850688278565,482.3380305323312,492.81415191271276,2349700
2022-02-14,481.5584411621094,486.28314514969327,476.6911463119959,483.8685001691852,1749600
2022-02-15,488.55523681640625,490.53259375076084,485.5512255319689,488.00390474708973,1984600
2022-02-16,487.1102600097656,489.15411085014773,476.9478390767878,486.24514103091263,1770800
2022-02-17,489.5914001464844,492.63347394547566,482.0052471049955,484.4864441682499,2022800
2022-02-18,487.3668518066406,492.3387615098532,485.1423473760064,489.4773125616378,2154700
2022-02-22,477.3946228027344,489.18263718848067,473.5730425589112,484.82866936235166,2451800
2022-02-23,470.81610107421875,482.8987818955481,470.3597813702258,478.11704226993743,2021400
2022-02-24,480.6267395019531,481.54886564697773,459.1422012148738,459.4178671777501,2859800
2022-02-25,491.94891357421875,492.67141253180375,480.3130365300412,483.47866931010884,2003000
2022-02-28,493.6221008300781,493.98335034106435,486.06446630478297,488.91639948242425,2408900
2022-03-01,497.1204833984375,503.2331201031648,493.56508252402125,493.82177508666274,2316000
2022-03-02,501.9402770996094,506.77908295240945,494.11649172648674,498.13769924279416,2571500
2022-03-03,506.7409973144531,512.3593383386734,503.4042261110982,508.1099276024262,3851800
2022-03-04,499.5636291503906,503.7654611263761,486.5207869015567,493.85976278521014,4417900
2022-03-07,502.4347229003906,518.3769940323506,497.58640043046086,497.61494762053263,3896900
2022-03-08,497.52923583984375,513.091279919093,496.62611206150353,500.2480648797066,3649700
2022-03-09,501.60760498046875,504.65913675994364,490.25690707280626,501.5790577939099,2789700
2022-03-10,506.42730712890625,507.995893753522,492.56695217902967,497.29162746456683,1777700
2022-03-11,501.3888244628906,515.8671773004725,500.44769584447124,510.1347640461343,1735100
2022-03-14,499.99139404296875,508.88941099425904,497.70030872834604,501.72157367617376,1950000
2022-03-15,515.5535278320312,517.0079837328783,501.86422393899056,503.8415807285931,2547900
2022-03-16,516.5706787109375,524.394463620328,505.0393574018122,517.6544272613498,3017200
2022-03-17,525.5067749023438,525.868024469723,516.3901262473878,516.532688114887,1974200
2022-03-18,533.6442260742188,534.7850109915644,522.3886285473269,525.6683634261716,3597800
2022-03-21,528.111328125,538.7775267408527,523.652805115226,532.4937833628057,3136900
2022-03-22,531.8095092773438,532.6936016652594,525.0694725269957,529.4709610327712,1777500
2022-03-23,526.6760864257812,533.0168690181146,524.6701824260049,529.4614678584636,1546800
2022-03-24,530.564208984375,530.7068288741182,522.1129651191777,528.0925563955709,1614200
2022-03-25,528.2825927734375,532.7696062557753,523.0730222785363,532.1897271275685,1974900
2022-03-28,537.3136596679688,537.3611802761225,526.1815945659372,529.261672665127,2056100
2022-03-29,541.8483276367188,543.0271175202325,536.6673615863784,539.9660701145102,2005400
2022-03-30,548.0179443359375,549.710119203158,540.5269199143045,542.7704267520479,2086500
2022-03-31,547.4286499023438,557.3819286761945,547.1054632427677,550.1380217280004,3439800
2022-04-01,547.1624145507812,554.2161798849427,544.0633044649186,548.8830786261998,1933500
2022-04-04,546.744140625,551.0790769441952,543.264749486923,545.6128714221336,2201800
2022-04-05,546.9248046875,555.1573605874769,543.863699203375,544.329563750867,1826800
2022-04-06,555.927490234375,557.8382953547361,542.2192099804837,545.6986020565063,2646200
2022-04-07,578.0394287109375,582.0511790342821,559.7205470005771,563.0572607571698,4804200
2022-04-08,570.4246215820312,577.9917715850435,568.2286354286616,576.4517323617831,3230200
2022-04-11,555.813232421875,571.3372713660896,554.035532076248,569.2363264018358,2792700
2022-04-12,552.6666870117188,562.524866092066,550.1950344563361,557.7336385752641,2142000
2022-04-13,561.9163818359375,564.1978934114044,553.7217743408394,553.7217743408394,2211800
2022-04-14,561.2509155273438,566.8502245127329,558.0757379599622,562.5723250611695,2206200
2022-04-18,553.38916015625,562.8860892295368,550.99351749894,556.4882704452501,2161900
2022-04-19,564.9678955078125,565.4717648373829,553.2749822301731,554.5583288252259,2327800
2022-04-20,573.7424926757812,575.4061205210309,567.819938091233,569.5786651984234,1793300
2022-04-21,562.5343017578125,579.1135422315639,561.9734540607369,577.3073527051553,2027900
2022-04-22,543.4834594726562,562.6864895255778,542.8655173530951,561.2129441670448,2878200
2022-04-25,540.1656494140625,542.181010803245,526.2101972564647,542.1619793488876,3154500
2022-04-26,526.4287719726562,540.2891814579771,526.0009704533295,537.3516651798055,2057400
2022-04-27,526.7330932617188,535.8022204292787,525.5637611324069,528.7389391263697,2261600
2022-04-28,535.13134765625,537.7974708610052,519.7058416697797,528.9135124643078,2118700
2022-04-29,506.29901123046875,534.7314809398537,504.3756247758534,534.1125334933616,2968000
2022-05-02,503.6615295410156,513.4214890053418,493.4921348488279,506.7846863486889,3303400
2022-05-03,502.83306884765625,508.72713380572725,498.6624673753085,504.6612594013705,2398000
2022-05-04,518.4013061523438,520.029573580847,497.8149426923281,506.18468012731,2465200
2022-05-05,492.5875244140625,516.4113651841834,487.68371682711734,515.6781594135216,3977000
2022-05-06,479.2948913574219,491.7495670417659,474.97196474683517,489.8071181474535,3560800
2022-05-09,474.9814453125,482.8084568502566,470.70611682710336,472.3819823619424,3292700
2022-05-10,477.48577880859375,486.2173846751392,471.9345170402832,485.3318538558346,2729400
2022-05-11,465.69757080078125,483.71303766657206,464.4882986676978,479.8281110947031,2782900
2022-05-12,462.936279296875,473.48657335132134,456.8232284795839,463.517131000002,2829500
2022-05-13,473.4960632324219,474.9434123183999,466.1927736849823,469.5349447242484,2338600
2022-05-16,470.88702392578125,473.88641982686164,466.21176253087606,472.4200665783287,1579700
2022-05-17,467.0211181640625,469.96338484959455,457.27069168059865,465.77375028614136,2602800
2022-05-18,408.87078857421875,441.6832806114106,404.2526566498567,438.0078374884217,9511600
2022-05-19,402.7101135253906,409.9467705933293,398.7013977422205,409.7944165535392,5839600
2022-05-20,396.5208740234375,408.34709851822873,387.07515598435475,408.2994715351486,5115000
2022-05-23,408.9470520019531,409.44218092244967,396.74948609962314,399.9202697382067,3687200
2022-05-24,416.7834777832031,417.7547311151819,404.06222109119466,404.4906895683377,3473400
2022-05-25,419.0687561035156,422.0681809219332,410.23242501692243,415.46947537997704,3225100
2022-05-26,442.75927734375,445.6729794366353,426.11499750360633,427.628977684532,5917600
2022-05-27,448.2534484863281,452.1764707922066,433.3611671644096,434.9608410847276,5719600
2022-05-31,443.9304504394531,448.29147205308834,436.13200450535743,448.25340533857604,4424500
2022-06-01,435.1417236328125,448.00583239085154,434.8656091853838,446.93938319903583,2319400
2022-06-02,464.2978515625,467.64958256661197,435.9892309982934,438.8648374315359,4950600
2022-06-03,453.48095703125,464.8120239516569,452.8525074935335,461.8411927250427,2857400
2022-06-06,449.8817138671875,458.0039024933443,446.4919159987827,457.52780696060694,2297000
2022-06-07,449.22467041015625,451.0814544901638,437.6174597543237,437.9221678494591,2435500
2022-06-08,445.61590576171875,451.7480188002855,444.5685187934679,449.22471818470285,1697000
2022-06-09,449.48175048828125,461.0889611174715,444.8160203941632,444.99693900907437,3087500
2022-06-10,441.1595458984375,445.8062419538393,435.87489823836125,442.7687507797195,2549900
2022-06-13,430.62841796875,436.7129329468678,427.43857202393497,428.485988028607,3113400
2022-06-14,433.0565185546875,436.8272163886972,428.7526250658925,430.62844277276224,2224600
2022-06-15,436.8556823730469,442.159363737827,429.80947534369625,436.5795388685541,2250200
2022-06-16,430.16180419921875,435.884452199605,426.55299226728204,428.7811156619331,2906600
2022-06-17,425.3341979980469,433.9039169554004,422.01106072332436,429.48573678927676,3623400
2022-06-21,440.9691162109375,442.5973835811845,427.6670371599466,429.00960076490344,2420600
2022-06-22,437.9698181152344,442.5022571316855,436.57962722057084,437.4270912629606,1827500
2022-06-23,452.2907409667969,453.5095443274806,443.44487812812196,444.0733276973351,2030100
2022-06-24,461.2127685546875,461.650768295891,453.8904171457502,457.05169836684297,2862600
2022-06-27,458.7180480957031,463.9455677726662,454.52841319829093,462.5839415162562,2034700
2022-06-28,446.20623779296875,463.94556185493457,445.5206881273517,460.38437659634275,1754600
2022-06-29,447.3774108886719,450.3577733343044,444.1209339783305,448.43435799716013,1275600
2022-06-30,456.3661193847656,459.0417738760072,442.50222020059186,445.91105132977646,3852400
2022-07-01,462.53631591796875,467.7638352822298,455.14730435604247,458.17526480427216,2660400
2022-07-05,464.9168395996094,467.4306090137816,455.5853493079002,462.3459119850871,2489400
2022-07-06,469.0969543457031,473.25802493410345,464.45978819234045,464.9168503957885,2262300
2022-07-07,471.2869567871094,471.8392147927241,465.83089178357176,468.53511079228076,2125200
2022-07-08,477.5618896484375,481.351591289458,473.23893430530705,473.54364240406596,2607800
2022-07-11,475.04803466796875,481.3800983475173,471.18214193483135,477.16189963040114,1891100
2022-07-12,467.11639404296875,477.9047064003816,464.70735172673676,473.2485070403894,1775300
2022-07-13,468.6874694824219,473.54364954230095,460.6890706500961,461.16516616462224,2008400
2022-07-14,487.4647216796875,488.73115213528393,470.0205734809105,472.37248669702285,3715600
2022-07-15,497.9483642578125,499.70989460570695,491.1211701120452,492.2066238338408,4265100
2022-07-18,491.6161804199219,503.2615153660432,491.01629546648974,496.9103598263254,2464100
2022-07-19,495.3584289550781,500.45268694668636,492.25427622165984,497.4341988790559,2391000
2022-07-20,499.1385192871094,501.0047763977978,492.1018140539276,496.33907550395196,1740700
2022-07-21,504.1470031738281,504.4135863987587,496.66273870394866,498.98608677088794,1716100
2022-07-22,504.3946838378906,511.43139060431355,500.91922090210664,505.3374019242329,1800800
2022-07-25,503.8423156738281,506.8416821915358,500.85242224690666,506.01328074327284,1452700
2022-07-26,487.45513916015625,494.8346195237609,484.43670991648395,490.3783725492137,3334800
2022-07-27,497.3388366699219,500.2049406353799,486.7314449407573,488.56913738215087,2060100
2022-07-28,511.4269714355469,514.2884749143504,496.26103792835016,496.26103792835016,2083300
2022-07-29,516.310546875,517.0926980657567,507.34453848368946,507.43989863631015,2131500
2022-08-01,521.56640625,527.1940548741459,516.2630870745239,516.4252226901307,2256000
2022-08-02,518.3709716796875,525.6009960172557,515.8051542819128,518.9146643867376,1984200
2022-08-03,521.757080078125,523.3690629000314,517.0928148563585,519.8398631944882,1693300
2022-08-04,518.1992797851562,521.9382950466635,515.7097272802464,521.7475164867263,2000500
2022-08-05,515.709716796875,516.5967759542353,508.7276408106977,512.4380712323821,1711500
2022-08-08,516.8829956054688,522.2244461051373,513.8020702442376,518.7334370673975,1344100
2022-08-09,511.0837707519531,519.8399672509291,509.242876569618,518.542765891997,1877300
2022-08-10,514.89892578125,524.5230828920629,512.4856966502786,519.3437687543403,2336600
2022-08-11,507.6307678222656,518.3995391173845,507.3350814354138,518.1610804758124,2340200
2022-08-12,512.409423828125,513.5444891478596,509.0900403673203,511.4269464041192,1918200
2022-08-15,520.55517578125,521.7474689003092,510.9500554280165,511.6368465376621,1848000
2022-08-16,527.4896240234375,534.1187278554127,523.6265473568187,525.6582196925783,2498000
2022-08-17,530.6373901367188,533.6228977587067,523.6648599826175,524.6091471326632,1835200
2022-08-18,535.0630493164062,538.6780612971559,530.7326032067987,533.2507403871731,1619200
2022-08-19,528.9299926757812,533.4416122500445,527.632733217573,532.859787045838,1617000
2022-08-22,520.2881469726562,527.4705496711417,519.1626290968836,527.4705496711417,1860900
2022-08-23,517.045166015625,520.8032769402171,512.0947617547721,520.5457229500014,1359000
2022-08-24,518.1420288085938,520.0496981018929,514.4602410447137,517.6937544690429,1145800
2022-08-25,525.3435668945312,525.4770595099491,514.6415110726201,520.5457503128421,1483300
2022-08-26,507.2684020996094,527.155833286166,507.12530360058844,524.6091108127436,1886800
2022-08-29,506.5434265136719,510.77845468513726,499.80935621850966,502.6995031501782,1579900
2022-08-30,499.9429016113281,511.2649141178135,497.43431185359486,509.61479882207914,1872700
2022-08-31,497.9969787597656,502.02219070040184,496.2419558477103,501.27817183169395,2179800
2022-09-01,504.7406005859375,505.1317053439551,493.16109366803784,495.7268526581167,2280600
2022-09-02,495.14495849609375,510.14881310759523,492.22622757797836,508.1075935314316,1901700
2022-09-06,494.94476318359375,498.99855995476474,488.86884185690445,496.1465457942797,1933400
2022-09-07,505.1890563964844,507.11576302434185,494.94488038608074,495.9940753353857,1827900
2022-09-08,504.6929931640625,508.42251930507183,497.4820054271227,500.1241460781103,1600800
2022-09-09,511.80853271484375,513.2201891463778,505.08401112802375,507.55440988320845,1930900
2022-09-12,514.6128540039062,517.5506226095762,512.2091722197736,512.9054528373435,1522400
2022-09-13,486.7418518066406,507.6689881429732,485.20619186122235,506.28591613890535,2881400
2022-09-14,484.5480041503906,490.28055973475665,479.8932863822588,490.1374612497019,2007300
2022-09-15,480.2557678222656,485.55908638550767,477.4228776203156,484.929551995216,1749600
2022-09-16,480.8661804199219,483.05998831630274,474.34192625959173,476.5071493915664,3004800
2022-09-19,483.1840515136719,483.3175732352865,475.858607995449,478.97763698884916,1441300
2022-09-20,476.45941162109375,480.18890810823825,470.6410443034662,479.7787662484327,1843100
2022-09-21,470.3072204589844,483.0504363973542,470.24044505270126,479.30187350706365,2082600
2022-09-22,464.6795959472656,471.1942731918585,462.0470032437917,471.1942731918585,3133100
2022-09-23,444.8684387207031,460.053497920298,442.1309381554638,456.8295324083712,5377800
2022-09-26,458.1267395019531,461.760846941867,443.73337910829406,444.36291342739935,4001900
2022-09-27,456.2191162109375,465.85285230934915,453.48161533427066,463.0771898950052,2412400
2022-09-28,465.7479248046875,468.85740593908287,452.2988505506079,459.29999331950006,2419500
2022-09-29,456.8677673339844,466.4347284671302,452.184435338375,463.1916671132022,1963900
2022-09-30,450.4674072265625,461.49373167847335,450.0858792496693,458.4700926251579,2436700
2022-10-03,455.6753845214844,458.6417959638042,448.68376105393713,452.59448848322853,2338500
2022-10-04,463.6875915527344,465.49032370444,458.5368908366494,461.4937546362047,2175600
2022-10-05,458.1458740234375,461.53197544620076,452.89978335741193,459.0806133670733,1587700
2022-10-06,460.21563720703125,471.0798270458335,459.6719736190386,461.1313393621457,2430700
2022-10-07,446.53765869140625,456.9916776755666,444.6013756328315,456.1809415588568,2568100
2022-10-10,444.7825622558594,448.5406725051744,440.2995284735642,448.00652751520545,1616300
2022-10-11,450.2289733886719,455.21753855962226,442.29309206275866,443.53306533310496,2341400
2022-10-12,444.8493957519531,457.5926123321555,444.7730726812937,452.42284498079846,2043900
2022-10-13,446.3850402832031,449.961919994292,428.30034461437987,437.0374729483795,3390900
2022-10-14,433.66094970703125,451.53583215709415,432.84066581986673,450.2386018011152,2301600
2022-10-17,442.74139404296875,445.326277512294,439.22174223938555,440.3377123573684,2097500
2022-10-18,451.42132568359375,454.5212883740852,447.1862974023475,451.3545793790443,1864000
2022-10-19,449.6662292480469,452.94742253329264,445.39306895747296,446.2133527244237,1207600
2022-10-20,443.1706237792969,450.2862216900182,441.53957477630877,449.25609313779455,1709500
2022-10-21,456.1046447753906,457.4304889076608,440.93867970122244,442.30265626111344,2508400
2022-10-24,474.02716064453125,475.00960907324554,458.8039692752762,459.3762467221229,2366200
2022-10-25,476.02069091796875,477.0985286683165,467.8558691089046,470.5456896544007,2130900
2022-10-26,476.3926696777344,483.9947320785092,472.80624251489365,475.0095979598653,2088700
2022-10-27,474.4720153808594,480.65446687696254,472.1786856967043,477.5966745239097,1576600
2022-10-28,488.1651611328125,490.02850803584994,473.92737462964016,475.1982519870109,2369300
2022-10-31,479.2115783691406,486.98982217298044,478.25602188186417,486.98982217298044,2192200
2022-11-01,477.739990234375,484.8397967559047,477.56799707364286,481.3137911545532,1586300
2022-11-02,462.0211486816406,480.87426041774904,461.7917952840169,475.67603054443623,2464400
2022-11-03,464.6775817871094,469.4935655845431,458.3900036429987,459.50801758674567,2010400
2022-11-04,464.7922668457031,470.73582977694974,455.31313300079273,468.6049281638606,1987300
2022-11-07,466.8371276855469,468.2226963085192,453.4115702008007,455.8482276701429,2036000
2022-11-08,470.86004638671875,476.1156073165895,462.9767049919126,468.92026779178093,1709900
2022-11-09,468.1940612792969,475.46583289622714,465.22226513506695,470.0382784902732,1640500
2022-11-10,490.32470703125,491.96823620141555,479.1160188905941,482.50826193136504,3098300
2022-11-11,492.56072998046875,493.8698961722299,484.1900740387732,490.3247602090186,2393500
2022-11-14,487.0280456542969,497.55829728768003,486.77962078593544,492.8474105892039,1820200
2022-11-15,503.07171630859375,506.25373523834827,496.8892948083885,496.8892948083885,2502200
2022-11-16,500.81671142578125,505.06894958498185,497.05181642117446,498.14116484643813,1833600
2022-11-17,498.1507263183594,498.59980988281285,490.16228789976304,495.93382821856187,1902500
2022-11-18,500.39630126953125,506.0054137658929,495.1598698392764,503.4540940105189,1584400
2022-11-21,500.109619140625,503.8458778537224,498.8769722063845,502.3742834631496,1268300
2022-11-22,508.3082580566406,509.1204576986446,503.272456973114,506.4067100796266,1809100
2022-11-23,510.7351989746094,512.9425313555242,506.82700696876714,510.2669857911606,1288200
2022-11-25,509.9422607421875,512.0444967257172,509.3785150627091,510.4200389965106,744200
2022-11-28,507.32403564453125,512.4171680695947,505.4320524564101,507.2953992775347,1684300
2022-11-29,505.4511413574219,509.9995408936398,504.5337862045737,507.43865670479045,1685700
2022-11-30,515.2837524414062,518.4657713598091,498.9341975852716,503.969939799602,3601800
2022-12-01,481.4666748046875,496.06760583784245,473.64069404902585,496.06760583784245,6970400
2022-12-02,472.5513916015625,476.7940651250695,470.23893186040794,476.3640530020532,3632100
2022-12-05,466.9422607421875,470.8027173157687,463.18693055150874,470.6115943439124,2455300
2022-12-06,459.77557373046875,469.6273590130854,455.9629125881744,468.8533605730899,2995900
2022-12-07,460.5495300292969,464.9164298779777,457.5872992878688,457.7975228672287,2072600
2022-12-08,460.0240173339844,461.8491045643456,452.455997117242,461.43822227316565,2901000
2022-12-09,461.5528564453125,468.3086474059431,449.5893004365349,453.9848658479768,4211100
2022-12-12,466.0057678222656,466.1395597241919,459.3073368614614,461.27578083788404,2276400
2022-12-13,466.50274658203125,475.8385241219576,460.1482718249062,474.9498634773341,2626700
2022-12-14,462.0306396484375,469.83754859888774,459.6608783390249,467.1333075417521,2145000
2022-12-15,443.2922058105469,455.5137812356453,442.57553845754,454.2142092716662,3437700
2022-12-16,440.94158935546875,444.13314478880176,436.5746888470707,440.7600312748992,4909200
2022-12-19,438.2469177246094,442.8144769977745,435.12222905354054,440.43515045184114,1939200
2022-12-20,437.472900390625,439.7948957748266,432.4179981491001,436.26888982343695,1993700
2022-12-21,441.5243835449219,443.08194512753374,435.9248370929423,438.96349941660225,1462400
2022-12-22,438.3233642578125,439.93825726106127,433.23982525692156,438.266033194134,1906100
2022-12-23,442.08819580078125,442.5946395643327,434.58707166566495,437.18618643514577,1229500
2022-12-27,438.1226501464844,444.0471120419807,436.7944126295468,443.7604275985581,1230800
2022-12-28,432.8575134277344,439.99552138244155,432.67595536661753,437.2053128370215,1324100
2022-12-29,436.2402038574219,438.6004295576579,433.3066384300853,435.3802088474059,1465000
2022-12-30,436.21148681640625,436.4026097566265,430.7170376396388,434.4437016838017,1803200
2023-01-03,433.13458251953125,438.409243090013,427.9936846746108,437.6448096721225,1978100
2023-01-04,436.26885986328125,439.08776311592356,432.47529950873064,436.8613002092217,2097300
2023-01-05,430.18194580078125,436.144608512623,429.6372716442621,434.338622047938,2169300
2023-01-06,461.4095458984375,462.89067591694305,441.67731071519734,442.49907527823973,5174500
2023-01-09,457.4726867675781,465.2318010919633,456.8898112841982,461.4669060470736,2384800
2023-01-10,460.0049133300781,460.66424967673555,454.3480349336743,455.9342622922073,1649900
2023-01-11,462.7855529785156,462.9862116726351,457.81664765577375,458.98242771896406,1576400
2023-01-12,460.9891357421875,463.44492305481197,457.4726946649304,463.4353581577813,1628200
2023-01-13,463.6838073730469,464.0086930947285,457.7115790452127,459.5175948889599,1405900
2023-01-17,465.13623046875,468.6813661062494,462.8429006839358,463.5691329609473,1539900
2023-01-18,458.16064453125,467.08553812457774,457.2528542545323,463.26331238895466,1925500
2023-01-19,448.6242370605469,456.3355854475344,447.2673630846185,455.07424379795776,1919500
2023-01-20,458.7721862792969,458.97287412687757,448.60508096879806,452.8573187715473,2588600
2023-01-23,470.7166748046875,473.2297930726294,456.37379152860944,458.6193551422421,2709400
2023-01-24,470.2388916015625,471.66269060527753,465.3655768180533,470.181560544905,1510200
2023-01-25,469.0635681152344,470.0764556479953,462.9671131259156,467.61110360692106,1329800
2023-01-26,476.15374755859375,476.50732792584756,469.9139653661706,471.28043319537846,1576400
2023-01-27,480.9219665527344,486.47374664792,475.7332733773477,477.54885378267096,2034100
2023-01-30,480.9125061035156,483.1294043295026,478.131833004426,478.131833004426,1855900
2023-01-31,488.4231872558594,488.6811770253991,479.6893864220006,480.864731472447,1924100
2023-02-01,494.8922119140625,497.31936260659796,482.2884492546282,485.71889338690653,2080200
2023-02-02,501.03753662109375,507.37432681724476,498.3669144985415,501.86073160056833,2287400
2023-02-03,492.7768249511719,499.23805969727306,490.5752307224995,496.9216037470401,1844100
2023-02-06,493.5330505371094,495.09326527641326,490.35507335139755,492.43222424548,1740100
2023-02-07,494.432861328125,495.83036509908294,485.6838567419646,490.08704525375464,1927300
2023-02-08,482.2569274902344,490.2688529142702,480.1031828402449,489.41694244297514,2062900
2023-02-09,479.2129821777344,487.3780663978784,477.097534470953,483.6736302213955,1517300
2023-02-10,478.6004943847656,479.1365353328486,474.18772350643246,477.18382725570666,1536800
2023-02-13,484.7840576171875,485.1095088962571,479.90223000707374,480.27553059905205,1452600
2023-02-14,481.6921691894531,486.12410172383096,477.29853362805477,483.40560088290624,1257300
2023-02-15,489.40740966796875,489.54143448132146,479.89264112909257,481.22319086723314,1422600
2023-02-16,482.5345153808594,488.8808874387159,482.0559054725689,482.0654578065539,1456000
2023-02-17,485.77001953125,485.99016143709446,480.3712846715201,482.6973222769832,1340400
2023-02-21,480.2755126953125,482.42925751254273,475.3075389799386,479.39488672878383,1811800
2023-02-22,476.11163330078125,483.8363759070936,475.35542137941775,482.3622782528329,1332000
2023-02-23,472.04345703125,477.51872706535073,466.9893076852473,477.4612962056948,1546300
2023-02-24,467.7071838378906,469.38231860028685,463.9644798753535,467.67846841044513,1587600
2023-02-27,466.19488525390625,471.90949018794976,464.9026323288339,471.47872947557966,1501700
2023-02-28,463.4667663574219,467.96571198174433,463.08388420497727,464.8260315924413,1918200
2023-03-01,458.19244384765625,461.93514779863597,454.6985679843933,460.51848109965596,1759300
2023-03-02,464.9121398925781,466.57769318622053,455.2154975414546,456.9384816926686,2379200
2023-03-03,454.9283752441406,455.63670867868893,445.4231586791715,454.51674845322094,5354200
2023-03-06,462.4137878417969,467.9082500674724,455.177207556306,456.1344274799109,3104700
2023-03-07,464.3952331542969,474.0248631048882,464.2516560103086,465.30460375294484,2659100
2023-03-08,465.2471618652344,466.05122306453933,460.55679026327266,462.3372052305837,1548500
2023-03-09,459.0061340332031,469.0378103713564,458.14464185656107,466.6256264343512,1629400
2023-03-10,450.9846496582031,459.90591795272866,448.34271308201903,458.4892510332392,2123000
2023-03-13,451.8077697753906,456.2971332145705,446.83021486423894,446.83021486423894,1799600
2023-03-14,461.30340576171875,464.4047887466693,452.764991794665,455.0910290333778,2422900
2023-03-15,464.8834228515625,466.1852279013813,458.0680217977269,460.91096608579386,2226300
2023-03-16,466.41497802734375,467.2573362136402,462.10748847544596,464.1846393006226,1979600
2023-03-17,466.2139587402344,468.9420414037302,460.9109813206769,468.14756170912915,3959300
2023-03-20,468.3581237792969,469.7939536008749,464.9408417930535,467.12330195337074,1623800
2023-03-21,469.8514099121094,471.9094269254627,465.19930584790086,471.9094269254627,1664000
2023-03-22,466.663818359375,475.37452497871146,466.50110734096154,468.5208272355952,1299700
2023-03-23,466.89361572265625,472.14874394040635,463.5720613023285,469.69826318666986,1565900
2023-03-24,474.08233642578125,474.7524021071217,465.74495844837656,466.10870672041654,1635200
2023-03-27,472.1200256347656,478.4759509222987,471.44040764858835,476.00633630078954,1452100
2023-03-28,465.9459228515625,472.9240641415425,464.6441178019488,471.5360835938505,1407800
2023-03-29,469.8705139160156,470.2821114501066,465.1131299834787,468.2719730884412,1643000
2023-03-30,470.4544677734375,474.5322048635865,469.994991684786,471.9094315694491,1545500
2023-03-31,475.61383056640625,477.0400788201582,472.8091833674319,473.82383408932725,2082000
2023-04-03,475.7669982910156,477.84417829483834,473.82384309287363,475.25967292042776,1804700
2023-04-04,476.4371337890625,481.07962754291907,474.30252261595103,475.2597426414121,1913300
2023-04-05,475.86273193359375,482.56327121067955,473.97700756856113,477.6527284665471,1941500
2023-04-06,465.18975830078125,466.9797549198245,457.07252266981016,461.38001241224816,4114700
2023-04-10,472.70391845703125,472.77093086490186,461.0545679404358,463.19873129601524,1653600
2023-04-11,477.3176574707031,478.60032852424786,471.90937132931487,472.7038509267381,1547400
2023-04-12,468.4155578613281,478.6577931319065,467.64021208929853,478.60994382233736,2063700
2023-04-13,476.5902404785156,477.11669975024114,469.33449711874823,472.37844945657656,1600500
2023-04-14,470.2821044921875,478.96409561405704,469.19088904445954,474.9629236190015,1675300
2023-04-17,472.8092346191406,476.59026518785686,470.1385827217741,471.6892744002336,1411800
2023-04-18,475.642578125,476.3413591913347,472.98150788388307,474.8768138646055,1339600
2023-04-19,474.809814453125,476.6859573908618,472.7039188613548,475.86276224901013,1098800
2023-04-20,483.95123291015625,488.81392644852707,474.3120505445904,474.54177397687977,2936500
2023-04-21,484.6883239746094,488.7948057093995,483.8363842035732,487.57911768610217,1508600
2023-04-24,489.54144287109375,489.79988174294476,484.1714237263563,484.44902569303423,1374100
2023-04-25,481.6443176269531,491.17821901203706,480.7732440709419,489.26377934046025,1789900
2023-04-26,473.4983825683594,481.3571494912961,472.2827238544926,479.0119783460855,1441900
2023-04-27,479.82562255859375,480.77329015103544,473.66112388831266,473.66112388831266,1361600
2023-04-28,481.6921691894531,483.23327911051376,479.2225548548487,480.1031807491602,1170200
2023-05-01,472.4741516113281,478.6577837853989,467.88906025967174,477.79629174574717,2203200
2023-05-02,473.6419982910156,474.4747749686116,468.85589856962787,473.82387241739116,1940800
2023-05-03,469.09521484375,477.4421741271884,468.71233269923243,475.3554416093376,1426400
2023-05-04,470.3421936035156,470.8889540090412,466.11204551906945,468.9992964194763,1487000
2023-05-05,478.70654296875,479.03267303793984,472.8745200305381,473.0855488133035,1709200
2023-05-08,478.70654296875,479.84801284739535,475.4835898570186,477.08546488136164,1015000
2023-05-09,480.3659973144531,481.27723534615933,476.145450937333,476.69218204717197,1571800
2023-05-10,479.2820129394531,484.37544907589324,474.9079890174589,481.47862643065605,1257600
2023-05-11,481.421142578125,482.4858587521826,477.25811755949996,479.13820281725384,1046700
2023-05-12,483.51220703125,485.3922629370513,480.75926070808646,482.64891814502215,1472800
2023-05-15,481.56500244140625,484.4042747464614,478.51467208763165,483.4546598920287,1135700
2023-05-16,475.91522216796875,479.88639220813377,474.14066593175437,479.6082112491799,1229300
2023-05-17,474.8121337890625,477.69938461642073,471.838556995589,477.6897830847538,2069500
2023-05-18,477.7856750488281,478.2652832291074,473.92960654468806,474.81209847650445,2298900
2023-05-19,476.2701416015625,479.02311740458157,473.7762022479125,479.02311740458157,1635000
2023-05-22,471.809814453125,476.73059977430876,468.6156363930916,476.73059977430876,1943800
2023-05-23,465.0952453613281,467.3014606174831,463.2727400787382,467.3014606174831,1800200
2023-05-24,463.0713806152344,467.37825346037823,461.2968241831109,467.37825346037823,1600600
2023-05-25,466.7067565917969,468.6156172515357,457.30644699926677,460.6253277522182,3421900
2023-05-26,486.5721130371094,489.91976885488873,464.3758318273957,465.84343172617474,5302600
2023-05-30,487.3106689453125,493.7949514037058,481.13331346380187,488.99889904648336,2544800
2023-05-31,490.6967468261719,492.91253440258123,484.3563403751986,488.1068507969589,3320800
2023-06-01,491.69427490234375,492.7877955863836,481.62253255539036,488.5576479932649,2407700
2023-06-02,491.68487548828125,497.35381998088894,488.6249428402276,489.50743501518883,2284800
2023-06-05,497.1139221191406,497.75658074378237,491.1380224075228,491.6847828061316,2023500
2023-06-06,495.2051086425781,497.4784470133383,491.84785096725307,497.11394006777164,1410300
2023-06-07,490.3802490234375,498.1115021966782,489.7471626372194,493.5264778903324,1784700
2023-06-08,498.8789367675781,499.07073323142026,491.5984577501524,491.5984577501524,1530400
2023-06-09,496.1835021972656,500.76852628125204,494.4760688526269,497.0563633869247,1287300
2023-06-12,499.7229309082031,500.0107426598168,494.95565358712923,496.18347865931037,1404500
2023-06-13,500.73016357421875,501.6222278001941,496.78773967758866,500.73016357421875,1204700
2023-06-14,505.6988525390625,506.3223080157218,501.80443664537324,503.5885649387073,1841400
2023-06-15,507.5981140136719,509.5933004654162,505.1808700153262,507.4254620917788,1871600
2023-06-16,502.2936706542969,508.787525604433,501.3152512317752,508.4805693435258,3147800
2023-06-20,498.50482177734375,501.5743262558542,497.00844639413504,500.6630588807752,1684400
2023-06-21,498.4281005859375,500.36573675769483,495.47369720983795,496.78781920377276,1273600
2023-06-22,502.8212585449219,503.2816636913425,498.4855815963812,499.45439954691125,1114000
2023-06-23,503.05145263671875,503.97232145995815,498.15947240070636,501.7948814908616,1434300
2023-06-26,502.07305908203125,503.4639346470848,500.00117730522106,503.0131310165375,1278500
2023-06-27,508.7012634277344,510.69639144009886,500.8068724330973,501.334488303965,1673600
2023-06-28,511.0705261230469,511.7323878325721,507.05140675133543,507.40631216337806,1245200
2023-06-29,510.005859375,510.7348733340196,507.3776153460641,508.941143035558,1121800
2023-06-30,516.4229125976562,517.5547808857505,511.8666348522136,512.3845906141114,2221900
2023-07-03,518.9744873046875,519.0128934350604,512.5477834277061,515.3390777536074,951400
2023-07-05,519.0607299804688,523.7800578643295,515.5787700682414,519.1470266632314,1630400
2023-07-06,515.4541625976562,518.2646598990226,514.6964026440768,516.9025888706653,1750100
2023-07-07,503.6365966796875,514.5812894058258,503.2337421544949,512.1160960484235,2740600
2023-07-10,505.5166320800781,509.4878019308577,503.646148436225,503.646148436225,1955600
2023-07-11,508.03948974609375,509.11380764526484,504.6918332079683,505.98675218856044,1262300
2023-07-12,516.0585327148438,518.0824656973292,509.4495162652965,510.30323309348864,1960500
2023-07-13,516.489990234375,517.1326487149746,511.06079359231234,515.8664762671357,1647200
2023-07-14,524.4036254882812,524.5570743543866,516.1543291964683,516.739495704184,1828700
2023-07-17,530.4083862304688,531.6074068765234,523.8281164300137,523.9048701442216,1909900
2023-07-18,531.0125732421875,532.3650424547071,526.9838531036172,530.1300520998335,1778800
2023-07-19,531.5113525390625,533.2187857276937,529.5066231725452,531.8662579014779,1261100
2023-07-20,534.2452392578125,538.1876049947906,531.127785654162,531.2236838851337,1732800
2023-07-21,535.1083984375,539.1275171316955,534.7151455092867,536.3649694659712,5264300
2023-07-24,540.9308471679688,543.4631922797071,533.2091675745836,535.2427014699718,2086400
2023-07-25,542.1394653320312,544.4032017590042,541.2857487702427,543.6550434855783,1602500
2023-07-26,543.0794677734375,544.8636545587221,540.4416229892608,542.446410785438,1306400
2023-07-27,538.9166259765625,547.8660738247677,537.7367498629118,544.566366702182,1485300
2023-07-28,540.3457641601562,544.6526362270463,539.6743010024275,541.5543861348841,1371400
2023-07-31,537.8038940429688,541.2762530594705,536.2499680099896,540.0388848616326,1365900
2023-08-01,532.8159790039062,539.9238062927602,531.9239146545308,537.7655690954527,1445300
2023-08-02,529.8230590820312,533.9285326318861,528.5473436543413,529.7367624073909,1635000
2023-08-03,534.9453735351562,537.4968632896175,529.6984296081106,530.9550592423493,1463400
2023-08-04,529.5258178710938,538.3985698641841,528.921506835458,538.1875703512571,1142000
2023-08-07,535.635986328125,536.7391085697623,532.355482742218,532.355482742218,1015400
2023-08-08,533.4393310546875,536.1059803056733,529.3339159886721,535.2426622707422,1020400
2023-08-09,536.87353515625,539.1660768489367,534.1013851703285,535.2236521836364,1471800
2023-08-10,538.5905151367188,545.9956976744469,537.8327551052066,540.2307965863731,1107200
2023-08-11,540.00048828125,541.9572686703593,536.2307748361864,537.4968889700127,1043100
2023-08-14,538.5712280273438,544.5567878088873,537.5832655351585,541.7366891252681,1247600
2023-08-15,535.73193359375,542.1106872006981,535.4345788667605,538.1683220488926,1124300
2023-08-16,536.25,541.909401057375,535.9334421459745,538.7919472731788,1340100
2023-08-17,524.796875,537.5640430503495,522.8496961353799,536.652775753443,1941900
2023-08-18,522.7154541015625,527.0606745045087,520.9600714725653,524.6146840813733,1878100
2023-08-21,521.0560913085938,522.9169739292372,514.4278715504207,521.6795469960952,2076100
2023-08-22,516.413330078125,519.8569427242923,515.5788164913849,519.8569427242923,1286000
2023-08-23,518.8018798828125,519.0992346890716,514.3703038432423,516.9794034575241,1295800
2023-08-24,510.9885559082031,519.9164907983517,510.13322634669714,518.2731107184783,1587500
2023-08-25,513.1991577148438,514.9097590068947,509.88359559732567,512.141990513711,1511500
2023-08-28,515.2940673828125,516.1109184521341,512.3437017404308,515.1114695529404,945800
2023-08-29,521.61767578125,521.9059727204698,513.5162091781544,513.5162091781544,1468500
2023-08-30,521.1275634765625,523.2033601824102,518.2925163663381,521.57921892416,1292800
2023-08-31,527.8739013671875,530.6800889008629,518.955526388192,518.955526388192,2086500
2023-09-01,523.0400390625,531.910318060977,519.5707384115192,531.5163219754828,1437700
2023-09-05,523.501220703125,527.7874304414602,522.7996884207431,524.4622495421337,1714300
2023-09-06,525.3848876953125,527.2973258067336,519.128580218801,520.6085435971983,1476600
2023-09-07,527.2395629882812,529.5171963246371,523.0782922754022,527.2684220045442,1340000
2023-09-08,529.7095336914062,530.8531604544769,526.7399285145085,527.6721570699519,1075300
2023-09-11,537.003662109375,537.5898755573293,530.3533010625304,531.2662900876863,1388600
2023-09-12,537.0132446289062,538.5605455257247,534.5049736197795,537.4841979971369,1055500
2023-09-13,537.945556640625,538.5990492662198,533.0058539234687,536.5424333036847,1162700
2023-09-14,542.76025390625,544.6150324506452,538.4163849620758,542.7986739418776,1257300
2023-09-15,534.6779174804688,543.4713536142966,533.8898669017505,543.2983754857786,2945300
2023-09-18,540.7901000976562,542.2028429400659,535.7446988797732,536.4270504465471,1003100
2023-09-19,542.3565673828125,543.298415471668,537.6283222190486,539.7522169347097,1144700
2023-09-20,541.8568725585938,547.0367730952888,540.732426655136,542.3565676369221,1311500
2023-09-21,533.4478759765625,542.5680297880917,532.6790646776011,542.0875153941731,1687700
2023-09-22,536.8211669921875,541.0304196723602,533.1596491753453,533.5247861987156,1527300
2023-09-25,536.849853515625,539.3966030608213,533.1210574267187,537.685943801157,1313300
2023-09-26,531.4105224609375,539.4927491048716,530.4879136686359,537.3592932593892,2425100
2023-09-27,541.5684814453125,544.4227082655502,523.5010966288387,526.0478459112284,4591400
2023-09-28,546.4698486328125,549.881489374971,542.0875593511832,542.0875593511832,2192400
2023-09-29,542.94287109375,548.7378444605207,538.8488788764603,547.7864353000468,1887500
2023-10-02,549.04541015625,549.4586455381747,542.0202913504345,545.7778884833622,1831700
2023-10-03,543.0196533203125,553.7351471389538,541.068795496804,548.8434850868327,2007400
2023-10-04,549.5162353515625,550.2946663038967,541.7895852077803,547.2962612536803,1798800
2023-10-05,547.3251342773438,552.35129607001,542.3661928821007,549.8718253723885,1579700
2023-10-06,535.8023681640625,544.8552422445707,521.4830168336501,544.0287716264146,4246700
2023-10-09,537.1862182617188,537.9358488502717,528.3544202603692,533.3709622365357,1781500
2023-10-10,540.1847534179688,544.8553397356723,535.5237281176438,538.0992784984747,2176800
2023-10-11,543.4810180664062,544.4228075070044,538.368337883866,542.8370865467944,1449800
2023-10-12,541.8088989257812,546.9599997287137,540.4634350092987,545.9124524236103,1458000
2023-10-13,544.7496948242188,545.3262887517058,540.0790493853573,541.876168892005,1243900
2023-10-16,549.9390869140625,551.7265863257916,546.3640880906042,547.4884753132674,1428300
2023-10-17,551.9573364257812,553.6102778953581,548.4687970020194,549.6508437193689,1404600
2023-10-18,552.24560546875,554.8019162760143,549.7084753510976,551.5536342291433,1311900
2023-10-19,543.5867919921875,553.4084793864354,542.1260092656261,551.342302405102,2019600
2023-10-20,531.3817138671875,544.5862418471731,530.4975836843381,544.461303395009,2295400
2023-10-23,530.7666015625,535.2161698230823,525.3272040894769,532.5445401259542,1776500
2023-10-24,530.3341674804688,534.3224018718155,527.9219757679433,530.5839857010612,1678600
2023-10-25,528.5562133789062,532.246589731274,524.3469025977156,527.1723295788362,1757500
2023-10-26,526.2593994140625,533.0442610661742,524.2701212192711,528.2295555739568,1925300
2023-10-27,521.867431640625,526.6725750349631,519.1765044145671,526.2592810852988,1503100
2023-10-30,533.255615234375,534.6779189549151,522.4536619202961,524.4717987484429,1696200
2023-10-31,530.9107055664062,532.438767031861,527.6624238177611,530.641589371116,1394700
2023-11-01,535.100830078125,536.6769314052779,528.2295092753963,533.3709899501359,1735300
2023-11-02,535.2838134765625,538.6921371434586,531.4711921057311,535.7941217993784,2100600
2023-11-03,540.0303955078125,542.0425991437817,534.5713191286798,536.593218857165,1826800
2023-11-06,548.6184692382812,551.3431886651034,539.2890068852777,539.6355981070388,2056900
2023-11-07,550.0145263671875,552.5370381815598,548.3681299290552,551.1987424153455,1373100
2023-11-08,546.2692260742188,551.6704780216129,543.2941713236833,550.8328532282391,1343600
2023-11-09,542.3121337890625,547.8289158417687,541.0990058736804,547.8289158417687,1288400
2023-11-10,555.646728515625,556.3880974459205,543.9199244871701,546.7698110607705,1908800
2023-11-13,556.7154541015625,558.3714876567062,552.151827335569,553.6056533230874,1650700
2023-11-14,568.8177490234375,569.5398433372192,559.58460263916,560.0948520635225,2037600
2023-11-15,574.5755004882812,577.5697719152098,571.3116188775251,571.8892710368592,2165100
2023-11-16,557.052490234375,564.764467411164,550.9483600472391,564.562259835001,2954700
2023-11-17,555.6758422851562,558.3427381619683,552.7007869217964,557.3607295464645,1773600
2023-11-20,559.1900024414062,560.6534661866804,555.8587772248908,555.8587772248908,1624100
2023-11-21,562.5596923828125,563.185531065092,556.2149221926036,560.3452812030622,1173700
2023-11-22,567.1618041992188,569.1451543351644,564.5333407987058,565.0147370332963,1068600
2023-11-24,569.35693359375,572.0912900294367,568.4422690062393,569.0296170661281,645800
2023-11-27,572.7652587890625,577.6177116393812,570.3678561982729,570.4738080298093,1627400
2023-11-28,571.8987426757812,575.1914765584261,569.4147215819031,571.1188831045183,1286800
2023-11-29,565.9871826171875,573.0637427215772,565.5635515683634,573.0541053943464,1319800
2023-11-30,570.6856079101562,571.0033458840421,561.1443602441705,565.9583226670914,1755200
2023-12-01,574.0650634765625,574.1613192268138,568.6156834472275,571.2055977822849,1475300
2023-12-04,576.7896728515625,577.2229411734365,569.4531996503308,570.1175287400888,1624000
2023-12-05,582.8263549804688,586.2250403542982,574.8159739366866,576.2601625345709,2349700
2023-12-06,584.8291625976562,585.8400831796228,581.391985607608,582.9709797387153,2233900
2023-12-07,588.2181396484375,589.5660140045429,583.7892585133021,587.3034749428185,1690400
2023-12-08,588.0545654296875,590.7792265156764,585.118000623816,585.9556255886541,1502100
2023-12-11,600.6477661132812,601.7742757444612,595.7375474506764,598.8280740298635,2139300
2023-12-12,606.077880859375,606.2608137855793,600.0219371684068,604.0945306530399,2374400
2023-12-13,618.11279296875,618.6904449705208,607.5220753322138,610.3334130144843,2436900
2023-12-14,607.3103637695312,618.0166131212465,606.8481833471632,617.3233718697936,3839200
2023-12-15,634.3069458007812,637.2530884254303,616.6685805968016,617.6313730723625,8807700
2023-12-18,655.892822265625,656.5378768544798,636.502165173269,639.7756835231595,5733400
2023-12-19,652.5230712890625,655.4692144027072,644.2238034733641,649.8850288704381,3437300
2023-12-20,636.4058227539062,649.2590787244253,636.2132525070431,646.7943323514679,3782700
2023-12-21,640.4111328125,642.5100725006677,634.9136243935667,641.0850994199135,2388400
2023-12-22,646.6113891601562,648.2192948699426,641.2197749187667,643.1453598284327,1641700
2023-12-26,649.5191650390625,650.7130185084485,645.8220742154283,647.9690829945919,1774800
2023-12-27,656.589111328125,658.3418825872271,650.2871522033248,652.5519197028704,1875900
2023-12-28,652.94580078125,656.6482328092287,651.4589741800526,655.6536895133553,1496900
2023-12-29,649.9721069335938,653.0344685854426,647.0967780850685,650.8780019993063,1947500
2024-01-02,640.6864624023438,647.7269366537096,639.554048591731,645.5409609016871,2657700
2024-01-03,634.8177490234375,645.4129888332949,633.2520705338487,641.23792632841,2612600
2024-01-04,638.421630859375,639.9479434035667,630.701720389166,632.2476858000276,2171100
2024-01-05,645.9644775390625,649.5487523604978,642.2521886096816,646.1318574877143,2233500
2024-01-08,651.5573120117188,651.9413542294393,644.0146387149816,645.7673497001749,2245300
2024-01-09,656.9633178710938,657.0716189926395,648.1799286322959,648.790429627114,1886200
2024-01-10,662.4579467773438,663.5115689379202,658.7653710232045,659.3069367803749,1801900
2024-01-11,663.265380859375,664.1811324117494,657.4163386050834,660.7248719750523,1670800
2024-01-12,672.7774047851562,673.2500352206237,665.7565830391712,667.1253121258109,2388400
2024-01-16,671.0541381835938,676.007141196436,667.7751146023476,672.7773399307206,1626700
2024-01-17,673.7128295898438,674.3824093674878,668.7893958420118,670.0793330799235,1786800
2024-01-18,676.7850341796875,677.1887292948757,669.793782434955,672.3736568602287,1900600
2024-01-19,684.327880859375,685.4701514111613,672.2162430393372,677.9569849543157,2267900
2024-01-22,681.905517578125,687.9613058004481,679.94600031251,684.7807864256371,2452900
2024-01-23,677.0607299804688,681.0388424682367,674.1460358178291,680.1427439474012,2208600
2024-01-24,675.9973754882812,679.4043535072041,672.6592726600458,678.4492361159269,1946500
2024-01-25,669.4885864257812,675.9874953341637,665.608917988816,675.9874953341637,2751900
2024-01-26,676.3616333007812,676.7161061033324,669.094640345937,669.6657754837199,1825500
2024-01-29,683.382568359375,683.5007259798997,675.751244847811,679.3355196051089,2215400
2024-01-30,690.0093383789062,691.8901236044882,680.2215503210484,682.3287942521328,1610500
2024-01-31,684.2392578125,694.7163411578307,682.427407419491,690.5806440372506,1928500
2024-02-01,694.7119140625,695.5205514596539,681.9119093413734,684.3772452392092,2039200
2024-02-02,699.642578125,704.376071147617,692.5227170214014,693.5877589703766,2377400
2024-02-05,701.2991943359375,702.975634569041,695.8951980020072,700.7864454634351,2276900
2024-02-06,700.9344482421875,702.8376804108017,694.5739295156934,701.3683497855777,1920200
2024-02-07,709.7997436523438,713.2906372504866,702.1275902502493,704.2478029761271,2145500
2024-02-08,714.1190185546875,718.0734268959661,710.6675483580013,713.8528032107989,1918500
2024-02-09,713.36962890625,715.47009993409,710.1350792748638,715.0854930836143,1426100
2024-02-12,712.393310546875,713.7640517795835,705.3819095545938,713.4879654515588,1572600
2024-02-13,704.3464965820312,711.7721175192577,699.208714679958,711.3875106571749,1951100
2024-02-14,712.16650390625,712.5313688038409,701.2105656269905,706.0722007924649,1472500
2024-02-15,714.4641723632812,715.9631157618988,708.3205749257734,711.4860275125103,1264100
2024-02-16,713.951416015625,718.9511245159646,708.5375479309639,711.979147267035,1764900
2024-02-20,715.6278686523438,724.769353717862,713.6753418184919,717.9354496105141,2407300
2024-02-21,712.994873046875,718.6848272864205,710.2830035994009,715.6278348939043,1564200
2024-02-22,724.2171020507812,725.8441876404295,715.7856050752226,715.7856050752226,1801600
2024-02-23,727.6981201171875,732.2146323330668,726.8993536941683,729.8577567703674,1265800
2024-02-26,735.01513671875,736.4253616577574,728.7532083276079,731.7116110677741,1707000
2024-02-27,734.3842163085938,736.2874485961498,731.051077014445,735.6563080956181,1471300
2024-02-28,737.5889892578125,741.4546186332764,732.9048516086713,732.9048516086713,1365000
2024-02-29,733.5755615234375,742.1253302479475,732.6880164536966,741.0011225433076,3361200
2024-03-01,739.0484619140625,740.9615647852198,728.9997514012945,730.17325357776,1678100
2024-03-04,748.6535034179688,754.1364082513344,743.2198932666221,744.6103764705347,2133400
2024-03-05,749.4127807617188,758.6035597516131,746.4050831546355,757.7653094749758,2353400
2024-03-06,762.5184326171875,764.4117935113394,753.0712497140123,754.2349410872371,2400600
2024-03-07,774.697265625,776.1665960911703,766.2362165392271,768.3070744787263,4187900
2024-03-08,715.4996948242188,745.7345499734089,715.0460513182985,745.5669239731451,8590200
2024-03-11,704.1788330078125,710.0167315028428,701.1513933327686,709.8293635689195,3762500
2024-03-12,726.6627197265625,729.788748914106,706.9695845080638,707.1372706916419,3727400
2024-03-13,724.019775390625,726.2878721184644,716.5054372518399,724.8086707495877,2270300
2024-03-14,721.8010864257812,730.4100204810173,718.8821069325435,728.0926287155754,1826100
2024-03-15,715.568603515625,722.3630829707308,713.1919862578224,722.3630829707308,3390700
2024-03-18,721.3966674804688,723.1717573797428,715.9532470477939,716.0320944561776,1595200
2024-03-19,722.0179443359375,725.153844233998,719.8977916726647,721.6432084812452,1322700
2024-03-20,730.449462890625,731.8005224275503,719.0201986028918,720.8642651637828,1398700
2024-03-21,732.2638549804688,741.8786640323073,730.8240772903581,733.1908235940465,2106900
2024-03-22,724.6115112304688,734.4629837960176,724.1973516546999,734.10798987393,1794100
2024-03-25,720.82470703125,723.9802884538238,716.6631892327802,720.864130732932,1604700
2024-03-26,720.844482421875,724.5129335759746,720.0950106705608,720.8642243697092,1353500
2024-03-27,721.92919921875,725.6863684110398,717.6592209413744,723.822560179964,1246700
2024-03-28,722.4716186523438,724.7101629027625,718.221381982003,723.6746736770095,1713300
2024-04-01,711.2395629882812,723.1027886769527,710.2140048832114,721.6137161069997,1600700
2024-04-02,701.4373779296875,710.0167591404074,698.5776243186918,710.0167591404074,2326700
2024-04-03,695.9052124023438,700.9542158984946,687.6019773058498,700.1357074639029,3205500
2024-04-04,695.1063842773438,707.1865300445841,694.4555019016714,698.9424613377377,2252400
2024-04-05,703.8237915039062,706.9498807831873,696.2306050293215,696.2502867882325,1552900
2024-04-08,701.940185546875,706.2101635043226,701.0132169872899,703.6166257319361,1459000
2024-04-09,708.6262817382812,709.0798650009265,697.1772166325054,706.3088299917802,1386400
2024-04-10,712.56103515625,713.9415872485592,699.1200180248919,701.1415815739346,1832000
2024-04-11,722.1953735351562,723.6154092226442,714.109121064397,721.357183521849,2107800
2024-04-12,721.169921875,722.7379020023955,716.4660416816786,717.9058195261923,1481800
2024-04-15,708.3206176757812,730.7255614659722,707.9951764837847,725.2327858528017,1808000
2024-04-16,706.0426025390625,712.4820889254736,702.2558802289467,708.3403124953309,1412300
2024-04-17,705.2733764648438,713.7639781503823,701.1414714337907,712.9750827660065,1376700
2024-04-18,701.3880615234375,708.9813081112708,699.731363026088,705.2734332981659,1846400
2024-04-19,699.672119140625,704.9577842586257,692.2662413162693,703.1433309501098,2190400
2024-04-22,705.5397338867188,708.3008981470089,696.3785068626266,704.9480171380994,1437100
2024-04-23,712.6594848632812,714.2274647869284,706.367943601186,709.0601310030061,1176200
2024-04-24,713.8527221679688,715.3713472141121,706.1608872120855,709.7306883094167,1206600
2024-04-25,712.993408203125,718.3567044974026,705.634904196203,718.3567044974026,1613600
2024-04-26,720.2235717773438,721.9718503940328,706.2177500662307,706.2177500662307,1524400
2024-04-29,717.4085083007812,723.255776083762,711.3735115901851,720.5692147702574,1526900
2024-04-30,714.0206298828125,716.5985567354476,708.2918231630097,716.5985567354476,1734800
2024-05-01,713.3489990234375,720.8951719666773,706.533787357594,713.3984331057027,1609100
2024-05-02,723.4435424804688,725.3794897724129,711.7786054999708,715.8479952829501,1826900
2024-05-03,734.7628784179688,738.3087495471337,724.3424133151359,725.2610433988895,2323300
2024-05-06,747.1586303710938,747.6426021160908,737.3110592981598,740.3829053701978,1773300
2024-05-07,761.8361206054688,762.7546903304188,746.2894621458612,749.3711348635878,1897800
2024-05-08,754.033203125,763.8906623241689,753.3418492748715,760.5422863611553,1511900
2024-05-09,769.4711303710938,770.1329442529736,754.2306623069062,754.41833097281,1716200
2024-05-10,777.5210571289062,777.7778732307439,768.6019424259298,769.4711383311635,1652700
2024-05-13,765.6289672851562,779.7829105346393,764.0782441368465,778.3211084547803,1596800
2024-05-14,768.34521484375,771.2194452985035,761.9546533705837,765.4116634844203,1327700
2024-05-15,777.3729248046875,779.960739050575,768.9576152394435,768.9576152394435,1661700
2024-05-16,783.3287963867188,794.6776560556843,778.1531685033494,782.0842632130679,2000000
2024-05-17,786.0350952148438,787.8030870137304,780.898954549595,783.862105669685,1309100
2024-05-20,783.2597045898438,793.117102513886,782.6572115932877,785.4820681905085,1347100
2024-05-21,791.09228515625,791.5960305455222,782.2719782918372,785.7981357312726,1375700
2024-05-22,792.0108032226562,796.4456432657469,788.2081165792155,790.2131509029765,1192800
2024-05-23,786.5586547851562,798.1247833382529,785.6597984724704,794.4208442469435,1519200
2024-05-24,799.7841796875,806.8364945286172,789.2749151452819,790.7959778366038,1623000
2024-05-28,803.181884765625,805.275840162039,794.835663344063,799.794022399866,1986300
2024-05-29,796.6136474609375,803.448633193382,796.386431524499,797.1075060311958,2282800
2024-05-30,805.3253173828125,809.4341941490422,798.3717501523885,800.2484368277518,2277800
2024-05-31,799.9422607421875,801.76951336386,778.518673249244,799.0928384578139,4360700
2024-06-03,805.3746948242188,817.7408724470228,797.216141586228,801.0386021026471,2008700
2024-06-04,817.227294921875,817.8396747228317,803.0535178611628,804.9696915147764,1754500
2024-06-05,824.0523681640625,824.1412892290665,811.5873831290658,820.703992711552,2080000
2024-06-06,832.2900390625,838.660827083982,824.0722246927857,825.1586895027551,1735000
2024-06-07,835.1939086914062,839.9349390911995,831.9442805913789,836.2803734735874,1593600
2024-06-10,837.9200439453125,839.0459957470646,832.3887914014058,836.7742582225467,1401600
2024-06-11,838.8779907226562,840.4879743857387,829.9391632066097,838.808843292807,1690500
2024-06-12,837.396484375,845.229074232328,833.2480602391346,841.8412116022548,1838300
2024-06-13,835.5692138671875,837.3964664628961,827.2624789558481,837.3964664628961,1322400
2024-06-14,845.159912109375,845.6636574987184,831.5689145561036,833.0603770898944,1395500
2024-06-17,857.2494506835938,859.8669248958354,842.8880669426832,843.994305180157,1904900
2024-06-18,860.0546264648438,863.2252199171973,857.0421015013019,857.3384045609927,1763800
2024-06-20,851.8468017578125,863.1166281849231,849.9898886482868,860.6078482663166,1944600
2024-06-21,837.8903198242188,856.3210950254772,837.2384530411581,855.9951917766817,3833100
2024-06-24,837.7421875,840.1818803140224,831.173904340886,839.5596136598837,1722900
2024-06-25,845.0018920898438,845.1796739391048,834.6209754010152,838.8879206396886,1564200
2024-06-26,846.3155517578125,849.1798951943621,839.6188008411016,842.2461018178506,1505300
2024-06-27,840.1719360351562,847.787256771589,838.2162754190284,847.1748769769334,1254900
2024-06-28,839.5496215820312,846.7105703301353,836.4086885378084,840.7941547342729,2131700
2024-07-01,835.2827758789062,845.4859112911253,830.176294906765,843.0166183259058,1989000
2024-07-02,848.8046264648438,849.7923436508116,832.7246220257325,835.3025494125952,1377900
2024-07-03,852.0640258789062,852.9135084207228,844.4981392505254,844.4981392505254,814400
2024-07-05,874.7913818359375,876.0458018367715,848.1723940933261,853.9406884483723,2620700
2024-07-08,870.0208129882812,877.0434675535876,866.8798193565394,875.8976818838458,1611300
2024-07-09,875.9569091796875,885.6562985923797,872.1245619075291,872.9937578013466,1356800
2024-07-10,873.4481811523438,879.3349972756678,869.8825365842465,876.5002537785409,1755800
2024-07-11,836.1913452148438,879.8187873723518,836.1221977919396,879.8187873723518,6021100
2024-07-12,832.5467529296875,839.5595201010509,828.0822524255656,839.450885690491,3288400
2024-07-15,838.3052368164062,847.36264734519,834.2951072190622,836.4582103938288,2064000
2024-07-16,840.3201293945312,840.784327512701,831.0059640107205,837.3865781441082,1687600
2024-07-17,835.8853149414062,839.5102200726715,832.2998967941418,837.5940463528813,1783100
2024-07-18,829.0601806640625,844.7945084129553,814.9753237578899,838.9966132765284,2338500
2024-07-19,827.8353881835938,838.4533476542344,825.296947847984,826.2352912071349,1984400
2024-07-22,837.01123046875,839.1546200388185,828.2995581786591,835.3617597474066,1920200
2024-07-23,841.6436157226562,844.0833083432034,835.1938543152955,838.4730823687355,1744100
2024-07-24,820.6150512695312,835.6085882066433,819.3112575855916,834.2257602821875,2511300
2024-07-25,805.9277954101562,826.373551833214,804.2783247011425,825.5240692938071,2183700
2024-07-26,808.7071533203125,813.3363033043814,800.2106183238611,809.102826772875,1441500
2024-07-29,806.689453125,814.7804750460676,805.2354707494992,813.6133167141644,1320400
2024-07-30,801.2196655273438,813.0594437778548,794.5430825036206,809.1029501341669,2017200
2024-07-31,813.0593872070312,816.5015171187275,802.4461130651027,811.4965554225483,2135000
2024-08-01,808.0049438476562,815.205730050257,800.8733431490436,809.6468619558275,1861400
2024-08-02,813.138427734375,821.2590906743548,796.2540872462488,807.3223784130374,2598500
2024-08-05,793.1087036132812,802.0009118722822,784.3747285091484,789.3203447040358,2820900
2024-08-06,807.9951171875,824.0288290241451,796.3036715088175,796.3036715088175,2476300
2024-08-07,801.486572265625,824.7606717480016,800.4579058002118,815.1463621866166,1702000
2024-08-08,830.2997436523438,833.5935410627051,811.5262032079575,812.5647705726534,2345000
2024-08-09,845.6311645507812,848.4403012493651,828.5193437591221,829.3798761891497,1710600
2024-08-12,854.1771850585938,860.7845212231401,843.1286950943427,847.9259187802779,1748200
2024-08-13,855.41357421875,858.6084229896277,846.847733086763,855.5124623949914,1484100
2024-08-14,853.3265380859375,857.3027724860864,849.1623074827298,855.4630177359211,1341500
2024-08-15,867.8073120117188,870.7549405284474,859.5481565204833,863.3760589010608,1923800
2024-08-16,861.120849609375,867.8072721671003,859.1722453847739,867.8072721671003,1516300
2024-08-19,862.8616943359375,864.1278011495009,859.2514304813741,861.1208880242314,1318400
2024-08-20,866.6698608398438,867.2237674814958,861.6945415862383,862.5155308418052,1104600
2024-08-21,871.8330078125,881.4275155185229,867.6786780420136,871.1604112395706,1465500
2024-08-22,868.0150146484375,874.3849709238658,863.6826498949257,872.7034492901382,1440900
2024-08-23,869.6470947265625,874.9388800894383,862.1890666093263,872.8913876694469,1305800
2024-08-26,882.8024291992188,883.5343707677638,871.8528272338136,873.5639911911577,1737000
2024-08-27,899.01416015625,908.935035116085,877.4215823665483,882.9804502889226,2098900
2024-08-28,878.3909301757812,902.2980233153787,872.070417830719,901.0517786753886,1668400
2024-08-29,876.9864501953125,890.6660431788205,875.5423083549107,881.3089144522036,1709900
2024-08-30,882.6738891601562,886.5809384193652,873.4947956056468,880.814332455084,1933500
2024-09-03,869.0140991210938,887.1348459346971,864.9290149016429,886.9271082998564,1784200
2024-09-04,880.3395385742188,882.0606034563998,867.055619902952,867.9062514516377,1425200
2024-09-05,876.3434448242188,878.9646457261388,859.2514255385054,878.9646457261388,1998800
2024-09-06,867.1446533203125,883.4849904204525,861.5264399233475,881.5660887019826,2074600
2024-09-09,886.7390747070312,889.053649628348,872.1099638705841,875.116876755793,1954000
2024-09-10,884.5630493164062,890.8934625498077,877.8667256650334,882.8914285338275,1360800
2024-09-11,890.6066284179688,892.1892015227065,868.3216518673456,885.2653385397143,1796100
2024-09-12,905.0775756835938,905.7402714298084,886.7589917658214,890.6264375340871,1867300
2024-09-13,906.0369262695312,913.7817784711906,899.4691331882485,903.6927089210046,1327500
2024-09-16,897.995361328125,912.5948308270351,895.5027513050053,911.9716783212552,1661000
2024-09-17,887.5106811523438,898.7174046543448,885.7104695049475,898.5492705976026,1387000
2024-09-18,882.8123779296875,895.1368160413642,881.2594470497858,890.15165616857,1338200
2024-09-19,890.94287109375,895.2851366725268,885.7598748966982,894.4246042703373,1747500
2024-09-20,897.1150512695312,897.936040530755,885.9577715904356,891.763920660877,4658200
2024-09-23,907.1051635742188,909.4988249261802,890.9824667346145,897.1149825643263,1697600
2024-09-24,891.7342529296875,902.8421493235527,887.7679189649141,902.090405909964,2432600
2024-09-25,898.5394287109375,900.4583304504332,891.3287411267427,893.1783969862572,1728100
2024-09-26,891.6353149414062,899.350464650191,888.361319214992,895.4533164115966,2738600
2024-09-27,875.9874267578125,883.7718227846766,864.4938181245786,883.5443437303015,3459100
2024-09-30,876.8776245117188,900.1022207344928,871.8231584669476,881.6748484627192,2142900
2024-10-01,867.8370971679688,877.3425585927941,863.257450977023,875.6214935289712,1836700
2024-10-02,868.9745483398438,871.6451330345951,857.728160532828,865.1367449886062,1317100
2024-10-03,866.1455688476562,871.5956477997095,863.1781989968508,864.9289665276401,1451900
2024-10-04,873.504638671875,874.6717968888477,866.1455591097622,868.4403323464741,1516400
2024-10-07,864.0881958007812,878.0546110876455,862.841890861851,872.0110222230118,1963200
2024-10-08,880.735107421875,881.615441603546,867.1643654091578,867.1643654091578,1697900
2024-10-09,899.2119750976562,900.1022102233185,878.2129065889533,882.5353706149374,1956500
2024-10-10,883.9102783203125,900.1022222580419,882.139769309098,900.1022222580419,1765800
2024-10-11,879.3603515625,884.7708272517642,875.8687171955698,884.7708272517642,1527300
2024-10-14,880.0823364257812,885.433466789905,876.6204049569781,882.7430804552274,1431500
2024-10-15,884.879638671875,890.8539824313946,879.8746768620988,882.3870888456898,1613900
2024-10-16,877.7282104492188,881.635259432352,869.9339142671276,880.2405618164497,1475500
2024-10-17,875.6610717773438,885.5919097901553,873.1981640618329,881.862895088428,1321500
2024-10-18,879.884521484375,880.9230888764748,874.1377175187077,876.1258650137163,1654000
2024-10-21,877.1248168945312,881.7044622316665,874.0882013653508,879.3305423557558,1184900
2024-10-22,883.771728515625,885.1565252228108,874.6915842683371,881.2890194831762,1189700
2024-10-23,889.3900146484375,895.8292172362192,885.2554863414412,886.2743123574866,2193500
2024-10-24,883.7025756835938,893.672956059701,878.5987257076537,891.6947093390377,1649600
2024-10-25,881.5264282226562,891.813334571853,880.319726788875,885.9082975175693,1425800
2024-10-28,881.2693481445312,886.2446071257122,880.3197680094158,886.2446071257122,912500
2024-10-29,877.3424072265625,881.4769350980555,864.5827537371318,880.319677818817,1361700
2024-10-30,869.5284423828125,876.9270654673119,867.8271188863026,876.7391296224293,1412200
2024-10-31,864.6718139648438,868.1041032677265,859.2019934151966,867.6589857008407,1771900
2024-11-01,868.9207763671875,871.0006710698158,859.0461428763741,865.9098679368611,1625200
2024-11-04,877.5970458984375,878.5181456063912,868.3463321746717,872.9122954247501,1576700
2024-11-05,881.6577758789062,887.0160768706996,878.3200061756089,879.5085433244575,1622300
2024-11-06,890.6509399414062,891.2947485100686,877.8049943225564,889.6902445636428,2437400
2024-11-07,905.1906127929688,910.6875292871986,885.8176560914881,890.0270158183822,2145500
2024-11-08,934.7750244140625,952.8010013956344,905.0123856811445,905.2599950889916,3277100
2024-11-11,923.9594116210938,942.1834872175758,922.5331790922255,934.7749730349626,2181800
2024-11-12,923.4642333984375,930.5755682591417,918.135674164254,927.0001029576531,1691400
2024-11-13,924.8012084960938,928.6243432759114,914.3719328194423,921.1068958818248,1757600
2024-11-14,915.055419921875,922.2460066577311,913.3518357943306,918.1356663870431,1859900
2024-11-15,898.396240234375,911.7473197252319,896.9006697875508,908.9641924899312,2269900
2024-11-18,910.7172241210938,917.0857301934736,898.4357745517875,901.9320480541669,1797300
2024-11-19,921.2554931640625,925.0686534758377,907.5973209296662,919.1260282929094,1690500
2024-11-20,919.205322265625,919.9184083034679,907.7360382115531,916.2340095382549,1452100
2024-11-21,946.5117797851562,949.3245889040187,921.1070294691892,926.0592177996688,2320500
2024-11-22,954.7918090820312,966.9642660435092,949.3543160533064,953.5339339214751,2078700
2024-11-25,951.7015991210938,965.6766591362302,940.6086859207134,965.6766591362302,3240900
2024-11-26,962.2101440429688,965.05269516506,951.7016154444914,954.7818619222047,1438000
2024-11-27,952.3551635742188,962.9924526244953,949.4235072707577,962.1704330267045,1499500
2024-11-29,962.5863647460938,963.963087325693,953.2663143822074,958.8326285302238,1095900
2024-12-02,965.6766357421875,967.1622921048678,955.5345646451987,962.071428460387,1955800
2024-12-03,972.7583618164062,973.6002096380298,961.4772624781571,965.3696751872278,1653900
2024-12-04,981.4443969726562,981.6722387247388,968.2022512680367,972.6097106213381,1784700
2024-12-05,972.8672485351562,980.6619876261534,968.8460742894176,977.2251377127004,2089400
2024-12-06,983.1182861328125,988.1695543410085,972.8672807936314,972.8672807936314,1737300
2024-12-09,978.4136352539062,987.4761631246337,971.1240293077003,987.4761631246337,1855500
2024-12-10,983.9006958007812,985.4754576675606,976.4525860087601,980.2657464322806,1556800
2024-12-11,985.178466796875,998.163090384808,984.0890095201273,985.4855000622507,1903600
2024-12-12,978.9385986328125,992.8839160122986,977.7698895611844,992.1014920990889,2344300
2024-12-13,979.8894653320312,997.0537667414538,956.4953328635703,971.6193351310434,2951900
2024-12-16,983.3757934570312,998.6087288658847,976.9379489366958,979.5923145001292,2581300
2024-12-17,972.6889038085938,987.3869628619593,971.3815190182806,984.4949022084536,2050200
2024-12-18,955.5147705078125,976.175284550723,954.781856348418,972.6097333341769,2725300
2024-12-19,945.6698608398438,965.3201705123845,944.3922180275262,965.1914087811218,2610800
2024-12-20,944.9468383789062,952.741577703016,934.0321963348348,940.3115975174742,5373800
2024-12-23,940.8265380859375,945.1349778438891,928.0400154851229,944.7586067261412,1856800
2024-12-24,949.6514282226562,950.2060708847382,936.4092817703726,941.6486751398883,939000
2024-12-26,946.9970092773438,950.23569908095,944.8774583320513,947.6704995825603,969000
2024-12-27,930.7141723632812,941.3613759632967,923.0877911827356,939.6478779048254,1943400
2024-12-30,913.3914184570312,925.2370126547895,906.7455608525212,922.0973426037108,1881200
2024-12-31,907.50830078125,915.8972784369768,903.8139273379443,914.817735280029,1742900
2025-01-02,901.1100463867188,916.9174525250395,893.3747310118716,906.250420039759,1765100
2025-01-03,907.815185546875,915.3722282155621,902.2885275843169,905.5867012581102,1612200
2025-01-06,913.88671875,918.541727206034,904.5369851926198,909.2019076971031,1970400
2025-01-07,912.5595092773438,922.4044616832354,907.6667449941035,915.0059216447214,1888000
2025-01-08,918.5021362304688,921.6022108354399,906.6663945114891,914.1541005447084,1774800
2025-01-10,927.9805908203125,935.2504292733898,914.6691072955363,924.4348073490942,2765800
2025-01-13,915.8576049804688,926.0491855006545,912.1929739935586,925.0686620086685,1693800
2025-01-14,908.4591064453125,918.8884439174623,901.2190096412331,915.4615078856134,1683800
2025-01-15,914.669189453125,923.9495855971614,909.5189014720187,918.3932447694867,1839400
2025-01-16,910.9549560546875,918.5318276545022,909.0434187965715,915.8873158144737,1353000
2025-01-17,934.1707763671875,934.7749287521436,915.728834394147,921.1069029280296,2375000
2025-01-21,938.6673583984375,947.4030248294862,934.4778269131988,936.2110926228947,2042400
2025-01-22,935.6664428710938,942.8372016532314,930.2586316388084,942.1339691720932,2155000
2025-01-23,933.150634765625,934.3689140842923,927.5348706676623,932.6851581242446,1352400
2025-01-24,930.6944580078125,936.993627050302,924.632984332735,933.1507240730937,1562400
2025-01-27,956.0198364257812,957.7431880748355,918.3138719866951,921.1069131064248,3044700
2025-01-28,949.502685546875,956.4754041209009,944.9466973025794,952.632501848127,2166400
2025-01-29,954.8016357421875,959.0010813234946,945.8678696083143,948.6410826854501,1713700
2025-01-30,969.6483154296875,977.3142927101452,960.8234826429183,961.0215822513785,1788200
2025-01-31,970.5099487304688,981.5236094208462,966.4491789669504,966.9047415497633,1873800
2025-02-03,996.2119140625,999.9557369283134,959.6746548056699,963.0916767735066,2751000
2025-02-04,1012.0885009765625,1014.5546808053849,990.0909216660771,995.7859375821893,2001600
2025-02-05,1032.9075927734375,1033.11554598523,1010.2463751304682,1010.2463751304682,2047600
2025-02-06,1040.9400634765625,1052.8352294095853,1034.2149530964427,1039.959539868358,2218000
2025-02-07,1034.97119140625,1047.7618588153398,1026.7414264661154,1038.134120744362,1632900
2025-02-10,1052.927490234375,1053.9983010027647,1037.1422604411025,1043.0914512275715,2036900
2025-02-11,1049.3780517578125,1056.973221555306,1040.15687582401,1050.9348249396799,1748500
2025-02-12,1056.1004638671875,1057.9645487007394,1042.1000381297818,1045.223387855761,1662300
2025-02-13,1067.740966796875,1069.0993605814256,1055.6344017157126,1057.9744023427033,1623300
2025-02-14,1062.7734375,1068.3656919124644,1058.9659889132656,1067.3642350155371,1410700
2025-02-18,1047.0875244140625,1061.9307288014631,1036.3888558375575,1060.1558478619452,2090600
2025-02-19,1053.5423583984375,1054.1769533476493,1044.0831052092706,1047.1172509630073,1349600
2025-02-20,1026.0670166015625,1044.7177916303149,1025.0953346068397,1044.7177916303149,2000500
2025-02-21,1026.265380859375,1027.435320822737,1016.0030490081889,1025.8488938519336,1816300
2025-02-24,1026.8304443359375,1029.398478148976,1016.5383380426779,1019.8302918366646,1759700
2025-02-25,1046.7208251953125,1048.06929434575,1028.6748681012932,1031.9171974794385,2083800
2025-02-26,1023.2312622070312,1049.9233475649637,1021.4565022090112,1041.2474424529078,1555700
2025-02-27,1013.0581665039062,1033.7018697003846,1010.2025495447311,1025.2440728168497,1629100
2025-02-28,1039.730224609375,1040.4937235187542,1015.3187146956172,1021.8826508646961,3307100
2025-03-03,1037.9852294921875,1056.9730911244962,1032.3236206157246,1042.8338354008208,2422500
2025-03-04,1028.08984375,1039.0562464476006,1020.0187582451206,1036.8748032903575,2536800
2025-03-05,1038.87744140625,1042.080069748094,1019.7904542937991,1024.3316263556906,1898600
2025-03-06,1017.9266357421875,1037.0334778506858,1010.420730806831,1024.2029900912069,2594600
2025-03-07,956.1442260742188,993.931496290149,934.7965734592694,986.7230997605704,5510700
2025-03-10,926.497314453125,951.533495425396,916.2052688035435,947.3789742611464,4459900
2025-03-11,922.6104736328125,930.0568876077818,913.3991644110043,923.1161645659328,3204900
2025-03-12,919.2294311523438,936.3829212985261,915.4318469461256,930.0569427949806,2331600
2025-03-13,883.0781860351562,915.6797615981669,879.9548361656412,914.1924636637898,3447200
2025-03-14,896.2655029296875,899.2698736516536,874.0948640506812,884.2580660804148,3186400
2025-03-17,908.84814453125,915.5707606327634,890.3957482811326,893.9950143322418,2256100
2025-03-18,890.4452514648438,909.7900494025711,889.2455365426235,905.268666152269,2182000
2025-03-19,896.3944091796875,902.4526546122007,888.4125894252312,895.214483788625,1908500
2025-03-20,887.8178100585938,899.795473491309,886.5287699959575,893.8661312764336,1891800
2025-03-21,901.5603637695312,902.066054754381,876.4746171700816,881.2240334936844,3447600
2025-03-24,918.1981811523438,920.7861254116333,912.2093502481737,912.2093502481737,2208100
2025-03-25,922.3825073242188,924.3952856822871,914.6782848251797,918.7832415595307,1623000
2025-03-26,921.8768920898438,931.4649897416606,915.630252491257,926.4181256693043,1644700
2025-03-27,930.8006591796875,934.9155411612812,920.1416902463382,921.6884777359337,1547000
2025-03-28,921.7876586914062,930.8007116511918,918.1586780175804,929.5612965890731,2100500
2025-03-31,937.7711181640625,986.5742917694374,914.2320987994315,914.549396286117,3102000
2025-04-01,946.3180541992188,949.6098867976518,930.8005560088994,934.4394610776787,2041500
2025-04-02,956.9076538085938,962.6684519123535,941.9553353300188,942.7882487808918,1719900
2025-04-03,958.8906860351562,973.0398050844659,920.1416024688225,923.1955376635209,3096900
2025-04-04,908.7191772460938,956.3524105977019,906.3990263859181,946.9130071189925,5167000
2025-04-07,900.4398803710938,929.8784652684259,864.3283050697466,880.2324551566719,4626600
2025-04-08,901.0547485351562,935.0047961725493,891.9524915975709,924.1574331477182,3545400
2025-04-09,957.0167236328125,959.2675205213881,890.0684671154713,900.3110090868832,5084500
2025-04-10,956.1442260742188,984.9977832351299,934.9056274555107,958.3156835876123,4209100
2025-04-11,955.251708984375,961.9941742331431,935.1731882651052,955.7970999370722,2721800
2025-04-14,971.0269775390625,978.7708388583361,956.8282342004411,961.785893445003,2219900
2025-04-15,968.6473999023438,985.5827829775062,966.0000264746835,977.0060071879337,1788200
2025-04-16,959.554931640625,970.3626528305159,951.1169860566257,963.8978459117826,2531700
2025-04-17,986.0785522460938,991.4526386224089,963.7591577355528,965.038272719053,2711100
2025-04-21,949.6596069335938,988.5474622666574,934.9848851673038,984.5912593365427,2841300
2025-04-22,970.9376831054688,979.0881061217245,958.5931603817976,961.5379808334783,2230600
2025-04-23,967.5765991210938,987.3179743195012,960.7944937138807,986.0984093434944,2109700
2025-04-24,967.2195434570312,969.7182232755009,952.5746580677829,965.3554585953644,2468500
2025-04-25,968.88525390625,970.0354647638536,954.7262102948903,965.722264825294,1780900
2025-04-28,970.253662109375,976.9564278402295,960.5763610175718,970.2140226175758,1616200
2025-04-29,983.30224609375,984.7994690199231,962.8370121385249,969.7182462864844,1523100
2025-04-30,986.0785522460938,989.3109561777133,968.280541135074,981.6166583445277,2212400
2025-05-01,990.580078125,997.8579494172845,976.6589910443198,981.7157798870735,1829900
2025-05-02,1001.0641479492188,1010.6945501833627,997.4006259868488,1000.5975498859631,1547400
2025-05-05,1007.6069946289062,1010.4762700501984,995.3058927921276,1000.2799498920505,1952600
2025-05-06,1003.2484130859375,1008.9372738600957,996.3085846741385,1001.2131364900529,1381200
2025-05-07,999.9225463867188,1006.822623539661,994.2832536968752,1003.9235949181526,1316000
2025-05-08,1000.478515625,1009.7018271177162,984.2855615097615,1006.2269437402217,1882600
2025-05-09,1000.8557739257812,1003.4569674410807,990.8877841645015,997.400705886322,1176700
2025-05-12,1008.8579711914062,1009.6124664096416,985.1195191970307,1002.5435655030452,2069000
2025-05-13,991.86083984375,1016.4828592016277,980.5128099139903,1006.4453640253838,2917000
2025-05-14,984.424560546875,992.6848624362508,983.4119214031758,991.5927804155609,2215000
2025-05-15,1003.2186279296875,1006.7233250017819,975.9457874524178,985.5265612832593,2470700
2025-05-16,1018.468505859375,1020.8811212811892,1001.7593231185829,1005.2242688617721,2033700
2025-05-19,1026.9173583984375,1027.5627181217797,1005.6213358883454,1011.2903211313601,1879800
2025-05-20,1029.3795166015625,1030.5511020083406,1022.6184495602953,1022.6184495602953,2271200
2025-05-21,1017.9423217773438,1032.0105578896187,1016.4530254346001,1023.5417415297501,1438900
2025-05-22,1010.8237915039062,1021.3973901663588,1006.8425580113098,1020.344938670173,1660900
2025-05-23,1001.2628784179688,1007.8254296915494,999.7736426047541,1004.7377619821361,1413900
2025-05-27,1010.4861450195312,1011.6378545977639,1003.675388082991,1007.7161883463441,1868200
2025-05-28,1005.8695678710938,1017.2671662546471,1005.690866850119,1009.7514824538891,1674700
2025-05-29,1001.5010375976562,1010.2378746327947,996.3979088890568,1008.7188857789407,2016700
2025-05-30,1032.7154541015625,1044.937051354278,994.8093902763181,995.107225279725,5403800
2025-06-02,1049.2657470703125,1052.8895779660106,1026.847830614951,1026.847830614951,2148000
2025-06-03,1048.014892578125,1059.4224289048316,1035.773418152869,1046.585284409183,1992900
2025-06-04,1044.142822265625,1050.238775047297,1041.839524334937,1047.4291272742298,1422100
2025-06-05,1003.5562133789062,1043.507493615312,998.7906713033318,1042.4649801574303,3289400
2025-06-06,1007.6566772460938,1013.305847581126,1001.3720850807247,1013.305847581126,1855400
2025-06-09,998.9594116210938,1006.0779410704971,989.8154829027787,1005.1546222379095,1696700
2025-06-10,1000.0416870117188,1004.2512503906336,990.5601708780738,999.7041002439418,2255000
2025-06-11,989.626953125,998.2247807151175,986.2513279092612,995.2463092649327,2459800
2025-06-12,995.5144653320312,996.0505684180706,988.2171733765525,991.8310668822852,1720100
2025-06-13,983.1041259765625,996.3881139326476,981.5751384659204,991.9104686751822,1786000
2025-06-16,977.2960815429688,994.6605611811519,974.3970528352456,985.2089192278667,2109300
2025-06-17,970.7036743164062,979.0235427596023,969.1946233190071,975.9458131624492,1668200
2025-06-18,967.9039306640625,975.5983149853215,967.079869956647,972.9673077204807,1509600
2025-06-20,973.2552490234375,981.5651796201942,966.9111508131743,976.928709308312,3255700
2025-06-23,997.271728515625,997.6589443787149,974.2183867174327,976.0948384257958,2082900
2025-06-24,994.72998046875,998.6218932997839,984.9506905161152,998.6218932997839,2385100
2025-06-25,979.4603881835938,997.7680618224066,978.9242851365279,995.802290052675,1827700
2025-06-26,975.8563842773438,980.641802116329,969.4924105798082,980.641802116329,2262800
2025-06-27,978.0704956054688,986.0130863524663,973.2652015407855,975.1912822208187,2129200
2025-06-30,982.8359985351562,984.6230692621605,972.7191215528384,978.0902716674318,2127600
2025-07-01,978.8846435546875,989.6865720956406,967.5068602025917,982.8956301698983,2200600
2025-07-02,975.3104248046875,978.6264831334482,969.8598315522092,976.8095985169025,1606100
2025-07-03,979.93701171875,980.5823108602552,970.3165462286087,975.360047735556,1101400
2025-07-07,985.0599365234375,985.764863254956,969.194631173205,977.9314687235884,1832600
2025-07-08,978.7654418945312,988.7234331004498,976.8691145016595,982.3991503406729,1716200
2025-07-09,975.0424194335938,981.2971976841445,965.3028197099356,981.2971976841445,2922600
2025-07-10,963.2078857421875,980.9099517371997,962.115803759481,979.917127899409,2897000
2025-07-11,963.36669921875,971.95458841308,958.7699203468574,966.3054187759661,1942000
2025-07-14,973.8707885742188,974.4466433581821,962.6618294388275,964.1311893042955,1679300
2025-07-15,960.7357788085938,973.2155819125826,959.7230790874332,972.222758059573,1878000
2025-07-16,944.5427856445312,962.6320670186911,943.3116938125838,961.043512560407,2950300
2025-07-17,947.0645751953125,947.8985738947963,940.7105388927787,943.5400626356906,2280600
2025-07-18,944.1259155273438,953.369103766192,942.8352565553096,953.0613307759595,2115500
2025-07-21,940.7601318359375,948.9012992393937,939.8069991584412,944.6817980251126,1742400
2025-07-22,934.852783203125,950.8273444563513,934.4953811863071,941.9911885919297,1799900
2025-07-23,934.4358520507812,941.693391739298,929.2830940094707,935.6173148185471,2401600
2025-07-24,927.0989379882812,936.1336717614208,926.791165005728,934.5749309797282,2057100
2025-07-25,928.766845703125,934.5351499092012,927.6449498928982,929.5809685404588,1827700
2025-07-28,927.2874145507812,933.4925627874214,924.209685264268,928.7865880602976,2006300
2025-07-29,927.8634033203125,935.0315625122117,920.724997333729,927.2875485135578,2065900
2025-07-30,920.8540649414062,931.0205715375639,918.5010772490094,928.2903059318819,1699600
2025-07-31,932.8970947265625,939.1618113184227,918.3621378075645,918.7195398800405,2564400
2025-08-01,946.9947509765625,951.1703395548275,934.0502564768314,934.0502564768314,2934500
2025-08-04,949.8281860351562,954.610282269351,943.1570868472836,947.0742345398234,2389900
2025-08-05,938.15625,945.9805933002916,930.2523537684162,945.8115964172642,2462300
2025-08-06,962.9415893554688,964.9200360845522,937.191805411791,938.1562102046178,2753000
2025-08-07,971.7801513671875,976.303746201655,965.3278073970932,969.026199793449,1893300
2025-08-08,975.2896118164062,982.4677623307172,971.3327180125702,971.4818721803077,2189700
2025-08-11,983.0045166015625,983.8396706371514,970.6565794114183,977.456868022354,2290100
2025-08-12,985.5,985.9970996216897,974.3649563379275,982.7659520807061,1588500
2025-08-13,973.171875,980.6781276001594,964.4726318895807,978.2522790941241,2352600
2025-08-14,969.7319946289062,982.5571281961957,969.5231909468906,974.9117337445272,1808700
2025-08-15,966.4014892578125,974.3153377237071,961.6094412333973,973.460340868355,1638300
2025-08-18,973.6690063476562,975.5878642899376,964.3732676790686,967.6541130514462,2078500
2025-08-19,975.1603393554688,982.7958432239907,971.1238927065757,972.9432943793875,1673400
2025-08-20,988.80078125,993.5033244077011,973.3210912403687,973.3210912403687,2229600
2025-08-21,964.0551147460938,983.5812024436102,961.9076710807321,983.1636557522271,2145600
2025-08-22,952.979736328125,967.8529790950096,947.5812416309304,965.9043267012479,3136000
2025-08-25,936.1182250976562,952.741208820983,935.104122359888,949.4206170296861,2284300
2025-08-26,935.8795166015625,938.5737576407636,927.8364182451891,935.8795166015625,4341300
2025-08-27,944.0121459960938,946.4777408610539,931.7834459673917,935.0344971212877,1893600
2025-08-28,939.4785766601562,945.4835184865225,938.6533742642473,944.7776151501293,2067900
2025-08-29,937.8480224609375,943.1073145286197,935.0046272340744,939.5182698812159,1609000
2025-09-02,933.3742065429688,939.0312030625806,931.1472097902763,933.2151006714276,1793900
2025-09-03,944.2706298828125,944.5788292351743,931.0676341972686,933.5531324198988,1670500
2025-09-04,950.3551025390625,953.9341956238324,945.5928492195287,947.8696043743313,1471900
2025-09-05,957.8910522460938,963.9258488384511,950.6731561458259,953.1487631943062,1928500
2025-09-08,966.2125244140625,966.6997330225112,953.0294932278521,958.1396312952687,1737000
2025-09-09,973.5697021484375,974.1861008837693,957.5233102628611,964.3733582680463,1496800
2025-09-10,950.7427368164062,975.3094210407231,948.4262963569286,970.7261772647408,2277500
2025-09-11,958.7262573242188,959.5613507383054,948.7445183945437,952.244058598278,1532000
2025-09-12,962.2855834960938,963.9458794343038,954.4313842904252,954.7196802592288,1461600
2025-09-15,954.5307006835938,964.1147962683868,954.1430090835681,962.2059506490402,2199400
2025-09-16,946.5473022460938,954.0137484410251,945.2846497606079,953.5364915303011,2012600
2025-09-17,957.4437255859375,958.3881663213825,947.959025977033,947.959025977033,1556800
2025-09-18,946.8355712890625,956.9565122453687,945.1553721503954,951.8165191780566,1860900
2025-09-19,945.642578125,951.8861788469313,938.3153341490523,949.4603301311843,4606000
2025-09-22,937.7884521484375,944.4893457980693,934.1596003895061,941.8845484567781,2794300
2025-09-23,938.12646484375,939.5084164778733,928.085075868978,937.29137138679,3258500
2025-09-24,939.7867431640625,948.1280287423707,937.6392388056166,938.8024956169024,2149800
2025-09-25,937.838134765625,947.4719283637453,930.1927397579848,946.925130887585,2991500
2025-09-26,910.6368408203125,922.2490811056193,899.8000444176693,920.1811296166691,4812900
2025-09-29,911.551513671875,911.8994591568494,898.0502700933295,911.02461959339,4107000
2025-09-30,920.2606811523438,925.1123784761057,908.0717883135935,910.9350870843747,3096700
2025-10-01,912.018798828125,918.6401393667298,905.8845455490982,917.6459400817009,2642100
2025-10-02,911.4521484375,913.1820455802886,904.731351189475,907.2665473704967,2063800
2025-10-03,910.0701904296875,912.7743834889111,905.9144444988706,910.2789941348483,2319200
2025-10-06,905.6559448242188,910.4678963062222,899.0047488445605,910.1894913654356,2504000
2025-10-07,909.4935302734375,912.3170830558148,898.6368906363464,903.45873308962,2601800
2025-10-08,909.4935302734375,911.0643821974753,905.6758388472809,907.2466300902075,2376900
2025-10-09,937.4205932617188,938.2954935008806,921.9011567402443,926.901947668915,3742900
2025-10-10,924.6152954101562,939.965734941546,923.6111444139257,938.9416805414743,3142500
2025-10-13,930.1331176757812,930.5506644013933,917.6459765863149,923.6111725337882,2169600
2025-10-14,941.0195922851562,941.9242869514803,930.5208500694445,934.8058466394673,1925900
2025-10-15,949.4503173828125,958.4080621959234,939.7767782476892,940.5124759723482,2009800
2025-10-16,920.250732421875,952.3435142975387,915.8165817892118,949.9971578798032,2721400
2025-10-17,930.898681640625,933.3742282792791,922.7661383506195,924.1878361199357,2502200
2025-10-20,930.6798706054688,934.3484683647503,926.0966265020807,930.759423538337,1523700
2025-10-21,932.0618286132812,937.8977735550166,929.5763304036458,930.6798770452579,1448200
2025-10-22,939.2001953125,947.4719408395481,927.0908550187603,934.5473498312437,2372400
2025-10-23,936.5853881835938,939.9855326164748,929.0692443060582,939.9855326164748,1974800
2025-10-24,926.73291015625,937.5298995258175,924.7544633434281,934.5473017542614,1639400
2025-10-27,924.4561767578125,927.7867807563591,919.7536335787106,924.8141346164572,1967600
2025-10-28,918.7991943359375,925.321139287928,914.8622039612118,921.4934962722537,2090800
2025-10-29,907.1273193359375,914.5440680492427,904.0254223367415,913.6691678001249,2449600
2025-10-30,914.84228515625,917.6459344044191,905.0891926577009,907.395742266431,2677100
2025-10-31,907.4449462890625,915.957363985756,905.682704523794,912.1840397645716,2456300
2025-11-03,923.9620361328125,925.1070071732609,904.3884517538837,908.3908067378604,3206600
2025-11-04,936.606201171875,937.0343043786866,924.8879013277955,929.1093210118256,2554500
2025-11-05,930.9213256835938,941.126285192148,923.3646508807745,935.8694573698466,2974800
2025-11-06,919.5216674804688,920.9354107719865,904.308780932225,920.2982084442473,3247700
2025-11-07,918.6853637695312,932.8827133994771,916.7439201421487,925.4455666134089,2584000
2025-11-10,911.536865234375,917.9485691676997,905.0753931632721,914.9617516975228,2612700
2025-11-11,909.8443603515625,914.8522870159566,908.9881538925358,912.4727744167678,1663400
2025-11-12,909.9837646484375,914.065724406269,907.6639859579439,911.4472761083418,1829700
2025-11-13,921.0150756835938,922.6777204364514,907.7137353598572,912.3233953014628,2430600
2025-11-14,918.9242553710938,924.8083198933047,911.0788765194511,923.0560438986494,1739100
2025-11-17,908.5799560546875,920.8358614576421,904.8165368287791,917.9685117903665,2481900
2025-11-18,891.1468505859375,914.8720928908436,890.2408152844337,908.5799177513722,2984700
2025-11-19,886.6864624023438,891.0671520375778,870.1295338109485,891.0671520375778,3462300
2025-11-20,889.3646850585938,900.5951476741274,887.0847696479483,889.5737841531334,2648300
2025-11-21,895.0596313476562,901.3419018755138,888.2098581891953,890.5893707718235,2870100
2025-11-24,882.2262573242188,897.3992808652937,877.4473613630315,895.0496656263625,3661200
2025-11-25,890.400146484375,891.7839923547164,881.2405610290477,882.7638062945748,2534700
2025-11-26,904.2689819335938,907.9925381017802,891.684509365306,892.0827760133623,1936200
2025-11-28,909.5755615234375,910.1828664987099,899.0320689934615,901.0432122255621,1092600
2025-12-01,907.9526977539062,914.5436033648414,902.227964337641,909.1872392374836,2149400
2025-12-02,917.9784545898438,918.9441630578544,901.0232584695106,907.952696786441,2160600
2025-12-03,918.2074584960938,922.2496158056405,911.9948877313677,916.7638178640503,1886800
2025-12-04,891.9234619140625,903.9703294255494,884.1776798286504,903.044423256616,3787800
2025-12-05,890.7485961914062,901.9093591649412,889.0759857275369,893.3073104076512,2359800
2025-12-08,883.6201171875,890.0716236044411,879.0204230543907,889.5738206829622,2407900
2025-12-09,884.5360717773438,885.113540190297,877.6365304666905,882.9530317241134,1899500
2025-12-10,870.5676879882812,885.6710725444503,867.2623300281923,883.9187965188386,3318300
2025-12-11,880.5934448242188,882.1067851651885,868.715874297946,872.011327238483,3041600
2025-12-12,880.58349609375,884.7152847677108,863.3097585281203,879.4186542387165,4808900
2025-12-15,856.778564453125,883.590222595436,847.658841640694,878.2338582822865,4771400
2025-12-16,856.6092529296875,859.7952035094963,840.3509938826251,853.6722037894425,3843300
2025-12-17,858.859375,864.7633101523063,854.4587535742693,854.7275865879874,2363700
2025-12-18,853.8216552734375,859.3572214182557,848.7639604954655,856.5197082602087,2467500
2025-12-19,851.8602294921875,854.6778109201331,845.5879251073638,852.8060671553094,10097600
2025-12-22,846.2649536132812,851.7407856660731,843.5867715058739,850.2473769244026,2373300
2025-12-23,851.0338745117188,851.2230420476435,843.0789937559065,845.3688749818153,1903300
2025-12-24,868.0289306640625,872.1507536042078,854.5782854605351,854.8271869313126,1822200
2025-12-26,869.5123291015625,873.733748873638,865.1814680389904,866.8142761875987,1324100
2025-12-29,864.0265502929688,870.6572580767105,861.8859735506638,869.4525532020101,1792500
2025-12-30,861.84619140625,864.0066389933689,857.644703300577,860.2034175174031,1680800
2025-12-31,858.5507202148438,864.1858222260003,857.5551144288692,860.7808674527142,1490000
2026-01-02,850.7451782226562,859.3073640185239,848.7539665708771,857.3560154906329,2373400
2026-01-05,871.891845703125,874.9085605564455,857.0672602106911,860.1536747646152,2805600
2026-01-06,885.193115234375,890.1512735673949,867.4713436920824,872.1009350879064,2742300
2026-01-07,878.7017822265625,889.6733167991548,875.754767188335,888.0803718291135,2680100
2026-01-08,911.2880249023438,927.5761226814815,892.0628775938075,897.170340671745,5207200
2026-01-09,920.81591796875,925.7640497384012,907.3254712273603,911.9450360608408,2895400
2026-01-12,938.93603515625,940.6783454923271,912.9706161044196,916.3557004927258,3246400
2026-01-13,937.7909545898438,938.7567238050707,925.5151181829934,933.898162687959,2222100
2026-01-14,946.8012084960938,951.410868329552,934.16696813972,934.2068312635929,2894900
2026-01-15,952.5458984375,954.069204558459,945.8255589397701,950.3455876295455,2185900
2026-01-16,959.375732421875,960.7397075663279,946.8211573174351,957.7728215976579,3862900
2026-01-20,960.02294921875,965.638181045844,949.9374566496225,954.168781699773,3209900
2026-01-21,978.5411376953125,985.2913744336598,955.3833362199402,955.3833362199402,4073700
2026-01-22,971.8804931640625,979.6761035638762,967.2907650271668,973.5929667325235,2074400
2026-01-23,978.929443359375,980.5223883985109,966.7432375858068,967.1713408054876,1680600
2026-01-26,973.3739624023438,988.6366172237797,972.0597553774433,982.0954794431643,2458700
2026-01-27,966.0164794921875,973.7025275352663,957.4841300110141,973.383926369191,2077900
2026-01-28,956.5581665039062,965.8371590540582,951.4108407828544,965.2497856635111,2474800
2026-01-29,948.7028198242188,956.0802320218186,944.3420615842438,953.7803850678829,1825000
2026-01-30,937.3972778320312,948.2342933416287,927.4774540008517,945.9512631165533,2396300
2026-02-02,965.4219360351562,967.37601120982,928.444502899354,941.3651427114987,2451300
2026-02-03,974.9529418945312,987.6443600387222,961.354372343882,961.4241064136298,2960700
2026-02-04,975.3816528320312,991.5823501837411,972.231267074857,980.3266260527595,2631500
2026-02-05,986.2884521484375,997.9131095476899,984.334437772215,992.4796327883465,2988800
2026-02-06,998.1224365234375,998.3318212858073,980.5160440419301,985.151960201742,2358600
2026-02-09,994.5633544921875,1006.55682402047,989.6682172785426,998.2820182591898,1861700
2026-02-10,968.283203125,994.4236815164606,966.0599885675732,992.9880481396989,1781500
2026-02-11,975.17236328125,986.5676776564984,964.1857782026741,970.3370415451359,1769400
2026-02-12,995.8294067382812,1006.1480409605498,975.1723012024485,975.7804358356041,2970400
2026-02-13,1015.389892578125,1019.7765672333104,990.7449227425586,996.9659807262948,2661600
2026-02-17,1008.9794311523438,1025.3196576953085,1007.414187225658,1019.2382502670578,1732200
2026-02-18,993.057861328125,1012.917406030414,990.4856721370239,1006.93561032551,1926800
2026-02-19,984.8229370117188,1004.8021132505144,981.1241713374068,989.2993045047693,1750000
2026-02-20,982.2807006835938,984.3743049231244,974.843312490353,980.1471788604691,1662200
2026-02-23,983.0284423828125,988.3023706575459,975.0925710555415,978.8212141883375,1489300
2026-02-24,995.4007568359375,995.8494037062743,982.0513674817787,983.3873286967852,1671100
2026-02-25,991.7418823242188,999.4583892292547,988.4319479875674,994.6530059311631,1554600
2026-02-26,983.7462158203125,1002.4692664077395,980.5459939214853,993.8953223438048,1804400
2026-02-27,1007.7232666015625,1011.1129754268824,986.5776561532456,987.5247860470829,3935000
2026-03-02,999.7276000976562,1017.7228239541612,999.4484204139111,1007.8428569683352,1986900
2026-03-03,1004.71240234375,1012.6681712116741,997.5940508040426,999.4982290086558,1947100
2026-03-04,1003.685546875,1010.9235298126131,993.975107715163,1001.9508357610218,1806600
2026-03-05,979.5889282226562,996.2183144508467,975.8403261800947,993.4766578436514,2766000
2026-03-06,995.0717163085938,999.4583909429965,957.5459632178216,964.0760781906463,2708900
2026-03-09,1002.2498779296875,1004.3534615233565,984.9923994150885,996.5970979151931,2348200
2026-03-10,994.333984375,1007.0353213412905,992.978125233695,997.4644721850519,1613400
2026-03-11,989.2195434570312,994.3639220345076,984.8927451422288,993.2971611246434,1260500
2026-03-12,1000.2759399414062,1003.1571863012988,981.014549413127,985.6105480944931,1669200
2026-03-13,1005.3704223632812,1009.7570971306956,998.9599382452018,1002.8481300094999,1469700
2026-03-16,998.70068359375,1009.5776164301199,992.4098307410371,1007.4341152491746,1243400
2026-03-17,993.1375732421875,1005.0413491103668,991.7318780277169,1003.4362485360494,1210400
2026-03-18,976.9468383789062,990.964176939235,975.1722706631457,987.365144531171,1434400
2026-03-19,971.822509765625,985.7899517809818,967.4657125291749,982.8489508726994,1340200
2026-03-20,969.3799438476562,977.784359717839,967.5953358078008,972.1216002798619,2621600
2026-03-23,962.7999267578125,983.6465192669677,961.6036162737646,982.6794306340596,1779100
2026-03-24,970.8654174804688,978.3028055936963,958.0843063209951,959.1410878252898,1259300
2026-03-25,971.9022216796875,977.8341813148442,965.1128859224673,975.0327093997498,1067100
2026-03-26,976.677734375,984.1948358637566,969.7687066724347,972.7297272378161,1498300
2026-03-27,980.8749389648438,984.1150784146625,975.1423845536259,979.0405556292399,1540900
2026-03-30,993.5563354492188,1002.4891113449531,982.0214321990616,984.653436889757,2129100
2026-03-31,993.4067993164062,1005.5398581959852,982.8588822613299,993.9750772242385,2447900
2026-04-01,993.5364379882812,1000.086511933104,987.5845801555284,992.0111116449531,1769800
2026-04-02,1011.880615234375,1012.9174379499077,996.178401014187,1004.9417100920344,1828600
2026-04-06,1015.459716796875,1017.5932386611796,1000.9638529248699,1011.8806428987896,1448600
2026-04-07,1010.1359252929688,1017.7626785510582,1001.8012434311581,1017.1645233013951,1428500
2026-04-08,1027.14404296875,1027.3334080674565,996.9658667114062,1001.3923975936035,2265700
2026-04-09,1028.89892578125,1032.6773444428839,1021.9501014587078,1026.366593011215,1433300
2026-04-10,995.4406127929688,1025.8780139803748,992.4796529810136,1023.3955783764184,2333000
2026-04-13,977.8740234375,997.0157817637139,976.3885539144973,995.440558531616,2255500
2026-04-14,971.8424682617188,974.6439403558414,963.069179418379,970.7258711825651,2136500
2026-04-15,981.7622680664062,982.3903615141269,965.3621652036542,967.3660765987653,2346200
2026-04-16,984.21484375,992.728911630931,978.6317975436714,982.0115269459875,1484300
2026-04-17,996.8563232421875,997.6339250606195,974.0357574728373,982.0114852720008,2346500
2026-04-20,994.8125610351562,1008.2316841924668,991.1237747362767,1000.8042754656635,1475400
2026-04-21,1002.7583618164062,1003.4462707847734,983.7063563163795,991.3530684357826,1367100
2026-04-22,1000.65478515625,1005.051378436928,995.2611650268059,1001.9308699927149,1215200
2026-04-23,1011.3023681640625,1013.5156034590391,1003.9746924604534,1004.5230115862379,1570700
2026-04-24,1008.0821533203125,1010.3751628549658,999.4583734389299,1008.9295500450844,1695200
2026-04-27,994.9820556640625,1011.3322616899435,993.6062377046318,1005.5698298040464,1620400
2026-04-28,990.9841918945312,1009.5776319073915,983.0084639919596,1007.414171901837,1776000
2026-04-29,995.6400146484375,995.939092277381,982.1311375663762,985.3712770548768,1516900
2026-04-30,1011.451904296875,1014.6022899555215,993.2971322648473,993.4267427076054,2049300
2026-05-01,1010.0940551757812,1029.6329973715185,1004.7225904299318,1013.7682062878171,1509700
2026-05-04,1011.1823120117188,1023.0933674505529,1000.6191501948939,1005.4215125381143,1479400
2026-05-05,1014.8065185546875,1019.1596438068837,1007.4682103147495,1008.905926897308,1456300
2026-05-06,994.1693725585938,1010.6231931384533,990.8446414505653,1009.7046705850466,2619100
2026-05-07,1010.4534912109375,1011.052514417975,989.087436398622,991.9229551012324,2014000
2026-05-08,1007.1886596679688,1014.3872367008379,1003.5145084854244,1010.1339891275397,1805200
2026-05-11,997.8834228515625,1005.4014990611479,983.5862078907894,1004.2233794930132,2053500
2026-05-12,1020.2578735351562,1024.371328576014,999.5508059415497,1000.94854701992,2143200
2026-05-13,1031.4400634765625,1040.8651419658145,1016.32414275388,1016.32414275388,1654600
2026-05-14,1039.59716796875,1040.1363497982506,1024.4711920018672,1033.3071195463888,1606600
2026-05-15,1047.284912109375,1055.8213891123912,1037.5703764171271,1047.6942954258584,1967000
2026-05-18,1074.76123046875,1078.115882330003,1043.3412137881044,1048.333277011971,2295200
2026-05-19,1092.5828857421875,1094.7594789612422,1070.3981857426552,1075.29043213977,2853300
2026-05-20,1072.30517578125,1088.0101872040575,1070.298356612478,1087.6407794000645,2223400
2026-05-21,1048.782470703125,1063.039831932931,1037.3606890186563,1061.7219809218534,2149700
2026-05-22,1026.6077880859375,1043.980192141425,1023.5625808281633,1038.339136433185,2048300
2026-05-26,1001.3379516601562,1025.868956801072,994.5786787900382,1024.501136400399,2704600
2026-05-27,1002.0967407226562,1011.9011597260693,998.1030903394299,1002.2664538012281,2390100
2026-05-28,993.6202392578125,1010.393558877613,992.6917228453493,1010.0041633354696,2844300
2026-05-29,954.8019409179688,997.2344762390208,943.9492008767987,985.0039219405999,7028000
2026-06-01,944.608154296875,957.6873962512601,935.0234174693086,953.484057160972,2816300
2026-06-02,952.7552490234375,953.8734663046481,937.9587663930275,940.7942241638574,2218200
2026-06-03,960.30322265625,967.6415310020179,950.4688218344311,951.3674175633403,2174100
2026-06-04,970.8064575195312,988.438457984513,966.6730757099798,985.3933117726406,2345200
2026-06-05,970.3272705078125,995.826706947471,970.0576795995038,975.9483384472815,3092000
2026-06-08,973.2026977539062,977.425963620676,959.4745242795628,961.9306412534771,2086100
2026-06-09,967.052490234375,980.4111948031996,963.4082598570556,972.6635641898084,1998600
2026-06-10,981.8090209960938,983.696035487958,962.7792787463713,975.8884414254012,1715600
2026-06-11,974.1411743164062,987.5498479765957,972.4538546157332,985.3433342331716,1903400
2026-06-12,980.7905883789062,983.2167846105712,968.4602172052602,973.9714742302206,1737300
2026-06-15,977.895263671875,985.4332668486661,966.4634268586715,972.6436034824163,1893700
2026-06-16,985.11376953125,993.7999716270218,971.615211231262,978.8337760067219,1523400
2026-06-17,964.0572509765625,982.1484824459604,959.6342295249499,978.4443497555376,1928000
2026-06-18,949.939697265625,962.4697634296748,946.8046670209701,961.1718392143634,3742900
2026-06-22,949.8397827148438,954.7120409757252,941.033837393197,947.0642274329521,2191900
2026-06-23,956.1597900390625,964.845992015539,951.9764387262253,962.9689714159962,2529800
2026-06-24,959.5643920898438,966.4034940212789,955.4808577449501,960.5029023709275,2020200
2026-06-25,940.7442626953125,954.2328264451996,937.110026267083,948.0626439932809,2492700
2026-06-26,951.0279541015625,960.1135456878924,941.5031194544038,951.7368490136909,8239200
2026-06-29,945.17724609375,968.320443173306,940.8840840412729,957.0283989466781,2450000
2026-06-30,933.9849853515625,944.4982990512007,930.9298452995619,940.5046487380878,2870900
2026-07-01,923.2021484375,938.9371405362266,919.0886934600077,938.9371405362266,2909700
2026-07-02,950.1593017578125,951.1277936674867,923.37193558161,925.528479984269,2785800
2026-07-06,948.7415771484375,953.9832433205282,939.9056499765064,947.5933782782907,2327500
2026-07-07,945.9959716796875,967.4618433325775,943.829433324414,965.9842121329974,1940200
2026-07-08,951.6170043945312,964.9757698306605,946.4951428917958,957.4776814696542,1645500
2026-07-09,911.520751953125,933.5158115001236,906.2391710643403,933.4559091796973,4545200
2026-07-10,914.7955322265625,915.2747507677559,905.7699043838991,912.2895068847466,2102300
2026-07-13,924.9594116210938,929.5021769300105,915.424583129132,916.9721105282216,2373300
2026-07-14,920.2868041992188,927.944611696534,917.1018656017798,919.9173964162345,2409200
2026-07-15,915.0850830078125,926.1075973597352,909.0546927062207,916.2931842187085,2423200
2026-07-16,944.0690307617188,944.2587315975229,920.03723162576,922.5332631819883,2735300
2026-07-17,939.37646484375,962.7992465460038,932.2777658318746,959.9937095573548,2508000
2026-07-20,934.3145141601562,945.4767598979683,930.5305522820987,937.2598435659402,1507900
2026-07-21,927.7449340820312,930.5105565056226,922.9725535050976,928.7733283183376,1833500
2026-07-22,925.8380126953125,932.1180061948597,919.5080498136913,929.4023530939542,1762700
2026-07-23,924.5899658203125,925.0592514281323,915.3047408691222,919.048788102527,1785200
2026-07-24,935.030029296875,936.6599731445312,921.280029296875,925.010009765625,1586300
2026-07-27,951.5800170898438,956.6099853515625,936.6599731445312,938.1099853515625,2109500
2026-07-28,966.5800170898438,987.5499877929688,965.8699951171875,970.5499877929688,2682800
2026-07-29,974.030029296875,978.7999877929688,963.0,968.0700073242188,1973400
2026-07-30,954.1699829101562,960.760009765625,949.6799926757812,955.0399780273438,2334500
2026-07-31,951.8900146484375,955.5599975585938,937.510009765625,945.739990234375,1760200
2026-08-03,954.0800170898438,967.97998046875,948.75,965.1500244140625,2014100
2026-08-04,947.8499755859375,950.8599853515625,937.010009765625,945.0,2437300
2026-08-05,941.989990234375,956.989990234375,935.219970703125,956.989990234375,1692400
2026-08-06,949.1500244140625,966.1400146484375,941.780029296875,959.5499877929688,2116500
2026-08-07,947.8200073242188,949.7899780273438,937.510009765625,943.510009765625,1523800
2026-08-10,952.75,952.8800048828125,940.5599975585938,942.5,1353351
