Date,Close,High,Low,Open,Volume
2016-08-11,153.3251495361328,153.5555889027586,152.74905111956838,152.83134371736122,2188700
2016-08-12,152.99606323242188,153.28411894895422,152.68333101911622,153.19358822873093,2514300
2016-08-15,153.5063018798828,153.80258303527484,153.34992952592438,153.40753312274475,1561500
2016-08-16,152.88082885742188,153.38286052016855,152.84791430685382,153.21826265130343,1614100
2016-08-17,153.16070556640625,153.2676873067543,152.32946535545193,152.88911334918498,2952000
2016-08-18,153.358154296875,153.4157704514336,152.84789719312076,153.05364764566824,2571800
2016-08-19,153.0576171875,153.33015634387118,152.56206624387525,153.04109546207675,2368500
2016-08-22,152.89227294921875,153.2143769612376,152.34718257667475,152.75186992883837,3152400
2016-08-23,153.041015625,153.72652194503897,152.9997176341779,153.37137434682188,1647900
2016-08-24,152.5125274658203,152.95851327351792,152.20693222857543,152.84288638986408,1882900
2016-08-25,152.27291870117188,152.61979915204893,152.04993222713668,152.1985898764935,2034900
2016-08-26,151.81866455078125,153.23921705529352,151.2570396329435,152.4793819566468,3403500
2016-08-29,152.6527862548828,152.82622011513183,151.82687712355892,151.82687712355892,2229800
2016-08-30,152.38851928710938,152.91710073113282,151.98383179860164,152.73539967827705,1866700
2016-08-31,151.91773986816406,152.26462021897444,151.36438221789217,152.17376970311642,1876400
2016-09-01,152.04994201660156,152.1985996755294,151.05884054756783,151.74434693595205,3003500
2016-09-02,152.67762756347656,153.14013485767293,152.23164198760966,152.74370183441584,2652800
2016-09-06,153.0576171875,153.1980203476374,152.33906705900574,152.88417057651614,2152300
2016-09-07,153.0576171875,153.1236788844249,152.61161881776093,153.09890259748204,1803600
2016-09-08,152.6445770263672,152.88408520052593,152.3637582605277,152.52893761536583,2229900
2016-09-09,149.415283203125,151.76086304134287,149.415283203125,151.61220538791332,8242600
2016-09-12,151.38912963867188,151.6699356878625,148.60580760267428,148.73795607371875,7056100
2016-09-13,149.32437133789062,150.5797567282944,148.97749101995794,150.36501229168869,7477500
2016-09-14,149.01873779296875,150.10068904532946,148.6718575648902,149.35736346884417,2990400
2016-09-15,150.53016662597656,150.82749436379586,148.85357239955334,148.96919915301802,3932400
2016-09-16,149.7556610107422,150.19424374264864,149.31707827883574,150.19424374264864,2844300
2016-09-19,149.76394653320312,150.8728283425559,149.50741841470017,150.50871902846103,2260400
2016-09-20,149.8218231201172,150.64105614571827,149.80526925919605,150.45073093926194,1997800
2016-09-21,151.1541748046875,151.30312172154473,149.74739920668975,150.32665826152407,4496500
2016-09-22,151.98170471191406,152.47820710533037,151.7003520929547,151.98170471191406,2323500
2016-09-23,150.95555114746094,151.8658243043984,150.8479699670322,151.77479698870465,1741500
2016-09-26,149.5736083984375,150.23562412834718,149.4329321077029,150.20251639705683,2639800
2016-09-27,150.60800170898438,150.7238535129153,149.15157722715279,149.4329298042851,3717300
2016-09-28,151.5182342529297,151.62580278185752,150.21075702967684,150.9058676667795,6413000
2016-09-29,149.96255493164062,151.78308887368829,149.49086442234918,151.28658650416668,3376400
2016-09-30,151.25355529785156,151.79971954487175,150.58326855237556,150.71567430199994,4583000
2016-10-03,150.87289428710938,151.07977352173282,150.42602806925512,150.86461103650433,1987600
2016-10-04,150.17764282226562,151.37753883787616,149.73078961111048,151.12101082527823,2811200
2016-10-05,151.1541748046875,151.45208126530235,150.69903818056753,150.7404165331058,1818200
2016-10-06,151.0382080078125,151.22026251886177,150.169313773603,150.88924857745823,2368100
2016-10-07,150.79005432128906,151.42724554779653,150.045294538441,151.27001539595318,2527700
2016-10-10,151.53480529785156,152.1389013858169,150.7900455582844,150.7900455582844,1879100
2016-10-11,149.9460906982422,151.34459656814977,149.32545289516426,151.31977206617933,3949800
2016-10-12,150.08663940429688,150.44247800800386,149.4991098549379,149.78046238919143,1920200
2016-10-13,149.6480712890625,149.9625315796227,148.4812700679934,149.060541682583,3460100
2016-10-14,150.02044677734375,150.98865210397295,149.95425657517117,150.60798899353853,2698100
2016-10-17,149.54881286621094,150.2025454764114,149.32537983089335,149.92119284047206,1801800
2016-10-18,150.08663940429688,150.69073544342072,149.8797603125991,150.5583297942787,1720700
2016-10-19,150.60800170898438,150.94728650153195,150.25217567794638,150.48387928580823,1503700
2016-10-20,150.2273406982422,150.9803837479292,149.9625419827422,150.376300235067,2359600
2016-10-21,150.11138916015625,150.30190333038706,149.29133012222448,149.59782372760677,5607600
2016-10-24,150.72439575195312,151.17169273348415,150.467600341691,151.05572591312904,1905700
2016-10-25,150.32669067382812,150.8982455890552,150.13617658189494,150.60833503862256,3351100
2016-10-26,150.56703186035156,150.85694263457253,149.390793182243,149.59787772358825,5375400
2016-10-27,150.36817932128906,151.0474224722947,150.1196754211789,151.00600304903742,2027100
2016-10-28,150.22731018066406,151.02251985145304,149.65575520469525,150.60835104445292,3726600
2016-10-31,150.07005310058594,150.50907140249132,149.97065654602315,150.40967484792853,1415600
2016-11-01,149.2001953125,150.35987577590544,148.38842783571812,150.35987577590544,3622300
2016-11-02,148.5624237060547,149.2747948837215,148.31391978092725,148.81920646089367,3552700
2016-11-03,148.36363220214844,149.00973488550156,148.13997738423825,148.85234862991422,1966900
2016-11-04,148.03221130371094,148.82740828535177,147.9742216074308,148.36354127282326,4337500
2016-11-07,151.05563354492188,151.13018088968659,149.97051339525433,150.0699098549406,3402400
2016-11-08,151.90057373046875,152.447267014635,150.77403393613181,150.9231286574234,3437500
2016-11-09,154.03768920898438,154.5264054342439,150.5503818184429,150.69947654231302,8363900
2016-11-10,155.8352508544922,156.4068061660106,154.360810047109,154.75840879621194,8748100
2016-11-11,156.1168212890625,156.24935836637633,155.2387852708633,155.68608210750827,5003800
2016-11-14,156.36524963378906,156.87881476106864,155.89309126367053,156.6468813074956,4796400
2016-11-15,156.8374786376953,156.8457701050701,155.84347578898198,156.3570411889403,3750000
2016-11-16,156.53932189941406,156.7049869823201,156.16657230301658,156.38193564685085,3459100
2016-11-17,156.80442810058594,156.82927723611434,156.34056071813794,156.63047151244882,4211200
2016-11-18,156.54934692382812,156.96468530159203,156.43305268505907,156.9148340491584,4359200
2016-11-21,157.2803497314453,157.33850319426273,156.66565698236204,156.8982454833864,2999100
2016-11-22,157.8451385498047,158.03619057939633,157.34672762247752,157.76206583687804,2756300
2016-11-23,158.31869506835938,158.36023144516741,157.720606732667,157.7704453147876,2465900
2016-11-25,158.908447265625,158.9416687549038,158.6426246509151,158.73399959033165,1547100
2016-11-28,158.47654724121094,158.83374492017654,158.26057579761792,158.60114371345225,3159600
2016-11-29,158.81712341308594,159.0081755569147,158.393470069005,158.5180792129034,2264900
2016-11-30,158.99154663085938,159.69762703500353,158.9417080470606,159.46503852719385,4774600
2016-12-01,159.40684509277344,159.6228291352427,159.13273295061143,159.35700652147125,8323900
2016-12-02,159.27395629882812,159.4733105963503,159.01643587266088,159.41516981794655,2773600
2016-12-05,159.67266845703125,160.13784535819784,159.39854363846095,159.88863982539576,2925600
2016-12-06,159.89695739746094,159.96341305233557,159.38192924096256,159.62283257427313,2669400
2016-12-07,162.380615234375,162.55506285124846,159.83874753926466,159.88028389329318,7241300
2016-12-08,163.04534912109375,163.4773048918047,162.32266388318024,162.6715468489016,7032100
2016-12-09,164.21646118164062,164.24138046594973,163.119961971564,163.17811541836465,4392300
2016-12-12,164.54043579101562,164.79794352987696,164.20815751900093,164.34106882780682,3791700
2016-12-13,165.49575805664062,165.90279430761763,165.0056617193231,165.27148441590984,5357500
2016-12-14,164.59034729003906,165.9941935079098,164.1500894752794,165.27981075044826,7456100
2016-12-15,165.02220153808594,165.8694824677042,164.75637896596564,164.92251173598189,6033000
2016-12-16,164.99058532714844,165.6399241109688,164.78246359636648,165.4151490849564,4467700
2016-12-19,165.3319854736328,165.58172150538059,165.0073159296124,165.08223673913673,2729400
2016-12-20,166.01463317871094,166.17280781466894,165.71493721130352,165.79819103109705,3062600
2016-12-21,165.79811096191406,166.1727275645717,165.78145766544787,166.02287330186266,2523500
2016-12-22,165.6399383544922,165.8064332128863,165.3152689346634,165.74816572868292,2250900
2016-12-23,165.70655822753906,165.7148785254721,165.44015626074227,165.63163743790682,1374200
2016-12-27,165.83981323242188,166.11452288389205,165.7732127190279,165.798186323707,2340700
2016-12-28,164.89906311035156,166.13114058724227,164.83246261122957,166.09784668905445,3818100
2016-12-29,164.82411193847656,165.26532904894884,164.52441609902897,164.82411193847656,3018700
2016-12-30,164.42453002929688,165.0572283838414,163.9333656666078,165.04057508431504,4277400
2017-01-03,165.18202209472656,165.74811969934976,164.39948250457266,165.58994518184122,6669800
2017-01-04,165.78977966308594,165.9646075209161,165.331921978887,165.4651102437529,4823200
2017-01-05,165.45680236816406,165.88969919402152,164.74918328951694,165.62329723880327,4124500
2017-01-06,166.0894775390625,166.3558794775696,164.97394800273702,165.44013869238088,4322600
2017-01-09,165.46510314941406,165.88967962762203,165.456782852824,165.73982536980074,2303500
2017-01-10,165.16549682617188,166.0063172388266,165.00733488880837,165.43189889430994,3029200
2017-01-11,165.93966674804688,166.139468238979,164.9573252960631,165.35692827792732,5209800
2017-01-12,165.45680236816406,165.5900033457732,164.44116714369716,165.56502975031452,3865200
2017-01-13,165.41519165039062,165.95631591131385,165.09885517606563,165.59001953844168,3468900
2017-01-17,164.90736389160156,165.37355462753305,164.49112034841346,165.0572181725766,3329800
2017-01-18,164.79080200195312,165.02389734982506,164.24969052355263,164.89902937873072,4634800
2017-01-19,164.23304748535156,164.96564016884997,163.7418831647081,164.8574127853119,3050900
2017-01-20,164.96055603027344,165.1605404774429,164.41890181708857,164.6022293704513,6999000
2017-01-23,164.8105010986328,165.08549233877474,164.1938529193586,164.87716679762315,3249700
2017-01-24,165.6937255859375,166.01038433635838,164.6770963805427,164.81875615963196,5205800
2017-01-25,167.01048278808594,167.118816180171,166.45217164805507,166.66882571703832,4880800
2017-01-26,167.26048278808594,167.4688084180317,167.01048948911352,167.1604905545719,3999700
2017-01-27,167.18540954589844,167.3853939183478,167.03540855138004,167.23540563901076,3576500
2017-01-30,166.14381408691406,166.5771221213156,165.34383829653987,166.51879757310854,4718000
2017-01-31,165.29393005371094,165.7355794834553,164.62728532658286,165.59391954515905,4628100
2017-02-01,165.5188751220703,166.1605088746069,165.1605484449621,165.93552636068787,3676900
2017-02-02,165.50216674804688,165.8021560781949,165.01052145327705,165.12718326415776,2640600
2017-02-03,166.9771270751953,167.13545655433592,166.19382084061627,166.31048265969073,4857300
2017-02-06,166.89373779296875,167.24372313703063,166.4770867573931,166.68541227518094,2770900
2017-02-07,167.14382934570312,167.74380820732097,167.01882633233973,167.4021511053909,2606300
2017-02-08,167.08546447753906,167.23546552577258,166.78547509625795,167.07713603076508,2291500
2017-02-09,168.09371948242188,168.41870682926486,167.3020849416692,167.3437525943788,3487600
2017-02-10,168.9436798095703,169.16033378769512,168.38536890367902,168.57702483491178,2880300
2017-02-13,170.1602783203125,170.38527343704246,169.42698115292436,169.42698115292436,2637400
2017-02-14,170.96859741210938,170.97692585598915,169.9519677907896,170.04363153419322,3586600
2017-02-15,171.97698974609375,172.06865353808385,171.06868027448698,171.15201561818282,3646000
2017-02-16,172.06024169921875,172.26023881282504,171.5352699381746,172.11857895888087,4589600
2017-02-17,172.02767944335938,172.06109673519722,171.30908654550677,171.31743768100992,5747700
2017-02-21,173.02195739746094,173.2141354510868,172.4788277678976,172.59580737660303,3076400
2017-02-22,173.3394775390625,173.40632485553004,172.66266599083391,172.73786444067665,2254400
2017-02-23,173.6488494873047,173.92457745670464,173.13914926383754,173.84937891959555,3179900
2017-02-24,173.74053955078125,173.75725456647456,173.0219596236458,173.03031075658183,3703900
2017-02-27,174.0413055419922,174.10815283937234,173.47312263898837,173.57338721014943,3433700
2017-02-28,173.7823486328125,174.05808906185328,173.53167435642786,173.89097712753798,2821900
2017-03-01,176.32252502441406,176.79879475328147,175.36997281685382,175.40339010930091,7846100
2017-03-02,175.37831115722656,176.46455795497545,175.3365299823469,176.46455795497545,3336900
2017-03-03,175.39492797851562,175.73751557096955,174.97714196327442,175.52025868316102,2589000
2017-03-06,175.0356903076172,175.27801342624818,174.65133417091033,174.8518633727323,2524700
2017-03-07,174.7767791748047,175.18621447921197,174.6180182863645,174.81020923017653,2741000
2017-03-08,174.30885314941406,175.14442600133594,174.15844340615658,175.11935983576467,3173100
2017-03-09,174.35882568359375,174.70976442979182,173.69036546472296,174.41732184953588,4430100
2017-03-10,174.76002502441406,175.21959255916747,174.09992820164283,175.21124142210925,3004000
2017-03-13,174.58444213867188,174.91866588932098,174.2919867944898,174.7432028826668,2261800
2017-03-14,174.2502899169922,174.53439426725598,173.78237133984,174.27536882274853,4433000
2017-03-15,175.11929321289062,175.39503367910095,174.39234918822478,174.49261381236488,5737000
2017-03-16,175.0023193359375,175.61228373593505,174.67644654691682,175.61228373593505,3018400
2017-03-17,174.85829162597656,175.41921633569575,174.8331765475346,175.41921633569575,2873200
2017-03-20,174.81643676757812,175.20155594552773,174.60713592134047,174.84993205681366,3308600
2017-03-21,172.7569580078125,175.33553370537072,172.67323254275527,175.2518210150259,6192400
2017-03-22,172.80714416503906,172.94109976512874,172.04528606107687,172.43040521765738,3898500
2017-03-23,172.7234344482422,173.552270427717,172.38855819223576,172.48901851409562,3840000
2017-03-24,172.2545623779297,173.21734097028062,171.62665996342932,172.9494425829416,4052700
2017-03-27,171.81919860839844,172.0536144680274,170.63037167036407,170.9401327474367,4559600
2017-03-28,173.09181213378906,173.35972336786455,171.55136086198726,171.6936839145733,3538000
2017-03-29,172.7234344482422,172.93273530192377,172.42204070795228,172.9076202214588,2323900
2017-03-30,173.26756286621094,173.51871358176524,172.58941761009703,172.71500574257993,2849200
2017-03-31,172.74859619140625,173.2425432735889,172.71511366664546,173.06673766284567,4179600
2017-04-03,172.67324829101562,172.99138975759345,171.52628340845757,172.89929684751638,4436100
2017-04-04,173.00807189941406,173.10854499096436,172.30482413211035,172.48064246129113,2555400
2017-04-05,172.6815643310547,174.68247989561453,172.5978516579915,173.7950463579442,4110400
2017-04-06,172.84063720703125,173.54388498827964,172.39692043257384,172.84063720703125,3186900
2017-04-07,172.78204345703125,173.3597158525921,172.37180918815366,172.6229727655336,2609300
2017-04-10,172.79042053222656,173.569026388072,172.42204896814582,172.87414598759435,2395200
2017-04-11,172.74020385742188,172.8155491083097,171.57649147532163,172.64811095921056,3511500
2017-04-12,172.1875762939453,172.7150183846275,171.91967791950972,172.7150183846275,2181700
2017-04-13,171.0993194580078,172.41373542481293,171.09095201973994,171.91140808501285,3605200
2017-04-17,172.6062774658203,172.6816227294708,171.5095427125276,171.56814032601773,2260900
2017-04-18,171.69363403320312,172.30478879315453,171.1410768544874,171.92804990756002,2497900
2017-04-19,170.66384887695312,171.87779075891308,170.48803061349733,171.84429548268108,3606400
2017-04-20,172.2127227783203,172.6397046533075,170.9318027027769,171.08250594533388,3873700
2017-04-21,171.98812866210938,172.39033848888283,171.58591883533592,172.2059896545242,3034800
2017-04-24,173.77296447753906,173.98245063867563,173.47967873753961,173.73106468810764,3220200
2017-04-25,175.7003173828125,175.95170346279565,174.9964465876814,175.0886210574743,3483600
2017-04-26,175.52426147460938,176.32868115376422,175.49912415876204,175.80915957822586,2865300
2017-04-27,175.59970092773438,175.7756749522501,175.18072854995833,175.74215000185555,1951700
2017-04-28,175.1974639892578,175.65833609089566,175.10528956893026,175.65833609089566,1934000
2017-05-01,175.0634307861328,175.54106547225925,174.879081902297,175.54106547225925,1886000
2017-05-02,175.23948669433594,175.3819358463916,174.9210634214884,175.21434936079842,1359700
2017-05-03,175.31483459472656,175.52432082163108,174.68637591401304,175.23942262168686,1829400
2017-05-04,175.2896728515625,175.67512029519807,174.46010290561546,175.67512029519807,2640100
2017-05-05,175.77569580078125,175.7840706463621,174.92936331423695,175.18913695952824,1673800
2017-05-08,175.90138244628906,175.98518204620765,175.5745844642447,175.71703355528723,2311000
2017-05-09,175.65000915527344,176.23658082514254,175.31483630336942,176.08574409156844,1570100
2017-05-10,175.5326690673828,175.80919237931516,175.04665956029166,175.28967070684857,1394300
2017-05-11,175.36508178710938,175.50753086477872,174.37631308822003,175.24777002985093,3093700
2017-05-12,175.13877868652344,175.36502728592907,174.97957996873876,175.10526653173156,1575100
2017-05-15,175.9097137451172,176.07731290346487,175.4656041047412,175.4656041047412,1818500
2017-05-16,175.92660522460938,176.3539654913491,175.51602022923043,176.2366536660937,1746600
2017-05-17,173.01052856445312,174.78696811310505,172.92672893871273,174.3931328869752,5717400
2017-05-18,173.4210662841797,174.25901110761578,172.4993218639907,172.64177094965203,6653800
2017-05-19,174.6127471923828,175.0665649197649,173.6126528997192,173.7555216810005,4892800
2017-05-22,175.3523712158203,175.53726331670293,175.07504588819597,175.07504588819597,2246200
2017-05-23,175.74734497070312,175.94064939450348,175.3859731607858,175.73054592631024,3457500
2017-05-24,176.3355712890625,176.45322866915987,175.71366066643776,175.91536452818724,3479500
2017-05-25,176.97434997558594,177.2600876067431,176.73903512360974,176.923927196405,2198200
2017-05-26,176.9407501220703,177.09203130372927,176.7558708480195,176.9407501220703,1152200
2017-05-30,176.663330078125,176.92385621516948,176.46162621862644,176.663330078125,1066600
2017-05-31,176.4868927001953,176.83146542553524,175.91541748873092,176.83146542553524,1577500
2017-06-01,177.6634979248047,177.6634979248047,176.41128938859023,176.71383891336194,1827900
2017-06-02,178.09207153320312,178.34419820976638,177.55420727425943,177.7054755859801,2314000
2017-06-05,178.05010986328125,178.34425989162187,177.86521775810144,178.05010986328125,1923000
2017-06-06,177.6383056640625,177.98287848676986,177.47022542635406,177.60469474600086,2094800
2017-06-07,177.93238830566406,178.10046847971188,177.44494682433873,177.90717692074165,1545800
2017-06-08,178.05010986328125,178.75605454285883,177.65511425891526,177.84840588753056,2030300
2017-06-09,178.73074340820312,179.06691651351963,177.82309525938769,178.29372478313806,4271100
2017-06-12,178.50384521484375,178.82320648947498,178.06683937173088,178.55428080322815,3682300
2017-06-13,179.31912231445312,179.33593418426764,178.79806976349698,178.8400930261836,2426500
2017-06-14,179.714111328125,179.84858063432435,178.99135483692694,179.66368854422495,5423100
2017-06-15,179.5880126953125,179.68045871891027,178.7980217343307,178.91567914402825,2571800
2017-06-16,179.810302734375,179.82714565593477,179.18725595789738,179.61665410228477,2372000
2017-06-19,180.95545959472656,181.0312335051285,180.24821073619364,180.48396035570462,2103300
2017-06-20,180.51751708984375,181.08164565250527,180.4922591359792,180.93008508193552,1762100
2017-06-21,180.08816528320312,180.72805502443438,179.87767371534454,180.72805502443438,2129400
2017-06-22,179.95347595214844,180.42497508286533,179.89454498450272,180.24816933254039,2697100
2017-06-23,179.96192932128906,180.13873509664987,179.38938540478313,179.7093367948126,1346800
2017-06-26,180.07130432128906,180.82065371390178,179.7850389010515,180.4249285781798,1940400
2017-06-27,179.27987670898438,180.2902465390976,179.22936078695594,179.9366222375124,1981600
2017-06-28,180.38282775878906,180.6269922828857,179.27984134009563,179.27984134009563,4693700
2017-06-29,179.01052856445312,180.64394590820697,178.24433583559681,180.61868793669666,4372600
2017-06-30,179.5408935546875,180.17236826251542,179.31355906260143,179.46510682573495,2216600
2017-07-03,180.59336853027344,181.34271807407595,180.0797685386299,180.13869950297612,2134700
2017-07-05,180.66909790039062,180.87958943776445,180.03762328826912,180.803815567682,1799000
2017-07-06,179.45669555664062,180.39127865774773,179.28830486716078,180.25656096720942,2297500
2017-07-07,180.2228240966797,180.3154408701778,179.69238140779214,179.7934132161968,1326500
2017-07-10,180.1722869873047,180.47539522422625,179.79339205561774,179.9112667673439,1156300
2017-07-11,180.1639862060547,180.42499376276814,179.06942719791758,180.10505523230768,1577600
2017-07-12,181.21632385253906,181.61204886816301,180.93005851917977,181.00583236964889,2103300
2017-07-13,181.41006469726562,181.49425361885545,181.0227545463166,181.27534700585846,1587400
2017-07-14,182.0835723876953,182.43719658514453,181.1153165742545,181.27529217849204,2395500
2017-07-17,182.0499725341797,182.2773070550756,181.89841190445324,182.13417431151518,2291000
2017-07-18,181.61216735839844,181.70478418519184,180.71126990448886,181.57849435201396,2247500
2017-07-19,182.1342010498047,182.15103112983257,181.57850007154028,181.7721487709757,1785800
2017-07-20,182.024658203125,182.35302447722884,181.62051806131646,182.34460944105615,1372000
2017-07-21,181.66726684570312,181.68412817138307,181.01824085196787,181.3806886162596,2217300
2017-07-24,181.2964630126953,181.65047381653565,180.9508764441507,181.65047381653565,1459600
2017-07-25,181.9453887939453,182.50169669058377,181.63352506162718,182.4848353678739,1924200
2017-07-26,182.74612426757812,183.04113953259233,182.53540275297385,182.74612426757812,2041000
2017-07-27,183.51316833496094,183.53845388982077,182.5944255445958,183.1422963817878,3202400
2017-07-28,183.76611328125,183.88411687355014,183.15923398901305,183.35309427748606,2305000
2017-07-31,184.3392791748047,184.61743326950906,184.162280208174,184.2971322765596,1765000
2017-08-01,184.90399169921875,185.26643955140526,184.71855565603983,185.21586842352485,2307100
2017-08-02,185.34230041503906,185.54459779254032,184.96300408597244,185.2917292860204,3063300
2017-08-03,185.48561096191406,185.62890013113633,185.1990326234695,185.3760315954502,2496400
2017-08-04,185.91543579101562,185.99971670344777,185.46026999047027,185.9744311435757,1877700
2017-08-07,186.1514892578125,186.26105575738816,185.94076763214662,186.0671954629752,1902800
2017-08-08,186.01666259765625,186.8511121756411,185.8059409286411,186.10938064648013,3623900
2017-08-09,185.85647583007812,185.94919386082233,185.40132277278767,185.71318666646025,3555800
2017-08-10,184.25489807128906,185.35063966140572,184.21275119595674,185.2747830026599,7832600
2017-08-11,184.3392791748047,184.77758376598376,184.18756577483552,184.38985030812773,4944500
2017-08-14,185.4097137451172,185.67943069253175,185.2748488406973,185.33385705941544,2605000
2017-08-15,185.56982421875,185.92383487048943,185.31695579281543,185.92383487048943,1835700
2017-08-16,185.8311309814453,186.36215343007171,185.6709805374835,186.0249912160933,2476100
2017-08-17,183.58900451660156,185.4939351796547,183.55529473435664,185.43492698395085,3535800
2017-08-18,182.95460510253906,183.9093901127659,182.63352421922525,183.34328263985282,4468500
2017-08-21,183.1320037841797,183.28408654946014,182.27860751430495,182.89542199858323,3467200
2017-08-22,184.77957153320312,184.91476476471004,183.60510773155096,183.69805146661997,2423200
2017-08-23,184.12896728515625,184.58524122301,184.06137066870622,184.20500864388646,3660200
2017-08-24,183.9093017578125,184.66129644476112,183.74031665036938,184.66129644476112,1934400
2017-08-25,184.23031616210938,184.98231063095824,184.19652430751626,184.41620359420537,2373300
2017-08-28,184.1458740234375,184.68663407510797,183.79944619070295,184.6190374570571,1425000
2017-08-29,184.69509887695312,184.83873687113527,183.03056904328656,183.08126328914636,2013300
2017-08-30,184.9823760986328,185.17672123270853,184.5261149901145,184.8302933600394,1804100
2017-08-31,185.4810028076172,185.79362609494493,185.14301949034166,185.4894475557696,2173000
2017-09-01,185.81881713867188,186.23284151976182,185.7427757909414,185.9962598427774,2150200
2017-09-05,183.91773986816406,185.48932580691044,183.50371541103252,185.48932580691044,3828600
2017-09-06,184.4078369140625,184.7204600491338,184.2303941473194,184.6528634186002,1915500
2017-09-07,184.2896270751953,184.80504032852045,183.92629663789495,184.59380559998957,1982800
2017-09-08,184.39930725097656,184.75417972829888,183.79095074907173,183.86699208862657,2135800
2017-09-11,186.528564453125,186.63841055190338,185.53154350116142,185.53154350116142,3019300
2017-09-12,187.0862579345703,187.21300642950354,186.79053723186624,187.01021657325242,2072900
2017-09-13,187.37356567382812,187.39891279856639,186.9004021550623,187.02715067149245,1720800
2017-09-14,187.8467559814453,187.93968685053423,187.2552886464948,187.28063577310812,1893700
2017-09-15,188.34458923339844,188.44619995615477,187.88738619873558,188.07365745120865,2377700
2017-09-18,188.9456787109375,189.14041207770282,188.53079961540678,188.74247025038872,1827300
2017-09-19,189.3013458251953,189.37754417810038,189.00500167142522,189.12353674906237,2042800
2017-09-20,189.57225036621094,189.61458708485904,188.76790438930766,189.2928564457093,1819900
2017-09-21,189.2081756591797,189.63151699051193,189.14043949584428,189.5722430028364,1741400
2017-09-22,188.9795684814453,189.19971424300715,188.65783785350078,188.9965057521852,2448400
2017-09-25,188.65780639648438,189.17427033408904,187.95505835050662,188.90333864418741,2844300
2017-09-26,188.54779052734375,189.23360151270927,188.4885165313966,188.86105902205296,1314500
2017-09-27,188.911865234375,189.25054611142434,188.25992876984463,189.1489353886323,2381500
2017-09-28,189.3183135986328,189.46224815042652,188.55629118875498,188.784899203654,1462800
2017-09-29,189.5045166015625,189.54684039850886,188.92030350696112,189.14043634461953,2415800
2017-10-02,190.70675659179688,190.8337537894948,189.6738029860246,189.81773744986518,2611200
2017-10-03,191.55349731445312,191.58735893769318,191.02008308311568,191.13015596751296,2510000
2017-10-04,191.69747924804688,191.9260743300151,191.50273287834025,191.68054197256023,1746900
2017-10-05,192.73887634277344,192.75581361656765,191.7313217213679,191.86679407301247,2258500
2017-10-06,192.66259765625,192.73033380382873,192.39165306593512,192.48478865393722,2090300
2017-10-09,192.6457061767578,193.0097864416079,192.48483440294166,192.9505124536326,1006800
2017-10-10,193.26380920410156,193.40774372823523,192.73887000792539,193.22148540003892,1417700
2017-10-11,193.56011962890625,193.5855190746607,193.18757719870538,193.31458734682943,1423600
2017-10-12,193.32310485839844,193.72950902614892,193.17069522089477,193.4585772207671,1307300
2017-10-13,193.66172790527344,193.86493640167143,193.4754566800801,193.64480355342135,1744300
2017-10-16,194.27134704589844,194.33908321365544,193.7294706231953,193.94961639824385,2373400
2017-10-17,194.610107421875,194.70324307568634,194.33070046044102,194.49157230969317,1838000
2017-10-18,195.9732208251953,196.15947916893555,195.50754266745676,195.5837410243535,2720500
2017-10-19,196.13417053222656,196.14264563315388,195.17742724080694,195.44835916389601,2305400
2017-10-20,197.5431671142578,197.5431671142578,196.49244602633163,196.98391171602785,3275700
2017-10-23,197.1364288330078,197.92447288122355,197.1025404435285,197.92447288122355,2325100
2017-10-24,198.52609252929688,198.87350994913464,198.24647774993656,198.37357537691852,3300500
2017-10-25,197.5685272216797,198.66160523533617,196.8821744073418,198.66160523533617,3813300
2017-10-26,198.15325927734375,198.63624316692773,198.06851891026213,198.2040983257668,2581500
2017-10-27,198.4244384765625,198.5600179148189,197.73808534854396,198.23801998135167,2944200
2017-10-30,197.712646484375,198.3989995452703,197.5601163988618,197.8736454353634,2672500
2017-10-31,197.96688842773438,198.20414599714962,197.60252027712454,197.97535729465358,1772000
2017-11-01,198.44137573242188,199.14467947510033,198.05158810615976,198.78879317089545,2675700
2017-11-02,199.09390258789062,199.27183933077015,197.70424532964714,198.45838836132373,2459400
2017-11-03,199.28025817871094,199.45820780649416,198.82269373944476,199.43278827817753,2574400
2017-11-06,199.47515869140625,199.62767586147643,199.20399981630354,199.32262859176927,2549900
2017-11-07,199.48365783691406,199.87344554664767,198.86509433734972,199.72091542385843,2390700
2017-11-08,199.51754760742188,199.64464526107568,199.10234038953936,199.44127608566157,1531900
2017-11-09,198.89048767089844,199.36500278228212,197.56862045216755,198.69560030648736,4225200
2017-11-10,198.64476013183594,198.84812930433696,198.36514529780277,198.66171079526964,2506600
2017-11-13,198.839599609375,198.94127769973676,197.96682818826636,197.99224771085682,2452400
2017-11-14,198.5176544189453,198.57697527377059,197.35678614744734,198.25497732944436,2566500
2017-11-15,197.399169921875,198.00078273027515,197.13647988473195,197.56863777228764,2823600
2017-11-16,199.05149841308594,199.3650145738861,198.44140382534607,198.46682335570458,2933400
2017-11-17,198.23773193359375,198.73037621058205,198.2122514503505,198.5605020021033,3483300
2017-11-20,198.88333129882812,199.07019688415286,198.26328438056487,198.4671412810762,2056600
2017-11-21,200.225341796875,200.44618999242226,199.69023854279283,199.74968869965758,2749900
2017-11-22,199.7497100830078,200.50566161356238,199.56284449472906,200.50566161356238,2860800
2017-11-24,200.0044708251953,200.344219273766,199.95350985396698,200.08091228203784,1435500
2017-11-27,200.225341796875,200.73497752136498,199.93655426793225,200.0299870520696,2329500
2017-11-28,202.44219970703125,202.52714329975973,200.64999876927016,200.7264531869548,4844500
2017-11-29,203.3594970703125,203.55485174343244,202.80740270518532,203.13015978238994,3376100
2017-11-30,206.26449584960938,206.8166034625726,204.20049806610234,204.42982251277414,6586400
2017-12-01,205.93324279785156,206.7741380099001,203.35111995447338,206.519320100742,9772700
2017-12-04,206.49386596679688,208.58335753594412,206.45989628950863,208.1076913298563,6565800
2017-12-05,205.5594940185547,207.0713970669041,205.35565007711728,207.06290788953626,4925600
2017-12-06,205.22824096679688,205.98419251422771,205.16879080224075,205.3131845853931,3976100
2017-12-07,205.85675048828125,206.28993175449565,204.78653108674172,204.87996386501237,2718300
2017-12-08,206.92689514160156,206.93539727510205,206.04354161569717,206.56166629702233,2704300
2017-12-11,207.3942108154297,207.4536739512225,206.8251247584275,207.0544622012901,1857800
2017-12-12,208.47283935546875,208.83806830401218,207.92923404004088,208.03964516185215,3282400
2017-12-13,209.2033233642578,209.7894005144124,208.6512158782022,208.685198502875,3748700
2017-12-14,208.58326721191406,209.8573434080547,208.49832361460872,209.70444752501973,4713300
2017-12-15,209.6398468017578,210.02294240090808,209.27378142642112,209.6057993443853,5862800
2017-12-18,210.95077514648438,211.58927179948347,210.72943431660053,211.1380685372506,3285700
2017-12-19,210.6188201904297,211.41907164584381,210.227216067728,211.39353281133072,2773600
2017-12-20,210.33792114257812,211.4701775980968,210.07399816689178,211.41059130634736,2401400
2017-12-21,210.84014892578125,211.37647737682988,210.63582528379843,210.89973520245331,2446700
2017-12-22,210.6188201904297,210.79760502227282,210.2527549022411,210.77206618775972,1847000
2017-12-26,210.49105834960938,210.7805070412073,210.17607083170853,210.22714848431437,2156700
2017-12-27,210.68692016601562,210.8657049911438,210.36342394424958,210.405980006672,2930300
2017-12-28,211.24021911621094,211.29129676572683,210.933740228869,211.0784645659129,2743300
2017-12-29,210.60177612304688,211.64890717539768,210.42299131398704,211.61485973046953,2951800
2018-01-02,211.1466522216797,211.5297477280685,210.474094941568,211.41907078546117,4454900
2018-01-03,211.93832397460938,212.16818641153583,211.18916338687356,211.40199560877824,5528600
2018-01-04,213.34303283691406,213.6154513367537,212.50872114120577,212.7981828469864,4932900
2018-01-05,215.1478729248047,215.2585498552884,213.6580471262934,214.0070951453189,3349200
2018-01-08,215.0371856689453,215.36069484082537,214.72219810069333,215.1734014245,3847500
2018-01-09,216.08436584472656,216.4844785844855,215.14789860635048,215.55653295116386,5031400
2018-01-10,215.91409301757812,216.17800297337837,214.91803947943603,215.5309975014084,2357600
2018-01-11,217.6082000732422,217.6592777333619,216.10986575198382,216.2375599022831,2760400
2018-01-12,219.56625366210938,219.6173313209138,218.34885949310734,218.47655364011842,3678400
2018-01-16,219.48114013671875,221.9840496202733,218.7149491883961,221.57540232360085,8102900
2018-01-17,222.2649688720703,222.35862857402992,220.10261186954673,220.71556980251006,6144400
2018-01-18,221.48178100585938,222.46932587609618,220.81774534938145,222.40120499925104,4860200
2018-01-19,221.9281005859375,221.93660091407017,220.84629735789792,221.51070068127027,4057600
2018-01-22,223.15476989746094,223.18032288017133,221.15303293549468,221.21266522678422,3359900
2018-01-23,223.0609588623047,223.41872645566164,222.54987344103088,223.02687956891725,3483300
2018-01-24,223.65721130371094,224.67085574163366,222.20914039385494,224.02347919442056,7106400
2018-01-25,224.6623992919922,225.20756413180257,223.52951597691606,224.51758175801433,5918900
2018-01-26,226.50221252441406,226.51923917162745,224.9178505076085,225.1478532168358,3861700
2018-01-29,225.01156616210938,226.49369033804743,224.97748687217927,226.20408136084583,4605600
2018-01-30,221.99620056152344,223.54648341986297,221.54474742089528,222.7287623716255,9409500
2018-01-31,222.69476318359375,224.1598613359158,221.71519763873204,224.02357011303783,5360500
2018-02-01,222.84800720214844,223.93831062891718,221.27217132884067,221.4255151505632,5182000
2018-02-02,217.1494598388672,221.3403290536608,216.979102366118,221.13587929045454,9486600
2018-02-05,207.21751403808594,217.2261700465782,203.63142816638043,214.8411260152784,19888200
2018-02-06,212.06417846679688,212.3793403741199,202.33660897642625,203.00102507426712,20493100
2018-02-07,211.89389038085938,215.3266453994798,210.8802586908925,211.4509634734172,12657100
2018-02-08,203.29925537109375,212.16650307358512,203.15445082328225,212.06429115688195,15829100
2018-02-09,206.16122436523438,207.86482495528543,199.11683228608973,205.63311234149967,19858000
2018-02-12,209.68765258789062,211.11868367514487,207.03855345971834,207.86480068923262,10458400
2018-02-13,210.02845764160156,210.60767574866892,208.1204198232819,208.45262150173392,6234000
2018-02-14,212.35385131835938,212.51569548080863,208.72517314222443,208.8359113580988,5764000
2018-02-15,215.07968139648438,215.07968139648438,211.66396519477377,214.3300926051075,6111500
2018-02-16,215.16929626464844,217.01388735965514,214.52026164777965,214.71667384622293,6399000
2018-02-20,212.94036865234375,214.85327955914133,212.29133413977033,213.87120569400707,8685200
2018-02-21,211.5484619140625,215.6390307307374,211.53992678351867,213.1539525461878,5894800
2018-02-22,213.0599365234375,214.65687841367296,212.2401082136248,212.3255116109468,6342300
2018-02-23,215.98060607910156,216.01475962800427,213.53821686449544,214.17015524968662,5119000
2018-02-26,219.40504455566406,219.6270621312521,216.87725235965527,217.1846863695654,6120900
2018-02-27,216.87728881835938,220.20780059593167,216.84312223888688,219.55879195473912,7219200
2018-02-28,213.66627502441406,218.42296060131562,213.66627502441406,217.91910136222126,5299300
2018-03-01,210.06243896484375,215.09239123243165,208.68752774921813,213.67479135150043,8144800
2018-03-02,209.5245361328125,210.01129920653403,206.8003308539417,207.98736558023433,6393400
2018-03-05,212.50485229492188,213.1795052913091,208.20078926406268,208.23494280644942,4891000
2018-03-06,212.50485229492188,213.6491849104574,210.97623043156977,213.6491849104574,4408500
2018-03-07,211.88148498535156,212.28285758759463,209.56718791775285,209.96002539063844,5362600
2018-03-08,212.76107788085938,213.2478538822958,211.12143398202804,212.75254275180538,5846600
2018-03-09,216.5356903076172,216.5356903076172,213.7858670159712,214.2982614672431,3904000
2018-03-12,215.16929626464844,217.5262817381589,214.94725261962265,216.95411539957692,5512800
2018-03-13,213.68333435058594,216.88576621017143,213.19655845317922,216.14280618858072,6100900
2018-03-14,211.68508911132812,214.87897385573683,210.8652605540852,214.69964491025837,6222800
2018-03-15,212.64144897460938,214.17861868177602,211.61667351340725,212.50480877158856,5069600
2018-03-16,213.11550903320312,213.99671621415442,212.4652887838946,212.66207283541397,3430100
2018-03-19,210.3863067626953,212.49949624984242,209.0259983071082,212.43105133292488,5739500
2018-03-20,211.40440368652344,212.04606009627062,210.737082064749,210.88252261774772,3258400
2018-03-21,210.99371337890625,213.5860039742962,210.73706128394232,211.43859876773004,4341400
2018-03-22,204.78245544433594,209.63337516542862,204.6199004376833,208.82916390379765,7449700
2018-03-23,201.16358947753906,206.1000572916519,200.92403876804642,205.3129602383854,7598700
2018-03-26,206.88710021972656,207.16941749282114,202.9344886875082,204.5001315655025,6589700
2018-03-27,203.86708068847656,208.97466705325496,202.63511127549125,207.9394686288353,6513100
2018-03-28,203.85855102539062,205.94607563824835,202.80623799841356,204.50875825950402,7983700
2018-03-29,206.52784729003906,207.84538936805322,204.5258820102124,204.962216814084,6614500
2018-04-02,202.0361785888672,206.21122649698034,199.51233304291756,205.61234988422584,9217400
2018-04-03,205.4584197998047,205.54397922733278,202.2501370855383,203.08857770079902,9874500
2018-04-04,207.4346160888672,207.811043416191,201.00093978741654,201.0950498828796,6437500
2018-04-05,209.53074645996094,210.5402795230319,208.22176854352108,208.58109453484457,4786400
2018-04-06,204.58572387695312,208.96609390960376,202.96875032548385,207.29778993658505,6985500
2018-04-09,205.0990447998047,208.44421657869964,204.84237963295388,206.32247643816274,5052000
2018-04-10,208.7608184814453,209.6078098412532,207.21228940358878,208.19617062944286,5977500
2018-04-11,206.93846130371094,208.39287979878532,206.51924110882604,207.15234676047282,4733100
2018-04-12,209.44522094726562,210.3093266644743,208.2731326629735,208.4613529347694,4742400
2018-04-13,208.3929443359375,210.85690973834951,207.32351672093733,210.82268074412917,5222500
2018-04-16,210.13818359375,211.03650514106135,209.36820115578743,209.71041267165245,4018400
2018-04-17,212.00335693359375,212.58511935562962,211.54992061802528,212.30278886686358,3821900
2018-04-18,211.64395141601562,212.3626034518193,211.38728624479063,212.07172234987965,3645600
2018-04-19,210.95095825195312,211.81505081275714,210.02697149603242,211.25039006393905,3721800
2018-04-20,209.27488708496094,211.1409739727403,208.51304756831627,210.89272664554454,3396500
2018-04-23,209.16363525390625,209.87410386176649,208.12786935813264,209.77138802670723,2491000
2018-04-24,205.51702880859375,210.19934966996016,203.83070782977873,210.05383124304757,7088900
2018-04-25,206.03916931152344,206.57845341772477,203.805009093503,205.68820622458222,5269200
2018-04-26,208.11070251464844,208.761270832429,206.39870262410602,206.6640605172965,3845800
2018-04-27,207.96522521972656,208.38466997800938,206.9551513540794,207.9823488792448,3209800
2018-04-30,206.75827026367188,209.58307336796778,206.73259130412129,208.94964161701904,3475700
2018-05-01,206.09056091308594,206.20184509580554,203.6509686835298,206.0306477034457,4396600
2018-05-02,204.67816162109375,206.89519849822832,204.34432214176277,205.96216162798575,2729400
2018-05-03,204.66961669921875,205.2944930770253,201.26272710391783,203.659529850597,6177500
2018-05-04,207.59716796875,208.19636548434374,203.45411715765982,203.82220402822,3600900
2018-05-07,208.36758422851562,209.43758456638793,207.57151024667186,208.43606581752277,2983800
2018-05-08,208.36758422851562,208.84694229003802,207.01510223406174,208.15358416094116,2927200
2018-05-09,210.06234741210938,210.44755777447378,208.18771880646625,209.060829205307,3670500
2018-05-10,211.8258056640625,212.3822005443016,210.550360721566,210.57603968148314,3877800
2018-05-11,212.750244140625,213.09265199345268,211.75729402123486,212.03120724197294,3293500
2018-05-14,213.3751220703125,214.1711957948607,213.01560364036914,213.4949615469603,4286300
2018-05-15,211.6973876953125,212.4421036204042,210.9954743885477,212.34795614622044,4755900
2018-05-16,212.26243591308594,212.52779396684363,211.40643544985184,211.58618823267392,2034400
2018-05-17,212.06552124023438,213.0499163709101,211.32936045208038,212.1168791689266,2058200
2018-05-18,212.02859497070312,212.48355406588735,211.5307124876304,212.00284355764583,2408800
2018-05-21,214.55242919921875,215.1790690132488,213.9257893851887,213.93436882705214,4060300
2018-05-22,213.04153442382812,214.97296913492434,212.81835112818487,214.92146630503592,2329300
2018-05-23,213.42782592773438,213.48790819481187,211.5736455128756,211.88267558201875,3489400
2018-05-24,212.8097686767578,213.25613526172543,211.04143501759444,212.99862111592864,3448100
2018-05-25,212.34622192382812,212.9728746220918,211.77967769160537,212.38056587631436,4207000
2018-05-29,208.981201171875,211.3504357715741,208.00260825846212,210.63794950415576,6439600
2018-05-30,211.77102661132812,212.16590336547821,209.95119058404194,210.45765240697514,4185900
2018-05-31,209.6077880859375,211.18728178894781,209.03265155376172,211.17010981979155,5357800
2018-06-01,211.47927856445312,211.88273496497456,210.86979769396868,211.29042607491616,3565300
2018-06-04,213.05865478515625,213.46211098604923,212.49209759687542,212.64661914748692,3062500
2018-06-05,213.0157470703125,213.29902568528604,212.16592432376964,213.02433960609753,2816400
2018-06-06,215.9085693359375,215.91714877151125,213.3590754444164,213.95138395837836,4102500
2018-06-07,216.77560424804688,217.49666992179888,216.0974619569086,216.50949761357012,4286800
2018-06-08,217.41082763671875,217.53100524424687,216.12320479961306,216.2863057880534,4451000
2018-06-11,217.513916015625,218.17489965765972,217.19630645313254,217.71134792487317,4200200
2018-06-12,217.4366455078125,217.84010183463053,216.80141333192472,217.81435041788734,6531000
2018-06-13,216.47515869140625,217.822876966162,216.34640163895466,217.53959835239084,3819000
2018-06-14,216.31204223632812,217.62541639147005,215.9257449332121,217.31638640800278,5007000
2018-06-15,215.56069946289062,215.95615323026442,213.86709321030128,215.1566403193012,6340800
2018-06-18,214.69241333007812,214.83856044006478,213.32549643259756,213.89290035463,4075500
2018-06-19,212.24224853515625,212.54313496735938,211.08165097650684,212.0015341422135,5511100
2018-06-20,211.88124084472656,213.18797276679882,211.5889334640418,213.17078824637082,4711700
2018-06-21,210.19619750976562,211.43416494366488,209.70616326803352,211.33959762252113,4676600
2018-06-22,211.21922302246094,211.92416862555257,211.00429850281873,211.4169499075053,3584900
2018-06-25,208.31341552734375,210.11018115803282,206.9293012542117,209.9210465529129,9536000
2018-06-26,208.6228790283203,209.4997745223972,208.27900512998934,208.83780349426428,3829900
2018-06-27,207.2904510498047,211.12471126100516,207.19588371156115,209.1388102758458,6149300
2018-06-28,208.11575317382812,208.87229182880955,206.18143211839492,206.73163847166666,5524000
2018-06-29,208.67453002929688,210.5916663648264,208.55417281200403,209.31930364721285,3966200
2018-07-02,208.67453002929688,208.94103435916304,206.86056639284186,207.11847846359882,5700300
2018-07-03,207.75466918945312,210.02427190212893,207.48816484757108,209.81793961262989,3143800
2018-07-05,209.37942504882812,209.48258459853278,207.78038643866185,209.018353506913,3294600
2018-07-06,210.28213500976562,210.79794593645065,208.7432682513053,209.17311724918466,3546000
2018-07-09,213.06753540039062,213.20509021980808,211.2793621018125,211.29655973372707,3679300
2018-07-10,214.26255798339844,214.47748251260484,213.59199450171073,213.65217966650556,3474700
2018-07-11,212.41421508789062,213.34269064049252,212.03594581261365,212.63773187875773,4409800
2018-07-12,214.32273864746094,214.44309585657095,213.3512755981039,214.12501175776993,3175400
2018-07-13,215.0964813232422,215.32001124481604,214.0046609651135,214.27117841914026,3018100
2018-07-16,215.50051879882812,215.56929622023105,214.7783755510249,215.25980438289372,1881400
2018-07-17,216.02493286132812,216.2742526510062,214.83854531116057,215.39735693488447,2960100
2018-07-18,216.6697235107422,216.7900807269217,215.80143310244384,216.11951721992835,2119600
2018-07-19,215.60366821289062,216.31721916862847,215.44892886048905,215.97334519576862,2537400
2018-07-20,215.5761260986328,216.09259192174372,214.92191766757796,215.04244080770323,2687800
2018-07-23,215.42129516601562,215.71397374084154,214.87039010547963,215.37826617480573,1792000
2018-07-24,217.0996856689453,217.4870382458246,216.1097700451393,216.28192528657422,5485300
2018-07-25,218.65782165527344,218.77833169802093,215.99797127634497,216.54888933988735,4687600
2018-07-26,219.60459899902344,220.08663898667288,219.02787164704256,219.088133212801,4175000
2018-07-27,218.8643798828125,220.0178480393423,218.19296498141884,219.59605636657628,5852900
2018-07-30,217.66786193847656,219.3205763942444,217.49570664540622,219.09677582671364,4484200
2018-07-31,218.78695678710938,219.22595488654127,218.29631339769853,218.37378133266694,3743100
2018-08-01,217.87448120117188,219.1914883896429,217.401044239883,218.55449928403524,3159000
2018-08-02,217.8657989501953,218.1326415584409,216.0839586157497,216.44548858188278,4132600
2018-08-03,218.97618103027344,219.07086837499446,217.81411026638852,217.81411026638852,2469400
2018-08-06,219.37220764160156,219.70791501863536,218.3220434089102,218.8299060576988,2305400
2018-08-07,220.4654083251953,221.01632622888073,220.0608361988049,220.34489831741556,2394500
2018-08-08,220.0349884033203,220.46538311540542,219.82840734766617,220.3362699556216,1876800
2018-08-09,219.63902282714844,220.56007377453952,219.50129337311924,220.1554885778524,1677300
2018-08-10,218.03802490234375,218.5544908208891,217.2633063226138,218.36511604370676,4796900
2018-08-13,216.95339965820312,218.60612720792764,216.6607343537212,218.27041979758505,3686700
2018-08-14,217.96054077148438,218.25320608368392,217.11695750511112,217.5731749431301,2815800
2018-08-15,216.71234130859375,217.09109075782786,215.07684665192386,216.78120603887305,5804000
2018-08-16,220.31053161621094,220.7151038511318,218.88161747306953,218.95908539857965,7919200
2018-08-17,221.26626586914062,221.79244097278837,219.98960417204216,220.16212210989264,3902500
2018-08-20,222.05978393554688,222.30994606372565,221.66299410517348,221.78374478200774,2930700
2018-08-21,222.61195373535156,223.15539781581577,222.34454892187765,222.49117668433578,3290900
2018-08-22,221.84420776367188,222.72407957041423,221.73206517461244,222.5515484603918,3850600
2018-08-23,221.24896240234375,222.1719536271864,220.8090397552056,221.51636713858105,2811900
2018-08-24,222.4221649169922,222.7068122936046,221.6803127279314,221.89596345476104,3631500
2018-08-27,224.7770233154297,224.83741182858898,223.62977318814313,223.62977318814313,4111600
2018-08-28,224.82876586914062,225.4153293494342,224.57860373139582,225.39806044883852,2713600
2018-08-29,225.42398071289062,225.80352805518444,224.6562779008976,224.96680227665695,2433900
2018-08-30,224.2853546142578,225.26870808312964,223.80229916910196,224.91503778854275,3867200
2018-08-31,224.14735412597656,224.69940625699556,223.39689386413454,223.9230689628331,3081800
2018-09-04,224.04380798339844,224.20770460180285,222.73263503616317,223.603872184045,2945000
2018-09-05,224.20767211914062,224.54407343349226,223.34506954705557,223.60383978886455,3282400
2018-09-06,224.5269317626953,225.18249211140474,223.44867806301505,224.39754658364433,3878500
2018-09-07,223.87991333007812,224.56998496396253,222.94828766733423,223.6987478084335,3796400
2018-09-10,223.3623504638672,224.83739374446577,223.2933275045088,224.7252511789178,2247600
2018-09-11,224.3025665283203,224.71662527808238,222.39622203842774,222.63774972798635,3072900
2018-09-12,224.4923095703125,225.80345594572344,223.91435428948554,224.40604405196726,4971200
2018-09-13,225.81224060058594,226.19178807414002,225.13077677426506,225.5017161174368,2472300
2018-09-14,225.90708923339844,226.40738733949794,225.15660258742156,226.0105973708982,3077700
2018-09-17,225.12213134765625,226.1658735647332,224.8288494984178,225.76044911808378,2473500
2018-09-18,226.7869110107422,227.32172054826518,225.29459865237246,225.35498716778284,2998900
2018-09-19,228.08941650390625,228.58108003406846,226.95077462707184,226.95077462707184,4001000
2018-09-20,230.34945678710938,230.58235006395086,229.44370806140748,229.4523425131769,5247100
2018-09-21,230.8905792236328,231.3141122091704,230.43246404177984,231.26225210394077,3944500
2018-09-24,229.42111206054688,230.5275046780063,229.27415754437334,230.51020039464427,3778600
2018-09-25,228.82472229003906,230.0261830973968,228.6518377063909,229.9483929483003,1820400
2018-09-26,228.00350952148438,229.78410954854726,227.56267239588402,228.8938095350158,3365900
2018-09-27,228.40972900390625,229.3778189989961,227.83924174712675,228.40972900390625,2440100
2018-09-28,228.5394287109375,229.00619590913865,227.7615009662553,227.8133610573355,3288800
2018-10-01,230.553466796875,230.91648749924707,229.69772238431491,230.0089093648325,5828100
2018-10-02,231.2794647216797,231.66841535673785,229.9656055673238,230.0174656519982,4553400
2018-10-03,231.60792541503906,232.7575257762971,231.3659028980123,232.3166886858828,5827700
2018-10-04,230.1385955810547,231.40056885065852,228.6950855534104,231.38329094067356,8720900
2018-10-05,228.47030639648438,230.458347033617,227.24288927355866,230.21632446580537,7477100
2018-10-08,228.9110565185547,229.23952128318618,226.534039423271,227.5453637576114,6236400
2018-10-09,228.39256286621094,229.33472328241933,227.45040245000257,228.52221312926955,4559100
2018-10-10,221.33058166503906,228.29740180434698,221.10585021156575,228.22826381038567,12292000
2018-10-11,216.3258819580078,221.90971791907086,215.1071171018017,220.18096474289717,15270300
2018-10-12,218.94491577148438,220.0772383205234,216.03198000745894,219.86114582828728,8634400
2018-10-15,218.1151885986328,220.18968513956148,218.1151885986328,218.5733037820403,5500900
2018-10-16,222.9382781982422,223.10248419777434,219.53264576794516,220.08584193167025,7099800
2018-10-17,222.1171875,223.02476556115758,220.12913361561255,222.07397954603334,6822400
2018-10-18,219.27333068847656,222.02202039880265,218.0978003891448,221.3737430306046,8694600
2018-10-19,219.96096801757812,221.39668933551124,219.11335808122817,219.88311713141786,6618300
2018-10-22,218.85400390625,220.92976910929957,218.12749202397188,220.60976075105287,4662600
2018-10-23,217.66903686523438,218.7588043891899,214.0797128257517,215.3943492427218,7360500
2018-10-24,212.4536895751953,218.7242043661389,212.05583041612806,218.30039930510043,7624300
2018-10-25,216.02572631835938,217.02899866116155,212.9812795609633,213.91537162961794,5920200
2018-10-26,213.22349548339844,215.39438667328082,211.3034191332602,213.95866472637596,5882900
2018-10-29,211.4417266845703,216.43219447307038,208.48377554746114,215.11754512414305,6833300
2018-10-30,215.1002655029297,215.30784590476017,211.11308268257102,211.41580245224404,6151100
2018-10-31,217.25387573242188,219.0096187884665,216.56195423115634,217.03765108810796,5376400
2018-11-01,219.45071411132812,219.53720924868495,217.0117069660659,218.08417276438195,3267900
2018-11-02,218.35235595703125,221.06813764997264,216.72634199657816,220.8778588589703,6413400
2018-11-05,220.09942626953125,220.48862806061106,218.38693047039558,218.68099287278415,2833700
2018-11-06,221.61297607421875,221.74270558429805,219.9696608284848,220.14263790769226,2193300
2018-11-07,226.4131622314453,226.4823425081936,222.71139715204242,223.54169244607922,4462300
2018-11-08,226.68988037109375,227.44233777073524,225.71254093676217,226.1968819387062,4023400
2018-11-09,224.95144653320312,226.12772221231015,224.04331367074704,225.87689425811843,4386500
2018-11-12,219.87454223632812,224.80447524216754,219.4074895612897,224.61419647786394,10153000
2018-11-13,218.8711700439453,220.86908308166676,218.15330284385772,219.53714545561954,3937900
2018-11-14,217.01168823242188,220.7999347306756,215.93920932938303,220.56642163511947,5610300
2018-11-15,219.0095672607422,219.6841869364953,214.79751640363966,216.39757047672515,5667000
2018-11-16,220.25021362304688,221.03914689826715,217.90075662450656,218.2908842481613,4529500
2018-11-19,216.61764526367188,220.01611148763962,215.7333463638094,219.86873054244586,4249600
2018-11-20,211.97079467773438,214.07749193150298,211.12984609045088,213.58333376762104,7341100
2018-11-21,212.10084533691406,213.81742826948616,212.0401652771762,213.1325254107834,4257600
2018-11-23,210.50564575195312,211.5633334392993,210.41895806384272,210.8871086200062,1928000
2018-11-26,213.60934448242188,213.90410642504597,212.12684351195003,212.29156731185827,3435500
2018-11-27,214.5716094970703,214.59761711871346,211.65863681475003,212.56026523200927,2932000
2018-11-28,220.0682373046875,220.0682373046875,215.51671562757681,215.97620151954098,5132500
2018-11-29,219.85137939453125,221.04778296501462,218.66365385083068,219.86005742131405,3471100
2018-11-30,221.51589965820312,221.80199669576137,219.19246417068368,219.42654597026723,2991800
2018-12-03,224.30755615234375,225.66865709061886,222.82504220589013,225.55597502441,9544200
2018-12-04,217.3718719482422,223.70933135540005,217.06844528857107,223.36255425043348,5376900
2018-12-06,216.49635314941406,216.62639131786193,210.51435928412556,213.58337911783852,8232800
2018-12-07,211.8060760498047,217.96147062122267,210.92177698442495,216.44429720715368,5963700
2018-12-10,212.1529083251953,212.82913326482938,207.41932051905198,211.48534818730352,6021000
2018-12-11,211.7367706298828,215.4386783850437,210.37565587877143,215.38666311450135,5646500
2018-12-12,213.1671905517578,215.66401536377896,212.96778110496294,214.47628962601647,3734800
2018-12-13,213.50535583496094,214.8838133328625,212.55169850569928,213.63539400317626,4455300
2018-12-14,209.3005828857422,212.25690696632873,208.78041705656554,211.58934692874723,6591200
2018-12-17,204.97450256347656,209.28327708241198,203.77811168461352,208.10421580749536,7036700
2018-12-18,205.78079223632812,207.90483298325032,204.3156336570408,206.71710682951837,5349600
2018-12-19,202.36492919921875,209.10984786296964,201.1945461821006,205.94546279642094,9545700
2018-12-20,198.4375762939453,202.32153582188738,196.75567938493424,201.6453111389015,11912800
2018-12-21,194.80043029785156,202.0851310151854,194.59180786183242,199.07736267340505,10242700
2018-12-24,189.5934600830078,194.1224847475112,189.40221390470282,193.41835712029928,7024000
2018-12-26,198.816650390625,198.8427282037531,188.61111281378186,190.5409505716701,9761100
2018-12-27,201.03334045410156,201.12896352197427,193.44439188995494,196.06096745352409,7952000
2018-12-28,200.3553009033203,203.25005763378414,199.65117339728351,202.2938401712213,7266800
2018-12-31,202.71978759765625,202.7719432258452,200.85080684407455,201.96350446011232,5079600
2019-01-02,202.85882568359375,203.41517434781525,199.19039711924623,199.30340979404696,5319500
2019-01-03,197.08673095703125,201.17241827641053,196.77378396049497,201.02463959254618,7350200
2019-01-04,203.65863037109375,204.4409913291584,199.7033316066515,199.93804519983166,7343700
2019-01-07,204.5974884033203,205.9188219166673,202.5024820512142,204.14545081057472,5101600
2019-01-08,206.82286071777344,207.46614440229322,204.97125636926765,206.8402503482744,4845800
2019-01-09,207.69212341308594,208.52665310679916,206.7011268630262,207.7008115947498,4872000
2019-01-10,208.63099670410156,208.770087218694,206.0578752417476,206.5794580392685,3052200
2019-01-11,208.5266876220703,208.57884324948526,206.8576412227833,207.64869034591294,2047200
2019-01-14,207.7095489501953,208.3267415650189,206.57946171174427,206.83155166757325,2330700
2019-01-15,209.18727111816406,209.52629583668647,207.66600397477438,207.70947140317915,3940300
2019-01-16,210.247802734375,211.15186418610793,209.62190893533057,209.81315499972726,3718500
2019-01-17,211.93435668945312,212.81234082967774,209.53509136208493,209.70025971600126,4108400
2019-01-18,214.9128875732422,215.21735040317634,212.7032920901144,213.69499643188584,5393200
2019-01-22,212.2595977783203,213.77325706566077,210.82424105371186,213.43399020672402,5218500
2019-01-23,213.75584411621094,214.79974106938568,211.37226856613484,214.129901770935,4330300
2019-01-24,213.53842163085938,214.17345701066452,212.3727366120736,213.53842163085938,2840400
2019-01-25,215.20875549316406,216.21786234916465,214.59110861309563,215.20875549316406,4110600
2019-01-28,213.21656799316406,213.32964812706373,211.51152558448365,212.89468981885562,3560300
2019-01-29,213.74725341796875,214.56496402414075,213.0861081836098,213.43408285271357,2432900
2019-01-30,217.63580322265625,218.3491414506499,215.5480079765042,216.09605987001746,5686200
2019-01-31,217.5835723876953,217.85324445529108,216.03512164083003,216.56577138715193,5649600
2019-02-01,217.896728515625,219.0885234056348,217.26169304942286,218.0620148103335,3971400
2019-02-04,219.49732971191406,219.52342614406032,217.20073749206773,217.8531748434681,2576100
2019-02-05,220.92405700683594,221.13282852525808,219.92364481018538,220.40210166302907,3090500
2019-02-06,220.845703125,221.26327261262074,220.13237847959184,220.63693165506237,1913500
2019-02-07,219.13197326660156,220.3846552203127,217.6270213543192,219.5669315408694,3884800
2019-02-08,218.62747192382812,218.6709571398289,216.72235222257814,217.92282824513427,2942300
2019-02-11,218.29690551757812,219.49739484804053,217.78365783456553,219.3234008836033,2677600
2019-02-12,221.41989135742188,221.72436750477794,219.80184580269776,219.84534429144506,3080600
2019-02-13,222.5247344970703,223.18586652926456,221.93318413236784,222.28985322918274,2918200
2019-02-14,221.9679412841797,222.84656561846046,220.6282621755016,221.42858392113234,3811000
2019-02-15,225.62109375,225.6472617668407,223.4403369447215,223.4578000363263,4751100
2019-02-19,225.7607421875,226.34519692320492,225.0192792973342,225.0192792973342,2744500
2019-02-20,226.3624725341797,226.5892796764915,225.33316209232203,225.76931329180985,2454000
2019-02-21,225.5164337158203,226.13576122780708,224.6179629289273,225.87408104543744,3197200
2019-02-22,226.94708251953125,227.15642672029833,225.935207848199,226.153283597523,3938500
2019-02-25,227.5750732421875,228.85733270649982,227.45293808145288,228.4124764137718,3585000
2019-02-26,227.26976013183594,228.10716329668077,226.44979343814134,226.7638096422457,3080200
2019-02-27,226.6853485107422,227.16513107416353,225.72581000447127,226.6417440143274,2777200
2019-02-28,226.17062377929688,227.1214304470635,225.9787161367757,226.67654758927264,2772900
2019-03-01,227.1650848388672,228.14205962074436,226.1270424779811,227.80184878389448,3676900
2019-03-04,225.2983856201172,228.2642100727135,223.48400735212206,228.10720194406002,4823900
2019-03-05,225.21986389160156,225.8042918648316,224.5220322941591,225.24603191099143,2107200
2019-03-06,224.0684814453125,225.44673517953092,223.70212906978975,225.26353237119292,3222000
2019-03-07,222.27145385742188,223.73691603745212,221.22469325593124,223.65841198715404,4104600
2019-03-08,222.18426513671875,222.34999149784525,220.46582745463715,220.5879493214218,5495800
2019-03-11,223.97247314453125,224.03351410827153,220.2215684810272,220.56176603711918,5469400
2019-03-12,223.18740844726562,224.15566514627398,222.8123112992176,223.51887448033187,6570500
2019-03-13,224.4871063232422,225.1151653352938,223.31822389370066,224.04222342537392,5272800
2019-03-14,224.65292358398438,225.00183946221497,223.8503931055364,224.46972078593885,3409600
2019-03-15,225.8285675048828,226.53662893916584,224.07151233542996,225.164203027474,4225100
2019-03-18,226.39683532714844,226.51047946458863,225.2779207598589,225.47898551663977,2786200
2019-03-19,226.3006591796875,228.11888508941615,225.5314005219864,227.37584994609014,4761400
2019-03-20,224.91075134277344,226.55416265560572,224.26386021679346,225.9334950430423,4382600
2019-03-21,226.91250610351562,227.2534384013505,224.08901045384067,224.11523396313424,3800000
2019-03-22,222.8739776611328,226.0908665245014,222.7952937810757,225.4614755151143,6226500
2019-03-25,222.9700927734375,223.68689091376115,221.65886397523923,222.63791054290434,4982500
2019-03-26,224.18521118164062,225.3827962042475,223.17120410907089,224.70095811298827,3278700
2019-03-27,223.8792724609375,225.03316061950946,222.12224338182287,224.33384901390522,3166200
2019-03-28,224.72715759277344,224.90199879830365,223.4246786457475,224.58731664077627,2434400
2019-03-29,226.5191650390625,226.70272961349744,225.15548913207738,226.03836510808725,4255900
2019-04-01,229.3689422607422,229.60495388858905,227.78670131361605,228.35492191643485,6051700
2019-04-02,228.75709533691406,229.08927773744537,228.22384814736856,229.02808062639343,2320000
2019-04-03,229.02804565429688,229.65743677050432,228.34620750149116,229.53504256708976,3265500
2019-04-04,230.58396911621094,230.72383673184913,229.1241225530659,229.22029321001338,4397000
2019-04-05,230.91615295410156,231.51057031687998,230.435353020103,231.2658086570877,3112700
2019-04-08,230.09449768066406,230.2518387798511,229.35146247624607,229.75356528873277,3231700
2019-04-09,228.5997314453125,229.15045203589045,228.11020795969412,229.13295190474247,4161200
2019-04-10,228.67835998535156,229.08921283639842,228.15386301084132,228.94059513409454,3602600
2019-04-11,228.50350952148438,229.2465446488873,227.78669790789456,228.95808599694288,2731700
2019-04-12,230.83755493164062,231.1172902527071,229.9721254494054,230.66271368671693,3395200
2019-04-15,230.61024475097656,230.942427078572,230.0333007099465,230.79380936679604,2190300
2019-04-16,231.23959350585938,231.9301815512111,230.71509659390895,231.8952079765421,2536000
2019-04-17,231.23959350585938,231.81653744130273,230.70637320800753,231.73786690606332,2873600
2019-04-18,232.27877807617188,232.60240367680663,231.22915700489511,231.77147813060412,3469200
2019-04-22,231.85020446777344,232.1738300806368,231.2991547191796,231.43910598016961,1604200
2019-04-23,233.08352661132812,233.4158808646281,231.84147571097466,232.18261195361973,3399200
2019-04-24,232.59368896484375,233.27593469402441,232.4274985070841,232.9960321659056,1899800
2019-04-25,231.37777709960938,232.00754416846377,230.02204152434913,230.9666787811494,2333800
2019-04-26,232.08628845214844,232.08628845214844,230.7917596912153,231.28160230605505,1883100
2019-04-29,232.17369079589844,232.58478903687782,231.85879397433922,232.06873408636457,1522500
2019-04-30,232.47991943359375,232.7160721185273,231.00171627023332,232.67234903749178,2259200
2019-05-01,231.04550170898438,233.37214147752678,231.03677310620208,233.07475504450667,2902500
2019-05-02,229.9345245361328,231.30777043124536,228.88490405859105,230.70424266060246,3660200
2019-05-03,231.7626495361328,232.0075574829108,230.56434898607745,231.1941160910729,2161600
2019-05-06,231.150390625,231.52652122346038,227.48549963731904,227.721679009626,3282600
2019-05-07,226.99574279785156,229.59352971887563,225.50005538664797,229.14746343064152,6758100
2019-05-08,227.11817932128906,228.3864424219333,226.37470001789328,226.8995105081121,4115200
2019-05-09,226.05104064941406,226.6195741400813,223.36578161874868,225.43875738687007,7175400
2019-05-10,227.34555053710938,227.887844796749,223.07711867957929,225.29878743213564,5456100
2019-05-13,221.70394897460938,223.65447115321396,220.93423044106746,222.7535566634937,6326000
2019-05-14,223.7506103515625,224.99266060055717,222.37737753720955,222.5173153943447,4308800
2019-05-15,224.72149658203125,225.34250831333605,221.9400233419157,222.31612715855377,4151400
2019-05-16,226.68087768554688,227.48556409773653,225.53505505801243,225.66625102815482,3889400
2019-05-17,225.7373504638672,227.44722688094663,224.6588101497668,224.79033292966514,3652900
2019-05-20,225.06210327148438,225.71096659729588,224.02740870750017,224.6587312089109,2613300
2019-05-21,226.90347290039062,226.99994074381138,225.94770536545045,226.40368651715357,2376700
2019-05-22,225.87759399414062,226.98241182910996,225.76359869351404,226.14941659126848,2942600
2019-05-23,223.38731384277344,223.90466785659143,222.08957370616474,223.87836330772117,4616900
2019-05-24,224.5798797607422,225.07091594211394,223.61534822725696,224.6587934228057,2258900
2019-05-28,222.25619506835938,225.53562062200203,222.24743134464356,224.5798529274768,4580100
2019-05-29,220.3271026611328,221.21272036165834,218.7575265488418,221.03735224211357,5192100
2019-05-30,220.85317993164062,221.26530232087458,219.93249407202222,220.765502572487,3454700
2019-05-31,217.65272521972656,219.2749106525003,217.65272521972656,218.6786429085538,4891100
2019-06-03,217.89830017089844,218.8716090086621,216.6180869669155,217.75800026749906,5479600
2019-06-04,222.4140625,222.457907885951,219.66074084691832,219.85364984131596,3796100
2019-06-05,224.2378387451172,224.29922493892087,222.78227147447487,223.79064808349995,2792400
2019-06-06,225.98281860351562,226.53524091640406,224.06250616321827,224.57984682273542,2796200
2019-06-07,228.2012481689453,228.96410684961035,226.57906295494942,226.63167205296358,3124900
2019-06-10,228.85011291503906,230.17417099502813,228.8062809195859,229.6305258060011,3495900
2019-06-11,228.75369262695312,230.49862365227006,225.307662575759,230.31449179137562,2792100
2019-06-12,228.37664794921875,229.0868975887221,227.97327581954224,228.68352545904563,1725500
2019-06-13,229.35003662109375,229.63063645368914,228.3065777357014,229.15712758111854,1882700
2019-06-14,229.30618286132812,229.84982826076177,228.35916520598474,229.06941506775712,2260900
2019-06-17,229.4551239013672,229.8935508547523,228.83256512020844,229.42006901190587,1319500
2019-06-18,232.65570068359375,233.06782320595724,230.56003317246487,230.8143283695313,6147700
2019-06-19,232.85739135742188,233.42734121630528,232.04192340119798,232.71709147901794,3920800
2019-06-20,235.06698608398438,235.43527650295496,233.15545096891185,235.04068153687635,3471800
2019-06-21,234.76556396484375,236.40038425704805,234.58976472294725,234.9325651976859,4446800
2019-06-24,234.82701110839844,235.4774197854736,234.76547871375928,234.96761826301852,1654200
2019-06-25,233.14822387695312,235.0291462959622,233.03395709565484,235.02037511345407,7240300
2019-06-26,233.1131591796875,234.2294066336425,233.10436117019822,233.90420216093432,2141400
2019-06-27,233.05174255371094,233.71974785001086,232.48043494023952,233.31544156061443,1991500
2019-06-28,233.6669158935547,234.0272856096752,232.98134167886735,233.74601751564916,2176200
2019-07-01,234.6513214111328,236.21583826232362,233.7987459638254,235.95216619540426,3970200
2019-07-02,235.25779724121094,235.31932966540998,233.9218140450114,234.53705781739737,2775300
2019-07-03,236.92774963378906,236.96291484598788,235.80270425220613,235.85543865890548,1262900
2019-07-05,236.67286682128906,236.8574640820016,234.95894482655663,236.1806611057885,2157000
2019-07-08,235.60935974121094,235.93456422327418,235.0907868072181,235.46872570133485,1423400
2019-07-09,235.43356323242188,235.66209690278694,234.40521536218066,234.43158256851504,1407000
2019-07-10,236.16307067871094,237.20901443591848,235.7060302191772,236.29490669365362,1978600
2019-07-11,238.1231231689453,238.1231231689453,236.6377081402836,237.01564699242422,2238500
2019-07-12,240.29415893554688,240.29415893554688,238.72084398348994,238.77357839992067,2411200
2019-07-15,240.478759765625,240.478759765625,239.91622348837853,240.4347965309117,2624500
2019-07-16,240.3204345703125,240.82141133550851,239.86336737114027,240.49620695036978,1780400
2019-07-17,239.31845092773438,240.3468254038082,239.2305513174656,240.25012778555404,1550800
2019-07-18,239.3096466064453,239.73154863068797,237.97366376446843,238.77350459738165,2119000
2019-07-19,238.7845916748047,240.4471412001844,238.70539836128046,240.30639186363945,2364300
2019-07-22,238.96046447753906,239.4091012278431,238.21274550876103,239.06601974933153,1623500
2019-07-23,240.45584106445312,240.68453514659168,239.22431846577877,239.9632320249834,1722900
2019-07-24,239.80490112304688,240.01603848331405,239.1187651038392,239.48823535041987,2355400
2019-07-25,238.73171997070312,239.7784940919262,237.9663907213007,239.69054928077736,2348600
2019-07-26,239.14523315429688,239.31237131584433,238.48548573088044,238.96051139239387,1731300
2019-07-29,239.38282775878906,239.8666319360255,238.9957736789203,239.14530143761561,1346000
2019-07-30,239.1890869140625,239.40019737066703,238.05431451946305,238.46775706043027,1670600
2019-07-31,236.2071075439453,239.86650897625,234.95800107257284,239.53223272906476,5058800
2019-08-01,233.779296875,239.0132767239855,233.46260416857754,236.471064076236,7225300
2019-08-02,232.94363403320312,233.70015842325947,230.85003110457336,233.2954939807021,5691500
2019-08-05,226.161376953125,229.7240015900625,224.42843965986734,229.5832522797508,6608200
2019-08-06,228.96755981445312,229.02911584093943,226.11743256804033,227.43692747159676,4991000
2019-08-07,228.923583984375,229.3194432340527,223.75117256017344,226.18784382323602,5089500
2019-08-08,232.34539794921875,232.34539794921875,229.22257811866984,229.99668587210377,3637100
2019-08-09,231.50978088378906,232.61816523240722,229.8120371573962,231.7385019322832,3773000
2019-08-12,228.18467712402344,230.6213618859273,227.44576310067376,229.96161434595123,3072700
2019-08-13,231.50086975097656,232.78516991601944,227.5071931419396,227.89424691965306,4326300
2019-08-14,224.3844451904297,228.4748862949719,224.36684817166943,227.99105552591624,6148000
2019-08-15,225.51034545898438,226.02937014150012,223.37277126999095,225.4047902168383,4034800
2019-08-16,228.3275146484375,228.65384369643687,226.55472213627732,227.0133700229409,2743200
2019-08-19,230.49717712402344,231.29978398951656,230.03855616486527,231.11457530238894,1971800
2019-08-20,229.0418701171875,230.69117187976605,228.8478330324165,230.2060926258136,1975200
2019-08-21,231.1056365966797,231.66128930888704,230.62935899822452,230.92922951104674,2156300
2019-08-22,231.57318115234375,232.68448703451145,230.15320311708803,231.7054730630891,2329200
2019-08-23,226.04310607910156,232.12877465878321,224.94061545394158,230.4353578869679,6293900
2019-08-26,228.5215301513672,228.80377083707717,226.8281129530606,228.43332657258867,3145200
2019-08-27,227.3749542236328,229.80923321444382,226.8810464452009,229.76514487978054,3077200
2019-08-28,229.65933227539062,229.7210505663533,226.08728861557864,226.68702998462817,2741700
2019-08-29,232.7549285888672,233.05479908972535,231.0791690059815,231.90823382668285,3740600
2019-08-30,232.9578857421875,234.07799307596835,232.11119064669924,233.96333112133885,2442400
2019-09-03,230.56764221191406,231.25558678475898,229.3416748656196,231.14092486996108,3082900
2019-09-04,232.7815399169922,232.79919678601848,231.75843740394478,232.47284078457946,1963100
2019-09-05,236.08883666992188,236.99727667376695,235.22451189721963,235.25097026952798,3614800
2019-09-06,236.6533966064453,237.2002210934637,235.8507898246772,236.4329011251668,2470100
2019-09-09,237.07672119140625,237.60591570843084,236.39760482606127,237.1208364354632,2243400
2019-09-10,237.59716796875,237.6236263547921,235.97429723830976,236.7945610375297,2654300
2019-09-11,239.62567138671875,239.66975971659338,237.44717495505617,237.88816591761173,1899800
2019-09-12,240.1813507080078,241.16916626616546,239.42283217273695,240.44593454824457,3272200
2019-09-13,240.42825317382812,241.02799436072672,240.3047627974934,240.79867047093336,2182700
2019-09-16,239.16712951660156,240.08437164236642,238.84077348705466,239.54637540990595,4077500
2019-09-17,239.51087951660156,239.5285094557983,238.46131944173592,238.6553564366507,1756200
2019-09-18,239.87249755859375,240.01361782140373,237.6763723472277,239.22864140626157,3052600
2019-09-19,239.38754272460938,240.95746945347284,239.1317604333139,240.31361296709187,2965600
2019-09-20,238.0410919189453,240.26016514210812,237.8996343648523,239.93305635213602,4076900
2019-09-23,238.1383514404297,238.6776601029248,236.99789533138633,237.15702497726136,1898300
2019-09-24,236.90939331054688,239.24337486050496,235.94573928231966,239.07542272774705,3733300
2019-09-25,238.33279418945312,238.8190595182514,236.42318494339617,237.2895752357099,3391800
2019-09-26,237.71392822265625,238.71295341875148,236.8475110215596,238.71295341875148,2401100
2019-09-27,236.927001953125,238.67750788215127,236.05176247873936,238.33270022239026,3171000
2019-09-30,237.97923278808594,238.5538856338069,237.3869078632088,237.3869078632088,2128800
2019-10-01,234.72572326660156,238.9605188227597,234.6815295910494,238.4919525447903,3558400
2019-10-02,230.49977111816406,233.45262624172472,229.483073785064,233.45262624172472,6690100
2019-10-03,231.64028930664062,231.65796138303972,227.54695076776105,230.13732642436833,5610300
2019-10-04,234.8671112060547,235.0350902918035,232.26788711950348,232.40934461172657,2937500
2019-10-07,234.0538330078125,235.6098390778098,233.5675946010728,234.21298961425782,2104200
2019-10-08,231.26002502441406,233.58518377598207,231.05670178988382,232.19718433325272,3505200
2019-10-09,232.89569091796875,233.61180125580236,232.0558220796588,232.90454044667078,2020800
2019-10-10,234.29248046875,235.19424171269475,232.61268945513663,232.71880281935992,2100800
2019-10-11,237.077392578125,238.82789912460532,236.59997679630953,236.73258479674033,4177000
2019-10-14,236.81211853027344,237.58129879239462,236.4408161777773,236.58227368643426,1194600
2019-10-15,238.89866638183594,239.7562342782459,237.696290629012,237.92616253328802,3168900
2019-10-16,238.7748565673828,239.19922919812046,238.17368224237188,238.51849006364645,2415000
2019-10-17,239.0400390625,239.7207780246344,238.44768743499174,239.29643248159408,1883400
2019-10-18,236.7691650390625,243.2802152969181,236.75145465407107,238.5119101182802,2232400
2019-10-21,237.27342224121094,237.4149703478786,236.5568535120152,237.14072932794153,1379600
2019-10-22,236.9283905029297,238.30845062031545,236.87531334437926,237.51226624452173,2534300
2019-10-23,237.30003356933594,237.88390956425226,236.52153224278084,237.19387920617828,1693400
2019-10-24,237.06996154785156,238.07845465550272,236.25606670870394,237.98998371683928,1843700
2019-10-25,238.5030517578125,238.96306275126054,236.76027990147986,236.83989563125735,1825200
2019-10-28,239.5735626220703,240.254737663052,239.0250805114689,239.54702403599427,1809600
2019-10-29,239.626708984375,240.27251742875646,239.13130390288174,239.272852068673,2884600
2019-10-30,240.3963165283203,240.61748043974993,238.7508699861069,239.6266704361529,2144700
2019-10-31,239.2816162109375,240.32550316416703,238.03424878477333,240.245887413247,3021000
2019-11-01,241.811767578125,241.811767578125,240.3520911826194,240.5024675216611,2989400
2019-11-04,242.88214111328125,243.32446883484798,242.36019764153747,243.04139961117687,1543200
2019-11-05,243.11215209960938,243.73142168826791,242.77597872276849,243.35099934221387,1706300
2019-11-06,243.10321044921875,243.4659222795767,242.3866419787044,243.29783565093445,1605900
2019-11-07,245.09373474121094,245.9783900219914,244.66026229284026,244.66026229284026,3023800
2019-11-08,245.1114501953125,245.26182647753515,244.2090845118278,245.1910659325252,1512000
2019-11-11,245.19110107421875,245.41226493068658,243.62527068954117,243.9791274603815,1729000
2019-11-12,245.3061981201172,245.92544094063746,244.73117728765172,245.43003588520097,1694000
2019-11-13,245.97845458984375,246.2880894189015,244.3153249033458,244.46570122193086,2595600
2019-11-14,246.13763427734375,246.21725000831213,245.12911435667382,245.82799954744323,1582600
2019-11-15,248.1087646484375,248.11763623006922,246.83250107870055,247.16042502901402,2363300
2019-11-18,248.40133666992188,248.4810997965631,247.8163800270363,247.949345618955,1790500
2019-11-19,247.568115234375,248.90642579762192,247.1604281866826,248.89755421587688,1928300
2019-11-20,246.5665283203125,247.18691670091332,245.25480598112267,246.95649909554476,2463600
2019-11-21,246.1412353515625,246.76165112515642,245.64491355169116,246.68186097204358,1382100
2019-11-22,247.15158081054688,247.3022624774436,246.20326813363678,246.72617760520643,1419300
2019-11-25,248.87091064453125,248.87978222428458,247.84283519811945,247.87826742213414,1811100
2019-11-26,249.36712646484375,249.5621118042016,248.70240740532665,249.11012123602168,1300300
2019-11-27,249.8547821044922,249.8547821044922,249.05712407185635,249.58887806194215,1786300
2019-11-29,249.00384521484375,249.5533421412947,248.90633899216925,249.3140258976819,811900
2019-12-02,246.5665283203125,249.48241050887466,246.5665283203125,249.44697829112224,2544300
2019-12-03,244.18263244628906,244.29785488246492,242.50752542346214,244.11171384824846,3834300
2019-12-04,245.54737854003906,246.17666582310457,245.15740759328247,245.50307472461478,1928500
2019-12-05,245.82208251953125,246.26522878341632,244.74967613422976,246.26522878341632,1453000
2019-12-06,248.78248596191406,248.9951876523948,247.62144415550824,247.67461957812841,2686400
2019-12-09,247.94940185546875,248.80023578013294,247.8962264256474,248.5520747584591,1206100
2019-12-10,247.68341064453125,248.28611038330837,246.94779942541703,247.887267752244,1406900
2019-12-11,247.91383361816406,248.07335983753126,246.9654937905188,247.3909240896755,1921700
2019-12-12,249.8903350830078,250.77662812881027,247.48846145467076,247.73662242559476,3768600
2019-12-13,250.03211975097656,251.36155932809427,249.04834744671783,249.87259349312663,3065500
2019-12-16,250.88282775878906,251.8045524966846,250.75873382436026,250.75873382436026,2117200
2019-12-17,251.17539978027344,251.70718092412267,250.74112491909426,250.9892858465556,1697900
2019-12-18,251.0069580078125,251.62737374156714,250.95378260749155,251.52102294092526,1592600
2019-12-19,252.11480712890625,252.18572568961415,251.3260207116964,251.3969122248983,1815100
2019-12-20,252.88470458984375,253.41810953534593,252.760258809618,253.1514206276461,3637000
2019-12-23,253.6581268310547,253.95151175647962,253.49811348815138,253.6670255045834,2564700
2019-12-24,253.37368774414062,253.92486294445848,253.24921482530533,253.92486294445848,611600
2019-12-26,254.30706787109375,254.3426354297727,253.5425417051339,253.5692105916186,931600
2019-12-27,254.54708862304688,255.00938549698398,254.16482553890523,254.99158815254134,1930200
2019-12-30,252.9469757080078,254.61829877223266,252.5824827308008,254.55606230853985,2552900
2019-12-31,253.45370483398438,253.64038708980203,252.0846383210755,252.39579350084188,1341300
2020-01-02,256.5829772949219,256.5918759696829,254.38714790731214,254.6449653044291,3865500
2020-01-03,254.53836059570312,255.2406507146015,253.52488807458872,253.6671312598388,3296700
2020-01-06,255.1248779296875,255.16931701635173,252.6178948757827,252.73346905721718,1645100
2020-01-07,254.0226287841797,254.95609424450205,253.8803856531752,254.52046617764367,1413000
2020-01-08,255.49827575683594,256.6273217112654,253.4357918192245,253.6491700014522,3136700
2020-01-09,257.4186096191406,257.66752831326056,256.4140361689092,256.87633312234834,1783100
2020-01-10,256.2451477050781,257.8453627116179,255.88955341365997,257.774227575271,2989600
2020-01-13,256.9385070800781,256.9918448550401,256.15621067060255,256.73405465275687,1463300
2020-01-14,257.1163635253906,258.24538280322173,256.6718639015054,256.80520836265015,2198500
2020-01-15,258.12078857421875,258.9119833420744,256.87619576911027,256.9295335228943,2195100
2020-01-16,260.41461181640625,260.4501793921263,259.11668016879156,259.2589233415606,2522000
2020-01-17,260.8397521972656,261.1421512283483,260.4128486912187,261.0621068209645,2147400
2020-01-21,259.55889892578125,260.8485661608266,259.1497741576321,260.1014581369889,4476900
2020-01-22,259.5411682128906,260.66184402683115,259.3365922196318,260.1548690497729,2077000
2020-01-23,259.30096435546875,259.5855575231352,257.57549104420934,258.5983164459427,1872600
2020-01-24,257.7532653808594,260.39483731000746,256.45472300395846,260.19028858919637,3612500
2020-01-27,253.80438232421875,254.95173948269874,252.47025493064848,253.35079746757094,4129100
2020-01-28,255.52099609375,256.32146715110673,254.1512842844728,254.56931197951033,2999200
2020-01-29,255.52099609375,257.29092986025904,255.44982742831345,257.0329909481143,2126300
2020-01-30,256.6326904296875,256.83723920869124,253.3507356706033,254.08006498215195,3433200
2020-01-31,251.18943786621094,255.4675361787803,250.4689843309252,255.22737595272417,4885700
2020-02-03,252.57705688476562,254.6049298303843,252.15012626462087,252.3191179386638,3157400
2020-02-04,256.18804931640625,257.04188326634704,255.63661432492592,255.86784462087104,3004100
2020-02-05,260.4752197265625,260.6353357655969,257.8870344771838,258.6074616526459,3305900
2020-02-06,261.2578125,261.6136016565298,260.1104820417672,261.5068486238298,2857200
2020-02-07,258.9896545410156,260.43050749695783,258.51826404131987,260.38604744982814,3839300
2020-02-10,260.5550537109375,260.56392943513106,258.07356951232157,258.10915383775813,2877700
2020-02-11,260.54608154296875,261.86242980512003,259.95906247239645,261.8001640378896,1994500
2020-02-12,263.018798828125,263.1522061537101,261.96038880699285,262.049336071681,2804400
2020-02-13,262.2184143066406,263.1256115630368,261.4179429459495,261.8359707993964,2638000
2020-02-14,261.9692077636719,262.493961171483,260.9552581282199,262.3516510221449,1861700
2020-02-18,260.5550537109375,261.382206062847,259.4966439580216,260.7329210523454,2397800
2020-02-19,261.577880859375,262.129315764276,260.9464015788808,261.2843576726454,1474400
2020-02-20,260.4036560058594,261.74668512401206,258.0822893465851,261.09740057398517,3493900
2020-02-21,258.40960693359375,259.5779508474813,257.5266670704219,259.3549840361649,3271800
2020-02-24,249.3303985595703,252.2022121048968,248.8042001643792,250.01712652259036,6595200
2020-02-25,241.42843627929688,250.93571566979494,240.69709872075887,250.43627226826266,9903700
2020-02-26,240.57232666015625,245.54003508313465,239.76072398280502,242.5790285011218,7477600
2020-02-27,229.65582275390625,238.77963475331086,229.55773041835687,236.21995281747823,11188900
2020-02-28,227.03379821777344,227.53324186147066,220.29128181022372,223.43065935337304,17541400
2020-03-02,238.1553955078125,238.35160746140676,226.58787206634946,228.9513156771632,8544500
2020-03-03,231.26121520996094,241.71390264597449,229.37046060093485,238.8420884140667,11482600
2020-03-04,241.59788513183594,241.79406975951568,234.52535853816113,236.74612606400368,5408100
2020-03-05,233.1876678466797,237.7094425829237,231.49312504807241,235.69381333263607,5872900
2020-03-06,230.85987854003906,231.97471277365173,225.13407794044602,226.23999839936366,7372400
2020-03-09,212.9066162109375,220.3537154726227,211.52421882831817,215.38600683654087,10406900
2020-03-10,223.38597106933594,223.4483946946282,211.4527839846845,220.54982639328654,9407100
2020-03-11,210.3379669189453,218.42720932964667,208.34019300810408,217.20534195509026,7687200
2020-03-12,189.17393493652344,204.23757001464875,188.92421323219742,196.65669951192163,17322600
2020-03-13,207.01133728027344,207.34132385471983,190.22638672421664,201.24986804085822,13676000
2020-03-16,180.59425354003906,194.7035902014086,179.72021359863098,184.17063728746376,12407000
2020-03-17,190.38697814941406,191.27884575170341,177.79381195991067,184.6255074507442,16128100
2020-03-18,177.82943725585938,183.225237653992,169.16048518958218,177.54404676939623,13369800
2020-03-19,179.54177856445312,182.81492945895323,171.52390138233775,176.91968689630198,13532100
2020-03-20,171.66268920898438,183.64061196480068,170.85760647080818,181.8515270802896,12206000
2020-03-23,166.50119018554688,171.03651329831854,162.89618521269637,170.07935997693275,15712300
2020-03-24,184.84820556640625,185.358101188516,175.51813667420944,175.57180702398284,14123600
2020-03-25,189.69667053222656,196.95141037712793,183.6674631305459,188.36381101208832,17556100
2020-03-26,201.33468627929688,202.0503093569316,191.44103480033698,191.8167410109858,16071900
2020-03-27,193.53424072265625,199.71551791845673,191.9419564493956,194.66135915721057,10545600
2020-03-30,199.5723876953125,200.12699953982823,192.41604947082268,194.43771010537355,7691800
2020-03-31,196.110595703125,201.04847531473385,195.40391296369953,198.54375298133004,8426600
2020-04-01,187.29928588867188,192.12980922914457,185.85907212629306,188.4353448713829,8570300
2020-04-02,191.3963165283203,192.13877478086678,185.3313059086705,186.34214328688464,8231900
2020-04-03,188.390625,191.92406456439238,186.68204582987306,190.2959909301228,6664500
2020-04-06,202.6406707763672,203.87514354657296,195.1175665848472,195.86003834883815,10322500
2020-04-07,202.70330810546875,211.25513104638213,202.56911855912716,210.62895411235502,10857700
2020-04-08,209.61810302734375,210.4410803219967,202.91797615125816,204.97542621270685,7010200
2020-04-09,212.1317596435547,214.86011637777437,210.3158398736514,212.75793652117096,9393200
2020-04-13,209.28712463378906,211.72922131562896,206.60349770660557,211.47875056106244,6761900
2020-04-14,214.40391540527344,215.110611543503,211.89920761052835,213.52726767711266,5391900
2020-04-15,210.28900146484375,211.6308148889561,207.8826805403278,209.752270635346,6828000
2020-04-16,210.52162170410156,211.16569337474834,207.69486422177786,210.84365753942495,6126400
2020-04-17,216.98377990722656,217.18964821866282,213.24253237937418,216.24091133005638,5924500
2020-04-20,211.801513671875,215.80232937125785,211.46139530815805,213.2335780544093,7357400
2020-04-21,206.0553741455078,208.8478846041795,205.3303965192894,207.04886554440876,6571400
2020-04-22,210.12779235839844,211.47034755199888,208.89263720998915,209.79661945709617,4318000
2020-04-23,210.3963165283203,213.84220016791625,210.18150277014215,210.7901212658794,6364800
2020-04-24,212.86668395996094,213.3142025285206,209.6176947819191,211.77473756010068,3568500
2020-04-27,215.9902801513672,216.7689577719061,213.42151533150016,214.02118832925942,3632500
2020-04-28,215.78443908691406,219.4272457602582,215.13106598560094,219.29298203335009,4709900
2020-04-29,220.58177185058594,221.67371761749575,218.56793945939282,219.71358523825313,5015300
2020-04-30,217.69082641601562,219.4361452427611,216.518330528745,218.56795855457918,4928900
2020-05-01,212.37429809570312,215.10416264660995,211.6761705918221,214.43288515001854,4723500
2020-05-04,212.49964904785156,212.7950128496589,209.1164108194092,210.52162524099148,3845500
2020-05-05,213.73487854003906,216.36629000021892,213.64536936032795,214.82682497803455,3143500
2020-05-06,211.99842834472656,215.2921573896282,211.7657236808515,215.1131527514798,3082300
2020-05-07,213.8333282470703,215.86505273929475,213.5111143275924,214.12869214469032,3411500
2020-05-08,218.04884338378906,218.20995709661906,216.0081607357864,216.84055199485877,3894800
2020-05-11,217.10011291503906,218.33526800613987,215.70385776362616,216.3124762010412,2743000
2020-05-12,213.0904083251953,218.51433030217336,212.96510369281955,218.21896645646316,6433900
2020-05-13,208.3825225830078,212.57128922148326,206.7714532385246,212.08797524672875,7531300
2020-05-14,211.8999786376953,211.90892408979678,204.33691982958078,205.93008436308926,6964500
2020-05-15,212.4578094482422,212.7627137412314,209.3190549778763,209.99164522152614,4811100
2020-05-18,220.54669189453125,221.68561455270594,218.2419577624364,218.37647026054236,5207700
2020-05-19,217.2197723388672,220.62756605379545,217.08525974749423,220.1163908388079,4404700
2020-05-20,220.3674774169922,221.1297518811503,219.47069036922238,220.07153604916203,3280600
2020-05-21,219.7307586669922,221.8471765737949,218.70842201529246,220.20605469114042,3378200
2020-05-22,219.60520935058594,219.80250358926017,218.07169752886975,219.6321118664157,2521100
2020-05-26,224.42083740234375,226.0081534504213,224.08903075285724,224.9499381904106,4872300
2020-05-27,229.3711395263672,229.38906540808645,224.4926176584066,227.54168698394238,5326100
2020-05-28,228.0977020263672,231.3171629868779,227.6851741245314,231.25438134977892,4957600
2020-05-29,228.04396057128906,228.96766377192915,224.80655894879183,227.1292476822325,5082300
2020-06-01,228.9227294921875,229.17382865675174,226.61798125844237,227.586512471995,2060800
2020-06-02,231.2365264892578,231.2993081456393,229.31740291416364,230.07068700355848,3045800
2020-06-03,236.0073699951172,236.75169092097167,232.8596398922352,233.47842491019932,5184500
2020-06-04,236.1508026123047,237.13727334283183,234.4110617919723,235.28989514191508,3937100
2020-06-05,243.5135040283203,245.67476357760785,241.9441270722941,242.49115390329737,7866800
2020-06-08,247.76425170898438,247.85393586098004,244.73310799875244,244.73310799875244,4667600
2020-06-09,245.1636962890625,246.63441310885784,244.04271225625916,245.03813294085688,4632600
2020-06-10,242.5450439453125,245.8810932245343,242.14150615010732,245.00225933646183,6531200
2020-06-11,226.01722717285156,236.31235181519986,225.43432109470913,235.08375800046824,14257800
2020-06-12,230.24102783203125,233.45153981214543,225.47909224669402,232.2677747010052,9817200
2020-06-15,231.68490600585938,232.80588965465125,223.38962700479945,224.45679194398807,7421300
2020-06-16,236.5904083251953,239.56774843084636,231.9898855587651,239.52289264967933,9238000
2020-06-17,234.79676818847656,237.3795190094023,234.29456968082613,237.29878409945303,3669300
2020-06-18,234.4649658203125,235.191361081445,232.36646021285574,233.20049290003126,3268700
2020-06-19,232.7587127685547,237.84918892310446,231.68845214445165,237.62434471546607,5852600
2020-06-22,234.12588500976562,234.35970442364317,230.85213874733358,231.9314023924202,2823500
2020-06-23,235.18711853027344,236.67108529932392,234.75540762879206,236.38327803166965,2948000
2020-06-24,229.00839233398438,233.40633202244405,227.48844285935323,233.13652987473876,5903500
2020-06-25,231.53567504882812,231.77849701877628,226.69702118581202,227.84822293618348,4312300
2020-06-26,225.1860809326172,230.2855345854382,224.57449726458168,229.92578917370517,5331400
2020-06-29,230.15960693359375,230.34846844767512,225.69869028588442,226.80492032429345,3759000
2020-06-30,231.92237854003906,232.98363697727075,229.08934604035926,229.40413352850416,3667900
2020-07-01,231.41876220703125,234.07193612147017,231.26588344196986,232.82178854678142,3575300
2020-07-02,232.41709899902344,235.7897639473985,231.9314275613485,234.87238151547723,3830000
2020-07-06,236.53614807128906,236.5811059420093,234.62047069351908,235.78067469426003,2989100
2020-07-07,232.97462463378906,235.50187179577222,232.7407778319461,234.8273390490477,2828700
2020-07-08,234.48558044433594,234.90828874646127,232.2641180815596,233.51426532818024,2837800
2020-07-09,231.35572814941406,234.9082782390178,229.65591991047185,234.62047101495313,3995600
2020-07-10,234.57559204101562,234.88137702687882,230.65429277297088,231.3198506333242,3110100
2020-07-13,234.77334594726562,239.70191363137485,234.35961282515999,236.59007734472436,4876000
2020-07-14,239.76495361328125,240.1786594214674,233.92800463218248,234.32373277803455,7614300
2020-07-15,241.85142517089844,243.31741378632782,240.1785700049843,243.25445082137995,5220600
2020-07-16,240.55638122558594,241.8694640365591,239.25227352130347,240.27757653517676,2478100
2020-07-17,240.08926391601562,241.28639533907568,239.57623506032994,241.1783892641945,3415100
2020-07-20,240.1612548828125,240.8993329226582,238.5500912271687,239.77422400892246,4017400
2020-07-21,241.52935791015625,243.26651934011238,240.908295642497,241.96140958676008,3173200
2020-07-22,243.0055389404297,243.33856679137688,241.01632655921114,241.06134739785372,2039300
2020-07-23,240.04421997070312,242.82548568689452,239.08112022510446,242.69948778223818,2838000
2020-07-24,238.2441864013672,239.7293254312108,237.66811715887394,238.65821900160083,2637700
2020-07-27,239.3781280517578,239.7021461590253,237.93798348190984,238.31600460705522,2637900
2020-07-28,237.56005859375,239.07219881869946,237.29004336375448,238.45116378970977,1989300
2020-07-29,238.9732208251953,239.48627727025183,237.44306115454972,237.79410844911138,1917900
2020-07-30,236.97500610351562,237.4610609835754,233.96871752775166,236.25494718145362,3055600
2020-07-31,237.93807983398438,238.0640777705642,234.1847037607169,237.40703163082375,3306800
2020-08-03,240.07118225097656,240.4582130306767,238.83806757657644,239.1261019808302,2569300
2020-08-04,241.59231567382812,241.6013253322749,239.45010456727965,239.68413593912908,1909800
2020-08-05,244.8238067626953,245.0668205057514,242.93361746678505,243.01462204780373,2122900
2020-08-06,246.53392028808594,246.65093603883645,244.436728843473,244.49073188712921,1948100
2020-08-07,247.18194580078125,247.3619742306004,245.25577345042893,245.93083885952805,2311300
2020-08-10,250.35023498535156,250.47623289363224,247.95600004323904,247.9830015570476,2313900
2020-08-11,249.49510192871094,253.6264977008817,248.84703823100924,252.83441679608256,4546400
2020-08-12,252.06039428710938,252.69043876380425,250.87227274571512,251.8803658832092,2641600
2020-08-13,251.50234985351562,252.22240854694135,250.43124400582195,251.2413169030455,1668300
2020-08-14,251.84442138671875,252.16846710583738,250.13426097079886,250.43130516903136,2247000
2020-08-17,251.07945251464844,252.24955543291637,250.67440209836647,252.15055897962188,2436900
2020-08-18,250.4041748046875,251.45726104587445,249.4230559575198,251.21424748293998,1678300
2020-08-19,249.71116638183594,251.79036545880726,249.29713399238383,250.83627529658142,3374300
2020-08-20,250.107177734375,250.53021973569722,248.30700368082958,248.46003056151045,2063700
2020-08-21,251.93299865722656,252.2216331014651,249.74100105194464,249.90339061670983,2601200
2020-08-24,255.4419403076172,255.5050902729986,252.9973979903399,254.12495796506627,2622800
2020-08-25,254.9368133544922,256.3891250175742,253.49353098089765,256.3891250175742,3346000
2020-08-26,255.6674041748047,255.82976617380496,253.98960846183962,254.92771836382857,2647500
2020-08-27,257.1196594238281,258.3915498620814,255.89286035492015,256.5784253501425,3432800
2020-08-28,258.6170959472656,259.29363174671437,257.0836037905236,258.1931324118119,2715500
2020-08-31,256.4342956542969,258.29251299373647,256.0825111237541,258.2203612405044,4070100
2020-09-01,258.6985168457031,258.82478933064425,255.43310543002474,255.9382504264646,3023600
2020-09-02,262.6853332519531,263.4520793908906,259.42895389363656,259.8619192213646,3464300
2020-09-03,255.58612060546875,263.7225786760022,253.5655431310648,262.46874703803655,6118500
2020-09-04,254.1699981689453,257.7962479355497,249.87626936909933,257.00244146866487,7145800
2020-09-08,248.4420166015625,251.51797536737962,248.07217370103845,251.50897360865457,4780100
2020-09-09,252.4381561279297,254.8195487013307,250.21912559919465,250.85054272678087,3488900
2020-09-10,248.7759246826172,254.53099761863606,247.92799702273365,253.59285961716955,3455800
2020-09-11,249.9485626220703,251.50911610674325,248.0271953194855,249.82229017354953,2787500
2020-09-14,253.05154418945312,253.86338194747353,251.37374799143242,251.59926000912267,2371700
2020-09-15,253.0964813232422,255.18923817870194,252.4650645755418,254.75627298674868,2331800
2020-09-16,253.5025634765625,256.38912826025944,253.27705146309626,253.96261679309671,2651800
2020-09-17,252.185546875,253.610770494642,249.9484580941643,250.489692358854,3305300
2020-09-18,250.0308380126953,252.63495367499797,248.4484787478807,252.29135124814474,3156700
2020-09-21,245.43748474121094,246.097564533085,241.46801029529848,245.56405913213632,5936900
2020-09-22,246.6761474609375,247.06494896252235,243.94545847617283,245.6453681783469,3169800
2020-09-23,241.94725036621094,248.28573856766394,241.4951477006387,247.91501107059588,3575900
2020-09-24,242.41744995117188,244.93113961772232,239.85853346247447,241.29621659894678,4432100
2020-09-25,245.6726837158203,246.22423591167194,240.72667775541214,241.2059056414115,3606800
2020-09-28,249.47021484375,250.5733463166439,248.40325930604294,248.89153785152803,2790200
2020-09-29,248.13197326660156,249.54253100133064,247.11021709848958,249.1989286516134,1971100
2020-09-30,250.9168701171875,253.33110944136038,248.6563577737894,248.6563577737894,4028500
2020-10-01,251.49559020996094,253.49387551981238,250.0759817471605,252.57156876592208,2968000
2020-10-02,250.28395080566406,251.83016133368264,247.39051115587208,247.9059146652116,4771600
2020-10-05,254.54283142089844,254.61515570022726,252.04721607465754,252.08339201139927,1862500
2020-10-06,251.11590576171875,256.3602856466259,250.68187726871304,255.47418208203828,4364400
2020-10-07,255.8177032470703,256.4958570302219,253.38538947063495,253.43058868518582,2422600
2020-10-08,257.0564880371094,257.40911369420513,255.6097542883126,257.26443755991033,2148000
2020-10-09,258.5393981933594,259.3351032212945,257.1650161595696,258.250045893355,2549100
2020-10-12,260.82684326171875,261.86667300128585,259.21736022640494,259.4615131212299,2534800
2020-10-13,259.2716369628906,260.5103929395998,258.62060849994623,260.1035173965949,2430600
2020-10-14,257.8159484863281,260.36581293616274,257.3186192330397,259.705733422879,2264000
2020-10-15,257.73455810546875,258.06005860619854,254.6783412981755,255.0128926775285,3128000
2020-10-16,258.68182373046875,260.8528024885009,258.60946973424785,258.9260495238936,2409300
2020-10-19,255.11766052246094,259.6676783452432,254.4392282768842,259.2877717467883,2837600
2020-10-20,255.949951171875,258.4013459436693,255.31673653155093,256.1399045217778,3339000
2020-10-21,255.06338500976562,257.32482580050174,254.93673107485475,255.57900013536826,2907100
2020-10-22,256.58319091796875,257.0445338965663,253.55285326899843,255.18110799055307,2324200
2020-10-23,256.3026428222656,257.38814541299166,254.6472803571599,257.3067368595089,2161000
2020-10-26,250.56765747070312,253.63418465211234,247.58256645638508,253.40804055692217,5140600
2020-10-27,248.45103454589844,250.63106766002846,248.3967621534711,250.5225228751738,3029800
2020-10-28,240.14697265625,244.91408074421136,239.73084760156763,243.33107191206963,5815200
2020-10-29,241.1510772705078,243.276837843822,237.73177875882135,239.8304031378161,5479400
2020-10-30,239.76715087890625,240.90692660653835,236.46545071537253,239.7400146761291,5271200
2020-11-02,243.5120391845703,244.68797775821872,241.4586325724697,243.240649633006,5062900
2020-11-03,248.44195556640625,250.05210079656055,246.22575947845357,246.64185698139588,4343000
2020-11-04,251.93357849121094,256.04939001173256,249.2650671061603,249.5726197652219,6766400
2020-11-05,256.8182373046875,257.76803129117417,255.15382037661567,255.35282824874793,4316200
2020-11-06,256.19415283203125,257.2434648658398,254.99107825505584,256.85450360314314,3078200
2020-11-09,263.8830871582031,270.91163741027117,263.58458902627586,270.11560558448224,10839300
2020-11-10,266.40679931640625,266.8138421253539,263.593552411215,265.31224201733716,4354500
2020-11-11,266.0450744628906,267.88139190312774,264.9776804438857,267.81806490060364,2910400
2020-11-12,263.27703857421875,265.3304453591668,261.5945391559431,264.33540546398166,4361900
2020-11-13,266.9857482910156,267.68228986310044,264.516272115032,265.0137781475349,3090400
2020-11-16,271.35479736328125,271.4452329052167,269.1747652563878,270.72158293687255,4615000
2020-11-17,269.8440856933594,270.6039262807985,267.3926922690115,268.939509621817,4049200
2020-11-18,266.6329345703125,271.146761736781,266.6329345703125,270.6492557849604,3566400
2020-11-19,267.14849853515625,267.58270508412977,264.9503848172743,265.99969660651914,3266600
2020-11-20,265.2012939453125,267.06884264234515,264.90213534170056,266.7334131676211,3090200
2020-11-23,268.24737548828125,268.93635594933653,266.06251920630734,266.76964893381455,2855600
2020-11-24,272.36309814453125,272.97956426444773,270.4320834552893,271.0123063916006,4022700
2020-11-25,270.8312072753906,272.0097757296819,270.2056660009117,271.9281869982163,2629200
2020-11-27,271.2843322753906,272.1546668841365,270.3143150550575,271.46565890218574,1518000
2020-11-30,268.90911865234375,269.97887388019075,267.21382249185257,269.7250331877091,4159300
2020-12-01,270.55914306640625,272.8890551881954,270.32342393089857,271.7286364439937,2841100
2020-12-02,271.2300109863281,271.37506679251237,268.6644073100202,269.3443408390653,2481700
2020-12-03,272.02777099609375,273.24258210022344,271.1121184350635,271.4113046447257,3140900
2020-12-04,274.3214111328125,274.3214111328125,272.517329914527,272.6442364374732,2747300
2020-12-07,272.9704895019531,273.9314594341182,271.97324872332433,273.5778809308341,2589900
2020-12-08,273.96783447265625,274.575226132533,271.95523056003293,271.9824267885862,2205400
2020-12-09,272.7710876464844,275.2369799601326,271.9460986653371,274.89247602662556,3074500
2020-12-10,272.4629821777344,273.0159815230665,271.2481708782453,271.96434763696385,2413000
2020-12-11,272.81646728515625,273.04311174892285,270.77666711125687,271.4566005025567,2454300
2020-12-14,271.15753173828125,275.4184324675382,271.06686838945245,274.711302613185,3646100
2020-12-15,274.3485412597656,274.6386527659728,271.50190164645625,272.83457198237966,4211500
2020-12-16,273.9225158691406,274.57525308505274,273.1700683609322,274.27609454160097,1977300
2020-12-17,275.1373596191406,275.33680789396016,274.55716406202583,274.8925935090937,3002900
2020-12-18,274.2274169921875,275.3537757026862,272.71050705799826,275.290185348002,4442100
2020-12-21,274.4451904296875,275.1990985909238,270.1578349949845,271.40225331958726,6340800
2020-12-22,272.5649108886719,274.2089999719696,272.37414000566304,274.17265870088204,2698200
2020-12-23,273.6639099121094,275.03550835256584,273.53675708174615,273.5912551119389,2714400
2020-12-24,274.3361511230469,274.408833664767,273.3460663241841,274.0091628461091,1955700
2020-12-28,276.1347961425781,277.1793794655088,275.5443818922504,275.85321353518674,2382400
2020-12-29,275.6441345214844,277.6788296999876,274.89931871854975,277.4335607943951,2319600
2020-12-30,276.2527770996094,277.1611148915548,276.0075081548116,276.234592602798,2081300
2020-12-31,277.7607116699219,278.2148807138871,275.5443645177494,276.13477873084844,2797000
2021-01-04,274.60870361328125,278.55088652926804,271.3568386088554,278.4872962273317,5106600
2021-01-05,275.9892883300781,277.08836904557785,273.7547856340273,274.25436021736454,3355200
2021-01-06,279.9587707519531,281.80269527950287,275.28083687371293,275.9075921401466,7290300
2021-01-07,282.0389404296875,283.38329060813606,280.7309315318119,281.3304379200278,4107900
2021-01-08,282.529296875,282.8835340768299,279.75885093537346,282.7200399836776,3234900
2021-01-11,281.73907470703125,282.49298268899634,280.14948396842755,280.21304653057217,2811400
2021-01-12,282.25689697265625,282.72015815047405,280.59465089032955,281.7482299900715,2290900
2021-01-13,282.15692138671875,283.0380099933336,281.51200943350517,282.15692138671875,1854400
2021-01-14,281.63006591796875,283.64657652832256,281.4847562936719,283.0289136041367,3232400
2021-01-15,279.99267578125,281.0831425933407,278.0934687310991,279.8927306515319,4009100
2021-01-19,281.0830078125,282.3733642652939,280.42873358531824,282.0280490159883,2781700
2021-01-20,283.30950927734375,283.82748246591075,281.6465762945608,282.09183689610444,2398400
2021-01-21,283.40020751953125,284.1635228118036,282.7913855785123,283.5274406007645,1930000
2021-01-22,281.673828125,282.6279658801547,280.8741560821109,281.573855253776,2049700
2021-01-25,281.3829345703125,281.50107168045395,277.72082281450724,280.7831807484746,4546400
2021-01-26,281.146728515625,282.78240082371894,280.98313909943965,282.19174291978055,2256100
2021-01-27,275.576171875,278.720309477078,274.52206200798474,278.55674787660297,5743100
2021-01-28,278.129638671875,281.1738310619265,277.00281632589775,277.1391453848603,6392100
2021-01-29,272.4413146972656,276.95762061648617,271.33268343344105,276.1761405400778,5929900
2021-02-01,274.44952392578125,275.6581278937267,272.7411665709709,274.68579820890034,3138600
2021-02-02,278.8114013671875,280.2744163640402,276.72134428803446,276.7395363010365,3090500
2021-02-03,279.211181640625,279.8290998612769,277.3210429599325,278.1570711709545,2087800
2021-02-04,282.30975341796875,282.30975341796875,279.6744647133815,279.7471772505645,2638800
2021-02-05,283.1003723144531,284.01815331628137,282.491522582012,283.8454956786509,1955600
2021-02-08,285.23583984375,285.23583984375,283.89093507786856,284.1544695230955,1690000
2021-02-09,285.2631530761719,285.79019433276386,284.0363851694178,284.663399261054,1798700
2021-02-10,285.7901611328125,286.46259969662407,283.7909819813288,286.3990108799456,3048000
2021-02-11,285.9538269042969,286.9352525657658,284.2454418675879,286.3264025969172,1937100
2021-02-12,286.2809143066406,286.37179114124626,285.18135175183016,285.5902836416974,2479500
2021-02-16,286.7716064453125,287.64399080121456,286.1264280474467,287.45314112427013,1836300
2021-02-17,287.6985778808594,287.9802767280944,285.21778109240665,285.96293250264534,2007400
2021-02-18,286.7535095214844,287.15334551225453,284.77252157831094,286.0174541138674,2609600
2021-02-19,286.7178955078125,288.0107143008311,286.40831917014185,287.34607818761816,2314900
2021-02-22,286.98199462890625,288.14736569189023,284.7605016987433,284.87886425574476,2978000
2021-02-23,287.1457824707031,288.14725155866637,283.69518188521744,286.581282208242,5723400
2021-02-24,290.9153137207031,291.37965087694585,286.04441361755835,286.49963740692414,4290300
2021-02-25,285.8621520996094,291.27020937065413,284.93347840006146,291.0789955003726,7648600
2021-02-26,281.7376403808594,286.28075887721855,281.1276290875747,286.26255995227655,7925600
2021-03-01,287.3279724121094,288.5388825110756,285.37963023254423,285.4069425318257,4749700
2021-03-02,286.05322265625,288.09261417183774,285.8893489347386,287.446204858348,4075700
2021-03-03,284.960693359375,287.58278420537965,284.81501855852724,285.8256288067124,5148100
2021-03-04,281.85614013671875,286.7179510514805,278.30540277029263,285.14286790608884,8577600
2021-03-05,287.00927734375,287.7467371240569,280.3266003043379,284.5146616812123,7016100
2021-03-08,289.7497863769531,292.9181522524536,287.54649219402967,288.3841157420264,8230700
2021-03-09,290.07745361328125,292.95446895447304,289.92269321027163,290.86045234168597,5829900
2021-03-10,294.3748474121094,295.26709556892564,291.77098205340127,291.8256066564063,6472200
2021-03-11,296.1956787109375,297.6888249683973,294.830008356515,295.6312060766511,5745900
2021-03-12,298.9088439941406,299.0727177812481,296.3504902184055,296.5052784293204,4257200
2021-03-15,300.5294189453125,300.6659804256842,297.5431541744335,299.70090891821104,4456000
2021-03-16,299.4095458984375,300.4474686722932,298.9179245910009,300.3109071980053,3270600
2021-03-17,301.1485595703125,301.3852846934885,298.9726055771754,299.7282644005343,4338200
2021-03-18,299.86474609375,303.05130990844003,299.32758581342944,300.72056831246584,5376500
2021-03-19,297.4206848144531,299.4003718910503,296.48101138995685,299.31826774809633,5628800
2021-03-22,298.54290771484375,299.21803286351275,296.5267199177734,297.0011088578604,3807600
2021-03-23,295.6417541503906,298.76185159102107,295.0761291260405,297.7035737410224,5068400
2021-03-24,295.65997314453125,298.9899107060967,295.65997314453125,296.7547509512591,6099000
2021-03-25,297.5849304199219,297.97721509923673,292.50338215170405,294.4100972874654,5557900
2021-03-26,301.617431640625,301.8729040130573,298.03207623771686,298.8714098920015,4956600
2021-03-29,302.5751647949219,303.3049978637837,300.0571933770587,300.4130057910381,5200900
2021-03-30,301.8089294433594,302.5205266603802,300.86012387354634,302.0187419018855,4568800
2021-03-31,301.2251281738281,302.5388507784838,301.0061836868402,301.6174129934695,3763700
2021-04-01,302.3838195800781,302.52065990490007,300.8055202568165,301.77256234071587,5936100
2021-04-05,305.80474853515625,306.67142186772395,304.6278668993513,304.6552349447725,5632700
2021-04-06,305.0475769042969,306.00551435686407,304.50932001556833,305.3395213379185,2987500
2021-04-07,305.0475769042969,305.777437988351,304.19913949535294,304.8377644637311,2658500
2021-04-08,305.7409362792969,305.75917236578954,304.19000584546205,304.98370714887216,2665000
2021-04-09,308.2315979003906,308.43230627290416,305.95083359517366,306.27927813263267,3034700
2021-04-12,307.9487609863281,308.2315735104876,307.12769146969225,307.6842123936363,2951500
2021-04-13,307.25537109375,307.8301280020554,306.0693572622783,307.10939887566025,3391700
2021-04-14,307.9305114746094,309.37194208842243,307.20978224702395,307.27365032165915,3966800
2021-04-15,310.5852355957031,310.840679980061,309.11640950463317,309.11640950463317,3881800
2021-04-16,311.9833679199219,312.50355984752025,311.18029830688516,311.864752574615,3748900
2021-04-19,310.970458984375,311.4815160579657,309.96658692892123,311.2624995551473,3222800
2021-04-20,308.57025146484375,310.15817655629354,307.3199860445167,309.73838570980445,3762900
2021-04-21,311.47247314453125,311.6915175626113,308.0593349977353,308.1232241134474,4191200
2021-04-22,308.57025146484375,311.3901998878227,307.6302686571841,311.30806871245636,4962500
2021-04-23,310.67840576171875,311.73703189976624,307.66681756852137,308.2326287447749,3613900
2021-04-26,310.1673583984375,311.6366683589673,309.72932539695495,311.3354928199266,2090900
2021-04-27,310.1308288574219,310.6783979288853,309.09960765763157,309.9209473395668,2732700
2021-04-28,308.7984619140625,309.8205760924162,308.5155563057868,309.58331749063433,3025100
2021-04-29,310.8061828613281,311.07081850702247,307.88583298380587,310.1856175637738,3688400
2021-04-30,309.3184509277344,309.9663929100168,308.32371446604594,309.30020884742515,2909600
2021-05-03,311.29901123046875,312.2755063093078,310.7879541117449,311.0069984844295,2698400
2021-05-04,311.64569091796875,311.6822029416923,308.1139115492168,310.27678245873074,4478300
2021-05-05,312.36663818359375,313.2974858531075,310.6235581760583,312.3392611300937,3506100
2021-05-06,315.314453125,315.4330963404467,312.0290665263695,312.9599144582648,4276700
2021-05-07,317.4772644042969,317.8514360704324,314.6755583179627,315.0041108408805,3526500
2021-05-10,317.3495178222656,320.4067526859803,317.2126325284761,318.73669640071296,6092500
2021-05-11,312.9416198730469,315.04973678468247,311.09816640912544,314.8398274502174,8396400
2021-05-12,306.635498046875,312.32104126601257,306.3708346105358,311.70044825833645,7034100
2021-05-13,310.6966857910156,312.1477258112523,306.88197201178224,306.90934907440857,5741300
2021-05-14,314.17352294921875,314.78495293013015,312.0015177860904,312.3939313977804,4677300
2021-05-17,313.6169128417969,314.9675791730874,312.1476311754348,313.3248723619752,3262200
2021-05-18,311.29901123046875,314.3927588586062,311.0799947083083,313.7995705440722,3462300
2021-05-19,309.77484130859375,309.88434952246723,305.90540254899963,308.0591383565436,7223900
2021-05-20,311.67315673828125,312.9690693696646,309.68368256170567,310.04871935136293,4532800
2021-05-21,312.79144287109375,314.6478521546277,312.09642315045556,313.0200648415189,4481000
2021-05-24,314.54736328125,315.2149497349665,313.7151756443045,314.00781857535554,2531800
2021-05-25,313.83416748046875,315.4985433053851,313.35864349105344,315.2059002774487,2623200
2021-05-26,313.916259765625,314.69358008296547,313.3675893373439,314.181469077932,2064500
2021-05-27,315.1326904296875,316.5592900205062,314.4651038885088,315.81855669096456,3026200
2021-05-28,316.0837707519531,316.8519376268688,315.8185613128133,316.76048320909956,2641400
2021-06-01,316.2939453125,318.8362207173666,316.0470436109044,318.7356404378876,2584300
2021-06-02,316.7421875,317.647549989624,316.18436297416525,317.0988513703306,2576700
2021-06-03,316.43115234375,317.29077336329857,314.18151950286983,315.1417208144271,4436400
2021-06-04,318.15045166015625,318.23275225242406,316.9067610552649,317.3914387039308,2594200
2021-06-07,316.9525451660156,318.7358087877412,316.4312800571454,318.69922143589787,2224300
2021-06-08,316.7237548828125,317.2450197149029,315.26972238378994,317.04383124854996,2748700
2021-06-09,315.306396484375,317.2176734867072,315.21494208214614,316.90675084550134,2591200
2021-06-10,315.4801330566406,317.9949754772936,315.3155039790546,316.9067323426285,3089400
2021-06-11,315.6081848144531,316.915896332437,314.1907391702003,316.4403724826157,3003000
2021-06-14,314.8582763671875,315.37954133954673,313.1847752392551,315.3429539972851,2527000
2021-06-15,314.04443359375,315.0686560347217,313.0933579380041,315.0503763154074,2138500
2021-06-16,311.62103271484375,314.2547634053174,310.4596147474938,314.0444210557423,4032000
2021-06-17,309.69140625,312.0965145484857,307.83499642281305,311.4380819645199,5169100
2021-06-18,304.93194580078125,307.0291850470096,304.6755168760335,306.20495121379594,7126600
2021-06-21,310.2619323730469,310.5458347341862,306.2597978479722,307.0382515263355,5435700
2021-06-22,310.87554931640625,311.75472993270995,309.0439067290623,310.21615686701654,4042100
2021-06-23,310.2619323730469,311.52577021225943,310.17034465524284,311.003745374559,3082700
2021-06-24,313.1926574707031,313.50403343764094,311.7181702713729,311.99293350007457,3704700
2021-06-25,315.4547119140625,315.94009616812787,314.20918019975255,314.75867866345834,3638000
2021-06-28,313.94354248046875,315.42719652013767,313.04605545924153,315.3447480051707,3606300
2021-06-29,313.9984130859375,315.7110220424605,313.76945780790766,315.0241562083709,2375800
2021-06-30,315.91259765625,316.4254553955051,313.5314564676225,313.5589299912022,3778900
2021-07-01,317.20391845703125,317.24055914232315,315.885161221715,316.67275428924097,3606900
2021-07-02,318.6509704589844,318.97151360943917,317.0391154957766,317.8267366068558,3013500
2021-07-06,316.7093811035156,318.80659210467303,314.6762563629949,318.4769097974467,3910600
2021-07-07,317.716796875,317.91827871647627,315.436382408143,316.55368572021075,3347000
2021-07-08,315.39056396484375,315.95836873542487,312.7804675029516,313.7237623844186,6379900
2021-07-09,319.3745422363281,319.685918290453,316.72780385327223,317.39636382012634,5063100
2021-07-12,320.5650329589844,320.8031555181305,318.1289441534853,318.71508339179655,3999800
2021-07-13,319.6217041015625,320.7664809787171,319.4843364660348,320.1070883795299,3310200
2021-07-14,319.9971008300781,321.1693508920344,319.03547176487706,320.71144027488515,3933300
2021-07-15,320.482666015625,320.53761308483234,318.3762871662466,318.61438181659094,5082600
2021-07-16,317.7398681640625,321.4053221308725,317.3733283604204,321.3870049285085,5710400
2021-07-19,311.45367431640625,320.7547595462924,309.1627652467201,313.2039322014703,9715300
2021-07-20,316.2188720703125,317.17189844627075,311.3346643282944,311.8295087111279,5802200
2021-07-21,318.88543701171875,319.0320585788531,317.40093209663985,317.95075598209246,3056800
2021-07-22,319.13275146484375,319.63674018798287,317.6848815196765,318.68371434757347,2429300
2021-07-23,321.2495422363281,321.63439922584803,320.0032733990984,320.7272083567864,4142300
2021-07-26,322.0192565917969,322.0559189570079,320.2598266091496,320.7271808787197,2466600
2021-07-27,321.29534912109375,321.35032869100775,319.5634367384162,320.7455254567605,3902600
2021-07-28,320.1407470703125,321.85437034961296,319.5451163732186,321.6619138747831,3697700
2021-07-29,321.4786682128906,322.294217232747,321.07546601255837,321.5977999491519,2425700
2021-07-30,320.2505798339844,321.6526142302643,319.5083279750822,320.6171194735982,3576700
2021-08-02,319.2152404785156,322.4774924000263,318.94948722521855,321.1396094797921,2827100
2021-08-03,321.72601318359375,321.8176551139071,318.078876892573,319.89328643809023,3819300
2021-08-04,318.88543701171875,320.8006340411283,318.7846504147414,320.35162471785753,3118500
2021-08-05,321.2862854003906,321.32294778115346,319.50856542883076,319.67350419445955,2261400
2021-08-06,322.642333984375,323.0088736920734,322.0650206612861,322.2116421374029,2123700
2021-08-09,321.781005859375,322.6148999183781,321.23118222028376,322.1933805799914,2322500
2021-08-10,323.2288513183594,323.4212797897043,321.6527052533295,322.0192449966688,2841000
2021-08-11,325.2540588378906,325.4189975541702,324.1177770610391,324.33769534941183,3422500
2021-08-12,325.5198974609375,325.5382146680416,324.1544964886387,325.4832350815277,3118600
2021-08-13,325.6664733886719,326.5644918193903,325.30907816119986,326.08799281462535,2414900
2021-08-16,326.747802734375,326.77529252605297,323.16481740460796,324.7684538379584,3634600
2021-08-17,324.2367858886719,325.0065556029799,322.110844471415,324.31011060678986,5019600
2021-08-18,320.8372497558594,324.429407715131,320.6265040054871,323.1281589743437,4038000
2021-08-19,320.2505798339844,321.16694291561,318.2620596421767,318.28037683634375,5442200
2021-08-20,322.35382080078125,322.8954188523649,319.9395591711593,320.3526562005212,3394800
2021-08-23,324.45599365234375,325.24543315476546,323.96947144373627,324.00617001535346,3569200
2021-08-24,324.7221984863281,325.4106749254872,324.6120467383311,325.03430444371224,1981400
2021-08-25,325.1259765625,325.9154437969452,323.9693556580416,324.7587948783201,2434700
2021-08-26,323.27166748046875,325.8786936681139,323.18905370856254,325.3921716685563,3008900
2021-08-27,325.4840087890625,325.7410387782298,323.7214974246527,323.7214974246527,3163700
2021-08-30,325.0342102050781,326.08070753598975,324.8506333497011,325.84202680841275,2482000
2021-08-31,324.8874206542969,325.6952093944532,324.2081049213317,324.777240903472,2913800
2021-09-01,324.5476989746094,325.28209046319733,324.3090462532178,325.2270146033246,2739200
2021-09-02,325.7594909667969,326.04405897276513,324.887437663215,325.6768771599845,2390000
2021-09-03,325.0893859863281,325.5575308831365,324.1255022292527,324.66710029579554,2465400
2021-09-07,322.61083984375,324.6762688916839,322.19774282849346,324.6303816740662,3168500
2021-09-08,321.9589538574219,323.2808301299527,320.95837201479947,322.04156762268474,3075700
2021-09-09,320.655517578125,323.5930274623928,320.2975244940393,321.802977999453,3484700
2021-09-10,318.2596740722656,322.8127897582026,318.14033369102845,322.43641933052163,4539000
2021-09-13,320.6463928222656,321.23390612185534,318.9665227569453,320.2883996668462,5439700
2021-09-14,318.0484313964844,321.81210647757314,317.35076662622606,321.6560395632177,3902200
2021-09-15,320.205810546875,320.79329587757877,317.41517818704205,317.99350288147957,3267300
2021-09-16,319.61810302734375,321.36223668732504,317.61693943867215,320.28822977657535,3646000
2021-09-17,317.958740234375,319.85375875323075,317.425174977503,319.0718270948252,5380900
2021-09-20,312.2184753417969,314.75744427653035,309.081568554997,312.97281076059704,10010600
2021-09-21,311.95166015625,315.594535571271,311.8596913220797,314.0674767389467,6071100
2021-09-22,315.0703125,316.75374152538546,313.1752933042763,313.83763201845824,6862700
2021-09-23,319.7249755859375,320.7460936638347,316.93764018329875,317.1952147128868,5592200
2021-09-24,320.01019287109375,320.52534200510445,318.5751305587036,318.7499163084775,3121600
2021-09-27,320.6908264160156,322.4294752930252,320.2860905628243,320.39647562037777,3426000
2021-09-28,315.4565734863281,319.9641415026656,314.98740887998025,319.4949768963177,7493800
2021-09-29,316.2385559082031,317.98641347604206,315.4198477448416,316.3305528444352,4116600
2021-09-30,311.197509765625,317.774884914823,311.0319040189035,317.44370149490896,7926000
2021-10-01,315.69573974609375,317.1676061754541,310.6362181957104,312.79801938194123,6219800
2021-10-04,312.7796936035156,316.47773453134744,310.9950597639666,315.1714454454885,7037700
2021-10-05,315.6497497558594,317.2503893800324,313.2027778258434,313.8099237699992,3826100
2021-10-06,316.5603942871094,316.7259718566275,311.3628924825956,313.2119262294155,6276300
2021-10-07,319.7893371582031,321.75793623516506,318.9981974381702,319.09019434610633,5310400
2021-10-08,319.6972961425781,320.5528083139705,318.8233677480305,320.0560756119748,3658300
2021-10-11,317.3515319824219,321.56472030893343,317.2411188632353,319.8168915808786,4098400
2021-10-12,316.2477111816406,318.38191622211434,315.7049658441399,317.8207546563304,5100300
2021-10-13,316.34893798828125,316.9652640607754,313.8007606653265,316.40413052989203,4189100
2021-10-14,321.1691589355469,321.2519477183595,318.841780684779,319.4029140150125,4473900
2021-10-15,324.7001037597656,324.9117366938003,322.9240833226343,323.5958269242943,4206800
2021-10-18,324.37799072265625,324.9577346035986,322.3074929095329,323.310530702384,3310600
2021-10-19,326.181640625,326.22766854067106,324.654069866654,325.45468600324165,2380900
2021-10-20,327.6263122558594,328.13242262019355,326.0987418825402,326.2275863144326,2873800
2021-10-21,327.56195068359375,327.681583940237,326.0343800274655,327.03744591027805,2243800
2021-10-22,328.27972412109375,329.08952332517265,326.9730256550863,327.5711638589869,3872300
2021-10-25,329.0250549316406,329.3379548298882,327.8655954002327,328.8502106697048,2518200
2021-10-26,328.979248046875,330.29515829915766,328.85961473613355,329.95468077346993,3182200
2021-10-27,326.66033935546875,329.7154543386932,326.64191694668665,329.52221562706274,3542100
2021-10-28,328.79510498046875,328.86873842114676,327.36877300028715,327.36877300028715,2490500
2021-10-29,329.6508483886719,329.9176923151892,327.95764476190806,328.1968831759263,2979600
2021-11-01,330.4792175292969,331.32580575126394,329.4209682103695,330.7736952077798,2548400
2021-11-02,331.8042907714844,332.08955720513313,330.16629753704535,330.73683040434287,2629000
2021-11-03,332.71514892578125,332.97280971840723,330.26735735437427,331.19678968055956,3557400
2021-11-04,332.52197265625,332.79802781331614,331.1600350212309,332.51276145670596,3870900
2021-11-05,334.31634521484375,335.82552143776417,333.0188580572075,334.00347338195286,4489000
2021-11-08,335.2550354003906,336.4697342731207,334.3439972043802,335.9359901852882,3056000
2021-11-09,334.29803466796875,335.23665040183573,332.9545192646857,335.1354395259462,3680600
2021-11-10,332.2642822265625,334.71207403862843,331.53729960046024,333.5985861441272,3529000
2021-11-11,330.7828369140625,332.43925258594226,330.70923154512576,332.3748303362891,2461200
2021-11-12,332.45745849609375,332.88075231419026,330.8930714841595,331.91453144870707,3099800
2021-11-15,332.42083740234375,333.79198666461053,331.89633244030875,333.67235336492274,2555000
2021-11-16,333.0557556152344,334.5373268104945,332.8441226465766,332.95454473160345,2728600
2021-11-17,331.14166259765625,332.73362758019556,330.8563962221864,332.60481119269014,2976000
2021-11-18,330.6814880371094,331.3256260160591,328.63859588562065,331.30723170223376,3438100
2021-11-19,328.1561584472656,329.9817682707357,327.6674889476555,329.9817682707357,3542200
2021-11-22,328.42352294921875,331.2264433849658,328.3220861213545,329.603707379485,4929200
2021-11-23,330.1015930175781,330.4243056478273,327.6305861500899,328.4972872083282,5789300
2021-11-24,330.1108093261719,330.26756510199255,328.054694659767,328.2944288564986,4246700
2021-11-26,321.803466796875,324.0531982430777,320.2729099514865,323.0113109580139,9075000
2021-11-29,323.8041687011719,325.2609477524971,321.7111936722046,325.0949909247159,5243000
2021-11-30,318.0047302246094,322.7162676170897,317.5068314867555,321.5084235243452,9543500
2021-12-01,313.9109191894531,323.05736990797374,313.7818510219947,320.8998464991649,8415000
2021-12-02,319.5814208984375,320.8169527775275,314.5656566950455,315.1557350151638,8326400
2021-12-03,319.2401123046875,321.3238859638175,316.32652649014267,320.73377981199627,11365300
2021-12-06,325.30706787109375,326.4134748684052,321.62818933637976,322.0246792781187,7026500
2021-12-07,329.8433837890625,330.6455365848545,328.0454619007253,328.1745300526229,5271500
2021-12-08,330.0738830566406,330.88526504133955,328.6263332507439,330.2398680173751,3355600
2021-12-09,330.18450927734375,331.17107725288764,328.5617735030699,328.9305758091407,3774500
2021-12-10,332.1391906738281,332.231370140246,329.7234752494162,331.5490845170163,3855200
2021-12-13,329.19805908203125,331.918001450544,328.80156906067174,331.4016724538833,4563000
2021-12-14,328.3958435058594,330.46115909877835,327.289408359473,327.9716940883163,4079700
2021-12-15,331.75201416015625,331.89954073678825,326.80077125905524,328.082364428206,9274900
2021-12-16,331.41094970703125,334.241558531915,330.3690623577023,333.0982343268463,9493700
2021-12-17,326.6554870605469,329.7037553209375,325.80565127119297,329.1218065354722,10638300
2021-12-20,322.6280517578125,322.9698522370979,320.10631124853785,322.729675735365,7303400
2021-12-21,327.83795166015625,327.9026189209724,324.6973046702741,325.2977179170585,4693300
2021-12-22,330.1287536621094,330.2857704895911,327.1543700861528,327.87487153922376,2999500
2021-12-23,331.9485168457031,333.001572798388,330.84006805259037,331.0525341280638,2655000
2021-12-27,335.23687744140625,335.27380598917745,332.26249434142056,332.59502040974803,2594300
2021-12-28,336.22528076171875,337.26909025972475,335.20920996269837,335.4124015707146,3048500
2021-12-29,337.01043701171875,337.7494308807053,336.04054103398266,336.1421368342431,3012200
2021-12-30,336.2991027832031,338.7469577337347,335.86495279652564,337.7955262552365,2863200
2021-12-31,335.6063232421875,336.9179912867139,335.2275942463093,335.78183248880737,3133800
2022-01-03,337.7863464355469,337.943391435956,334.664164409822,336.54856346606846,5624100
2022-01-04,339.8094177246094,341.0472011300939,339.1997581625512,339.31984646580025,5462200
2022-01-05,336.3177490234375,341.3150855944776,336.2161531920906,339.6616162582804,7638000
2022-01-06,334.747314453125,336.83490504178235,334.35009294229155,336.3360877375316,7019800
2022-01-07,334.6733703613281,336.1143729398053,333.5833862911493,334.2854233077461,5806300
2022-01-10,333.2695617675781,333.6667553351019,329.2513667137524,333.5282027173319,8091800
2022-01-11,334.885986328125,335.07995994178646,330.4151778401339,333.17709598751003,7310900
2022-01-12,335.2646789550781,336.7518568139015,334.08231674163073,335.98518048843295,4493200
2022-01-13,333.6481628417969,337.27838098117104,332.9553718294092,336.4285449358239,6418100
2022-01-14,331.7452087402344,332.3548398580863,329.21419376213714,330.8861266947088,8575400
2022-01-18,326.85882568359375,328.25362583990295,325.7226382040561,328.2259153252674,8166100
2022-01-19,323.6257629394531,328.42909678333274,323.49642842644073,327.83792981027636,7386500
2022-01-20,320.8360900878906,327.9672192816805,320.3557651851042,324.6695558358878,8968700
2022-01-21,316.47100830078125,322.4796588551297,316.27689056647915,320.8526921391479,16301600
2022-01-24,317.82073974609375,318.10730399405446,306.30262296763084,312.8474197616984,29707000
2022-01-25,317.0348815917969,319.65097138458805,309.99089888274074,314.5389975337641,18657900
2022-01-26,315.6482238769531,321.6938577228038,312.93971627071284,319.8820266530112,19047300
2022-01-27,315.7315673828125,321.3519842883878,314.1970748005615,318.3661360441325,12854100
2022-01-28,320.8712158203125,320.93593114452204,312.3574268755995,316.0180742970271,12008900
2022-01-31,324.5411682128906,324.8000013404021,318.66194651197463,319.6418167954606,8379100
2022-02-01,327.1849060058594,327.48994817369913,323.24691966598306,325.07725730508497,7636000
2022-02-02,329.1169128417969,329.6992942782416,326.0941094463071,326.8613555191122,8856400
2022-02-03,324.4487609863281,328.3682422532846,324.0789751824525,327.998484660105,9339900
2022-02-04,324.3470458984375,326.54714155696274,321.52761264839484,323.9125729893111,8532300
2022-02-07,324.374755859375,326.46392693009517,323.3856325461851,324.707557403089,4746200
2022-02-08,327.73956298828125,328.488331080674,324.2730335936154,325.02180168600813,4568400
2022-02-09,330.6330261230469,331.03051479771045,329.69936500334023,330.3372087885882,4781700
2022-02-10,325.90008544921875,330.9935834370778,324.4949952021913,327.96152580139886,10298500
2022-02-11,321.0377197265625,327.62875446092715,320.0578493278935,325.81689414466894,8211500
2022-02-14,319.743408203125,321.2779002331929,317.2567491142115,320.51065421815895,7315100
2022-02-15,323.7461242675781,324.245312414687,322.01748607022046,322.5536302203083,4932200
2022-02-16,323.2377624511719,324.208379580943,320.50149441986855,322.3965477737131,4496500
2022-02-17,317.7004699707031,321.4258323236167,316.9424487945054,321.166999264755,4433500
2022-02-18,315.68133544921875,318.66243185589474,314.4685318671675,317.45886712142607,6193700
2022-02-22,311.080078125,315.01475356206043,308.83034810843566,313.6538176336959,7942700
2022-02-23,306.9232482910156,313.16320102778104,306.27520093040135,313.0706147610185,5732600
2022-02-24,307.6825256347656,308.052842580258,298.7484986529164,298.86885801721013,14167100
2022-02-25,315.2740478515625,315.71841674060755,308.34900737919537,308.92300269645375,9496300
2022-02-28,314.1630554199219,314.60745254294716,309.9506487405186,311.0245872644753,8217300
2022-03-01,308.4415588378906,313.86676893734864,306.7473178795316,312.2466082877115,8532900
2022-03-02,313.84832763671875,315.19075803857595,309.85810484650347,310.39506005522713,6836200
2022-03-03,313.0428466796875,316.7090312241633,311.7004164237075,315.431414181283,7790700
2022-03-04,311.5059509277344,311.8762676829803,308.1082304219646,309.7839370484724,6025000
2022-03-07,304.0995178222656,310.45053383567705,303.97915851386335,310.33020278063356,6590800
2022-03-08,302.3034973144531,309.58958758691693,301.8683672703782,304.11806955526293,8209800
2022-03-09,308.6637878417969,310.18212360295445,306.96957489207944,308.40456323054605,4669200
2022-03-10,307.46942138671875,308.1545370485569,304.293913543235,304.8864429531105,3317400
2022-03-11,305.5345764160156,310.82095058370095,305.2290727770346,309.31188183633634,6923400
2022-03-14,305.5807189941406,309.7746180255675,304.39568873204547,307.13606591563735,5640600
2022-03-15,311.2467041015625,311.85773941800477,306.5435940610757,307.36757491689116,6648500
2022-03-16,316.0331115722656,316.0886859234151,309.71913634510605,314.0241284442372,9577100
2022-03-17,319.81964111328125,319.94923924010425,314.4129101044296,314.7184418557842,6032900
2022-03-18,322.1504821777344,322.38245205007547,317.93790136736254,318.83794560471136,5903900
2022-03-21,320.5267333984375,322.8371445563161,318.54105744938516,321.6123366802635,4329900
2022-03-22,323.03204345703125,323.5702012088938,321.844330289753,322.08558806643646,4430800
2022-03-23,318.64312744140625,321.45460141386735,318.5874569323783,320.81436224340854,4098700
2022-03-24,322.02978515625,322.02978515625,318.6708666463236,319.6451285773009,3550000
2022-03-25,323.4031066894531,324.12685151717517,321.22258435060036,322.71645665121093,3206200
2022-03-28,324.2846984863281,324.2846984863281,320.4711261444683,322.6701967143459,2962400
2022-03-29,327.513671875,328.20029373514006,324.87849714197074,327.2260314570149,4711800
2022-03-30,326.72503662109375,327.9776800373333,325.16620532457756,326.7528718829371,3909800
2022-03-31,321.8165283203125,326.21469768748733,321.7515982570311,325.7507578022703,3978900
2022-04-01,322.91143798828125,323.22691370247964,320.34119298097824,323.04132642747237,3560200
2022-04-04,324.0527648925781,324.08988801697336,321.0742783635826,322.56817971653425,3829900
2022-04-05,321.3617858886719,325.7320904493025,320.58237049876954,322.7350577565772,4331700
2022-04-06,319.8865966796875,321.10211708774335,317.9844542044803,318.81025259380453,5431300
2022-04-07,321.01849365234375,322.0670020895503,317.2327574933437,318.9771472863985,4599900
2022-04-08,322.3175048828125,323.94129404558873,319.79367145143203,320.77722147898277,4535900
2022-04-11,318.4483337402344,322.0484832962267,318.0214886776884,320.45252903258387,5344400
2022-04-12,317.5389709472656,321.7422645760405,316.4069566558898,319.5710296204455,4501400
2022-04-13,320.8236999511719,321.0927646810694,316.9080464134994,317.04722270769497,3605000
2022-04-14,319.5761413574219,323.6974310045974,319.5390047107283,321.8224127605542,4179600
2022-04-18,319.3998718261719,321.22846271902034,318.03539000940714,319.18637145346423,3939000
2022-04-19,324.0594177246094,324.6349082707766,319.5390012372417,319.57613788353154,4261200
2022-04-20,326.29638671875,327.72584999491124,325.1361145234472,325.86012324023784,5677000
2022-04-21,322.7505798339844,329.4059134398284,322.2586255688408,328.5519406620727,5369600
2022-04-22,313.9881896972656,321.5438953364934,313.496235451669,321.47891329933105,6855100
2022-04-25,316.1138916015625,316.59655472077867,309.2822213282133,312.29892955898055,6806600
2022-04-26,308.5860290527344,314.7122440719149,308.4189283147697,313.76547208259575,7619800
2022-04-27,309.1244201660156,312.80944652972624,307.31438384789203,309.9134110822993,6894400
2022-04-28,314.9350280761719,316.0953003364235,308.62312998422726,311.17572895678086,5976600
2022-04-29,306.0240783691406,314.87928265490694,305.47643335653146,313.3848375129102,6495600
2022-05-02,306.998779296875,308.48393360282626,301.16957201576037,306.6367890457592,9221700
2022-05-03,307.4721374511719,309.48638248339296,305.4857378190756,307.4071554085612,6051000
2022-05-04,316.1416320800781,316.6800141564431,306.49746585166866,307.98259136464685,10569700
2022-05-05,306.53466796875,313.96041111393845,303.425160688272,313.5798383785121,9101200
2022-05-06,305.4485778808594,306.91514925116934,301.43867097883833,304.21403258773654,10644200
2022-05-09,299.443115234375,302.9424866953012,298.301396962366,301.6522784795664,7817200
2022-05-10,298.72833251953125,304.09343045740343,296.157179321643,303.063122260442,7716500
2022-05-11,295.600341796875,302.66409659294624,295.32188768484895,298.6448961718953,9374700
2022-05-12,294.8390808105469,296.5005700811516,290.0958736820235,293.8737264808688,6790800
2022-05-13,299.0997009277344,299.8422640083437,295.9623195072732,297.3360640390971,4236700
2022-05-16,299.6102294921875,302.19996585624506,296.75133028145814,298.61702935221626,3692600
2022-05-17,303.6201171875,303.8707258528647,300.24139002913654,303.3694801951696,3316800
2022-05-18,292.8991394042969,301.1046103548344,291.85953991562104,300.93750960868454,3659000
2022-05-19,290.69921875,293.64168138624956,288.51790144261713,289.71531023296035,3836700
2022-05-20,290.68524169921875,293.1508779683216,284.97238219788386,292.89035844544463,4654000
2022-05-23,296.65869140625,297.41233843464863,292.8811428656692,293.3835836827709,4484600
2022-05-24,297.1705017089844,297.87761027240987,291.80189430007835,294.5466783177505,5260500
2022-05-25,298.928955078125,300.1013075558939,295.3654158339746,295.8585432676457,4612800
2022-05-26,303.7392883300781,304.96743598169155,300.43624040579004,300.48277900429173,3270200
2022-05-27,308.9682922363281,309.0241158361962,304.08352848632467,304.29750948765013,2773100
2022-05-31,307.2283020019531,309.4147919544761,304.864999508077,307.20039021005493,4354000
2022-06-01,305.5162353515625,309.7869375918003,303.4134811103699,309.2844970233323,3721400
2022-06-02,309.61968994140625,309.62900334294943,302.7251888984269,305.69326774997245,3718800
2022-06-03,306.4375,308.6519306444847,305.8606372394041,306.92131396819224,4150900
2022-06-06,306.5305480957031,309.5916460789406,305.67453895984187,308.5216559549926,1957600
2022-06-07,309.0613708496094,309.3404888758765,304.0835578214444,304.0835578214444,2424000
2022-06-08,306.46539306640625,308.83798095790485,305.70243276763694,307.5632949239505,2032900
2022-06-09,300.5292663574219,307.03297111588085,300.5292663574219,305.33029457715975,2591500
2022-06-10,292.499755859375,296.5936489169,292.45324564063145,296.1656583631018,4484700
2022-06-13,284.3211364746094,288.0800862466281,282.99994015112344,286.1075767645753,6317200
2022-06-14,283.1302795410156,286.04253452946597,280.9251615424679,285.27957392399367,3724000
2022-06-15,285.8564147949219,289.0663857013744,281.2321701584179,285.0841409250628,7060900
2022-06-16,279.0363464355469,280.6739146405679,277.28713101554905,280.40408160803366,4943500
2022-06-17,278.581298828125,281.24847354227825,276.40839214996026,278.16162493748834,4738000
2022-06-21,284.7083435058594,285.80878489164843,282.2183337483445,282.64731406717755,3246500
2022-06-22,284.0741271972656,286.9371641725969,281.01525573787643,281.2017837437644,6361200
2022-06-23,286.06048583984375,286.35891921518675,282.3674653155367,285.0626437100611,3582600
2022-06-24,293.78240966796875,293.8756736991317,288.28017335159245,288.3547959605974,3314800
2022-06-27,293.16668701171875,294.59356587956853,292.25277417055884,294.13658099882286,1896500
2022-06-28,288.48516845703125,297.26077627943425,288.38259800688274,294.6961735036901,3025900
2022-06-29,289.1473388671875,290.4809541458771,288.0095865037958,289.47374859917693,2462800
2022-06-30,287.06768798828125,288.93285387196545,283.73836005546343,286.0698174100687,4117800
2022-07-01,289.89337158203125,290.3223517048983,284.223252171243,286.6759495101063,3315000
2022-07-05,288.830322265625,288.87696849969245,283.11358294612717,285.93000230141274,3767700
2022-07-06,289.48309326171875,291.23635386029184,287.1796121068147,289.10073081541935,2493300
2022-07-07,292.7844543457031,293.0828592862762,290.6021850053824,291.4695088550691,2267500
2022-07-08,292.32745361328125,293.8942146530115,291.12444205764376,292.36476490141564,2094300
2022-07-11,290.68609619140625,292.58854478255654,290.1918284015234,290.64878490721577,2633200
2022-07-12,289.07281494140625,292.41145026683057,287.7951805141334,289.6230356128503,2806000
2022-07-13,287.0024719238281,289.0448313525944,284.54043868250665,285.5476444485672,3481200
2022-07-14,285.74346923828125,286.1724495150837,281.1458411751,282.2556173917546,2893100
2022-07-15,291.7033386230469,291.8152908263734,288.42859431536493,289.97733289622636,3027500
2022-07-18,289.8280334472656,295.1459905084197,288.9697143006555,294.59553989933676,2344900
2022-07-19,296.7880554199219,297.0586255876813,291.7033691724927,292.0858915553032,3004900
2022-07-20,297.37579345703125,298.0195470800065,295.2393058692021,296.90930697499556,3243000
2022-07-21,298.9338073730469,298.98044462251954,294.2409554989129,296.34014422242933,2159800
2022-07-22,297.6742858886719,300.60383401537473,296.06957160603474,300.19332372409065,3264100
2022-07-25,298.51397705078125,298.9151770042192,296.91860149255336,298.6166188669862,4002500
2022-07-26,296.2560729980469,298.0660417875902,295.8455628516313,297.5155914712737,2101700
2022-07-27,300.42657470703125,301.7607189522794,296.7226716228176,297.50636534321654,3338100
2022-07-28,303.4307556152344,304.2610866061944,298.3740304845044,300.8370923562587,2688400
2022-07-29,306.6307678222656,307.19986742253894,303.14145952665325,303.70122029018006,3225600
2022-08-01,306.0523986816406,307.61978611853016,304.5689753782913,304.99813488485324,2745500
2022-08-02,302.3205261230469,305.809835422934,302.1898962592512,305.05412970260625,5394600
2022-08-03,306.1644287109375,307.0787525176514,303.3468604492179,303.8693230610324,2564600
2022-08-04,305.4178771972656,306.3508497377833,304.6621717172113,305.72577407999137,2426400
2022-08-05,305.9870300292969,306.1922851437135,303.1507853042851,303.28141513712507,2672400
2022-08-08,306.406982421875,308.92599225146836,305.7445511411982,307.70379999004257,2528800
2022-08-09,305.9311218261719,306.8920826950406,305.25938025468605,306.27631721517264,1655100
2022-08-10,310.86663818359375,311.4543873009034,309.70973221626133,310.3068486474108,2934400
2022-08-11,311.3424072265625,314.2252903370301,310.84793268280094,313.31099503275925,2401600
2022-08-12,315.1861877441406,315.27018035136206,311.7901815657213,312.35928130576946,2606900
2022-08-15,316.6230163574219,317.0708536104573,313.5348782597219,313.5815155170473,1936500
2022-08-16,318.8341369628906,320.09365602185073,316.0445572147008,316.10987214838195,3897100
2022-08-17,317.3973083496094,319.1326238198404,315.9978493683008,316.90283398176297,2960300
2022-08-18,317.7518310546875,318.1436921181438,316.2497586675842,317.39732534364373,1850900
2022-08-19,315.0558776855469,316.57020527441466,314.32675593805476,316.2804279470143,2010300
2022-08-22,309.1856384277344,311.7655934424272,308.6247687194904,311.38233295057745,2684500
2022-08-23,307.6432800292969,309.83067503162124,307.20396388860735,308.7650195932057,2897200
2022-08-24,308.34429931640625,309.4379966018804,306.91409734433483,307.47496701568014,2581700
2022-08-25,311.41973876953125,311.41973876953125,307.5404350360307,308.55933457385004,2498900
2022-08-26,301.8663635253906,311.9058491170381,301.76355214561715,311.7375682265598,4191000
2022-08-29,300.1556701660156,302.240196074866,298.89372068290567,299.63219947372033,2896900
2022-08-30,297.2952880859375,301.1559061165104,295.92117028737795,301.0811082824714,2926300
2022-08-31,295.06121826171875,299.28641229069365,295.0144910024861,297.6879292358461,2981600
2022-09-01,296.3793029785156,296.55691223727365,292.30370394538994,293.7899904841872,3228000
2022-09-02,293.2945556640625,299.8286135939388,291.93912261736426,298.91252525305777,3826200
2022-09-06,291.8361511230469,294.6404702106085,290.6489711186934,294.0328449200296,3320400
2022-09-07,295.6969299316406,296.2671566801985,291.135258578314,291.3128678502396,2520200
2022-09-08,297.4822998046875,297.63186698305,293.21973506593423,294.1638653987753,3301100
2022-09-09,301.2587585449219,301.87571238827326,298.66008973463397,299.20224573375054,2479300
2022-09-12,303.3993225097656,304.4369069940381,302.1280162153192,302.20281404105776,2486900
2022-09-13,291.3968811035156,298.7441852970316,290.5555623407022,298.00570642774665,4301200
2022-09-14,291.7053527832031,293.03274341684676,289.34037748284504,291.9857733614997,2868800
2022-09-15,290.11614990234375,293.07003616152116,289.34030082327,291.30332993230047,3294600
2022-09-16,288.7225646972656,289.21931072196554,286.1919830744594,286.76369721862375,4071000
2022-09-19,290.69073486328125,290.7282332142502,286.13567201926264,286.21064011833937,2730000
2022-09-20,287.7571105957031,288.66625253607174,285.4701974385462,288.38508641136434,2822800
2022-09-21,282.8739929199219,290.8031920263954,282.7896430850813,289.1629896089332,5110700
2022-09-22,281.6650085449219,283.96130408084787,281.0745595183889,282.63976572048824,3492500
2022-09-23,277.2973937988281,279.30314149734807,274.0544861378976,279.13444176650165,4949300
2022-09-26,274.3543701171875,277.65351047192274,273.2109133494491,276.11642106447607,4143400
2022-09-27,273.0234680175781,277.9253416773607,271.3364136742223,276.28513883131615,3681000
2022-09-28,278.1127624511719,279.3311872240945,272.789111716145,274.0075650919309,3995700
2022-09-29,273.87640380859375,276.3507809314144,271.6644866256515,276.2757842049147,3351100
2022-09-30,269.27447509765625,275.0479934519607,269.03080722947465,272.93916089117994,3827200
2022-10-03,276.2945251464844,277.77538144102675,271.30830154726476,272.32991019022865,3457600
2022-10-04,284.1206970214844,284.15816678609997,279.715568434881,279.8748864416817,4163800
2022-10-05,283.79248046875,285.4420358116656,280.05279998272573,280.92447203757746,2746900
2022-10-06,280.4559631347656,284.2799664823241,279.87483864797616,282.55541370967074,3081700
2022-10-07,274.5886535644531,278.2627198667749,273.1546490485918,278.11275505822476,3029300
2022-10-10,273.6419982910156,276.4163041934995,271.88932937870555,275.8164449920346,3154500
2022-10-11,273.9512939453125,277.55974487733727,272.4797912411506,272.91092214073143,3849900
2022-10-12,273.8294677734375,276.0882643638519,273.0890254929034,274.1106339038369,4378700
2022-10-13,281.7024230957031,282.7990281673179,268.63703682473533,269.1244295689466,7389600
2022-10-14,278.1971435546875,285.2640537962903,277.60666597737077,283.55826464310104,5519400
2022-10-17,283.1084289550781,284.1862709996159,281.15894297387814,282.0118520290508,3555700
2022-10-18,286.3044128417969,289.031839058834,284.0268810924623,288.91937259262465,4685500
2022-10-19,285.2546081542969,287.4102910965861,283.32385808171233,285.2452264171068,2939800
2022-10-20,284.2799072265625,289.02243351353655,283.74566295320625,285.70453001931617,3574700
2022-10-21,291.5499267578125,291.8500364801252,283.2314553664698,284.2349025316428,5357200
2022-10-24,295.460693359375,296.3516353567249,292.22522590488074,293.0973931527844,4331700
2022-10-25,298.68682861328125,298.9588049240272,294.57916492565573,294.80426159870814,6024800
2022-10-26,298.5836486816406,301.7159694236978,298.01156261728886,298.20852576176173,4991800
2022-10-27,300.53436279296875,303.73233853109576,300.0279596328329,301.56597248592095,4262200
2022-10-28,308.1491394042969,308.43989017661306,301.47186002763107,301.7625821799283,5251400
2022-10-31,307.0615234375,308.37446779345817,305.59849558938606,306.59261269465486,5128200
2022-11-01,306.1142578125,309.3215906715678,304.60435061811603,308.89020088175886,4376400
2022-11-02,301.37835693359375,310.1845161174528,301.3408646733762,305.2234314892932,7110300
2022-11-03,299.98095703125,301.8378538945944,297.4582149200563,299.49330015705686,4112700
2022-11-04,303.98541259765625,305.8610552141802,299.4838531459777,303.48833982904375,6263700
2022-11-07,307.99932861328125,308.49637282957474,303.99481276461484,304.9232754479095,4518300
2022-11-08,311.0847473144531,312.81972273294394,307.87741396052314,308.9840364103568,6349000
2022-11-09,305.11083984375,310.2969915339155,304.75446309866874,309.2091151721034,4799200
2022-11-10,316.2896423339844,316.50532293084876,311.2441588172093,313.43865737423835,6002300
2022-11-11,316.7867736816406,317.33069762953403,313.3637304856451,316.88992032243027,5190700
2022-11-14,314.8922424316406,318.737315422565,314.6953079754813,315.77379672878055,3303300
2022-11-15,315.3049011230469,318.9717859551619,312.68840022062017,317.4431326091356,4824100
2022-11-16,315.17364501953125,316.2802674036095,314.685959574316,314.798522183238,3085500
2022-11-17,315.2017517089844,315.83946333844955,312.04129843645137,312.04129843645137,3606500
2022-11-18,317.03515625,317.7681409209791,315.0523494049945,317.11972809532716,3659100
2022-11-21,316.7344665527344,318.2380330800515,315.30609412476355,317.30771401720136,2304100
2022-11-22,320.4088134765625,320.5591730049916,317.9937406236923,318.46360339572783,4389400
2022-11-23,321.3391418457031,321.9311448130452,319.4972592423747,320.07988445598323,3108500
2022-11-25,322.8144836425781,323.0776056274699,321.41430186706253,321.4706831011004,1498300
2022-11-28,318.087646484375,322.30703309804073,317.58021540863734,321.09477928304665,3089800
2022-11-29,318.0782775878906,318.9146183177299,316.32096692361193,317.5614113884635,2943600
2022-11-30,325.2860107421875,325.3236077960737,315.9169453619723,318.2380687413681,6940400
2022-12-01,323.65081787109375,325.8591782245029,321.0947637195581,325.8497717938047,5325900
2022-12-02,323.9610290527344,324.5906578909217,320.3148887435959,320.3148887435959,3736500
2022-12-05,319.5348815917969,322.61718028698976,318.5951560301143,321.8090300694539,3827200
2022-12-06,316.179931640625,320.11738250890977,314.54481897542865,319.29041974734105,5516300
2022-12-07,316.16119384765625,317.9372598173077,315.3154467821965,315.8792877185501,3577100
2022-12-08,318.0595703125,319.1778462527591,316.74395999400525,317.3829666232521,3278400
2022-12-09,315.1557312011719,318.6702953367853,315.0429687315163,317.31711702277227,3815500
2022-12-12,320.0892028808594,320.117393490601,315.8040581313071,315.8792522093768,5017300
2022-12-13,321.20758056640625,327.2312246447952,319.03681689006584,327.19362759377816,5274300
2022-12-14,319.71343994140625,323.8858238365241,317.2889605484778,321.1794095609721,5498400
2022-12-15,312.7406005859375,317.03515253209747,310.84236560851997,316.29276143874023,5865600
2022-12-16,309.8397521972656,311.28077855492865,307.4663054737387,310.14115046965924,6672200
2022-12-19,308.3421630859375,311.12059708197665,306.76926448183826,309.74550722727736,3709600
2022-12-20,309.2840881347656,310.68743262625753,307.42864620130507,308.54002007702246,4721700
2022-12-21,314.2004699707031,314.88800055270053,311.8646767957024,312.2602655666067,5086800
2022-12-22,311.0546569824219,312.5521915032888,306.712723770839,312.2225390317466,4876900
2022-12-23,312.62774658203125,312.87263637478964,308.9827977088767,310.4520789795602,3997900
2022-12-27,313.04205322265625,314.40774448587314,311.34673811369765,313.0137989289377,3098900
2022-12-28,309.4629821777344,314.332319894266,309.4629821777344,313.34339106199525,3102400
2022-12-29,312.75006103515625,313.49412904232116,310.93230119782,311.3090346690569,2458800
2022-12-30,312.0624694824219,312.1284057374031,309.25578097919254,311.3937654841052,3881800
2023-01-03,311.9588623046875,314.41707152485714,309.2557634330066,313.0890912808288,3910700
2023-01-04,313.2209777832031,314.6149232116093,310.9982302344989,313.2209777832031,4137300
2023-01-05,310.07525634765625,311.89301642138514,309.0203909938431,311.72349064872054,4350100
2023-01-06,316.7246398925781,317.5157887524427,310.725072814749,312.863057397612,4800800
2023-01-09,315.79229736328125,319.67270742628443,315.4438181211562,318.0527273400579,3864000
2023-01-10,317.6194152832031,317.7135770900221,314.850379829806,315.4720029665809,2277500
2023-01-11,320.0023498535156,320.0494307657896,317.52528451787833,318.7214213703098,3265800
2023-01-12,322.1119384765625,323.0537862498858,318.29746649176843,321.0570735693065,4332600
2023-01-13,323.09161376953125,323.5154282127177,319.390128508147,319.437238163785,3473400
2023-01-17,319.4371643066406,322.81839510527425,318.93798602701884,322.4510605965182,3929700
2023-01-18,313.6071472167969,320.41671898439154,313.3528585900524,319.8233501123996,5164300
2023-01-19,311.40325927734375,313.12682874962826,310.7816360475081,311.8082470846395,3454200
2023-01-20,314.5328369140625,314.58939339667404,310.46059756232245,311.8462889208749,4120200
2023-01-23,316.88946533203125,318.3788340446415,313.94838428455216,315.49433824927655,3985300
2023-01-24,317.7659912109375,318.35042716285653,314.5610003741953,315.74871484293334,3360900
2023-01-25,317.9735412597656,318.27519506001914,313.4770988036501,315.0701737750825,4318600
2023-01-26,319.8963928222656,319.99066319342245,316.9176562181148,319.03861011639026,2930900
2023-01-27,320.1320495605469,321.9513785179976,318.7652298847668,319.9341019211841,2907400
2023-01-30,317.7283630371094,320.90507649994294,317.53041536679245,319.0480621180262,3032700
2023-01-31,321.2821044921875,321.3103827286233,317.2098946090332,318.237375555907,2593500
2023-02-01,321.3197021484375,323.5820465466627,316.3330973009424,319.67007182950476,6175400
2023-02-02,320.9050598144531,321.92313388628446,318.6238719718965,321.92313388628446,5169400
2023-02-03,319.538330078125,322.0740515371337,318.57681220952173,319.3403535950073,6504300
2023-02-06,319.0670166015625,320.0850622243407,317.37967121163757,318.2846038504726,2708400
2023-02-07,321.9326171875,322.6773159654594,316.90832408026694,317.62474461436904,4969600
2023-02-08,319.9530029296875,321.87598056782895,319.40625199484447,320.84849960709084,2769500
2023-02-09,317.74725341796875,322.9129663317277,316.7857643930448,322.1494250069056,3094700
2023-02-10,319.3026428222656,319.56658267795234,316.682086838202,317.42675682232266,2523900
2023-02-13,322.9034729003906,322.9129085687556,319.4439771496836,319.4439771496836,2653900
2023-02-14,321.5743713378906,323.82728102712974,319.0009365926916,321.93255276597864,3501100
2023-02-15,322.064453125,322.07388879103456,319.2082367421519,319.9906203066097,1967700
2023-02-16,318.0394592285156,321.3387213849837,317.9640314124036,319.08578284698535,3229600
2023-02-17,319.4104919433594,319.54266374557835,316.3796170385838,316.98391331853503,3034200
2023-02-21,312.7633972167969,317.19165713084755,312.6217742715101,316.0397424851246,3142900
2023-02-22,312.0740966796875,313.8775055121954,311.0638338922626,313.23546234658687,2896400
2023-02-23,313.1597900390625,314.179503472666,309.675723518089,313.32973747559345,5999600
2023-02-24,309.8080749511719,310.77116861230735,308.21238919344216,309.5342513794339,3764700
2023-02-27,310.695556640625,313.45260764670024,309.88356603256295,312.2723686365433,2887300
2023-02-28,308.3445129394531,310.51614107395466,308.2878637752089,310.51614107395466,3155300
2023-03-01,308.7504577636719,309.5247013010483,307.14532153393264,307.84404246946826,3317500
2023-03-02,311.9984436035156,312.71603790882534,308.5615748932635,309.28862032819666,3047500
2023-03-03,315.5580749511719,315.7657981296135,311.97961170652474,313.0181987843093,3033500
2023-03-06,316.0018310546875,317.36146837441345,315.5297355635166,315.95463303133926,2641700
2023-03-07,310.51605224609375,316.22842439831203,310.37442937599656,315.99237667667705,5009200
2023-03-08,310.15728759765625,311.11092971359983,308.3727816186104,310.5633116203708,3169600
2023-03-09,305.04925537109375,311.9985170205726,304.40721232285165,311.3186982593673,4760900
2023-03-10,301.8861999511719,306.73932672612705,300.6587343578507,304.53937436610727,7741600
2023-03-13,301.027099609375,305.13433783326957,298.9876427916942,299.08206769161563,6831600
2023-03-14,304.2089538574219,305.644114055504,300.9231582289379,304.2278273075342,4760500
2023-03-15,301.7069396972656,301.96186101193217,297.3919779168528,299.21426047389366,6518000
2023-03-16,305.2098083496094,305.51195645199226,298.7704173879149,299.9317829483329,6569900
2023-03-17,301.5252685546875,303.9772288100662,300.2566884741702,303.62695290088607,5314900
2023-03-20,305.12261962890625,305.54864789038595,302.3109082200181,302.3109082200181,4695000
2023-03-21,308.26568603515625,308.47396202632876,306.10720253168984,308.0763626102494,3527300
2023-03-22,303.1156921386719,310.1023725659705,303.0020922766206,308.29416438534895,4378700
2023-03-23,303.7404479980469,307.6976630038507,301.52516454181546,304.2043236214183,4772600
2023-03-24,305.14166259765625,305.27418614399863,300.9666941844662,302.4246265409251,4484900
2023-03-27,307.0256042480469,308.21846065877025,306.0694238622374,307.2906802403058,3550900
2023-03-28,306.55218505859375,308.29411675351656,305.63388112740574,306.7225848253437,2536500
2023-03-29,309.6478576660156,309.73308642984324,307.95327871227164,309.174505779049,2531700
2023-03-30,310.9732971191406,311.41824909297065,309.3070890654607,311.3519728883108,2487000
2023-03-31,314.89263916015625,315.07251520819784,311.9484039684086,312.0241275665322,2837300
2023-04-03,318.00738525390625,318.3292611886202,315.73530113814394,315.811024755852,3450700
2023-04-04,316.14239501953125,318.33875564293413,314.90221485957505,318.0074034029272,2449900
2023-04-05,316.9753723144531,317.5718003292702,315.9718686007031,316.1990682668783,2566600
2023-04-06,317.0511474609375,317.43929954784124,315.5174916826571,316.53047184425134,2333300
2023-04-10,318.0545654296875,318.0545654296875,315.6594062358747,316.19903427613906,2834200
2023-04-11,318.9446105957031,319.86291474298537,318.1020589566535,318.38605863473384,2343100
2023-04-12,318.6700439453125,320.94215683198263,318.0546920764708,320.56345209012727,3363800
2023-04-13,322.2296447753906,322.4284445313809,318.1588290191728,319.1055330453736,3040900
2023-04-14,320.7811584472656,322.6840426052047,319.3327025797466,321.8225385558669,3107900
2023-04-17,321.8036193847656,321.8130667783093,319.976458804085,321.0462388901252,2226400
2023-04-18,321.6899719238281,322.08760027176623,319.8912403017779,321.8225243368442,2191100
2023-04-19,320.923095703125,321.5289999722449,320.1657442578309,321.0366955308086,2854700
2023-04-20,319.93853759765625,320.7905651777341,318.89715771484776,319.4462331669986,2179300
2023-04-21,320.264404296875,320.70959866405934,319.033030382628,320.40651036200575,2470100
2023-04-24,320.87066650390625,321.0222251214829,319.41194010322494,320.07500544176656,2288800
2023-04-25,317.6311950683594,320.80438710234006,317.50808077911955,320.3213246727822,2745300
2023-04-26,315.37689208984375,318.7016144384363,314.7706574500604,317.8870191614434,3588400
2023-04-27,320.3498229980469,320.7097423246379,316.2104472202095,316.5419800092764,3066600
2023-04-28,323.0302429199219,323.03972436446634,319.336092902982,319.39292375656237,3651100
2023-05-01,322.3956604003906,324.5079705883664,322.30096156257355,323.09662258544154,2296200
2023-05-02,319.0898742675781,322.0546763544072,316.66499431110464,321.997845488775,3275800
2023-05-03,316.47552490234375,320.33071559032385,316.30503231294534,319.3361465786519,3924100
2023-05-04,313.8422546386719,315.98298016637614,311.98571233262226,315.6893444054598,3576800
2023-05-05,318.95721435546875,319.68656292219055,316.3144640080625,316.61758116832743,3542700
2023-05-08,318.4742431640625,319.5825030520425,317.40388016210306,319.374113539211,1789900
2023-05-09,318.0479736328125,318.9099470973932,317.46070199706276,317.7069883889011,1924900
2023-05-10,317.78265380859375,320.0181068109381,314.94099537115494,319.5918464825845,3365500
2023-05-11,315.7366943359375,316.2482010102698,313.97487976757344,316.1250578380372,2744700
2023-05-12,315.6136474609375,316.7976722054535,313.82338817193926,316.7692567678593,2636400
2023-05-15,316.1534729003906,316.617630157252,314.3442800103624,315.907215463061,2171000
2023-05-16,312.9140930175781,315.4905322464496,312.84778068835834,315.14951805821687,2265200
2023-05-17,316.94915771484375,317.47962732068305,313.42552831735105,314.6095528966752,3068800
2023-05-18,318.3227233886719,318.68267158267486,315.18742777206785,316.2767248965952,3553500
2023-05-19,317.23663330078125,319.38199337749234,316.31583998169486,318.91683124678383,3706700
2023-05-22,316.01214599609375,318.1480046369092,315.1767833147983,317.1702571734467,2555100
2023-05-23,313.83831787109375,316.2020212039683,313.33520564600053,314.9300021625899,2526200
2023-05-24,311.3702087402344,313.4870632976226,310.86709656186014,313.25924766045244,2978300
2023-05-25,311.12335205078125,312.0536474073426,309.29126725834027,311.4271255104052,3499900
2023-05-26,314.0565490722656,314.7969786684997,311.28469631484666,311.48403494514076,3580000
2023-05-30,313.7528076171875,314.51224123519137,312.23399832004066,313.87621739070255,3474500
2023-05-31,312.8035583496094,313.4206072586649,311.075908312551,312.73713144123076,3067600
2023-06-01,314.1515197753906,315.13876901258266,310.71516587663433,312.2245021983263,3081300
2023-06-02,320.9199523925781,321.32813184077315,316.21154886417986,316.33495869024875,5584700
2023-06-05,319.07818603515625,321.3089767226545,318.91679736013447,321.0526552369979,3415600
2023-06-06,319.11627197265625,319.65733413281566,317.50250055894736,318.9833601993087,2824900
2023-06-07,320.0655212402344,320.3977427127066,318.88840621660654,319.46747623868947,2739000
2023-06-08,321.6223449707031,322.0495282956751,319.66685000242296,320.1225102844306,2700300
2023-06-09,322.0589294433594,322.998726754721,321.1571400254815,321.3944576043069,3162300
2023-06-12,323.86273193359375,323.98611280339304,322.02114426204196,322.50525267134356,2035500
2023-06-13,325.23907470703125,326.1978472430725,324.27082916460597,324.4037119789286,3259300
2023-06-14,323.150634765625,324.6884481425917,321.17613615686724,324.0714281908923,3766000
2023-06-15,327.2799377441406,328.0488444326487,322.92279018611725,323.0841788969031,4722500
2023-06-16,326.28668212890625,328.9316057204867,326.067846966606,328.5700645978965,5576800
2023-06-20,323.9176940917969,325.01181199263107,322.5286408186018,324.7168766202702,3387200
2023-06-21,322.9377746582031,324.34587489892357,322.2242156439147,323.1185452646061,3050700
2023-06-22,322.85211181640625,323.41344135523923,321.8055529157062,322.4715528620027,2605500
2023-06-23,320.7779235839844,321.75787632490324,319.8835943989,320.7398589920213,3721600
2023-06-26,320.7590026855469,321.65330310596397,319.62682026959465,320.43549710831604,2301900
2023-06-27,322.7474365234375,323.1470132213908,320.7209247366079,320.7209247366079,1778800
2023-06-28,322.1766052246094,322.47154058064854,321.03489937009357,322.2717522182834,2305000
2023-06-29,324.5835876464844,324.802422768829,321.6817648214229,321.96720572466955,2902700
2023-06-30,327.14288330078125,327.8373951840477,326.10584814465136,326.5434893493535,3027500
2023-07-03,327.3523864746094,327.7900279352783,326.12505666740856,326.3343685024754,1698400
2023-07-05,326.1535949707031,327.038401296839,325.62080649250555,325.7444947168718,2717000
2023-07-06,322.7474365234375,324.3077367829429,321.29177762561096,323.7083427012289,3742400
2023-07-07,321.03485107421875,323.86054505600663,320.80652155157946,321.5486215349388,2852200
2023-07-10,323.0804138183594,323.14701961426397,320.78753687738987,321.00634301424117,2560200
2023-07-11,325.9917907714844,326.25818494488664,323.43249041086113,324.18408491469677,2477100
2023-07-12,326.9336242675781,329.0933184873551,326.47693617509907,328.15143014607327,4140200
2023-07-13,327.2095642089844,328.12291142169744,327.0002524482809,327.60914091182815,2472300
2023-07-14,328.3988952636719,329.11245426899177,327.77095985481554,328.9126368424532,3293400
2023-07-17,329.04571533203125,329.85442101782553,327.494909742341,327.818386209703,2860000
2023-07-18,332.5945739746094,332.90855617501273,328.4749730402442,328.8555320101616,4617200
2023-07-19,333.6506042480469,335.3250982960526,333.3746866981405,333.3746866981405,5864300
2023-07-20,335.3061218261719,336.69520424142115,334.27860964872826,334.37375665501503,4561300
2023-07-21,335.28509521484375,336.40860842037114,334.8756547612389,335.9230098921868,2971700
2023-07-24,337.1227722167969,337.59884017686574,335.65647476385783,335.82785225583086,3073700
2023-07-25,337.36083984375,338.1796628694308,336.62767651571676,336.86571051949164,2548700
2023-07-26,338.246337890625,339.2270368776172,336.21828341828024,336.2373447360328,3084700
2023-07-27,335.8849182128906,339.30308207004975,335.18987771149017,338.82701419484306,4771000
2023-07-28,337.5131530761719,338.53191643245486,336.5133929210244,337.54171599163993,3219000
2023-07-31,338.55108642578125,338.5796493504183,337.2371337786924,337.5989501953565,2201400
2023-08-01,339.15081787109375,339.62688581922447,338.1415561456071,338.26530940434054,2581900
2023-08-02,335.8564147949219,338.19869007679193,335.25656451680595,337.5131510527855,5061000
2023-08-03,335.14227294921875,336.47528632269814,334.31391944736265,334.77095509457376,3307000
2023-08-04,333.866455078125,337.9701585754303,333.4380113475595,336.21823196661467,4269400
2023-08-07,337.6463928222656,337.88442677231876,335.03755002788444,335.1898952427439,2390800
2023-08-08,336.1230773925781,336.437298579147,333.1714787120093,335.5518189749764,3033600
2023-08-09,334.4662780761719,336.75139829010976,333.76170684990166,335.98017058111674,2873300
2023-08-10,335.0470886230469,338.88419482654865,334.38058192435375,336.2467600010634,4133500
2023-08-11,336.1039123535156,336.78945124070435,333.8282940137931,334.3805490084911,2602600
2023-08-14,336.3038635253906,336.579991031611,334.93278570696344,335.8468569571665,3134100
2023-08-15,332.8763122558594,335.17096391107276,332.4669006766473,334.83773949727544,2818700
2023-08-16,331.1243591308594,334.6948694853107,331.0672332897392,332.5811261932,3586800
2023-08-17,328.54400634765625,332.60011451835464,328.31550303332324,332.2478288897975,4804100
2023-08-18,329.0875549316406,329.8408638795477,326.7609020316921,327.01837789104553,3525400
2023-08-21,328.658447265625,329.6596581172831,326.57969654807016,329.2591563166852,3176500
2023-08-22,327.02789306640625,329.1066439689108,326.65602552552144,328.7728972887005,2816000
2023-08-23,328.81097412109375,329.35450186180907,327.30438552916445,327.5713770176034,2605400
2023-08-24,325.1875,330.8515604956424,325.1302896192269,328.3246716785366,3840800
2023-08-25,327.5428161621094,328.5440271043068,324.53915423562336,326.5511208851476,3868500
2023-08-28,329.6500549316406,330.56547914223313,328.4962735556541,329.1732824010809,2382700
2023-08-29,332.4249267578125,332.5488922912082,329.3545100148128,329.5070807405389,3107700
2023-08-30,333.16864013671875,334.4368713700402,332.3295158229182,332.8825882569622,2792900
2023-08-31,331.6526184082031,334.9614220619336,331.5858632472018,334.61815969089093,2901400
2023-09-01,332.7681579589844,334.0840256680024,331.59528708585646,333.6740082854848,2533200
2023-09-05,330.8611145019531,333.0542567592243,330.78481459219853,332.8635360847271,1906900
2023-09-06,328.9731140136719,330.4129766652334,327.50464616836575,330.35576627774407,2748400
2023-09-07,329.63092041015625,330.1553584359316,328.35317380746125,328.4580497726646,2378600
2023-09-08,330.41290283203125,330.91828054185083,329.4307525997447,329.70725971085807,1665900
2023-09-11,331.23297119140625,332.3962974281882,330.4129363375524,331.8527697134869,1722900
2023-09-12,331.0802917480469,333.07319694758144,330.2697728238644,330.536793311722,1813800
2023-09-13,330.4510192871094,332.31998850224124,329.75495003749154,331.4141090816475,2025200
2023-09-14,333.6836242675781,334.34157281245894,331.57629743101757,332.46308752198166,3489400
2023-09-15,330.93292236328125,333.5238548006055,330.41663820568783,332.95977898151796,3581700
2023-09-18,330.94256591796875,331.87952202417114,330.13947318844424,331.06685928864175,2122800
2023-09-19,329.9100341796875,330.61751439626255,327.9118577266958,330.2924551298132,2740900
2023-09-20,329.1930236816406,332.3862842246462,329.0783003004437,330.83746022478414,3411400
2023-09-21,325.6172180175781,328.5523500970246,325.51206467442694,328.0934567060473,3483700
2023-09-22,324.6611328125,326.429862128206,324.4125752987589,325.72238207266025,3376400
2023-09-25,325.04364013671875,325.1296826578131,322.85423873271816,323.8485564934417,3104700
2023-09-26,321.2767639160156,323.858127318475,320.8082712442029,323.0263536940098,4657300
2023-09-27,320.6935119628906,322.33794819128985,318.3033447225921,322.07982063300227,4442200
2023-09-28,321.8312072753906,322.83509493936293,319.8712819712468,320.58833208400824,4053600
2023-09-29,320.2346496582031,323.94416506722376,319.24033182005735,323.8963733885101,3786500
2023-10-02,319.41241455078125,320.3015498416967,317.49071058015534,319.6036396179421,4192600
2023-10-03,315.4830017089844,319.2116572036973,314.58429638758565,318.2173393461573,4871100
2023-10-04,316.44866943359375,316.8980221793319,314.17322485631763,315.626465656248,4877100
2023-10-05,316.6207580566406,317.17526414332616,314.9189597657641,316.2861287323472,3172200
2023-10-06,319.4219055175781,320.8942564752129,314.0488150759835,315.8366552218335,4491300
2023-10-09,321.32452392578125,321.60179149889206,317.97828974447714,318.3224890036572,3756300
2023-10-10,322.624755859375,324.11621774491715,321.2671281549233,322.38573915750163,3769400
2023-10-11,323.17926025390625,323.9536720301957,321.3914200005752,323.33223444360885,2773900
2023-10-12,321.4966125488281,323.8867798478177,319.8713162916233,323.8867798478177,3315000
2023-10-13,321.8887023925781,324.689972325286,320.77966092385446,322.65357366938196,5154600
2023-10-16,324.95758056640625,325.9327582644918,323.5425911033402,323.88676116966036,3969300
2023-10-17,325.0532531738281,326.5160347110716,323.4088165483055,323.46617824177747,3777800
2023-10-18,321.8408203125,325.0340804070708,321.2384934689501,324.8141745060906,4141200
2023-10-19,319.4411926269531,323.74349535599845,319.0970224135212,321.89829252132046,5201800
2023-10-20,316.8171691894531,319.7252488247504,316.7597753776477,318.91213089992044,3960800
2023-10-23,315.0283203125,317.9076737851062,314.60741290643057,315.5831368787609,3898300
2023-10-24,317.0563049316406,318.26163330939875,315.53531060375906,316.6353975360168,3583900
2023-10-25,316.0135803222656,318.2520262342239,315.5161284352621,317.80242197884,3836300
2023-10-26,313.5934143066406,316.6545245540145,313.1533561715718,315.8318604803618,4882600
2023-10-27,310.1208801269531,313.6507447007576,309.1833994294443,313.61247243736165,4757300
2023-10-30,314.9422302246094,315.6979251292589,312.20633207970326,312.22548281204695,4617200
2023-10-31,316.13800048828125,316.3293034698119,313.6125559092706,314.89439973897163,3645800
2023-11-01,318.24237060546875,318.8928530086768,315.7743501023895,316.558770808529,4546200
2023-11-02,323.70458984375,323.82892359110394,319.8973030795662,320.2512411760487,5356300
2023-11-03,325.828369140625,326.794547024136,324.6613420959296,325.3596432493495,4046900
2023-11-06,326.2397155761719,326.81368289862786,325.1396285708258,326.0675049442016,2766000
2023-11-07,326.7179870605469,327.22498515735595,325.5317802506406,325.94314146340827,2793700
2023-11-08,326.3162841796875,327.72249121224405,325.1875000836749,327.2537652657904,2787900
2023-11-09,324.3934020996094,327.2058152851432,324.0681608106057,327.16757221103904,3940700
2023-11-10,328.1241455078125,328.40153913986194,324.54643325896404,326.0196088908428,3268600
2023-11-13,328.659912109375,329.3582132171156,327.37806832426713,327.52155285372135,2624500
2023-11-14,333.29937744140625,334.35161658917195,331.62532346045305,332.4384120395112,4815500
2023-11-15,335.0690612792969,335.5569377710639,333.8350653896972,334.1316097532306,3149400
2023-11-16,334.8299560546875,335.57610474673976,333.61508153613227,334.40904867012597,3848000
2023-11-17,334.942138671875,335.6993923626041,334.2711791978435,335.27763303502917,2059200
2023-11-20,336.9454345703125,337.6355834431595,334.59703285535346,334.62578783954405,2904300
2023-11-21,336.2745361328125,336.64835099503813,335.83358729227814,336.55249127960553,1849500
2023-11-22,337.94232177734375,338.4982904730826,336.92627333591514,337.3001173815608,3486200
2023-11-24,339.1308898925781,339.2746940610407,338.4024205664547,338.51744049940726,1245100
2023-11-27,338.67083740234375,339.45684601043934,338.15321841014986,338.96798200379646,2532400
2023-11-28,339.4281005859375,340.4154234580645,338.450401713127,338.83381131507554,2759600
2023-11-29,339.9456787109375,341.3643262448602,339.6772890966574,340.25241805647875,2736300
2023-11-30,345.07379150390625,345.24632137911397,341.670992205261,341.9201922742495,4094300
2023-12-01,347.9974060058594,348.18912541518785,344.9396657164015,345.09303539340937,5852500
2023-12-04,347.6044616699219,347.90160630405285,346.0516045225657,346.17621922441623,4211000
2023-12-05,346.9046936035156,347.2401879498195,345.74487013707545,346.856749124172,5372700
2023-12-06,346.2433166503906,348.47669873279426,345.8694725527192,347.7673895246301,5583700
2023-12-07,346.8279113769531,347.33593552220776,345.96523272965055,346.9525260403253,3295600
2023-12-08,348.064453125,348.6012322795612,346.3966056984899,346.7608549645714,2930400
2023-12-11,349.5694885253906,349.742018474635,347.94955574660827,348.52468482970335,3673200
2023-12-12,351.21807861328125,351.4768734651707,349.32016194260916,350.2595401588095,3239600
2023-12-13,356.3270568847656,356.3270568847656,350.8250558074196,351.40018470018094,4304800
2023-12-14,357.85113525390625,358.1770640585102,355.8669829574172,357.2568461142245,5507000
2023-12-15,357.9789733886719,358.7091011617946,356.7300690758203,357.12395225249486,6948400
2023-12-18,358.315185546875,359.1701772879588,358.1038343326147,358.6129946236479,3403200
2023-12-19,360.7362365722656,360.7938751701102,358.4498077987652,358.56508499445437,3749200
2023-12-20,356.2208557128906,361.5430419305198,356.038323796781,359.9387194902129,4564700
2023-12-21,359.17987060546875,359.4200411587978,356.56681381254106,358.228804595948,3837500
2023-12-22,359.10296630859375,360.5536056978363,357.9309329443304,358.94928296828635,3330700
2023-12-26,360.5920104980469,361.3029058278011,358.891584519585,358.9876585873681,2217800
2023-12-27,361.7543640136719,361.9753313989883,360.0155321676963,360.3517766870268,3061200
2023-12-28,362.2059020996094,362.83995568313685,361.7159449401369,361.7159449401369,2620400
2023-12-29,362.0522766113281,362.6190755608153,360.51517931020254,362.1291476011153,3364400
2024-01-02,362.2635498046875,362.9648581763545,360.0635799496847,360.0635799496847,5776300
2024-01-03,359.496826171875,361.33173242821266,359.1990170781035,360.80336902124765,6393600
2024-01-04,359.81390380859375,362.38852495680584,359.679394233928,360.1020967290306,4251900
2024-01-05,359.909912109375,361.45659602919596,358.53611459252585,359.70814778425165,5381700
2024-01-08,362.0234375,362.14833086329725,357.8252614317572,358.71868874469635,4604900
2024-01-09,360.4286193847656,360.8321186726719,359.0548513376311,360.06355558087046,3230900
2024-01-10,362.12908935546875,362.6286334379675,360.53435372734987,360.7841111097553,2718700
2024-01-11,362.34051513671875,363.2531456282009,359.5353102372202,362.91690099757324,4095700
2024-01-12,361.1300354003906,363.37802814361856,359.99643748433164,362.6383134325007,3816700
2024-01-16,358.9683532714844,360.76482348842933,357.4120534967552,360.2268440432805,4471600
2024-01-17,358.0654602050781,359.0549616692113,356.73971411731475,357.1335973258309,4361000
2024-01-18,360.0732421875,360.57278630658516,356.75887733847276,357.5946953613026,3953400
2024-01-19,363.9210205078125,364.6611556982981,359.9415214811677,361.2103498085928,5218600
2024-01-22,365.333984375,366.30480484416233,364.3823485738187,364.96871299013793,5433400
2024-01-23,364.34393310546875,365.1225255749993,363.3250335938768,364.65150382519704,3110100
2024-01-24,363.4308166503906,365.8627231578102,363.2866382674133,365.4686160214318,3967200
2024-01-25,365.72808837890625,365.80497372196237,363.2673467201472,364.3727531995003,3539100
2024-01-26,366.31439208984375,367.31407747010104,365.2186073725835,365.2474430405548,3221000
2024-01-29,368.4483947753906,368.544523466379,365.7858031077239,366.227959885041,2730900
2024-01-30,369.5826416015625,370.02482771867165,367.6601850956011,367.9774068463254,2747900
2024-01-31,366.5835876464844,370.86106479678534,366.55475197435374,370.2747003509874,4476600
2024-02-01,370.1689758300781,370.21702550505603,366.1990987762902,366.6124198510388,3652500
2024-02-02,371.4377746582031,372.7450307914225,368.381047011451,369.10196808518765,3344800
2024-02-05,368.7078857421875,371.02444913442247,367.3045008382619,371.02444913442247,3761600
2024-02-06,370.149658203125,370.42842253137366,368.63093089949274,369.0346595588304,2507800
2024-02-07,371.67822265625,372.4279796839366,370.6977508500997,371.4090798600129,2797600
2024-02-08,372.3316955566406,372.6296739090116,370.5630394432811,372.4470382305452,2549800
2024-02-09,371.72613525390625,372.47589200508423,370.8033644834611,372.1779136382285,3526300
2024-02-12,373.06231689453125,374.3119313369389,371.4570819942418,371.5051316774894,2412200
2024-02-13,367.9775085449219,370.22677975840884,365.70899398706763,370.14027271185546,5325300
2024-02-14,369.3904113769531,369.6403107738933,367.25648349452416,369.1116469716095,3465200
2024-02-15,373.1968994140625,373.2737847734039,369.95756463292946,370.2555430687134,3497200
2024-02-16,371.802734375,373.785988007277,371.3309984216973,372.7462356622702,3772300
2024-02-20,371.3214416503906,372.16866268198834,370.2142898216455,371.1481544522923,3295700
2024-02-21,371.66802978515625,371.78358396883095,369.03975237483183,370.6186403169869,3027600
2024-02-22,375.9907531738281,376.88609971697986,373.4587270174714,373.89194499931733,4990700
2024-02-23,376.7032165527344,378.2050978141585,376.3566421296396,377.1749526443934,3451600
2024-02-26,376.1543884277344,377.7910679753293,375.70189674438774,376.8668402704377,1914100
2024-02-27,375.1434631347656,375.9040404038277,374.2673610918035,375.81736744273786,2370900
2024-02-28,375.0858459472656,375.22061510876466,373.16035395511403,373.48768406809864,3313900
2024-02-29,375.4226989746094,376.5394581361062,373.9785804188112,376.13512139365633,3026900
2024-03-01,376.732177734375,377.02098981493504,374.3927117397997,375.3265766411834,3857500
2024-03-04,375.6923522949219,376.67434255982437,374.8451311813555,374.8451311813555,3048500
2024-03-05,371.802734375,374.7872516814551,370.58005801122994,374.4984103662509,4132400
2024-03-06,372.7558898925781,374.63325584454765,371.74501861423664,374.0170844660271,3039100
2024-03-07,373.9786071777344,375.20128373208826,373.381680118866,374.57550485593345,2965700
2024-03-08,373.5357971191406,375.8752921406518,373.2662294244847,373.7764836101075,4256900
2024-03-11,373.9497375488281,374.17115027978264,371.13850687792586,372.505618845023,3396000
2024-03-12,376.23150634765625,376.85728535286074,373.3913939800757,374.7392324637489,3275800
2024-03-13,376.6454772949219,378.1569955100995,375.5286884507529,377.09796907332935,2788700
2024-03-14,375.538330078125,377.7911521372944,373.3913959736388,377.5601025047669,4471900
2024-03-15,373.47601318359375,375.6570453206005,372.5495693041806,374.1901439394831,4372300
2024-03-18,374.180419921875,375.27090626676426,373.9391564077547,374.7787487247154,2060600
2024-03-19,377.2396545410156,377.4230171822978,373.92952593448365,374.59541564206313,3303800
2024-03-20,381.18670654296875,381.4086795866276,376.2649542324873,376.5158482697608,4823900
2024-03-21,383.8503112792969,384.88292635025226,381.9781037594568,382.46063086351626,4348400
2024-03-22,380.7427673339844,384.1494069002368,380.70415692626455,383.8599024701181,3156100
2024-03-25,379.2179870605469,380.3760342081423,379.09252532639067,380.1540906333533,2535600
2024-03-26,379.12152099609375,380.4918813685588,378.9092079093733,379.92250296578925,3395400
2024-03-27,383.66693115234375,383.6862216332255,380.68491731918454,381.19639484815133,4427300
2024-03-28,383.8599853515625,384.6320169659809,383.1651451181387,384.1494898441898,3155000
2024-04-01,381.5148010253906,384.1397491946479,380.93579216174805,383.91780561395564,3825200
2024-04-02,377.94415283203125,378.4363398616305,376.64132386910757,378.2722677013925,4034900
2024-04-03,377.58709716796875,379.1890905954073,376.3614595454615,377.99240341943323,3547000
2024-04-04,372.5301818847656,380.4629279523095,372.12487564580954,380.26027483283144,5041200
2024-04-05,375.27093505859375,376.80539704310615,372.5880857537847,372.84866921773937,4423500
2024-04-08,375.5024719238281,376.5061362088813,374.9909945436668,375.4542015589934,2431300
2024-04-09,375.2516784667969,376.3518544114833,372.25037398636255,376.00441957853906,4003900
2024-04-10,371.0729675292969,372.48193829219974,369.6446768353628,371.46864325094987,5173100
2024-04-11,371.1019287109375,372.5880908876177,368.6506829393219,371.99942199642265,3972800
2024-04-12,366.5951232910156,369.5481866987133,365.5721682256623,368.9498578247651,5305100
2024-04-15,364.1246032714844,370.4071156314532,363.4394230255877,369.9342190396474,4870700
2024-04-16,364.7711486816406,366.65298645108743,363.86399549800916,366.4696238213462,4383500
2024-04-17,364.2596740722656,366.9039128256272,362.9954555842633,365.9581492253565,4584900
2024-04-18,364.63604736328125,367.61806107791153,363.68065320308244,365.8037546092036,4579200
2024-04-19,366.7196960449219,367.9073455171068,364.9044678986619,365.64793853090845,5078600
2024-04-22,369.2012939453125,371.2000108748237,366.72946188945264,368.58335066462877,4129000
2024-04-23,371.7599182128906,372.31029451095026,369.7226006602702,370.4757363173056,3126400
2024-04-24,371.1999816894531,372.19450755977647,369.82887318090474,371.6151655214242,3575800
2024-04-25,367.8011169433594,368.409394972896,364.4795882873778,366.71002946200093,4682800
2024-04-26,369.14324951171875,370.1377751553346,367.424553851881,367.6369782353015,4252400
2024-04-29,370.58197021484375,370.80405965516576,368.9115700300256,369.9060957962865,3265900
2024-04-30,365.1072998046875,369.56818341763943,365.0590041125479,369.2881626962224,3463600
2024-05-01,365.8410339355469,370.27295069527565,364.9623708202359,365.34858891783745,5731600
2024-05-02,369.0660400390625,369.722613821583,365.85070847093243,368.0232186512427,3535600
2024-05-03,373.44964599609375,374.62763042334535,371.7985465786239,373.8069279627352,4471100
2024-05-06,375.0718078613281,375.3517990559169,373.50757585072546,374.9462803419692,2596100
2024-05-07,375.3519287109375,376.3271541136949,374.9657104563466,375.76714206452266,2428600
2024-05-08,377.03192138671875,377.4471051609727,374.8207804898954,374.96560861271,2855100
2024-05-09,380.4306640625,380.6817191076763,376.57808884811885,376.6746212809824,4141200
2024-05-10,381.57000732421875,382.2652117276525,380.52721545234493,381.6376035986,3505600
2024-05-13,380.8748474121094,382.9507958352683,380.4982942773129,382.72873586001,2635800
2024-05-14,381.956298828125,382.60323714075327,380.2472678468394,380.9521374153377,2702700
2024-05-15,385.52886962890625,385.74129404834616,383.26946233116826,383.55911860015067,3421200
2024-05-16,385.4612731933594,387.18963417510156,385.38404134384706,385.9826839438824,2877200
2024-05-17,386.7512512207031,386.8189187208873,385.2910733275002,385.9389461138255,2702900
2024-05-20,384.9623107910156,387.4958434690117,384.7108816057139,386.577182607692,2094800
2024-05-21,385.619873046875,385.8906315955892,384.64319458058117,385.175061754802,1618300
2024-05-22,383.5697326660156,385.6874623166806,382.4576899912573,384.8171693325419,2647200
2024-05-23,377.76776123046875,383.9855565386343,377.3712881744113,383.95654775455506,3361200
2024-05-24,377.74847412109375,379.30532822488385,377.28430401345645,378.3093205128318,2072200
2024-05-28,375.7757873535156,377.3423208869912,374.24791252942236,376.94584778733326,2176100
2024-05-29,371.8884582519531,372.9908512645765,371.5596821369077,372.59437813778044,2715000
2024-05-30,368.8907165527344,369.78033893181095,367.8560207438316,368.78433133822597,4063400
2024-05-31,374.7411804199219,374.81852736752074,368.6877562814036,369.37434692727726,4748400
2024-06-03,373.4936218261719,375.0891935175854,370.29285803253987,375.0698346541252,3614300
2024-06-04,374.7217712402344,375.56305560210166,371.84978318841434,372.2945944409198,2822500
2024-06-05,375.7080078125,376.13348960595937,373.2324934744412,375.7757048047455,2181400
2024-06-06,376.481689453125,377.7001175774685,374.99253231277856,375.97886062124434,2241900
2024-06-07,375.6694641113281,378.696175961182,375.089288270213,376.04660791852297,1952000
2024-06-10,376.4429931640625,376.5106606560753,374.41228966302725,375.2245651613487,1380600
2024-06-11,375.16656494140625,375.38898531248645,372.1978712317168,374.86679764282155,2522600
2024-06-12,374.8958435058594,378.9765804535973,373.9288445088643,378.65745425872717,3866700
2024-06-13,374.11260986328125,374.87654740160025,371.898173700809,374.05459227915276,3136100
2024-06-14,373.7064208984375,373.7837973433927,370.96982674510724,371.9271463005409,2884300
2024-06-17,375.7564392089844,376.3656532694874,372.2752665954803,372.53634568835326,2025300
2024-06-18,376.2979431152344,377.31328009400073,375.21487962463084,376.0755227580594,1848700
2024-06-20,379.13128662109375,380.1369442847733,375.5630581233488,375.911163581438,3588000
2024-06-21,379.27081298828125,380.3659677759227,378.4179480359093,379.5906521336187,2592100
2024-06-24,381.8294677734375,383.38980036079676,379.8135994648236,380.36602747427645,3096600
2024-06-25,378.960693359375,381.9553923200054,377.79771983927236,381.42236648700805,2879100
2024-06-26,379.17388916015625,379.6487973467553,377.01268276972417,378.059361839012,1501900
2024-06-27,379.4840393066406,380.2884581438849,378.12722210836944,378.56332607760123,1601100
2024-06-28,379.0673522949219,382.1589734034597,377.19688159611627,379.29994110576604,3624400
2024-07-01,379.3870849609375,382.12982229691545,378.2241115661957,379.9879589846799,2536500
2024-07-02,381.1606750488281,381.1606750488281,378.6408549160624,378.7377767627832,1711600
2024-07-03,380.7149353027344,381.90701220390906,380.04624241950256,381.58720256410254,2319100
2024-07-05,381.5579833984375,381.84871932371124,379.57118932109614,381.0637027490809,2011000
2024-07-08,381.3254699707031,384.49464030986746,380.6664486412155,382.2461832813104,3374500
2024-07-09,380.821533203125,382.85677405187516,379.3968675666399,381.092896677865,3821600
2024-07-10,385.00823974609375,385.2020538636618,380.52102737604133,380.8214643982077,4234300
2024-07-11,385.36688232421875,386.58803271305845,384.0875847336628,385.2408868617004,4020700
2024-07-12,387.973876953125,390.270779873669,385.8417145588162,386.5588830112673,4711800
2024-07-15,389.9509582519531,391.133333891683,389.02057351825675,390.0575811646586,4433500
2024-07-16,397.0257568359375,397.3455663546317,391.39494431507876,391.4046157950208,6547600
2024-07-17,399.225830078125,399.6231889868013,395.95976758707127,395.95976758707127,4490600
2024-07-18,394.176513671875,401.0962964313352,393.5271638580841,398.01437662734367,4922200
2024-07-19,390.7091369628906,393.72464671811036,389.7395151112299,393.0556052732236,4284500
2024-07-22,391.8726806640625,392.43507793057404,390.0013175193333,391.7660364596793,2314000
2024-07-23,391.2327880859375,392.97812551508144,390.97100078729824,392.00850347350695,1693500
2024-07-24,386.5592041015625,390.39889882041666,385.9871010991633,389.5262449648381,3701300
2024-07-25,387.3542175292969,392.1053881948499,386.26824580820255,386.520356954353,4179800
2024-07-26,393.6374206542969,395.23729093918115,389.50682171580263,389.6037898280257,2810600
2024-07-29,393.19146728515625,394.6361947453565,391.6885352756726,394.50043344789214,2039000
2024-07-30,395.0335998535156,396.30380197599413,392.968300796056,393.5403740764426,2576400
2024-07-31,396.08087158203125,399.4939598761247,394.14162762966527,395.08216213018335,5634800
2024-08-01,390.9806213378906,398.44669167791506,388.7795608448824,397.25407576440944,5497900
2024-08-02,385.06591796875,388.2171888825852,381.6043609709072,387.78084722754267,4844900
2024-08-05,375.0594177246094,378.44338844261284,373.2365239495842,374.7782191085445,8680200
2024-08-06,378.11370849609375,382.5351815328005,374.52612559368737,375.7866220963285,4058000
2024-08-07,375.9902648925781,382.79702941249224,375.5151596414316,380.70264260563494,3969400
2024-08-08,382.5351867675781,383.1363771472816,377.415584781832,377.6774016091007,2993500
2024-08-09,383.1460876464844,384.44537744087546,380.49903879893486,382.20555322040497,3380200
2024-08-12,381.8080139160156,384.0090746188592,380.68324893462466,383.92181219666236,1902000
2024-08-13,385.7059326171875,386.03560053688267,382.0989376968856,383.0685596691118,3510800
2024-08-14,387.93603515625,388.7020447677418,385.4344235919463,385.6574176983396,5230400
2024-08-15,393.5500793457031,393.80219046884633,390.93208879300687,392.44469635085125,3764100
2024-08-16,394.7020568847656,395.31341605540007,392.62540802202597,393.0426745747405,2789200
2024-08-19,397.0018310546875,397.2056371476495,395.2066079574255,395.3036246328895,2012400
2024-08-20,396.4681701660156,397.2347974523196,395.7112563942135,396.5263920242794,1999600
2024-08-21,396.8854064941406,397.85581021054134,395.5268472140538,397.2056563046008,1439000
2024-08-22,395.42010498046875,398.3507134535947,394.00329427531517,397.5744023498596,2353500
2024-08-23,399.641357421875,400.1168753901157,396.4681478674776,397.176553255675,3818300
2024-08-26,400.5050354003906,402.25175029816876,399.4666962842891,400.4274161310021,3145000
2024-08-27,400.6700439453125,400.84470952393275,399.18529768391767,400.0877957355374,1710200
2024-08-28,399.1658630371094,401.6792051207414,396.6136965126139,400.4468030562615,2732600
2024-08-29,401.6598205566406,403.97907012451975,399.1270513643676,402.10619799055036,5024800
2024-08-30,403.8918151855469,404.22174897110307,399.92286662850296,402.2421462577659,2283800
2024-09-03,398.1081237792969,402.89220698319923,396.52636098673725,401.93151678267066,3754700
2024-09-04,398.2731018066406,400.3400368231025,397.11831902804744,397.83640829345563,2131200
2024-09-05,396.37115478515625,399.47645900187797,393.96457215085394,399.16592265733067,2234700
2024-09-06,392.49920654296875,398.8359418555143,391.82962558530244,396.8563099104846,3351000
2024-09-09,396.9436340332031,398.729202957601,394.0906446969733,395.3036493598475,3038200
2024-09-10,396.17706298828125,397.99171334738713,392.9844262093771,397.9626024181,1970500
2024-09-11,397.1571960449219,397.7976661767643,388.94758729017246,395.09994450199724,3134600
2024-09-12,399.77734375,399.8064546859116,395.42023919373827,397.5745372943395,3131600
2024-09-13,402.65936279296875,403.98881128593274,400.14602045693204,400.37890789675805,5210300
2024-09-16,405.02716064453125,406.1625165565526,403.34835133531897,404.1246921781809,3881100
2024-09-17,404.91064453125,407.07462576060584,403.5035473650083,405.9101591260605,2561700
2024-09-18,403.8722839355469,408.5399229665617,403.25121140545156,405.1435103053195,3173600
2024-09-19,408.9378662109375,410.2673146698575,406.96794769452254,409.49100348073404,4073000
2024-09-20,409.33489990234375,410.0453796724242,407.320190754996,408.1766871868539,2902200
2024-09-23,409.8604736328125,410.4347385394891,408.78014037608125,409.8702159980442,2318700
2024-09-24,410.8532409667969,411.35933901494093,409.1499903961783,410.4055377048875,2790700
2024-09-25,407.9237060546875,411.6416664550632,407.20348377379605,411.15502335665815,2048000
2024-09-26,410.35693359375,410.84357670644164,408.97488378701513,409.98708007573015,2703700
2024-09-27,411.6513977050781,414.8145777592889,410.9603431383219,411.3009992384735,3667700
2024-09-30,411.8167724609375,411.9919568144595,407.88468865756266,411.13549007424126,3819800
2024-10-01,410.24017333984375,411.8460897861153,408.089218944563,411.1356098002678,5101300
2024-10-02,410.63922119140625,411.2134565368455,408.3714475078451,410.56134165508274,2599600
2024-10-03,408.76068115234375,409.87021179104863,407.1060830059191,409.1110498690929,2534400
2024-10-04,412.09912109375,412.29376051593107,408.44929777655034,411.0868951104586,2520900
2024-10-07,408.4005432128906,411.63186001185977,407.08663081359657,410.8337583261506,2632600
2024-10-08,409.55877685546875,410.025964873864,407.5246124813956,409.2765452736268,1872900
2024-10-09,413.69525146484375,414.2889714404448,408.80936585843534,409.64640736288345,3935100
2024-10-10,413.31573486328125,413.71478578269915,411.7390159197472,413.6466486178949,2179000
2024-10-11,417.2769775390625,417.6078912624171,413.65635190978713,413.9191284747739,3753500
2024-10-14,419.3792419433594,419.8950823637362,415.77807166367216,416.877889656746,2180600
2024-10-15,416.11883544921875,418.639643416662,415.62244992857035,417.8609965507095,3291200
2024-10-16,419.2138366699219,419.5642054476564,415.51536096070345,415.76839517717684,2583700
2024-10-17,420.8975830078125,421.32583126513197,419.68097539095834,420.98517519194587,3462800
2024-10-18,421.22772216796875,421.77294796317807,418.97862862200856,420.8577411542387,2303700
2024-10-21,418.0439147949219,421.6171192529122,417.4500198622656,421.0231946076817,2702600
2024-10-22,417.9855041503906,419.066239621999,415.89222356560845,416.35957264962485,2306100
2024-10-23,413.9449768066406,416.4763989934563,411.764073858036,415.7656445052605,4006500
2024-10-24,412.60137939453125,413.46791692033344,410.80991913382667,413.12714340218,1936600
2024-10-25,410.0310363769531,414.76282333892465,409.3786967972299,414.2273433158879,2518800
2024-10-28,412.8837585449219,413.613974814784,412.1048433628566,412.37745624843546,2912000
2024-10-29,411.3551940917969,413.7600410303751,410.63472349656047,411.09232691281073,2697700
2024-10-30,410.62493896484375,413.44843586286936,410.3328643491283,410.8878061189876,2933600
2024-10-31,406.6524658203125,408.8528299938828,406.0195881361987,408.17131283705095,4297100
2024-11-01,409.3299865722656,412.13399168762265,408.2492511974059,408.599770407183,3856400
2024-11-04,407.0225524902344,409.2132013835351,405.4550357663985,408.765343707093,3125400
2024-11-05,411.1603698730469,411.47193590096816,406.6914505110879,407.2366762036643,3093100
2024-11-06,425.696533203125,426.24175885851355,422.2693665548885,423.1943188520137,7271800
2024-11-07,425.8524475097656,426.689747984217,424.91774920155797,425.9887391093507,4267900
2024-11-08,428.50054931640625,430.0486336673031,425.862043338824,426.73829675697107,5014300
2024-11-11,431.32415771484375,433.135079810146,430.1655455178198,430.2239604426633,4065100
2024-11-12,427.7996520996094,432.5022318269031,427.4685945752584,431.87909967821446,3483000
2024-11-13,428.20855712890625,429.9026493774137,426.8747001550744,428.30592524133715,2631000
2024-11-14,426.1542053222656,429.30872993975385,425.57002639354477,428.9679564219522,2528300
2024-11-15,423.30560302734375,425.2540304214821,422.34111125040823,424.60129416296303,3486900
2024-11-18,422.9938659667969,424.1044541699835,422.0196522272166,422.97439239503706,2243000
2024-11-19,421.67864990234375,422.92564223599396,418.56118393353927,419.6230732876863,3202500
2024-11-20,423.09124755859375,423.6952552549485,419.80815236795286,422.3703092523865,3956000
2024-11-21,427.650634765625,429.1801575733835,422.4483366195226,424.6208143750046,7558000
2024-11-22,431.7325134277344,432.13194458148087,427.99153667710044,428.2545636527011,5492800
2024-11-25,436.0190124511719,436.8373482624766,433.9147076232576,435.0934976898306,2976100
2024-11-26,437.3049011230469,437.743279300005,433.1937195233218,435.0447189752876,4126500
2024-11-27,436.1944885253906,439.0197324026261,435.8340341670162,437.5973588119507,2985900
2024-11-29,438.48382568359375,439.6431423254346,436.6815244540446,436.7399748955961,3474100
2024-12-02,437.1686096191406,439.3703419105906,436.37949896666595,438.99038432869673,2661200
2024-12-03,436.3406066894531,438.0065038618387,435.0935845596628,437.56809578616907,1697400
2024-12-04,439.3118896484375,439.906145682504,437.20758467369285,438.25000037643656,3694400
2024-12-05,437.1004943847656,439.8380326318567,436.78873885077275,438.863818886112,1917600
2024-12-06,435.6195983886719,438.35713618282676,435.25914411928795,437.8992546088593,1973900
2024-12-09,433.6029968261719,436.72049238811576,433.33021819429985,436.10673303374347,1998600
2024-12-10,432.24884033203125,434.30441678476166,431.5279317722134,433.0477026300478,2461000
2024-12-11,431.09930419921875,433.2717816737174,430.97265166416616,432.65802229962674,2084300
2024-12-12,428.91705322265625,431.6935682023056,428.7027250203167,431.0798088169403,3585300
2024-12-13,428.040283203125,430.14458843453366,427.6019048615672,429.4918521518004,2548400
2024-12-16,427.0660400390625,429.306749309413,426.6568869484716,428.3130323424089,1987500
2024-12-17,424.33819580078125,425.5656846358072,423.22757810220236,424.9324517853405,3130300
2024-12-18,413.28094482421875,426.74458554836104,413.0471430455999,424.737707666834,6135700
2024-12-19,413.5829772949219,417.90848888230954,413.5050532735421,416.4861450796275,4948000
2024-12-20,418.6956787109375,422.15433711674916,412.0323391428934,412.36452515730014,6069600
2024-12-23,419.0377197265625,419.5750734134558,415.21753515072004,417.4842183507709,2602700
2024-12-24,422.56475830078125,422.69177675600343,418.4416975011156,419.0377002948798,1431700
2024-12-26,423.2584228515625,423.7078773389107,421.02104950529525,421.0698889938369,1867400
2024-12-27,420.1221618652344,422.35956498286794,417.61119202090816,420.6888251503345,2429100
2024-12-30,415.9892883300781,417.83588595044654,412.81394666213976,415.6961917950361,3858300
2024-12-31,415.7255859375,417.9141200213539,414.29913281616956,417.1031995652425,2442700
2025-01-02,414.0646667480469,419.10613739059386,411.9054421097253,418.5003844906927,4231500
2025-01-03,417.347412109375,417.943385060299,414.45541669067495,416.06750742199426,2203200
2025-01-06,417.3182067871094,421.21654113654074,416.2923089259388,419.0084470857125,3463300
2025-01-07,415.5594177246094,419.4577807668047,414.12318498622926,419.04741577732335,2053900
2025-01-08,416.3410949707031,416.761210004643,413.5370283807923,415.63763336703073,2020200
2025-01-10,409.6972351074219,414.58237626387023,409.1794113374998,414.5335367789199,3415500
2025-01-13,413.24383544921875,413.5174021501251,408.89607788779534,409.1403349356236,2608100
2025-01-14,415.3835754394531,415.7353211317628,411.86626759904357,415.11978853262394,2643300
2025-01-15,422.310791015625,423.32690900838827,420.61077096000747,421.64641878889444,4059800
2025-01-16,421.6463928222656,422.96538718470794,420.86478199384004,422.16421670481947,2532500
2025-01-17,424.8932800292969,426.5255432815294,424.1602335646135,424.71735603642975,2771000
2025-01-21,430.151611328125,430.47413860330823,426.4472753591724,426.48637951692376,2113800
2025-01-22,431.30499267578125,432.0087184781765,430.3960222141108,431.51023733505656,3724100
2025-01-23,435.31231689453125,435.3807417231521,431.5395555832385,431.5395555832385,2352500
2025-01-24,434.08074951171875,435.4100224882003,433.318382452235,434.7453710860924,2022000
2025-01-27,437.0129699707031,437.19867745891077,430.5817221944558,430.67946768736556,3822400
2025-01-28,438.2738342285156,439.57375686569776,436.09423195076135,437.09119425601307,2233500
2025-01-29,437.0716247558594,439.4466881852257,435.69349379829515,438.0783407255746,2225100
2025-01-30,438.674560546875,439.9353789930798,436.2603929911504,436.44610048218595,2322600
2025-01-31,435.32208251953125,440.1797082529083,434.97998821820926,439.8571809462386,3085400
2025-02-03,434.2273254394531,435.8204842802929,428.7832572122092,429.67266053573496,4527700
2025-02-04,435.4588317871094,435.91820867097056,433.2499093462795,434.1882301054837,1890500
2025-02-05,438.52789306640625,438.7038170339447,433.3867850560761,435.6445654560177,2273400
2025-02-06,437.2475891113281,439.5640412502447,435.3221488199162,439.1926262281128,1867200
2025-02-07,433.10333251953125,438.3519396834947,432.79055891401356,437.6579974812851,2259200
2025-02-10,434.725830078125,436.18213936187135,433.0838133226311,435.74232942436436,1858100
2025-02-11,436.0257568359375,436.4460594395517,433.210883725039,433.3183828793521,1436200
2025-02-12,433.6018371582031,434.7356191690338,431.09970783351963,432.34098899899067,2444500
2025-02-13,437.1497497558594,437.7264092958011,433.67022552411277,435.2633545101897,2961500
2025-02-14,435.7130432128906,437.9121825575092,435.2829869103907,436.9934286228719,2005400
2025-02-18,435.8401184082031,435.9182969067624,433.6018748548303,435.21457110878106,2451200
2025-02-19,436.5731506347656,436.7001869623146,433.52365239113385,434.7258592899041,2239400
2025-02-20,432.3899230957031,435.48824950758296,430.02461333449577,435.2047965174979,2960000
2025-02-21,424.96923828125,430.0984509009475,424.18616743524814,429.81457502357074,3842200
2025-02-24,425.3410949707031,427.66097235788385,424.18605532284414,426.61359222719454,3629300
2025-02-25,426.9072570800781,428.28744369674007,423.5008371407275,426.3297372683792,2953100
2025-02-26,425.1552429199219,429.2468435472165,423.8435827611726,427.2108413280844,2427800
2025-02-27,423.2072448730469,429.47190023536683,422.9625315395794,425.25304475616673,3296900
2025-02-28,429.0999755859375,429.5404715806482,421.90539686315805,423.9022662350846,3249900
2025-03-03,422.9527282714844,431.3708728141989,420.39793544001895,430.24519746847005,3925200
2025-03-04,416.5706481933594,421.9739082019851,414.8870191521431,420.5937213246885,3586900
2025-03-05,421.36700439453125,422.4731134638547,415.47431795880823,416.2182261945585,3018300
2025-03-06,416.8936462402344,421.02440867566366,415.0729933022708,417.1579557695889,2824100
2025-03-07,419.2037048339844,420.2412868952202,413.056507583242,415.13167170571364,3719500
2025-03-10,410.61920166015625,417.0404775501897,407.80989719229603,414.43675380356433,3442800
2025-03-11,405.9696044921875,410.16889347627085,403.5322693558594,409.62073802289774,3893400
2025-03-12,405.1963806152344,408.7398251763511,401.878053219963,408.1427090632828,2960500
2025-03-13,400.1357116699219,405.43131241344986,398.6380670879065,404.60907910099405,2557200
2025-03-14,406.5765075683594,407.1148948268516,401.2417748070081,402.1423031482669,2422700
2025-03-17,410.3450622558594,411.8818690265246,406.067478336173,406.16536963554455,2141000
2025-03-18,407.7218017578125,409.81656235322254,406.10669963711155,409.5718490054728,1844100
2025-03-19,411.529541015625,413.55574475936334,407.98606677472526,408.77893560319546,1813800
2025-03-20,411.23583984375,414.1919959008586,408.80830280024884,409.08238052684516,1646500
2025-03-21,411.53106689453125,411.91356331091663,406.20574706922196,408.02987786623737,2485700
2025-03-24,417.2879333496094,418.0136889192016,414.6399984859641,415.18920112120753,2474900
2025-03-25,417.6116027832031,418.61192977464117,416.17972521612717,418.1019644331963,3997600
2025-03-26,416.0522155761719,419.88684689503907,414.9832308754079,418.1117103609794,2442100
2025-03-27,414.7870178222656,416.8955664379345,413.33553690341284,415.51274331704553,1646000
2025-03-28,407.6081848144531,414.23788343883587,407.19629781750143,413.8456001319731,2600600
2025-03-31,411.7860107421875,413.23746174274896,403.5087055702706,404.2540646868572,2985300
2025-04-01,411.5016784667969,413.1591032083811,407.0001621921395,410.3444321766077,2384800
2025-04-02,413.89459228515625,415.4833590090187,408.1573558373119,408.3436956312756,2299800
2025-04-03,397.40863037109375,403.67543564696354,397.1928700839998,402.998764218068,7440100
2025-04-04,375.832763671875,389.0038696876203,375.3031647386306,387.31702450668837,8667200
2025-04-07,372.25311279296875,384.64943849724654,359.2585303725149,364.22098737798217,12718200
2025-04-08,369.2226867675781,386.75799271163527,363.8777332739669,385.89498142302205,7283000
2025-04-09,398.2521057128906,399.9291641101147,364.86830602790496,364.86830602790496,9861100
2025-04-10,388.0525817871094,392.4756533748353,376.9017628379523,391.89703022885533,6624200
2025-04-11,394.1624755859375,396.30044503684854,385.1202062397059,386.8364718862194,3789900
2025-04-14,397.6048278808594,399.99776504398915,393.96632312279286,399.62511535457,2286200
2025-04-15,395.9277648925781,400.15467959913764,395.7512418950614,397.9676859615414,2387300
2025-04-16,389.1215515136719,396.49660947782723,386.4441962070299,394.5547666763356,3004400
2025-04-17,384.0065002441406,387.009031714301,382.19128490051065,384.12427064906467,4537500
2025-04-21,374.44952392578125,381.39651062092094,371.24097656170517,381.16099975290797,2881800
2025-04-22,384.5069580078125,385.2821226955739,377.9623006706736,378.815949023851,3308100
2025-04-23,388.4709777832031,396.1636630273891,387.4799457870584,391.7874734251238,4049200
2025-04-24,393.4457702636719,394.132599600376,386.4006565961015,388.07854799658446,4010500
2025-04-25,393.4849548339844,393.8283844375116,389.67788391560873,392.3663906313721,1790800
2025-04-28,394.71148681640625,396.57581048445047,391.22820196242435,394.250316742337,1534700
2025-04-29,397.59625244140625,398.68541154169395,394.64282953924044,394.839053650097,1888100
2025-04-30,398.7050476074219,400.1179930401384,389.9428455426007,394.8685111839924,2487400
2025-05-01,399.7647705078125,403.2087987890386,399.3722623766095,400.8735131515456,1917600
2025-05-02,405.2791442871094,406.0935357281773,402.62004259391847,404.04280962450645,2277700
2025-05-05,404.5137939453125,406.65282535064966,402.7475973249217,403.10084862666537,3866000
2025-05-06,400.56927490234375,404.00351088043425,399.8530105626053,400.7949640465164,1745600
2025-05-07,403.3265380859375,405.0436563504097,400.48103380793106,402.1588952705631,2420600
2025-05-08,406.1033935546875,409.9006732772847,403.8367997676463,405.33805058690956,2001000
2025-05-09,404.6708068847656,407.3691354883752,403.83677205481695,406.6528411155176,1789200
2025-05-12,416.25885009765625,416.327512060062,413.1778354287282,415.01269387110693,2398600
2025-05-13,413.59002685546875,416.02340961010765,413.5017215081633,414.7380263146062,3018000
2025-05-14,412.64801025390625,414.7183797112314,411.72567010805165,414.1492609263437,3064800
2025-05-15,415.52301025390625,415.7192343765129,410.6267497686671,410.6758282574435,3927000
2025-05-16,418.85382080078125,419.0796817390225,414.8769062307946,416.0945235377624,2430300
2025-05-19,420.3168640136719,420.92567253193613,415.9864302398577,416.0551744188742,3121500
2025-05-20,419.2661437988281,420.4739615883534,417.3611449927217,419.68837807880357,1971000
2025-05-21,411.1944885253906,416.9094853848442,410.54639331759137,415.456178255208,3624800
2025-05-22,411.26324462890625,413.5511912907045,409.8393949689411,410.330373476936,2638600
2025-05-23,408.8181457519531,410.6249730078514,406.36325324518316,406.4712840982948,3117800
2025-05-27,416.20245361328125,416.2122528051239,411.62653069223,413.1092952560688,3126600
2025-05-28,413.8163146972656,417.1647615553277,413.148561190507,416.08463287437775,1790900
2025-05-29,414.8375244140625,415.3874179083194,411.0275266560344,414.8375244140625,2751400
2025-05-30,415.22052001953125,416.6148821665418,411.94078726260943,414.5429672977623,2957500
2025-06-02,416.0649719238281,416.20246028130356,411.5185064393606,413.7082812313831,2636100
2025-06-03,418.32354736328125,418.67703752973836,414.8474108916928,415.43659113607333,2332600
2025-06-04,417.2727966308594,419.45274229981163,417.19422329188086,418.6868170629878,2163300
2025-06-05,416.3203430175781,419.1189266796334,415.23035507959895,418.26462881759534,3018800
2025-06-06,420.6507568359375,422.32989496461454,418.8537586915538,420.06157662520593,3081100
2025-06-09,420.6310729980469,421.96655005914886,418.7359032393077,420.7881897091735,2680200
2025-06-10,421.8586120605469,422.33979145895086,420.15001614727527,420.54279302806754,2022600
2025-06-11,421.84881591796875,424.26442222092345,420.4446243246746,422.1041044105052,3025000
2025-06-12,422.7226257324219,422.7815407503819,419.2661481553276,420.473965957403,2587700
2025-06-13,415.1813049316406,419.2171644470086,413.9931451573301,418.4217515768347,4826100
2025-06-16,418.588623046875,420.47399364659424,417.2138892590324,417.38080516526196,3177100
2025-06-17,415.47576904296875,418.72607394739833,414.7393013689116,416.8014168496609,2450200
2025-06-18,415.2106628417969,418.5198528864938,414.6116835012908,416.02570387156896,2786700
2025-06-20,415.3279113769531,417.6814467864518,414.3037635991289,416.9133434661252,3810500
2025-06-23,419.22747802734375,419.46380824537374,413.2205012177141,415.56420938705844,4315000
2025-06-24,424.2201843261719,425.14585112681874,421.1575981958193,421.9946411605104,4958200
2025-06-25,423.3043212890625,424.3383260893084,421.9749337707181,424.1807625944472,3265500
2025-06-26,427.31231689453125,427.56836136539005,424.230046341813,424.2497605639824,2444800
2025-06-27,431.3202209472656,432.85642754920593,428.46445380530815,428.5136792525866,3621000
2025-06-30,433.9298095703125,434.53052232101606,431.97016791500823,433.7328777250296,2827800
2025-07-01,438.10516357421875,439.16867967555066,433.2897247086669,433.4768294939643,4520300
2025-07-02,437.9278564453125,438.6073358721596,436.60829597855314,437.89831516815235,3141700
2025-07-03,441.2563171386719,442.0145632927634,438.77475968260165,438.87324062457617,2807100
2025-07-07,437.2286682128906,441.01010173712103,434.8258776320522,440.55712549546985,3657500
2025-07-08,435.63336181640625,437.60286024313467,435.3083777467859,436.92338088174046,3563200
2025-07-09,437.74078369140625,438.80432985129283,435.5349546963321,437.61279151579294,3251900
2025-07-10,439.69061279296875,440.9806321194982,436.933326458135,437.6029488462851,2262600
2025-07-11,436.80523681640625,437.68164803137535,436.007592319348,436.9037177529167,3345500
2025-07-14,437.79986572265625,437.9771434505345,435.7319160683484,436.3522829333411,2244700
2025-07-15,433.4374084472656,438.380869281418,433.4275813895088,437.7998407350247,3810700
2025-07-16,435.6137390136719,435.8599263686761,430.96575060127236,435.12136430366337,4230300
2025-07-17,438.4301452636719,438.8141819167297,435.23956670652,435.3084763274185,3790800
2025-07-18,436.6775207519531,439.16008748607885,435.5544355213143,439.1108420206172,3901900
2025-07-21,436.8548889160156,439.3867314605621,436.5593559617219,437.6036124860798,2548800
2025-07-22,438.352294921875,438.8350388208839,436.26378192590124,436.2834741008935,3091600
2025-07-23,443.5242919921875,443.5637064030111,439.72162811833874,440.6082569433575,5486500
2025-07-24,440.4703674316406,442.4603895163614,440.11572789043674,440.37187649089935,5078300
2025-07-25,442.3519592285156,442.7361820873757,439.7807326415713,440.8840956243698,3710600
2025-07-28,441.68206787109375,442.8051530997998,440.7363324593953,441.9973230297888,2864200
2025-07-29,439.8497619628906,442.18456254185776,439.03207066561083,441.9678283495609,3146200
2025-07-30,438.1552429199219,440.73633063422704,436.0371467585252,440.07626702746694,3765000
2025-07-31,434.7761535644531,439.57385840587784,433.9584924483288,438.6576462312304,4223300
2025-08-01,429.2495422363281,431.2592565749232,426.96398711121145,431.2493954547075,5980000
2025-08-04,435.2491149902344,435.3377748816712,431.0917808268644,431.37748274219985,5065800
2025-08-05,434.58905029296875,436.42141471390795,432.68768809776213,435.23922278373516,4081600
2025-08-06,435.4066467285156,436.3721043300173,433.5939747524517,435.5445520633672,2975300
2025-08-07,433.19012451171875,438.40157601240355,431.4759732695974,437.67254462699947,5205100
2025-08-08,435.357421875,436.3031572845894,433.7713150306185,434.263889940836,3684500
2025-08-11,433.475830078125,436.2933444454463,432.7074143357292,435.76135506551384,3538100
2025-08-12,438.07647705078125,438.53949873461335,434.5890678383173,435.130888290627,5012600
2025-08-13,442.74609375,442.97265899216904,439.42611323945306,439.81033614217597,6203200
2025-08-14,442.4899597167969,442.96284252085826,440.3423400190844,441.0910335450263,4553200
2025-08-15,443.11688232421875,445.60092049355524,442.5648738421439,445.4530664505363,5584400
2025-08-18,442.6436767578125,443.5505649381695,442.2296854771519,442.93941489763034,3809100
2025-08-19,442.8802795410156,445.69946333743553,441.81567035416066,443.43228797782797,5794900
2025-08-20,442.94927978515625,444.09273448390405,441.28341751232585,443.3731681374768,4731400
2025-08-21,441.55938720703125,442.6634040485167,439.5189113934629,441.3326576447894,3780700
2025-08-22,450.12542724609375,451.33786037994145,443.8660125678579,443.99416275518894,8534700
2025-08-25,446.6063232421875,449.68180721882504,446.5668854757122,449.13966577914664,3898200
2025-08-26,448.006103515625,448.26240390612116,446.08394083352016,446.33037426062634,3190500
2025-08-27,449.52410888671875,450.12542204751134,447.7300664492109,447.79907502346964,2943900
2025-08-28,450.27325439453125,450.6774087757528,448.30178721717834,450.0169540351708,3576500
2025-08-29,449.5832824707031,450.3225827503857,447.7991068689789,449.61285327860224,3605900
2025-09-02,447.13861083984375,447.2273533375676,443.7378479160527,445.54172719605634,6009200
2025-09-03,446.7936706542969,447.2668035820971,444.102606798611,446.4190870316514,3948200
2025-09-04,450.529541015625,450.7365667359427,446.10360666821197,447.0794733300988,4524200
2025-09-05,448.4989929199219,452.12651601178914,446.51768852226996,450.59861063758603,5828200
2025-09-08,449.6916809082031,449.7803933224484,447.1583383333462,448.8833721354764,4395200
2025-09-09,451.4758605957031,452.008135086216,448.72565539924346,449.45508864474795,5979400
2025-09-10,449.425537109375,451.3674336087137,448.22294084964943,451.18014180810206,5412200
2025-09-11,455.33013916015625,455.7244266368948,450.086028481136,450.3324619143733,6352100
2025-09-12,452.7672119140625,455.10339597821866,452.520778488186,454.66967074209964,3784600
2025-09-15,453.5065002441406,454.3345129234071,452.2841700280958,453.4473586300648,4862200
2025-09-16,452.2348937988281,454.22606499091,451.24916012473136,453.5459063492069,4526100
2025-09-17,454.6795349121094,457.23258157864035,451.4265956612012,453.2305051735696,5998000
2025-09-18,456.02996826171875,457.7451352050274,454.08807174685614,454.7090887662483,6681000
2025-09-19,457.6393737792969,458.46975222147483,455.5930678852757,457.42189155623925,5871400
2025-09-22,458.3609619140625,458.9738580472311,454.89114198629534,455.87969192189627,4074900
2025-09-23,457.57012939453125,461.6528456832596,456.739751022474,458.9046779156828,5904600
2025-09-24,455.7413024902344,459.1023965683428,455.52382028715857,458.14350187771095,4588800
2025-09-25,454.1694641113281,455.80056537963844,452.46915711106476,454.63408376163693,4767200
2025-09-26,456.9869079589844,458.10397432295997,455.0493583417668,455.9884627720411,4167200
2025-09-29,457.73822021484375,458.4697375926263,456.0280177804527,458.4499774523076,3752700
2025-09-30,458.4300842285156,458.7760826994132,455.5632957819216,457.3229132561604,4253300
2025-10-01,458.9442138671875,459.8141426584817,457.25377171531545,457.2735620221225,4551600
2025-10-02,459.7844543457031,460.43690093512595,457.32297461554236,458.9936264502424,5458300
2025-10-03,462.1570129394531,464.99414656826065,460.3479495735279,460.45670575926914,9693900
2025-10-06,461.4947204589844,463.10606193281103,458.9146192044432,462.95778545292154,7405400
2025-10-07,460.6346435546875,463.24439986072156,459.0727478325806,462.1965392767944,7368700
2025-10-08,460.7334899902344,462.76990050716773,459.6065285480465,461.96917744799254,4621200
2025-10-09,458.1929016113281,461.43534423909006,457.3130776755263,460.83234325058345,5411000
2025-10-10,449.66168212890625,461.1585221379413,449.5134056795334,459.7943184674141,9309100
2025-10-13,455.4052429199219,456.2751718159006,452.8152465411742,452.9833133285059,6272500
2025-10-14,457.4119873046875,459.8932575954765,449.35531039354305,451.7970302350661,7827400
2025-10-15,457.4119873046875,461.59356489606927,454.98016261751934,459.34956713272237,6187100
2025-10-16,454.29803466796875,458.9540967114718,452.59772746468064,458.06440774690105,8149500
2025-10-17,456.6466369628906,457.96183878418293,453.8184445422433,454.1941949352336,8439900
2025-10-20,461.8283386230469,462.3326788403416,458.2782506538094,458.2980476369679,4556600
2025-10-21,464.0039367675781,466.0113691506322,461.7196181999073,461.87784318802125,5951600
2025-10-22,460.6021423339844,464.02367069682293,459.31660589184713,463.9940053997991,7604700
2025-10-23,462.0953674316406,462.76780095176747,459.69235765212625,460.37468966406715,5144200
2025-10-24,466.9606628417969,467.9792116260457,464.0632414683345,464.7950055914854,7228900
2025-10-27,470.0657958984375,470.3327835895408,468.44401241026185,469.48235823232477,4720200
2025-10-28,471.84576416015625,474.08065056592255,471.51944587797044,473.4774159277452,9435500
2025-10-29,471.0744323730469,475.0497633935204,469.21532654751815,473.3290855665258,10006500
2025-10-30,469.7295837402344,474.8124294836562,468.6418058018893,468.82969609025486,9338300
2025-10-31,470.3822326660156,471.85565943943226,468.1572447676365,470.57009276892643,7990900
2025-11-03,468.2066650390625,471.0051920242773,466.0607745972816,470.8667640290525,4858700
2025-11-04,465.66522216796875,467.4550988427842,463.5885608355784,465.19057741427633,6013300
2025-11-05,467.8506774902344,469.2845706956897,465.170811544668,465.5663589253117,7030200
2025-11-06,464.0632629394531,468.1770220561856,462.64916673073174,466.8420232516014,7125200
2025-11-07,464.6368103027344,464.72583637916284,459.69239255289045,463.0743875722493,8604400
2025-11-10,468.55279541015625,468.92857597526324,464.2313792680855,466.65412577847394,5636600
2025-11-11,474.0806884765625,474.5256679878539,468.7308245997102,468.9879439917891,4839100
2025-11-12,477.3934020996094,479.0151553264361,475.1486172687736,475.1486172687736,7066900
2025-11-13,469.46258544921875,477.04733585635574,468.9483768470678,476.0485537742624,8722300
2025-11-14,466.55523681640625,468.78022475620577,463.65781531982213,466.1399226341753,10940200
2025-11-17,461.13616943359375,467.1090041549139,459.3759579783929,465.6355773699134,7599500
2025-11-18,456.1719665527344,458.9408585815785,454.42165354490965,457.0323205853914,12817500
2025-11-19,456.62689208984375,458.24864547020053,454.31290813134774,456.3796711945557,5833400
2025-11-20,453.007568359375,463.8160585105901,452.6218892824066,461.45264247672645,13414200
2025-11-21,458.0037536621094,461.2216713304258,453.33034587054766,455.0036654753781,11821400
2025-11-24,459.85528564453125,461.2711621558874,456.4591521216032,459.172094558233,6206800
2025-11-25,466.5287170410156,467.24161073553574,458.87504344091536,460.9839916632284,7203600
2025-11-26,469.66741943359375,471.0932067676952,467.2712953754639,467.53864938580875,5689100
2025-11-28,472.469482421875,472.8952303997656,470.13279380397324,470.13279380397324,2281800
2025-12-01,468.6475830078125,472.24175394568147,468.2812403332764,469.6575031011003,4413900
2025-12-02,470.5684509277344,471.75658692307314,468.44956156741455,469.52879793845074,5233500
2025-12-03,474.6775207519531,475.4399088398613,469.9843212032274,470.14271517718066,5994200
2025-12-04,474.3408508300781,476.4795319397633,472.78634188860025,474.9745173349907,4003800
2025-12-05,475.2913818359375,477.1726199394651,474.55869641641044,474.7468232483956,4596600
2025-12-08,473.42987060546875,475.7764699905742,472.1328048675723,475.7467673483445,4427600
2025-12-09,471.717041015625,475.53892258458416,471.39028168411494,473.3507470242025,4266900
2025-12-10,476.59832763671875,477.98450140072737,470.66743777135923,471.4298560038053,5476200
2025-12-11,483.0539855957031,483.5589607990228,477.202322545219,477.4399739318938,6972300
2025-12-12,480.60833740234375,484.8262942142909,479.390498762961,483.8757793750922,7089900
2025-12-15,480.380615234375,482.91534155331505,478.9350059962336,482.7667981183687,4891300
2025-12-16,477.22210693359375,480.6875564049307,475.5883708669063,479.6776060776954,5373200
2025-12-17,475.06365966796875,480.0044216115994,474.7567222389973,478.0439562316926,6381600
2025-12-18,475.7666320800781,479.845956467195,474.67748473975024,477.4201296735702,6422800
2025-12-19,477.4376525878906,479.0749158586272,476.72320657929964,476.9117430456027,6439100
2025-12-22,479.7298278808594,480.69234500094535,478.1421667171347,478.1421667171347,4162000
2025-12-23,480.493896484375,481.37701387310284,478.4596952503528,478.4596952503528,3677800
2025-12-24,483.25244140625,483.8081182546626,479.8588153914784,480.4541920953825,1544000
2025-12-26,483.2723388671875,483.85778311261413,481.98238107653503,483.0838023817984,2711500
2025-12-29,480.85107421875,483.1531812008927,480.01755899048084,482.14106205559057,3390100
2025-12-30,479.85882568359375,480.93050983003036,479.0947775711682,480.88087743907215,3042700
2025-12-31,476.8621520996094,480.07714407247175,476.65375055905815,479.9183749243884,3441900
2026-01-02,479.8985595703125,480.2160978793381,474.68906592370837,478.13229436427247,7021100
2026-01-05,485.9911193847656,488.2436243519221,480.51372040172765,480.67248953948314,7574400
2026-01-06,490.79376220703125,491.29983693064503,485.1873615215875,485.55450189671274,6061400
2026-01-07,486.1796569824219,492.42113434816514,485.72321463662837,491.8257576507163,5603700
2026-01-08,488.7298583984375,489.7122103125566,484.0462745884118,484.0462745884118,6544800
2026-01-09,491.2006530761719,491.87542953792774,488.11466287446586,489.05731496251497,6004600
2026-01-12,492.0738830566406,492.51049066414623,486.2690126095906,488.5314200838831,5722400
2026-01-13,488.1443786621094,492.13335095460167,486.8444885512929,491.7265107263293,5966400
2026-01-14,487.78717041015625,488.1444085543195,484.78054977613624,486.8742856857395,6767800
2026-01-15,490.664794921875,492.0043546195508,488.41228998128554,488.57105911716843,8519900
2026-01-16,489.7903137207031,492.35132137794574,488.64874912416974,490.8623556882947,5845500
2026-01-20,481.3130798339844,485.46232321008523,480.6877094590393,482.59359868301084,7416300
2026-01-21,487.18951416015625,489.2840081123249,481.98807088390663,482.09727744293195,6718600
2026-01-22,490.05828857421875,492.36122931266567,488.83732587311766,489.8399057405197,5087200
2026-01-23,487.31854248046875,488.5097269841938,485.95862551944884,488.2020098744629,4915700
2026-01-26,490.4255676269531,491.2097646697981,487.8546239552565,488.2913896277461,3722800
2026-01-27,486.4549865722656,487.9737302757842,484.9660209690873,487.08035697249375,5971400
2026-01-28,486.5245056152344,487.7752464843588,485.3333209500602,486.67339612511006,4726500
2026-01-29,486.6038513183594,489.32371560883416,482.31565363092005,486.4748027926878,9706500
2026-01-30,485.43255615234375,486.87190166052994,480.9954375216127,485.5119543208195,8112100
2026-02-02,490.395751953125,491.17001280538284,483.3976261843743,485.27370697161876,5584500
2026-02-03,488.6884460449219,492.8674677837596,484.6880929121721,489.5123573281336,8799100
2026-02-04,491.1104736328125,492.8476001186284,487.4972360016361,490.28659268563865,8797100
2026-02-05,485.3134765625,489.81015169685423,484.6384860590361,488.8870002471388,7767500
2026-02-06,497.3442687988281,497.9795753036746,488.50974598074265,488.7479707735193,10635300
2026-02-09,497.53289794921875,498.46598549084354,494.64430102266755,496.43104764237125,6414800
2026-02-10,498.2078857421875,501.58286839072923,497.57260950265487,498.6446514100899,8163100
2026-02-11,497.64202880859375,501.40415673234395,495.4582309496891,500.5008473737084,5743800
2026-02-12,491.03106689453125,500.82845525663055,490.68363554481596,499.4288240201762,9160300
2026-02-13,491.6365966796875,494.11820606171085,487.586623497182,491.3983718727999,8378100
2026-02-17,492.202392578125,493.9097409811633,488.48988448143484,491.68619845829437,6779400
2026-02-18,493.34393310546875,495.66671579518174,491.01121428468355,493.1255502734573,4454300
2026-02-19,490.74322509765625,492.8376888828169,488.7877156859774,491.9145374597769,4625400
2026-02-20,493.04205322265625,493.9564326003385,488.3808021150307,489.5237535891144,6086800
2026-02-23,485.021484375,493.94647232494685,484.1667351586121,491.4717305463185,8269200
2026-02-24,488.7783508300781,489.83185710220897,484.46493206234203,485.39917805169466,5335000
2026-02-25,491.789794921875,492.09789409634357,488.8876632708933,490.60707989832457,4446200
2026-02-26,491.8294982910156,495.1589891974049,489.2255478360283,493.956407643221,6467000
2026-02-27,486.661376953125,487.9434856204814,483.77914231630825,486.63156188321864,7198400
2026-03-02,486.184326171875,487.97332143438217,481.1851303671139,481.37396926144567,7218500
2026-03-03,482.54669189453125,484.40526559743336,473.81054319849704,477.21953079194935,11570700
2026-03-04,484.75311279296875,486.0352214373305,480.986344262693,483.58034629009705,7590700
2026-03-05,476.9015197753906,482.5169138578333,473.2341144200389,480.85715770175904,8758600
2026-03-06,472.3197326660156,473.3136087297047,467.5789244305768,470.8189701040242,8206100
2026-03-09,474.9535217285156,476.4443358980004,463.8220971307522,467.99638893758646,10305600
2026-03-10,474.7746276855469,479.9129501653175,472.1010985355448,474.81436089166516,6265600
2026-03-11,471.9023132324219,474.8441780246163,469.566698308428,474.4764487169285,6701700
2026-03-12,464.6172180175781,468.59272248492243,464.54763941003347,467.4596891529971,8000200
2026-03-13,463.5537414550781,469.20889871991506,462.9275946780586,467.0621227690012,7471700
2026-03-16,467.4198913574219,469.80521812755586,466.10799803067596,467.19131927894506,7059900
2026-03-17,468.0162658691406,472.2203728389146,467.74793023176073,470.4810896027992,6189400
2026-03-18,460.1646423339844,466.8733061261105,459.92612177164136,465.8992966120564,7090700
2026-03-19,458.23651123046875,460.53236258995776,455.354276612954,457.1531899235373,7882800
2026-03-20,454.0771179199219,458.7385000906717,451.7364568738547,456.9058207003655,10543300
2026-03-23,460.1329345703125,465.1827805391447,459.08712215139985,461.45763232735004,9978100
2026-03-24,459.3361511230469,462.09512515680103,455.6209726851168,456.5970866157959,8188000
2026-03-25,462.2943420410156,465.3819904415305,459.9636204023596,463.8780156905059,7019700
2026-03-26,457.4835205078125,463.57917905342117,457.11499670105593,459.70466370569454,8284000
2026-03-27,449.59503173828125,455.68072032001845,448.6985863321488,455.54126244929637,6938500
2026-03-30,450.2623291015625,454.30618161395415,448.6487760808632,453.78826039626716,9181600
2026-03-31,461.34808349609375,461.9755831047786,452.8619750262493,454.9934493073871,11656300
2026-04-01,463.6289978027344,466.03935748490005,462.6528838972968,464.14691904443555,7790300
2026-04-02,463.2106628417969,465.6608720158257,457.0552452209867,458.33015402008226,3955900
2026-04-06,464.913818359375,465.1628242023501,461.6169834300819,462.3142119489007,2905300
2026-04-07,464.02740478515625,464.4556875689808,460.27237696524514,463.89791687464583,3943200
2026-04-08,477.25457763671875,478.2904504872317,473.6688873051139,476.97569229960624,4697500
2026-04-09,479.98370361328125,481.3482509023626,475.1131646560962,475.59123646761435,4213700
2026-04-10,477.3442077636719,480.48167535047986,476.7266781277173,480.2824889110031,2659000
2026-04-13,480.2127685546875,480.3621659860184,473.26051425327455,474.2067486454073,3768700
2026-04-14,483.55938720703125,484.03748937817886,479.9438174280458,480.49164853177734,4217900
2026-04-15,482.79248046875,485.14308118438254,480.93986107422916,484.5753709277505,3474500
2026-04-16,483.6988525390625,484.8442733791332,481.4279203844431,483.8880994182993,4111500
2026-04-17,492.46356201171875,495.2735471364684,488.6172644931166,488.926190741221,10238700
2026-04-20,492.57318115234375,493.02159405545694,490.560371002475,491.69633413883037,3764000
2026-04-21,489.61376953125,496.60884102128824,488.57748742164125,495.47287780494497,4322200
2026-04-22,493.0016784667969,494.37677893993583,491.47711716160404,493.55968584587913,4022400
2026-04-23,491.2479248046875,493.370359852366,486.7738915693325,490.79951189831655,4077300
2026-04-24,490.46075439453125,491.7362042590538,489.02586949580297,491.2977655172689,3372300
2026-04-27,490.08209228515625,491.79598086452074,488.5475871221554,489.8529291345008,2132100
2026-04-28,489.6735534667969,492.0650180133725,489.02583917764133,491.70628160636926,3057100
2026-04-29,486.9333190917969,489.74327392530023,485.2692407588733,489.2052149368904,3322300
2026-04-30,494.8849792480469,495.8116668785933,488.647246965081,489.23514655034563,5352300
2026-05-01,493.2607421875,498.15329623433973,493.1511477118313,497.06717362405715,4402600
2026-05-04,487.8201599121094,492.57319695564337,487.26215251782486,491.7461600563324,3310400
2026-05-05,491.20806884765625,491.8358347662199,488.2884890258535,490.14189461442817,3386200
2026-05-06,497.27642822265625,498.3027665185604,495.13407512838506,495.21380784776704,4317300
2026-05-07,494.1476135253906,499.4188221694961,493.0116503188625,498.7312718937813,4490500
2026-05-08,494.3668212890625,496.7782038845384,493.17107377437986,496.7084757666612,3495200
2026-05-11,495.34332275390625,496.07073937853687,493.00169866782875,494.0379807519458,4249100
2026-05-12,496.12054443359375,496.6386854385796,491.43723577828086,494.74544400249675,7445700
2026-05-13,495.37322998046875,495.84153045587476,492.88211472428287,494.39670185276003,3256800
2026-05-14,499.02020263671875,500.3753851669712,497.07715095635194,499.60813260507734,4920500
2026-05-15,493.8816833496094,496.2445579474744,493.5925461193298,495.82583685275614,5300700
2026-05-18,495.51678466796875,496.1448967536862,492.11702607728915,494.16085485301033,5496200
2026-05-19,492.4958801269531,494.84877505580613,491.10006199531216,493.343302016448,5361300
2026-05-20,498.737060546875,499.424989933,491.0103447810536,494.3801947186769,6516100
2026-05-21,501.5984191894531,502.53559744544447,495.7161514987493,497.2814418226805,6576000
2026-05-22,504.5993957519531,507.21151929135164,504.17069495674593,505.4867364184841,5172200
2026-05-26,503.7320251464844,506.71303224382217,502.45587199996237,506.04506223264644,3897800
2026-05-27,505.35711669921875,507.1716559291718,504.2903241427847,504.40995874240537,4247800
2026-05-28,505.5265808105469,506.6830992981744,502.1268527641782,503.8217269414766,3709600
2026-05-29,509.2453918457031,509.7737982764283,505.6761611218049,506.37403975953987,5346700
2026-06-01,509.9034118652344,510.3221329621206,506.80273985080487,508.3181925752424,4424800
2026-06-02,512.5055541992188,512.9442346786213,507.4009418125956,507.55048506105334,5078000
2026-06-03,506.7330017089844,511.3091775110923,506.4637934199957,509.6342626037079,4098000
2026-06-04,515.1475830078125,516.0249439091208,511.13964165646246,512.1466168399032,6390700
2026-06-05,508.16864013671875,516.1944420827633,507.22148220107357,516.1545841677072,6610700
2026-06-08,507.38104248046875,512.2164773022064,506.7928187182623,509.23543972140163,4825700
2026-06-09,507.8795166015625,511.9970827449698,501.56851760947774,509.9433047322001,6249400
2026-06-10,498.7470397949219,507.21152254810994,498.5974965428302,505.9652780708613,5153400
2026-06-11,507.8296203613281,509.22543842151447,500.06304721460043,501.67817507899423,6353900
2026-06-12,511.5185241699219,513.7517844207597,507.94929356003723,511.34905196832557,8384500
2026-06-15,516.8823852539062,519.2751989603456,516.3140904773323,517.6699898468172,5379400
2026-06-16,519.8733520507812,521.7277491337722,518.4974933500388,518.7567219243493,4812600
2026-06-17,514.748779296875,522.5951292395929,513.7517837681761,519.6938990258615,6563500
2026-06-18,515.3736572265625,519.3725215786797,515.2836559307957,518.2828041948835,7134400
2026-06-22,516.9332275390625,518.7626641027267,515.8435101222632,516.6933054335216,6552200
2026-06-23,516.4733276367188,518.5727070433927,512.8243394579733,514.5338759584902,5039200
2026-06-24,518.372802734375,522.2816657699412,515.8635056039114,516.0434471766606,4395900
2026-06-25,519.1126098632812,526.4205323671702,518.4027894412305,521.0420546810981,5357500
2026-06-26,517.60302734375,521.1320545782737,515.9534713188154,516.8532402447489,3823600
2026-06-29,521.5318603515625,522.8314790097821,519.2525394924708,520.4821707052246,5733400
2026-06-30,522.24169921875,522.9914862809657,519.4425063900436,522.2016715240223,3607900
2026-07-01,522.251708984375,526.5704287905505,519.4724689700812,521.281952649362,3438400
2026-07-02,527.7301635742188,528.1100605907958,523.5813171647845,525.3408273430715,3518700
2026-07-06,529.9395141601562,529.9395141601562,525.7006668022485,528.5698470187989,3236900
2026-07-07,528.2999877929688,532.3887924916773,526.9603413646722,532.3588327378038,4489200
2026-07-08,522.62158203125,524.3111046063135,519.8823698011316,523.1914275052114,3575000
2026-07-09,524.0411987304688,525.0009481782172,521.9917928749455,523.5013739886397,3056400
2026-07-10,525.6307373046875,526.3204828063361,521.5918453863287,525.4907624125448,3469400
2026-07-13,524.321044921875,527.7100969592801,522.7515444266438,525.6907120401572,2723800
2026-07-14,524.541015625,526.5704074730129,522.4116155614997,523.1714095207726,3664000
2026-07-15,525.8007202148438,527.5801832289122,523.5513588819691,525.7507466110128,3246900
2026-07-16,524.6810302734375,527.7801258496986,522.9215201329164,526.6604486726088,3173300
2026-07-17,520.8099975585938,525.3599853515625,518.9000244140625,519.6400146484375,4741300
2026-07-20,517.9400024414062,523.4000244140625,517.1599731445312,522.0399780273438,2336600
2026-07-21,521.510009765625,523.010009765625,518.1199951171875,519.6300048828125,3240700
2026-07-22,521.469970703125,524.3699951171875,521.010009765625,521.6300048828125,3204100
2026-07-23,516.260009765625,518.1699829101562,514.719970703125,515.0700073242188,4305100
2026-07-24,518.760009765625,520.5599975585938,516.27001953125,517.280029296875,3328400
2026-07-27,521.260009765625,525.3400268554688,519.2899780273438,524.7000122070312,3355200
2026-07-28,526.8900146484375,528.469970703125,523.6699829101562,526.1900024414062,5157900
2026-07-29,515.4099731445312,523.1699829101562,514.8200073242188,522.4600219726562,7369400
2026-07-30,521.510009765625,521.97998046875,515.8699951171875,518.8400268554688,3225300
2026-07-31,524.3200073242188,525.6099853515625,519.25,524.0800170898438,3981100
2026-08-03,531.219970703125,531.6500244140625,528.6900024414062,529.5499877929688,4328000
2026-08-04,540.4299926757812,542.0900268554688,536.0,537.9000244140625,6705400
2026-08-05,542.8099975585938,546.75,542.6500244140625,543.2999877929688,5256700
2026-08-06,538.1900024414062,544.5700073242188,537.6900024414062,543.7999877929688,3651800
2026-08-07,539.6199951171875,540.219970703125,537.4299926757812,538.7100219726562,2230100
2026-08-10,538.989990234375,540.02001953125,537.9199829101562,538.7000122070312,3092319
