Date,Close,High,Low,Open,Volume
2016-08-11,28.099559783935547,28.148176051555865,27.945612906107005,28.083354361395443,16364100
2016-08-12,28.01043701171875,28.16438391981033,27.905103289935607,27.969924992838745,15708300
2016-08-15,28.285921096801758,28.48848426795928,28.059051334183316,28.115768774837925,18931100
2016-08-16,28.528987884521484,28.528987884521484,28.172477920960525,28.172477920960525,16320900
2016-08-17,28.375049591064453,28.528996489540475,28.17248641844766,28.496585640113295,18221600
2016-08-18,28.334537506103516,28.431766963280893,28.15628092555439,28.326433248331984,16085200
2016-08-19,28.553298950195312,28.577605535683585,28.14817270742838,28.22919671963459,16417600
2016-08-22,28.650529861450195,28.72345271254595,28.456067894905487,28.520889580709756,14941400
2016-08-23,28.68294334411621,28.91791424961141,28.601916229403745,28.763967367960298,18316000
2016-08-24,28.480379104614258,28.691043413074595,28.375045404949958,28.618120558055967,16343500
2016-08-25,28.4317569732666,28.53709065120461,28.27781012925538,28.39934613530604,12428000
2016-08-26,28.569503784179688,28.828787445876337,28.399351489111314,28.447967755217224,14469900
2016-08-29,28.804485321044922,28.90171478788588,28.48038606795206,28.747767874481948,15264300
2016-08-30,28.92601776123047,28.958428606280382,28.780172049374162,28.83688948277736,15183200
2016-08-31,29.079959869384766,29.088064124752183,28.828783588615213,28.861191337481483,20562700
2016-09-01,29.185298919677734,29.201504342524622,28.828788889651303,29.160992330841587,18925800
2016-09-02,29.233917236328125,29.436480399803116,29.12858352587792,29.33924785590974,16726700
2016-09-06,29.630939483642578,29.655246074327472,29.306837183790492,29.47699259119057,22337800
2016-09-07,29.541810989379883,29.69576097162041,29.476992384385383,29.69576097162041,18495600
2016-09-08,29.525606155395508,29.647145292133093,29.266325548499395,29.452683291526686,20356500
2016-09-09,28.715347290039062,29.48508777792524,28.715347290039062,29.25011381273098,29457900
2016-09-12,29.233917236328125,29.266324993424,28.407459158445917,28.512789778027532,22796600
2016-09-13,28.85309600830078,29.071864584448345,28.61812200900876,28.96653087944357,23591300
2016-09-14,28.861194610595703,29.02324573677629,28.68294115357839,28.772066336652973,14074500
2016-09-15,29.622833251953125,29.695756102407643,28.79637531042463,28.95842643264223,23736000
2016-09-16,30.5222110748291,30.830107899184018,30.181906498595843,30.562726173696184,74577900
2016-09-19,30.108983993530273,30.805801666238224,30.052266563506894,30.53841684681247,30531700
2016-09-20,30.0927791595459,30.327753140441086,29.930728031657214,30.319648884069153,24796900
2016-09-21,30.343961715698242,30.352062882043878,29.86591253872466,30.149499723849452,21233700
2016-09-22,30.424976348876953,30.65184911779802,30.335848092250913,30.465488349834,17013400
2016-09-23,30.133281707763672,30.50600011214458,30.076564294440594,30.343949035135562,18062500
2016-09-26,29.695755004882812,29.930725878002573,29.65523990767475,29.91452045729294,25518800
2016-09-27,30.12518310546875,30.157593941798943,29.67954492396474,29.89831343289234,22391600
2016-09-28,30.33585548400879,30.384471751523815,30.100884584856914,30.23052487402868,19020800
2016-09-29,30.238630294799805,30.4087826187425,29.979349679972245,30.376374860040606,17675000
2016-09-30,30.5870361328125,30.72477759336991,30.33585671013505,30.360166390309274,24279300
2016-10-03,30.514116287231445,30.749090309952084,30.40878257172414,30.538422878937467,14113600
2016-10-04,30.41687774658203,30.740976872399905,30.246725473712562,30.60323543937257,14393100
2016-10-05,30.781496047973633,31.0407766193448,30.49790579806452,30.58703407401115,22420800
2016-10-06,30.846317291259766,30.919240151392213,30.449295234547503,30.65995955778096,15171400
2016-10-07,30.87061309814453,30.96784560493754,30.611332595097984,30.8544107712131,16942500
2016-10-10,30.805801391601562,31.081287373916904,30.708571953980883,30.992159101569577,14954300
2016-10-11,30.198116302490234,30.7896003595457,29.833501995848223,30.7166774982173,27650500
2016-10-12,30.084684371948242,30.181913832946677,29.82540374870653,30.141401815103066,14053900
2016-10-13,29.95503807067871,30.08467835637739,29.541807535042263,29.857805538253533,16936000
2016-10-14,30.343961715698242,30.546524873892665,30.10898771038427,30.13329430028968,19123900
2016-10-17,30.214317321777344,30.562726153905643,30.173805313804582,30.424981617756554,15788100
2016-10-18,30.5870361328125,30.83011129847574,30.408779568920863,30.76529269670414,42907800
2016-10-19,28.77206802368164,29.24201600807357,28.545198288247374,29.225810585418504,75229000
2016-10-20,28.707250595092773,28.9017094931502,28.439865746678237,28.691045171776576,25669500
2016-10-21,28.480379104614258,28.68294224734731,28.204893106862578,28.5289922807145,20813200
2016-10-24,28.569503784179688,28.755864592151575,28.447967755217224,28.70724832604566,21524700
2016-10-25,28.439861297607422,28.561400408031343,28.366938449526668,28.472272139169533,17860300
2016-10-26,28.294021606445312,28.528995621338492,28.148178970198767,28.391254151767843,19977600
2016-10-27,28.204896926879883,28.54520156914485,28.156280653326878,28.439867855214352,14634700
2016-10-28,28.14818572998047,28.496591616348958,28.123876042377553,28.253516376405408,22296400
2016-10-31,28.253498077392578,28.42365341693057,28.22919149640174,28.29401007599977,19188600
2016-11-01,27.96992301940918,28.488484242571325,27.767359848432175,28.277819904737466,25368200
2016-11-02,28.034730911254883,28.27780909621134,27.929400328032436,28.034730911254883,21416400
2016-11-03,27.70001983642578,28.181688441883644,27.651035479944053,28.124541583123406,19400000
2016-11-04,27.43877601623535,27.700019687526485,27.283660445345472,27.373463541277463,21914700
2016-11-07,28.32047462463379,28.369458984305197,27.87962784467285,27.953102827044745,19296600
2016-11-08,28.36130142211914,28.53274203942889,28.157204559339636,28.247004562974997,14833100
2016-11-09,28.369462966918945,28.451100463561442,27.48776305467979,27.863303636339545,25999400
2016-11-10,28.165359497070312,28.532734374233954,27.781656501558274,28.532734374233954,28249900
2016-11-11,28.25516700744629,28.467426350613685,28.034742046693246,28.22251076564496,22665000
2016-11-14,28.149030685424805,28.353127488347784,27.92044326271749,28.21434315720979,22558900
2016-11-15,28.500085830688477,28.810313934509,28.25517021789163,28.27966084489002,20676100
2016-11-16,28.442935943603516,28.50824531343429,28.198020356764484,28.491920306679585,18565500
2016-11-17,28.589895248413086,28.589895248413086,28.271504570193603,28.418454593105928,15748500
2016-11-18,28.532737731933594,28.573556475473023,28.279656539156306,28.49191898839416,16806900
2016-11-21,28.557228088378906,28.736834295398864,28.442934361828197,28.6551936948123,14259500
2016-11-22,28.965425491333008,28.981753613560194,28.66336301580724,28.720509886466957,22327400
2016-11-23,28.736831665039062,28.998075334462765,28.655191071925284,28.965419097217254,15843100
2016-11-25,28.932762145996094,28.940927762241063,28.663355981044262,28.663355981044262,6372800
2016-11-28,28.989910125732422,29.11236945999027,28.744994571486966,28.924600764593077,13549000
2016-11-29,28.82663345336914,29.09603961275462,28.79397721760422,29.09603961275462,19581000
2016-11-30,28.328638076782227,28.81846917898069,28.328638076782227,28.736831700037676,27016100
2016-12-01,27.56123161315918,28.516406295098093,27.397956657990946,28.459259437935184,29618700
2016-12-02,27.887786865234375,27.96942434022251,27.430608908198714,27.528577615308528,21492500
2016-12-05,28.075563430786133,28.100054057303826,27.73268220245475,28.01025405531531,14462000
2016-12-06,28.344970703125,28.369461327848608,28.002086385641036,28.07556137408255,15297700
2016-12-07,28.981748580932617,29.038895441668885,28.124542555618255,28.30414564038781,21710300
2016-12-08,29.145029067993164,29.414435274535926,28.7531635130315,28.965422854117595,19966500
2016-12-09,29.194007873535156,29.308304709156857,29.055223530257166,29.18584537098306,16326900
2016-12-12,29.36545181274414,29.46341741553135,29.12053313437057,29.210336234538165,21985800
2016-12-13,30.043045043945312,30.116520008462075,29.33278912979638,29.39809847921702,35773600
2016-12-14,29.838956832885742,30.11652865471926,29.765481847274792,29.96141618032751,30819400
2016-12-15,30.034887313842773,30.336949720715694,29.822624887403293,29.994068574687542,23721500
2016-12-16,29.643022537231445,30.10019740978322,29.46341634343168,29.977741189322675,38212800
2016-12-19,30.116525650024414,30.16551000696812,29.61036641868719,29.667513277986377,18744300
2016-12-20,30.377769470214844,30.402263205938766,30.116525793808368,30.165510150985938,18551800
2016-12-21,30.19000244140625,30.492064875024205,30.132855578675027,30.410427389485445,14323600
2016-12-22,30.149187088012695,30.402268304467,30.051221471498785,30.394102686432873,10793900
2016-12-23,30.181833267211914,30.189995768253382,30.018555217954685,30.149177034506515,6287300
2016-12-27,30.263473510742188,30.47573592852812,30.132851682208553,30.132851682208553,9033700
2016-12-28,29.904272079467773,30.369612659926403,29.863453331304374,30.287972049328747,12868600
2016-12-29,29.928760528564453,29.97774489136004,29.740991809253984,29.8063011787108,8447300
2016-12-30,29.610366821289062,30.043051080228924,29.553219961212864,30.034888577762455,17468000
2017-01-03,29.879770278930664,30.149179549822097,29.610364122309253,29.887935894923142,20196500
2017-01-04,29.724666595458984,30.018566572435297,29.667519723743695,29.969582204848933,15915700
2017-01-05,29.675674438476562,29.97773995456531,29.643021316260853,29.75731502969114,13986000
2017-01-06,29.781816482543945,29.945094610092585,29.54506335331198,29.87161960840926,15114000
2017-01-09,29.8879451751709,30.11653266561671,29.781813934204923,29.781813934204923,19461400
2017-01-10,29.830793380737305,30.14918393683257,29.822627763556646,29.83895588364749,15918800
2017-01-11,30.16550636291504,30.20632509830201,29.806294017261962,29.806294017261962,22398400
2017-01-12,29.969581604003906,30.06755033721251,29.651191006753134,30.06755033721251,20391900
2017-01-13,30.034887313842773,30.092034171514133,29.89609986359078,29.969574839778264,15072200
2017-01-17,30.043045043945312,30.067538774964017,29.871604498162757,29.93691384758339,20195200
2017-01-18,30.010395050048828,30.214491870100023,29.887938826580307,30.11652626847114,15382500
2017-01-19,29.855281829833984,30.132853622626058,29.806297473128236,29.806297473128236,13654500
2017-01-20,30.157350540161133,30.230825533424902,29.863453681376964,30.010400553633602,23950900
2017-01-23,30.0185604095459,30.377769688619814,29.83895421287379,30.263475968654035,27752600
2017-01-24,30.71248435974121,30.81045306208487,30.051212747405927,30.075703365856896,35140900
2017-01-25,30.859437942504883,31.022716018085703,30.630850505253893,30.91658480181763,32276400
2017-01-26,30.663503646850586,30.957400416094313,30.549206825496423,30.875762943682712,34144800
2017-01-27,31.006385803222656,31.39008878776062,30.867601472635762,31.022713921104064,44368600
2017-01-30,30.549205780029297,30.892090003817575,30.47573392593521,30.810452534199808,23954700
2017-01-31,30.059375762939453,30.508388089749904,29.912425821180406,30.38593188113066,27059100
2017-02-01,29.814464569091797,30.165511357226123,29.406270919100294,30.05938013623262,28380600
2017-02-02,29.945087432861328,29.961415553129797,29.553221889229583,29.602203135764483,31916900
2017-02-03,30.027307510375977,30.27397150903921,29.96975268190465,30.167082626234073,21038100
2017-02-06,29.821754455566406,30.019084405190476,29.72308948075437,30.019084405190476,21427000
2017-02-07,29.887531280517578,30.02730954233745,29.797090212873105,29.96975470997136,18581900
2017-02-08,29.912202835083008,30.134201411802966,29.71486972138634,29.879313460049655,20807400
2017-02-09,29.155757904052734,30.010862689613372,29.10642698644536,30.010862689613372,47802700
2017-02-10,29.057090759277344,29.13109026665719,28.645983081945463,28.991312025382964,44106500
2017-02-13,29.4353084564209,29.47641859599708,29.057090153915826,29.24619930516836,28180600
2017-02-14,29.54219627380371,29.566861729368295,29.213308895930982,29.468196770607474,25734800
2017-02-15,29.640865325927734,29.64908923658663,29.328422587450973,29.583310497327133,18452200
2017-02-16,29.93686866760254,30.06020225724813,29.681980712703268,29.747759463581843,21317500
2017-02-17,29.994422912597656,29.994422912597656,29.681980125116514,29.86286854994824,18909900
2017-02-21,30.027307510375977,30.134196393181114,29.87108770973994,30.035528284513486,20556000
2017-02-22,29.657310485839844,29.928643084877514,29.42709116774944,29.87930902964258,29904400
2017-02-23,29.747758865356445,29.846423853186685,29.517539514918074,29.79709292752327,22775000
2017-02-24,30.035526275634766,30.035526275634766,29.558642994981817,29.714862785169338,18617600
2017-02-27,30.01908302307129,30.158861272747174,29.82175308253256,29.945083511243553,14065200
2017-02-28,29.764196395874023,29.97797100752084,29.599752698028887,29.94508164065128,24977000
2017-03-01,29.54219627380371,29.681971370673004,29.139309392734745,29.476417543628173,34085900
2017-03-02,29.525758743286133,29.61620295093456,29.311984091437953,29.542203429813416,23602100
2017-03-03,29.51753044128418,29.673750218702345,29.328418162695808,29.550416669449486,17538100
2017-03-06,29.246204376220703,29.43531356026322,29.122870799604513,29.42709278552361,24416700
2017-03-07,29.4353084564209,29.4353084564209,29.098200293492013,29.22153384872317,23434900
2017-03-08,29.287303924560547,29.517526308498667,29.213304432670085,29.328414056388137,20920100
2017-03-09,29.451757431030273,29.550422407690327,29.188648735601436,29.270869026734303,23616800
2017-03-10,29.525758743286133,29.846422289310024,29.41886984911042,29.698423247067726,25402300
2017-03-13,28.909099578857422,29.63265016526383,28.72821114812994,29.476427198179728,53582900
2017-03-14,28.92554473876953,28.9666548910138,28.497992255121293,28.826879746082575,28586900
2017-03-15,28.859756469726562,28.91731129119106,28.514427540939582,28.728202144021637,27996100
2017-03-16,28.89264678955078,29.073535169557925,28.835091966185352,28.917312246278073,19616100
2017-03-17,28.99953269958496,29.048866744501023,28.859754473907277,29.032422062862334,30778900
2017-03-20,29.131088256835938,29.295531943723873,28.991310025205337,29.081754209818822,17322300
2017-03-21,28.81043243408203,29.27087111569082,28.777543060680465,29.262650340592067,22814500
2017-03-22,29.08175277709961,29.155752275728453,28.77753401007093,28.958422370386394,19144500
2017-03-23,28.99953269958496,29.180421061108202,28.793978883854844,29.180421061108202,20640400
2017-03-24,28.909099578857422,29.3777622071027,28.876210202997243,29.31198659188585,22188000
2017-03-27,29.098203659057617,29.18864785848777,28.728206087071968,28.835094971535145,16992200
2017-03-28,29.27086639404297,29.361310588056188,28.95020289636175,29.05709177442308,18398100
2017-03-29,29.246204376220703,29.353093266854525,29.13931548558688,29.205094229516355,17202600
2017-03-30,29.39420509338379,29.509314765335528,29.205095898534026,29.25442995930048,16433000
2017-03-31,29.657310485839844,29.805309515041667,29.38598102330515,29.394201797592817,21438400
2017-04-03,29.731306076049805,30.208192470865164,29.698416710234422,29.755971532160064,32013600
2017-04-04,29.82997703552246,29.912200466595277,29.591536926669267,29.698422682309147,18918000
2017-04-05,29.780643463134766,30.224637405403186,29.739530183005527,29.95330794826709,22455500
2017-04-06,29.624425888061523,29.829979779899872,29.624425888061523,29.706649326698948,20198200
2017-04-07,29.624425888061523,29.86286915535484,29.59153964911003,29.657315263516494,15689500
2017-04-10,29.4353084564209,29.673751657066415,29.27908867143035,29.616196834359236,19973700
2017-04-11,29.385976791381836,29.427086929905787,28.950200540820894,29.410642247195703,22711800
2017-04-12,29.295534133911133,29.60797371220406,29.1886452589674,29.49286406372744,19289800
2017-04-13,28.983091354370117,29.40241980667004,28.983091354370117,29.229755334340815,15764000
2017-04-17,29.172204971313477,29.262649176317634,29.048874530719484,29.139315599220485,12560700
2017-04-18,29.410648345947266,29.443537718187553,29.02420606338181,29.131094954911163,12321100
2017-04-19,29.525758743286133,29.78064667970414,29.50931405675885,29.575092802867978,16594600
2017-04-20,29.747758865356445,29.82175839035498,29.48465014014019,29.747758865356445,22968300
2017-04-21,29.862863540649414,29.94508382732461,29.476421292969654,29.764198569338603,20390500
2017-04-24,30.216415405273438,30.298635689190075,29.97797219081129,30.1506366689379,26305800
2017-04-25,30.315078735351562,30.421967607870215,30.142414266554006,30.23285845587728,22066800
2017-04-26,30.36441421508789,30.611078201631106,30.241080653564904,30.241080653564904,27241000
2017-04-27,30.77552604675293,30.833080880142276,30.241084723562526,30.315084243134994,39890000
2017-04-28,29.723085403442383,30.002638740814135,29.50108688819106,29.681972127782736,56769300
2017-05-01,29.85464096069336,29.928640468826003,29.550419018091,29.69019726078719,24825600
2017-05-02,30.397294998168945,30.44662589964381,29.887519348581595,29.903964027907175,35813000
2017-05-03,30.631723403930664,30.789105379390914,30.333523315827897,30.41635842909893,22040300
2017-05-04,30.524044036865234,30.739412204697082,30.350095011965102,30.640013213302286,16437100
2017-05-05,30.499187469482422,30.590304505459514,30.23412145200516,30.532321511626122,18119200
2017-05-08,30.267253875732422,30.524034789025368,30.21755281517443,30.42463582774539,17660200
2017-05-09,30.126434326171875,30.441201374801413,30.05188431886056,30.217551352867467,17819100
2017-05-10,29.82823944091797,30.134724612627807,29.76197451178908,30.04360757021874,25133800
2017-05-11,29.56317138671875,29.819955474176293,29.364373453065838,29.745405459097405,21508900
2017-05-12,29.430635452270508,29.604587576721222,29.32295456551039,29.58802055725754,19730800
2017-05-15,29.513471603393555,29.58802161372406,29.33951947273173,29.43063650311745,22120100
2017-05-16,29.670862197875977,29.728845205042862,29.339528019919296,29.612879190709094,22291800
2017-05-17,29.024763107299805,29.811679385143076,29.00819608294305,29.546610155271857,26670200
2017-05-18,29.173858642578125,29.380941675169197,29.057892649900932,29.149006529978504,17171900
2017-05-19,29.32295799255371,29.447205913298657,29.099307943409315,29.115874964809223,18340100
2017-05-22,29.62944221496582,29.911075280251282,29.30639317298706,29.38922512637365,14638100
2017-05-23,29.703989028930664,29.81167308457258,29.455490035772208,29.71227095944029,16903700
2017-05-24,29.919355392456055,29.9690564573679,29.72883938338175,29.80338940083137,20640600
2017-05-25,30.035322189331055,30.143006252942264,29.869658288189346,29.91935619459731,13148500
2017-05-26,30.035322189331055,30.093308346534297,29.927641285556216,30.035322189331055,11145500
2017-05-30,29.96906280517578,30.184427812404763,29.894512771935563,30.043612838415996,13026900
2017-05-31,29.91107177734375,30.13472181709949,29.712270688726612,30.076738824552013,17741900
2017-06-01,29.919355392456055,29.92764048319284,29.654289365932126,29.919355392456055,17510900
2017-06-02,30.08502197265625,30.093307063261854,29.81995595032911,30.043605999136926,19127400
2017-06-05,30.101598739624023,30.234131793696047,29.985632712290656,30.0684646861467,11685700
2017-06-06,29.927637100219727,30.19270309678101,29.803386031903404,29.952486049948618,18420900
2017-06-07,30.035322189331055,30.2921062918389,29.902789172515867,29.927641285556216,17192000
2017-06-08,30.217557907104492,30.258973884630446,29.95249185913453,30.1015919060972,17154200
2017-06-09,29.579742431640625,30.283826705349963,29.248411443868534,30.234125635257673,33322100
2017-06-12,29.5963134765625,29.82824551550163,29.331247386392906,29.480347457092932,28488300
2017-06-13,29.72055435180664,29.778537341569756,29.430636243155114,29.554887312553763,20588200
2017-06-14,29.430635452270508,29.861368478818598,29.173854550173132,29.811670580263424,19149000
2017-06-15,29.24840545654297,29.389220386557202,29.107587366692773,29.165570356679332,20410000
2017-06-16,29.16556739807129,29.264969507824123,28.999900374985547,29.22355038217595,30762800
2017-06-19,29.414073944091797,29.49690905693093,29.256691969452135,29.49690905693093,21583800
2017-06-20,28.875659942626953,29.364376049165603,28.859092920051825,29.364376049165603,21536500
2017-06-21,28.643728256225586,28.660292119143502,28.237844098333703,28.436645211550164,27138500
2017-06-22,28.46150016784668,28.68515028244081,28.403517155896775,28.627167270490904,24602900
2017-06-23,28.32067108154297,28.618871119110583,28.246121072151062,28.337238101389605,29260900
2017-06-26,28.221271514892578,28.585736464166427,28.188137475912445,28.3786534602944,18854800
2017-06-27,27.873380661010742,28.287546773894487,27.873380661010742,28.163295676094695,27078900
2017-06-28,28.328954696655273,28.362088734623683,27.947922739525904,27.972771688084322,25940100
2017-06-29,27.782257080078125,28.246120995176145,27.616590041899148,28.097020976798657,25215700
2017-06-30,27.947927474975586,28.105309442238397,27.773975326085168,28.05560837686452,24432000
2017-07-03,27.715993881225586,28.188142969280396,27.691144927065803,27.757409858104054,12676900
2017-07-05,28.44492530822754,28.519475325895456,27.740844265681016,27.765693218291556,30010800
2017-07-06,27.856809616088867,28.403508679784057,27.79882662144212,28.262690578616088,20733200
2017-07-07,28.06389045715332,28.262688377650363,27.91479043686255,27.91479043686255,18304500
2017-07-10,27.873380661010742,27.947930687723282,27.525479483073326,27.542046506769076,29918400
2017-07-11,28.097026824951172,28.105311916494355,27.691145814759793,27.865094819127528,25737500
2017-07-12,28.370376586914062,28.48634258417725,28.113592478805256,28.39522554066005,23768300
2017-07-13,28.36209487915039,28.494627899900962,28.262692743710115,28.436644900812368,15046200
2017-07-14,28.726560592651367,28.7514095471956,28.3869445212552,28.5608935227379,16316400
2017-07-17,28.552610397338867,28.776260458395406,28.46149335470438,28.776260458395406,21044400
2017-07-18,28.60230255126953,28.643721678562443,28.370370605640936,28.519470616355253,14362800
2017-07-19,28.627153396606445,28.726552346085334,28.544318305511013,28.726552346085334,17036200
2017-07-20,28.784543991088867,28.85909401558875,28.560893917589226,28.610594987201342,17506200
2017-07-21,28.767974853515625,28.842524872536277,28.494626890330796,28.61059288439929,22245000
2017-07-24,28.577457427978516,28.825956425819783,28.478058460809244,28.76797343165136,16146300
2017-07-25,28.718276977539062,28.776263140850673,28.49463005547109,28.618877994415886,18096700
2017-07-26,28.784543991088867,28.966778086496706,28.652010965293144,28.743128012997065,15499300
2017-07-27,28.966777801513672,29.19870980441523,28.718275615734512,28.809392662541995,43062800
2017-07-28,29.24840545654297,29.703987446367083,28.991621386719647,29.09930543662439,36291500
2017-07-31,29.380931854248047,29.604581833869133,29.256680812291243,29.380931854248047,27057000
2017-08-01,30.109872817993164,30.17614090765975,29.463774742926145,29.538324763882834,38710200
2017-08-02,30.350088119506836,30.374937071753138,29.869657137006328,30.093307186731757,35004300
2017-08-03,30.452741622924805,30.536195378885946,30.16899439567751,30.5028126030788,26611300
2017-08-04,30.294170379638672,30.511155205522478,30.127259709779494,30.419354177922116,20520300
2017-08-07,30.402666091918945,30.502811231279846,30.227411302148226,30.369283317613117,18169300
2017-08-08,30.3859806060791,30.628000991464667,30.294179550687527,30.352597825289948,22819900
2017-08-09,30.53619956970215,30.59461784360367,30.06050609161424,30.277487797026012,22796800
2017-08-10,30.16064453125,30.511157280143188,30.135609043313508,30.377629371887796,22693300
2017-08-11,29.93531036376953,30.3776240692967,29.86854801307382,30.260784384356384,19275100
2017-08-14,30.327556610107422,30.436049035426205,30.110574943026457,30.143954533961267,18469400
2017-08-15,30.043807983398438,30.310863799677463,29.89358868879693,30.29417241321547,21706600
2017-08-16,29.88524627685547,30.102227946015194,29.676608709620233,30.027118294468245,22014000
2017-08-17,29.35112953186035,29.776751924278997,29.35112953186035,29.709986378975515,19525000
2017-08-18,29.217601776123047,29.4679693887513,29.200913573267172,29.451278002338984,16231400
2017-08-21,29.14249038696289,29.442928957311995,28.958891514515525,29.2843655712083,26493300
2017-08-22,28.917165756225586,29.367820445545647,28.892127085361533,29.225948439393644,26097800
2017-08-23,28.92551612854004,29.050699959331077,28.69184304019096,28.82537097404144,19648100
2017-08-24,28.96723175048828,29.11745101561981,28.833703868544237,28.95888765067245,14301900
2017-08-25,28.933856964111328,29.150841821837513,28.858750494386918,29.05904078076541,14726800
2017-08-28,28.917165756225586,29.042346376320346,28.867091598053857,29.025654990263103,20712900
2017-08-29,28.983924865722656,29.000616249907598,28.75859595455996,28.80032282324431,15843700
2017-08-30,29.11746597290039,29.175884252287418,28.900484247113937,29.000629414126344,18565000
2017-08-31,29.267671585083008,29.359472604927422,29.10076092932552,29.159179181307245,16366800
2017-09-01,29.284360885620117,29.534725259666548,29.267669502876256,29.4095446644212,12822000
2017-09-05,29.225955963134766,29.484667738288557,29.150846298319614,29.225955963134766,18772000
2017-09-06,29.843509674072266,29.99372894423411,29.301054028315335,29.392855047142675,28076400
2017-09-07,29.65991973876953,30.002085249571135,29.48466493206656,29.943666980670145,16297100
2017-09-08,29.36781883239746,29.65991329702016,29.27602098945956,29.55976498617776,14125000
2017-09-11,29.851869583129883,30.04381580206062,29.326101915197786,29.6181964789633,20037600
2017-09-12,30.118919372558594,30.32755694006494,29.826828051472358,29.94366457990685,19489900
2017-09-13,30.3192138671875,30.377632133387507,30.018775250412176,30.043810740624536,15509800
2017-09-14,30.44439697265625,30.627999071932603,30.17734111019447,30.202376602438697,18093900
2017-09-15,30.878368377685547,30.945133945528685,30.22742000900247,30.502820017461655,33596100
2017-09-18,30.878368377685547,31.153771569702233,30.711457641635207,30.878368377685547,19393800
2017-09-19,31.07030487060547,31.128723132377683,30.895050085288823,31.045269382290662,23850500
2017-09-20,30.936769485473633,31.120371511571456,30.59460409909952,31.070297363484123,23957500
2017-09-21,31.045272827148438,31.103691095402883,30.753178302319352,30.870018022385096,22954200
2017-09-22,31.0285701751709,31.06195294021457,30.836624051503343,30.836624051503343,21631800
2017-09-25,31.01188850402832,31.070306769370585,30.75317676925779,30.920087463188562,23180800
2017-09-26,31.270605087280273,31.412477129806717,30.87836537326002,31.05362019645993,29790400
2017-09-27,31.329010009765625,31.454190608605405,30.96180594596828,31.39577235910234,25981400
2017-09-28,31.571033477783203,31.612760348274826,31.12037563593895,31.14541112152269,21171400
2017-09-29,31.779666900634766,31.838085148473336,31.462536995542713,31.579373491219854,23217300
2017-10-02,32.58085250854492,32.62257939712093,31.779684787078455,31.813064387804744,37394500
2017-10-03,32.864593505859375,33.1316493618053,32.505736602515114,32.505736602515114,34002200
2017-10-04,32.831199645996094,32.88127379591756,32.43061599729189,32.87292651248606,28368800
2017-10-05,32.98977279663086,33.08992112617713,32.72271695162104,32.964737306022684,17710300
2017-10-06,33.0732307434082,33.29021243024154,32.897972753152445,33.04819206848202,18887500
2017-10-09,33.26517105102539,33.28186243683622,32.9814238593539,33.11495176228423,18494100
2017-10-10,33.08991622924805,33.34028064894908,32.86458729645022,33.3235892631615,29890000
2017-10-11,32.79783248901367,33.10661526826693,32.59754216111434,32.94805182671685,30754700
2017-10-12,32.70602035522461,32.87293102766592,32.53076558176156,32.8395482564664,18286900
2017-10-13,33.10660934448242,33.223449062334424,32.78113523221526,32.91466315477504,16829400
2017-10-16,33.181724548339844,33.206763226701916,32.914668658564835,33.1399976624795,12489100
2017-10-17,33.20675277709961,33.27351513675572,32.856240042347,33.014806615698355,15532800
2017-10-18,33.59065246582031,33.624035244746864,33.04819345071345,33.21510416178918,21424600
2017-10-19,33.457115173339844,33.657408607305825,33.24013353813648,33.2818604083422,19222700
2017-10-20,33.74086380004883,33.7575551855608,33.46546071443575,33.65741005604525,18335700
2017-10-23,34.07468795776367,34.24994274478108,33.715831098505255,33.8410117248506,28647000
2017-10-24,34.17485427856445,34.25830808118953,33.982907985679965,34.21658117987699,19652400
2017-10-25,34.032955169677734,34.26663138385246,33.79093803806131,34.12475619843678,24031700
2017-10-26,34.50864791870117,34.70059725745406,33.97453632449195,34.141446993571385,38247400
2017-10-27,37.05402374267578,37.554752502621746,35.969106123533166,36.136016771367096,90028300
2017-10-30,37.02899169921875,37.71332261253748,36.620063881618144,37.120792731124794,48161500
2017-10-31,37.963687896728516,38.22239640692784,37.262665640201625,37.72166758807557,47000900
2017-11-01,38.98183822631836,38.98183822631836,38.047142914134234,38.364272874601745,47813700
2017-11-02,39.30731201171875,39.4158044259822,38.56456286453201,38.89838420831665,44602300
2017-11-03,38.673057556152344,39.47422500814665,38.05548898885061,39.39077125906425,39298100
2017-11-06,39.2044677734375,39.23804838538781,38.692374649677134,39.12051624356171,34035000
2017-11-07,39.27161407470703,39.53185893601947,38.944211211959995,39.204456073272425,24461400
2017-11-08,39.2044677734375,39.2044677734375,38.85187775280601,39.137306549536866,21565800
2017-11-09,38.86866760253906,38.9442223773287,38.32299707565691,38.658793583948224,25570400
2017-11-10,38.26422882080078,38.69237036729969,38.09632898205536,38.6503962082191,24095400
2017-11-13,38.406944274902344,38.56644737147764,37.98719625004002,37.99558980147103,18999000
2017-11-14,38.49927520751953,38.54964290244622,38.045946738646656,38.36495601701151,22201200
2017-11-15,38.16349411010742,38.45731968328931,37.92003945866565,38.10472963595577,17157200
2017-11-16,38.322994232177734,38.675581020085986,38.163487940332736,38.30620392764546,26439400
2017-11-17,37.46670913696289,38.29780842265318,37.45831238321146,38.19706979459868,63798000
2017-11-20,37.458309173583984,37.8780571573386,37.357570554161306,37.55065424239768,22420000
2017-11-21,37.7269401550293,37.96200115702478,37.53385650503388,37.54225325640283,21871000
2017-11-22,37.483497619628906,37.735345778732146,37.39115254739233,37.726949025388954,19538300
2017-11-24,37.567447662353516,37.59263151869251,37.29880918666015,37.39954781443936,6465800
2017-11-27,37.34917449951172,37.44991311218047,37.16448437426671,37.29040683949696,18202100
2017-11-28,37.55064392089844,37.64298896432936,37.20645079692451,37.483485927217274,20194100
2017-11-29,36.89584732055664,37.85287218280566,36.74473779468333,37.65139174750029,27036900
2017-11-30,37.643001556396484,37.94522063511309,37.214859996496735,37.24004385224873,34145300
2017-12-01,37.50868225097656,37.643001485439285,36.543260551609805,37.550656411291826,26656300
2017-12-04,37.34917449951172,38.029164138054234,37.21485528181247,37.79410630768623,28000800
2017-12-05,36.46769332885742,37.693359527507695,36.291399994281186,37.441508246773566,30626900
2017-12-06,36.476097106933594,36.70276138180985,35.82128813426131,36.2158522278336,27710800
2017-12-07,36.16548538208008,36.60202043765643,35.91363404684858,36.4844915225072,32708400
2017-12-08,36.392154693603516,36.58524161494614,36.19067742274158,36.392154693603516,23154700
2017-12-11,36.65239715576172,36.75313578437095,36.308203905792176,36.33338776233867,20425900
2017-12-12,36.3753662109375,36.618817637132544,36.16549219366439,36.4928951482227,16557400
2017-12-13,36.38375473022461,36.65239317898419,36.29980641589584,36.643999628520476,21399500
2017-12-14,36.31659698486328,36.57684190801114,36.11511973026506,36.45931297575831,19644900
2017-12-15,37.40793991088867,37.642997747249915,36.15708956220313,36.43412475713417,47477000
2017-12-18,38.835079193115234,38.910633952733896,37.810896365690034,37.90324142771537,50369300
2017-12-19,39.489891052246094,39.674577987319694,38.52446940932507,38.868662627663156,41421100
2017-12-20,39.92642593383789,39.993583940202925,39.17087834708939,39.85087117516304,40935000
2017-12-21,39.25482177734375,39.95160482102313,39.086925181084794,39.90963067195839,42963500
2017-12-22,39.2044677734375,39.4731062641932,38.63361017997579,38.893855118955614,33913500
2017-12-26,38.6839714050293,39.011374283450444,38.57483604474804,38.85186801786493,15533300
2017-12-27,38.709163665771484,38.919037679832336,38.61681858719698,38.709163665771484,13359700
2017-12-28,38.80149841308594,38.919027317279124,38.574834153960886,38.919027317279124,9504400
2017-12-29,38.75113296508789,39.02816816604532,38.69236850471927,38.79310712214792,17394500
2018-01-02,39.33038330078125,39.37236065949834,38.793106414400064,38.93582238870792,23370800
2018-01-03,37.99558639526367,38.793108211490946,36.64400056640878,38.171882983743004,116479000
2018-01-04,37.29880905151367,37.48349920379238,35.8380845431034,36.534867788574346,89209100
2018-01-05,37.559051513671875,37.90324473700295,36.85387476313712,37.298806607280866,41824000
2018-01-08,37.559051513671875,37.642999830611934,36.90424247233195,37.16448737872296,33733800
2018-01-09,36.61880874633789,37.64299472674081,36.509676589597234,37.52546581799081,44282300
2018-01-10,35.67857360839844,36.60201776199974,35.628202704549764,36.37535670073703,45735000
2018-01-11,36.44252395629883,36.5852399522281,35.63660850463118,35.93043084562772,35371500
2018-01-12,36.2998046875,36.60202052614749,36.1067178093763,36.47609806065006,29973600
2018-01-16,36.215843200683594,36.76151667482565,36.00596928023233,36.560036302126804,38367200
2018-01-17,37.26520538330078,37.31557626705194,36.5264484337234,36.56002902289084,32368600
2018-01-18,37.340782165527344,37.55905292163054,37.080537249380654,37.27362414994238,26826500
2018-01-19,37.62621307373047,37.68497754161279,37.147700576732525,37.45831322159955,25780200
2018-01-22,38.406944274902344,38.44052488547292,37.60102883574828,37.60942238717928,27706800
2018-01-23,38.66718292236328,38.69236677498888,38.30619942342345,38.45730894402258,22135100
2018-01-24,38.20545959472656,38.72594939382092,37.743737458852415,38.53286570799802,32464200
2018-01-25,38.0291633605957,38.92742371104992,37.92002799768908,38.516072516315475,36758700
2018-01-26,42.041961669921875,42.100726134360876,40.396547058360504,40.61481781406804,86916100
2018-01-29,41.9580078125,42.68836840304062,41.445914763096674,41.638998450139695,46304000
2018-01-30,40.95901107788086,42.02517139438746,40.917036917884545,41.53826217164548,32814600
2018-01-31,40.41334533691406,41.34518660320143,39.926439220857525,41.32839629541689,41619900
2018-02-01,40.00199508666992,40.690381712336965,39.83409520670687,40.04396925605472,28840400
2018-02-02,38.74274444580078,40.11951747166491,38.70076708086664,39.724953298731904,28663000
2018-02-05,37.37436294555664,39.674580231666624,37.357572640977786,38.91063898665591,47869000
2018-02-06,37.95753860473633,37.97444281649888,36.36857816469211,37.20531891412061,58145400
2018-02-07,38.20265197753906,39.13236122916208,37.47578685667229,37.67863421157787,37508400
2018-02-08,36.131927490234375,38.388586677120706,36.123476995996675,38.270260412899546,43151300
2018-02-09,37.146156311035156,37.425067748695035,35.531841142561916,36.76581960136371,49301100
2018-02-12,37.88992691040039,38.1688383583071,37.264483939946224,37.31519657781512,28379500
2018-02-13,37.57720184326172,37.84766278275354,37.408162950042154,37.687077607476745,19517600
2018-02-14,38.35478210449219,38.464654652127095,37.22222563329796,37.24758034057541,19922000
2018-02-15,38.81117630004883,38.87034264713065,37.99134307190765,38.77737110419286,23536800
2018-02-16,38.50691604614258,39.377462036627676,38.46465390263839,38.72666436127951,21475200
2018-02-20,39.14925765991211,39.47888172496281,38.36322955518412,38.422392683570216,25512000
2018-02-21,38.828086853027344,39.77470342289884,38.81118264026368,39.44507611023083,27527500
2018-02-22,38.70976257324219,39.35210979461141,38.557627874715216,38.997127756665456,16946400
2018-02-23,40.34099197387695,40.391704627167734,39.14082153001068,39.16617624458114,26040900
2018-02-26,41.50733947753906,41.52424368808244,40.65369457791507,40.73821563063197,26992300
2018-02-27,42.183494567871094,43.020235312280306,41.67638111463131,41.72709052546607,43624100
2018-02-28,41.659481048583984,42.54693129213981,41.65102732983781,42.411700809542246,35541200
2018-03-01,40.4339485168457,42.02290892983338,40.12122866493518,41.8369658277602,36326600
2018-03-02,41.3974723815918,41.45663551879654,39.69018544932131,39.89303279412982,33310600
2018-03-05,42.048255920410156,42.090514829269395,40.60297995804687,41.050930195421344,30826500
2018-03-06,42.859649658203125,43.38367058080981,42.386344597976326,42.394795092273704,39132300
2018-03-07,43.375221252441406,43.51890546323057,42.34408673975778,42.41170359757602,31801900
2018-03-08,42.88501739501953,44.017574114611605,42.656815307025276,43.77246781000855,29481200
2018-03-09,44.110530853271484,44.20350240806106,43.104754411040766,43.33295643893825,32727900
2018-03-12,43.54426193237305,43.907694497458614,42.68216630525027,43.831627141413975,32044400
2018-03-13,43.764007568359375,45.45439028755934,43.43438345397925,44.389450593088995,45573900
2018-03-14,43.831626892089844,44.102087884454704,43.366772262972084,44.000665818355216,24993500
2018-03-15,43.003326416015625,44.203496295877656,43.003326416015625,44.14433317358295,25631200
2018-03-16,43.248443603515625,43.696397250502145,43.09631211346576,43.248443603515625,42559800
2018-03-19,42.96107482910156,43.29914941069729,42.2004013782506,42.88500748401647,31115200
2018-03-20,43.56961441040039,43.78936597177961,42.97797980749758,43.00333774097931,22215000
2018-03-21,43.57806396484375,44.09362794217799,43.248436654277484,43.569610246441364,23239500
2018-03-22,42.96107482910156,43.91613866565467,42.76667799510162,42.88500748401647,30916000
2018-03-23,41.7186393737793,43.09630197302395,41.7186393737793,42.75822419343,37683900
2018-03-26,44.355648040771484,44.3641017610109,42.53003459115961,42.88501668577421,39306200
2018-03-27,43.26533126831055,45.0064260958089,42.91880304611626,44.80357881308991,38777000
2018-03-28,41.921485900878906,42.85119823677128,41.422822920251306,42.68215933714095,37970900
2018-03-29,44.0175666809082,44.0175666809082,42.149691362954464,42.24266292652694,45265800
2018-04-02,41.34676742553711,43.983767277508804,39.969107575498114,43.68794831234447,67187800
2018-04-03,42.048255920410156,42.22574527210781,40.91569975258294,41.41436261507734,39432400
2018-04-04,42.25111389160156,42.394794862922,40.57763230467075,40.65369964953124,30370000
2018-04-05,42.580745697021484,42.868110915905056,42.234217335204484,42.26802254248825,25115400
2018-04-06,41.23687744140625,42.597635723919986,40.991771231381755,42.082068600816186,28215200
2018-04-09,41.87923049926758,43.197730158140715,41.549606390586575,41.549606390586575,31437000
2018-04-10,43.33295822143555,43.51890133866346,42.54693005661617,43.2061782371167,25906400
2018-04-11,43.189266204833984,43.72173752876051,42.952613716043686,43.096297887200905,17568400
2018-04-12,44.5584831237793,45.02333766010715,43.48508986402664,43.51889828736106,29781400
2018-04-13,43.831626892089844,44.97263400211975,43.61187532070006,44.84585722553273,20884900
2018-04-16,44.28804016113281,44.39791274534197,43.77247278054365,44.19506857130198,18855500
2018-04-17,45.25153350830078,45.386763959042,44.70215798858118,44.719062197942364,21228700
2018-04-18,45.310707092285156,45.94460058104315,45.082505049434396,45.234639744668236,22164700
2018-04-19,44.13589096069336,44.76133072061296,43.62032374899136,44.75288022619198,25422400
2018-04-20,43.552711486816406,44.18660503210863,43.00333901538606,44.093633462935216,26910100
2018-04-23,43.189266204833984,43.85696798294759,42.977968418657404,43.68792910917665,21706700
2018-04-24,43.4850959777832,45.3360638895709,43.2230854963273,43.84007480025653,42494700
2018-04-25,43.42593765258789,44.03447330485043,42.76668612842499,43.83162916214609,25752800
2018-04-26,44.837398529052734,45.023341649720166,44.00911142885533,44.16969661770057,39575000
2018-04-27,44.56694412231445,47.15323108232914,44.14434840347118,46.85741214464917,69888100
2018-04-30,43.62876892089844,45.10785352359904,43.28224065723167,44.42325071380413,36417400
2018-05-01,45.074058532714844,45.1501226628955,43.47664409178584,43.64568301520232,27600800
2018-05-02,44.21195983886719,44.96417961020606,44.07672935440345,44.87120804760929,25778300
2018-05-03,44.186607360839844,44.42326315597608,43.28225277982675,43.85698321577986,28561000
2018-05-04,44.86666488647461,44.91767022126882,43.35354229124687,43.88058444642322,25642500
2018-05-07,45.33420181274414,45.546719158779304,44.90916712067382,44.934668164515685,20285700
2018-05-08,45.58921813964844,45.58921813964844,44.88365905371442,45.30019444367356,21026800
2018-05-09,46.19275665283203,46.218257689049395,45.215175856252294,45.69971500092048,19827500
2018-05-10,46.7368049621582,46.75380673555648,45.98874314641742,46.37127494098695,18715900
2018-05-11,46.47329330444336,46.9153297888313,46.269278461038134,46.43079048229706,15405000
2018-05-14,46.668800354003906,46.95782401157112,46.532789411781486,46.55829045008674,21878200
2018-05-15,45.835723876953125,46.54128277972585,45.5297017277962,46.39677259063143,21712600
2018-05-16,46.447776794433594,46.49878210968088,45.8697295259899,46.04824326522082,16260500
2018-05-17,46.59229278564453,47.12783403267879,46.26076308250774,46.37127298355333,16872600
2018-05-18,45.47871017456055,46.36278307584177,45.45320913177114,46.354280566407155,23679900
2018-05-21,46.17575454711914,46.94081805567024,45.78472352841807,46.209758090333935,25367400
2018-05-22,46.286277770996094,46.79631809507714,45.9462487264372,46.52429615653294,19009600
2018-05-23,46.93231964111328,46.949321414203276,45.76772574787986,45.9037366898432,20555400
2018-05-24,46.541290283203125,47.0088277105561,46.01424826924651,46.906820311057956,19667100
2018-05-25,47.127838134765625,47.178843457247005,46.362777754086,46.583794332658286,18550000
2018-05-29,47.02582550048828,47.442360814183914,46.592291657280285,46.85581102055626,24253500
2018-05-30,47.33185958862305,47.77389602033984,47.28085426247058,47.51037336602106,24711500
2018-05-31,46.923824310302734,47.48486989828731,46.804815131450994,47.323354661768306,30962100
2018-06-01,48.52195739746094,48.53895592990374,47.43386648396989,47.46787003436959,31183200
2018-06-04,48.3094367980957,48.96398726377306,48.26693074159781,48.462446279012156,22538100
2018-06-05,48.054420471191406,48.55596152943939,47.790901041731196,48.368948473025725,21687000
2018-06-06,48.479454040527344,48.50495832612736,47.67189075143838,48.054419365109055,22955400
2018-06-07,47.50187301635742,48.45394971685703,47.28085318416117,48.38594261687142,27596100
2018-06-08,46.796321868896484,47.348868300174644,46.46479530723261,47.2298590978089,30822900
2018-06-11,46.34577178955078,46.8303109596651,46.124751988205254,46.58379012076299,25752400
2018-06-12,46.600799560546875,46.77931333832664,46.09075926895981,46.643302377719614,23294900
2018-06-13,46.77931594848633,47.34886410720299,46.677308533028594,46.736813128942046,22631400
2018-06-14,47.21284103393555,47.48486290058301,46.90681562326804,47.13633468126867,23419800
2018-06-15,46.84730911254883,47.0768281610935,46.39677352249241,46.89831118372122,39194700
2018-06-18,45.240699768066406,46.15877314062256,44.492637701079985,46.15877314062256,40764400
2018-06-19,44.994163513183594,45.011165286502475,44.101591491860546,44.32260805949269,31780900
2018-06-20,45.4447021484375,45.691223013656554,44.7901484249715,45.215183057656674,21403000
2018-06-21,44.3651123046875,46.35427444866616,44.15259499547079,46.22676600879021,44435600
2018-06-22,44.628631591796875,45.130172533681616,44.45861710861015,44.73063898460629,34682100
2018-06-25,43.10701370239258,43.99108655834862,42.42695890656372,43.49804480464954,45356500
2018-06-26,42.222930908203125,42.851983473004566,41.95941156089622,42.46095246278663,37543000
2018-06-27,41.44938278198242,42.55447560324814,41.44088351474139,41.94242459365574,33338800
2018-06-28,41.86590576171875,42.06992378513693,41.228353897327096,41.29636098605198,29055700
2018-06-29,42.256935119628906,42.596964064270296,42.07842138293253,42.10392241881592,28906500
2018-07-02,42.67347717285156,42.73298176117406,41.50888320356668,41.68739696853418,23755500
2018-07-03,42.05292892456055,43.234524721926434,42.01892537460945,42.996506357782806,16327900
2018-07-05,43.141021728515625,43.31953552292357,42.290952334850296,42.48646790626243,26163500
2018-07-06,43.66805648803711,43.77856639856852,42.84349152016785,43.158016234865265,19968000
2018-07-09,44.084598541259766,44.110099584963315,43.353538356022916,43.89758224008085,21361600
2018-07-10,44.33961486816406,44.424620501655326,44.06759294968356,44.288609542415074,17362900
2018-07-11,43.52355194091797,44.093096856384435,43.51504943136211,43.94008411195163,18665600
2018-07-12,44.501129150390625,44.611639073800546,43.97408706165881,44.24610899408537,20292700
2018-07-13,44.39061737060547,44.56062862677503,43.999583050247665,44.543630095363554,13749300
2018-07-16,44.212100982666016,44.47562362183197,44.09309180457716,44.331113403511765,15951500
2018-07-17,43.9910888671875,44.1015987906713,43.36203612130729,43.39603967357265,15754500
2018-07-18,43.96558380126953,44.17810111934565,43.75306648319341,44.09309224646104,14649000
2018-07-19,44.186607360839844,44.21210840535252,43.396042553372446,43.86358007839702,15954600
2018-07-20,44.12710189819336,44.2631128708615,43.63406333830537,44.05909803323798,17380500
2018-07-23,44.46712112426758,44.62863310525611,43.6340536954336,44.00808297692335,15945500
2018-07-24,44.35662078857422,45.3086975922283,44.271615147139116,44.84965934586107,17788700
2018-07-25,44.56913375854492,44.586135533713964,43.430040764275674,44.38211747444254,19854800
2018-07-26,44.33961486816406,45.20668594935457,44.09309399117952,44.5861357451486,28282500
2018-07-27,40.53130340576172,41.82340909653766,40.36128890173071,41.44937653911805,67816700
2018-07-30,40.53981018066406,40.79483360532548,39.46872411956479,40.48880808993782,35696600
2018-07-31,40.888336181640625,41.38137798219059,40.53980786298741,41.007348619632154,36581200
2018-08-01,41.491886138916016,41.57689177680907,40.803328798056214,40.85433412644638,28060700
2018-08-02,42.061431884765625,42.09543543770312,40.97334413282412,41.22836429434075,26452500
2018-08-03,42.188941955566406,42.31645041001566,41.79790759742008,42.07843203417133,22008200
2018-08-06,42.16328430175781,42.17183851920277,41.32515042844446,41.710008651516425,26669000
2018-08-07,42.50537872314453,42.61656070603842,42.25735863148811,42.27446380289316,28322700
2018-08-08,42.72773742675781,42.87312974565731,42.28301277847363,42.419850880832016,21990600
2018-08-09,42.88168716430664,43.2750963600853,42.52248831489435,42.64222126469845,23795600
2018-08-10,41.778419494628906,42.05209568513282,41.30803874610515,41.487638134408805,28712400
2018-08-13,41.43632888793945,42.111968459499664,41.37646242083693,41.83828898670242,17070600
2018-08-14,41.15410232543945,41.701454797476984,40.752142188930804,41.62448315219183,23061600
2018-08-15,40.58964157104492,41.051471407372546,40.11070982594472,40.86331778609585,26739900
2018-08-16,40.34161376953125,41.008702270858784,40.238986024125936,40.83765385353179,24358000
2018-08-17,40.28175735473633,40.52977745856589,39.62322616694861,40.196234755991384,26382000
2018-08-20,39.768611907958984,40.298859153238,39.503486654080604,40.23899268663284,24334000
2018-08-21,40.726478576660156,40.92318314700103,39.88834478293382,39.90544995372143,19254300
2018-08-22,40.238990783691406,40.49556180879113,40.12780880990641,40.410039221250415,23182500
2018-08-23,40.17912292480469,40.34161714048089,39.948208031489564,40.07649517082379,31343200
2018-08-24,40.76069641113281,40.95740101763322,40.264659417018386,40.4442588495868,18214700
2018-08-27,41.35081100463867,41.38502135314301,40.73504104395266,41.05147861142175,17170300
2018-08-28,41.5389518737793,41.72710547016348,41.31659120189768,41.521846704791884,13472400
2018-08-29,41.692901611328125,41.786978424139896,41.393569263725134,41.650140313453115,13479100
2018-08-30,41.25672149658203,41.76131252335069,41.12843437050569,41.49618731861558,16418800
2018-08-31,41.41924285888672,41.53042489023608,40.98306895415884,41.01727931187853,16484000
2018-09-04,41.01725387573242,41.41921717346997,40.67516029811679,41.376455884077664,15682900
2018-09-05,40.812007904052734,41.1541015614868,40.59819814472719,40.83766403117883,20857200
2018-09-06,40.41859436035156,41.017262322561265,40.37583306215328,40.84621386729022,19318100
2018-09-07,39.72584915161133,40.60674420996702,39.648877517023514,40.11925827840342,25958300
2018-09-10,39.597572326660156,39.99098155598523,39.53770584665323,39.81993633452457,21522400
2018-09-11,38.42587661743164,39.366637920766664,38.39166628504353,39.34098180271401,32455300
2018-09-12,38.42587661743164,38.46863790167835,37.68181983161296,38.109439199033766,29778700
2018-09-13,38.97323989868164,39.21270576811228,38.579830752480504,39.067316708094474,18657100
2018-09-14,38.94758224487305,39.31533525133915,38.78508475772712,39.15283776419322,22998700
2018-09-17,38.84495544433594,39.255473052545916,38.64825085757758,38.73377671865383,17603200
2018-09-18,39.426517486572266,39.7942705258866,38.836403737719884,38.981796067496184,20528100
2018-09-19,39.469276428222656,39.71729322903743,39.24691248786495,39.41796091987607,15918900
2018-09-20,40.36728286743164,40.50412098172891,39.785720066048725,40.00808077835255,21999300
2018-09-21,39.905452728271484,40.55543295100376,39.65743262832342,40.29886189630623,52650600
2018-09-24,40.1192741394043,40.19624580442256,39.469293727844786,39.60613188093515,17847000
2018-09-25,39.2640266418457,39.67454101512125,39.16994981958872,39.52915193525372,23389900
2018-09-26,39.08442306518555,39.59756516167391,38.98179529838345,39.37520445652306,23957700
2018-09-27,39.238365173339844,39.48638199715566,39.11007802181479,39.26402129865374,15415500
2018-09-28,40.44424819946289,40.83765730886786,38.879159452840646,39.01599754578488,46223500
2018-10-01,39.72584915161133,40.38438352253424,39.512039418031584,40.01663051977888,23796200
2018-10-02,41.136993408203125,41.80408202744252,40.469908051441514,40.63240228226151,42121100
2018-10-03,41.70145034790039,42.522482230830036,41.53040516549787,41.58171741522754,39211900
2018-10-04,41.16264724731445,41.786971223647825,40.72647360170573,41.7698660549497,30108300
2018-10-05,40.221885681152344,41.34224984968936,39.905448191747844,41.24817304575023,28901400
2018-10-08,40.221885681152344,40.49556187671477,39.78571526399898,40.162019217277916,19376800
2018-10-09,39.81136703491211,40.726472325482696,39.802816082069675,40.350168413348094,23285700
2018-10-10,38.31471252441406,39.44362791952117,38.31471252441406,39.39231565950254,43109500
2018-10-11,37.82721710205078,39.00744772707731,37.39959764135049,38.614038606227666,43648800
2018-10-12,38.38312530517578,38.77653444241673,37.82721867811266,38.71666797642258,32087400
2018-10-15,38.08378601074219,38.60548224581713,38.00681438159216,38.16931185561855,21633000
2018-10-16,39.2896728515625,39.34953931197972,38.340360438170634,38.40022689858785,21472000
2018-10-17,39.24691390991211,39.62322112646696,38.947581589904935,39.340990714050825,23124400
2018-10-18,38.46009826660156,39.12718363207352,38.340365330488936,39.041661038415306,26638800
2018-10-19,37.630523681640625,38.63970616864654,37.510790719195604,38.502868031212444,28368500
2018-10-22,38.49430847167969,38.77653892612432,37.71604106128735,38.058137988648454,34508800
2018-10-23,38.05813980102539,38.56273099854935,37.553548603501426,37.78446355109493,38590300
2018-10-24,36.27922821044922,37.938393564966624,36.227915970603675,37.76734515303491,33631800
2018-10-25,37.895652770996094,38.43445115561089,37.01475411503814,37.23711814954359,48255300
2018-10-26,39.07586669921875,39.71729591579312,38.2291819603281,38.990344108666584,67280400
2018-10-29,38.82784652709961,39.98241771219337,38.006814721334294,39.76860799180731,35732200
2018-10-30,40.84621047973633,40.94884150187407,38.87916156345001,38.9390280284582,43975200
2018-10-31,40.09360885620117,41.53041076702341,40.050847554833,41.29949582466146,33369100
2018-11-01,41.23963165283203,41.45344143408897,40.07650592079773,40.15347757254936,28335300
2018-11-02,40.29030227661133,41.265274032268564,39.98241577219804,41.16264628495656,30759800
2018-11-05,41.025814056396484,41.26527992179434,40.127810536199085,40.487012596773596,23751200
2018-11-06,40.66435623168945,41.24097092410367,40.475018496026415,41.137697287837334,23839600
2018-11-07,41.929466247558594,41.95528383320064,40.95696336459255,40.991389000788196,29913200
2018-11-08,42.161827087402344,42.42001274827075,41.7056956940924,41.7315165582854,26581700
2018-11-09,41.40449142456055,42.19626144770438,41.19794086725666,41.98971417341022,21761400
2018-11-12,40.14797592163086,41.13768822405894,40.10494223990918,41.06023219317248,24412800
2018-11-13,40.78484344482422,41.524978298324626,40.44059688987713,40.44059688987713,29315900
2018-11-14,40.52665328979492,41.284000880930904,40.35452838958092,41.18072397099686,25632700
2018-11-15,41.40449142456055,41.51637311322556,40.208228338326876,40.457806021181504,29581000
2018-11-16,42.024139404296875,42.21347385672145,41.04302837041809,41.11187964985226,31670600
2018-11-19,41.30982208251953,42.29953788311711,41.12048434741155,41.83480159676644,26859000
2018-11-20,40.78484344482422,41.41309660853718,40.52665770786146,40.79345149642851,29200800
2018-11-21,40.47500991821289,41.20653983450903,40.46640515160167,41.18071896865735,19011400
2018-11-23,40.053314208984375,40.509442426001094,40.036101389831536,40.18240542811631,8906900
2018-11-26,40.836483001708984,40.84508777053451,40.19101700046915,40.68157089877064,20723000
2018-11-27,41.37006378173828,41.49915828417982,40.096344708554,40.39756083690483,27621000
2018-11-28,42.049949645996094,42.06716246284737,41.008598849062274,41.25817648588297,28003200
2018-11-29,41.05162811279297,41.791762801854794,40.991384896986446,41.73151958604828,23592500
2018-11-30,42.437232971191406,42.44583773875191,40.93114585638124,41.26678760240029,43313700
2018-12-03,43.142948150634766,43.46137712318565,42.62657338332567,43.03106645859965,30870400
2018-12-04,41.09465789794922,42.68680563419497,41.03441468304321,42.6179576527348,35397700
2018-12-06,41.628238677978516,41.64545149269508,40.03609107129656,40.277063911311025,31661700
2018-12-07,39.795135498046875,41.36146620377568,39.78652744544927,41.25818927066532,34016400
2018-12-10,40.62991714477539,40.84507239754333,39.597171274887565,39.82953934183797,23289000
2018-12-11,40.77622604370117,41.81757672054469,40.56107078238596,41.22374938119786,23851000
2018-12-12,41.16352081298828,41.860622006490544,40.802058138237925,41.80898682653329,31305000
2018-12-13,41.55940246582031,41.80898342534317,41.189335052185626,41.533581594932315,19526000
2018-12-14,41.1893310546875,41.963888162952635,41.180723004223715,41.21514864006021,26372100
2018-12-17,40.51805114746094,41.66267573448136,40.15658850529001,41.18933469048029,26598700
2018-12-18,41.0860595703125,41.69709986469667,40.75902257884949,40.853691440826374,29014300
2018-12-19,39.2185173034668,41.077459413594546,39.05500041781565,40.87091211414153,39717600
2018-12-20,39.19269561767578,39.855374426632785,38.73656408659563,39.08081392707011,37750900
2018-12-21,38.59025573730469,40.14798133147246,38.555830100492166,39.373420918237784,52768300
2018-12-24,37.51447677612305,38.87425651192197,37.47144637440325,38.409523577135296,19241600
2018-12-26,39.75209045410156,39.76069850424205,37.44562546783148,37.86733128346687,28677600
2018-12-27,39.89840316772461,39.915615987329616,38.44395109969315,39.261541974377934,29970700
2018-12-28,40.234039306640625,41.08605570118765,39.84675912730107,40.02748878332313,24758700
2018-12-31,40.388954162597656,40.862295177527336,40.061917179387756,40.52665342663192,20490400
2019-01-02,40.51805114746094,40.853692918970616,39.390636096868526,39.55415295701155,18774600
2019-01-03,38.28902816772461,39.829537199599976,38.20296410144123,39.71765883794425,32267300
2019-01-04,40.6385383605957,40.939754498863905,39.19269433088897,39.45088006126309,35447300
2019-01-07,40.8278694152832,41.30981847942657,40.234041956524834,40.53525806973356,22736800
2019-01-08,41.0860595703125,41.33563723560397,40.25986068224755,41.13769474374753,22749200
2019-01-09,41.31842041015625,41.800369441208915,41.12047793749422,41.275390008796535,22554500
2019-01-10,41.79177474975586,41.86923080408096,40.80205886482508,41.09467026082992,27202600
2019-01-11,42.110198974609375,42.42002315687658,41.35285133829061,41.395881745158924,21751300
2019-01-14,41.61103820800781,42.02413931774262,41.568007799954934,41.70570707552997,19193900
2019-01-15,41.82619094848633,42.28232243810759,41.68849168141431,41.92085981016262,22480800
2019-01-16,41.42169189453125,42.075762445461784,41.378661498800476,41.826181554011036,19057700
2019-01-17,41.714317321777344,42.03274629773469,41.232368190401736,41.30982424217621,17448700
2019-01-18,42.33395767211914,42.4974778090708,41.903647051525496,42.265109679989095,29874600
2019-01-22,41.54218292236328,42.153223145320844,41.19793315232597,42.13601032851807,25940700
2019-01-23,41.258182525634766,41.998317343541785,40.896723167871585,41.662675573330375,18960700
2019-01-24,42.82450485229492,43.06548099477136,41.826184499203904,41.91224857973442,50578300
2019-01-25,40.48362731933594,40.81926910585819,39.37342503852406,40.32010716886937,86455700
2019-01-28,40.199615478515625,40.21682829648293,39.631605617632,39.700456889501204,35928700
2019-01-29,40.053314208984375,40.42338161324647,39.87258453239393,40.259861472799294,20988300
2019-01-30,40.91392517089844,41.03441159163337,39.9758481027366,40.17379054865953,26931700
2019-01-31,40.552467346191406,40.60410579666395,39.674633386212854,40.19100804191095,43051300
2019-02-01,41.93806457519531,42.213463056452206,40.45779527618288,40.500828956323964,37442900
2019-02-04,42.359771728515625,42.37698454453194,41.5163634417698,41.84339709705296,20905000
2019-02-05,43.03966522216797,43.65070877571043,42.325351325786464,42.325351325786464,31641600
2019-02-06,43.217201232910156,43.85809573416314,43.14791355503507,43.26050437967293,21647800
2019-02-07,42.636940002441406,43.173906435635644,42.16059865184236,42.87078102265968,27825900
2019-02-08,42.29917526245117,42.45506929259322,41.580330200816235,42.238550173375884,18851200
2019-02-11,42.23854064941406,42.71488194352268,42.07398734528748,42.4550597198106,18004100
2019-02-12,43.312477111816406,43.4250679631708,42.67158245848645,42.7495294626827,18050100
2019-02-13,43.710872650146484,44.00533872922998,43.3038157251084,43.41640657106299,17712800
2019-02-14,44.00534439086914,44.20454157237467,43.6069467240387,43.658912498969464,17545400
2019-02-15,44.74150466918945,44.7501639791175,44.247841407812345,44.386413493395054,22520400
2019-02-19,44.51631546020508,44.78479695243431,44.464349701797005,44.47300900962252,15611800
2019-02-20,44.507659912109375,44.802125982184776,44.2218564550526,44.71551967491154,21607700
2019-02-21,44.52499008178711,44.897403218918846,44.35177413133662,44.44704306927536,16162100
2019-02-22,45.46035385131836,45.8847294573586,45.08794071730458,45.64222911104989,31934100
2019-02-25,45.98866271972656,46.43036360303024,45.7808062013176,45.95402216920493,20711800
2019-02-26,46.10124206542969,46.222492221482646,45.824097907646085,45.910704218021344,16082200
2019-02-27,46.10990524291992,46.231155400456394,45.477666614932886,45.69418569733916,17590300
2019-02-28,45.867393493652344,46.05793130961754,45.73748404952751,45.832749653691685,18388800
2019-03-01,46.161865234375,46.4909751470644,45.8067740904113,46.2831153854135,18359300
2019-03-04,46.716163635253906,46.8547357383985,46.083928208167954,46.5516102952133,21706100
2019-03-05,46.4909782409668,46.7594630960042,45.997314990989594,46.63820963307763,21057700
2019-03-06,45.85874557495117,46.46499970955697,45.85008296090037,46.44767778527461,14740500
2019-03-07,45.55561828613281,45.89339086451573,45.347761795856464,45.702852995246296,17803000
2019-03-08,45.45168685913086,45.520974553585354,44.77614835729506,45.00998937035032,16793900
2019-03-11,46.205169677734375,46.46499521300654,45.52963121519215,45.79811605985789,18963000
2019-03-12,46.39570999145508,46.733479240700035,46.05794074221012,46.19651282661367,20782100
2019-03-13,47.088584899902344,47.26180088465008,46.46501198015866,46.76813747560211,25522300
2019-03-14,46.28311538696289,47.15785428317369,46.18784977101433,47.02794151916018,26647100
2019-03-15,47.05392837524414,47.36571307738182,46.490977441842496,46.490977441842496,46512500
2019-03-18,46.854732513427734,47.20982370978387,46.65553533535667,47.131876700641335,16274000
2019-03-19,46.91535949707031,47.33107909853875,46.76812808707397,47.17518507394295,18274800
2019-03-20,46.61223602294922,47.11456196862298,46.43036075454442,46.82009583242585,24325300
2019-03-21,47.322418212890625,47.6255469623772,46.629557691494924,46.69884209172471,19127200
2019-03-22,46.127220153808594,47.30508439601675,46.083917001572445,47.114549865413956,21438400
2019-03-25,45.71150207519531,46.37838116456679,45.36507356766141,45.87605867230612,16971400
2019-03-26,46.28311538696289,46.56892214626508,45.93668685595825,46.17918715804338,17724300
2019-03-27,46.04063034057617,46.646884600491966,45.850092437906085,46.41304353007502,19656000
2019-03-28,45.997314453125,46.28311792427656,45.702848368527604,46.118564610814694,13607900
2019-03-29,46.50830841064453,46.80277455089712,46.317770524651785,46.59491473855779,18736100
2019-04-01,47.20981979370117,47.26178556342537,46.85472862680006,47.062588401877825,17830400
2019-04-02,47.07990646362305,47.46097883222116,46.96731562369817,47.227137843370464,13704500
2019-04-03,48.04991149902344,48.49161225086881,47.538926362935314,47.66017651322422,24552800
2019-04-04,48.43098831176758,48.6215261675854,47.86804066184444,47.86804066184444,16520500
2019-04-05,48.15385437011719,48.4569831418349,47.521618891487414,48.28376717282761,19268400
2019-04-08,48.22313690185547,48.275102678124384,47.80742060316251,47.87670500103494,11758800
2019-04-09,47.91135025024414,48.00661919094132,47.547599717203504,47.93733148722717,13339700
2019-04-10,48.283748626708984,48.37901753826054,47.911335592726644,47.911335592726644,13084000
2019-04-11,48.327056884765625,48.56089788225065,48.17982549958185,48.29241303984513,10845800
2019-04-12,48.86402893066406,48.92465731821316,48.36170633635714,48.682153679474624,12910200
2019-04-15,48.7427864074707,48.985290084240766,48.43099832578047,48.898680448315815,11676900
2019-04-16,49.11518859863281,49.77340846918371,48.56090026794935,49.07188544226424,30301900
2019-04-17,50.71743392944336,51.60949154234196,50.33635820834556,50.61350238524258,38788400
2019-04-18,50.656803131103516,50.99457235209406,50.336352528373,50.84733766633323,20464200
2019-04-22,50.9426155090332,50.9512781234994,50.12850485163943,50.36234588493559,12327500
2019-04-23,50.9079704284668,51.081186371590945,50.665470090384574,51.00323936237604,17739900
2019-04-24,50.85600662231445,51.34966989976815,50.35368073083147,50.68279068374034,17723700
2019-04-25,49.894657135009766,50.561536295344574,49.56554720958581,50.49224860417365,27949900
2019-04-26,45.408382415771484,45.979992663553254,44.620253084681174,45.676867268448916,72364500
2019-04-29,44.265167236328125,45.408387869189205,44.1698982996198,45.18320614536599,42142300
2019-04-30,44.204532623291016,44.542301832412114,44.05729794270412,44.16988878035072,27130900
2019-05-01,43.962032318115234,44.689536555238604,43.94471369916709,44.256498397518,20467600
2019-05-02,43.7801628112793,44.45570467228189,43.40774968262204,43.99668191846052,22655400
2019-05-03,44.819461822509766,44.88008691719115,43.93606333795554,44.23919211518231,25656600
2019-05-06,44.63210678100586,44.68438747952083,43.73458267588581,43.78686669845332,26245200
2019-05-07,43.98728561401367,44.33583913074172,43.50802702155212,44.09185033941101,29713400
2019-05-08,42.906768798828125,44.25740764196205,42.75863241461098,43.7432931156534,36812400
2019-05-09,40.623748779296875,42.07895561324694,40.12706227270457,41.73911782705768,59642200
2019-05-10,40.25777053833008,40.780597388884836,39.29925021357695,40.46689994893116,42522800
2019-05-13,39.00299072265625,39.769806513154485,38.9507100187026,39.49968067858622,39091900
2019-05-14,39.36025619506836,39.63910101748737,39.0988427058567,39.36897186167204,24706500
2019-05-15,39.752376556396484,39.86565694950142,39.0029888119454,39.142409555746575,23407900
2019-05-16,39.673946380615234,40.03992785712616,39.57809401000399,39.62166568686528,19954700
2019-05-17,39.11627960205078,39.84823953257308,39.00299917883622,39.36898080612418,22500400
2019-05-20,37.957332611083984,38.793857023546636,37.861480232229454,38.340738802449565,28675000
2019-05-21,38.7415771484375,39.020418649107675,38.49759166636432,38.637012416699406,25543400
2019-05-22,38.340736389160156,38.74157056272882,38.21002800366709,38.47144477465322,16932500
2019-05-23,38.80256652832031,38.985558930960345,37.347362916619325,37.791765439482724,35783900
2019-05-24,38.83741760253906,39.25567972500941,38.767708910819934,38.85484560648181,27168100
2019-05-28,37.966033935546875,38.94197880021403,37.730760889554944,38.91583845867656,34779900
2019-05-29,38.541160583496094,38.802574078638365,37.756920098069294,37.774344783566235,28450300
2019-05-30,38.97684097290039,39.23825440179746,38.54115081672124,38.60214717266216,21618900
2019-05-31,38.3755989074707,39.18598305718283,38.27974651840002,38.49759164845052,25532500
2019-06-03,37.87019729614258,38.854858232540636,37.64363981936973,38.55858871734356,31155700
2019-06-04,39.02912902832031,39.09012539057514,38.140320618825434,38.48015844397444,28094900
2019-06-05,38.81999206542969,39.36896259032928,38.506294622629916,39.307966234679554,20802000
2019-06-06,39.299259185791016,39.36025555481311,38.78514455828138,38.99427734068056,19076200
2019-06-07,40.10963821411133,40.18806258202895,39.299254186980065,39.42996257486023,24370300
2019-06-10,40.78060531616211,41.120443167488446,40.257778363975845,40.28391871436935,20806100
2019-06-11,40.82417678833008,41.233726704010735,40.536622939912874,41.18144267518354,18415500
2019-06-12,40.362342834472656,40.667324667311405,40.30134646790491,40.667324667311405,15900600
2019-06-13,40.69346618652344,40.92002363262653,40.54532978695209,40.606326150289554,12267600
2019-06-14,40.249053955078125,40.44947102068419,39.6913711074696,39.935359846337306,15381100
2019-06-17,40.19677734375,40.54532749684097,39.909220226498945,40.20548968485504,12643300
2019-06-18,41.27729034423828,41.82626094994097,40.60632700928,40.73703540436959,25732300
2019-06-19,41.01587677001953,41.46028265291092,40.95488040555249,41.373142615063315,17436400
2019-06-20,41.120445251464844,41.86983302521596,40.841603752960175,41.712984266800476,20126800
2019-06-21,41.355712890625,41.590985996967405,40.780601960916584,40.9113103502354,31096300
2019-06-24,41.50385284423828,41.695554287870905,41.10301530052779,41.30343573440938,14479900
2019-06-25,40.82417678833008,41.54742422886801,40.780608426333885,41.44285949526657,16665600
2019-06-26,41.991825103759766,42.244526246565044,41.442857782006946,41.52128215997918,21886300
2019-06-27,41.355712890625,42.19223727491862,41.16401146342381,41.95696749262863,23062900
2019-06-28,41.712974548339844,42.00053164645628,41.547413485942315,41.625837846878426,26646200
2019-07-01,41.86983108520508,43.08976507767781,41.60841760797598,42.95034433488545,27423300
2019-07-02,41.93082809448242,42.01796813759491,41.556134219230614,41.74783899002533,15381600
2019-07-03,42.279380798339844,42.31423681490841,41.82626255510653,41.9831113056124,10739100
2019-07-05,41.895973205566406,41.98310992005939,41.338286931032506,41.85240152426733,14339200
2019-07-08,41.669410705566406,41.78269108896303,41.01587540174754,41.49513395973755,16564300
2019-07-09,41.60841751098633,41.6519858697475,41.06816254943184,41.2685796589754,17853200
2019-07-10,42.009254455566406,42.35780799637479,41.739128619290184,41.756553304682974,16032300
2019-07-11,42.34908676147461,42.50593550181028,42.09638896786936,42.314234071218614,16615100
2019-07-12,43.49930953979492,43.50802520557832,42.53208005314835,42.69764113845487,20148700
2019-07-15,43.673587799072266,43.78686818980052,43.36860596717233,43.56902307442838,14345100
2019-07-16,42.84577560424805,43.569022981282615,42.6627865054993,43.4905986069542,17131400
2019-07-17,43.037479400634766,43.30760853369924,42.90677432906363,43.13333178088514,11928600
2019-07-18,43.5167350769043,43.560306755242664,42.60178634068871,42.94162415779287,15671600
2019-07-19,43.80428695678711,44.144124733225674,43.49058952498167,43.534157874054216,29141100
2019-07-22,44.74539566040039,44.893532101435994,43.4731806917578,43.57774544045424,21688000
2019-07-23,45.093929290771484,45.31177435980903,44.701807501693516,45.31177435980903,18413500
2019-07-24,46.11344909667969,46.157020775850036,45.13750398101807,45.29435271868453,20896400
2019-07-25,45.451202392578125,45.83460857918682,45.207216939650095,45.75618420873817,27765400
2019-07-26,44.95451736450195,46.61885388422915,44.90223334105696,45.91303452595852,36401500
2019-07-29,45.75619125366211,45.79976294043855,44.2487032998708,44.90223871288135,21897500
2019-07-30,45.05036544799805,45.58190800146623,44.92837272898285,45.05907778904815,16487700
2019-07-31,44.04827880859375,45.067795610966165,43.61258860608728,44.88480319963359,24169800
2019-08-01,43.13332748413086,45.215925996465785,43.107187137231136,44.02213584329619,34020800
2019-08-02,42.41879653930664,43.01133545490009,42.26194780729353,42.77606235688043,27881600
2019-08-05,40.928733825683594,41.79139846271066,40.58018037545824,41.617121737597984,38936600
2019-08-06,41.1963005065918,41.72266070839549,41.02962161659303,41.36298274308584,26119600
2019-08-07,40.99452590942383,41.12611678251036,40.32780707380621,40.61730230950369,29440400
2019-08-08,41.380531311035156,41.55598473809286,40.27518040961446,40.49449635681264,30643700
2019-08-09,40.33659362792969,41.231403205457454,40.161140179032756,41.178766166839516,24975500
2019-08-12,40.00321960449219,40.41553457544195,39.86285755960431,40.14358164938007,18494300
2019-08-13,41.09103012084961,41.275254686974854,39.79268030080768,39.90672551404986,28959500
2019-08-14,40.240089416503906,40.906811776015225,40.04709365685236,40.406771679629635,25650200
2019-08-15,40.09096145629883,40.5120477325696,39.862870965092,40.44186501327635,21896000
2019-08-16,40.79276657104492,40.95067432226541,40.406771705003635,40.65240449734847,22701800
2019-08-19,41.433162689208984,41.75774930975099,41.26648379682154,41.63493293151863,21403600
2019-08-20,40.880489349365234,41.33666690025245,40.757672959990906,41.25771302901244,23113300
2019-08-21,41.36298751831055,41.485803908961586,41.134897067248055,41.32789616484006,15915000
2019-08-22,41.03839874267578,41.60862154084677,40.95944486825973,41.477030634654774,19783000
2019-08-23,39.4417839050293,40.90681634944829,39.30142181572833,40.661180183299464,32814000
2019-08-26,39.968135833740234,40.196222925890225,39.69618287889232,40.196222925890225,22080500
2019-08-27,40.16990280151367,40.45939806197948,39.915495543244035,40.240082152401214,16925500
2019-08-28,40.16990280151367,40.27517350109258,39.80145033324468,40.09094894020569,14888800
2019-08-29,41.11735153198242,41.4243958561621,40.70503984002042,40.75767352391158,17803800
2019-08-30,41.5910758972168,41.924437072409184,41.371759951049974,41.44194266014132,16922600
2019-09-03,41.2138557434082,41.42440054227764,40.79276949216538,41.33667214837536,15003800
2019-09-04,42.915740966796875,42.94206115486675,41.7051194034426,41.72266507999064,23450700
2019-09-05,43.9509162902832,44.889588315236246,43.74914601212932,43.80178304636352,30014200
2019-09-06,44.67026901245117,44.7316805543716,43.924596155724345,44.082503900101074,17067900
2019-09-09,45.25802993774414,45.64402472280449,44.75798994595194,44.79308129363791,20749700
2019-09-10,45.45981216430664,45.47735784278003,44.59132283209765,45.029954754444496,18532000
2019-09-11,46.310752868652344,46.310752868652344,45.073811149654695,45.26680689363251,18968900
2019-09-12,46.503746032714844,46.784473488054516,45.679119381296545,46.49497486840517,23308700
2019-09-13,46.0914306640625,46.49497111967825,45.819477741454456,46.28442638177282,18010800
2019-09-16,45.79317092895508,45.8721248046419,45.354539029916225,45.529992458830925,13354600
2019-09-17,45.5738639831543,45.7405429329802,45.047503592420746,45.66158904169499,19641100
2019-09-18,45.389625549316406,45.731757858677575,44.88081099432101,45.731757858677575,14906800
2019-09-19,45.24048614501953,45.608938618052406,45.17907795726326,45.354531356493425,11428400
2019-09-20,44.494815826416016,45.51244158207559,44.35445376861799,45.26680547105747,37067900
2019-09-23,44.6527214050293,44.94221667117636,44.20531506667211,44.591313216861884,18916600
2019-09-24,43.70528030395508,44.89835955431766,43.54737255926028,44.8281768471219,28197400
2019-09-25,44.75800704956055,44.92468599502013,43.35438272420349,43.64388143349772,19486700
2019-09-26,44.67026901245117,44.87204262198473,44.16145777228944,44.72290604274197,11351800
2019-09-27,44.547447204589844,44.933445353459966,44.161452402214984,44.41585966460752,14845700
2019-09-30,45.20539855957031,45.26680675243929,44.68781282932072,44.90712875999435,13652100
2019-10-01,44.5299186706543,45.82827232108361,44.24042329406286,45.59141064214704,18413100
2019-10-02,43.32805633544922,44.187774413996706,42.96837832966409,44.13514073044003,20078700
2019-10-03,43.889503479003906,43.924594831473165,42.57360787986691,43.424554771520754,16320100
2019-10-04,44.67026901245117,44.714134877608004,43.889504802197145,44.17022893742341,12644900
2019-10-07,44.40708923339844,44.942220646039516,44.354455551168535,44.47727193836572,12081400
2019-10-08,43.626319885253906,44.28426760725522,43.52104918675234,44.0035435135876,17409100
2019-10-09,44.28427505493164,44.5562280305005,43.99477974874158,44.27550388962104,11834900
2019-10-10,44.836952209472656,45.424717334158466,44.21409573052317,44.22286689584122,13907900
2019-10-11,45.69667053222656,46.310755848844906,45.45980890953824,45.61771665799712,24072500
2019-10-14,45.30189514160156,45.57384808258857,45.12644173923882,45.529985568621704,15016800
2019-10-15,46.18793487548828,46.55638402103171,45.46857891338361,45.55630394427621,18878100
2019-10-16,46.01247787475586,46.10897740910071,45.72297927172129,45.92474950421728,14769300
2019-10-17,45.49489212036133,46.354610071138715,45.07380598201089,46.17915667686891,16533900
2019-10-18,45.05625915527344,45.45979960922373,44.766760560160144,45.39839142477456,16974100
2019-10-21,45.731754302978516,45.7668423050985,45.03871522705719,45.196622949330276,12189000
2019-10-22,45.6264762878418,45.89842919620797,45.52120559764953,45.52998010728758,13114300
2019-10-23,45.37208557128906,45.58262701279852,44.91590798602407,45.06504122821861,15887500
2019-10-24,45.81949234008789,45.99494578649479,45.11768190095645,45.69667593155191,23413000
2019-10-25,49.530311584472656,49.66190248839408,47.302060808508436,47.53892242766958,59767700
2019-10-28,49.79348373413086,49.83734959420815,49.17940185099212,49.46012595371134,32307500
2019-10-29,49.4250373840332,50.21457605889614,49.33731235193531,49.451354224363484,18155800
2019-10-30,49.65312194824219,49.67944213372834,48.793403960756194,49.40748919367341,15248000
2019-10-31,49.59171676635742,49.65312495872281,48.79340691911191,49.41626670045375,19249700
2019-11-01,49.57416915893555,49.696988885376456,48.793405018,49.07412912830277,17953500
2019-11-04,50.539161682128906,50.70584057837774,49.87243940414279,49.942622105613076,19068000
2019-11-05,50.486534118652344,51.188344532417624,50.188264274490095,50.41635475052383,20865400
2019-11-06,50.808494567871094,50.90552521998163,50.26159850541883,50.71146728067428,17721000
2019-11-07,51.20542907714844,51.64647498369565,51.03783284402926,51.16132515947636,16962800
2019-11-08,51.39949417114258,51.42595585072895,50.552686775243885,51.029013832365976,11888900
2019-11-11,51.470062255859375,51.602377390004335,51.07312358325179,51.13486974854247,11228900
2019-11-12,51.33774948120117,51.86700327758851,51.187792107779494,51.51416853496814,11952500
2019-11-13,51.06429672241211,51.134865685659385,50.587966315233125,51.04665448160029,15332700
2019-11-14,50.99373245239258,51.19661317964319,50.78202892204955,50.8173134045923,12119000
2019-11-15,51.12603759765625,51.77878698056225,50.82612626468533,51.31127605966131,16112100
2019-11-18,51.38186264038086,51.584743410965196,50.782039768690574,50.896712678991,16097500
2019-11-19,51.470062255859375,51.73469252414929,50.94080844910684,51.58473514779076,17061900
2019-11-20,51.0731201171875,51.478881565821794,50.605609142539514,51.39067036074037,18542300
2019-11-21,51.35538864135742,51.4259542396816,50.640893030687444,50.71146199392499,16139000
2019-11-22,50.81731414794922,51.73469051799931,50.71146406368606,51.461240821663175,15690200
2019-11-25,51.87582015991211,51.90228183723709,51.161324587918976,51.161324587918976,15011700
2019-11-26,51.95520782470703,52.15808853280388,51.55826584585965,51.99931174126493,22338700
2019-11-27,51.61119842529297,51.681767396330365,51.08194460216749,51.62884066805231,18184200
2019-11-29,51.20542907714844,51.425952030422046,50.97608668630571,51.29364027740582,9481100
2019-12-02,50.86141586303711,51.769969390454264,50.693819623147675,51.64647707001854,19154500
2019-12-03,49.45888900756836,50.15574236604182,49.17661988905742,50.15574236604182,25737400
2019-12-04,49.4147834777832,49.979321696400945,49.27364892312877,49.979321696400945,18881400
2019-12-05,49.467716217041016,49.75880479928703,49.18544370847094,49.75880479928703,17673700
2019-12-06,50.11164093017578,50.27041773781957,49.76762227033856,49.97932580216812,16476800
2019-12-09,49.864654541015625,50.243954331094066,49.838192860516905,49.8734773444576,14298600
2019-12-10,49.917579650878906,50.12928318275569,49.78526452284172,50.023429734360555,16157900
2019-12-11,50.340980529785156,50.42918836692651,49.90875741691391,50.199845971411015,20051100
2019-12-12,50.76438903808594,51.205434995610425,49.9352238493088,50.058716179029474,27883300
2019-12-13,50.9760856628418,51.46123547732057,50.614428161330736,50.76438215138776,22795200
2019-12-16,50.89669418334961,51.66411305666825,50.85259026923483,51.346559491181104,19131200
2019-12-17,50.54386520385742,51.24953805097021,50.39391119599564,51.1613302069237,21653100
2019-12-18,50.429195404052734,50.685002878337855,50.22631465838605,50.623256710739895,28261000
2019-12-19,51.12603759765625,51.15250263859485,50.252768639682095,50.42918429973661,18865100
2019-12-20,51.99930953979492,52.08751736917631,51.064291069752436,51.443590792935794,49953000
2019-12-23,52.24631118774414,52.73146113734014,52.078714911313256,52.096357155924,23593000
2019-12-24,52.40508270263672,52.46682887004699,52.18455971476753,52.26394812499699,6313200
2019-12-26,52.7667350769043,52.793196756072874,52.35215082372502,52.40507754697559,11480300
2019-12-27,52.99607849121094,53.34891320246306,52.83730169342784,52.846121131121,14085800
2019-12-30,52.590309143066406,52.96960886440058,52.378609007617975,52.91668551299496,12750500
2019-12-31,52.79319381713867,52.86376277754429,52.36097071185064,52.5903131033424,14432900
2020-01-02,53.666465759277344,53.78113863654851,53.11956978022848,53.1372120201866,18056000
2020-01-03,53.01371383666992,53.54297091567734,52.75790978164171,52.75790978164171,15293900
2020-01-06,52.863773345947266,53.101938587559786,52.334519496750936,52.5638619340923,17755200
2020-01-07,51.98167419433594,52.74909317944465,51.946389711939034,52.7314509382462,21876100
2020-01-08,52.0169563293457,52.3256871241028,51.620014332577085,51.946387367736484,23133500
2020-01-09,52.30805206298828,52.493290565266555,51.89347113382936,52.087529075062605,18813300
2020-01-10,51.99049377441406,52.99608133599044,51.928747612507635,52.546212596485375,15200600
2020-01-13,52.5638542175293,52.73145046002449,52.11398884824566,52.19337388554858,16453300
2020-01-14,52.4227180480957,52.69616772844413,52.211014527033484,52.475644769589586,17051200
2020-01-15,51.99049377441406,52.61678156147184,51.82289752994139,52.30804738702624,18498800
2020-01-16,52.62559509277344,52.78437188125791,52.10516081161057,52.272757037271695,21365500
2020-01-17,52.572669982910156,52.92550804920345,52.25511976114201,52.90786580939747,21803400
2020-01-21,53.4106559753418,54.02812088703337,52.74026771101954,52.75790995020079,28358500
2020-01-22,55.3336181640625,55.439468237798536,53.78113807791906,53.84288423467451,29475100
2020-01-23,55.85406494140625,56.1980802816071,55.404199503816045,55.44830343065212,42778700
2020-01-24,60.39682388305664,61.12013885705264,58.62381756113223,58.72084819311684,84711000
2020-01-27,57.944618225097656,59.470633421287,57.865226455737705,58.853171792163046,30764000
2020-01-28,59.373600006103516,59.611768573248085,58.165138484062936,58.65910776432322,30915400
2020-01-29,58.50914764404297,60.035162609396956,58.368009733120104,59.65586288607425,18055800
2020-01-30,58.63264846801758,58.65911014770287,57.27422616228101,57.90051059086522,18522400
2020-01-31,56.39213562011719,58.20042671294582,56.162789841017585,58.04164990123488,25268400
2020-02-03,56.82435607910156,57.37125545574237,56.71850936285463,56.85964056112615,16646600
2020-02-04,57.74173355102539,58.27098733208663,57.2654031291222,58.015179879777854,20970800
2020-02-05,59.40007400512695,59.629419817028804,58.33274345756989,58.82671957011449,23401400
2020-02-06,59.470970153808594,59.7457698301944,59.187310989418826,59.65712760937908,17408000
2020-02-07,58.52249526977539,59.65713890514116,58.51363578009392,59.26710494414139,18134600
2020-02-10,58.85047912597656,58.859345378648015,58.00836772235776,58.11473570253827,22299300
2020-02-11,59.75464630126953,60.0205730091981,59.01003664053751,59.24051186445088,17975600
2020-02-12,59.7989616394043,60.357413790328536,59.66599490928838,59.92306211738746,15586600
2020-02-13,59.78123092651367,59.967381628007544,59.16072182523249,59.38233076933972,11602700
2020-02-14,59.630550384521484,60.153551173193165,59.231656865358474,59.85215939804991,13405500
2020-02-18,58.62886428833008,59.11640669197762,58.39838908269955,59.08981469959113,12758400
2020-02-19,59.48870849609375,59.5684844737692,58.66432291193765,58.85047362281566,13551200
2020-02-20,58.01721954345703,59.64826490798523,57.22829223420736,59.42665596127536,26452600
2020-02-21,57.03327560424805,57.83993542109659,56.76734892446081,57.77788518618273,20775900
2020-02-24,54.74626922607422,55.64157120748157,54.35623872200093,54.61330589539385,26903100
2020-02-25,52.946800231933594,55.207210431681816,52.7074622039861,54.9501466666866,34495700
2020-02-26,52.87590026855469,53.91302859903267,52.53905369578657,53.28365995157247,26190100
2020-02-27,49.48971939086914,51.865364562503736,49.46312401366924,51.351233483596566,42226900
2020-02-28,49.21491622924805,49.977251561499216,47.51295772770149,48.13346346661413,60721700
2020-03-02,51.57283401489258,51.60829225769276,48.32847919132747,49.454253039102035,43140300
2020-03-03,49.61382293701172,52.31745200267572,49.10855469837715,51.43987889366125,49740300
2020-03-04,52.01605224609375,52.04264423762596,49.782233657315494,50.53570272359092,29223100
2020-03-05,50.49138259887695,51.99832414240934,50.18113141998098,50.58002820819311,29099200
2020-03-06,49.4365348815918,49.649277622606036,48.34621903481035,48.91353751949485,36259200
2020-03-09,45.075260162353516,46.72403133107639,44.32179106681144,46.023746220664535,56197000
2020-03-10,47.84980773925781,47.86753686239239,44.70296108478632,46.76835489843984,36569000
2020-03-11,45.79327392578125,47.45977419963433,45.21708929522246,46.44037166294854,38563500
2020-03-12,40.3682975769043,44.401580833025655,40.21760169358455,42.54006652450352,50661700
2020-03-13,48.24870681762695,48.75397501545012,42.31845180126395,42.77939549843081,48805100
2020-03-16,39.54389953613281,46.316268157223334,38.675192902789775,42.114561194437556,53878900
2020-03-17,44.3927001953125,45.76667481428154,40.06689315759574,40.56329497109056,52085200
2020-03-18,42.20321273803711,44.36611506535042,40.066902405017366,41.405419094384705,49309900
2020-03-19,40.722862243652344,43.63923703837462,40.031443354034515,42.40709173242102,44538000
2020-03-20,40.62535095214844,43.80765196276958,40.306233549700295,41.228124134959,52344000
2020-03-23,43.94949722290039,44.75615382414376,40.69627543929185,40.79378393748911,46698500
2020-03-24,46.44923400878906,48.434848167636616,45.51847377900254,47.105194561066135,50019800
2020-03-25,45.438697814941406,47.681382697965006,44.24201083240493,46.520150577652515,41106100
2020-03-26,49.232643127441406,49.596081655298946,45.793271417470756,45.864187901679095,41459800
2020-03-27,46.42264938354492,48.434859379735904,46.15671927696794,47.35340644730676,31633500
2020-03-30,49.18832015991211,49.729043114923435,46.83040125268314,46.97223083426518,31628600
2020-03-31,47.97390365600586,49.463116042798426,47.17611347974965,48.80715545664227,48074700
2020-04-01,45.98828887939453,48.479171238963794,45.58939210499322,46.5378781121896,29586600
2020-04-02,48.17778778076172,48.36394188183995,45.40324596543232,45.46529620529691,27810000
2020-04-03,47.98276901245117,48.869204779412854,46.741757586111184,47.734564698292715,23906100
2020-04-06,51.7944450378418,52.09583335076486,49.74677708402763,50.19886124415437,32323400
2020-04-07,51.767845153808594,54.506931544988404,51.59942021016873,53.13295353343352,41410000
2020-04-08,52.281986236572266,52.75179615687849,51.33350014379304,52.29085248873904,26719500
2020-04-09,50.650943756103516,52.93794986445621,49.693594799723705,52.61883241850147,40499700
2020-04-13,52.033782958984375,52.095833195446694,50.145673728316574,50.145673728316574,23251900
2020-04-14,53.77119445800781,53.98394053376695,52.75179195503075,53.22160521939928,25674000
2020-04-15,52.18446731567383,53.035448134828414,51.75897859683841,52.95566878870404,22841600
2020-04-16,53.88643264770508,54.03712510934584,52.13129018400507,52.8404381418408,24433500
2020-04-17,53.50526428222656,55.07425602037551,53.03545440037123,54.976747543428,27385600
2020-04-20,52.45927810668945,53.22161354024317,52.20221087788931,52.547920346248624,26420300
2020-04-21,49.95952224731445,51.9451365464097,49.578354582656274,51.51078489788196,25248000
2020-04-22,53.2747917175293,53.62936740004064,51.24485624867898,51.652615916528006,23350400
2020-04-23,52.335174560546875,53.27479441831296,52.1312947162866,52.89362672380934,35092000
2020-04-24,52.530189514160156,52.65429337958665,49.72905222845494,49.81769784661672,50187000
2020-04-27,52.716339111328125,53.03545654643877,51.75898680599617,52.9379480655456,25902200
2020-04-28,52.07810974121094,53.38117161170441,51.64375465721824,53.17729175807017,28784700
2020-04-29,54.781734466552734,54.98561430483375,52.58337397986699,52.689745334299616,30451500
2020-04-30,53.168418884277344,54.551259949769154,52.96453905603223,54.4005641053802,26279900
2020-05-01,50.9434814453125,52.58338680355866,50.801651810985724,52.149035027832696,21194800
2020-05-04,51.4044189453125,51.47533205841141,49.91520637390511,50.633217283397705,18957200
2020-05-05,52.07810974121094,52.56564881568279,51.7235340244216,52.113567989186805,17252100
2020-05-06,52.7556037902832,53.44201539654614,52.54165594653691,52.63080229834187,17848700
2020-05-07,52.74668502807617,53.57572735849942,52.52382425969542,53.42418366828152,14733500
2020-05-08,53.19240951538086,53.29046880300134,52.639715731303006,53.19240951538086,20384500
2020-05-11,53.60247802734375,54.2354018532018,53.22807013278644,53.254815739917106,18684400
2020-05-12,52.051368713378906,54.05711594457112,51.93548014341261,53.68271142702985,16754900
2020-05-13,51.471923828125,52.80017208442209,50.72311152101103,52.10484758516819,21065000
2020-05-14,52.66646194458008,52.72886269186059,50.00995841498528,51.0975201257354,21569400
2020-05-15,51.95330047607422,52.03353048754005,50.77659590829907,51.16883303128105,21373300
2020-05-18,53.4152717590332,53.73619183618555,52.91606577287242,53.25481512104276,20428700
2020-05-19,53.745094299316406,55.064429408829575,53.35285723933623,53.60246356857403,21865000
2020-05-20,56.25006103515625,56.59772671786383,54.39586106364447,54.520662559730695,30584000
2020-05-21,55.251644134521484,56.87407033984664,55.10901337143528,56.250059476124896,20987700
2020-05-22,55.501243591308594,55.55473139928507,54.75243128256505,55.251640621922554,14103000
2020-05-26,55.57256317138672,57.177160076506276,55.376444600559296,56.76709706530855,20933600
2020-05-27,56.660125732421875,56.68686793774055,54.440430875159706,55.5547347712463,19886300
2020-05-28,55.002044677734375,56.562070236824006,54.814842426784224,56.160920127226646,17253500
2020-05-29,56.0985107421875,56.749263752887366,54.93071913634824,55.18032549978137,33393900
2020-06-01,55.14467239379883,55.85782621545609,54.966383088238096,55.70628251611015,14317700
2020-06-02,55.376441955566406,55.42101342846585,54.22648299218497,55.00203750250859,20702400
2020-06-03,55.207069396972656,55.75085021179464,54.85049081003139,55.670620199762126,16737300
2020-06-04,56.13417053222656,56.57989206187591,54.68111739340576,55.037695977359405,22010100
2020-06-05,57.355445861816406,58.04186085833844,56.303546131027694,56.481835431369795,26813100
2020-06-08,56.758182525634766,57.18607822108403,56.10742944799312,57.025618185436976,21546200
2020-06-09,56.196571350097656,56.793836568352056,56.07176986572124,56.1519998771897,23594100
2020-06-10,56.93647003173828,57.310877903271816,55.93805470862479,55.973713248882376,21367800
2020-06-11,53.21915817260742,56.42835223905592,53.058698129226414,56.22332071708815,26998200
2020-06-12,52.889320373535156,54.342370167625695,51.81067164587563,53.584644898329046,30419800
2020-06-15,53.57572937011719,53.807506482263605,52.22073884000132,52.889321170246966,29651700
2020-06-16,53.843170166015625,54.95747415620149,53.03195699718375,54.81484338148114,23226600
2020-06-17,53.92339324951172,54.627630696230106,53.54007245417344,54.14625401886721,20454800
2020-06-18,53.55789566040039,53.94121301175711,52.88039709393275,53.79858227154051,24899700
2020-06-19,53.147830963134766,54.279963986643246,52.684280192837846,54.06601956994325,60336100
2020-06-22,53.56682205200195,53.97688510807551,52.4436051156731,53.245901955740585,22846000
2020-06-23,53.4152717590332,53.90556821056359,53.36178734656497,53.65596181689746,22809600
2020-06-24,52.675376892089844,53.31721706073708,52.300968993517024,53.165669953990566,27764500
2020-06-25,52.15834045410156,52.67537914553867,51.240155040684726,52.57731984884639,21906900
2020-06-26,51.25797653198242,52.35445110016153,50.87465573978337,52.14050666766023,38477500
2020-06-29,51.94439697265625,52.01571066213712,50.59831580262489,51.23124307491746,22150300
2020-06-30,53.335044860839844,53.46875929189546,52.18508239059864,52.33662609257882,31542100
2020-07-01,52.42577362060547,53.5133319666598,52.38119874200353,53.40635973930389,14748100
2020-07-02,52.711029052734375,53.317210605153065,52.568398299258526,52.764513459921936,15578600
2020-07-06,53.07652282714844,53.14783650662495,52.238564139346956,52.345539759440044,20536700
2020-07-07,51.980045318603516,53.10326206208074,51.828498232239674,52.65754053837646,15996500
2020-07-08,52.24747848510742,52.32770849682937,51.64129693000498,52.104847731000106,13277900
2020-07-09,52.078102111816406,52.37227995490795,51.43626541880966,51.881986950340796,20683700
2020-07-10,53.067604064941406,53.210234817957144,51.55215358936875,51.6591258039842,17742300
2020-07-13,52.220733642578125,54.03927481540555,52.051357292732135,53.34395034934169,19082900
2020-07-14,52.577308654785156,52.817998677080055,51.124255587116814,51.58780636332344,24190900
2020-07-15,52.621883392333984,52.89823196855155,52.07810257493661,52.621883392333984,19986300
2020-07-16,52.71995162963867,52.91607022675791,52.06028554937838,52.18508705642297,12425900
2020-07-17,53.48658752441406,53.89665054596068,52.84474738593369,52.969548879396946,16322800
2020-07-20,54.51174545288086,54.716776952272724,52.89823226125079,53.557901633690875,16868700
2020-07-21,54.110595703125,55.207070284812566,53.87881859771011,54.84157875758338,19803700
2020-07-22,54.4225959777832,55.06443604375408,54.03927520511563,54.654373068532806,18959900
2020-07-23,53.843170166015625,55.037704179518315,53.4687622570085,54.60980845477134,43518600
2020-07-24,45.09810256958008,46.51549710903016,44.12642954064153,46.48875490658675,182269900
2020-07-27,44.188838958740234,45.588404504573845,44.09969599936438,45.490345208908856,107526500
2020-07-28,43.89466094970703,44.77718773869578,43.80551459689941,44.10860539527403,62362600
2020-07-29,42.85166549682617,44.12642928144816,42.70012181642332,44.11751634754779,60500800
2020-07-30,42.78035354614258,43.234988006239284,42.423774965238415,42.637722793897986,39735200
2020-07-31,42.54857635498047,43.074527890337635,41.87108113345218,42.905154935101905,46536000
2020-08-03,43.05670166015625,43.35087951960691,42.55749569345541,43.0299594549646,31767100
2020-08-04,43.796600341796875,43.80551327651616,43.23499023808664,43.324133187621676,29045800
2020-08-05,43.60939407348633,44.322551261751414,43.37762036771002,44.322551261751414,29438600
2020-08-06,43.5914421081543,43.815816425541826,43.169617295888024,43.78889260303304,23795500
2020-08-07,43.1068000793457,43.66325094598776,42.81062771042547,43.55554879030681,36765200
2020-08-10,44.17482376098633,44.327396677821014,43.13372689891134,43.25937598893542,37442600
2020-08-11,43.250396728515625,44.632543490435616,43.13372453627305,44.54279512352891,35348100
2020-08-12,44.14789962768555,44.2107241771335,43.29527976412591,43.681200529157096,30659800
2020-08-13,43.58247375488281,44.27354714435332,43.42989742084556,44.21071917832802,24774500
2020-08-14,43.8786506652832,44.16584958116542,43.66325319021212,43.735051207342096,22321200
2020-08-17,43.91455078125,44.25560077304635,43.73505060537397,44.07610059717032,20018300
2020-08-18,43.663246154785156,44.48894204898246,43.636318906979184,44.21071664619132,19251400
2020-08-19,43.376033782958984,43.9594048073926,43.30423237606773,43.78888160154515,27775000
2020-08-20,44.12994384765625,45.05436846283977,43.97737093878641,44.704345037850594,55081300
2020-08-21,44.22866439819336,44.255591644413165,43.66324358278309,43.9953166142641,34621500
2020-08-24,44.1030158996582,44.33636711029198,43.81581704324773,44.21071461489202,36295300
2020-08-25,44.3632926940918,44.76716717185014,44.16584218859204,44.29149126529895,38384300
2020-08-26,44.47099304199219,44.57869176544449,44.18379416366559,44.327393602828884,28616600
2020-08-27,44.33636474609375,44.81203718471869,44.129937369355886,44.686388119699295,24420600
2020-08-28,45.26078796386719,45.59286099780637,44.39021450939052,44.48893975767307,35384700
2020-08-31,45.72748947143555,46.221112316290885,45.16206519709113,45.77236365302593,46114100
2020-09-01,45.58389663696289,45.772370281142955,45.07232336065637,45.69159537311134,30472800
2020-09-02,46.89423751831055,47.280161660776756,45.85314070748285,45.960839433104816,53000700
2020-09-03,45.224891662597656,47.226310375176524,45.00051732140701,47.118611650035625,47394300
2020-09-04,44.94666290283203,45.9787826626891,44.41713940040789,45.35053391721771,43318400
2020-09-08,43.89659118652344,44.785114987161485,43.84274011798525,44.21071386046194,39752700
2020-09-09,44.533817291259766,44.84794341615462,44.013270611579024,44.453042393278885,33437300
2020-09-10,43.94146728515625,44.955640199684034,43.71709295863031,44.87486530518747,32649100
2020-09-11,44.22866439819336,44.91973770737518,43.93249207921851,44.21071404194028,29333600
2020-09-14,44.34534454345703,44.623569958352576,43.842744787940134,43.842744787940134,27212500
2020-09-15,44.874874114990234,45.41337123489764,44.63254938392754,44.68640046539076,27598300
2020-09-16,45.206947326660156,45.799295529365324,45.027447145059554,45.332596426676226,26531400
2020-09-17,45.16206359863281,45.314639919056546,44.246615947131815,44.309440483870866,26959900
2020-09-18,44.77613830566406,45.32361218880282,44.01326699473062,45.17103929608828,50123500
2020-09-21,44.623573303222656,44.650497130537524,43.824801138525615,44.32739750803513,27377100
2020-09-22,44.829994201660156,45.06334201084423,44.39919587600288,44.776143127072714,22290900
2020-09-23,43.81582260131836,45.00949578143308,43.672223154897424,44.72229688859122,30078800
2020-09-24,44.1209602355957,44.55175846142662,43.45681083097307,43.55553606633265,29343400
2020-09-25,44.82101821899414,45.126167467145144,43.75299756230602,43.94147119166025,26633400
2020-09-28,46.15829086303711,46.18521468905509,45.01846877130466,45.332591487117185,29652200
2020-09-29,45.942893981933594,46.43652032642552,45.72749650768359,46.05059614273972,19558200
2020-09-30,46.472408294677734,47.01090871957262,45.9069874705067,45.98776236305691,27711300
2020-10-01,46.88526153564453,47.316059838700795,46.66088720548936,47.028860969996614,22127600
2020-10-02,45.78133773803711,46.65191125210389,45.76339080410311,46.22111294039433,25811800
2020-10-05,46.391639709472656,46.49934186330293,46.014692442109386,46.0416162687265,20883200
2020-10-06,46.10443115234375,47.298104096227966,45.97878208955177,46.40958034355865,25642800
2020-10-07,47.27117919921875,47.4776065825491,46.48138407282233,46.53523171744733,21978700
2020-10-08,47.89943313598633,48.0879101835499,47.27118429936276,47.48658517214368,22369500
2020-10-09,47.40581130981445,48.33023251509272,47.27118533342134,48.06098398598729,24343900
2020-10-12,48.35715866088867,48.644357541870285,47.75583365005293,48.06098288905598,27303500
2020-10-13,48.312286376953125,48.7251343566342,48.12380932215885,48.70718399790708,20005800
2020-10-14,48.06098937988281,48.823864292260076,48.02508865899139,48.47383739909055,21874200
2020-10-15,48.330223083496094,48.44689867868894,47.22630193301643,47.34297752820928,18272900
2020-10-16,48.60844802856445,49.093097336388304,48.37510026387895,48.37510026387895,23414400
2020-10-19,48.98540496826172,50.46627347993974,48.32125545047507,48.88667971608041,43537200
2020-10-20,47.953277587890625,49.093099488321904,47.809678167094255,49.00334771052402,27224900
2020-10-21,48.01610565185547,48.52767884004622,47.40580721266642,47.693006075381206,21866000
2020-10-22,48.375099182128906,48.66229800471039,47.63017488227816,47.67504905636652,41522700
2020-10-23,43.259368896484375,43.68119028330956,42.774719551266976,43.39399143214674,97322500
2020-10-26,41.93107986450195,42.954226358591725,41.50925498850039,42.94524946727885,54161300
2020-10-27,40.96178436279297,41.65285783194208,40.710486164440994,41.266933642369445,50130500
2020-10-28,39.714263916015625,40.64766212691169,39.669389726270495,40.288661761588216,45066000
2020-10-29,39.58861541748047,39.91171506645036,39.41808870070121,39.70529105153766,36796800
2020-10-30,39.741180419921875,40.20787943934665,39.13985885607571,39.57963062767173,46781300
2020-11-02,39.90273666381836,40.441237199612765,39.705289548673434,40.35148539847312,33856700
2020-11-03,40.252750396728516,40.80022426842779,40.11812786308988,40.14505168508155,34349500
2020-11-04,41.01563262939453,41.41950715166018,40.18993322568688,40.486109016575334,34748200
2020-11-05,41.29587173461914,41.92869006928119,41.16026657412639,41.720764685486124,31103200
2020-11-06,41.0337028503418,41.404353040551555,40.59073243814552,41.169308008367345,36233700
2020-11-09,41.22355270385742,42.805596994334586,41.16931339241982,42.16373985271517,48481700
2020-11-10,41.07891082763672,42.019098023075955,40.907147251936166,41.042752434414474,39224500
2020-11-11,41.90156936645508,42.00101269669751,41.458598920844004,41.49476075885629,31496900
2020-11-12,40.63594055175781,41.7569300650214,40.274329028947136,41.70269075060794,42881300
2020-11-13,41.09699249267578,41.20547802005598,40.65402199258086,40.67210291381089,30884700
2020-11-16,41.75693130493164,42.26318676218248,41.395323219966606,41.62132956628844,36306300
2020-11-17,41.160274505615234,41.69364961850707,41.05179242546628,41.35916119304095,31118000
2020-11-18,40.735374450683594,41.30490781150801,40.71729353387583,41.17834484243592,32817900
2020-11-19,41.24163055419922,41.286831126560514,40.409928987287,40.60881219539323,29469100
2020-11-20,41.0337028503418,41.4766767111205,40.97946354599752,41.277790065638335,24199300
2020-11-23,41.639408111572266,41.77500984247703,41.08795210624384,41.1150717627082,35489600
2020-11-24,42.49822998046875,42.76039815836001,41.59420463484345,41.84733407665498,33901200
2020-11-25,42.53438949584961,42.65191374995702,42.100457767510115,42.516308576095945,28126900
2020-11-27,42.89600372314453,43.48361813390467,42.814641303367516,42.814641303367516,15921400
2020-11-30,43.709617614746094,43.845222775960416,42.73327217918349,42.868873891815305,46332700
2020-12-01,44.80349349975586,45.40918877367422,44.03506995321466,44.07123179157529,57768000
2020-12-02,45.1108512878418,45.25549515762088,44.459952149545,44.496113979135245,33753500
2020-12-03,46.096248626708984,46.204730690192335,45.00237546249746,45.12893844465847,50261200
2020-12-04,47.000274658203125,47.596931190253,46.10528813583697,46.159530892780666,39767700
2020-12-07,45.38207244873047,46.36746020056473,44.80349678684301,46.10529202608979,51040300
2020-12-08,45.82503890991211,45.8521620125838,45.029499168917795,45.04758008783803,28956500
2020-12-09,45.26454544067383,45.96064531928809,44.95717670789068,45.454389921591506,34068400
2020-12-10,45.43631362915039,45.85216792073417,44.83061828589939,44.89389978598284,33706000
2020-12-11,44.957176208496094,45.3278264308012,44.40572024269473,45.3278264308012,29398800
2020-12-14,45.626155853271484,46.412656861757114,44.96621782907289,45.03853805641576,33436400
2020-12-15,45.80695724487305,46.11432596434518,45.391106462229175,46.087206310697894,25465600
2020-12-16,46.213768005371094,46.521136716282534,45.81599815243145,45.8431178053234,28351000
2020-12-17,45.78887939453125,46.394574644840745,45.40014826876325,46.2408920106724,26399000
2020-12-18,42.9050407409668,45.81600336686853,42.588633259274395,45.716560030170086,119298400
2020-12-21,41.910621643066406,41.99198407389621,40.8981140749716,41.87445979634572,53775700
2020-12-22,41.73884201049805,41.892528088430396,41.37723399807233,41.811165682132675,32171200
2020-12-23,42.1004524230957,42.516303178891626,41.64843983238299,41.73884097109258,22564200
2020-12-24,42.55247497558594,42.57055589727718,41.89253685247998,42.12758193729973,11865600
2020-12-28,42.55247497558594,43.067769173745155,42.36263047070269,42.6609570571502,21269200
2020-12-29,44.64980697631836,45.80695820393119,42.02813579518521,42.688073820219564,84531400
2020-12-30,44.07123565673828,44.469005567842544,43.89947208233524,44.39668533336132,37385400
2020-12-31,45.038536071777344,45.373024436736976,44.04410971169951,44.071229364685216,28576800
2021-01-04,44.90293884277344,46.457863595539294,44.65885502561427,45.101825529359715,46102500
2021-01-05,45.752716064453125,45.95160271261105,44.59556490844152,44.70404696717199,24866600
2021-01-06,46.1956901550293,47.144919452274856,45.38206947699663,45.59903361170558,36809600
2021-01-07,47.18107604980469,47.63308866995505,46.37649413771027,46.548261140460276,32092300
2021-01-08,46.692909240722656,47.48844904076202,46.34937865290666,47.41612880829613,34625400
2021-01-11,46.59346389770508,47.226282285307384,46.33129573806397,46.367457577031594,32925000
2021-01-12,48.13031005859375,48.68176261276346,46.611547229190116,46.918915979154725,39883900
2021-01-13,51.4842414855957,54.467524283612256,51.43904091034662,53.789505309127456,124070700
2021-01-14,53.563499450683594,54.36808142230457,52.28882390549671,52.84027989465254,74680900
2021-01-15,52.053775787353516,53.925107787488265,51.98145211170451,53.201884825328854,50265400
2021-01-19,52.42442321777344,52.740830660467346,51.61983788755575,52.37921919860361,35647100
2021-01-20,53.039161682128906,53.53637834649362,52.51482881141172,52.65043398325351,28701300
2021-01-21,56.46541213989258,57.81241118083036,52.632347292641754,53.373647667305804,86519500
2021-01-22,51.22208023071289,53.89799464998587,51.21304149387693,53.2018946617848,85729300
2021-01-25,50.11915969848633,51.077427725625,48.87160730958337,50.968945658890554,61968500
2021-01-26,49.911231994628906,50.806218487445655,49.58578236087736,49.97451348468253,31485900
2021-01-27,48.44671630859375,49.58578667729714,48.18454814207421,49.36882253496453,49722900
2021-01-28,50.68870162963867,51.89105701305465,49.450187852766994,49.531550273062685,49202600
2021-01-29,50.18244171142578,51.67408480095659,50.046839988748374,50.6073346960304,37256200
2021-02-01,51.24918746948242,51.88200580071736,50.363243185186505,50.5802107510834,26926600
2021-02-02,52.433467864990234,52.6865938476885,51.420960485614316,51.701206124006575,23580900
2021-02-03,52.14418029785156,52.731798130375516,51.872973393833924,52.33402478580562,21893200
2021-02-04,53.47024917602539,53.55210545276996,52.01502686384589,52.39702397849234,29853800
2021-02-05,52.91543960571289,53.7340022756663,52.86086760454433,53.66123960744156,23432600
2021-02-08,53.8067741394043,53.861346153418005,52.70626454482974,53.097355304805134,34358300
2021-02-09,53.461151123046875,53.94319517479169,52.697160377325716,53.452057523360516,28754100
2021-02-10,53.533912658691406,54.04323749865014,52.86087180222632,53.93409695716117,16325100
2021-02-11,55.17103576660156,55.47117659861541,53.53391373334195,53.752194820701725,27539100
2021-02-12,56.21697998046875,56.8536360806371,54.96185151103657,55.116467001215874,26214200
2021-02-16,56.817256927490234,57.181059909441885,56.116931763601094,56.3897848674437,26326300
2021-02-17,56.253353118896484,56.5625875427584,55.67126560798352,55.92593149614437,21055400
2021-02-18,56.035072326660156,56.371591020111794,55.152843986770876,55.16194105577823,17846100
2021-02-19,57.308387756347656,57.53576590776384,56.253353272557185,56.30792527792256,28290100
2021-02-22,55.216514587402344,57.026446367423084,55.17103964679707,56.280646239046746,32288200
2021-02-23,55.589412689208984,55.9350284707364,53.815862312087425,55.00732514317257,27374600
2021-02-24,57.47210693359375,57.5539632163281,54.91637843730642,55.05280326218657,24669900
2021-02-25,54.934566497802734,57.79043571826617,54.68899766126718,56.76268543265786,36394000
2021-02-26,55.280181884765625,56.1078383192897,54.27971928286292,55.38022883885903,38216800
2021-03-01,57.19015884399414,57.372062075659755,56.07145865309664,56.13512426375227,28495400
2021-03-02,55.69855499267578,57.42662690811826,55.58031737930111,57.117392475110506,23320000
2021-03-03,54.479801177978516,55.95321048464588,54.2978979806025,55.152838497900376,28740400
2021-03-04,53.0518798828125,54.78904908048515,52.6698827271929,54.416148995210364,40210400
2021-03-05,55.24380874633789,55.643993127484855,53.215592158424876,53.897726755310174,39511700
2021-03-08,54.43433380126953,56.11693438088684,54.316099648116435,54.99823417429533,33112400
2021-03-09,56.99915313720703,57.45390943848815,55.334746878666095,55.64398130231786,36387500
2021-03-10,56.617156982421875,58.31794797135031,56.50801644645011,57.499385277774316,27160300
2021-03-11,57.58124923706055,58.29066455037643,56.74449576415567,57.24472704613977,30701800
2021-03-12,57.208343505859375,57.572146461466964,56.6080653330674,56.98096535753643,20173000
2021-03-15,58.01781463623047,58.09967091613539,56.82635177750671,57.854102076420624,21247400
2021-03-16,58.91822814941406,59.78226932729189,58.281572072266876,58.345237679981594,30186600
2021-03-17,59.82774353027344,60.29159694426729,57.945052542923264,58.40890595691712,32394700
2021-03-18,57.96324157714844,59.75497916338515,57.89048236828096,59.69131355455781,30094200
2021-03-19,57.99053192138672,59.109232197344184,57.226541065913835,57.46301632591411,54951700
2021-03-22,59.69131851196289,60.373453065635154,58.718140159618386,58.95461541448693,34380100
2021-03-23,57.73586654663086,60.073317408636306,57.45391635685977,60.02783899741967,35160000
2021-03-24,56.426170349121094,61.33754045692675,56.380695406727945,60.55535895750804,74584700
2021-03-25,56.40797805786133,56.78997172640932,55.462084017386864,56.08055293081127,35401400
2021-03-26,59.000091552734375,59.091041435245195,56.18060009119584,56.20788436204597,34705800
2021-03-29,58.663570404052734,59.23656091925033,57.85410463887126,58.21791111445461,26161600
2021-03-30,57.99962615966797,58.208813667443465,57.435729248729,57.99962615966797,20709500
2021-03-31,58.20881652832031,58.6544758369364,57.82682283522081,58.21791359883173,33013200
2021-04-01,58.709049224853516,59.018280220884385,57.82682077059976,58.863664722868954,31416300
2021-04-05,60.518978118896484,60.700877889981264,58.84547108098438,59.07284926435609,27947500
2021-04-06,59.627647399902344,60.5553541932154,59.38208203639646,60.08240372708654,28771400
2021-04-07,60.25520706176758,60.5462508032217,59.445741439003605,59.72768811193506,17793300
2021-04-08,60.98283004760742,61.201111155316674,60.35526405653312,60.910067365360575,22224200
2021-04-09,62.08332443237305,62.2106556256908,60.60081463455561,60.75543703132397,27177100
2021-04-12,59.49123001098633,62.29252389915058,58.85456694715206,62.02876437915184,51266900
2021-04-13,59.31842041015625,59.69131701518353,58.39981062464989,59.67312981404885,26822000
2021-04-14,58.381614685058594,59.463929935872045,58.06328320059831,59.40026433288302,25768400
2021-04-15,59.13651657104492,59.31842328636863,57.91777280401861,58.18153233696423,24927700
2021-04-16,58.89094161987305,59.59126327785486,58.72722907217164,59.41846060013654,24625500
2021-04-19,57.87229537963867,58.88185158504863,57.362967007108736,58.845470243543126,23997700
2021-04-20,57.02644348144531,57.99052466374325,56.76268398196118,57.881384117910834,19872100
2021-04-21,57.93596267700195,58.00872189261274,56.662643443413245,57.10830621602403,24364200
2021-04-22,56.90821075439453,58.12695794100672,56.64445123225468,57.61762956751415,38257600
2021-04-23,53.87953186035156,54.57075995992379,52.660784749132645,53.80676918170424,77479500
2021-04-26,53.442962646484375,54.134194214524236,53.170109541001466,53.75219709123579,39645900
2021-04-27,52.724456787109375,53.324735081082416,52.542553537826294,53.26106946426072,38167700
2021-04-28,52.40612030029297,52.897257986269814,51.9786516946603,52.315170418970844,30387400
2021-04-29,53.00640106201172,53.02459173304553,52.26969796747901,52.64259804988275,23290600
2021-04-30,52.324256896972656,53.14281959551216,51.90588194861474,52.39701956773844,30731800
2021-05-03,52.07868957519531,52.642589881194304,51.69669595130749,52.624399212983185,22281700
2021-05-04,51.75126266479492,51.82402186068515,50.75989390049732,51.733071998443656,35323600
2021-05-05,51.70579147338867,52.115072849570325,51.351082103869686,51.80583841751256,21001900
2021-05-06,52.33539962768555,52.39030775716273,51.47519321118609,51.813784615749654,25529300
2021-05-07,52.7746467590332,53.08578580048553,52.38115077129017,52.802102565347894,19959000
2021-05-10,51.21895980834961,52.37200254520282,51.13659936351118,52.298795200282434,35046500
2021-05-11,50.36790084838867,50.90781852084092,49.69071461022235,50.377050457023444,35968100
2021-05-12,49.06843185424805,50.01100203514834,48.88540828090633,49.77307034253882,30232300
2021-05-13,49.425331115722656,49.773075592663986,48.92201885410619,49.45278692369479,29192500
2021-05-14,50.651580810546875,51.10913801205456,49.65410597162475,49.96524500828535,28158300
2021-05-17,50.63328170776367,51.14574354043296,50.111663285264065,50.59667629374889,20010200
2021-05-18,50.18487548828125,51.37452354928085,50.14827007326353,51.20065306427348,18703400
2021-05-19,50.660736083984375,50.724793815674246,49.26976171279006,49.48023761561172,23769700
2021-05-20,51.20065689086914,51.46604093325487,50.6607391971017,50.85291240398042,23145200
2021-05-21,51.31962203979492,51.896141652417604,51.228108496683184,51.630757613720654,17723100
2021-05-24,52.124916076660156,52.5184155531434,51.61245424003785,51.84123284306836,19164400
2021-05-25,52.04255676269531,52.67398795484802,51.63075457017931,52.67398795484802,22309900
2021-05-26,52.088314056396484,52.37200079935752,51.786328095978945,52.20727991517172,15173600
2021-05-27,52.82955551147461,52.96682407203346,52.161522397916215,52.26218554354143,32387600
2021-05-28,52.271331787109375,52.756344776548204,52.1066109213957,52.6648312451049,20303900
2021-06-01,52.06086349487305,52.91192026157001,51.786329842267364,52.71974705383452,20326400
2021-06-02,52.60077667236328,52.79294986359009,51.94189317000338,52.079161729956525,18483600
2021-06-03,51.466033935546875,52.25302936493272,51.328765383077695,52.14321661748795,21831300
2021-06-04,52.50011444091797,52.84785890553627,51.74057127104209,51.74972087945211,21493800
2021-06-07,52.2438850402832,52.56417370725438,51.960198298905404,52.53672139033819,17364400
2021-06-08,52.16151809692383,52.74719072403202,51.795470959539095,52.57332025376059,33254500
2021-06-09,52.16151809692383,52.60077256725497,52.13406578342945,52.49095982239324,13904800
2021-06-10,52.50926971435547,53.10409203040307,52.0974675011627,52.298793803364646,26738100
2021-06-11,52.939369201660156,53.021729641275165,52.115768296394656,52.59162822629419,18119700
2021-06-14,53.25050354003906,53.25965663856662,52.371994589143824,53.09493577391323,21784500
2021-06-15,53.0674934387207,53.46098947729065,52.893619442845115,53.26881626268756,20806500
2021-06-16,52.362850189208984,53.415229717064534,51.951047986620026,53.21390691093129,21879700
2021-06-17,52.32624435424805,52.98512787311466,51.88698983863183,52.20727849870055,21498800
2021-06-18,50.94442367553711,51.93274903320342,50.42280867817484,51.86869129604559,55118300
2021-06-21,51.127445220947266,51.28301649841829,50.66988797915028,51.01763246036371,19254600
2021-06-22,51.127445220947266,51.5026420195854,50.78885383946522,51.191502955528065,18682800
2021-06-23,50.569217681884766,51.21895152650021,50.54176536833912,51.127437996541026,20287900
2021-06-24,51.31047058105469,51.33792289942382,50.6424374039552,50.77970597757057,21209700
2021-06-25,51.16404724121094,51.621604452629704,51.01762907319232,51.26471038626459,21101200
2021-06-28,52.60077667236328,52.82955527836219,51.55754678754977,51.575849494935824,22480900
2021-06-29,51.93274688720703,52.921072204033166,51.136598264798,52.66483777510525,26360000
2021-06-30,51.3745231628418,51.59415216041152,50.68818734540258,51.55754674566915,29891600
2021-07-01,51.255558013916016,51.83208108592609,51.12744255144368,51.36537425965049,24871600
2021-07-02,51.941898345947266,52.152377756418616,51.53924921598413,51.74972513557064,17219400
2021-07-06,51.32877731323242,52.17068105746333,50.97188318292214,52.088320605015944,26186600
2021-07-07,51.209808349609375,51.65821600607473,50.981029716713465,51.585005167923285,14857400
2021-07-08,50.688194274902344,50.990183751484636,50.139126942242676,50.61498692629404,19162000
2021-07-09,51.23725891113281,51.347071666226974,50.614980814125,50.798000908987085,18708000
2021-07-12,51.91444396972656,51.9418962870108,51.34707397024933,51.484339047555196,15392800
2021-07-13,52.04255676269531,52.43605624766788,51.557547230890094,51.81377815472915,15716000
2021-07-14,51.72227096557617,52.582477322337326,51.54840047063389,52.3170932846217,16263600
2021-07-15,51.072547912597656,51.6124656750062,50.85291886903943,51.6124656750062,18917000
2021-07-16,50.30384826660156,52.09747195877017,50.23979052694447,51.29217017194315,25263800
2021-07-19,50.00185012817383,50.15742139103147,49.38872515738363,49.79137423562416,27007700
2021-07-20,50.55091857910156,50.843754893853195,49.66325653638828,50.25807877346569,19867000
2021-07-21,51.456886291503906,51.502641316882375,50.34044551966889,50.496016795017304,18497200
2021-07-22,51.209808349609375,51.740576453552656,50.95357739784912,51.301321897298685,36691000
2021-07-23,48.501060485839844,50.06590518445756,47.87878244939229,49.946942832551564,67742300
2021-07-26,49.699867248535156,49.910343154028155,48.28143705226798,48.32719556767113,32881200
2021-07-27,48.66579055786133,48.684093267207,47.86964190119149,48.61088242982432,39878000
2021-07-28,48.565128326416016,49.3429742885477,48.4461624588469,48.528522907027835,28478800
2021-07-29,49.14164352416992,49.5076871862575,48.79389907793501,48.94031724094691,16886600
2021-07-30,49.159950256347656,49.324671139584694,48.72984534001933,49.09589252296488,16465700
2021-08-02,49.12333679199219,49.846277939883535,48.99522134621581,49.40702348684279,18098100
2021-08-03,49.47108459472656,49.56259463628998,48.738990298681955,49.31551333500757,16375900
2021-08-04,49.32467269897461,49.818831873423804,49.14164910171558,49.644961376014344,17612700
2021-08-05,49.635986328125,49.75572526508348,49.350459611584206,49.72809455408135,15310000
2021-08-06,49.66361618041992,49.85704169479906,49.48861582448303,49.60835475937116,19256000
2021-08-09,49.783348083496094,50.11493061723116,49.58071704565611,49.81098230368668,14670100
2021-08-10,49.68204116821289,50.09651942181475,49.2859845607233,49.958362346327284,16215700
2021-08-11,49.866249084472656,50.06888365769298,49.589931447807274,49.97677543642494,18590800
2021-08-12,49.31361770629883,49.903096314698224,49.05571817994685,49.893883735059056,15070100
2021-08-13,49.26755905151367,49.33203304646829,48.87150250332431,49.276768116406096,15281100
2021-08-16,49.2491455078125,49.267567154196236,48.816245601719075,49.02808926477741,17690300
2021-08-17,48.53070831298828,48.98202979999421,48.097811983263014,48.97281722135388,22014900
2021-08-18,48.07018280029297,48.84387434943413,47.99649973129219,48.44781775204225,15061700
2021-08-19,48.300445556640625,48.51228920001898,47.508335917144386,47.94123226945256,22999400
2021-08-20,47.90439224243164,48.24518742172516,47.36096598508137,48.042552830098714,25728300
2021-08-23,49.02809143066406,49.31362169187106,48.337295471820944,48.438612774622456,23976300
2021-08-24,49.56230163574219,49.70967127887042,49.10177106177027,49.33203634875623,20348800
2021-08-25,49.56230163574219,49.94914563136526,49.488615057393346,49.81098856731535,15048400
2021-08-26,48.93598556518555,49.5070425606907,48.788615904617444,49.5070425606907,19570000
2021-08-27,49.635986328125,49.68203868431839,48.74255586098097,49.147825028049795,16525000
2021-08-30,49.68204116821289,50.53862838780016,49.51624986677214,49.97678047886983,14581300
2021-08-31,49.79256820678711,50.19783385744845,49.42414233268077,50.14256892226164,22350100
2021-09-01,49.433349609375,49.884671113142915,49.304401612175425,49.83861875893869,18615000
2021-09-02,49.488616943359375,49.635986592103734,49.13861271000294,49.553090945086936,15869500
2021-09-03,49.285980224609375,49.810988308695386,49.110979872293655,49.221506225673615,13456200
2021-09-07,49.4149284362793,49.6912460580623,49.22150293881892,49.34124186323359,13915000
2021-09-08,49.341243743896484,49.66361372933573,48.80703012323012,49.48861338203576,18235100
2021-09-09,49.18466567993164,49.63598366541345,49.12940074732251,49.424140027432486,13495800
2021-09-10,49.589935302734375,50.63994451182806,49.56230459099075,49.599144368792366,20324700
2021-09-13,50.64915466308594,51.10968524243778,50.11493750452445,50.29915043897908,22639200
2021-09-14,50.21625900268555,51.0636336531965,49.985993693711514,50.99915964776935,22072700
2021-09-15,50.76889419555664,50.79652842178301,50.12415062953446,50.354415937858825,18796200
2021-09-16,50.50178527832031,50.61231163413451,49.95835905134372,50.52941598888149,19863100
2021-09-17,49.97677993774414,50.28073182495103,49.43335368081006,50.28073182495103,35359200
2021-09-20,48.797821044921875,49.27677328162395,48.189920804794156,49.009664695345364,35051900
2021-09-21,48.696502685546875,49.23071984639768,48.65966290935366,49.00045455573499,17968900
2021-09-22,49.27677536010742,49.617567028331074,48.816244749265294,49.184670643366886,18594100
2021-09-23,49.76492691040039,50.01361381304627,49.36887038176834,49.507030943316835,16474300
2021-09-24,49.939937591552734,50.12414701406935,49.4886160738202,49.53466842944935,12976200
2021-09-27,50.3452033996582,50.538625402055416,49.57151187649982,49.68203823307401,13899900
2021-09-28,49.737300872802734,50.280727078437245,49.70045758445512,49.903092156797626,24691300
2021-09-29,49.26755905151367,49.783351011150636,48.982028849879484,49.73729865955008,20514300
2021-09-30,49.07413101196289,49.71887444169271,49.05570936956272,49.51623988885988,20534100
2021-10-01,49.60835266113281,49.83861794194864,48.86229188640457,49.41493066850416,19895100
2021-10-04,49.2491455078125,50.04125873446439,48.88993218725403,49.672832833929164,27353300
2021-10-05,49.69124984741211,50.05046313447978,49.25834998167956,49.3228239812266,18129400
2021-10-06,49.718875885009766,49.801771521432435,48.880710456100125,49.25834535234361,20059600
2021-10-07,49.9030876159668,50.64914832605752,49.8478226884741,50.032035599880714,20704400
2021-10-08,49.56230163574219,50.271519141287264,49.460984347297256,50.24388491762173,16068000
2021-10-11,49.221500396728516,50.114930724135064,49.20307875441849,49.56229550911042,14398800
2021-10-12,48.051761627197266,49.4794093131968,47.90439197417682,49.3412487263034,32784300
2021-10-13,48.1346549987793,48.42939780444197,47.77544170613886,48.245184868491364,18534000
2021-10-14,49.64519500732422,49.73729971247516,48.56755168649789,48.72413390153764,26586700
2021-10-15,50.160987854003906,50.188622076887285,49.562300232927385,49.92151350828717,25231100
2021-10-18,50.170204162597656,50.253099810271756,49.479408269836654,49.91230464007288,22407600
2021-10-19,50.851783752441406,50.860996331269305,50.07809226865671,50.31757012821138,18392900
2021-10-20,50.99915313720703,51.10968300117454,50.732048083208866,50.88862678680885,16850300
2021-10-21,51.57942199707031,51.64389599348111,50.50178218828764,50.59388689356898,38390900
2021-10-22,45.55568313598633,46.55963991901545,45.260943852305246,46.41227027717491,109971900
2021-10-25,45.5096321105957,46.11753234013492,45.41752739934442,45.89647962770403,43178800
2021-10-26,44.468833923339844,45.537264782285696,44.14646390650821,45.500425004340414,68405400
2021-10-27,44.109615325927734,44.96620242630607,44.09119368237915,44.68988480021579,41081500
2021-10-28,44.28462219238281,44.5425181924508,44.100409257947334,44.33988361321482,31317200
2021-10-29,45.131996154785156,45.38989215132742,44.13724843057452,44.303039717942966,42301000
2021-11-01,45.63858413696289,45.684636496650214,45.132001153262685,45.50042705790092,28013700
2021-11-02,45.924110412597656,45.96095370258553,45.34384089278197,45.693845120527726,27193300
2021-11-03,46.41227340698242,46.46753834398794,45.78595150853181,45.988586097315725,23962100
2021-11-04,46.66083908081055,46.69793505049029,46.12290683341081,46.59591671136627,24806000
2021-11-05,47.226585388183594,47.83871658272342,46.874150718483165,46.88342382536859,36816200
2021-11-08,47.81088638305664,48.218973813622846,47.356429883748234,47.72741427571384,31647800
2021-11-09,47.48627853393555,48.01493407825877,47.087467714463166,47.80161723914619,22508400
2021-11-10,47.078189849853516,47.66249463454768,47.03181724046583,47.282233576763325,25040700
2021-11-11,46.86487579345703,47.36570849573113,46.753580816730626,47.310059238366165,25420000
2021-11-12,46.66083908081055,47.20804443612927,46.54026744984099,46.929801666506634,23884800
2021-11-15,46.670108795166016,46.95762465180126,46.48461480824017,46.753580912382475,24695800
2021-11-16,46.9390754699707,47.43990817935832,46.68865911527689,46.71648197535279,30927800
2021-11-17,46.58663558959961,47.24513586669924,46.35476899586001,46.92979715769325,23546900
2021-11-18,46.07653045654297,46.59591290770332,45.418030169931384,46.59591290770332,30658200
2021-11-19,45.92813491821289,46.122902006161276,45.668445467615044,46.002330387810815,27607600
2021-11-22,46.21565628051758,47.161668974297186,45.82611852013436,45.95596326092748,33389600
2021-11-23,45.53860092163086,46.790682742085295,45.11196720710729,46.52171662457985,44713300
2021-11-24,46.15072250366211,46.16927225461333,45.10268810994258,45.31600493887673,26035800
2021-11-26,45.24181365966797,45.61280166602842,44.629685925775924,45.3531121843784,25269000
2021-11-29,46.373321533203125,46.49389315983048,45.186165634114296,45.72409432413755,31478900
2021-11-30,45.63134765625,46.74430804552508,45.14906470296401,45.90958686906789,49460800
2021-12-01,45.074867248535156,46.660837538549416,45.00067177362425,46.22492718268544,35093500
2021-12-02,45.909584045410156,46.17855013439296,44.82445012076024,45.08413956501766,37240800
2021-12-03,45.67771911621094,46.42896815606743,45.22325903427229,46.076529941788685,32224900
2021-12-06,47.29151153564453,47.49555173022118,45.61279614033454,45.89103534239608,40336000
2021-12-07,48.75691223144531,51.01065604521037,48.42302373488696,50.695317302683456,91731500
2021-12-08,47.99638366699219,49.044421634323,47.653222107743524,48.75690579181537,37143400
2021-12-09,46.81849670410156,47.84798482590342,46.77212409838139,47.57901875952216,31694200
2021-12-10,46.92052459716797,47.36570803777282,46.41969189973621,47.15239119360821,23783600
2021-12-13,46.373321533203125,47.31933771704091,46.326948919270656,47.16166658406612,35726900
2021-12-14,46.09507369995117,46.62372918362401,45.74263553150161,46.20636866019729,34120400
2021-12-15,46.994720458984375,47.096742328346856,45.75191888821527,46.25274805180748,32590300
2021-12-16,47.14310836791992,47.67176381578108,46.91124181927897,47.05963626888907,33132300
2021-12-17,46.9483528137207,47.319340825558854,46.38259768776926,46.9205299511342,50102300
2021-12-20,46.0023307800293,46.493890364570674,45.40875286617138,46.28984662993073,30140300
2021-12-21,47.08747100830078,47.15239337526762,46.317672174260245,46.317672174260245,31956300
2021-12-22,47.27296447753906,47.31933709085788,46.56808801828005,46.96689886122837,23307900
2021-12-23,47.58830642700195,47.97784065088824,47.34716316059286,47.3749895608732,25198200
2021-12-27,48.172603607177734,48.28390212269013,47.57902567645911,47.62539828892084,20985400
2021-12-28,48.005653381347656,48.33954181021225,47.885085311593414,48.16332448964621,19290400
2021-12-29,48.070579528808594,48.35809181450542,47.912908419681806,48.05202977844055,14174800
2021-12-30,47.98711395263672,48.358098396482525,47.90364183362078,48.15405465266499,18359400
2021-12-31,47.7645149230957,48.376642545638546,47.72741542160748,48.12622621759786,16319000
2022-01-03,49.35049057006836,49.36904032423573,47.85726897063133,47.90364512505169,33857600
2022-01-04,49.285560607910156,50.02753297029807,48.83110408382401,49.684371416069276,45681400
2022-01-05,49.962608337402344,52.09578010900163,49.92551237447256,50.25939726885947,59109300
2022-01-06,50.09246063232422,50.70458833832805,49.54525529377506,50.64894261651186,35757900
2022-01-07,49.56380081176758,50.44489455793817,49.29483825729722,50.25940057905962,30717200
2022-01-10,51.205421447753906,51.29817021481781,49.443237329584164,50.05536504019112,49260800
2022-01-11,51.85464859008789,52.01231972486633,50.76023790634472,51.47438749068586,39795200
2022-01-12,51.69697570800781,52.19780484620986,50.83443172276632,52.06796012378698,29136800
2022-01-13,50.954994201660156,52.13287675679356,50.7973266383288,51.93810969455967,29605400
2022-01-14,51.65988540649414,51.724807779269305,50.57474774810182,50.87153674878944,30151500
2022-01-18,50.788055419921875,51.613503437666665,50.713859952193985,51.29816473931565,35313800
2022-01-19,49.73073959350586,50.87152266239012,49.67509388253779,50.66748249216889,30595100
2022-01-20,48.265350341796875,50.16665567685542,48.17260158276756,49.95333883809308,28582600
2022-01-21,48.265350341796875,49.27628881819435,48.181878227672186,48.3024498454086,46372400
2022-01-24,48.172603607177734,48.34882448773726,46.26202508492762,47.74596991172417,64198400
2022-01-25,47.300785064697266,47.87581322582321,46.60518528433407,47.310058171713926,44095400
2022-01-26,47.94073486328125,48.896027619695644,47.06891775877047,47.42135596612733,54895400
2022-01-27,44.564762115478516,46.42897165710169,44.31434574997673,46.354772643025434,89642800
2022-01-28,44.26797103881836,44.70388138086401,42.94169379804433,44.24942128617774,61945400
2022-01-31,45.27890396118164,45.325276568046625,43.87843142104158,44.22159295744623,51828400
2022-02-01,45.39948272705078,45.47367820213169,44.85227738856484,45.24181159324788,35386100
2022-02-02,45.91886520385742,45.98379111430965,44.601864462187734,44.750258961784375,37962700
2022-02-03,44.77806854248047,46.08579578789582,44.75024568768532,45.67771191955445,42145800
2022-02-04,44.86685562133789,45.08180100289884,44.044470470398004,44.72667803570154,32431500
2022-02-07,45.025726318359375,45.474300994257604,44.82012825504803,44.97900045804897,27558500
2022-02-08,45.614479064941406,45.73596558056725,44.764055630788555,44.83881628925412,28051200
2022-02-09,46.64246368408203,46.698536853452445,45.633171590096104,46.10043730665271,35217300
2022-02-10,45.66121292114258,46.661161412354325,45.567757625495915,45.96026273730189,32762700
2022-02-11,44.511741638183594,45.89484799491961,44.39025153054413,45.74532307973072,37208200
2022-02-14,44.46501159667969,45.025729084764606,44.0257806398751,44.78274889229425,28456900
2022-02-15,45.268707275390625,45.287398334299496,44.10054283074843,44.57715592053723,35837900
2022-02-16,45.072452545166016,45.31543272468327,44.483696718594615,44.913583905827906,26022900
2022-02-17,44.455665588378906,45.10049107507641,44.278105877102625,44.72668059371241,32030600
2022-02-18,42.0912971496582,43.18469722942275,41.595993059506505,43.16600617272321,76520100
2022-02-22,41.76420974731445,42.43707354064195,40.97920317675059,41.76420974731445,57093300
2022-02-23,41.72683334350586,42.7174344624404,41.63337805354189,42.21278659149934,38176700
2022-02-24,43.661312103271484,43.726729022000065,40.77360967312874,41.025933601776714,72740100
2022-02-25,44.58650207519531,44.66126631486809,43.222086785763686,43.8575685631616,39266300
2022-02-28,44.57715606689453,44.68929885576098,43.7828021029568,43.922983262756105,41946100
2022-03-01,43.754756927490234,44.76405248295915,43.19403955108804,44.42762063113618,53853000
2022-03-02,45.670555114746094,45.78270146570743,44.371556851560456,44.40893896854757,46936500
2022-03-03,44.79208755493164,45.37149598940118,44.50238155521979,45.02572039068031,36389900
2022-03-04,44.92292785644531,45.10983486501204,44.268755108939104,44.268755108939104,38310700
2022-03-07,44.55846405029297,45.3621617439656,44.48369981601881,44.86685760428659,43813700
2022-03-08,44.3902473449707,45.53037694387971,43.8201825455162,44.56780705096684,44813900
2022-03-09,44.511741638183594,45.28740102167746,43.82018667733799,45.24067515411003,36076500
2022-03-10,43.6052360534668,44.21268290438305,43.13797034197875,44.193991848128995,36456000
2022-03-11,42.8295783996582,44.184646160792845,42.773505228836,44.06315963810996,27082100
2022-03-14,41.493194580078125,42.96975230250623,41.3997393033711,42.894991646094894,35993900
2022-03-15,41.8763542175293,41.9604621879354,41.18479939808418,41.5866481939184,34448900
2022-03-16,43.577205657958984,43.577205657958984,42.30624222380277,42.334277028541415,38885500
2022-03-17,44.05381393432617,44.193995084018454,42.736124674046685,43.28749839657241,28555000
2022-03-18,44.34352111816406,44.48369870649941,43.315534312264084,43.75476526528211,46237100
2022-03-21,44.28744888305664,44.754714650660034,43.988399076986866,44.352865805324726,32910900
2022-03-22,45.22197723388672,45.29674146261697,44.296793075555044,44.390244796513215,27923300
2022-03-23,45.109840393066406,46.3340780624976,44.913589614251094,45.287400112239055,37126400
2022-03-24,48.240516662597656,48.26855503271474,45.40888726265911,45.47430418467416,51677900
2022-03-25,48.436767578125,48.5769451590064,47.14711315727927,47.371398712671365,33239800
2022-03-28,48.13771438598633,48.19378755749413,47.2499123426513,47.99753680464878,22932400
2022-03-29,48.82926559448242,48.86664770602897,47.92276899672768,48.59563274474806,27303700
2022-03-30,48.062957763671875,49.07224998099687,47.866706994324645,48.829273347274814,24623300
2022-03-31,46.31538391113281,47.90408466020147,46.268654482667955,47.84801504997144,43698300
2022-04-01,44.9603157043457,46.63312811864987,44.231382199434336,46.56771119205296,46598600
2022-04-04,45.97895050048828,46.006985304695135,44.78274775664432,45.01638063158079,23784900
2022-04-05,44.97900390625,45.77335428728764,44.87620486671351,45.63317669561006,25779200
2022-04-06,44.4276237487793,45.016375965830186,44.147265040904436,44.33416846951808,31518700
2022-04-07,44.44632339477539,44.77340802301933,43.70804258821899,44.324833290732606,24117000
2022-04-08,43.94166946411133,44.46500836255958,43.78279726290462,44.18464607395416,22167300
2022-04-11,43.52113342285156,44.20334101753657,43.483751305756655,43.8295305414522,30352500
2022-04-12,43.45571517944336,44.773404464867,43.37160720101399,44.222030731819956,29861400
2022-04-13,43.93231964111328,44.17529980201699,43.50243605176596,43.68934304516395,22171300
2022-04-14,42.6800422668457,43.68933777036574,42.63331641537621,43.68933777036574,36181800
2022-04-18,43.5865478515625,43.82018072260643,42.53987358747302,42.54921733373471,25593100
2022-04-19,44.79208755493164,44.85750446374494,43.30618257697193,43.54915915757071,31483100
2022-04-20,44.9603157043457,45.55841535606326,44.8388255985421,45.193948603607566,22787100
2022-04-21,44.3902473449707,45.69859290322546,44.296795618647444,45.436921652601605,27316900
2022-04-22,43.49309539794922,44.53042589833809,43.455713283621506,44.34351889165416,28219900
2022-04-25,43.97905349731445,44.05381416323868,43.15666478241954,43.18469958652178,35999300
2022-04-26,42.53987121582031,43.77345242096214,42.53052390512505,43.63327128016918,35356600
2022-04-27,42.25951385498047,43.04452042570612,42.0632595385831,42.50249046653513,28320900
2022-04-28,43.773460388183594,44.17530926231258,42.55857001835522,42.79220291889741,41097000
2022-04-29,40.736228942871094,42.39035015470979,40.65212096379609,42.04457449182577,70765900
2022-05-02,42.01653289794922,42.0445712654592,40.66146159014891,40.85771590290056,45446500
2022-05-03,42.109989166259766,42.51183798207391,41.33432633784259,41.85766524249591,40158400
2022-05-04,43.49309539794922,43.58654711881386,41.50254237193151,42.1099892524156,44625600
2022-05-05,42.00957107543945,43.24348582169498,41.56687174565513,42.951489741643336,52996700
2022-05-06,41.72699737548828,42.52763042030808,41.29371563912066,41.905964226739655,40916600
2022-05-09,40.56843948364258,41.632808656456696,40.38005501869059,41.265460926024474,44925800
2022-05-10,41.45384216308594,42.14144600518928,40.97346518670391,41.774094678385566,42770000
2022-05-11,40.34237289428711,41.71757310379089,40.29527409266149,41.463254666175686,40351700
2022-05-12,40.35179901123047,40.41773303565469,39.570004731436356,40.248187374811025,42329600
2022-05-13,41.06765365600586,41.293715723737,40.47424746533912,40.89810800349117,32034100
2022-05-16,40.57786178588867,41.0770775774139,40.30470448394151,40.89811071393511,25071900
2022-05-17,41.82119369506836,41.84002890800059,41.114754636659335,41.274879098527315,28596600
2022-05-18,39.8902587890625,41.425587402434175,39.76781193504717,41.425587402434175,35218400
2022-05-19,39.570003509521484,40.219929720397545,39.29684981382816,39.86199960376542,29181000
2022-05-20,39.23091506958008,39.83374245925689,37.968743875018745,39.79606484911842,44802300
2022-05-23,39.560585021972656,39.796064694722496,38.92950122370773,39.26858893423439,27199500
2022-05-24,39.249752044677734,39.456975316613445,38.712858652057776,39.278012050118406,29837500
2022-05-25,39.748966217041016,40.05037988597635,38.98601084641039,39.03310605846884,26283100
2022-05-26,40.95462417602539,41.143008632495935,39.63594016700088,39.72070939962125,28826700
2022-05-27,41.96248245239258,41.96248245239258,41.02056363822828,41.05824125314728,30553300
2022-05-31,41.84002685546875,42.150861750624934,41.11475261970702,41.67990240145594,41111500
2022-06-01,41.548038482666016,42.32041160451847,41.001723858697915,42.169704741550554,29885500
2022-06-02,42.23563766479492,42.27331527783515,41.38790933706453,41.623389028863535,28727600
2022-06-03,40.86984634399414,41.67989689239758,40.82275113392901,41.54802886696152,33174700
2022-06-06,40.822757720947266,41.482101547651176,40.57786043321227,41.26546067188778,25437100
2022-06-07,41.00171661376953,41.058233024821796,40.182248415750955,40.55901730316389,25168700
2022-06-08,38.83530807495117,39.80548319876705,38.64692361387394,39.79606559262382,59649900
2022-06-09,37.68616485595703,38.94833603256156,37.68616485595703,38.628083537210124,39047200
2022-06-10,36.90437698364258,37.75210529753188,36.90437698364258,37.53546082265525,43066200
2022-06-13,35.576271057128906,36.55586740401901,35.48207702773477,36.310966520729075,50335900
2022-06-14,35.72697830200195,35.98129679444702,35.359630566181806,35.80232993320705,31351700
2022-06-15,36.40515899658203,36.89495355599094,35.71755518731926,36.32038617031228,37652300
2022-06-16,35.171241760253906,35.59510586204731,34.78505526598312,35.510333041688625,45576500
2022-06-17,34.8227424621582,35.905947028192244,34.474229886310574,35.30311951437584,71393200
2022-06-21,35.53860092163086,35.82117588298896,35.161835504198585,35.19009192239373,34004900
2022-06-22,35.208927154541016,35.57627492629269,35.05822028425481,35.16183193128943,32571000
2022-06-23,35.237178802490234,35.43498086926662,34.76621944742186,35.425563263144525,30163000
2022-06-24,36.36748504638672,36.39574146027542,35.548016705399206,35.651624754036106,38159900
2022-06-27,36.386322021484375,36.79134736812814,36.23561516644029,36.61238050748308,29585300
2022-06-28,35.5856819152832,36.75366250633917,35.5480079038046,36.33921963500145,37824200
2022-06-29,35.1241455078125,35.41613797463434,34.86982705426378,35.3596251581575,25437200
2022-06-30,35.237178802490234,35.7929109851963,34.59667379214647,35.04879434183594,35141000
2022-07-01,34.22932434082031,35.0393749655155,33.79604261839925,34.93576333773339,40596300
2022-07-05,34.558990478515625,34.60608928075807,33.47578629648794,33.84313395792056,33215000
2022-07-06,34.84157180786133,35.246593514277116,34.3423524891515,34.68144377185722,26258300
2022-07-07,35.92477798461914,36.10374483394499,35.53859146842309,35.68929831393534,33165400
2022-07-08,35.783485412597656,35.92477103178292,35.21833215645483,35.47265058274901,22566300
2022-07-11,35.03937911987305,35.482078500427974,34.87925105982426,35.47266089366509,25904300
2022-07-12,35.04879379272461,35.510335534439896,34.84157412307266,35.46324031829785,30546300
2022-07-13,35.04879379272461,35.25601705551123,34.49306161872523,34.54957803397649,27059200
2022-07-14,35.519752502441406,35.94361662637613,34.18222970373029,34.84157349728046,36690700
2022-07-15,36.376895904541016,36.42399111666326,35.53858891210822,36.047225826550935,32892300
2022-07-18,36.461673736572266,37.055083551674116,36.2921280751146,36.82902147201894,30814400
2022-07-19,37.883968353271484,38.364345272386046,36.96088852936558,37.036240151146465,53095300
2022-07-20,38.2042236328125,38.30783167121944,37.26230493608459,37.87454993307692,36387900
2022-07-21,38.251319885253906,38.28899749649604,37.507203232328344,38.157125857148586,29661200
2022-07-22,36.9232177734375,38.15712910499946,36.67831687265301,38.025261047562466,41350000
2022-07-25,36.885536193847656,37.121015869138596,36.31096521123621,36.9985654319096,32263400
2022-07-26,36.69715118408203,37.27172215806789,36.62179955755017,36.82901922536377,35925500
2022-07-27,37.84628677368164,38.072345208432885,36.95146345271737,36.98914105622059,42571600
2022-07-28,37.40359115600586,37.78977768383743,36.77250734426379,37.76152127230711,56662300
2022-07-29,34.20106506347656,34.4930575247818,33.193212466492035,33.53230013834964,125292400
2022-08-01,34.813316345214844,35.50091660563833,33.95617042132969,33.95617042132969,52513400
2022-08-02,33.918487548828125,34.53073608228777,33.90906994371176,34.46480206707019,53929400
2022-08-03,34.398868560791016,34.464802576984106,33.21204908304663,33.99384326524239,59513900
2022-08-04,33.927913665771484,34.346540572218984,33.64248606458415,34.2609119289219,54046300
2022-08-05,33.6710319519043,33.956459588830654,33.47123296899678,33.632973965804965,40205100
2022-08-08,33.66151428222656,34.21334048126174,33.490256999565254,33.64248529199656,41534600
2022-08-09,32.843292236328125,33.5854048525713,32.729121902154446,33.50929250625867,48202300
2022-08-10,33.65199661254883,33.680541911444735,32.90988417061068,33.2904567010146,42243300
2022-08-11,33.8613166809082,34.52731688908878,33.76617534948633,33.90888734661914,35569700
2022-08-12,34.356056213378906,34.3845978841193,33.93742568567286,34.061112307895904,37675200
2022-08-15,34.574886322021484,34.660514969011714,33.97548579308986,34.346542053577856,25400600
2022-08-16,34.43217086791992,34.80323075962041,33.96597327713647,34.40362919525413,25000200
2022-08-17,34.042083740234375,34.32751496881716,33.55685718457954,34.070629040737956,29176100
2022-08-18,34.441680908203125,34.56536751625244,33.84228048548086,33.946938105414254,24598200
2022-08-19,33.66151428222656,34.279940132362384,33.48074068974586,34.061112188830435,31425500
2022-08-22,32.19631576538086,33.3570588019882,32.09165813035444,33.29997182940773,51006100
2022-08-23,32.30097198486328,32.71959887721433,32.2629140048108,32.32951365519827,30687100
2022-08-24,32.21534729003906,32.33903392565383,31.967974018809528,32.320004933297,25105700
2022-08-25,33.195316314697266,33.233374298848496,32.17728882981122,32.224859495295696,29799100
2022-08-26,31.739627838134766,33.3285103142413,31.730111528910154,33.25239798748715,44851500
2022-08-29,31.340030670166016,31.787202901069143,31.2163476683746,31.61594560537897,32976800
2022-08-30,30.693058013916016,31.46371580794256,30.58840400876969,31.435174136485276,40182500
2022-08-31,30.36957550048828,30.816745913958847,30.226861693185292,30.816745913958847,44074500
2022-09-01,30.217348098754883,30.28394775650257,29.617947549616545,30.036576302936464,36440700
2022-09-02,29.70357322692871,30.807231068816066,29.551344934538257,30.645486466608773,34893300
2022-09-06,28.885347366333008,29.865316797451694,28.85680388024729,29.865316797451694,46989600
2022-09-07,29.16126251220703,29.29446364188381,28.59040545350466,28.942434547694234,37329500
2022-09-08,29.256404876708984,29.351548019736743,28.45720537880301,28.894863110848906,37359500
2022-09-09,29.931915283203125,29.96997326316683,29.570373547069764,29.675031177265584,34069500
2022-09-12,30.02705955505371,30.312488971473055,29.589403657130262,30.19831684196443,38305500
2022-09-13,27.867319107055664,29.427660004910727,27.82926112676438,29.332516868886895,71417900
2022-09-14,27.762664794921875,28.324007368394877,27.600921988756696,28.11469208117841,40767200
2022-09-15,27.439178466796875,27.98149203370225,27.315491833994688,27.73412058280243,39919100
2022-09-16,27.819747924804688,27.895862074220805,27.039577439613396,27.30597786992203,72748000
2022-09-19,28.010034561157227,28.067119720267634,27.496262685050105,27.610434817975406,33151900
2022-09-20,27.553348541259766,27.75314932525788,27.315491588460063,27.658006181197088,31129000
2022-09-21,27.087148666381836,28.15274859509546,27.07763417066869,27.734119857239627,39977300
2022-09-22,26.70657730102539,27.11569153381817,26.678035629242753,27.020548393565633,36092700
2022-09-23,26.183290481567383,26.544832205535517,25.869319416248846,26.544832205535517,43491100
2022-09-26,25.660003662109375,26.354547241886923,25.555347852181903,26.221346133799905,44786400
2022-09-27,25.583890914916992,26.25940554253098,25.3270068086398,26.069119271869596,44121400
2022-09-28,25.812232971191406,25.95494857944029,25.307977446353732,25.555348868692967,40433400
2022-09-29,25.098665237426758,25.47923781937838,24.917895257174756,25.47923781937838,41831300
2022-09-30,24.51829719543457,25.27943878262698,24.489753705400595,25.022552816435283,43821000
2022-10-03,25.660003662109375,25.926404063579138,24.80371912019807,25.051090532697653,44096200
2022-10-04,26.354551315307617,26.44969264545526,25.774179764943327,26.097665368618056,42427500
2022-10-05,26.29746437072754,26.48775066065736,25.583893505547557,26.040580238438206,30120000
2022-10-06,25.859806060791016,26.411634073076065,25.688548778581108,26.107177489015953,33985100
2022-10-07,24.470720291137695,25.003521120620693,24.40412064112841,24.89886349077504,57215500
2022-10-10,23.97597885131836,24.727605793350477,23.871321223240034,24.680035134062692,43409300
2022-10-11,23.823749542236328,24.242376407187542,23.49074949739003,23.795206059065187,48134900
2022-10-12,24.09966468811035,24.28043646762643,23.4622080269052,23.83326426643952,39634100
2022-10-13,25.13671875,25.536318438201832,23.395606211700066,23.528805502865932,62447000
2022-10-14,24.651493072509766,25.33652040519587,24.50877927170488,25.174777613695817,48185400
2022-10-17,25.13671875,25.45068980396542,24.898861835944246,25.03206112711011,39416500
2022-10-18,24.61343765258789,25.650492271076327,24.299466555409587,25.441178811192287,51126900
2022-10-19,24.737117767333984,24.974974668942966,24.44217571745601,24.489746371896146,33882300
2022-10-20,24.813236236572266,25.64097919719597,24.68955142460546,24.879835890300885,33247700
2022-10-21,25.660003662109375,25.73611780328584,24.53732053343258,24.59440568563886,53058700
2022-10-24,25.859806060791016,26.145233654671273,25.23186390249094,25.450691845446098,43831600
2022-10-25,26.07863426208496,26.221348060438835,25.688549033055654,25.859806316962064,32205300
2022-10-26,25.888349533081055,26.449692079523206,25.679036070648454,25.869322356281373,37111100
2022-10-27,24.994009017944336,26.249893437480765,24.86080789047216,26.116694124713124,56305100
2022-10-28,27.658002853393555,27.800716644961188,26.506776211416437,26.811232784015203,91695700
2022-10-31,27.04909324645996,27.762664112343902,26.68754965817755,27.66752096728513,59507700
2022-11-01,26.925405502319336,27.4486918711954,26.535320256910445,27.40111939327695,44418700
2022-11-02,26.08814811706543,27.44869004504039,26.078633622114737,26.896862040830722,51956100
2022-11-03,26.05960464477539,26.525804009357916,25.850291199872327,26.116691614507065,39678200
2022-11-04,27.19263458251953,27.231204737967765,26.4308542408671,26.585138541087908,43051900
2022-11-07,27.39513397216797,27.452990129034504,26.89370904142049,27.3469208146482,34389800
2022-11-08,27.462631225585938,27.9158429674121,26.932279172758577,27.732629670945908,36258000
2022-11-09,26.53692626953125,27.289061798318503,26.53692626953125,27.211919645642528,30544800
2022-11-10,28.69690704345703,28.764406193994382,27.62655811575354,27.848341564437387,62943900
2022-11-11,29.34297752380371,29.535832005089723,27.838704477230415,27.8965606376948,49826500
2022-11-14,29.26582908630371,29.882966236793685,29.101901800803088,29.256186088425583,39395300
2022-11-15,29.61297035217285,30.220466396071025,29.092261296616932,29.98903994480018,40933200
2022-11-16,28.475122451782227,29.150115769275452,28.388337307656638,29.034403469917226,35582800
2022-11-17,28.822261810302734,28.88011980044275,27.96405518791181,28.03155433719462,31983300
2022-11-18,28.802974700927734,29.179042402227118,28.552262286990246,29.179042402227118,27122200
2022-11-21,27.906200408935547,28.65833592559415,27.877271412443307,28.600479771823636,36086800
2022-11-22,28.7547607421875,28.79333273304023,28.021909468909385,28.099051611401094,25584100
2022-11-23,28.61012077331543,29.005474501705663,28.436550484907258,28.667976923046872,23143900
2022-11-25,28.29191017150879,28.61976476337277,28.29191017150879,28.61976476337277,11314900
2022-11-28,27.703702926635742,28.147271705836037,27.52049145449227,28.06048654988846,28267900
2022-11-29,27.867626190185547,28.13762461826266,27.713341899631146,27.819413039092478,24361500
2022-11-30,28.995830535888672,29.00547353372441,27.21191639898036,27.74227024466325,72072500
2022-12-01,28.7644100189209,29.391190293388433,28.46548438141438,29.15976381539492,38896300
2022-12-02,28.359411239624023,28.3786972379118,27.684416013264055,28.127984777812785,31546000
2022-12-05,28.12798309326172,28.687264135614384,27.85798465104481,28.36905253977949,34040400
2022-12-06,27.578344345092773,28.262980672894155,27.32763190641211,28.147268371480845,27701200
2022-12-07,27.3179874420166,27.530127876031965,27.14441715999777,27.26977429221749,28239900
2022-12-08,27.42405891418457,27.57834320248603,27.067275347978825,27.30834477835158,28486100
2022-12-09,27.231204986572266,27.751915883981724,27.18299183201833,27.37584628944802,25641300
2022-12-12,27.665132522583008,27.684416682122666,26.86478196644399,27.125135592763037,35117900
2022-12-13,27.703702926635742,29.015121426097725,27.356564142059522,28.725838799081856,58546800
2022-12-14,27.250486373901367,28.079765734273806,27.009416963487393,27.491555784315345,37141100
2022-12-15,26.180139541625977,26.99977596556628,26.151212387331118,26.94191981776278,45682700
2022-12-16,25.958358764648438,26.170499221106358,25.505148855264444,26.035500916016225,81104200
2022-12-19,25.833005905151367,26.006574382757933,25.553364430448205,25.93907522381969,37662500
2022-12-20,25.49550437927246,25.910144108555976,25.476218382744424,25.59193252269879,31863300
2022-12-21,25.871572494506836,26.00657079375305,25.630503052016383,25.64014605042167,28100900
2022-12-22,25.042295455932617,25.50515022826992,24.444444210451955,25.50515022826992,47478300
2022-12-23,25.15800666809082,25.254434811023486,24.762652937359356,24.994079376869443,23600900
2022-12-27,25.013368606567383,25.167652919517145,24.73372713983713,24.926583450631377,29548100
2022-12-28,24.627653121948242,25.186934109409172,24.589081131468443,24.91693569369179,26176900
2022-12-29,25.273717880249023,25.35086186264532,24.83015101675294,24.849437012352013,30944800
2022-12-30,25.48586082458496,25.514787979531604,24.878364821712026,24.974792963033074,31030100
2023-01-03,25.775144577026367,26.102999168842448,25.428005827443503,26.08371317186176,31308000
2023-01-04,26.691211700439453,26.922638168226527,26.189786767293757,26.43085623447372,37665200
2023-01-05,26.575498580932617,26.787640897401975,26.401928263535556,26.459786262144007,33552600
2023-01-06,27.703702926635742,27.800131082045727,26.401927426636167,26.932281361784042,31788600
2023-01-09,28.26297950744629,28.80297635582074,27.80976964037389,27.80976964037389,37493200
2023-01-10,28.38833999633789,28.455839150558727,27.886915080391674,28.195483693523496,23008100
2023-01-11,28.78369140625,28.812618561855047,27.964054945186252,28.61976411403725,30375400
2023-01-12,29.20797348022461,29.29475678431053,28.41726419246989,28.90904605809714,28963900
2023-01-13,29.034404754638672,29.09226090687782,28.745120315015104,28.89940461379544,31361900
2023-01-17,28.542621612548828,29.179044776949084,28.465479466537094,29.101902630937353,34759100
2023-01-18,27.780841827392578,28.754762588389678,27.6072715358387,28.735476591725053,44199600
2023-01-19,27.404775619506836,27.732630224266018,27.231205318256215,27.58798891962849,36886600
2023-01-20,28.17619514465332,28.185838142842474,27.240846390871358,27.404773681659314,35158500
2023-01-23,29.188688278198242,29.4008287235835,28.13762537116362,28.282266667526926,38795800
2023-01-24,28.8511905670166,29.111546002854098,28.66797727818127,28.87047656357061,24855100
2023-01-25,28.639049530029297,28.822260975860168,28.127981667205173,28.46547924306209,28268000
2023-01-26,29.015119552612305,29.034405550291837,28.28226819371583,28.986190556093007,56088100
2023-01-27,27.154062271118164,27.231204420328744,25.82335973743222,26.102999338615348,148548200
2023-01-30,26.95156478881836,27.49155983268477,26.681566347278196,26.729779500775336,55145800
2023-01-31,27.250486373901367,27.279415365267955,26.546564136903836,26.78763354731781,52621600
2023-02-01,28.031553268432617,28.37869383918174,26.691207814594986,26.893705254722768,63330600
2023-02-02,29.11154556274414,29.217614863759888,27.77119824992596,28.205123969761672,62230700
2023-02-03,29.236902236938477,30.056538724554706,28.4751237408344,28.5619088888887,57603100
2023-02-06,28.002227783203125,28.939213232302656,27.92414566244483,28.841610115948637,48726400
2023-02-07,28.353593826293945,28.56832103513832,27.748457910663006,27.96318325788295,50780800
2023-02-08,27.563013076782227,28.421918216464604,27.53373158510289,28.255993486863996,36479100
2023-02-09,27.06523895263672,28.12910895174248,26.909074719889496,27.992465713494784,43906400
2023-02-10,27.133560180664062,27.319005902487607,26.68458848339329,26.967635453058673,31232500
2023-02-13,27.865583419799805,27.865583419799805,27.055480697189722,27.20188630644277,32347500
2023-02-14,27.95342445373535,28.031506572145943,27.31900700894623,27.699657103494793,27928900
2023-02-15,28.158390045166016,28.187669674876624,27.484930637454998,27.68013685643991,23359400
2023-02-16,27.523975372314453,28.13887185871126,27.45565188571511,27.816782868384426,28972500
2023-02-17,26.948118209838867,27.397089938587733,26.72363048383983,27.32876831565852,32086200
2023-02-21,25.435274124145508,26.616268274114095,25.415754990518632,26.460104035351655,63668400
2023-02-22,24.859416961669922,26.255136427710145,24.693492230847845,25.28886953467257,89195300
2023-02-23,24.996063232421875,25.45479545717064,24.713014382393666,25.161987971011783,56473200
2023-02-24,24.53733253479004,24.74229929270796,24.322607139393753,24.615414665990947,44089900
2023-02-27,24.303083419799805,24.966782391500903,24.283562423779266,24.9375008974701,37657000
2023-02-28,24.332365036010742,24.51781077588773,24.137158798074474,24.34212553407002,50255300
2023-03-01,24.722774505615234,25.298630833078455,24.371404038247963,24.42996702389222,47823400
2023-03-02,25.57192039489746,25.669521652354405,24.517810804390407,24.60565156377673,48309300
2023-03-03,25.767122268676758,25.845204384032996,25.386472189018157,25.5719179110984,36744900
2023-03-06,25.36695098876953,25.903767156405635,25.308389868134043,25.83544367710236,37879800
2023-03-07,24.91798210144043,25.366953846261588,24.888700607012005,25.220550097368804,43164600
2023-03-08,25.357192993164062,25.3864744871826,24.839899630209082,24.947261385027765,36071900
2023-03-09,25.80616569519043,26.33321953780848,25.347431612988608,25.35719211065509,54886100
2023-03-10,26.56746482849121,26.860274161836333,25.689040551704853,25.913526404132295,65187000
2023-03-13,26.30394172668457,26.65531035887003,25.97209222955824,26.09897498475374,50977000
2023-03-14,27.338529586791992,27.42637220779286,26.59674848813171,26.694351607202076,47689800
2023-03-15,27.728940963745117,27.816783587160867,26.996920343030357,27.06524196977045,49322800
2023-03-16,29.45650863647461,29.544351255599253,27.70941861346735,27.70941861346735,75779500
2023-03-17,29.09537696838379,30.25685012340821,28.73424786425932,29.202740580670582,80628500
2023-03-20,28.46095848083496,29.183218524450513,27.94366329508857,29.085615413340413,38780100
2023-03-21,27.777740478515625,28.470720939680174,27.30924774685839,28.30479619784849,55650800
2023-03-22,27.455652236938477,28.42192108190452,27.426372603931718,27.797262227806556,37415500
2023-03-23,28.334075927734375,28.46095866988316,27.543492397953248,27.69965663211691,43785500
2023-03-24,28.656166076660156,29.09537730527202,28.236473981906343,28.343837595436273,55912100
2023-03-27,28.480480194091797,29.01729452630721,28.382877080518664,28.665925923718298,34758200
2023-03-28,28.58784294128418,28.626883068558943,27.943663155817884,28.38287622281206,37407900
2023-03-29,30.76438331604004,31.125512402388914,29.046574912128595,29.056335409276464,85556200
2023-03-30,31.320720672607422,31.798975756041244,31.047432319448752,31.086474310596248,70077600
2023-03-31,31.886810302734375,32.11129985959346,30.96934597538122,31.037667588947482,59765000
2023-04-03,32.10154342651367,32.755483778380075,31.759935295631553,32.15034405617549,57038300
2023-04-04,32.3065071105957,33.02876906193482,32.052741611786914,32.062500248058726,55714100
2023-04-05,32.04298400878906,32.199148256918505,31.564728904564877,32.01370065253086,39615700
2023-04-06,32.023460388183594,32.208904254125564,31.6818485636601,31.818491804169874,28551900
2023-04-10,31.74040985107422,31.974654329924114,31.428081397108453,31.81849010294123,30534400
2023-04-11,31.574485778808594,32.31626870845756,31.545206147434005,31.87705562159293,27059100
2023-04-12,31.252399444580078,32.10154228489594,31.193836457118923,31.984420033222882,37070800
2023-04-13,31.35976219177246,31.65256967447336,30.891267613176623,31.057192349807018,29722300
2023-04-14,31.12551498413086,31.467126827768343,30.9303106098554,31.232878600038376,24623600
2023-04-17,31.36952018737793,31.85753388966632,31.008391090194262,31.18407632087801,29601100
2023-04-18,31.066953659057617,31.68185013344323,31.018153031207433,31.652570501382968,26041400
2023-04-19,30.40325355529785,30.76438451737318,30.334931934219302,30.35445292927733,25746600
2023-04-20,30.12020492553711,30.50085500022003,29.973799332236496,30.022601817211516,30255100
2023-04-21,29.573631286621094,30.100687008481,29.505309662296582,30.100687008481,28655800
2023-04-24,28.948970794677734,29.64195117506098,28.900170172261404,29.40770297491424,38732500
2023-04-25,28.187667846679688,28.86112721071145,28.177909211825394,28.734244479737757,38289900
2023-04-26,28.353593826293945,29.095374837087064,28.148628975987336,28.499999418369452,41218800
2023-04-27,29.14417839050293,29.232021004320046,27.826541044870687,28.060787394508164,60186200
2023-04-28,30.315412521362305,31.789214215921206,30.071405655275562,31.213357863026513,80252400
2023-05-01,29.573631286621094,30.491097620067237,29.554112152260263,30.36421486941095,36918500
2023-05-02,29.056337356567383,29.846919062283263,29.036816360963385,29.573630708701103,33463400
2023-05-03,29.915239334106445,30.364212904596823,29.52482874778298,29.905478836745296,45554500
2023-05-04,30.61595916748047,31.0863703868526,29.773137664169386,29.83194046852692,46104000
2023-05-05,30.37095069885254,30.782560950703065,30.116144174445274,30.753159550839502,35024600
2023-05-08,30.155345916748047,30.223947313565983,29.78293566366801,30.08674451993011,30882800
2023-05-09,29.498729705810547,29.969140887733957,29.312524578664576,29.773135293975265,30706500
2023-05-10,29.371326446533203,29.792737178090977,28.90091524959575,29.684935780406107,40526500
2023-05-11,28.283498764038086,29.08711830196539,28.244296899140267,29.00871644141755,47144400
2023-05-12,28.371702194213867,28.51870545480219,28.146295200780703,28.45010405781083,24153800
2023-05-15,29.204723358154297,29.234124760049205,28.303100928438564,28.32270186303517,28717500
2023-05-16,28.636310577392578,29.302727428498926,28.62651010967065,29.028321809277315,22812000
2023-05-17,28.29330062866211,28.96951600834132,28.107095499689855,28.930316010753835,41667300
2023-05-18,29.087120056152344,29.165521921428446,28.29330093657583,28.420703266681524,36529200
2023-05-19,29.33212661743164,29.63593361688515,28.910715883440798,29.008718684013914,40683000
2023-05-22,29.67513656616211,29.841740772433006,29.224324414797557,29.25372581681525,28693400
2023-05-23,28.920516967773438,29.59673424999005,28.900916033390814,29.44972911136836,29400900
2023-05-24,28.420703887939453,28.900915556908675,28.244299219900157,28.72451088886938,28045800
2023-05-25,26.852664947509766,27.724887829401666,26.323452807345937,27.724887829401666,78009400
2023-05-26,28.420703887939453,28.5089062219591,26.55865814499301,26.89186654701214,71910600
2023-05-30,29.390928268432617,29.439930604540834,28.420704444465784,29.106722195996916,54874800
2023-05-31,30.81196403503418,31.644985050897073,29.07732060245757,29.106722003928486,136243800
2023-06-01,30.508153915405273,31.301974899480218,30.400352519575563,31.16477023413201,52667400
2023-06-02,30.684558868408203,30.958966332449027,30.214147675122152,30.772761200805327,36521000
2023-06-05,29.263525009155273,30.772761397927788,29.23412360841859,30.68455906496566,48244100
2023-06-06,30.341550827026367,30.82176436940935,29.106721878535176,29.175323279090467,42295300
2023-06-07,30.655160903930664,30.74336324083592,30.312152023660012,30.41015482791563,39098000
2023-06-08,31.18437385559082,31.213775258395675,30.43955514110036,30.802164965368004,35199000
2023-06-09,30.71396255493164,31.3509779935742,30.067146648710203,31.292177057348997,40218000
2023-06-12,32.409400939941406,32.63480606389449,30.733560406314766,30.772760403448927,59881600
2023-06-13,33.23262405395508,33.27182592341884,32.4094034876964,33.09542124932797,51990000
2023-06-14,34.869266510009766,34.88886370620157,33.12482070775246,33.193422109911886,74404300
2023-06-15,35.104469299316406,35.69248237005532,34.51645622857749,34.57525529255383,67676300
2023-06-16,35.64347839355469,36.0648890901967,34.88885932604447,35.63367979668896,110240300
2023-06-20,34.30084991455078,36.36870175041591,34.02644431155308,36.03549334456329,65970200
2023-06-21,32.242801666259766,34.349851713963076,32.17420026284826,34.222447505414806,70973500
2023-06-22,32.05659103393555,32.57600640777028,31.488178935761884,32.03699010110257,45740300
2023-06-23,32.34080505371094,32.78181677941536,31.390180193692107,31.566584883973874,46327100
2023-06-26,32.674007415771484,33.311024649713566,32.43879995967875,32.52700228840156,38952400
2023-06-27,33.418819427490234,33.54622360388693,32.35059303730679,32.556400934099955,33038900
2023-06-28,32.899417877197266,33.13462537147452,32.370203818945654,32.93861974932619,33906900
2023-06-29,32.25259780883789,32.67400853399177,31.840989419708507,32.67400853399177,38313000
2023-06-30,32.77200698852539,32.88961258096364,32.49760141649386,32.693606998728754,33811300
2023-07-03,32.94841384887695,33.21302084186965,32.4780026630552,32.87001385382122,15753000
2023-07-05,31.86058807373047,32.66421143222731,31.850789475753086,32.64461049777656,37664700
2023-07-06,31.331377029418945,31.399980302407595,30.753162527536734,31.262775625678355,41693600
2023-07-07,31.213775634765625,31.76258874233732,31.184374231606252,31.36077891206632,28356300
2023-07-10,32.086002349853516,32.17420470047592,31.135377430756115,31.23338025025304,36305700
2023-07-11,32.63480758666992,32.69361038898678,31.850788914924802,32.16439638362285,28148800
2023-07-12,33.30122756958008,33.39923224945889,32.39960694567266,33.017019605675934,37762200
2023-07-13,33.193424224853516,33.61483500125244,32.94841813338885,33.4678335894714,32745800
2023-07-14,32.48780822753906,33.19342320714573,32.340803081768925,33.105220867382876,30438700
2023-07-17,33.683433532714844,33.9088386690032,32.40940271354346,32.49760504848202,34111200
2023-07-18,33.81083679199219,34.00684239065943,33.154222335727155,33.59523025960864,29662200
2023-07-19,33.77163314819336,34.14404339222299,33.64423269348231,33.71283408863307,26486700
2023-07-20,32.70341110229492,33.5266316955034,32.5662082931762,33.02682092821433,37878000
2023-07-21,33.34042739868164,33.56583254084737,32.752410570926834,33.05621945219162,79737000
2023-07-24,32.95821762084961,33.77163583016144,32.88961622025087,33.164021822645815,25225800
2023-07-25,33.418819427490234,33.6540268501845,32.732805566496864,33.02681204099333,31771100
2023-07-26,33.67363739013672,33.84023973578182,33.02682146625675,33.04642240194962,32643200
2023-07-27,33.859840393066406,34.33025163033883,33.428631026857396,34.12444741500018,58890800
2023-07-28,36.09429931640625,36.25110306595705,34.80066370949184,36.01589557238271,90863000
2023-07-31,35.05546951293945,36.447102218638456,34.957464840251916,36.13349474303034,55630700
2023-08-01,35.08486557006836,35.300472090127435,34.575252538062315,35.104466502664245,24702200
2023-08-02,33.70303726196289,34.47725740635223,33.59523398382054,34.447857871766594,39052000
2023-08-03,34.17344665527344,34.33025039539027,33.44823075916909,33.60503449928593,24817900
2023-08-04,34.56195068359375,34.975043685807705,33.91280775321122,33.91280775321122,26674900
2023-08-07,34.65046691894531,34.965202626684565,34.17836335733644,34.82750622354184,22486900
2023-08-08,34.44392395019531,34.52260600489445,33.30300601746458,34.09967917404251,34753600
2023-08-09,33.716094970703125,34.52260572248699,33.66691821792523,34.4242522169312,28720200
2023-08-10,34.10951614379883,34.512771515517244,33.91280538277738,34.129187595095544,30957300
2023-08-11,34.31605911254883,34.375073463615266,33.794778809937924,33.893132309769804,28783700
2023-08-14,35.09306716918945,35.1225724709791,33.902972472360176,34.09967948688556,36896100
2023-08-15,34.198036193847656,35.04388984965245,34.17836474232362,34.82750763483381,27420300
2023-08-16,32.978431701660156,34.06033899883146,32.90958349888829,33.952147893919765,35757300
2023-08-17,32.044063568115234,33.037447503043396,31.817843746867872,33.007942201118006,39906700
2023-08-18,32.21126174926758,32.368629595522066,31.650638562489394,31.699815310954158,23701100
2023-08-21,32.5948486328125,32.6243539342114,31.49327360788662,32.063730695957865,43718200
2023-08-22,32.348960876464844,33.243991281080426,32.289950274103944,32.67353419723266,23425300
2023-08-23,33.4210319519043,33.58823741993685,32.26044253360494,32.3391283425487,32324300
2023-08-24,32.053897857666016,33.52922300529971,31.955544348602118,33.165310519428246,37931000
2023-08-25,32.70303726196289,32.85057126166723,31.817840767627814,31.99488006649483,27324800
2023-08-28,33.066951751708984,33.22431961020821,32.66369637980811,32.94892679582099,22341800
2023-08-29,33.745601654052734,33.91280335214455,32.919419508789375,32.9390909589082,29943600
2023-08-30,33.96198272705078,34.089845286735404,33.22432017432113,33.499716745329984,26279200
2023-08-31,34.56195068359375,34.975043685807705,33.73576843111181,33.75543988378352,48157600
2023-09-01,36.00777053833008,36.14546695499011,35.14224538110789,35.20125973908189,43808500
2023-09-05,36.10612106323242,36.794606841531916,35.860233553264436,35.978262259449934,43379400
2023-09-06,36.37167739868164,36.43069174751434,35.43730417786343,35.95858821268886,39643400
2023-09-07,37.55194091796875,37.70930877467065,36.145464057219264,36.22414986154304,67659700
2023-09-08,37.384735107421875,38.19124958635702,37.08967084787984,37.492926211374595,44255200
2023-09-11,37.955196380615234,38.10273038812013,37.217533846982086,37.61095536569803,36349300
2023-09-12,38.220760345458984,39.410855155018375,38.01421570947519,38.01421570947519,55326600
2023-09-13,38.07322311401367,38.50598755520661,37.62079097271727,38.161742772262606,35407800
2023-09-14,38.033878326416016,38.26009813780729,37.66996586139009,38.17157848394199,30616500
2023-09-15,37.256874084472656,37.88634546783916,37.00114899001414,37.78798821922227,68881200
2023-09-18,37.36506652832031,37.758484281127345,36.892959221839014,37.00115032324325,29322200
2023-09-19,35.742210388183594,37.473256894153685,35.42747465982539,37.41424629005267,53288100
2023-09-20,34.11935043334961,35.653689886763196,34.06033983064438,35.62418458541059,57660800
2023-09-21,34.08000946044922,34.67013796763067,33.893132556683504,34.00132365845407,45240600
2023-09-22,33.617740631103516,34.316060258283514,33.578397729078986,34.237378206180104,29232700
2023-09-25,33.725929260253906,33.804611306582146,33.21448282731153,33.440698869430115,21729400
2023-09-26,33.273502349853516,34.20787196199683,33.08662542586809,33.57840048571023,34198300
2023-09-27,34.040672302246094,34.25705454229174,33.32268112166737,33.36202027735607,44369100
2023-09-28,34.60129165649414,35.073395238410804,33.8144523532997,34.080011321617654,32265300
2023-09-29,34.96520233154297,35.31928093774724,34.58161842547019,35.06355958434724,28763700
2023-10-02,34.87668228149414,35.388128734395956,34.40457872926451,35.024216283042065,26086200
2023-10-03,35.10289764404297,35.93891738317694,34.68980845092264,34.68980845092264,45292600
2023-10-04,35.338951110839844,35.91924574959853,34.748822623128994,35.91924574959853,39842200
2023-10-05,35.29960632324219,35.5061509077,35.014375943593656,35.37829211843291,25771200
2023-10-06,35.59467697143555,35.860235950184574,34.601293015622566,35.27994123779504,33262200
2023-10-09,35.466819763183594,35.575007128059525,34.91603032842892,35.112741108837454,19376100
2023-10-10,35.830726623535156,36.135628472732584,35.220926677085785,35.54549622447423,24044100
2023-10-11,36.2733268737793,36.42085713002743,35.781551849060826,36.017601759836104,19262600
2023-10-12,36.23398208618164,36.60773213606729,35.79138383657303,36.1946391857841,23639200
2023-10-13,35.3782958984375,36.184806625588166,35.27010479446316,36.13562987431227,28390100
2023-10-16,35.95859146118164,36.3323377817168,35.4864878837064,35.54549848592473,29555800
2023-10-17,35.466819763183594,35.752046455232595,34.4931034637317,35.32911959053538,24993600
2023-10-18,35.05372619628906,35.42747629797615,34.86685302141852,34.935701230683776,22086000
2023-10-19,35.083229064941406,35.76188101195215,34.93569880615984,35.36845948464315,29201800
2023-10-20,34.34556198120117,35.68319049513508,34.29638523476586,35.06355673654869,32303300
2023-10-23,33.29316711425781,34.611124308475915,32.84073499957213,34.03082963896319,53924700
2023-10-24,34.020999908447266,34.13902487614475,33.08662651363912,33.08662651363912,52673900
2023-10-25,32.28995132446289,33.88330142311442,32.01455474735268,33.61774244801486,44658500
2023-10-26,31.98504638671875,32.67353213574068,31.62113393798613,32.34895883545136,59142500
2023-10-27,34.95537185668945,35.78155410027395,34.03083235080565,34.089846708185235,84128200
2023-10-30,35.10289764404297,35.36845659045408,34.34556370471026,34.886519198480364,36656300
2023-10-31,35.899574279785156,35.968422478248286,35.034049246604525,35.073392146282146,41185200
2023-11-01,36.67658233642578,36.706087637360646,35.68319468290073,35.899576894944936,41710700
2023-11-02,37.079837799072266,37.197862755048476,36.302832355675335,36.961812843096055,35440000
2023-11-03,37.512596130371094,37.689635429255695,37.05032643306735,37.37489973167095,30502700
2023-11-06,37.448455810546875,37.69515182541967,37.349775146028286,37.51753039356866,23877200
2023-11-07,38.25761795043945,38.38590093053691,37.47805764995227,37.73462361014718,32052000
2023-11-08,37.418853759765625,38.37603560514898,37.251102258437705,38.336563335089636,33483400
2023-11-09,37.30044174194336,38.010927565462474,37.270839420724386,37.54713779018939,48955800
2023-11-10,38.346435546875,38.474718549994094,37.73463038199507,37.73463038199507,38862500
2023-11-13,37.72475814819336,38.060264914615274,37.63594742283806,37.84317119390614,24558300
2023-11-14,38.889163970947266,38.96810851136614,37.56687303319415,38.28722502524342,45457400
2023-11-15,40.07330322265625,40.300263115751136,39.05691679612642,39.0667829809207,47392100
2023-11-16,42.77709197998047,42.82643419957941,40.280529251014535,40.45815070157873,86405700
2023-11-17,43.231014251708984,43.231014251708984,41.99753408460766,42.34290702568293,49735000
2023-11-20,44.14872360229492,44.33621123172494,43.20140797728784,43.20140797728784,44564900
2023-11-21,43.063262939453125,44.06978329979618,42.72775615267211,43.911897974504114,37252100
2023-11-22,43.09286117553711,44.04017680174799,42.96458194884538,43.44810406483085,31481200
2023-11-24,43.3790283203125,43.41850058791116,43.0336553895308,43.10272997568714,13037100
2023-11-27,43.4974479675293,43.96123396715262,43.07313047380296,43.07313047380296,33339900
2023-11-28,43.64546203613281,43.79348116276332,43.082995377789274,43.11259769740228,24548900
2023-11-29,44.3460807800293,44.74079596740847,44.010574000041906,44.010574000041906,38982000
2023-11-30,44.1092529296875,44.49409815176386,43.82308461840098,44.05991447429258,46263000
2023-12-01,43.16194152832031,43.77374666363665,42.29357039916354,43.77374666363665,43928400
2023-12-04,41.79030990600586,42.737625611140786,41.13903247613481,42.72775566101437,50417600
2023-12-05,41.365989685058594,41.731102530170645,41.06008900826224,41.35612349986118,31859300
2023-12-06,40.72458267211914,42.027137460168056,40.6259019977016,41.91859060045017,31992300
2023-12-07,41.59295654296875,41.87912110704372,40.63577464121815,41.19824134769675,29118700
2023-12-08,42.135684967041016,42.39224719590146,41.257447654791754,41.28704997543026,42815000
2023-12-11,43.95136642456055,44.138854055701096,42.51066248602941,42.58960325966863,48288200
2023-12-12,43.45797348022461,43.852684869037354,43.05339214222901,43.773744096987876,31452200
2023-12-13,43.98097229003906,44.12899142843519,42.75736196785886,43.4974501312734,35216100
2023-12-14,44.582908630371094,46.44793008966711,44.05991423037119,44.41515336581766,70620800
2023-12-15,45.549957275390625,46.64528830971267,45.06643137433316,45.33286355275876,84583400
2023-12-18,45.08616256713867,45.619026865577,44.799998049191395,45.54008609781714,27895700
2023-12-19,46.04335021972656,46.06308635526833,44.908546893913886,44.99735762171038,35358800
2023-12-20,45.155242919921875,46.32951851625015,45.096038277608145,46.023614061925066,38159100
2023-12-21,46.457801818847656,46.497270325887236,45.411809214497815,45.865729041858266,28320500
2023-12-22,47.365638732910156,47.52352404478188,46.57621217355154,46.625550627708435,30095700
2023-12-26,49.83259963989258,49.852335774632216,48.06625510566455,48.27347887400653,60287400
2023-12-27,50.08916091918945,50.60228911990351,49.52669426469732,49.96088169222299,52148000
2023-12-28,49.724056243896484,50.197712217786155,49.497096325008705,50.13850757372686,27705200
2023-12-29,49.58590316772461,49.9016737922272,49.11224723097072,49.63524162200012,29288700
2024-01-02,47.16828536987305,48.72740625777313,46.82291239560814,48.54978479549887,45905700
2024-01-03,46.428192138671875,47.178150178605605,46.18149610842996,46.47753059186372,35858400
2024-01-04,46.25057601928711,46.53674435073411,44.64212042725696,45.11577640812625,47797800
2024-01-05,46.27030944824219,47.19788898358277,46.02361340404019,46.408458630710044,34344000
2024-01-08,47.809696197509766,48.11559689647681,46.349256004061985,46.44793292031915,42135100
2024-01-09,47.41497802734375,47.91824005579795,47.16828198790462,47.37550575760561,30097000
2024-01-10,46.842647552490234,47.66167648760095,46.31964936260299,47.602471844269466,31480200
2024-01-11,47.01039505004883,47.207752627642286,46.112421648067155,46.81303747245537,31707900
2024-01-12,46.49726486206055,47.039995353979776,45.994006636825546,46.97092076942365,27587900
2024-01-16,46.43806838989258,46.595953720102386,45.767054795430106,46.35912384264608,43720700
2024-01-17,45.45127868652344,45.80651781369869,45.04669734109243,45.80651781369869,33488000
2024-01-18,46.122291564941406,46.94132042959796,45.55982115169575,46.408456099754304,46681300
2024-01-19,47.51365661621094,48.115591764024586,45.82625291965619,46.37885337888682,55979800
2024-01-22,47.582733154296875,48.520175090034456,47.01039653759373,48.2044044616061,45639500
2024-01-23,48.24387741088867,48.29321586647265,46.6946265669979,47.48405314919019,37224100
2024-01-24,48.44123458862305,49.1122481188933,47.6320718781706,48.520175364034515,49375800
2024-01-25,48.89515686035156,49.63524501796823,48.32282397588851,49.33921050777817,84845100
2024-01-26,43.07312774658203,44.80986611742092,42.77708950325992,43.5961221183612,127665300
2024-01-29,43.260616302490234,43.40863542733626,42.24422985568122,43.1323333119092,51790900
2024-01-30,42.35277557373047,43.24088284930683,42.32317325263891,43.09286371528312,47958800
2024-01-31,42.51066207885742,43.21127790693192,41.80017630149584,42.00740006513206,51584200
2024-02-01,42.786964416503906,42.99418819944557,41.92846319840053,42.57974063356224,38819900
2024-02-02,42.0369987487793,42.56986303571472,41.05021470524662,42.43171387190532,53683500
2024-02-05,42.20475769042969,42.57973671381655,41.869250935669385,42.05673856522146,28890300
2024-02-06,42.29877853393555,42.3383627277486,41.70497032294128,42.259190564805955,34068200
2024-02-07,42.33836364746094,42.65505985674417,42.11073848299591,42.44722867727391,34269200
2024-02-08,42.061256408691406,42.52640562884181,41.89301319520865,42.278986473496566,33206500
2024-02-09,42.862892150878906,43.07072331744834,41.96228665376166,42.1107358690328,51193000
2024-02-12,43.57545852661133,44.57503398469183,42.87278906222066,42.94206612066388,51107300
2024-02-13,42.714439392089844,43.17958857482636,42.31856726525242,42.55609129641815,36622200
2024-02-14,43.73380661010742,43.83277653306883,42.94206610299881,43.36762733344154,36186200
2024-02-15,43.595252990722656,44.802659637413264,43.56556390115373,44.29792246284209,44024500
2024-02-16,43.060829162597656,43.76350244978494,42.67485587510025,43.57546147103312,29975300
2024-02-20,44.060401916503906,44.703689430093235,42.97175541030291,43.80308389081493,61514100
2024-02-21,43.021244049072266,44.22864696301597,42.6352707698016,44.020815778072794,57485200
2024-02-22,42.53630065917969,44.218751667634606,42.090945425277404,44.218751667634606,62809300
2024-02-23,42.54619598388672,43.060824460813436,42.21960091454698,42.68475009500671,33810700
2024-02-26,42.54619598388672,43.22907143525656,42.3779490094436,43.05092935658332,27035400
2024-02-27,42.28887939453125,42.82330564855216,42.07114934097092,42.803511664108804,25126400
2024-02-28,41.5565185546875,42.011768845825976,41.477342621281004,42.001869966492016,26928500
2024-02-29,42.60557556152344,42.704545483662436,41.922700087688604,41.93259519224425,48875100
2024-03-01,43.36763000488281,43.812985247351655,42.684754483308424,42.96186273403715,41426100
2024-03-04,45.13915252685547,46.12882917502045,43.39731951190769,43.812985667301724,59990800
2024-03-05,42.714439392089844,44.406785372452866,42.249290209353326,44.09998806070443,56655100
2024-03-06,44.05050277709961,45.04017935400904,43.11031304928887,43.476492325656736,52652000
2024-03-07,45.67357635498047,45.94078571326764,44.71358885003174,45.07976813297767,50378200
2024-03-08,43.54576873779297,46.14861915352694,43.54576873779297,45.960578190502105,54916600
2024-03-11,44.39689254760742,44.46616960706335,43.20927988143693,43.4171110598047,35051000
2024-03-12,44.772972106933594,44.80266119753635,44.00102177341143,44.59483001268361,31795800
2024-03-13,42.78371810913086,44.51565212448583,42.75402901982607,44.0505029236892,53195900
2024-03-14,42.30867385864258,42.90247829740919,42.07114981794601,42.783718164719176,38100000
2024-03-15,42.199806213378906,42.70454335281141,41.912799116471504,42.011769033672145,66952900
2024-03-18,42.26908874511719,42.93217406267901,42.16022370974758,42.64516692858036,27668300
2024-03-19,41.61589813232422,41.853422165234505,41.01219483335548,41.81383419719672,34673000
2024-03-20,41.76435089111328,42.5659864751525,40.98250551566579,42.54619626656077,74865000
2024-03-21,41.982078552246094,43.149897214242884,41.883112404748005,42.546197673998094,50807600
2024-03-22,42.130531311035156,42.35815646924932,41.65548701015561,41.81383511044879,28503100
2024-03-25,41.39817428588867,41.78414755859529,40.15117964680319,40.46787585904025,47276500
2024-03-26,41.5565185546875,41.83362677097765,41.229923492360136,41.51693058798425,39109700
2024-03-27,43.318145751953125,43.37752770777571,42.061256001916675,42.100843972465064,51017800
2024-03-28,43.714012145996094,44.139573371770645,43.25876183131705,43.30824490459669,54204200
2024-04-01,44.060401916503906,44.94121347108948,43.72391172736055,43.832776755512306,31712600
2024-04-02,43.486385345458984,43.62494323084944,43.05092903160946,43.47649024130356,32748400
2024-04-03,39.91366195678711,41.22003486058666,39.80479691891767,40.97261569281679,83718000
2024-04-04,39.31985092163086,40.3590105980652,39.29016183168939,40.170973402908174,57307200
2024-04-05,38.31038284301758,39.0526403426771,38.11244675471166,38.943775305343,67263000
2024-04-08,37.58791732788086,38.4588338048539,37.518640266960844,38.24110374178147,56967800
2024-04-09,37.934303283691406,38.18172241669127,36.94462675169194,37.65719128751643,78671700
2024-04-10,36.81597137451172,37.82544198969589,36.63782927916647,37.62750590872153,51108400
2024-04-11,37.24153137207031,37.28111556667766,36.697209999223986,37.04359529776712,41909100
2024-04-12,35.321556091308594,36.32113156006494,35.23248504731364,36.311232680000735,80254800
2024-04-15,35.935157775878906,36.32113103584749,35.519491651462836,35.66794464775069,50751600
2024-04-16,35.88566970825195,36.13308884345184,35.390831437852185,35.895568587837126,30607500
2024-04-17,35.31166076660156,35.757015983802184,35.00485966690412,35.727323119111105,41173300
2024-04-18,34.67826843261719,35.29186685801872,34.41105530172058,35.054342816560656,42334400
2024-04-19,33.84693908691406,34.76733858919146,33.82714510268787,34.76733858919146,59070300
2024-04-22,34.054771423339844,34.213119527250065,33.72818011072603,34.06466652813322,39909900
2024-04-23,33.92611312866211,34.242809343199326,33.82714697736298,33.98549508463159,46834000
2024-04-24,34.14384078979492,34.816821142169815,33.9854926936665,34.50012494991297,53261100
2024-04-25,34.74754333496094,34.93558051526241,34.14384005173473,34.203222002242924,66549400
2024-04-26,31.55088996887207,31.907176045518334,30.323691180607266,31.45192381651619,119742500
2024-04-29,31.036258697509766,31.580580070998817,30.74925157819707,31.531096996193742,58533300
2024-04-30,30.155445098876953,30.858116461249818,30.105962024307132,30.719562342327688,72346400
2024-05-01,30.05647850036621,30.719561883042896,29.710091320581384,29.858542429729663,60654800
2024-05-02,30.195032119750977,30.353380218588107,29.87833592207671,30.274206169169542,50899400
2024-05-03,30.581005096435547,30.739353193831782,30.383070918519365,30.660179145133664,36794800
2024-05-06,30.774776458740234,31.003328068462462,30.536289553022886,30.923832433223346,36185600
2024-05-07,30.486604690551758,31.251751344198457,30.417046248461222,30.894020047360957,44683400
2024-05-08,29.81089210510254,29.959946186562956,29.5425936212785,29.81089210510254,63734600
2024-05-09,29.90032386779785,30.198432020098114,29.622088202412307,29.741332600527656,45003400
2024-05-10,29.66183853149414,30.267992059188092,29.65190133984991,30.138812358464122,42931300
2024-05-13,30.317676544189453,30.933767233590086,29.810891166912885,29.84070274039695,51459100
2024-05-14,30.854272842407227,30.913895991776922,30.417047785649103,30.42698497721072,47759900
2024-05-15,31.072887420654297,31.202067120946793,30.615786083174033,31.182192737724716,36992900
2024-05-16,31.828094482421875,32.056644199568396,31.32131098625367,31.430616301444132,47752800
2024-05-17,31.629356384277344,31.907592059017553,31.390869475353796,31.8579079970722,41449800
2024-05-20,31.897653579711914,32.21563613099912,31.55979854046339,31.649231369928607,31989000
2024-05-21,31.5399227142334,32.036772797045785,31.420680210618762,31.77840961678809,42975400
2024-05-22,31.221940994262695,31.867843275827525,30.90395844920465,31.708852003298507,36706400
2024-05-23,29.8903865814209,31.37099393773446,29.68171125454082,31.25175143532453,62014500
2024-05-24,30.526351928710938,30.82446197812326,29.94007091639133,30.099064079939822,42434500
2024-05-28,30.86421012878418,31.172257382164105,30.466731941725964,30.744967620329465,36799100
2024-05-29,29.94007110595703,30.476668061101428,29.920198618797393,30.277928026901556,35848600
2024-05-30,29.99969482421875,30.307740177296864,29.870513230933255,30.019567311756507,33351000
2024-05-31,30.655534744262695,30.76484006095746,29.75127115934644,30.029504942197292,95797500
2024-06-03,30.099063873291016,30.874145826725712,29.86057507726836,30.83439895760554,35544900
2024-06-04,29.8407039642334,30.556164699264862,29.75127113543878,30.556164699264862,51027200
2024-06-05,30.585975646972656,30.645596899838363,29.820828969781854,30.079190259300518,44161700
2024-06-06,30.22824478149414,30.397173246523653,29.96988348819456,30.35742448048119,34248100
2024-06-07,30.546226501464844,30.585975266431074,30.019566737614863,30.059315502581093,34085500
2024-06-10,30.71515464782715,30.75490341238691,30.099063959754154,30.35742334809095,37396500
2024-06-11,30.7250919342041,30.834399141756844,30.337550955172254,30.57603785729381,25326900
2024-06-12,30.56610107421875,31.281561790135704,30.198432577294135,31.26168740752887,51323900
2024-06-13,30.26799201965332,30.387236423902817,29.950009468755333,30.18849638192882,33787200
2024-06-14,30.258056640625,30.36736195761891,30.01956783277801,30.099065365610674,28125900
2024-06-17,30.784713745117188,30.804588127819695,29.989757390271375,30.14874866124054,36235300
2024-06-18,30.436920166015625,31.27162530099019,30.307740466821567,30.79465147966915,33294700
2024-06-20,30.426984786987305,30.913895798509436,30.258056322146935,30.367361637990363,43826300
2024-06-21,30.894020080566406,31.162318553482905,30.476667532249213,30.65553318086021,90795200
2024-06-24,30.37729835510254,31.221940666114026,30.337551485050767,30.943704994449813,40611800
2024-06-25,30.546226501464844,30.635659327313434,30.099064267547327,30.506479631824043,29323600
2024-06-26,30.347488403320312,30.48660529023788,30.079189925414628,30.446856525218326,30743000
2024-06-27,30.397172927856445,30.466731372376067,30.099064766965085,30.228244464597882,30184300
2024-06-28,30.774776458740234,31.11263338233784,30.526352361702315,30.556163935664028,41467700
2024-07-01,30.645597457885742,30.824463115065406,30.417047738300834,30.71515590338328,32401800
2024-07-02,30.874147415161133,31.112634328128223,30.39717358922695,30.66547207706199,35999300
2024-07-03,31.033138275146484,31.14244548620724,30.71515572877935,30.923832959411207,24065700
2024-07-05,31.818159103393555,32.13614164734713,31.112633675586775,31.2020665029894,45309400
2024-07-08,33.77574157714844,33.87510969875,32.613114843025684,32.82179017277948,82315900
2024-07-09,34.3719596862793,34.99798949894323,33.507444853034585,34.79924945469186,97546900
2024-07-10,34.65019226074219,34.7495641747144,33.91485905060243,34.22290250728898,52256200
2024-07-11,33.2888298034668,34.928430399599435,33.10002884981283,34.809184100885474,55213700
2024-07-12,34.27259063720703,35.25634795426933,33.55712801341558,33.55712801341558,62792600
2024-07-15,34.242774963378906,35.00792159998404,34.093722786783545,34.48126375284248,39847900
2024-07-16,34.12353515625,34.232842368767805,33.626686947097056,34.143409539494236,28409900
2024-07-17,34.242774963378906,36.925755839253235,34.18315560900105,35.85256576329393,112304200
2024-07-18,34.65019226074219,36.07117841001198,34.31233533453851,34.73962508799172,84188600
2024-07-19,32.7721061706543,34.362022653681926,32.64292457982029,34.35208356711346,69628700
2024-07-22,33.15964889526367,33.19939766232487,32.55349346485917,33.07021606470152,48503700
2024-07-23,32.7422981262207,33.020531913608885,32.623055616004486,32.75223342263411,29466400
2024-07-24,31.50017547607422,32.59323995949019,31.460426711784343,32.32494148650973,62216700
2024-07-25,30.90395736694336,31.78834652633028,30.754903291082982,31.17225584068728,49774000
2024-07-26,31.152381896972656,31.361057227049322,30.824462167334016,31.23187753157216,38352500
2024-07-29,30.63566017150879,31.27162526588968,30.595913300772725,31.221941203638227,32342200
2024-07-30,29.94007110595703,30.715154964946016,29.820828601697457,30.655533712816226,48256600
2024-07-31,30.546226501464844,30.675408092279664,30.08912707630577,30.34748836260998,56110600
2024-08-01,28.866878509521484,30.516414316046976,28.70788724349436,30.238180548162198,107672500
2024-08-02,21.3445987701416,21.8414469830145,20.291281089542203,21.801700111553938,300895900
2024-08-05,19.983234405517578,20.26146817330116,19.168403693593557,20.072667229540986,147385700
2024-08-06,19.704999923706055,20.4999563012095,19.62550428595571,20.191910941842604,106670400
2024-08-07,18.989999771118164,20.25,18.950000762939453,19.920000076293945,97972300
2024-08-08,20.489999771118164,20.549999237060547,18.84000015258789,19.100000381469727,96836800
2024-08-09,19.709999084472656,20.149999618530273,19.5,20.079999923706055,76394500
2024-08-12,19.360000610351562,19.969999313354492,19.0,19.8700008392334,54677600
2024-08-13,20.469999313354492,20.479999542236328,19.469999313354492,19.479999542236328,77511300
2024-08-14,19.920000076293945,20.5,19.790000915527344,20.489999771118164,56758200
2024-08-15,20.690000534057617,21.059999465942383,20.229999542236328,20.31999969482422,84814900
2024-08-16,20.8700008392334,20.899999618530273,20.40999984741211,20.530000686645508,48582700
2024-08-19,21.520000457763672,21.860000610351562,20.84000015258789,20.889999389648438,65956300
2024-08-20,20.989999771118164,21.229999542236328,20.81999969482422,21.209999084472656,84161300
2024-08-21,21.40999984741211,21.440000534057617,21.06999969482422,21.06999969482422,57028900
2024-08-22,20.100000381469727,21.399999618530273,20.040000915527344,21.389999389648438,81444700
2024-08-23,20.540000915527344,20.93000030517578,20.260000228881836,20.31999969482422,73398400
2024-08-26,20.1299991607666,20.559999465942383,19.950000762939453,20.530000686645508,58534800
2024-08-27,20.06999969482422,20.260000228881836,19.84000015258789,20.1299991607666,43862000
2024-08-28,19.610000610351562,20.110000610351562,19.510000228881836,19.979999542236328,50144900
2024-08-29,20.1299991607666,20.600000381469727,19.75,19.760000228881836,64529700
2024-08-30,22.040000915527344,22.1200008392334,21.0,21.25,177785400
2024-09-03,20.100000381469727,21.690000534057617,19.989999771118164,21.540000915527344,115305500
2024-09-04,19.43000030517578,20.049999237060547,19.280000686645508,19.760000228881836,85871900
2024-09-05,19.399999618530273,19.899999618530273,19.239999771118164,19.280000686645508,65388800
2024-09-06,18.889999389648438,19.489999771118164,18.639999389648438,19.440000534057617,92686500
2024-09-09,19.06999969482422,19.540000915527344,18.950000762939453,19.0,64244100
2024-09-10,18.979999542236328,19.110000610351562,18.510000228881836,19.030000686645508,55621300
2024-09-11,19.639999389648438,19.690000534057617,18.520000457763672,19.010000228881836,71403100
2024-09-12,19.360000610351562,19.540000915527344,19.040000915527344,19.43000030517578,51520600
2024-09-13,19.65999984741211,19.799999237060547,19.489999771118164,19.489999771118164,44236300
2024-09-16,20.90999984741211,21.06999969482422,19.760000228881836,20.030000686645508,149337000
2024-09-17,21.469999313354492,22.579999923706055,21.239999771118164,21.709999084472656,196249800
2024-09-18,20.770000457763672,21.739999771118164,20.719999313354492,21.360000610351562,118727900
2024-09-19,21.139999389648438,21.690000534057617,21.030000686645508,21.280000686645508,99829200
2024-09-20,21.84000015258789,23.139999389648438,20.350000381469727,20.889999389648438,260377900
2024-09-23,22.559999465942383,22.81999969482422,22.030000686645508,22.43000030517578,184439100
2024-09-24,22.809999465942383,23.110000610351562,22.290000915527344,22.530000686645508,113082500
2024-09-25,23.540000915527344,24.059999465942383,22.729999542236328,22.799999237060547,117013400
2024-09-26,23.920000076293945,24.420000076293945,23.25,24.280000686645508,95416900
2024-09-27,23.90999984741211,24.65999984741211,23.700000762939453,24.15999984741211,85883300
2024-09-30,23.459999084472656,23.950000762939453,23.09000015258789,23.739999771118164,66308200
2024-10-01,22.690000534057617,23.719999313354492,22.260000228881836,23.459999084472656,86344400
2024-10-02,22.389999389648438,23.06999969482422,22.350000381469727,22.670000076293945,59033900
2024-10-03,22.260000228881836,22.729999542236328,21.649999618530273,22.139999389648438,49565900
2024-10-04,22.59000015258789,22.90999984741211,22.299999237060547,22.700000762939453,49845500
2024-10-07,22.3799991607666,22.649999618530273,22.020000457763672,22.399999618530273,54928700
2024-10-08,23.31999969482422,23.420000076293945,22.049999237060547,22.25,58650500
2024-10-09,23.459999084472656,23.479999542236328,23.059999465942383,23.25,44759000
2024-10-10,23.219999313354492,23.530000686645508,22.959999084472656,23.190000534057617,44874600
2024-10-11,23.559999465942383,23.81999969482422,22.979999542236328,23.049999237060547,43585300
2024-10-14,23.440000534057617,23.770000457763672,23.270000457763672,23.579999923706055,35403600
2024-10-15,22.65999984741211,23.719999313354492,22.469999313354492,23.40999984741211,68900600
2024-10-16,22.309999465942383,22.540000915527344,21.739999771118164,22.3799991607666,62151800
2024-10-17,22.440000534057617,22.81999969482422,22.399999618530273,22.719999313354492,43807600
2024-10-18,22.770000457763672,22.81999969482422,22.5,22.610000610351562,39971700
2024-10-21,22.84000015258789,22.8799991607666,22.25,22.610000610351562,39727000
2024-10-22,22.399999618530273,22.81999969482422,22.170000076293945,22.729999542236328,50160400
2024-10-23,21.979999542236328,22.43000030517578,21.579999923706055,22.299999237060547,45799100
2024-10-24,22.34000015258789,22.3700008392334,21.969999313354492,22.09000015258789,40554400
2024-10-25,22.68000030517578,23.34000015258789,22.40999984741211,22.420000076293945,67503000
2024-10-28,22.920000076293945,23.270000457763672,22.559999465942383,22.670000076293945,41915000
2024-10-29,22.899999618530273,23.139999389648438,22.40999984741211,22.8700008392334,83422200
2024-10-30,22.299999237060547,22.93000030517578,22.260000228881836,22.420000076293945,50941200
2024-10-31,21.520000457763672,22.25,21.469999313354492,22.149999618530273,112485500
2024-11-01,23.200000762939453,23.579999923706055,21.90999984741211,23.0,173471100
2024-11-04,22.520000457763672,23.0,22.0,22.959999084472656,84616300
2024-11-05,23.31999969482422,23.579999923706055,22.399999618530273,22.579999923706055,59153300
2024-11-06,25.049999237060547,25.1200008392334,24.049999237060547,24.299999237060547,116760500
2024-11-07,26.229999542236328,26.3799991607666,25.190000534057617,25.43000030517578,101489300
2024-11-08,26.200000762939453,26.43000030517578,25.829999923706055,26.0,76428000
2024-11-11,25.049999237060547,26.290000915527344,24.829999923706055,25.959999084472656,80185300
2024-11-12,24.15999984741211,24.959999084472656,23.889999389648438,24.65999984741211,62539700
2024-11-13,24.920000076293945,25.139999389648438,24.020000457763672,24.059999465942383,58202000
2024-11-14,25.030000686645508,25.610000610351562,24.93000030517578,25.1200008392334,49252100
2024-11-15,24.350000381469727,24.81999969482422,24.229999542236328,24.809999465942383,55104900
2024-11-18,24.84000015258789,25.020000457763672,24.15999984741211,24.329999923706055,59589500
2024-11-19,24.200000762939453,24.540000915527344,24.100000381469727,24.5,61190900
2024-11-20,24.010000228881836,24.209999084472656,23.549999237060547,24.06999969482422,50191500
2024-11-21,24.440000534057617,24.770000457763672,23.829999923706055,24.079999923706055,58928400
2024-11-22,24.5,24.68000030517578,24.139999389648438,24.350000381469727,36784700
2024-11-25,24.8700008392334,25.56999969482422,24.760000228881836,25.040000915527344,91128400
2024-11-26,24.049999237060547,24.989999771118164,23.809999465942383,24.950000762939453,69613600
2024-11-27,23.649999618530273,23.93000030517578,23.059999465942383,23.829999923706055,53992300
2024-11-29,24.049999237060547,24.280000686645508,23.600000381469727,23.719999313354492,36616800
2024-12-02,23.93000030517578,25.479999542236328,23.440000534057617,24.84000015258789,150497900
2024-12-03,22.469999313354492,23.75,22.440000534057617,23.68000030517578,138160500
2024-12-04,21.959999084472656,22.540000915527344,21.809999465942383,22.530000686645508,104649000
2024-12-05,20.799999237060547,22.190000534057617,20.65999984741211,22.040000915527344,167993500
2024-12-06,20.920000076293945,21.049999237060547,20.65999984741211,20.950000762939453,78539100
2024-12-09,20.809999465942383,21.059999465942383,20.729999542236328,20.920000076293945,68818200
2024-12-10,20.15999984741211,20.860000610351562,19.959999084472656,20.829999923706055,90004800
2024-12-11,20.1200008392334,20.25,19.8700008392334,20.139999389648438,75209300
2024-12-12,20.780000686645508,20.899999618530273,19.920000076293945,20.020000457763672,77695000
2024-12-13,20.34000015258789,20.799999237060547,20.25,20.600000381469727,55104100
2024-12-16,20.829999923706055,21.100000381469727,20.0,20.170000076293945,73832900
2024-12-17,20.440000534057617,20.770000457763672,20.290000915527344,20.639999389648438,51767200
2024-12-18,19.299999237060547,20.579999923706055,19.209999084472656,20.479999542236328,86041200
2024-12-19,19.059999465942383,19.690000534057617,19.030000686645508,19.530000686645508,69117800
2024-12-20,19.520000457763672,19.760000228881836,18.899999618530273,18.969999313354492,108453700
2024-12-23,20.200000762939453,20.229999542236328,19.520000457763672,19.579999923706055,57988400
2024-12-24,20.399999618530273,20.399999618530273,19.959999084472656,20.219999313354492,29884000
2024-12-26,20.440000534057617,20.670000076293945,20.079999923706055,20.229999542236328,39846200
2024-12-27,20.299999237060547,20.610000610351562,20.09000015258789,20.209999084472656,48260800
2024-12-30,19.81999969482422,20.110000610351562,19.729999542236328,20.010000228881836,59608100
2024-12-31,20.049999237060547,20.399999618530273,19.8799991607666,19.989999771118164,49846700
2025-01-02,20.219999313354492,20.43000030517578,20.0,20.229999542236328,46438500
2025-01-03,20.559999465942383,20.670000076293945,20.059999465942383,20.389999389648438,48983900
2025-01-06,19.8700008392334,20.979999542236328,19.780000686645508,20.829999923706055,83271000
2025-01-07,20.010000228881836,20.34000015258789,19.899999618530273,20.020000457763672,61726100
2025-01-08,19.8799991607666,20.1200008392334,19.709999084472656,19.829999923706055,47897100
2025-01-10,19.149999618530273,19.65999984741211,18.90999984741211,19.65999984741211,71244600
2025-01-13,19.200000762939453,19.25,18.729999542236328,18.920000076293945,50669000
2025-01-14,19.200000762939453,19.520000457763672,18.81999969482422,19.360000610351562,47147500
2025-01-15,19.719999313354492,19.770000457763672,19.170000076293945,19.399999618530273,56306000
2025-01-16,19.670000076293945,19.950000762939453,19.399999618530273,19.75,44898100
2025-01-17,21.489999771118164,21.6200008392334,20.790000915527344,21.260000228881836,166483900
2025-01-21,21.770000457763672,22.40999984741211,21.75,22.030000686645508,96262200
2025-01-22,21.860000610351562,22.290000915527344,21.56999969482422,21.729999542236328,60972600
2025-01-23,21.56999969482422,21.75,21.350000381469727,21.690000534057617,55778200
2025-01-24,20.829999923706055,21.40999984741211,20.75,21.360000610351562,66300600
2025-01-27,20.290000915527344,21.059999465942383,20.139999389648438,20.809999465942383,83582100
2025-01-28,19.799999237060547,20.34000015258789,19.739999771118164,20.34000015258789,73411400
2025-01-29,19.75,20.079999923706055,19.65999984741211,19.8700008392334,86506800
2025-01-30,20.010000228881836,20.100000381469727,19.43000030517578,19.719999313354492,108167000
2025-01-31,19.43000030517578,20.329999923706055,19.3799991607666,20.100000381469727,117081700
2025-02-03,19.3799991607666,19.75,18.780000686645508,18.969999313354492,77523100
2025-02-04,19.290000915527344,19.530000686645508,19.020000457763672,19.100000381469727,54098200
2025-02-05,19.649999618530273,19.770000457763672,18.90999984741211,19.190000534057617,66059200
2025-02-06,19.3799991607666,19.700000762939453,19.219999313354492,19.510000228881836,45553800
2025-02-07,19.100000381469727,19.360000610351562,19.030000686645508,19.350000381469727,58277900
2025-02-10,19.770000457763672,20.079999923706055,19.239999771118164,19.25,73007300
2025-02-11,20.969999313354492,21.8799991607666,19.860000610351562,19.8700008392334,150960700
2025-02-12,22.479999542236328,22.559999465942383,20.93000030517578,21.979999542236328,162631200
2025-02-13,24.1299991607666,24.829999923706055,22.790000915527344,22.84000015258789,248661300
2025-02-14,23.600000381469727,25.190000534057617,22.860000610351562,24.360000610351562,230254100
2025-02-18,27.389999389648438,27.549999237060547,24.489999771118164,24.600000381469727,284292200
2025-02-19,25.719999313354492,26.329999923706055,25.459999084472656,25.979999542236328,151881700
2025-02-20,26.09000015258789,26.1200008392334,24.479999542236328,25.559999465942383,144939600
2025-02-21,24.8700008392334,26.290000915527344,24.84000015258789,25.959999084472656,111630900
2025-02-24,24.270000457763672,24.799999237060547,23.6200008392334,24.549999237060547,91358100
2025-02-25,22.989999771118164,24.280000686645508,22.770000457763672,24.209999084472656,88886500
2025-02-26,23.520000457763672,23.81999969482422,23.209999084472656,23.25,67449300
2025-02-27,23.09000015258789,24.399999618530273,23.06999969482422,23.700000762939453,97871900
2025-02-28,23.729999542236328,24.440000534057617,22.639999389648438,23.020000457763672,104133800
2025-03-03,22.739999771118164,25.040000915527344,22.520000457763672,25.0,141348700
2025-03-04,21.329999923706055,22.6299991607666,20.760000228881836,22.540000915527344,152182200
2025-03-05,20.809999465942383,21.360000610351562,20.18000030517578,21.329999923706055,127219300
2025-03-06,20.75,21.1299991607666,20.0,20.260000228881836,96466400
2025-03-07,20.639999389648438,21.200000762939453,20.110000610351562,20.270000457763672,81099600
2025-03-10,19.93000030517578,20.510000228881836,19.649999618530273,20.239999771118164,82760600
2025-03-11,19.780000686645508,20.059999465942383,19.290000915527344,19.969999313354492,80789000
2025-03-12,20.68000030517578,21.170000076293945,20.209999084472656,20.790000915527344,128671100
2025-03-13,23.700000762939453,24.530000686645508,23.1299991607666,23.5,243261000
2025-03-14,24.049999237060547,24.3700008392334,23.520000457763672,23.68000030517578,116901600
2025-03-17,25.690000534057617,26.149999618530273,24.3700008392334,24.420000076293945,160723600
2025-03-18,25.920000076293945,26.40999984741211,25.389999389648438,25.549999237060547,132488800
2025-03-19,24.1200008392334,25.229999542236328,24.030000686645508,24.899999618530273,135491400
2025-03-20,23.959999084472656,24.309999465942383,23.729999542236328,23.770000457763672,68937600
2025-03-21,24.260000228881836,24.700000762939453,23.489999771118164,23.600000381469727,94110700
2025-03-24,24.219999313354492,24.989999771118164,24.1299991607666,24.719999313354492,69169000
2025-03-25,24.200000762939453,24.75,24.110000610351562,24.18000030517578,51743300
2025-03-26,23.420000076293945,24.420000076293945,23.25,24.25,59496700
2025-03-27,23.6200008392334,23.760000228881836,22.860000610351562,23.290000915527344,57720600
2025-03-28,22.709999084472656,23.579999923706055,22.559999465942383,23.350000381469727,58365300
2025-03-31,22.709999084472656,22.75,21.75,22.3799991607666,65832000
2025-04-01,22.049999237060547,22.6200008392334,21.65999984741211,22.559999465942383,64060400
2025-04-02,21.979999542236328,22.3799991607666,21.700000762939453,21.889999389648438,58878800
2025-04-03,22.43000030517578,23.899999618530273,20.860000610351562,21.399999618530273,242972100
2025-04-04,19.850000381469727,22.200000762939453,19.700000762939453,21.700000762939453,175014700
2025-04-07,19.56999969482422,20.670000076293945,18.559999465942383,19.139999389648438,142491200
2025-04-08,18.1299991607666,20.389999389648438,17.670000076293945,20.059999465942383,163982700
2025-04-09,21.530000686645508,21.729999542236328,17.979999542236328,18.06999969482422,224183500
2025-04-10,19.8799991607666,20.81999969482422,19.15999984741211,20.68000030517578,129064900
2025-04-11,19.739999771118164,19.799999237060547,18.18000030517578,19.25,128425800
2025-04-14,20.309999465942383,21.049999237060547,19.979999542236328,20.59000015258789,101964400
2025-04-15,19.850000381469727,20.469999313354492,19.809999465942383,20.200000762939453,64056900
2025-04-16,19.229999542236328,19.43000030517578,18.719999313354492,19.34000015258789,89469700
2025-04-17,18.93000030517578,19.100000381469727,18.559999465942383,18.90999984741211,85646700
2025-04-21,18.84000015258789,18.989999771118164,18.25,18.93000030517578,72409900
2025-04-22,19.510000228881836,19.739999771118164,19.040000915527344,19.059999465942383,83365600
2025-04-23,20.59000015258789,21.030000686645508,20.309999465942383,20.719999313354492,97188100
2025-04-24,21.489999771118164,21.549999237060547,20.8799991607666,21.040000915527344,117086200
2025-04-25,20.049999237060547,20.18000030517578,19.34000015258789,19.729999542236328,147711200
2025-04-28,20.510000228881836,21.079999923706055,20.049999237060547,20.1200008392334,96624400
2025-04-29,20.34000015258789,20.850000381469727,20.219999313354492,20.309999465942383,70031900
2025-04-30,20.100000381469727,20.18000030517578,19.549999237060547,19.709999084472656,68297300
2025-05-01,19.979999542236328,20.649999618530273,19.940000534057617,20.219999313354492,72607500
2025-05-02,20.6200008392334,20.780000686645508,20.209999084472656,20.260000228881836,63298500
2025-05-05,20.270000457763672,20.579999923706055,20.239999771118164,20.389999389648438,44237000
2025-05-06,19.940000534057617,20.1200008392334,19.770000457763672,19.920000076293945,51330800
2025-05-07,20.309999465942383,20.3700008392334,19.81999969482422,19.969999313354492,61002600
2025-05-08,21.0,21.239999771118164,20.639999389648438,21.010000228881836,71651700
2025-05-09,21.420000076293945,21.450000762939453,20.829999923706055,21.200000762939453,51768600
2025-05-12,22.18000030517578,22.670000076293945,21.8799991607666,22.18000030517578,94578700
2025-05-13,22.559999465942383,22.8799991607666,22.299999237060547,22.360000610351562,76850400
2025-05-14,21.520000457763672,22.459999084472656,21.459999084472656,22.350000381469727,91584800
2025-05-15,21.549999237060547,21.6299991607666,21.190000534057617,21.229999542236328,66705500
2025-05-16,21.65999984741211,21.760000228881836,21.350000381469727,21.530000686645508,55795100
2025-05-19,21.3799991607666,21.559999465942383,21.049999237060547,21.18000030517578,64279100
2025-05-20,21.270000457763672,21.40999984741211,21.1200008392334,21.329999923706055,48497400
2025-05-21,20.690000534057617,21.6299991607666,20.59000015258789,21.190000534057617,62904700
2025-05-22,20.549999237060547,20.899999618530273,20.510000228881836,20.729999542236328,56077500
2025-05-23,20.049999237060547,20.270000457763672,19.940000534057617,20.15999984741211,68206100
2025-05-27,20.549999237060547,20.670000076293945,20.18000030517578,20.440000534057617,69504600
2025-05-28,20.3700008392334,20.639999389648438,20.329999923706055,20.56999969482422,46096500
2025-05-29,20.25,20.600000381469727,20.100000381469727,20.540000915527344,66372200
2025-05-30,19.549999237060547,20.260000228881836,19.309999465942383,20.260000228881836,114281900
2025-06-02,19.739999771118164,19.81999969482422,19.3700008392334,19.479999542236328,67885500
2025-06-03,20.290000915527344,20.40999984741211,19.399999618530273,19.75,80401900
2025-06-04,20.25,20.5,20.010000228881836,20.34000015258789,71166500
2025-06-05,19.989999771118164,20.549999237060547,19.850000381469727,20.270000457763672,72458400
2025-06-06,20.059999465942383,20.440000534057617,20.030000686645508,20.170000076293945,70072800
2025-06-09,20.479999542236328,20.959999084472656,20.219999313354492,20.219999313354492,92893900
2025-06-10,22.079999923706055,22.440000534057617,20.280000686645508,20.5,171457000
2025-06-11,20.68000030517578,21.829999923706055,20.3799991607666,21.780000686645508,146784500
2025-06-12,20.770000457763672,20.979999542236328,20.40999984741211,20.5,78175900
2025-06-13,20.139999389648438,20.600000381469727,20.100000381469727,20.329999923706055,87655900
2025-06-16,20.739999771118164,20.93000030517578,20.299999237060547,20.40999984741211,86745100
2025-06-17,20.799999237060547,21.479999542236328,20.6200008392334,20.6299991607666,87512200
2025-06-18,21.489999771118164,21.600000381469727,20.65999984741211,20.809999465942383,94200600
2025-06-20,21.079999923706055,21.889999389648438,20.8799991607666,21.700000762939453,133472800
2025-06-23,21.190000534057617,21.579999923706055,20.729999542236328,21.06999969482422,81461000
2025-06-24,22.549999237060547,22.690000534057617,21.329999923706055,21.34000015258789,130368700
2025-06-25,22.200000762939453,22.770000457763672,22.1299991607666,22.579999923706055,64975100
2025-06-26,22.5,22.6200008392334,22.209999084472656,22.399999618530273,63229300
2025-06-27,22.690000534057617,23.3799991607666,22.420000076293945,22.709999084472656,95542400
2025-06-30,22.399999618530273,22.969999313354492,22.270000457763672,22.969999313354492,77102400
2025-07-01,22.850000381469727,23.15999984741211,22.280000686645508,22.329999923706055,79094900
2025-07-02,21.8799991607666,22.770000457763672,21.520000457763672,22.530000686645508,138245300
2025-07-03,22.489999771118164,22.6299991607666,21.989999771118164,22.149999618530273,61176000
2025-07-07,22.0,22.389999389648438,21.860000610351562,22.209999084472656,80725200
2025-07-08,23.59000015258789,23.790000915527344,22.1299991607666,22.18000030517578,119545500
2025-07-09,23.440000534057617,23.530000686645508,23.1299991607666,23.290000915527344,70247700
2025-07-10,23.81999969482422,24.040000915527344,23.479999542236328,23.6299991607666,54599800
2025-07-11,23.43000030517578,23.65999984741211,23.15999984741211,23.559999465942383,49367900
2025-07-14,23.299999237060547,23.399999618530273,22.8799991607666,23.239999771118164,48420500
2025-07-15,22.920000076293945,23.780000686645508,22.899999618530273,23.56999969482422,66099400
2025-07-16,22.690000534057617,23.1299991607666,22.25,22.989999771118164,58865900
2025-07-17,22.799999237060547,23.049999237060547,22.59000015258789,22.65999984741211,49384000
2025-07-18,23.100000381469727,23.59000015258789,22.899999618530273,23.219999313354492,60195600
2025-07-21,23.260000228881836,23.829999923706055,23.15999984741211,23.399999618530273,61658000
2025-07-22,23.239999771118164,23.540000915527344,23.079999923706055,23.34000015258789,53969800
2025-07-23,23.489999771118164,23.6200008392334,22.920000076293945,23.260000228881836,68711700
2025-07-24,22.6299991607666,23.579999923706055,22.600000381469727,23.489999771118164,131963300
2025-07-25,20.700000762939453,21.049999237060547,20.360000610351562,20.68000030517578,245077700
2025-07-28,20.68000030517578,21.290000915527344,20.649999618530273,20.81999969482422,86105600
2025-07-29,20.40999984741211,20.850000381469727,20.34000015258789,20.690000534057617,100831500
2025-07-30,20.34000015258789,20.6200008392334,20.079999923706055,20.43000030517578,67420300
2025-07-31,19.799999237060547,20.229999542236328,19.65999984741211,20.170000076293945,90665200
2025-08-01,19.309999465942383,19.549999237060547,18.969999313354492,19.5,86496100
2025-08-04,19.5,19.59000015258789,19.350000381469727,19.520000457763672,69249400
2025-08-05,20.190000534057617,20.540000915527344,19.68000030517578,19.700000762939453,97338200
2025-08-06,20.40999984741211,20.479999542236328,19.8700008392334,20.1200008392334,67074200
2025-08-07,19.770000457763672,20.440000534057617,19.600000381469727,20.0,131382800
2025-08-08,19.950000762939453,20.020000457763672,19.610000610351562,20.0,75415000
2025-08-11,20.649999618530273,21.600000381469727,20.440000534057617,20.450000762939453,175545600
2025-08-12,21.809999465942383,21.860000610351562,20.760000228881836,21.200000762939453,134153600
2025-08-13,22.219999313354492,22.299999237060547,21.360000610351562,21.6200008392334,86024400
2025-08-14,23.860000610351562,24.200000762939453,21.899999618530273,21.989999771118164,188052500
2025-08-15,24.559999465942383,25.649999618530273,24.110000610351562,25.010000228881836,310161100
2025-08-18,23.65999984741211,24.899999618530273,23.209999084472656,24.0,212515600
2025-08-19,25.309999465942383,26.530000686645508,24.940000534057617,24.940000534057617,297659200
2025-08-20,23.540000915527344,24.93000030517578,23.329999923706055,24.899999618530273,161149400
2025-08-21,23.5,23.56999969482422,22.780000686645508,23.530000686645508,97718300
2025-08-22,24.799999237060547,25.229999542236328,23.649999618530273,23.649999618530273,200266800
2025-08-25,24.549999237060547,25.8799991607666,24.440000534057617,25.5,156825600
2025-08-26,24.350000381469727,24.739999771118164,24.100000381469727,24.579999923706055,78558200
2025-08-27,24.850000381469727,24.989999771118164,24.049999237060547,24.190000534057617,90934400
2025-08-28,24.93000030517578,25.139999389648438,24.610000610351562,24.959999084472656,60035100
2025-08-29,24.350000381469727,24.969999313354492,24.280000686645508,24.760000228881836,63734400
2025-09-02,24.209999084472656,24.239999771118164,23.68000030517578,23.8799991607666,57661800
2025-09-03,24.0,24.09000015258789,23.719999313354492,24.09000015258789,47822900
2025-09-04,24.610000610351562,24.639999389648438,23.75,23.850000381469727,59056500
2025-09-05,24.489999771118164,24.709999084472656,24.170000076293945,24.600000381469727,55975300
2025-09-08,24.479999542236328,24.739999771118164,24.1200008392334,24.479999542236328,51122100
2025-09-09,24.440000534057617,24.809999465942383,24.270000457763672,24.530000686645508,42146200
2025-09-10,24.770000457763672,24.8700008392334,24.280000686645508,24.420000076293945,61600700
2025-09-11,24.610000610351562,24.93000030517578,24.56999969482422,24.760000228881836,55536900
2025-09-12,24.079999923706055,24.6299991607666,24.049999237060547,24.610000610351562,52672800
2025-09-15,24.770000457763672,25.459999084472656,24.219999313354492,24.329999923706055,83951600
2025-09-16,25.270000457763672,25.34000015258789,24.690000534057617,24.81999969482422,60336600
2025-09-17,24.899999618530273,25.260000228881836,24.450000762939453,25.079999923706055,63093700
2025-09-18,30.56999969482422,32.380001068115234,30.15999984741211,31.780000686645508,523908000
2025-09-19,29.579999923706055,30.6299991607666,29.329999923706055,30.3799991607666,225702900
2025-09-22,28.760000228881836,30.100000381469727,28.729999542236328,29.670000076293945,130314500
2025-09-23,29.34000015258789,30.200000762939453,28.81999969482422,28.989999771118164,126317900
2025-09-24,31.219999313354492,31.700000762939453,29.229999542236328,29.3799991607666,164458500
2025-09-25,33.9900016784668,34.25,31.209999084472656,31.610000610351562,295709300
2025-09-26,35.5,36.29999923706055,34.4900016784668,35.02000045776367,268583300
2025-09-29,34.47999954223633,35.04999923706055,33.72999954223633,34.52000045776367,152605900
2025-09-30,33.54999923706055,34.2400016784668,33.02000045776367,33.93000030517578,124818400
2025-10-01,35.939998626708984,36.060001373291016,33.5,33.529998779296875,162649700
2025-10-02,37.29999923706055,37.56999969482422,35.439998626708984,35.7599983215332,149361700
2025-10-03,36.83000183105469,38.08000183105469,36.45000076293945,37.95000076293945,125359300
2025-10-06,36.59000015258789,38.68000030517578,36.43000030517578,37.189998626708984,112086100
2025-10-07,37.16999816894531,38.04999923706055,36.349998474121094,36.63999938964844,111140200
2025-10-08,37.43000030517578,37.790000915527344,35.90999984741211,36.54999923706055,103202100
2025-10-09,37.79999923706055,38.099998474121094,36.86000061035156,37.529998779296875,89884700
2025-10-10,36.369998931884766,39.650001525878906,36.29999923706055,38.459999084472656,183063300
2025-10-13,37.220001220703125,37.5099983215332,36.279998779296875,36.439998626708984,104020700
2025-10-14,35.630001068115234,36.54999923706055,34.689998626708984,36.0,117908300
2025-10-15,37.150001525878906,37.4900016784668,35.63999938964844,36.400001525878906,99242700
2025-10-16,36.84000015258789,38.02000045776367,36.40999984741211,37.150001525878906,83357800
2025-10-17,37.0099983215332,38.380001068115234,36.08000183105469,36.36000061035156,119394700
2025-10-20,38.099998474121094,38.52000045776367,37.560001373291016,37.56999969482422,80230200
2025-10-21,38.119998931884766,38.349998474121094,37.66999816894531,38.13999938964844,73134900
2025-10-22,36.91999816894531,37.93000030517578,36.040000915527344,37.84000015258789,87099900
2025-10-23,38.15999984741211,38.400001525878906,36.43000030517578,36.599998474121094,121974200
2025-10-24,38.279998779296875,41.119998931884766,37.83000183105469,40.02000045776367,246380000
2025-10-27,39.540000915527344,40.66999816894531,38.22999954223633,38.38999938964844,160007600
2025-10-28,41.529998779296875,42.47999954223633,39.540000915527344,39.59000015258789,181256400
2025-10-29,41.34000015258789,42.040000915527344,40.91999816894531,41.599998474121094,106962900
2025-10-30,40.15999984741211,41.43000030517578,40.11000061035156,40.970001220703125,84855500
2025-10-31,39.9900016784668,40.83000183105469,39.790000915527344,40.68000030517578,80471400
2025-11-03,39.5,40.45000076293945,39.04999923706055,40.25,61267500
2025-11-04,37.029998779296875,38.25,36.630001068115234,38.13999938964844,102250300
2025-11-05,38.380001068115234,38.689998626708984,37.11000061035156,37.41999816894531,74631600
2025-11-06,37.2400016784668,39.84000015258789,36.79999923706055,38.34000015258789,77629900
2025-11-07,38.130001068115234,38.27000045776367,36.970001220703125,37.2599983215332,95521400
2025-11-10,38.45000076293945,39.529998779296875,37.970001220703125,38.93000030517578,77820300
2025-11-11,37.880001068115234,38.220001220703125,37.4900016784668,38.150001525878906,53741900
2025-11-12,37.88999938964844,38.20000076293945,37.349998474121094,38.060001373291016,53876000
2025-11-13,35.90999984741211,37.310001373291016,35.45000076293945,37.27000045776367,95593200
2025-11-14,35.52000045776367,36.099998474121094,34.619998931884766,35.029998779296875,71716200
2025-11-17,34.709999084472656,35.72999954223633,34.22999954223633,35.45000076293945,72580100
2025-11-18,34.33000183105469,34.7599983215332,33.56999969482422,34.25,61504800
2025-11-19,35.11000061035156,35.75,34.25,34.33000183105469,67115500
2025-11-20,33.619998931884766,36.68000030517578,33.47999954223633,36.0,96389100
2025-11-21,34.5,34.97999954223633,32.88999938964844,33.5099983215332,105641700
2025-11-24,35.790000915527344,36.15999984741211,34.689998626708984,34.970001220703125,103804200
2025-11-25,35.83000183105469,36.130001068115234,34.68000030517578,35.54999923706055,62203300
2025-11-26,36.810001373291016,37.2400016784668,36.130001068115234,36.20000076293945,54563400
2025-11-28,40.560001373291016,40.59000015258789,37.34000015258789,37.400001525878906,95799500
2025-12-01,40.0099983215332,40.380001068115234,39.599998474121094,39.86000061035156,74534900
2025-12-02,43.470001220703125,43.68000030517578,40.04999923706055,40.470001220703125,167205800
2025-12-03,43.7599983215332,44.02000045776367,42.5099983215332,43.38999938964844,91957200
2025-12-04,40.5,43.279998779296875,40.13999938964844,43.2599983215332,107850200
2025-12-05,41.40999984741211,42.83000183105469,41.150001525878906,41.15999984741211,103042000
2025-12-08,40.29999923706055,42.119998931884766,39.70000076293945,41.939998626708984,93953600
2025-12-09,40.5,41.2599983215332,40.029998779296875,40.72999954223633,61877200
2025-12-10,40.779998779296875,40.9900016784668,38.88999938964844,40.11000061035156,75974900
2025-12-11,39.5099983215332,40.189998626708984,39.08000183105469,40.06999969482422,59096800
2025-12-12,37.810001373291016,40.029998779296875,37.619998931884766,39.25,87784500
2025-12-15,37.5099983215332,38.47999954223633,37.31999969482422,38.33000183105469,60898500
2025-12-16,37.310001373291016,37.959999084472656,36.91999816894531,37.58000183105469,50490300
2025-12-17,36.04999923706055,37.84000015258789,35.970001220703125,37.59000015258789,54792000
2025-12-18,36.279998779296875,37.4900016784668,35.66999816894531,37.380001068115234,69468400
2025-12-19,36.81999969482422,37.58000183105469,36.439998626708984,36.47999954223633,163221300
2025-12-22,36.369998931884766,37.900001525878906,36.290000915527344,37.88999938964844,51685400
2025-12-23,36.349998474121094,36.79999923706055,36.029998779296875,36.2400016784668,35958000
2025-12-24,36.15999984741211,36.18000030517578,34.95000076293945,35.16999816894531,37443800
2025-12-26,36.20000076293945,36.4900016784668,35.849998474121094,36.16999816894531,28779400
2025-12-29,36.68000030517578,36.79999923706055,35.81999969482422,36.0099983215332,38062300
2025-12-30,37.29999923706055,38.2599983215332,36.81999969482422,36.90999984741211,61935300
2025-12-31,36.900001525878906,37.58000183105469,36.869998931884766,37.400001525878906,51524700
2026-01-02,39.380001068115234,39.86000061035156,37.7599983215332,37.77000045776367,95396400
2026-01-05,39.369998931884766,42.099998474121094,39.27000045776367,41.59000015258789,96665400
2026-01-06,40.040000915527344,40.310001373291016,38.95000076293945,39.86000061035156,66395100
2026-01-07,42.630001068115234,44.56999969482422,40.119998931884766,40.18000030517578,166028400
2026-01-08,41.11000061035156,43.34000015258789,40.68000030517578,42.619998931884766,88242000
2026-01-09,45.54999923706055,45.72999954223633,41.56999969482422,41.83000183105469,186691400
2026-01-12,44.060001373291016,45.45000076293945,43.88999938964844,44.2400016784668,101989100
2026-01-13,47.290000915527344,48.2400016784668,45.220001220703125,45.88999938964844,168656400
2026-01-14,48.720001220703125,49.0,47.41999816894531,48.95000076293945,148225800
2026-01-15,48.31999969482422,50.38999938964844,47.83000183105469,49.349998474121094,132328900
2026-01-16,46.959999084472656,50.209999084472656,46.709999084472656,49.27000045776367,127314700
2026-01-20,48.560001373291016,50.22999954223633,47.0,47.29999923706055,150153000
2026-01-21,54.25,54.40999984741211,50.150001525878906,50.31999969482422,220565300
2026-01-22,54.31999969482422,54.599998474121094,53.08000183105469,54.209999084472656,190066400
2026-01-23,45.06999969482422,48.130001068115234,44.45000076293945,46.86000061035156,294675400
2026-01-26,42.4900016784668,44.459999084472656,42.279998779296875,44.279998779296875,149407800
2026-01-27,43.93000030517578,44.529998779296875,43.099998474121094,43.970001220703125,121832200
2026-01-28,48.779998779296875,49.290000915527344,46.31999969482422,46.599998474121094,201995100
2026-01-29,48.65999984741211,48.77000045776367,46.9900016784668,47.560001373291016,124256600
2026-01-30,46.470001220703125,49.58000183105469,45.959999084472656,48.97999954223633,114920100
2026-02-02,48.810001373291016,49.84000015258789,45.5,45.630001068115234,101414600
2026-02-03,49.25,51.4900016784668,48.43000030517578,50.060001373291016,122205100
2026-02-04,48.599998474121094,49.70000076293945,47.0,49.540000915527344,128702300
2026-02-05,48.2400016784668,50.86000061035156,46.790000915527344,47.59000015258789,114307800
2026-02-06,50.59000015258789,51.29999923706055,48.83000183105469,49.099998474121094,115600200
2026-02-09,50.2400016784668,51.220001220703125,47.59000015258789,49.59000015258789,94841400
2026-02-10,47.130001068115234,50.540000915527344,46.77000045776367,50.40999984741211,99832900
2026-02-11,48.290000915527344,49.54999923706055,46.86000061035156,48.11000061035156,107681200
2026-02-12,46.47999954223633,48.95000076293945,46.189998626708984,47.79999923706055,88321200
2026-02-13,46.790000915527344,47.689998626708984,44.970001220703125,45.7599983215332,69740400
2026-02-17,46.18000030517578,46.83000183105469,45.459999084472656,45.93000030517578,65802200
2026-02-18,45.459999084472656,46.77000045776367,44.880001068115234,45.91999816894531,65306100
2026-02-19,44.619998931884766,45.16999816894531,43.91999816894531,44.95000076293945,72724900
2026-02-20,44.11000061035156,44.38999938964844,42.880001068115234,43.88999938964844,90743600
2026-02-23,43.630001068115234,44.54999923706055,43.18000030517578,44.09000015258789,57130900
2026-02-24,46.119998931884766,46.599998474121094,43.540000915527344,44.099998474121094,98872300
2026-02-25,46.880001068115234,46.970001220703125,45.08000183105469,46.09000015258789,75645300
2026-02-26,45.459999084472656,46.95000076293945,44.38999938964844,46.77000045776367,71457500
2026-02-27,45.61000061035156,46.560001373291016,44.400001525878906,44.459999084472656,79327200
2026-03-02,45.5,45.810001373291016,43.95000076293945,44.20000076293945,60705100
2026-03-03,43.099998474121094,43.689998626708984,42.13999938964844,43.439998626708984,83971000
2026-03-04,45.58000183105469,46.130001068115234,43.27000045776367,44.06999969482422,96628100
2026-03-05,45.95000076293945,46.47999954223633,44.70000076293945,44.869998931884766,78229400
2026-03-06,43.41999816894531,45.18000030517578,43.279998779296875,44.66999816894531,74698300
2026-03-09,45.58000183105469,45.7599983215332,41.63999938964844,42.7400016784668,82937400
2026-03-10,46.779998779296875,47.880001068115234,45.40999984741211,45.40999984741211,85233300
2026-03-11,47.97999954223633,48.83000183105469,46.65999984741211,46.81999969482422,72480600
2026-03-12,45.25,47.439998626708984,45.16999816894531,47.400001525878906,85110200
2026-03-13,45.77000045776367,46.650001525878906,45.38999938964844,45.970001220703125,68386200
2026-03-16,45.7599983215332,49.16999816894531,45.689998626708984,47.90999984741211,114199400
2026-03-17,44.060001373291016,46.08000183105469,43.90999984741211,46.08000183105469,89061600
2026-03-18,45.029998779296875,45.709999084472656,44.04999923706055,44.20000076293945,78056200
2026-03-19,46.18000030517578,46.439998626708984,43.650001525878906,43.9900016784668,74051500
2026-03-20,43.869998931884766,47.54999923706055,43.63999938964844,46.95000076293945,162814200
2026-03-23,44.0099983215332,45.459999084472656,43.7400016784668,44.5,80772200
2026-03-24,44.060001373291016,44.310001373291016,43.20000076293945,43.540000915527344,65323500
2026-03-25,47.18000030517578,47.849998474121094,45.45000076293945,45.849998474121094,97467900
2026-03-26,44.099998474121094,46.599998474121094,43.91999816894531,46.29999923706055,82841400
2026-03-27,43.130001068115234,44.130001068115234,42.86000061035156,43.619998931884766,70002200
2026-03-30,41.189998626708984,43.9900016784668,40.630001068115234,43.720001220703125,84596000
2026-03-31,44.130001068115234,44.22999954223633,41.599998474121094,41.95000076293945,95294900
2026-04-01,48.029998779296875,48.77000045776367,44.97999954223633,45.0,129598500
2026-04-02,50.380001068115234,50.4900016784668,46.040000915527344,46.060001373291016,117134200
2026-04-06,50.779998779296875,52.38999938964844,49.869998931884766,50.880001068115234,79978800
2026-04-07,52.90999984741211,53.27000045776367,51.220001220703125,51.90999984741211,129543800
2026-04-08,58.95000076293945,59.16999816894531,54.79999923706055,55.369998931884766,184599900
2026-04-09,61.720001220703125,62.08000183105469,58.38999938964844,58.400001525878906,155609900
2026-04-10,62.380001068115234,63.38999938964844,60.75,61.52000045776367,98624400
2026-04-13,65.18000030517578,65.6500015258789,62.18000030517578,62.18000030517578,112111000
2026-04-14,63.810001373291016,65.18000030517578,62.09000015258789,65.16000366210938,112796100
2026-04-15,64.94000244140625,65.83999633789062,62.880001068115234,63.77000045776367,92051500
2026-04-16,68.5,68.61000061035156,64.2699966430664,64.93000030517578,108328300
2026-04-17,68.5,70.33000183105469,67.73999786376953,68.8499984741211,118831500
2026-04-20,65.69999694824219,69.20999908447266,64.47000122070312,68.44999694824219,96851100
2026-04-21,66.26000213623047,67.66999816894531,65.63999938964844,67.13999938964844,91402300
2026-04-22,65.2699966430664,68.7699966430664,64.9800033569336,67.94000244140625,90267300
2026-04-23,66.77999877929688,68.27999877929688,65.41999816894531,66.0999984741211,155141800
2026-04-24,82.54000091552734,85.22000122070312,79.62000274658203,82.19999694824219,281405200
2026-04-27,84.98999786376953,87.0999984741211,82.61000061035156,83.66999816894531,178820200
2026-04-28,84.5199966430664,84.58999633789062,80.80000305175781,81.27999877929688,147773500
2026-04-29,94.75,94.94999694824219,85.87000274658203,86.13999938964844,235070900
2026-04-30,94.4800033569336,95.69000244140625,91.5,95.5999984741211,160597300
2026-05-01,99.62000274658203,100.44999694824219,92.61000061035156,93.19999694824219,158502800
2026-05-04,95.77999877929688,99.81999969482422,95.5999984741211,99.18000030517578,119294000
2026-05-05,108.1500015258789,110.4800033569336,100.08000183105469,100.51000213623047,198482000
2026-05-06,113.01000213623047,113.5,106.58000183105469,110.9800033569336,157320100
2026-05-07,109.62000274658203,114.51000213623047,109.1500015258789,111.0199966430664,122699900
2026-05-08,124.91999816894531,130.57000732421875,111.80000305175781,111.80999755859375,227681300
2026-05-11,129.44000244140625,132.75,123.91999816894531,130.8800048828125,179486500
2026-05-12,120.61000061035156,127.79000091552734,115.0,124.36000061035156,172516500
2026-05-13,120.29000091552734,125.0,116.41000366210938,124.0999984741211,115364400
2026-05-14,115.93000030517578,118.56999969482422,113.16999816894531,114.66000366210938,118279800
2026-05-15,108.7699966430664,110.56999969482422,105.0199966430664,109.79000091552734,135206000
2026-05-18,108.16999816894531,115.54000091552734,103.8499984741211,113.47000122070312,145764000
2026-05-19,110.80000305175781,113.06999969482422,102.4000015258789,106.9800033569336,150234900
2026-05-20,118.95999908447266,121.94000244140625,114.80000305175781,116.22000122070312,165086900
2026-05-21,118.5,119.41000366210938,113.16999816894531,116.58000183105469,102452500
2026-05-22,119.83999633789062,122.77999877929688,118.08999633789062,120.33999633789062,82663000
2026-05-26,123.5199966430664,125.62000274658203,117.3499984741211,122.0999984741211,108167300
2026-05-27,121.7699966430664,125.2699966430664,117.0,124.38999938964844,93323300
2026-05-28,120.88999938964844,123.08000183105469,116.30999755859375,121.44999694824219,97321000
2026-05-29,114.68000030517578,126.63999938964844,113.54000091552734,123.8499984741211,191676100
2026-06-01,109.33000183105469,113.30000305175781,106.33000183105469,109.43000030517578,134900400
2026-06-02,107.93000030517578,109.0,104.16999816894531,107.44999694824219,106336200
2026-06-03,112.70999908447266,118.29000091552734,110.86000061035156,116.41999816894531,118928800
2026-06-04,111.77999877929688,113.13999938964844,107.4800033569336,108.4000015258789,77325800
2026-06-05,99.16999816894531,106.4800033569336,98.33000183105469,106.4800033569336,145209400
2026-06-08,110.2699966430664,112.54000091552734,106.66000366210938,111.0,136973900
2026-06-09,107.91999816894531,114.0,99.45999908447266,112.98999786376953,149623100
2026-06-10,107.04000091552734,111.5,104.91999816894531,106.02999877929688,122653500
2026-06-11,116.95999908447266,119.44000244140625,110.51000213623047,113.5199966430664,188430300
2026-06-12,124.56999969482422,127.5999984741211,115.33000183105469,117.41999816894531,151169400
2026-06-15,127.86000061035156,132.61000061035156,126.66000366210938,129.49000549316406,134507500
2026-06-16,117.05000305175781,128.6999969482422,116.0,125.11000061035156,132962600
2026-06-17,121.0999984741211,125.19999694824219,118.05999755859375,121.8499984741211,115324900
2026-06-18,133.99000549316406,135.47999572753906,127.9000015258789,131.80999755859375,233906600
2026-06-22,140.94000244140625,141.4499969482422,136.2100067138672,139.1199951171875,127190600
2026-06-23,132.27999877929688,137.97999572753906,128.3000030517578,129.72999572753906,132976700
2026-06-24,131.64999389648438,136.0800018310547,127.94999694824219,133.0500030517578,104591700
2026-06-25,132.8699951171875,140.72000122070312,125.41000366210938,139.72999572753906,122588800
2026-06-26,128.32000732421875,131.22999572753906,125.5,128.7100067138672,99475400
2026-06-29,131.72000122070312,132.0500030517578,118.5,127.0,106805300
2026-06-30,139.6300048828125,142.35000610351562,131.52000427246094,131.99000549316406,116996700
2026-07-01,127.0199966430664,135.74000549316406,126.68000030517578,135.0,113107200
2026-07-02,120.3499984741211,130.74000549316406,117.62999725341797,128.9199981689453,124577600
2026-07-06,122.19999694824219,127.30000305175781,121.5199966430664,122.56999969482422,86950200
2026-07-07,110.38999938964844,116.47000122070312,108.30000305175781,116.30000305175781,140405900
2026-07-08,110.23999786376953,110.48999786376953,104.41000366210938,108.30000305175781,105488100
2026-07-09,112.54000091552734,116.7699966430664,111.51000213623047,114.87000274658203,99352500
2026-07-10,109.83999633789062,110.8499984741211,107.44999694824219,109.58000183105469,70846600
2026-07-13,103.12000274658203,106.16999816894531,101.79000091552734,105.9800033569336,100988800
2026-07-14,107.76000213623047,109.19000244140625,103.58999633789062,107.9800033569336,91129000
2026-07-15,102.98999786376953,109.61000061035156,99.19999694824219,109.30000305175781,120625500
2026-07-16,96.9800033569336,101.87999725341797,95.4800033569336,101.13999938964844,107742900
2026-07-17,95.04000091552734,98.05000305175781,89.58999633789062,92.13999938964844,126779300
2026-07-20,97.05999755859375,100.9800033569336,96.91999816894531,97.58000183105469,89741400
2026-07-21,105.44999694824219,106.33999633789062,101.22000122070312,103.19000244140625,105429400
2026-07-22,102.62000274658203,106.8499984741211,101.4800033569336,101.55000305175781,78431000
2026-07-23,100.2300033569336,104.18000030517578,99.23999786376953,101.13999938964844,140806900
2026-07-24,92.31999969482422,101.73999786376953,91.58000183105469,100.36000061035156,181132900
2026-07-27,91.66999816894531,94.9800033569336,86.94000244140625,92.45999908447266,133247300
2026-07-28,86.30000305175781,88.27999877929688,83.0999984741211,86.62000274658203,154346700
2026-07-29,81.87999725341797,88.47000122070312,81.79000091552734,86.56999969482422,152394600
2026-07-30,91.12999725341797,94.0999984741211,85.97000122070312,86.51000213623047,140322600
2026-07-31,90.19999694824219,97.9000015258789,90.12999725341797,96.72000122070312,109039500
2026-08-03,91.0,91.68000030517578,85.62000274658203,88.4000015258789,96633600
2026-08-04,100.86000061035156,101.38999938964844,94.31999969482422,95.23999786376953,124355100
2026-08-05,101.05999755859375,102.83000183105469,97.9000015258789,99.30000305175781,85388400
2026-08-06,99.80999755859375,103.37999725341797,95.5999984741211,98.22000122070312,78088100
2026-08-07,101.6500015258789,103.66000366210938,98.02999877929688,102.33000183105469,76760600
2026-08-10,97.5199966430664,100.0250015258789,96.30999755859375,98.26000213623047,99944552
