Date,Close,High,Low,Open,Volume
2016-08-11,50.3334846496582,50.51033876816572,49.995158092370076,50.18738802421252,9604500
2016-08-12,50.2258415222168,50.248908177787285,49.872139115220016,49.95672076324018,7685400
2016-08-15,50.533409118652344,50.61799076416281,50.333488332319206,50.41037913740352,8371600
2016-08-16,50.52571487426758,50.71794480722388,50.164321661687005,50.25659414140715,10128900
2016-08-17,50.664127349853516,50.733333185378896,50.39500658146099,50.59492738072091,11868100
2016-08-18,50.71025466918945,50.74101216285521,50.38730978528711,50.45651561263309,9313600
2016-08-19,50.64105987548828,50.679508213091644,50.148951659407146,50.533411569870076,9084900
2016-08-22,50.59492492675781,50.65643405198366,50.29504667560905,50.55647659039823,9055600
2016-08-23,50.571861267089844,51.01014539298652,50.564176291585234,50.80253959288536,8949600
2016-08-24,50.71025466918945,50.92555712484976,50.57184888088958,50.74101216285521,10167200
2016-08-25,50.80253219604492,50.856356348707955,50.58723558539279,50.67950807555484,9978700
2016-08-26,50.917869567871094,51.425353580097,50.633367132913,51.00245121430749,14038600
2016-08-29,51.47917556762695,51.594514704865475,51.10240652794717,51.12547318211643,14583100
2016-08-30,51.90208053588867,51.97897133377458,51.4791723479284,51.4791723479284,13791200
2016-08-31,51.90208053588867,52.109686276819815,51.40997238974863,51.87132304345594,14952300
2016-09-01,51.6790885925293,52.07123925373534,51.24849546894075,52.00972427425374,12226500
2016-09-02,51.894405364990234,51.96361121045761,51.502260417451716,51.825205385916476,13720700
2016-09-06,51.85595703125,51.94053868482805,51.294642954449564,51.90209034542241,16649400
2016-09-07,51.64067459106445,51.971304588618914,51.48688705760296,51.64067459106445,10070400
2016-09-08,51.70985794067383,52.040493698221574,51.51762798550404,51.68679128467628,12253000
2016-09-09,51.248497009277344,51.848253411271045,51.24080617001315,51.54068437101,19686900
2016-09-12,51.563758850097656,51.74830382210421,50.564166650494585,50.85635405658304,16453000
2016-09-13,51.156227111816406,51.409972022781325,50.61029482441394,50.83328224316568,18876100
2016-09-14,51.0562744140625,51.70985505184829,50.91017777904965,50.95631108846745,12648600
2016-09-15,51.24081802368164,51.463805482795365,50.81790976219133,50.97169725109365,12531300
2016-09-16,50.610286712646484,50.94861320637307,50.31809938304044,50.81789241882089,25161500
2016-09-19,50.894798278808594,51.24080980716803,50.63336252279255,50.86404078596012,13466900
2016-09-20,51.10240936279297,51.402287616413204,50.933246067644625,51.325396809452826,10092200
2016-09-21,51.39459991455078,51.617587374828844,50.98707333301921,51.39459991455078,14116800
2016-09-22,51.817501068115234,51.84056772180772,51.394592862446,51.50993199730053,12781700
2016-09-23,51.70985794067383,52.20965699739382,51.656033787881995,51.8175062462575,13967400
2016-09-26,50.57954788208008,51.36384943112635,50.395008756701614,51.21006193798344,16408100
2016-09-27,51.02552032470703,51.063968662716356,50.064370538401356,50.295048833671814,13711400
2016-09-28,51.294620513916016,51.340753807905884,50.74099752047605,51.19466308814117,11278000
2016-09-29,50.47957992553711,51.67909279091967,50.248901666936554,51.286942097855444,18727200
2016-09-30,51.20237731933594,51.5637706391505,50.81023236354858,50.81023236354858,21680100
2016-10-03,51.14086151123047,51.45611560318308,50.94863154630549,51.01783151780985,14901700
2016-10-04,51.58231735229492,52.031534157097106,51.1950627086455,51.28025920297133,17226900
2016-10-05,52.426544189453125,52.72085563988382,51.73723128286283,51.80693429387093,16280000
2016-10-06,52.565940856933594,52.64339059413281,51.93084355744212,52.457510043047456,17485000
2016-10-07,52.751827239990234,52.80604265292708,52.20192636333453,52.503984508130806,18497000
2016-10-10,53.162322998046875,53.487615517198996,52.844777227171015,52.929967822059595,13027500
2016-10-11,52.90674591064453,53.301747438968206,52.612434406445125,53.05390461726372,15657100
2016-10-12,52.7673225402832,53.123596150104696,52.705366280037765,52.868012542627724,11899800
2016-10-13,52.46526336669922,52.56595336715407,51.75271616042874,52.24840168731582,17890000
2016-10-14,52.29486846923828,53.46437923683916,52.124481376620736,53.28624539622711,24163800
2016-10-17,52.02379608154297,52.50399404696576,51.69075679612865,52.217423435643425,14963400
2016-10-18,52.43428039550781,52.82928181676136,52.31036197276471,52.550457979292666,11870300
2016-10-19,52.93771743774414,53.053895032030624,52.51948164373555,52.51948164373555,12705800
2016-10-20,52.86802291870117,53.19331550772422,52.620180101963776,52.72861096497146,14122000
2016-10-21,53.046138763427734,53.07711984361332,52.43427572509544,52.51947221834658,12175700
2016-10-24,53.340476989746094,53.47988895073738,53.0539063174198,53.41792676606588,10197100
2016-10-25,53.2862548828125,53.38693898851645,52.96095640854122,53.348211150686545,9945100
2016-10-26,53.541839599609375,53.63478286684913,52.95321663420658,52.95321663420658,9801300
2016-10-27,53.6192741394043,54.037503904515134,53.518584162328246,53.82064227548397,14210700
2016-10-28,53.52634048461914,53.86712648208369,53.03065498414557,53.85163298636043,12766500
2016-10-31,53.642520904541016,53.890363667890796,53.6192865687641,53.774186079968615,14336300
2016-11-01,53.417911529541016,54.045262220541396,52.922226011633,53.812912957855595,15564500
2016-11-02,53.19330596923828,53.32497114941791,52.674386088033046,53.17007163262279,12449800
2016-11-03,52.96095657348633,53.58831327586177,52.837038128313864,53.33272372708061,10369700
2016-11-04,52.48075866699219,53.100362642377796,52.38781541161734,53.04614722066858,13571300
2016-11-07,54.12270736694336,54.19241627614055,53.44114131510547,53.50310347682809,16515100
2016-11-08,54.238887786865234,54.641635950142906,53.62702470310525,53.98329828813563,17531700
2016-11-09,56.73280715942383,57.42986672271223,55.238003949442025,55.346434780504985,50948400
2016-11-10,59.36614227294922,59.83084669655186,57.48408433467677,57.48408433467677,56192300
2016-11-11,59.39712905883789,59.420363395893304,58.68457590459041,59.095070859041705,27574300
2016-11-14,61.581233978271484,62.30152783884475,59.8308413659792,59.8308413659792,46130700
2016-11-15,61.46506881713867,61.503796652241036,60.24134249997539,60.69830613622361,28126300
2016-11-16,59.947021484375,60.682802961683166,59.54427333607219,60.58211887912599,26054900
2016-11-17,60.42723083496094,60.768016918513844,60.101938251045205,60.35752781370989,19306700
2016-11-18,60.1871223449707,60.737023287776296,60.06320391865274,60.38074968718553,19770000
2016-11-21,60.45045471191406,60.543392048410816,59.86182597494026,60.41172688234898,11983500
2016-11-22,60.822200775146484,60.8454351035021,60.225831347554944,60.68278889597713,14410100
2016-11-23,61.07780456542969,61.3721159755239,60.32652959043867,61.085551313048164,13373700
2016-11-25,61.05458068847656,61.53477276039751,60.775756816827844,61.263695637694056,6185700
2016-11-28,60.65956497192383,61.085547428293324,60.427209830442884,60.551134148309174,13007200
2016-11-29,61.12428283691406,61.3101693547415,60.71379378419498,60.71379378419498,14144100
2016-11-30,62.09243392944336,62.37125786137994,61.728413467801744,61.89880652721181,25351900
2016-12-01,63.34711837768555,63.726626292266445,62.464178220231176,62.464178220231176,23823600
2016-12-02,63.199951171875,63.37809089245576,62.65779708147513,63.35485656130096,16931500
2016-12-05,64.48565673828125,64.50889107571426,63.73438164641146,63.74212839523513,18529800
2016-12-06,64.81869506835938,64.91163241671367,63.842811547373884,64.74898614805575,16130000
2016-12-07,65.1130142211914,65.12850181140297,64.16811167424393,64.7102718762662,18996900
2016-12-08,65.92623901367188,66.22055044394703,65.01231773024772,65.2369261542883,20844900
2016-12-09,66.21280670166016,66.2205534501615,65.16722019741252,65.84878633958749,14567200
2016-12-12,65.62417602539062,66.44515399795846,65.28339004023248,66.11211476038218,14511300
2016-12-13,65.64741516113281,66.35221560767599,64.919374470144,65.81780816617594,16669000
2016-12-14,65.62417602539062,66.70074348682706,64.87290105394857,64.96583838878293,22622600
2016-12-15,66.6078109741211,66.98731894025696,65.75585178300389,66.14310649796971,19438900
2016-12-16,65.78683471679688,66.83242129476051,65.74810688059749,66.83242129476051,23008500
2016-12-19,66.16632843017578,66.17407517755333,65.20593857165063,65.6783897080541,21685100
2016-12-20,67.01830291748047,67.0260496666446,66.25928695246738,66.44516756913859,14587300
2016-12-21,67.18870544433594,67.23517412781415,66.63105760644102,66.94086261738698,11400500
2016-12-22,67.29713439941406,67.51399612820191,66.77046766848405,66.94860746515346,13924200
2016-12-23,67.4210433959961,67.49849315161808,66.91761112089682,67.38231556366631,10759400
2016-12-27,67.48300170898438,67.50624195451213,67.18869026504814,67.42104544802363,6946400
2016-12-28,66.99506378173828,67.68437668202968,66.87888618874851,67.50624282727816,9455600
2016-12-29,66.5226058959961,67.12672222808652,65.8642741471549,67.05701922470867,14689000
2016-12-30,66.8324203491211,66.93310444916145,66.34448152871896,66.68526166449143,13617800
2017-01-03,67.56046295166016,67.97095202096116,66.59232612442636,67.64565355614154,20550700
2017-01-04,67.6850814819336,67.8953535336625,67.28789433785148,67.72401766987277,15266600
2017-01-05,67.06202697753906,67.84082185040168,66.4000525239525,67.60718101184956,14300800
2017-01-06,67.06981658935547,67.45921402578331,66.92963327457211,67.28008859066382,12893300
2017-01-09,67.11654663085938,67.57603278291145,66.60253913019055,66.76609129257334,12806600
2017-01-10,67.31122589111328,67.67726034933544,66.75828236931902,67.03085932488915,13989000
2017-01-11,67.81745147705078,67.81745147705078,66.90626300228905,67.31123367716116,14713100
2017-01-12,67.16326904296875,67.9654268217424,66.99193321803973,67.56824570947977,21337400
2017-01-13,67.52153015136719,68.66635985425064,67.05425429799747,67.84083898190632,28296000
2017-01-17,65.06831359863281,66.36889960218761,64.85803565690043,66.14304837745773,30024600
2017-01-18,65.37205505371094,65.59790631966382,64.66334874243798,65.1306245601837,21270100
2017-01-19,64.87358856201172,65.94053329560512,64.73340530497445,65.4654681435194,16555600
2017-01-20,65.16175079345703,65.28636079685823,64.86581094797714,64.9748417300872,18436800
2017-01-23,65.19291687011719,65.41876809201428,64.80351944099804,64.87361406794078,12179200
2017-01-24,65.97949981689453,66.19756142148802,65.07609495016939,65.35646156799905,15175300
2017-01-25,66.9997329711914,67.10876379596962,66.32996879513422,66.8517600196777,17551000
2017-01-26,67.56045532226562,67.71621192037865,66.93741704634678,66.93741704634678,15962800
2017-01-27,67.70064544677734,67.73958757108919,67.186637926184,67.49037342400167,12535400
2017-01-30,66.9997329711914,67.36576757226153,66.4467892336064,67.12434302335754,13661900
2017-01-31,65.90941619873047,67.0931878809803,65.4888662017523,66.66484827061343,15655100
2017-02-01,66.15861511230469,67.05423031021388,65.94834313311759,66.61810712865089,15430900
2017-02-02,65.87826538085938,66.12748548183316,65.54338923907788,65.68356663327428,11081400
2017-02-03,67.89534759521484,67.99658880508339,66.87512805772622,67.12434221733162,17885200
2017-02-06,67.57601928710938,68.1055999660948,67.45141521414767,67.59159850981241,11828400
2017-02-07,67.53709411621094,68.0666748814698,67.35018500545296,67.86418654547077,9392800
2017-02-08,66.9451904296875,67.21776738117293,66.4857044174309,67.11652621111604,13970900
2017-02-09,67.91093444824219,68.01218162007261,66.94523012955516,66.94523012955516,13749100
2017-02-10,67.75516510009766,68.12898931501302,67.66949717463235,68.12898931501302,10992500
2017-02-13,68.65076446533203,69.11025055639065,68.09003124512068,68.09782085699388,18739100
2017-02-14,69.74887084960938,69.85790166262636,68.6196205969047,68.76759353245647,17932100
2017-02-15,70.5510482788086,70.76911590720633,69.58534397713137,70.15386703884579,17381800
2017-02-16,70.50430297851562,70.901490050396,69.91241717712792,70.40306177819593,17672700
2017-02-17,70.27067565917969,70.45758479601227,69.85012564500565,69.95136685626198,15776600
2017-02-21,70.87811279296875,70.98714358406352,70.44977329814472,70.48871541284963,14068300
2017-02-22,70.91705322265625,71.10396825438019,70.41862502152479,70.49650331387667,11839000
2017-02-23,70.97157287597656,71.1351190822394,70.49650753989884,71.01051499535336,11067000
2017-02-24,70.34854888916016,70.51209511479108,69.88127310996695,70.23172845892839,15062300
2017-02-27,70.4263916015625,70.66003234394289,70.10708298309137,70.34072372547176,12361000
2017-02-28,70.57440948486328,70.73016611798145,69.7722455932741,69.97473396971547,15183500
2017-03-01,72.89520263671875,73.19114850623946,72.12419733686983,72.26438065881814,24451400
2017-03-02,71.75814056396484,73.14439412869865,71.6724726747526,73.10545796015877,16862500
2017-03-03,72.27220153808594,72.51362616410138,71.75819382132714,71.75819382132714,12817500
2017-03-06,71.58682250976562,71.89834164387287,70.94821095862576,71.8438262410341,15059200
2017-03-07,71.18964385986328,71.71921868183922,71.0338813165761,71.36876335747668,11156800
2017-03-08,71.03386688232422,72.31108976907691,70.94819898635757,72.17869609048563,17378400
2017-03-09,71.3142318725586,71.75814462279834,70.98713951800976,71.33759476335035,13726200
2017-03-10,71.0884017944336,71.64913510681654,70.50430558432367,71.61019298278231,13729900
2017-03-13,71.15071105957031,71.47780353072328,70.81582897479915,71.11176893321361,10004300
2017-03-14,71.26753234863281,71.37656317365351,70.69121976868418,70.88591851932604,10237700
2017-03-15,71.43885040283203,72.07746190817531,70.97156876431458,71.49336580176136,16601400
2017-03-16,71.3687744140625,72.27996315195502,71.31425900089972,71.67250399336001,14492000
2017-03-17,70.62110900878906,71.68027035674261,70.59774611668799,71.51672417030261,21734700
2017-03-20,70.11489868164062,71.00272432627135,69.92798958322707,70.30180778005416,14623600
2017-03-21,68.05886840820312,70.58995118508275,67.80186473099658,70.37188961959794,33089200
2017-03-22,68.16792297363281,68.58847297167605,66.98415723011907,67.66949466670765,21741000
2017-03-23,68.05886840820312,68.92333100118366,67.82522762133681,67.91868512442974,16090100
2017-03-24,67.98101043701172,68.60404281857704,67.57603374434716,68.37040790364023,16093200
2017-03-27,67.94204711914062,68.0666571216219,66.37667406966035,66.61030891171481,16689300
2017-03-28,69.00123596191406,69.32832843661012,67.7395918618766,67.77073843321823,16264400
2017-03-29,68.74423217773438,69.1725718053135,68.59626516780786,69.00123595428184,10207600
2017-03-30,69.33610534667969,69.67098737372186,68.62740511468498,68.68970418768824,11631000
2017-03-31,68.40934753417969,69.11026419779508,68.33925883868521,69.08690129929691,16987600
2017-04-03,68.16011810302734,68.66633591004738,67.44362831492073,68.5261526087454,19831800
2017-04-04,68.38729095458984,68.66926858799225,67.92516459621501,68.05831904091201,14280800
2017-04-05,67.51002502441406,69.3507078333408,67.46302477348081,69.25671330734855,17635500
2017-04-06,67.73714447021484,68.07395057177928,66.7737204201072,67.34550974634324,14379600
2017-04-07,67.5021743774414,67.99563207420327,67.134036709245,67.30635697741121,13097100
2017-04-10,67.2671890258789,67.90164144594092,66.89122297594172,67.42384652657992,15081600
2017-04-11,67.14971160888672,67.1967058769265,66.42127057490325,67.00088845892958,14690500
2017-04-12,66.89125061035156,67.32204546953783,66.60143859623072,67.30638270093337,14730600
2017-04-13,66.10796356201172,68.13662920698232,66.10796356201172,66.9695590327555,30529800
2017-04-17,67.25154876708984,67.42386908758553,66.08447838174355,66.13930703136721,19071700
2017-04-18,66.70323181152344,67.07136344753623,66.37425408813107,66.85988331723645,14127000
2017-04-19,66.15493774414062,67.29851043638267,66.07661199346931,66.96953869804011,17588500
2017-04-20,67.00872802734375,67.18887671938754,66.22545829459104,66.56226451870965,15635800
2017-04-21,66.20198059082031,67.11057669794693,66.19415219311743,66.96958785290578,19820600
2017-04-24,68.53610229492188,68.96690304255378,67.69016954095768,67.7919984317837,25468300
2017-04-25,69.13136291503906,69.81280350788845,69.13136291503906,69.3585117712794,18253800
2017-04-26,69.26451873779297,69.7501479553652,69.0373698767933,69.20185574664718,12832200
2017-04-27,68.62226104736328,69.21754771127867,68.15230040779798,69.21754771127867,13329000
2017-04-28,68.14447784423828,68.81025603030014,68.10531196087443,68.61443856523049,10755600
2017-05-01,68.19144439697266,68.72406792443267,67.79980962607183,68.42642764986209,15712300
2017-05-02,67.7528305053711,68.05047084645011,67.37685841191062,67.91731642879952,14414200
2017-05-03,68.14447784423828,68.22280363509118,67.37687075178034,67.40820226329646,11540500
2017-05-04,68.22278594970703,68.71624965832187,67.80765398751394,68.68491815492781,11540100
2017-05-05,68.14447784423828,68.4107867283131,67.69017989106673,68.34029530930793,9436000
2017-05-08,68.22278594970703,68.39510623043772,67.87031699430206,68.17579168255256,8162200
2017-05-09,67.94863891601562,68.80239992561918,67.75282151279944,68.34810809182105,10273900
2017-05-10,68.48126983642578,68.52043571161873,67.7293316445349,67.7763259140676,8334900
2017-05-11,68.26979064941406,68.52043671705555,67.63533812204525,68.2149560329899,10907400
2017-05-12,68.08180236816406,68.18363125593432,67.62750449808948,67.89381930932667,8738800
2017-05-15,68.4107666015625,68.52825824121268,68.03480052572954,68.22278356364602,8835600
2017-05-16,68.62226104736328,68.99822716866602,68.41077487524096,68.42644361622159,9795000
2017-05-17,66.00614929199219,68.6222737643148,65.77117191660085,68.6222737643148,24679700
2017-05-18,65.7633285522461,66.42127826029915,65.2933678898505,65.84948870420392,23350100
2017-05-19,66.40560913085938,66.84423828308452,65.91215133460608,65.95914560780906,13412900
2017-05-22,66.34295654296875,66.80508888030162,65.95915597445074,66.71892871530524,11636000
2017-05-23,67.1731948852539,67.41600652119921,66.19410799725236,66.38209100650447,11753000
2017-05-24,67.13404846191406,67.33770026684168,66.76591072927047,67.2672028830355,9833800
2017-05-25,66.85208129882812,67.42387092552553,66.64060106619334,67.35337353073075,12238500
2017-05-26,66.85990142822266,67.0165529763694,66.593586625325,66.66408400510248,8113500
2017-05-30,65.71632385253906,66.69541090047358,65.62232934462303,66.67974216121769,12603200
2017-05-31,64.3456039428711,65.65366284449416,63.9461347419172,65.58317144331757,28327900
2017-06-01,65.05838012695312,65.0740488676247,63.95397294455287,64.58841949665783,17123500
2017-06-02,64.72942352294922,65.00356679050844,64.21246850067683,64.45528025539001,14998500
2017-06-05,64.84689331054688,65.41084839964076,64.68240740554,64.72940167100681,9080200
2017-06-06,64.98005676269531,65.18370856786801,64.32994144579231,64.45526747232131,12196800
2017-06-07,65.72413635253906,65.88078783773375,65.08968409299703,65.25416994521278,13711100
2017-06-08,66.53875732421875,67.14971269801205,65.70849337072495,65.72416211090791,17951000
2017-06-09,68.1131362915039,68.18363367599116,66.88340303118841,66.97739755188012,19120200
2017-06-12,68.12881469726562,68.72409548513464,68.058317302778,68.11314595365737,16053400
2017-06-13,68.3559341430664,68.81023193717068,68.12879122188697,68.57525464688663,12557200
2017-06-14,68.2149658203125,68.38728613701645,67.22021577735039,67.9643197167089,16175700
2017-06-15,67.80764770507812,68.20711686649965,67.5491673079305,67.55700167702147,12509700
2017-06-16,67.5021743774414,68.11312370939594,67.37684837300314,68.02696357531283,16936600
2017-06-19,68.9825668334961,69.10789286226084,68.02697677972384,68.12097130129739,15972300
2017-06-20,68.5517578125,68.86506687075456,68.43427214454363,68.73191246315517,11197800
2017-06-21,68.23845672607422,68.57526292777153,67.95647916298468,68.52043428916376,10005900
2017-06-22,68.1601333618164,68.42644819343792,67.87032736890006,68.08964195030946,12180600
2017-06-23,68.03480529785156,68.92773226042814,67.83898787665716,68.66142343602301,18812000
2017-06-26,68.33243560791016,68.66924176201722,67.84681229910872,68.15228695331368,10082400
2017-06-27,68.9668960571289,69.66400557750804,68.53609535313134,68.70058126487407,15415200
2017-06-28,70.353271484375,70.54908887394139,69.39768166715146,69.39768166715146,17466200
2017-06-29,71.3950424194336,72.56994710222448,70.7370926896161,72.32712940418654,27697800
2017-06-30,71.5908432006836,72.06080376922134,71.40286016844307,72.02947226786911,16892700
2017-07-03,73.04786682128906,73.62280146275945,71.99251507971225,72.1106469845575,13208100
2017-07-05,73.78031158447266,73.86694565022609,72.9376033156613,73.33926980154145,17535400
2017-07-06,73.54403686523438,74.43400391603566,73.15024783638246,73.67005223866397,16596100
2017-07-07,73.91419982910156,74.16622456829226,73.42590527683792,74.00083389651809,12817800
2017-07-10,73.39439392089844,73.78030544887068,73.31563131585897,73.63854117204002,13987200
2017-07-11,73.1108627319336,73.50465170796417,72.67769245480281,73.50465170796417,13262300
2017-07-12,72.85884857177734,73.11087331256029,72.51231229992189,72.93760517663256,13540100
2017-07-13,73.32353210449219,73.5440530477734,72.72497096648242,73.000628154329,12820100
2017-07-14,72.65406799316406,72.93759654408073,71.3388142206436,71.51995378949738,22235200
2017-07-17,71.97676086425781,72.4493065145385,71.86650041281712,72.31541968189536,14374200
2017-07-18,71.7247314453125,72.12639792582469,71.13404791874781,71.23643090020468,14719400
2017-07-19,71.82710266113281,72.15788994846955,71.66958948334776,71.93736308733087,11651200
2017-07-20,71.82710266113281,72.23664653736206,71.59083289445523,71.78772737105784,11561700
2017-07-21,71.58296966552734,71.95313231653715,71.29156361906894,71.71685649413912,10971300
2017-07-24,71.89012908935547,72.09490108088792,71.59872903356282,71.63810433390942,10725100
2017-07-25,73.0872802734375,73.6543316923227,72.66985866066943,72.74862131019891,16447700
2017-07-26,72.40205383300781,73.39440390582651,72.20515931110893,73.32351875339604,11815500
2017-07-27,72.10276794433594,72.50442839604,71.79561300656542,72.32328882183855,12332400
2017-07-28,71.89012908935547,72.26029176332963,71.59872903356282,72.0240159262734,9351900
2017-07-31,72.2996597290039,72.74070146745106,72.06338393555406,72.0712613976672,11520300
2017-08-01,73.26838684082031,73.35502090916084,72.67770328872244,72.8430939622606,12523700
2017-08-02,73.33137512207031,73.4101317064258,72.85882960719516,73.1423581178687,10165600
2017-08-03,72.8509750366211,73.34714708183074,72.6462030459617,73.00848825482424,11078800
2017-08-04,73.76455688476562,74.34736291062868,73.614915144969,73.63854152309622,14324000
2017-08-07,74.04804992675781,74.18194269736806,73.80390277173218,73.94566699275305,7978300
2017-08-08,73.78031158447266,74.99318249627711,73.71730389869859,73.9929550130306,13745400
2017-08-09,73.66219329833984,73.7803312384505,73.11089092281712,73.22902886292776,11214400
2017-08-10,72.60684204101562,73.29990874980604,72.5123304862393,73.16602188709857,13252300
2017-08-11,72.00039672851562,72.98486946657368,71.85863241388547,72.55957652268323,10679500
2017-08-14,72.84307861328125,73.16598843791716,72.71706927326562,72.74857311045517,10994800
2017-08-15,73.03211212158203,73.68579730870087,72.96910443815698,73.48890280455514,8812700
2017-08-16,72.52806854248047,73.42591315648919,72.3626778529575,73.27627138603033,11085400
2017-08-17,71.39393615722656,72.42566125915792,71.27579827325722,72.26814808636038,13837500
2017-08-18,71.46482849121094,72.09489331634077,71.03166418158473,71.12616969923377,13040700
2017-08-21,71.37820434570312,71.62235765395694,71.00804766890448,71.55147249712702,11502100
2017-08-22,72.11064910888672,72.22878702595612,71.66960729448797,71.72473752128782,9211800
2017-08-23,72.19729614257812,72.72497212364645,71.54360475834683,71.56723715299876,8811300
2017-08-24,72.07913970947266,72.55169134133634,71.99251165295749,72.40204959066327,8623200
2017-08-25,72.37055969238281,72.83523395091767,72.29968053919237,72.36268222800229,11794600
2017-08-28,72.14213562011719,72.60680971327581,71.77197303965421,72.58318333728755,7292900
2017-08-29,71.74836730957031,71.91375799782261,71.12617985829111,71.23644031712597,10886100
2017-08-30,71.91376495361328,72.36268429621775,71.81925941332493,71.8665121834691,9165300
2017-08-31,71.58296966552734,72.33904388495975,71.51209052405419,72.30754004139042,13217400
2017-09-01,72.22088623046875,72.74069049414607,71.63020284469476,71.8664786025012,9815800
2017-09-05,70.4961166381836,71.75624038257686,70.11019904713191,71.6853552298095,16897300
2017-09-06,70.96865844726562,71.29156232267778,70.59849580298697,70.88202438121131,11845700
2017-09-07,69.72431945800781,70.98444378061238,69.36991155778198,70.96869485540653,14592300
2017-09-08,69.6376724243164,70.4252507308807,69.495908088785,69.55103832989468,14242200
2017-09-11,70.71662139892578,71.07890651718866,70.05505282867948,70.40158903255815,13219000
2017-09-12,71.58296966552734,71.86649824890746,70.96078227470673,71.0159124987671,14003800
2017-09-13,71.78775787353516,72.06340905615393,71.13406649136411,71.36246490231827,12485400
2017-09-14,71.64595794677734,72.0869996198006,71.46481239750443,71.82709748730812,10562800
2017-09-15,72.15790557861328,72.22878472134694,71.48058795168697,71.73261269597974,18171800
2017-09-18,73.1817626953125,73.35503085548726,72.33905428707178,72.40206198327071,11318700
2017-09-19,73.98507690429688,74.31585821174325,72.86671161300099,73.016353351069,12626100
2017-09-20,74.5049057006836,75.04833664845762,73.8039614969946,74.11111655215065,15311600
2017-09-21,74.84354400634766,75.11132367818517,74.18198130312068,74.39462474094537,10851500
2017-09-22,74.68601989746094,74.80415779401397,74.37098750956717,74.58363091636822,8358300
2017-09-25,74.1268539428711,74.72540898071249,73.599172042052,74.43400892534721,10463400
2017-09-26,73.79607391357422,74.05597615807032,73.51254528480477,73.85908161079959,9358100
2017-09-27,74.96166229248047,75.38695506551684,74.48911676979861,74.79627165997894,15090200
2017-09-28,75.11920166015625,75.51299073450782,74.74904497761109,75.28459235033458,10270400
2017-09-29,75.2215805053711,75.229451959499,74.83566293833408,75.05618983753106,11438400
2017-10-02,76.26908111572266,76.30058496936195,75.1822252045228,75.42637255929517,13797200
2017-10-03,76.67073822021484,76.73374591967116,76.21394141227384,76.26120019123856,9633500
2017-10-04,75.89103698730469,76.74162289834425,75.82802928824734,76.63136242936632,12166600
2017-10-05,76.9129409790039,77.15852148808074,75.69298612070745,76.04946557303363,14236200
2017-10-06,76.77826690673828,77.34863883142569,76.42178747574272,77.27734536277384,10231900
2017-10-09,76.37425994873047,76.8970968603891,76.16036745097192,76.80995636780128,7765100
2017-10-10,76.94463348388672,76.98424500040456,76.23959200572513,76.4138730082134,10631500
2017-10-11,76.71488189697266,76.84955739505855,76.1603570596805,76.70696443063093,14283600
2017-10-12,76.04154968261719,77.23774621369729,75.74844620608759,77.0793122287553,18251600
2017-10-13,75.93854522705078,76.61189852518334,75.22558042272979,75.63751832916738,13190600
2017-10-16,77.50708770751953,77.59422821522107,76.31881465035616,76.31881465035616,12434000
2017-10-17,77.33280181884766,77.77642176352427,77.0951448234175,77.68928126812445,10335700
2017-10-18,77.62589263916016,78.06951855555813,77.34070670857126,77.75264462780743,10158600
2017-10-19,77.720947265625,77.79224071774794,76.9129185450311,76.99214155032337,9133900
2017-10-20,78.83003234863281,79.13105933221505,78.21213135693462,78.6478278297087,15326600
2017-10-23,78.69535827636719,79.2102777936303,78.61614128383496,78.83003381192799,9238600
2017-10-24,79.9469985961914,80.16089110097786,79.02807070398323,79.12312866711636,13000800
2017-10-25,80.02620697021484,80.36684540381961,79.36870063509963,80.20841145306439,14632700
2017-10-26,80.59658813476562,81.13527209071728,80.26387317358422,80.28763766454453,13054400
2017-10-27,80.62035369873047,80.98476271120035,80.0499877764862,80.35101473910417,10400400
2017-10-30,80.33515930175781,80.74709117877762,79.90738040415982,80.11334332073599,8839500
2017-10-31,79.70142364501953,80.56489903882449,79.66973564287966,80.30348359794027,8690200
2017-11-01,79.9469985961914,80.56489953203057,79.79648813994113,80.08959158475956,8418200
2017-11-02,80.4777603149414,80.6203533057746,79.34494594382086,79.90739439547718,8731800
2017-11-03,80.33515930175781,80.43021724975681,79.79647543558266,80.08957883373624,7103500
2017-11-06,79.83607482910156,80.55696311390918,79.74101688833012,80.27969466968038,8121500
2017-11-07,78.22796630859375,79.81233018319818,77.83187533994264,79.66181368107283,18822600
2017-11-08,77.34864044189453,77.92693588976218,76.96047300212678,77.84771286445309,18524700
2017-11-09,77.3407211303711,77.80811162082833,76.69113217709301,76.93671268992388,13697800
2017-11-10,77.24563598632812,77.90314217613039,77.23771247738117,77.48328685993864,9314000
2017-11-13,77.52291870117188,77.67343519132406,76.54061486933985,76.59606735878518,9303100
2017-11-14,77.05554962158203,77.45956418179247,76.72283459264155,77.11100212640544,11043800
2017-11-15,77.78434753417969,78.2200439799644,76.00985561619935,76.35841760792204,15384100
2017-11-16,78.00616455078125,78.47354904196959,77.87941252640321,78.05369353798842,9808000
2017-11-17,77.74469757080078,77.95858997589401,77.29315432477308,77.49119971415129,9017900
2017-11-20,78.43392181396484,78.54482678260206,77.44369456265586,77.99029589554853,9483200
2017-11-21,78.37055206298828,78.86170699455924,78.35471108500703,78.8220954838041,13389400
2017-11-22,78.14081573486328,78.83793357399554,78.1012042255591,78.44976616705911,7342200
2017-11-24,77.8873291015625,78.34679608320492,77.83980011858867,78.29134358844593,3680000
2017-11-27,77.578369140625,78.52898494710158,77.578369140625,77.87939606910675,13076200
2017-11-28,80.29553985595703,80.56487874048332,77.61004430086538,77.80016622193493,16773000
2017-11-29,82.17303466796875,82.56120212332122,80.77086926031032,81.12735475690907,21105500
2017-11-30,82.7988510131836,84.49412586993667,82.4186070789325,82.97313200132717,23945900
2017-12-01,83.01272583007812,83.43258118814339,80.96097196657378,83.09986630558605,19683500
2017-12-04,84.72383880615234,85.87250601147568,84.58124584424556,85.34174567032662,23576600
2017-12-05,83.74946594238281,85.08825519961732,82.48197619428367,83.63856096716587,17193900
2017-12-06,83.12364196777344,83.78115435542739,82.8067680182164,83.61479689178023,15476200
2017-12-07,82.8780517578125,83.32959508575533,82.17301052723278,82.34728542465392,13371800
2017-12-08,83.91582489013672,83.92374840104038,82.65625258664447,82.98105005114712,13506900
2017-12-11,83.67024230957031,84.01879818514915,83.4246618463844,83.7494592792988,10591200
2017-12-12,84.6446304321289,85.05656838340782,83.60687413079387,84.69216545350291,15508800
2017-12-13,83.58309173583984,84.85058123003013,83.55932725217794,84.52578383633971,15020300
2017-12-14,82.90975952148438,84.32775978620319,82.8939124991157,84.06634435580193,13034200
2017-12-15,84.0821762084961,84.38320311827907,83.3375233785617,83.80491378581866,29350600
2017-12-18,84.7317886352539,85.26254914126557,84.35154464797093,84.91399316023436,12713100
2017-12-19,84.37527465820312,85.15160934054792,84.31982218089279,85.04070438592723,12149900
2017-12-20,84.0821762084961,85.34174841989858,84.0425647007418,85.23876091728444,13091500
2017-12-21,85.42098236083984,85.61110433932053,84.41490788514756,84.43867237697405,12323700
2017-12-22,85.11994171142578,85.92004711306451,84.61294578504652,85.71407812926412,14573400
2017-12-26,84.77928161621094,85.547698820823,84.28813283757638,84.92187456184891,7403700
2017-12-27,84.9377670288086,84.99321953490238,84.50206444959319,84.50206444959319,9496500
2017-12-28,85.38929748535156,85.42890295855709,84.89022500710546,85.08034699255127,7440600
2017-12-29,84.71593475341797,85.77745560379162,84.71593475341797,85.62693910798377,8925700
2018-01-02,85.51602935791016,85.57148184634795,84.61294252114149,85.26253140449909,13578800
2018-01-03,85.60315704345703,85.94379543402091,85.14369622677427,85.4447231127205,11901000
2018-01-04,86.8294906616211,87.61783447623455,86.16058827698507,86.28800056943098,12953700
2018-01-05,86.27207946777344,87.2356183168031,85.82614855112394,87.00468807058016,14155000
2018-01-08,86.39947509765625,86.54281087539455,85.76242584651894,86.12076832854065,12466500
2018-01-09,86.83745574951172,87.2993101228466,86.39151879975896,86.57467245194621,13292300
2018-01-10,87.79303741455078,88.15137391263205,87.10821142125255,87.17191757768806,15834500
2018-01-11,88.26282501220703,88.33449593134598,87.63374668778884,88.12745403481837,13676800
2018-01-12,89.72007751464844,89.86341328810622,88.26283149705306,88.9078455152889,18884200
2018-01-16,89.40155029296875,90.325271045075,88.44598254800161,88.79636022298696,22703300
2018-01-17,89.97491455078125,90.22177436870226,88.63711574768962,89.09897623246776,14940300
2018-01-18,90.18990325927734,90.55620444367997,89.40155346261018,89.79174900553295,14572900
2018-01-19,89.9908447265625,91.04993064308648,89.82362063447975,90.7314120345592,18785500
2018-01-22,91.04196166992188,91.0897382407458,89.58471550626868,89.71212779560227,12475700
2018-01-23,90.94640350341797,91.2888164407667,90.26157762872052,90.5163961349787,12320800
2018-01-24,92.1090087890625,92.37179206941344,91.30474152547028,91.46400080579393,15904500
2018-01-25,92.13288879394531,92.50715475195939,91.6391814240983,92.40363683658698,13510000
2018-01-26,92.62660217285156,92.62660217285156,91.54362215376311,92.13288872800632,13883900
2018-01-29,92.53104400634766,93.44679998391335,92.38770823529083,92.38770823529083,11679900
2018-01-30,91.6630859375,92.84958408283244,91.5595680037974,91.99753410055705,14279100
2018-01-31,92.1090087890625,92.89735863011533,91.70289580163154,92.09308529117098,13141400
2018-02-01,93.0645751953125,93.1601283256635,91.95770688283478,92.18863099808412,13800600
2018-02-02,91.00215911865234,93.10441364346998,90.85085851845565,92.76200065247716,16477300
2018-02-05,86.63838195800781,91.24900361046899,82.80017457855577,89.9828757964057,30097600
2018-02-06,89.27415466308594,89.56879102241427,84.89445750873917,85.08556986528475,33114800
2018-02-07,89.87934875488281,91.13751165402394,88.50969706876127,88.82822170570732,21878300
2018-02-08,85.90576171875,90.07045798875075,85.8739086486229,90.07045798875075,27425800
2018-02-09,87.62579345703125,88.43006679258339,84.59185982959141,86.8772614768925,28188000
2018-02-12,88.97952270507812,89.76787260610946,87.64968877960882,88.52562703873551,18043300
2018-02-13,89.52896118164062,90.02267461827304,88.2309805676468,88.64505829730355,16358200
2018-02-14,91.599365234375,91.79047757213199,89.60859399629729,89.68822363075007,15186900
2018-02-15,91.98161315917969,92.36383790605908,90.95437427949304,92.1647607450815,12130200
2018-02-16,91.32066345214844,92.42753183480441,91.17732767218246,91.21714552925434,13214300
2018-02-20,91.34455108642578,91.88604113185043,90.75528447313634,91.296774518561,13461500
2018-02-21,91.7267837524414,93.52643669988964,91.31269990454295,91.57548318393789,14212500
2018-02-22,91.5595474243164,92.71419223621089,91.38435859484798,91.97362514140887,17070400
2018-02-23,93.41496276855469,93.47866891658062,91.8223455200223,91.8223455200223,12162500
2018-02-26,94.57756805419922,94.68109205856986,93.4229230350292,94.0758958323151,16511200
2018-02-27,93.45476531982422,95.02349402469045,93.44680053378762,94.68904591537374,17563300
2018-02-28,91.97362518310547,94.35458572700698,91.84621291603385,93.82106052818496,17735600
2018-03-01,90.32527923583984,92.8814289570045,89.70415953775245,91.95771419648666,18690000
2018-03-02,90.23768615722656,90.42879851133495,88.4858097479699,89.49711895028533,18353700
2018-03-05,91.6232681274414,92.3160588158916,89.09897125311836,89.22638354884133,13933000
2018-03-06,91.70289611816406,92.22845660532792,91.03399377272117,92.08512082240102,10674400
2018-03-07,91.36050415039062,91.65513449511631,90.07048180817645,90.58011891428127,13006500
2018-03-08,91.36844635009766,91.75864193530735,90.15009517365891,91.66308271692596,11173700
2018-03-09,93.99626159667969,94.02811466759508,92.10900815356938,92.80976356300378,15366600
2018-03-12,93.69366455078125,94.56163793226425,93.36717513733039,93.96440653479732,12339300
2018-03-13,92.57086944580078,94.33867540856403,92.23642131104884,94.12366869668627,13312300
2018-03-14,91.53565979003906,92.84160524608222,91.25695302966737,92.81771696310061,12905100
2018-03-15,91.7666244506836,92.37182084004509,91.44014100172615,92.26830288312765,8748000
2018-03-16,91.92587280273438,92.84958768059178,91.84623707718993,91.84623707718993,19888900
2018-03-19,91.20121765136719,91.93382006243094,90.2217615328553,91.65511328380366,13214900
2018-03-20,91.28880310058594,91.93381102131256,91.13750254620254,91.47195672301591,9921200
2018-03-21,91.36844635009766,92.87346910632814,90.94640376744658,91.42418770864869,13633000
2018-03-22,87.55413818359375,90.46066612208533,87.22765477932464,90.14214143047542,22550400
2018-03-23,85.2129898071289,88.32655345006279,85.0139126458682,87.8089516157144,23081500
2018-03-26,87.8408203125,88.51768764144526,86.51895088582619,86.94895835966578,20217500
2018-03-27,86.13670349121094,88.93971328539813,85.44391886778016,88.4459997451366,18039900
2018-03-28,86.00133514404297,86.9330148166854,84.92631966981303,86.22430059643402,19189300
2018-03-29,87.5700454711914,88.21505340290229,85.82612793688969,86.39947102078898,13274600
2018-04-02,85.8818588256836,88.17523088189492,84.47239564559612,87.56207001811862,18822500
2018-04-03,87.0604248046875,87.1957958149914,85.41206616791136,86.28800445417862,14050700
2018-04-04,88.38229370117188,88.5574825729355,85.22094744803593,85.2846535969232,15302600
2018-04-05,89.54277801513672,90.3031109709555,89.15060987945091,89.34269135931495,16627000
2018-04-06,87.30982208251953,89.2786804171031,86.29338441936221,88.47833368492347,18906000
2018-04-09,88.35826873779297,90.42316449849538,87.95009024877966,88.04613404212401,15974300
2018-04-10,90.04701232910156,90.33513764048108,89.17463121793554,89.74287666366709,13951400
2018-04-11,88.53437042236328,89.48677901820008,88.45433085272565,89.36673187606736,14503300
2018-04-12,90.73529815673828,91.55164901927094,89.23864778490828,89.28666662795135,16435500
2018-04-13,88.27825164794922,92.15993228208052,87.27781818007202,92.05588329347806,39152800
2018-04-16,88.20622253417969,89.21466123978844,87.870078334364,88.79047840104553,16580500
2018-04-17,88.20622253417969,89.57481486728216,88.03014525632528,89.1346277788078,15501400
2018-04-18,87.49388885498047,88.89449538556634,87.1497395775044,88.4623074948178,16081400
2018-04-19,89.41471862792969,89.53477183311831,87.6379482883851,87.6619577081909,17911000
2018-04-20,89.21463012695312,90.23106754987295,88.74242249137086,89.8789192231345,15584400
2018-04-23,88.78245544433594,89.59880635272216,88.54234900331387,89.29467681943326,11285800
2018-04-24,88.36627960205078,90.35914111948843,87.70998946452485,89.43874121904467,16453100
2018-04-25,88.0301284790039,88.46231641332434,86.91764709676002,88.25422456950476,13548200
2018-04-26,88.11817932128906,88.69442998029682,87.5099140583185,88.01413643803096,10299500
2018-04-27,87.55792236328125,88.16618751055599,87.34182535417567,87.67797557876655,9384000
2018-04-30,87.06172180175781,88.27825232751164,87.03771237532975,87.83805915579255,13744900
2018-05-01,87.06172180175781,87.21378964401738,86.06929350370912,86.79760589872636,10503400
2018-05-02,86.37338256835938,87.62992618005377,86.22132090358616,86.52545033929107,12162100
2018-05-03,85.82916259765625,86.2533452935811,84.18045065314537,86.10928266985572,15379100
2018-05-04,86.78160858154297,87.02971414933234,84.8207612552502,85.18091489276134,11967900
2018-05-07,87.53395080566406,87.78205641380504,86.72559865163454,87.04573866269045,9356700
2018-05-08,88.83047485351562,89.11059496571117,87.46188278579412,87.66196945252814,12543200
2018-05-09,90.767333984375,90.95141032986842,88.86250468266445,89.19064980330457,11368100
2018-05-10,91.47161102294922,91.59166423073758,90.23907656156429,90.59123100943421,9159700
2018-05-11,91.12747192382812,91.8237757218065,90.9754041032424,91.631688125437,10253000
2018-05-14,91.15947723388672,91.79975083805844,91.03141884935647,91.3275492839628,8710700
2018-05-15,90.46318817138672,91.16749718815535,90.09502941542168,91.16749718815535,11536200
2018-05-16,90.71128845214844,90.9914146709756,90.14304305040733,90.35113489388564,7571100
2018-05-17,90.40715789794922,90.76731755831517,89.79889272718212,90.59923938644813,8617200
2018-05-18,88.94253540039062,90.27911916272966,88.71043410161512,90.23909938129337,11806300
2018-05-21,89.75888061523438,90.07101532927084,89.57479819369877,89.67884716915128,9441900
2018-05-22,90.44718933105469,91.47163220996927,89.87093868512494,89.91895753689867,11507600
2018-05-23,90.03099822998047,90.25509432814026,88.93452716310426,90.04700858336943,11453900
2018-05-24,89.0225830078125,89.7589006459515,88.13419751386759,89.75089546770859,14084800
2018-05-25,88.5663833618164,88.9025275657842,88.19821844566685,88.40631033171623,8283500
2018-05-29,84.78073120117188,87.39786237860851,84.00439387916376,87.38185813037047,30643800
2018-05-30,86.7175521850586,86.9176388334349,85.35696541856369,86.14930683640908,17490800
2018-05-31,85.64510345458984,86.58951282003001,85.17289571878935,86.39742521250396,19808200
2018-06-01,86.75758361816406,87.18977156948584,86.27737681874898,86.70955866391003,13594200
2018-06-04,86.79759979248047,87.44588479123796,86.65353713788558,87.22978775626515,9415400
2018-06-05,86.30938720703125,86.68555114177714,85.69312292039031,86.62952711571887,10415200
2018-06-06,88.32624816894531,88.63037766806897,86.82159881189597,86.96566143909344,15453600
2018-06-07,88.67842102050781,89.2386612946917,88.06215061274453,88.98255058275606,13444400
2018-06-08,88.92652130126953,88.95053072500728,88.08615483348427,88.53435313251138,10383200
2018-06-11,88.70240783691406,89.5667835591924,88.65438289268118,88.93450906453471,12642900
2018-06-12,88.19020080566406,89.26266240380468,87.6539639004333,88.95052769353029,15294100
2018-06-13,88.01412963867188,89.19863936298187,87.70199490684959,88.40629782113767,14979700
2018-06-14,86.46144104003906,88.32625005804606,86.26135439277205,88.26222086544225,20487300
2018-06-15,86.35741424560547,86.74157726036938,85.05284515481044,86.27738079304308,26028600
2018-06-18,86.58149719238281,86.75757442494792,85.38898244386468,85.84517977089243,9786800
2018-06-19,86.0772705078125,86.34138021823846,85.31693765153594,85.55704404955155,12707200
2018-06-20,86.06926727294922,86.94964724191847,85.98923384052647,86.58148856784622,8876900
2018-06-21,86.0452651977539,86.60550537868885,85.26092283828498,85.7171201588063,11048700
2018-06-22,84.63668060302734,86.73359157836084,84.44459906599405,86.56551947018647,19478900
2018-06-25,83.86835479736328,84.5966673221188,83.20406538576694,84.56465881862044,16907600
2018-06-26,83.92434692382812,84.20446701913595,82.52374034112894,83.80429370979331,17086800
2018-06-27,82.62781524658203,84.77274526071331,82.61981617372841,83.78031677840256,16276800
2018-06-28,83.9803695678711,84.40455229184347,82.84387885342433,82.97993631089471,14491300
2018-06-29,83.39613342285156,85.557073428548,83.35611974688177,85.38099615702886,18972400
2018-07-02,84.10043334960938,84.10843242023529,82.73984028542735,83.01196134072806,11130000
2018-07-03,82.92393493652344,84.66068607940508,82.85190054714774,84.36456166242074,8311700
2018-07-05,83.46304321289062,83.9941392093282,83.3101490575589,83.79296527414068,10723400
2018-07-06,83.73666381835938,84.09073202304626,82.23992876680171,82.98025375290548,12173700
2018-07-09,86.32779693603516,86.47264248012961,84.25972819717464,84.25972819717464,13900800
2018-07-10,85.79668426513672,87.22904207160431,85.72425843729155,86.92325368190255,14575900
2018-07-11,85.61161041259766,86.15075528096844,85.46676488116366,85.54723325655065,10186500
2018-07-12,85.98176574707031,86.5530991661957,85.27363548238178,86.44044221816215,12456800
2018-07-13,85.58744812011719,86.74621206840081,84.60571823497044,86.34386415739587,21289100
2018-07-16,88.98329162597656,89.13617970234402,86.08638704312797,86.1427155216515,24662600
2018-07-17,88.91889953613281,89.2649190287702,88.31537759357987,89.0717937261692,14821900
2018-07-18,89.74775695800781,90.22253085955651,88.67750964882055,88.85454377687789,14244900
2018-07-19,88.42803955078125,89.39367225793707,88.29929138818721,89.36953236115963,16775300
2018-07-20,89.54657745361328,89.91673690812601,88.33953335176334,88.51656746899633,13578100
2018-07-23,91.21227264404297,91.92845145369843,89.26491017597624,89.36951842548092,18140000
2018-07-24,91.85604858398438,92.36300484805957,91.26861780934911,91.37323221733992,14000400
2018-07-25,92.68489074707031,92.95848445559872,91.2364354097328,91.63878343239949,13329100
2018-07-26,92.4193344116211,93.01480773285942,92.20206919283929,92.87801088624335,11897800
2018-07-27,93.368896484375,93.58616789031285,92.38716616562087,92.68490596143234,12802700
2018-07-30,93.93216705322266,94.64029732510895,93.39301606576106,93.57005016856846,13411600
2018-07-31,92.49980163574219,94.21380802438118,92.3951933671594,94.21380802438118,15843800
2018-08-01,93.0711441040039,93.89998001771305,92.76535568891971,93.14356379851749,13531600
2018-08-02,93.46546173095703,93.54593012039598,92.00091494152763,92.19404030405002,11058100
2018-08-03,94.22183990478516,94.25402847747915,93.2964445320383,93.34472432140805,11016100
2018-08-06,94.24600219726562,94.57592438044487,93.48958595682292,93.98045103123656,9857400
2018-08-07,94.5920181274414,95.18749145391283,94.41498402351505,94.74490619409691,10562100
2018-08-08,94.78515625,95.17140694768656,94.3747595117819,94.41499677332365,8997100
2018-08-09,94.05284881591797,94.72879652293703,93.90800331722403,94.5598111310178,9694200
2018-08-10,93.12748718261719,93.30451517674643,92.282553778073,92.94240436870997,12630600
2018-08-13,91.6468276977539,93.24817103182333,91.59049922286734,92.99066855529286,10336300
2018-08-14,92.2583999633789,92.57223092017604,91.45370394300812,91.95261154645823,10597600
2018-08-15,91.49392700195312,92.00088937931501,90.90650239685309,91.59049272605607,10152100
2018-08-16,92.35496520996094,92.78950182428161,91.97676321428429,92.01699433415943,10118600
2018-08-17,92.35496520996094,92.59637648658702,91.97676321428429,92.25035693107299,8505100
2018-08-20,92.2342758178711,92.58029541130139,91.82387905837366,92.21012977608757,8618700
2018-08-21,92.79754638671875,93.65857089744533,92.44347816720159,92.83778364415244,10976700
2018-08-22,92.51589965820312,92.86996786109339,92.3630054543472,92.78949335000506,8314700
2018-08-23,92.32279968261719,92.66077062033233,92.08138836176641,92.50787637450384,9265400
2018-08-24,92.28254699707031,92.71708361839053,92.09746419676314,92.52395827758507,8845700
2018-08-27,93.91607666015625,94.37475316992669,92.67684398794368,92.71708124678155,13768000
2018-08-28,93.4574203491211,94.17359950794628,93.32062346245675,94.14945960316375,8302600
2018-08-29,93.1515884399414,93.64245337389943,92.82970888891849,93.6263560197103,7221700
2018-08-30,92.69294738769531,93.3769378571061,92.52396194038282,93.01482092199865,8991800
2018-08-31,92.20206451416016,92.41128104330598,91.59049386591612,92.40323850403779,13065700
2018-09-04,92.66073608398438,92.7331557696405,91.43759485193343,92.00892821636596,10174200
2018-09-05,92.21012115478516,93.1033342975851,91.9365274335965,92.54004949552383,11462400
2018-09-06,91.8157958984375,92.2986121839414,91.3329796129336,92.13767546855416,9877600
2018-09-07,91.99285125732422,92.35496202041381,91.43760902386619,92.13769679042878,10955600
2018-09-10,91.50199127197266,92.51591006012056,91.4617601512484,92.41934431956327,8276900
2018-09-11,92.08135986328125,92.20206548634916,91.07548990328706,91.36518094291283,9333800
2018-09-12,90.99504089355469,92.44349026049817,90.80995808022845,91.9365339029696,10800800
2018-09-13,91.34908294677734,91.83994797496966,90.6650926066326,91.22838346389644,12470800
2018-09-14,91.3329849243164,92.12963214869322,91.11571973197455,91.58243868947604,10337900
2018-09-17,91.6065902709961,92.0813641064496,91.17205983087702,91.56635915434826,9561300
2018-09-18,91.97676849365234,92.2664595864941,91.38128894761977,92.0009083948318,7944200
2018-09-19,94.64835357666016,95.00241567125904,92.08941983894681,92.08941983894681,16052800
2018-09-20,95.4610824584961,95.95194750032957,95.01850335049984,95.35647419064458,15590000
2018-09-21,94.83341979980469,95.94390417886284,94.74490275105822,95.86342966957106,24788200
2018-09-24,93.92411041259766,95.32427961894774,93.69074785498218,94.76099492080195,12492500
2018-09-25,93.6585693359375,94.92999052178472,93.60224086007558,94.18162297713727,9308300
2018-09-26,92.5561294555664,94.04482193868257,92.26644454928048,93.9482562103585,14023600
2018-09-27,92.15376281738281,93.15159005680766,91.86407796971001,92.87799028491959,13283000
2018-09-28,90.80188751220703,91.92846306338939,90.54438505530902,91.45369540259172,15815100
2018-10-01,91.3329849243164,92.22619786714654,90.96282554592574,91.22837666716552,10146300
2018-10-02,91.71119689941406,91.83190251780265,90.77774666584129,91.22033188681851,13753100
2018-10-03,92.57221221923828,93.07112586124396,92.1215845034539,92.49174386132566,17142000
2018-10-04,93.4068832397461,94.65479414366662,92.54793406759882,92.82344991559172,16357400
2018-10-05,92.88015747070312,94.0794440955143,92.39395384094814,93.86065740799333,13777600
2018-10-08,93.44739532470703,93.82014694116101,91.85104184440553,92.58034117326618,14370900
2018-10-09,92.79910278320312,93.21237332151107,92.11032267424645,92.9206536688625,14069500
2018-10-10,90.32759857177734,93.1475470212824,90.32759857177734,92.94496426901138,23086400
2018-10-11,87.62110137939453,90.3276105226362,87.0133530421729,89.92244496448845,33705600
2018-10-12,86.6648941040039,89.80898220018865,85.5709485393594,89.43623069872714,32075700
2018-10-15,86.17059326171875,88.20452574823037,86.15438936238064,86.8674783976178,18903200
2018-10-16,88.01817321777344,88.14782298913744,86.48664781312327,86.83509046077224,19302800
2018-10-17,88.99866485595703,89.78468700028897,87.70213635195694,87.82368106925728,18794500
2018-10-18,87.58869171142578,89.0067712348614,87.36179997684985,88.34229993403072,17582500
2018-10-19,87.44282531738281,88.50435699929243,86.92420776508146,87.23213751635431,15234500
2018-10-22,86.18680572509766,87.79125764430273,85.98422297493191,87.63729895816451,16199100
2018-10-23,85.28734588623047,86.02475013409801,84.03133024347531,84.43649578212722,21407500
2018-10-24,83.69910430908203,85.1090787635922,83.391180701094,84.89029207571524,23168900
2018-10-25,84.97132110595703,85.81406620637084,84.04754413061292,84.42029570116091,17464700
2018-10-26,83.80443572998047,84.72821263264431,83.24531150931674,84.27442922286848,19174900
2018-10-29,84.96321868896484,86.40560712723286,84.03133664263359,84.64719003933695,18445200
2018-10-30,86.46234893798828,86.68924689961516,84.97134228417843,85.66012266626097,18019700
2018-10-31,88.34229278564453,89.52538161849183,87.34558900621676,87.58058576439407,20860000
2018-11-01,88.30989837646484,89.31470735025309,87.77507680797876,88.82850985857081,13065000
2018-11-02,87.82369232177734,89.7927973646994,87.1024980558254,89.0553991951431,19009200
2018-11-05,88.39900970458984,88.56107962110822,87.85608939450746,88.01005426961612,10276400
2018-11-06,88.81230926513672,88.86903220885702,87.32130264029587,88.0587009086599,10825000
2018-11-07,90.33572387695312,90.53830667466735,88.6097144837327,89.43625576051508,12679600
2018-11-08,91.06501007080078,91.51069466478019,89.94675533818321,89.95486038052898,11662500
2018-11-09,90.18174743652344,91.0488014525355,89.80899587829106,90.94346063684013,10432200
2018-11-12,88.28558349609375,90.70847828282714,88.00196880700659,90.28710258846631,13279700
2018-11-13,88.80418395996094,90.0439957595565,88.4071234445101,88.4071234445101,13746100
2018-11-14,86.97284698486328,89.71176414610126,85.87890112893801,89.32280864202556,18361400
2018-11-15,89.19316101074219,89.20126605434834,86.55147938779002,87.71025332999574,19100000
2018-11-16,89.1283187866211,89.7522772155317,87.96144616957619,88.6907392368533,13798600
2018-11-19,89.80899047851562,90.10880900605876,88.75555765555735,89.10400024939723,13987000
2018-11-20,87.88040924072266,89.53348550031491,87.49955879990219,88.95815113554058,18936200
2018-11-21,87.22405242919922,88.82040592914844,87.22405242919922,88.35041233561623,10619600
2018-11-23,86.42179107666016,87.02143420713256,85.94369263441357,86.49471788959565,6488400
2018-11-26,88.5367660522461,89.1202053565511,87.07006275049748,87.28885558077928,13948300
2018-11-27,88.9095230102539,89.16072365518895,88.02625895873727,88.13160595100183,9238200
2018-11-28,89.89811706542969,90.27086855845182,88.22073225566285,88.97434028221517,13977300
2018-11-29,89.18504333496094,89.78469283014479,88.8447057397502,89.35521213256631,11144300
2018-11-30,90.10072326660156,90.20606409130208,88.79608961009284,89.01487630211271,18652700
2018-12-03,90.95157623291016,91.47829277298207,90.5464106147528,91.06502211140729,16034500
2018-12-04,86.8918228149414,90.43296642715283,86.48665718920834,90.43296642715283,23555900
2018-12-06,85.23870849609375,85.3764632639546,83.36683993184424,85.09284868826046,27213900
2018-12-07,83.69910430908203,86.6892281981951,83.391180701094,85.21442576863397,19248600
2018-12-10,82.13516235351562,83.86116540371846,80.44967214968231,83.35876406885322,23636400
2018-12-11,81.33293151855469,83.99892147408131,81.20327558015727,83.56944081489142,16860700
2018-12-12,81.8596420288086,83.3830683981759,81.08172494294112,82.37825960172235,22621500
2018-12-13,81.940673828125,82.62945394907605,81.57602116479683,82.28911640917106,17250900
2018-12-14,81.26809692382812,82.60514431345308,80.91965434571173,81.02499515031998,19879500
2018-12-17,80.23088836669922,81.48689793156537,79.76899986152,80.84673558538084,25113500
2018-12-18,79.85000610351562,81.7542824456955,79.50966861577298,80.56309505626221,20837200
2018-12-19,78.83711242675781,81.50310245266776,78.27798199674463,79.74468547249383,28767900
2018-12-20,78.15644836425781,79.63935606919092,77.54060105155632,78.28610433472357,31825200
2018-12-21,76.30887603759766,79.76088815668373,75.91992058274417,78.34280877192874,41313900
2018-12-24,74.66390991210938,76.34940014826773,74.66390991210938,75.27165826032972,17009300
2018-12-26,77.75936889648438,77.75936889648438,73.8292644353059,75.10958901232001,22542900
2018-12-27,78.63453674316406,78.7236736656172,75.80648271737068,76.8356005734168,20304700
2018-12-28,78.46435546875,79.67174697778326,78.14832686022676,79.37192226970487,17963300
2018-12-31,79.1045150756836,80.06880476937613,78.41572877432971,79.08019995232861,13237200
2019-01-02,80.4739761352539,80.85483272520688,77.7431644012544,77.7512632606278,15670900
2019-01-03,79.33031463623047,80.78441681238343,78.9872131360795,80.58018883859692,16286400
2019-01-04,82.25484466552734,82.45090173699191,80.28608439078691,80.96412262725666,16935200
2019-01-07,82.3120346069336,82.89204123628033,81.4542747250231,82.04245221747117,15430700
2019-01-08,82.15681457519531,83.17795426427378,81.32356733122579,83.0227390371204,13578800
2019-01-09,82.01795196533203,82.90838290083812,81.63400239404304,82.35288258690693,14230300
2019-01-10,82.00979614257812,82.28754946675633,81.09485244813887,81.70753645531971,14376100
2019-01-11,81.61766052246094,81.83005310197085,80.83341971373589,81.60131879631871,15439900
2019-01-14,82.4590835571289,82.80218503592079,80.59652554935268,80.76807628874862,21258500
2019-01-15,83.06358337402344,83.70894437633964,80.5474937977242,80.78439894281813,26504900
2019-01-16,83.73345947265625,84.50952318938585,83.16162370585995,83.52923152272294,18533000
2019-01-17,84.07654571533203,84.55035596923038,83.25963406345541,83.41484927172519,14247600
2019-01-18,85.4408187866211,85.69406573200055,84.00305822644083,84.77095122964921,16428700
2019-01-22,84.09291076660156,84.62389850158834,83.43120790689204,84.2072779309873,17083700
2019-01-23,83.8805160522461,84.71376346690992,83.30050933793771,84.50137085550234,12146700
2019-01-24,83.92951202392578,84.21542989187292,83.2759863589812,83.43119535441417,11296800
2019-01-25,84.46051788330078,85.21207530915942,83.92952392039565,84.55854955158176,14369400
2019-01-28,84.86080169677734,85.15489046471632,83.80698465041979,84.05206070121658,12283100
2019-01-29,85.09770965576172,85.86560882289776,84.73827266410612,84.86080446095288,9743300
2019-01-30,85.29376983642578,85.97180193985402,84.77911137856066,85.07320014518562,12526300
2019-01-31,84.55035400390625,84.7954299867891,83.92133478890061,84.47683494856608,17520600
2019-02-01,84.86080169677734,85.65320719747166,84.56671292883836,84.95883336360463,13000800
2019-02-04,85.16304779052734,85.16304779052734,84.1500789911762,84.78726914290581,9871500
2019-02-05,84.78729248046875,85.40814731081795,84.37883650333914,85.38363471685355,12763000
2019-02-06,84.7464370727539,85.46532351926145,84.52587360646649,84.72193071344898,8745000
2019-02-07,83.63542938232422,84.55037285890889,82.86753651429494,84.3461449051434,13177500
2019-02-08,82.80217742919922,83.60274747283495,81.74018963616484,83.39035490026181,12892600
2019-02-11,82.41006469726562,83.33317907113768,82.32020389569325,83.1289511098446,10978500
2019-02-12,83.81513214111328,84.07654361387829,83.23512563068282,83.28413833415716,12852300
2019-02-13,84.21544647216797,84.83630127375967,84.06023744617752,84.06023744617752,10754100
2019-02-14,83.66809844970703,84.22359867911955,82.7940031420696,83.70894652949666,11518500
2019-02-15,86.22504425048828,86.34757603625552,84.68108142439608,84.87713851416616,14716900
2019-02-19,85.9227523803711,86.07796756079748,84.80358137434854,85.70218901624848,12764900
2019-02-20,86.33940887451172,86.42926966980174,85.67770608805405,85.94728847392413,10030300
2019-02-21,86.1596908569336,86.58448226202225,85.74306408263365,86.143349130271,8400100
2019-02-22,85.77571868896484,86.6661493484973,85.59599713831474,86.34755432054156,10647300
2019-02-25,86.67433166503906,87.63011687522818,86.33940110300381,86.38841381146219,11230700
2019-02-26,86.01262664794922,86.15967099129595,84.90979718911925,85.36726570951303,15465400
2019-02-27,85.90642547607422,86.08614078987061,85.37543169804366,85.92276096549541,9968800
2019-02-28,85.25292205810547,85.94729589137437,85.10587767426264,85.78391601267916,15156900
2019-03-01,85.31008911132812,86.51912117008617,85.12219667794146,85.85741845471719,13813300
2019-03-04,85.11405181884766,86.52730589841208,84.3624881432678,85.71039400836088,12466300
2019-03-05,85.04867553710938,85.40811867086511,84.35430185534248,85.06501102839759,10856600
2019-03-06,84.73008728027344,85.42446101776625,84.59121377928327,84.8444544260938,9070800
2019-03-07,84.11741638183594,84.52587231747073,83.45571976052132,84.34615070858455,12705700
2019-03-08,84.15008544921875,84.32980704068729,83.31683193105415,83.31683193105415,10582400
2019-03-11,85.24474334716797,85.40812944336547,84.68107845477793,84.94248997615162,9763200
2019-03-12,84.99150085449219,85.60418467878995,84.75459569452532,85.44079858611859,10219100
2019-03-13,85.27742767333984,85.75940890661239,84.91798446429203,85.11404779606873,13022200
2019-03-14,86.05348205566406,86.48645052505167,85.33460194850007,85.36727916689964,10926500
2019-03-15,87.04195404052734,87.24618198878524,85.9636307230274,86.11067509507478,24811700
2019-03-18,87.56478118896484,88.05492704122234,87.00111003097027,87.04195811555115,12935500
2019-03-19,87.24618530273438,88.55324297472349,87.04195734671912,88.38985687038573,12889300
2019-03-20,85.38362121582031,87.12364739208383,85.2937666489999,86.94392579335778,14920700
2019-03-21,84.03572845458984,84.54220983808405,83.5537471980709,84.54220983808405,19751000
2019-03-22,81.49510955810547,83.58640142898156,81.29904627080478,83.17794559591724,31115200
2019-03-25,80.81707763671875,82.15681237429618,80.13086854311902,81.3562361371868,21032300
2019-03-26,81.62583923339844,82.01795970540151,80.72723734938141,81.54414928622298,15987100
2019-03-27,81.34807586669922,82.05878512051805,80.93961998012115,81.59314565912074,12753200
2019-03-28,82.27120971679688,82.3447350403514,81.47880405122757,81.69120292394219,12454100
2019-03-29,82.69599151611328,83.31684005118638,82.17316218427561,82.94923220193144,14523400
2019-04-01,85.48165893554688,85.5143361587709,83.42304373277733,83.44755009205959,17499300
2019-04-02,85.89012908935547,86.13520518781715,85.22843234907063,85.44899585165088,10295400
2019-04-03,86.06165313720703,86.88673576440287,85.60418454353433,86.43743180094421,11499200
2019-04-04,86.89307403564453,87.03301650214026,85.97936271084698,86.06168402533902,11952100
2019-04-05,86.687255859375,87.34578848537211,86.42384406502268,87.0906100759087,9933700
2019-04-08,86.96714782714844,86.96714782714844,86.35800913636996,86.52263917812624,8056300
2019-04-09,86.32506561279297,86.59670450250476,85.81470253110086,86.4979290081486,9092200
2019-04-10,86.71195983886719,87.02476569877358,85.99581227588841,86.53909641745047,10882300
2019-04-11,87.44458770751953,87.85616911081529,86.89306385412551,87.016539531161,11183800
2019-04-12,91.54393768310547,92.0707613925338,89.62596677959368,90.08694223551896,25834100
2019-04-15,90.49851989746094,91.37107045246736,89.82352665523764,91.30521592146174,15163800
2019-04-16,91.45336151123047,91.69207941339576,90.43264166905257,90.46556892592697,11583200
2019-04-17,94.08751678466797,94.38385591471686,91.37931023964205,91.94728833870728,17791900
2019-04-18,93.39604187011719,94.6225525698696,93.28903297692844,94.27682573319842,12501900
2019-04-22,93.51127624511719,93.78292142821267,92.73750762085943,92.87744376479371,7975900
2019-04-23,93.62649536132812,94.1450917244906,92.89388128280223,93.01735690642334,9193100
2019-04-24,93.47013854980469,93.96403497427424,92.8609935553996,93.23142058392709,9245700
2019-04-25,93.51953125,93.96403993958174,92.60581999034322,93.02563479943166,9311800
2019-04-26,94.22742462158203,94.31797301076433,93.51127089265815,93.79937654904168,7889300
2019-04-29,95.5856704711914,96.44176057151876,94.21098376649452,94.33445944754604,14242200
2019-04-30,95.52803802490234,96.07955555076641,94.87773870983429,95.84083760369839,11389100
2019-05-01,94.79542541503906,96.310041862293,94.75426476539772,95.25639454590184,10412900
2019-05-02,95.00121307373047,95.30577926252532,94.31798650496205,94.80364949803126,8613300
2019-05-03,95.5856704711914,96.04663964820074,95.21524342803689,95.4868886703034,8185400
2019-05-06,94.73780059814453,95.05060647145882,93.61007161767353,93.98872573989763,9387000
2019-05-07,93.19024658203125,93.8652397308329,92.43293842098217,93.8652397308329,15017700
2019-05-08,92.69633483886719,93.56888512824847,92.57285920087901,92.73749547827386,9575800
2019-05-09,92.62225341796875,92.80335019564524,91.02532223712548,91.48629128558758,12205900
2019-05-10,92.61402130126953,92.88566017285042,90.99239005468213,91.98841599776387,13189000
2019-05-13,90.09516143798828,90.918324196783,89.70828021675086,90.61375799537836,13783700
2019-05-14,90.81130981445312,91.96373886321119,90.13631664421717,90.17747729176438,10503600
2019-05-15,90.46558380126953,91.28874651778656,89.40370314333457,89.89759951719817,10142000
2019-05-16,91.62622833251953,92.33414868126178,91.03355024703929,91.05825040079458,9672700
2019-05-17,91.18172454833984,91.9884267136952,90.40795592305132,90.54789206717201,9570100
2019-05-20,91.65914916992188,92.03780319129132,90.8524533835967,91.02531676638066,8518200
2019-05-21,91.97196197509766,92.1283586017941,91.55214728189694,91.73324406250244,7967900
2019-05-22,91.2228775024414,92.02134621546337,91.16525637264766,91.7003133094365,7918900
2019-05-23,89.42839813232422,90.37503652413996,88.48999312624134,90.25156085907996,14558000
2019-05-24,90.30917358398438,90.5149642464983,89.88113176925775,90.15277067079934,8537300
2019-05-28,89.32962036132812,90.40796785242935,89.26377211320376,89.88937129190302,11665500
2019-05-29,89.08267974853516,89.23084930462221,88.12780788036659,88.44884087184958,9966400
2019-05-30,88.12779998779297,89.8729072387258,87.69975813089493,89.4366319960509,10367800
2019-05-31,87.22232818603516,87.7409184811343,86.30038360340299,86.8930618150784,10952800
2019-06-03,87.6339111328125,87.96317750960486,86.67904554837183,87.09062694930384,11680700
2019-06-04,90.33387756347656,90.46558661673022,88.18542230408443,88.77810048325927,12858600
2019-06-05,90.65489196777344,90.8606826111691,89.42838149160026,90.43264083620822,8340500
2019-06-06,90.85245513916016,91.26403642428419,89.66709902832874,90.67135836886847,8726700
2019-06-07,89.8564224243164,90.56433640367115,89.69178615451057,90.30092465221334,10618900
2019-06-10,90.8277587890625,91.54391251604281,90.72898329584609,91.16525847150461,11380600
2019-06-11,91.10763549804688,91.84024969900457,90.85245710542156,91.22287775795715,9847700
2019-06-12,89.94699096679688,91.28875026920713,89.63419138255014,91.12411395099828,9670500
2019-06-13,90.16923522949219,90.67959832089474,89.7658872993214,90.10338071184687,8406900
2019-06-14,90.39972686767578,90.79484772437716,89.42016125144985,90.19393619403054,9077400
2019-06-17,89.90581512451172,90.85245331736112,89.77410610140174,90.3009296333779,8128600
2019-06-18,91.13235473632812,91.7085724764942,89.70828657953835,89.73298045921632,11057300
2019-06-19,90.47381591796875,91.85672323329776,90.30094622331958,91.22289071377196,13126500
2019-06-20,90.70429992675781,91.44514133260476,89.74942818020298,91.27227791922495,13638000
2019-06-21,90.08692169189453,91.92257086951246,89.79880974255518,90.70429367436589,27089500
2019-06-24,89.4448471069336,90.35855177401794,89.34606533849359,89.95520387662712,13039600
2019-06-25,88.7040023803711,89.70826174414222,88.62991448161426,89.4613104552623,18660100
2019-06-26,89.29670715332031,89.97992753376901,89.03329529718448,89.14853759172928,10324600
2019-06-27,89.59303283691406,90.17748392998881,89.2637727532309,89.59303283691406,10906600
2019-06-28,92.02959442138672,92.54818467305068,91.2887467188431,91.40398899699065,21634700
2019-07-01,93.5771255493164,94.2685791256776,93.08322924045378,93.20670488772751,12724500
2019-07-02,93.67591857910156,94.0051786377517,93.19848270173257,93.43720064041707,10174900
2019-07-03,93.52668762207031,94.39712998769353,93.06245506690817,93.95775980547883,6849400
2019-07-05,94.08212280273438,94.72873433080824,93.60959850724231,94.09870615328222,7929400
2019-07-08,93.5681381225586,94.07382271523439,93.2614094324243,93.64274421425137,6917200
2019-07-09,93.96605682373047,94.08211496912159,92.97127091332243,93.07903738413002,8947300
2019-07-10,93.69248962402344,94.36397613017397,93.46037333041868,93.98264131572404,9242300
2019-07-11,94.58779907226562,94.80333833737531,93.77539205905109,93.98263964962341,11595200
2019-07-12,95.58260345458984,95.62404918315715,94.44688423696357,94.61267980062352,10783400
2019-07-15,94.4219970703125,95.80640936270176,94.11526838035864,95.78154066548547,12946600
2019-07-16,95.43338012695312,95.74839421197244,93.60959739476522,94.07383633416133,16945000
2019-07-17,94.4966049194336,95.28414951919645,94.28107198975444,94.86136268457403,13120900
2019-07-18,95.06034088134766,95.39193835244107,94.13187555192096,94.44688967087707,9397200
2019-07-19,94.12357330322266,95.43337968833221,94.00751515008079,95.24270910834487,10402800
2019-07-22,94.72872161865234,94.87794013008305,93.48523613162796,93.60130059580227,9061100
2019-07-23,96.46133422851562,96.53594033699855,95.18468811090047,95.23442551655575,12752200
2019-07-24,96.8509292602539,96.89237497658321,95.76494776745302,95.81469148161905,10011000
2019-07-25,95.92249298095703,97.19084747347446,95.59918718187204,96.90070205438481,10138400
2019-07-26,96.34526824951172,96.58567623183507,95.77326283209773,95.97221876327411,12800400
2019-07-29,96.03852844238281,97.14108709894336,95.988791046497,96.54421304953632,8500400
2019-07-30,95.82300567626953,96.22921556155761,95.13494839089283,95.4914145470402,7121100
2019-07-31,96.16288757324219,96.31210610005053,95.21783901168763,96.24578534931462,13648000
2019-08-01,93.6261978149414,96.82610194897987,93.34433772984517,95.60748478851754,15664500
2019-08-02,93.61788940429688,94.03238461881608,92.3495350598193,93.17852548885772,11025500
2019-08-05,90.83247375488281,92.00135320171637,89.75478375388853,91.84384300895863,15855300
2019-08-06,91.54541015625,91.60343923128202,89.81281693081702,91.23039608103257,10203500
2019-08-07,89.55583190917969,89.76307950920082,87.82324500885656,89.53096320912833,17320900
2019-08-08,91.0728759765625,91.25525485674157,90.12782752899288,90.40139584926149,10903300
2019-08-09,90.9734115600586,91.56199402931632,89.77137791962588,90.65010578574372,9980800
2019-08-12,89.26566314697266,89.95372651670073,88.87603674906175,89.8956974568859,9393700
2019-08-13,90.64179992675781,91.46250490977664,88.72683428243582,89.4895038704686,12124700
2019-08-14,86.87818145751953,88.62735140564507,86.58802980783445,88.12166684293426,19491800
2019-08-15,87.20977783203125,88.18798664801382,86.4968456615002,86.8947637920245,13365600
2019-08-16,89.29883575439453,89.51437500240722,87.76520497074885,88.17970011901492,11830600
2019-08-19,90.10296630859375,90.98169408634546,89.87913536445664,90.88221296398511,8265400
2019-08-20,88.95896911621094,89.89573243517752,88.90094003381708,89.40662474811879,8374000
2019-08-21,89.2076644897461,89.8874364184021,89.07502297942526,89.7050575040586,8189300
2019-08-22,90.12786102294922,90.5838020681428,89.4729576756055,89.83771557151756,9343400
2019-08-23,87.8895492553711,90.17756426553777,87.13517136750201,89.53095284030883,14762300
2019-08-26,88.5942153930664,88.6936902034436,87.8812830701177,88.3869677718533,8209500
2019-08-27,87.65745544433594,89.16621793138741,86.9113627145422,88.99213068188482,14331800
2019-08-28,88.53617858886719,88.87606136916615,87.07715369188688,87.11031406735177,10585500
2019-08-29,90.54232788085938,91.09774990259731,89.54753565679263,89.64701677660766,10002200
2019-08-30,91.0728759765625,91.65316666377396,90.74957026158837,91.05629262853124,10170300
2019-09-03,89.99523162841797,90.3516978953198,88.967284894093,90.34341254180157,9868800
2019-09-04,91.08118438720703,91.37132978412845,89.99520258059357,90.73300358620602,6929200
2019-09-05,93.15364837646484,94.27278408967337,92.1837248553026,92.22517690288956,13224700
2019-09-06,93.35260772705078,93.65933644627991,92.8137627120568,93.39405977616367,7836600
2019-09-09,95.66549682617188,96.2126272207829,94.1733115232417,94.26450097645937,13985100
2019-09-10,96.88411712646484,97.21570824998774,95.939068510095,96.41159281827991,14333100
2019-09-11,97.14937591552734,97.15766126480175,95.64889916193357,96.9006762940251,9919200
2019-09-12,97.74626922607422,98.21050186476626,96.09657363914508,96.61884168236897,12283500
2019-09-13,99.66952514648438,99.8104520058495,98.44261649072355,98.64986410438824,16257200
2019-09-16,98.78250885009766,99.37109133322981,98.13589096153012,98.56696955390848,11993900
2019-09-17,98.29338836669922,98.32654874061397,97.19082965163845,98.16903854569254,10735400
2019-09-18,99.27987670898438,99.54515334293869,97.61360449196522,98.08612869384302,10665600
2019-09-19,98.96487426757812,99.76070431346218,98.72446628631705,99.23015094953948,9382600
2019-09-20,98.56697082519531,99.76071283362666,98.54210212237109,99.26331980305564,21862800
2019-09-23,98.55036926269531,98.74933149791453,97.5555833853767,97.63848115437087,9135100
2019-09-24,97.26543426513672,98.86538581107698,97.02502631707694,98.44259898347569,11696500
2019-09-25,97.82087707519531,98.11931415529867,97.09136772644015,97.21571123923701,9389400
2019-09-26,97.0167465209961,97.86232027972352,96.95042577037142,97.72138710347235,9899200
2019-09-27,97.5887451171875,98.35141472206764,97.22398733889942,97.78770103048353,10207800
2019-09-30,97.56387329101562,98.45917803449426,97.17424682664256,98.11929529037141,9755000
2019-10-01,95.78984069824219,98.64985497217961,95.67378255130932,98.15246201036805,11250300
2019-10-02,93.88314819335938,95.25098340548615,93.61787155961974,95.17637099225328,12548700
2019-10-03,93.74945068359375,94.35110606699288,92.35394196779222,93.81629632313663,12735200
2019-10-04,95.7800521850586,96.04745391891852,93.81631372897445,93.8748076590263,9453100
2019-10-07,95.57115173339844,96.51541278412189,95.32045979939929,95.42073784807108,6771600
2019-10-08,93.4402847290039,94.47646567847805,93.30658704618162,94.47646567847805,10806300
2019-10-09,94.11713409423828,94.56002395887514,93.64918269052806,94.15056010526897,7273700
2019-10-10,95.43743896484375,96.43184213689635,94.42632597388344,94.54331383231785,10994100
2019-10-11,97.0501937866211,98.59611002014924,96.82457619863213,96.95827385716208,15076500
2019-10-14,97.30924987792969,97.66021982427495,96.64910684575466,96.80787243718508,8779000
2019-10-15,100.2423324584961,101.6044092160034,98.49586605853936,99.31478118256084,23379000
2019-10-16,100.00835418701172,100.79384964871875,99.75766224699773,100.24232993083231,11087700
2019-10-17,100.56820678710938,101.58767780164852,100.1754591298335,100.90246051938838,10818500
2019-10-18,100.74368286132812,101.1280724003217,100.15874364445949,100.27573148783321,10417400
2019-10-21,103.24224853515625,103.42608206384106,101.93865938617867,101.98880159887526,12714600
2019-10-22,104.27843475341797,104.53747842639157,102.88293195815336,103.15868545261898,12549100
2019-10-23,104.55418395996094,104.5792518773229,103.76033044978949,103.78539836715146,8828300
2019-10-24,104.47895050048828,105.00540214896523,103.67674544724996,104.69621636137336,8020500
2019-10-25,105.31458282470703,105.83267638369217,104.24497607422336,104.45388384190719,9055700
2019-10-28,105.71568298339844,106.30062215200292,105.62376306042363,105.7658188048906,9522200
2019-10-29,105.64884185791016,106.47611487457227,105.23938439769387,105.33965605101083,9797300
2019-10-30,105.06389617919922,105.50677962178585,104.38703068406502,105.33129786389449,8513700
2019-10-31,104.38704681396484,105.06391241368839,103.50127979192271,104.86335633765768,11589100
2019-11-01,106.79367065429688,106.95243624815829,105.30624175262977,105.45665562469227,11682600
2019-11-04,107.64602661132812,108.1473977242441,107.428754320082,107.86328615185292,9159900
2019-11-05,107.87997436523438,108.88272908168982,107.66270213034505,108.12230176101322,13747600
2019-11-06,108.047119140625,108.49835438845847,107.44546364303335,107.53738358712987,11231100
2019-11-07,108.63204193115234,109.71000042922991,108.56518991372387,108.991357180272,13528900
2019-11-08,108.9496078491211,108.96631129381569,108.00534044430951,108.53179221877559,9293400
2019-11-11,108.56520080566406,108.71562104764887,108.08889766593849,108.29780545984195,8679000
2019-11-12,107.93013000488281,109.15014442950942,107.8047776731119,108.32287769313503,9099000
2019-11-13,107.36188507080078,107.64600934834884,106.47611810438207,107.06942182284855,8023300
2019-11-14,107.46216583251953,107.66270913843378,106.61817025106761,106.72680637558372,8483400
2019-11-15,108.23929595947266,108.23929595947266,107.29502873103861,107.9886040779473,10163600
2019-11-18,109.15013885498047,109.17520676991032,107.7880687244869,108.26437185887357,8749300
2019-11-19,109.11672973632812,109.67660114159298,108.78246958717834,109.45934160768631,8824500
2019-11-20,108.3228759765625,109.15014269982736,107.7462884114263,108.88274734758342,11782800
2019-11-21,108.57355499267578,109.23371077680481,108.12231975791428,108.63205529664272,7705500
2019-11-22,109.29220581054688,109.65153387918903,108.71563095742138,108.7574023194338,8167900
2019-11-25,109.87713623046875,110.36180379106163,109.35903628599029,109.67658017931078,10068500
2019-11-26,110.02754211425781,110.15289442593777,108.93286744613177,110.15289442593777,10490700
2019-11-27,110.35345458984375,110.66263405461618,110.01084273655955,110.54564619626551,6607900
2019-11-29,110.1027603149414,110.64592823547342,109.84371668777813,110.19468025529483,5712000
2019-12-02,109.86045837402344,110.92171379513888,109.76018668881417,110.56238567193414,8615600
2019-12-03,108.44820404052734,108.59862427015297,107.4538009831362,108.43985231971655,10361300
2019-12-04,110.5874252319336,110.69606136353138,108.6236996461069,108.9495952901806,10318200
2019-12-05,111.1890869140625,111.3979947168473,110.4537273680295,110.87154297359909,9587400
2019-12-06,112.84364318847656,113.46201493003302,112.51774749714635,112.55117988897184,10170600
2019-12-09,112.31719207763672,113.19460738329252,112.31719207763672,112.50103196075393,8498200
2019-12-10,112.39239501953125,112.61801901096166,111.03867657238888,111.34785603236088,7532900
2019-12-11,112.1249771118164,112.82691694034921,111.9829213520721,112.21689704467673,9011900
2019-12-12,115.33383178710938,115.70986330954597,112.15007867937364,112.38405441558845,13717400
2019-12-13,114.32270812988281,116.01068680821561,113.82968875748291,115.27532723533382,10592100
2019-12-16,114.76554870605469,116.01899509930749,114.74884526799356,115.6346120124443,11372000
2019-12-17,115.46749877929688,115.87696260678835,114.67365178786686,115.09146733606356,11546800
2019-12-18,115.35050201416016,116.16942960580398,115.08310671436938,115.44242193768272,10381500
2019-12-19,114.77393341064453,115.50092836667248,114.56502564160493,115.11653246132356,9350400
2019-12-20,114.68201446533203,116.05244893195092,114.39789020645664,115.3338056902655,29992600
2019-12-23,114.64859008789062,115.24189380879754,114.38119475292815,114.98285019499288,9738400
2019-12-24,114.96614837646484,115.00793248891692,114.53161655826098,114.75724056492543,3324300
2019-12-26,116.18614196777344,116.23629054413287,115.13325137716049,115.22517130774153,6770900
2019-12-27,116.26971435546875,116.79616604505104,115.87696670621196,116.40341839579426,7868200
2019-12-30,115.84355926513672,117.05522197516802,115.70985521073757,116.90480172628888,6963000
2019-12-31,116.48699951171875,116.55385154660424,115.55944824760574,115.74328815586036,7201600
2020-01-02,117.89920806884766,117.90757254167191,116.37000137633925,116.81288491151854,10803700
2020-01-03,116.34334564208984,117.09183132484358,115.28369564717512,115.63691231214669,10386800
2020-01-06,116.25086212158203,116.28450914453764,114.79594277694515,114.84640047879925,10259000
2020-01-07,114.2745132446289,115.93968133309129,114.22405554991452,115.45190222988968,10531300
2020-01-08,115.16596221923828,115.70419899603493,114.03903097291045,114.12312284994235,9695300
2020-01-09,115.58646392822266,116.2508449588477,115.25005791122857,116.09947187563341,9469000
2020-01-10,114.4343032836914,115.42667215607003,114.2156361654825,115.39303797081031,10190900
2020-01-13,115.38461303710938,115.38461303710938,114.17357711750338,114.53521195888024,12355200
2020-01-14,116.73023223876953,118.37857699890587,115.79672628644474,116.00697525919736,24906000
2020-01-15,114.98094177246094,116.56201791371738,114.5015680277952,115.93127109131107,16293400
2020-01-16,115.42668151855469,115.97332369326148,115.08187013693181,115.59487812365074,10783800
2020-01-17,116.22562408447266,116.30131063127173,115.48555646147344,115.67056374278951,14697700
2020-01-21,115.08187103271484,116.11630518563538,114.95572678605551,115.37622471835796,8474200
2020-01-22,114.94728088378906,115.55279878683105,114.6949924513344,115.4182492337137,7549100
2020-01-23,114.82959747314453,114.99780695280214,113.29899130239681,114.1315820294082,9345700
2020-01-24,111.97856903076172,114.73703381908047,111.28055391294424,114.68657613177565,15166400
2020-01-27,111.03667449951172,111.80198375768954,109.08557091553622,109.55652651054487,12860500
2020-01-28,113.05506134033203,113.50920626703517,111.41512206629905,111.71788107324188,13062800
2020-01-29,112.88685607910156,113.98855845985048,112.432724019833,113.37463515465771,9326000
2020-01-30,114.28291320800781,114.4847568099499,111.59172934499789,111.59172934499789,9048900
2020-01-31,111.314208984375,113.39146971877474,110.56572320620597,113.10553421533444,12785200
2020-02-03,112.1635971069336,112.89527212277314,111.56649732113263,111.56649732113263,10021100
2020-02-04,113.7782974243164,114.88001252049955,113.60169552160279,113.99696450920524,9157100
2020-02-05,115.71260070800781,115.83033959822458,114.38382589980321,114.85479429324693,10150700
2020-02-06,115.72944641113281,116.30131746398324,115.30894846077372,116.25927793501056,8992300
2020-02-07,115.35941314697266,115.7799111227942,114.62775077546871,114.98937287503692,6379800
2020-02-10,115.8387680053711,115.93127805818648,115.00617753003264,115.17437412626668,5960700
2020-02-11,116.05743408203125,116.74705687896821,115.87241395761299,116.27608839608054,6578600
2020-02-12,116.05743408203125,117.14231314559372,115.88923746871802,116.56203675454995,7958000
2020-02-13,115.95652770996094,116.3433786674471,114.71184444284715,115.84719412813311,7447500
2020-02-14,115.60328674316406,116.2172100756985,115.16596533998602,115.92285641666807,6627600
2020-02-18,114.07269287109375,115.8135606888397,113.57650832855383,115.50238345374814,8996400
2020-02-19,115.6285171508789,116.38540823777687,114.66136428142313,115.14073804701536,7071200
2020-02-20,115.6285171508789,116.36017939038544,114.82115553662055,115.35939233526695,7422800
2020-02-21,114.21564483642578,115.14915074732481,113.46715903994483,114.83798638788458,9772800
2020-02-24,111.14598083496094,112.02061060679823,110.0022263132818,110.54046298039114,13618400
2020-02-25,106.18413543701172,111.20487515926854,105.62066335376448,110.17045388008121,20797200
2020-02-26,106.50370788574219,108.44640613576568,106.25140657854669,106.74759743835416,24825600
2020-02-27,102.07164764404297,105.64587927187739,102.01277820329486,103.36678175678928,23005500
2020-02-28,97.64801025390625,99.64957768982363,94.74657768473043,98.83381084245806,45931400
2020-03-02,102.19780731201172,102.24827142334445,96.26037898706119,98.08533834242292,27355400
2020-03-03,98.36287689208984,103.40044039302923,97.75735883473226,101.73527215158519,32547700
2020-03-04,100.79334259033203,101.07928449098249,96.4622130555183,99.51503183245724,25795900
2020-03-05,95.84830474853516,97.91715391414192,94.6793209486552,97.27799522691956,25025600
2020-03-06,90.89482879638672,92.7786576165404,88.32137725154845,89.3642166769577,38159400
2020-03-09,78.58265686035156,83.45202376187022,78.21261662097521,81.21497164751592,40352000
2020-03-10,84.68827819824219,85.17605732348979,79.54138778351208,83.25858784221472,31102700
2020-03-11,80.70195770263672,84.14163392523552,79.51615693899903,82.16528862535792,38127000
2020-03-12,74.0496826171875,81.5429518446184,72.59475706275796,75.34481050041656,49725200
2020-03-13,87.38787841796875,87.45515320694433,77.37161515840447,80.7271866714309,38543300
2020-03-16,74.31039428710938,79.03679330372756,71.10620213165055,71.65284430456052,38589700
2020-03-17,78.85176849365234,81.94663331350031,73.58713295643669,76.43810822281725,35239800
2020-03-18,70.5511474609375,76.35402061238307,67.58243287961596,73.73011102299046,41525600
2020-03-19,71.73693084716797,74.10012654857067,64.68097792231531,68.5916025255694,32175100
2020-03-20,70.22315216064453,75.23548656287478,69.3653392328673,72.57794306308594,30150800
2020-03-23,66.4638900756836,70.43339086191018,65.67335205339444,69.53352570695282,32536600
2020-03-24,74.36927795410156,75.7737397609604,69.71857101206731,71.40056304412543,34363200
2020-03-25,77.14453125,80.02073473810553,71.09777067297975,75.05044753092918,38111700
2020-03-26,82.51849365234375,82.89693911991067,78.6667321211123,79.12087053196508,29826300
2020-03-27,76.63994598388672,79.76003967426142,76.15217328964872,78.37240171846678,30041500
2020-03-30,78.63311767578125,79.12930218343509,75.10093741621921,76.23628061277203,21656900
2020-03-31,75.7148666381836,79.19658946301469,75.13457736194839,77.41368210160346,23379300
2020-04-01,70.94639587402344,72.79658379818618,70.01289015860567,71.56873087887269,28029600
2020-04-02,73.59554290771484,73.93194250481626,69.76900952122737,70.23155976927791,24018000
2020-04-03,71.42023468017578,74.3348262072918,70.3325683532088,73.07721546081088,21199400
2020-04-06,76.01728820800781,77.31738165037291,74.52175287371601,75.61791174234779,26820800
2020-04-07,77.01996612548828,80.29994315831685,76.79903324971741,80.25745382272008,22563800
2020-04-08,80.13002014160156,80.60586970891002,76.94351361130931,78.26059908738496,22903300
2020-04-09,87.31875610351562,88.7038215926338,82.3308101371828,82.3563011457306,42055900
2020-04-13,83.43546295166016,87.61615665509738,82.6791994904557,87.61615665509738,26911900
2020-04-14,81.1496810913086,86.6729578148008,79.56917369487228,85.84021477937071,46151300
2020-04-15,77.1474380493164,78.20110758794159,76.58660986205513,77.4533431545565,30118600
2020-04-16,74.2073745727539,76.96051473135367,73.96944976043805,76.6716078829601,32449600
2020-04-17,80.87779235839844,81.31965178674625,77.2919089649766,78.17563430463697,30191900
2020-04-20,77.92919158935547,80.4783964427186,76.86702290045416,78.57499196743716,23679400
2020-04-21,75.66889953613281,77.64877703330393,75.05708933772539,75.30351325002633,23035000
2020-04-22,75.91531372070312,78.06514848793088,75.77935950629195,77.06246103516733,16662400
2020-04-23,75.95780944824219,77.56380804401839,75.84734623455678,76.25521539505937,16638800
2020-04-24,77.07945251464844,77.41084860921961,75.19303998680465,77.01997133057061,15809200
2020-04-27,80.40193939208984,81.26016719559622,77.78475366645394,78.124649011063,22870200
2020-04-28,80.97126770019531,83.57995449567024,80.7503347337448,83.11259754413358,20238900
2020-04-29,83.15507507324219,84.5061507325396,82.65372800715686,84.19175290345144,20462600
2020-04-30,81.37062072753906,82.28832954761835,80.34244221472716,81.23466002354914,19127600
2020-05-01,79.23779296875,79.65416132568834,78.03966344313712,79.45022673006032,18547700
2020-05-04,78.29456329345703,78.74492169638725,77.15592178287585,78.19259278445016,15725900
2020-05-05,78.1756362915039,80.05355025489837,78.09066407038873,79.57770063028147,18064100
2020-05-06,76.70556640625,78.82141097045265,76.41665965269077,78.3115713281369,20978000
2020-05-07,77.50433349609375,78.94888697764809,76.9690027459497,77.61479671924488,16771900
2020-05-08,78.77041625976562,79.94305447592807,78.269075821175,78.8553949292562,20487800
2020-05-11,76.45064544677734,77.4193426565702,75.90681566173441,77.4193426565702,31907600
2020-05-12,73.95243835449219,77.14744387089453,73.84197513486116,76.60361397231078,27962900
2020-05-13,71.40322875976562,73.80798028980062,70.8678980605236,73.40010465016621,35451600
2020-05-14,74.36880493164062,74.8701519567196,70.01816584656434,70.2900807893816,35152500
2020-05-15,72.99222564697266,74.16485741792019,72.48238602842862,73.7994711694205,26099000
2020-05-18,76.85851287841797,77.45333114995455,74.67469462184901,75.36298424344189,30504400
2020-05-19,75.34599304199219,77.49582133067612,75.27801269316544,76.5186313688837,19597300
2020-05-20,77.60629272460938,78.50700967599815,76.79054796964093,77.0794547340626,20552400
2020-05-21,76.62059783935547,77.97167976254767,76.19573037015691,76.70557003660255,14621400
2020-05-22,76.0257797241211,76.7820432384705,75.38847857272805,76.48463733107958,13557900
2020-05-26,81.42159271240234,82.84914751349177,78.69394463375978,78.93186935344762,41233900
2020-05-27,86.13763427734375,87.16581278962795,83.953815713591,86.73244614958645,39402000
2020-05-28,84.85455322265625,87.48023174367333,84.4636758287329,87.47173905984536,24713900
2020-05-29,82.68769073486328,84.2766971336109,82.23733233128848,83.834837893206,26526400
2020-06-01,83.78386688232422,84.55712881811026,82.74718917995598,83.06159345323657,15176800
2020-06-02,84.06426239013672,85.33036540230978,83.21452760664518,85.21140305125792,21195000
2020-06-03,88.60186767578125,89.15419673532963,85.87421903975591,86.31608488058012,25941100
2020-06-04,90.44579315185547,90.59024654223458,87.34425918491169,88.21948517516128,26784700
2020-06-05,94.51602935791016,98.37382065312272,93.07147593060435,97.66004634640228,42231000
2020-06-08,96.40241241455078,97.03122084698803,95.11931750835952,96.36842872687076,24881800
2020-06-09,93.92969512939453,94.85590304383504,92.629601790355,94.0231664855443,17031100
2020-06-10,90.1229019165039,93.90422697128514,89.94445832487521,93.86173762343648,24913300
2020-06-11,82.60273742675781,86.31608165913919,82.0334165405627,84.99898983421524,36259200
2020-06-12,84.86302947998047,85.93369082009835,82.70470198778511,85.57680370672573,24856800
2020-06-15,86.03565979003906,86.18861233342876,81.46408830000041,81.9314386115513,22153600
2020-06-16,86.72395324707031,89.79999632426723,84.38718196415387,89.53658054510501,22193600
2020-06-17,84.53163146972656,87.13181821271667,84.30219941419045,87.12331904841014,15639800
2020-06-18,84.0727767944336,85.41535306868971,83.38448708661393,83.84334473083935,16591900
2020-06-19,83.11256408691406,85.4833251101459,82.19485537063275,85.42384392961876,40371200
2020-06-22,82.21184539794922,83.23152460814971,82.03340186031224,82.63671281602647,16216900
2020-06-23,83.21453857421875,84.94799853896481,83.14655822666884,84.09826364347926,15381400
2020-06-24,80.4359130859375,82.28832904424482,80.13850066851965,82.21185601094068,22919800
2020-06-25,83.24004364013672,83.45247739988073,80.09602658911093,80.17249963079612,25743600
2020-06-26,78.67695617675781,81.03922479149597,78.1756156663719,80.81829188851349,41896300
2020-06-29,79.02535247802734,80.29145577239181,78.32857005958263,79.36524776377283,18499700
2020-06-30,79.92607116699219,80.43591734788694,78.65996784582079,78.88090075867761,19137000
2020-07-01,79.24628448486328,81.32813255156005,79.05084259081949,80.6313501410405,18755700
2020-07-02,79.50366973876953,81.47710022909257,78.87731593449513,81.28833588955413,27845600
2020-07-06,81.51143646240234,81.68303686807937,80.20725635930368,81.02236810547336,18625300
2020-07-07,79.21196746826172,80.73923356298978,78.93740285062675,80.49899034082628,25757200
2020-07-08,80.05281829833984,80.08713314467664,78.76579553821307,79.18622114026967,18762200
2020-07-09,78.31962585449219,80.75639240924258,77.89061825752749,80.24157805597581,25600800
2020-07-10,82.60111999511719,83.09018839473416,78.82585837161463,78.93739799042676,28954200
2020-07-13,83.78517150878906,85.1751517096699,82.56679170061548,84.7118293401332,32079200
2020-07-14,84.26567077636719,85.75861536965522,82.91858719387714,84.40295634850862,42731700
2020-07-15,85.56986999511719,86.90837178784061,84.64321188655299,86.56516435361638,22508400
2020-07-16,85.81011199951172,86.8483097271397,84.55741044684974,84.75475030004415,16886900
2020-07-17,84.22277069091797,85.87015821615381,84.2056067219952,85.80151543273496,16137700
2020-07-20,83.48490142822266,84.42013507644276,83.45058002652586,83.59644107413372,14458100
2020-07-21,85.2952880859375,85.84441725105083,83.77659762450217,83.8366584223697,17798100
2020-07-22,84.67752075195312,85.91305816770324,83.68221999462538,85.50121454449867,14271200
2020-07-23,84.92636108398438,85.24382256969744,84.05976375919154,84.51451084120893,12870200
2020-07-24,84.32572937011719,85.62991608677356,84.03400735615807,85.45830912608919,12744200
2020-07-27,83.14167785644531,83.76802531423586,82.51532385251801,83.66506767522193,11959100
2020-07-28,83.50204467773438,83.99111311313058,82.79847242775848,82.79847242775848,11754300
2020-07-29,85.52696228027344,85.55270169096288,83.22748109738676,83.28754190437444,12743500
2020-07-30,83.24462127685547,83.86239318996745,82.41235213705612,83.6907927901633,14834800
2020-07-31,82.9186019897461,83.16742722405016,81.72596119003397,82.78132293924517,14535000
2020-08-03,82.45526885986328,83.71655239578388,82.24076503528188,83.2446413632499,12962800
2020-08-04,81.98335266113281,82.3265534945228,81.53718110390777,82.29223864809283,13366200
2020-08-05,83.40766906738281,84.48877021122279,82.12922806437032,82.25793167251705,15260900
2020-08-06,83.43340301513672,84.17129667096803,82.83279494464007,83.72513161090438,10482100
2020-08-07,85.26956176757812,85.36394397826511,82.8499587809812,83.16742681203172,14743700
2020-08-10,86.35064697265625,87.55186953083906,85.82725719049186,85.8958999757906,14989900
2020-08-11,89.0791244506836,91.08688312174512,88.8131418733136,89.11344583907577,31518600
2020-08-12,88.32406616210938,91.31853667808451,87.26870483220017,91.08687550846955,19240800
2020-08-13,87.83502197265625,88.68445522247593,87.20866797074122,87.51755397906415,13598600
2020-08-14,87.86933898925781,88.64154742545092,87.01989923562712,87.08854202208673,12134400
2020-08-17,85.55269622802734,87.51755185421223,85.39825322761563,87.08854424708373,14988000
2020-08-18,84.36004638671875,85.72429383232064,84.18844598107106,85.72429383232064,13246500
2020-08-19,84.5573959350586,86.30774108633982,84.37720699235342,84.87485735209813,13533000
2020-08-20,83.5449447631836,84.11123140734226,83.05587634708156,83.45056256480103,13672600
2020-08-21,83.50204467773438,84.5745637506328,83.17600123618254,83.45914129636367,12228300
2020-08-24,85.8530044555664,85.98170805324621,83.5878447024947,84.47159936915277,17898300
2020-08-25,86.23051452636719,87.50037971013967,85.62990659588151,86.89118324990143,13648900
2020-08-26,85.02072143554688,86.03317961445435,84.98640658878882,85.7500395788142,12052400
2020-08-27,87.81786346435547,88.07527066934745,84.94351355725165,84.94351355725165,22163900
2020-08-28,88.17822265625,88.59007284858231,87.35452881772211,88.49569064921734,13756700
2020-08-31,85.96454620361328,87.67199464294387,85.81867864247798,87.62051582497645,14219400
2020-09-01,85.92163848876953,86.54799244235784,84.9778231122198,85.41541268127091,11595600
2020-09-02,87.21723937988281,87.46606455342199,85.42398435200948,85.7586097294259,14475700
2020-09-03,86.94268035888672,90.08301253531029,86.35064778584821,88.65012874592067,23281200
2020-09-04,88.82170867919922,90.27175610371076,86.976981691871,89.2764621216014,26325500
2020-09-08,85.73287200927734,88.86462860841927,85.35534979556427,88.35840281329071,22108600
2020-09-09,86.5479965209961,87.2515687307953,85.42399214541042,86.48793571818896,13434000
2020-09-10,85.65564727783203,87.87790319990118,85.49262231735409,87.00273069583848,15922800
2020-09-11,86.71958923339844,86.96841440751318,85.44972395621566,85.7757738962937,13784300
2020-09-14,87.9207992553711,88.77023228364104,86.97698405216725,87.09710563005856,19017400
2020-09-15,85.18376159667969,88.246876087446,85.06363997320943,88.14391843655008,23683000
2020-09-16,85.54410552978516,86.77106742304466,84.73757576190637,85.31244432583196,19270600
2020-09-17,84.56596374511719,85.23521445661443,83.83665224018137,84.68608533199436,18290100
2020-09-18,84.38579559326172,85.36393242055033,83.60500514690945,83.99110937752566,20121600
2020-09-21,81.7774429321289,82.41237902001919,80.49900186199355,81.6830607176084,28378800
2020-09-22,80.88509368896484,82.07774089345457,80.3702858548639,81.47712629855616,19257000
2020-09-23,79.57233428955078,81.811754667454,79.50369804302986,81.32268622550599,19952700
2020-09-24,79.50366973876953,80.91081375661194,78.40540508564904,79.21194124690066,18366500
2020-09-25,80.19866943359375,80.41317320054094,78.82584663435888,78.98028960840628,13293100
2020-09-28,82.50675964355469,83.16742858632072,80.95374740029725,81.56293751654941,20894100
2020-09-29,81.8117446899414,82.39519526410395,80.9365721017657,82.39519526410395,12848200
2020-09-30,82.60111999511719,83.3990743888224,81.73452936083183,81.81174758628566,16400600
2020-10-01,83.20174407958984,83.88815238688501,82.3952076087274,83.33044768287556,15778700
2020-10-02,83.99109649658203,84.5917044401279,81.58865163012733,81.72593718644389,15149600
2020-10-05,85.766357421875,85.94821178749147,84.45873038505584,85.1428529644015,13871900
2020-10-06,84.88307189941406,87.34245028347505,84.44142833815484,86.65832758596571,19220400
2020-10-07,86.3638916015625,86.90079312860487,85.44595146247647,85.69708559252678,16358500
2020-10-08,88.13915252685547,88.2603887982829,86.51111787705764,87.03936446265485,15659000
2020-10-09,87.63687133789062,88.42491359340647,86.69295956216847,88.32965559313796,13689100
2020-10-12,88.71068572998047,89.19563073433442,87.33377886850383,87.55027311785902,16058000
2020-10-13,87.27315521240234,89.38614106640925,86.82285010930697,89.19562508194899,21697300
2020-10-14,86.78821563720703,88.26903550824073,86.6842960191611,87.48965489009663,15204100
2020-10-15,88.08718872070312,88.13914523076217,85.76636990610885,85.81832641616788,17171200
2020-10-16,87.90530395507812,88.61540464367684,87.22118151253278,87.81870759927408,13275000
2020-10-19,86.42451477050781,88.2170870523694,86.21667551545085,87.9832695421505,11725700
2020-10-20,86.91812133789062,88.13048395657232,86.70162706928593,86.86615822074658,11257100
2020-10-21,86.05213928222656,87.45501783317377,86.0174994084293,86.90945468634767,10730500
2020-10-22,89.09172821044922,89.4034805178879,86.00019000075027,86.00885162231285,14837200
2020-10-23,89.8970718383789,90.45129659958526,89.13501444344024,89.62862107785466,15087600
2020-10-26,87.67150115966797,88.93582666468919,86.81418586242417,88.89253178300025,12410700
2020-10-27,86.0174789428711,87.39437891259394,85.87026446941874,87.03933185268656,10391700
2020-10-28,83.60142517089844,85.12554662829763,83.19441490043837,84.43276234578512,16389500
2020-10-29,84.14698028564453,84.84842612149207,82.47564447529956,83.23770843455318,14208800
2020-10-30,84.90039825439453,85.22946718390789,83.33298177000981,84.78782360645391,15194500
2020-11-02,86.81417846679688,87.35974149913423,84.74449434162506,86.0694378536436,15011600
2020-11-03,89.55068969726562,90.70243414977715,88.92718516565847,89.21295257024462,17482600
2020-11-04,86.81417846679688,88.39025605598376,85.67108929889076,87.46366109871805,18886500
2020-11-05,90.36470031738281,91.0141830795205,87.4636786345438,87.51563514131313,17837400
2020-11-06,89.1609878540039,91.01417803742142,88.6673812463998,90.95355991392195,12552800
2020-11-09,101.23271942138672,102.96467353772564,95.56056704762446,97.99396707375949,47792400
2020-11-10,100.90363311767578,101.70899195990305,99.31890029196661,101.62239558472504,20539300
2020-11-11,99.3968505859375,101.28468093020773,98.68674962746233,101.22406279741891,14443400
2020-11-12,98.17581176757812,98.68673501013804,97.04137744073088,97.44838767497623,22063000
2020-11-13,98.7906723022461,99.46613340467302,98.34902211724342,99.32757389295408,11847900
2020-11-16,101.5791015625,102.71352928278154,100.21951797934123,102.00342842928868,19858600
2020-11-17,100.548583984375,100.83435796293307,99.22364031072553,99.92507952456823,14553200
2020-11-18,99.80384826660156,102.71353148648197,99.76054677427615,101.61373700746567,12571200
2020-11-19,100.07230377197266,100.29745965037274,98.34034970679137,98.87725784547453,10202500
2020-11-20,99.21498107910156,100.15023779132032,98.79930922693323,99.09374483198579,12718900
2020-11-23,102.07271575927734,102.33250490632442,100.08096593084737,100.49663781575535,13209200
2020-11-24,106.79228210449219,106.94815822691189,103.66610464315512,103.9778568879945,20121600
2020-11-25,105.67515563964844,105.97824622062336,104.32423384622928,105.10361434507846,11715600
2020-11-27,104.97372436523438,105.95227591629236,104.85248812375391,105.64918531259119,5983600
2020-11-30,102.08135223388672,104.54073000861487,101.98609424853828,103.91722559792663,14411800
2020-12-01,103.69207000732422,105.2854709058824,103.59681202174784,104.21165481518128,12668900
2020-12-02,105.683837890625,105.91764878248655,103.28507780957806,103.65744819800972,10811300
2020-12-03,104.99105072021484,105.55393709743544,104.22899333077913,105.51929722425014,12904400
2020-12-04,105.94361877441406,106.76630085566177,105.38073903241501,106.06486162789808,13583700
2020-12-07,105.5452880859375,105.79642224137136,104.09910789381104,104.91312849370831,9724300
2020-12-08,105.6491928100586,105.93496680249112,104.5753831920795,104.81785569224768,9592100
2020-12-09,104.8265151977539,106.77496338650859,104.2982687158078,106.66238215164402,13073900
2020-12-10,104.15106964111328,104.5927198405832,103.53622665320253,103.90859709454357,13668400
2020-12-11,103.53620147705078,103.93455007910623,102.5056934047107,102.99929999930983,9981600
2020-12-14,102.44507598876953,105.14691984861307,102.28053825380938,105.07764010685302,12112400
2020-12-15,104.19435119628906,104.69661943625484,102.72219295570534,103.30239595348644,12590200
2020-12-16,104.4974365234375,104.85249024271963,103.79599731114229,104.17702928171241,11169400
2020-12-17,103.63145446777344,105.17289229907496,103.55351971775185,105.0083611800696,11618000
2020-12-18,103.12055206298828,103.8133297614553,102.41910613693143,103.1725085734811,28954800
2020-12-21,106.99147033691406,108.24713445382613,104.86116091680769,106.66239481977074,28323600
2020-12-22,105.36341094970703,106.96546694065471,105.3114544483737,106.85289231880593,11788200
2020-12-23,108.3077163696289,109.56338006668048,105.95225845441513,106.32462873670082,14973200
2020-12-24,107.83145904541016,108.7234209540961,107.00878349305464,108.32506569819958,4164900
2020-12-28,108.54153442382812,109.67596858181317,108.0652511238952,108.95720621585299,8072600
2020-12-29,108.25578308105469,109.35557092807544,108.15186346597494,109.28629118468895,8389200
2020-12-30,108.55887603759766,108.98320291293793,108.16052741486679,108.67145066786505,7398000
2020-12-31,110.0396957397461,110.26485160683666,108.09124751428732,108.32505839431512,8580200
2021-01-04,109.00053405761719,110.72382654344567,108.05661563411313,110.41207427576366,16819900
2021-01-05,109.5936279296875,110.1605680372547,107.95386228598781,109.01796382384546,13731200
2021-01-06,114.73968505859375,115.80378656058689,111.53865655463356,113.28309015545396,24909100
2021-01-07,118.50762939453125,120.53117085365899,117.67902933333953,118.35063737214384,21940400
2021-01-08,118.63845825195312,118.9262902415642,116.98124497621532,118.59484492463285,12035100
2021-01-11,120.40909576416016,120.53992248669964,116.97257189026757,117.38251336612322,15937900
2021-01-12,122.30179595947266,123.55778571298013,121.08941954914158,121.62147039447673,18033500
2021-01-13,122.41514587402344,122.79890855874366,120.45266588657402,120.88004189946584,14816800
2021-01-14,123.1303939819336,124.50849308566184,122.10990565318849,122.53729511418712,18565600
2021-01-15,120.92367553710938,123.54903330337814,119.50196331523352,119.86829137734628,27881000
2021-01-19,120.40034484863281,122.72043593667526,120.20847012417228,121.9877797959003,19843800
2021-01-20,118.59487915039062,120.51374632598555,118.13260702700848,120.20847956448338,16028800
2021-01-21,117.60054779052734,118.7605933424841,117.15572369678286,118.35065193281059,13411700
2021-01-22,116.69342803955078,117.22547876008491,115.30661189073781,115.73400125933756,12933200
2021-01-25,115.2368392944336,116.15266609889841,113.44008167726872,115.25428729031597,14212800
2021-01-26,114.76585388183594,116.15267015214809,114.5565178507066,115.7863420793631,11307800
2021-01-27,111.5212173461914,113.25692698222981,111.07638660311244,113.03014295715568,17603900
2021-01-28,113.48372650146484,115.28048461718605,112.50685140373488,113.30055576617796,13761800
2021-01-29,112.22772979736328,114.88798411651211,111.80907096794904,114.42571194240543,14808100
2021-02-01,113.05631256103516,113.44881929341398,112.06198967744794,112.86442452131463,11080700
2021-02-02,116.53643798828125,117.21676340523528,114.45184840373322,115.07984314383245,12253600
2021-02-03,117.87094116210938,118.41170931594141,116.44922878602762,116.57133815330978,10600800
2021-02-04,120.58354187011719,120.94115267486848,118.1587888921626,118.1587888921626,12419500
2021-02-05,120.34801483154297,121.66506573237106,119.82469471764381,121.57783905892698,10051300
2021-02-08,122.23200225830078,122.37155961575382,120.5224579018064,120.53990589871857,10136400
2021-02-09,121.74356079101562,122.09244086419132,120.83645130648415,121.61272078188348,8614800
2021-02-10,121.8133316040039,122.86870240803196,121.27255022389252,122.10988097795222,10323200
2021-02-11,121.47317504882812,122.58960723817187,120.55734823332482,121.8133377735669,9201000
2021-02-12,123.20018768310547,123.51418515398225,121.2377068173569,121.28132016504745,8324600
2021-02-16,126.16566467285156,126.75005937051286,124.20318449661967,125.20623790537935,12130600
2021-02-17,126.55818939208984,126.80240811744625,124.83119700845505,125.55513584037668,10810100
2021-02-18,126.9855728149414,127.16001287038884,125.07542293182257,125.59875640708802,10587800
2021-02-19,129.1050262451172,129.82023428506037,127.22104217920088,127.22104217920088,11969800
2021-02-22,130.31744384765625,130.99776942580252,128.03223504849342,128.1020137371397,11488400
2021-02-23,131.36407470703125,132.84683498327854,130.4744132177142,132.14906152712638,16234400
2021-02-24,133.6754913330078,134.1115982628141,130.92802299879915,130.92802299879915,15061400
2021-02-25,131.86119079589844,135.10582510260912,131.34658818015205,134.5563398133027,18127700
2021-02-26,128.3636932373047,131.59088138130332,127.78802898050928,131.09372647510756,19829200
2021-03-01,131.2681427001953,132.03569490307837,129.50626755672417,130.41337712539013,14845500
2021-03-02,130.8407440185547,132.38456565981377,130.69246931872738,130.90180535261874,14221700
2021-03-03,133.3701629638672,135.17563790002848,131.54724003206013,131.90483743481056,14324100
2021-03-04,131.32046508789062,134.65232711359457,129.62836873422293,133.10850546085663,20093900
2021-03-05,131.625732421875,133.87604467700362,129.06142279838141,133.6405433234997,18465100
2021-03-08,133.3701629638672,135.5943099419996,131.48617870176056,132.98638691318757,17133300
2021-03-09,132.42816162109375,134.53891644408614,130.6750174848975,132.14032960310567,16238800
2021-03-10,135.30650329589844,136.20488226088966,132.14908093754636,132.49797437132972,14342200
2021-03-11,134.6000213623047,136.1961606833856,133.76269037434665,134.41685063374607,11771500
2021-03-12,136.19613647460938,137.48702207279578,135.254157580364,136.81541393269143,12849500
2021-03-15,135.5158233642578,136.86775711193954,134.28601229767517,136.37060227841113,12101100
2021-03-16,133.89349365234375,134.84421651094246,132.74217871808463,134.39937909474867,12805600
2021-03-17,135.2715606689453,136.83282996548195,133.4922513512241,135.48961399904894,13952400
2021-03-18,137.50445556640625,141.02820562641497,137.03346612337486,137.46085553771454,21898500
2021-03-19,135.31520080566406,136.01297426202373,131.8699601692327,135.6379155393002,54418800
2021-03-22,131.67807006835938,134.29471050692953,131.3640726833741,133.27422233295775,19944800
2021-03-23,130.3610076904297,132.68108498953984,129.92490103368374,131.1198290143136,17076300
2021-03-24,131.37278747558594,133.60565181037424,130.70991003523355,130.8320193876385,13079800
2021-03-25,133.05615234375,133.42248036232317,130.24762422576907,130.83200558698724,15608300
2021-03-26,135.2715606689453,135.5855579966513,133.05614469101684,134.58251800174224,16754400
2021-03-29,133.1695556640625,134.0853825343547,131.7391260040835,132.68111821561928,17570300
2021-03-30,134.73953247070312,135.95190865581202,134.21621237657428,134.7220977838104,13184300
2021-03-31,132.77706909179688,134.74828029340267,132.68112506597603,133.69289600937344,16736700
2021-04-01,134.0679931640625,134.13775855834606,132.18400810416264,132.48927495816542,16561500
2021-04-05,134.77859497070312,135.93670418932095,133.883706997016,135.4629273681381,13508000
2021-04-06,133.83106994628906,135.35766498439006,133.2344778959358,134.0504076213853,13071600
2021-04-07,135.9279327392578,136.19114061745248,133.9275742846724,134.3223927956188,16903500
2021-04-08,136.09458923339844,136.43675535257205,133.62923676098015,135.11196107316744,12335500
2021-04-09,137.1123809814453,137.77916276528865,135.96305358355912,136.70002503738237,12122400
2021-04-12,136.8228302001953,137.96338871440565,136.48944605897694,136.49821474598244,12273400
2021-04-13,135.19091796875,136.16477743416425,133.7345131128504,135.76997243733243,16113600
2021-04-14,132.66416931152344,134.96282323910145,132.4184988657273,132.89227561232016,19939600
2021-04-15,133.50648498535156,133.53280444139395,131.00604295013883,132.6993237629897,17694100
2021-04-16,134.49786376953125,135.55945061002498,133.96267931188518,134.99794670260198,13773400
2021-04-19,133.92755126953125,135.00670204594894,133.5502969725526,134.6031149170981,11900200
2021-04-20,130.96214294433594,133.13796893532663,130.41817640610628,133.1292002477441,13716700
2021-04-21,132.07638549804688,132.1378064808659,128.78631994931072,129.66367076230702,12236700
2021-04-22,129.295166015625,131.86581048111555,129.19865690489377,131.80438950732793,15256100
2021-04-23,131.76931762695312,132.59402951361878,128.69858985414905,129.1284831744628,14041900
2021-04-26,132.09390258789062,133.7608767400064,131.93598590771848,132.28692078852833,10799100
2021-04-27,132.6992645263672,132.9800231152391,131.69908548129706,132.04125164441825,12821200
2021-04-28,133.55908203125,134.13813665729336,132.83087940528182,133.73454947896698,8943700
2021-04-29,136.15609741210938,136.2350557854311,134.41016418499842,134.70846029797823,12976900
2021-04-30,134.94528198242188,135.54188730026488,134.2433988856152,135.19972113132627,11705100
2021-05-03,134.55047607421875,136.41045488979879,134.3486892033772,135.85773316642363,11801100
2021-05-04,136.4104461669922,136.55082545395166,133.480098835068,134.12056092427528,12977700
2021-05-05,138.20028686523438,138.86706858191752,135.66474386208077,136.86671004455872,10506700
2021-05-06,140.9814910888672,141.09555096782216,137.88444407980623,138.6828364578715,13542400
2021-05-07,141.46401977539062,141.6921261187515,137.76159906216986,137.9370665099327,14257800
2021-05-10,141.44644165039062,143.6485864765028,141.35870124982927,141.69209870719575,14014300
2021-05-11,139.09515380859375,142.4729588660598,138.65647852254918,141.3236317585922,15451700
2021-05-12,138.13882446289062,141.06040304223086,137.7703388836007,140.03390463121488,14381700
2021-05-13,141.69207763671875,142.5255577688858,138.34059296578354,138.7792681287455,15395000
2021-05-14,143.89425659179688,144.28029296961097,142.12201814791476,142.4729530073966,10584000
2021-05-17,144.47329711914062,144.63122716167513,143.0344429153967,143.3327388556997,9886800
2021-05-18,142.43788146972656,145.20153062519208,142.34137236403018,144.48209667594477,11098100
2021-05-19,141.3499755859375,141.41138317517598,139.1829182281015,141.25346647086874,13278900
2021-05-20,141.10430908203125,142.00797919614772,139.9549818526584,141.10430908203125,10426000
2021-05-21,142.7098846435547,143.20119895062672,141.20084019337006,141.55177515918987,10249000
2021-05-24,143.48190307617188,144.08727709772361,142.23606690147864,143.32398640305766,9440300
2021-05-25,141.99920654296875,145.37699847705872,141.74476736028964,143.75390782425444,12609100
2021-05-26,141.98165893554688,143.657401909352,141.5254328438321,143.5082539036067,13058300
2021-05-27,144.1925811767578,144.54351607330236,142.63089812871073,143.8416328929051,15707500
2021-05-28,144.09605407714844,144.71019676306028,143.23624092956538,144.48207706021694,10291300
2021-06-01,145.68405151367188,146.4385734704176,145.18395530856208,145.5261214641034,9445400
2021-06-02,145.69281005859375,146.9035579342258,145.2278154023332,146.74562789564962,10498600
2021-06-03,145.78936767578125,146.7369080607674,144.4645729067418,145.12258594737304,13354400
2021-06-04,146.02621459960938,146.22800145958274,144.78914722200042,145.824427739636,8510800
2021-06-07,145.3419189453125,146.6053060845933,144.88569283672572,146.51756566041192,7267200
2021-06-08,144.7628631591797,145.42964486096648,143.14854111023755,144.3154191288462,10370700
2021-06-09,142.9555206298828,144.0785284189971,142.37646597344016,144.00833875876384,12377400
2021-06-10,140.7270050048828,144.97339130231123,140.6480466783574,144.20131863235963,12119400
2021-06-11,140.6304931640625,141.42888526053665,139.55135589412242,140.75332168757353,13683800
2021-06-14,138.244140625,140.66562346432084,137.44574836513888,140.50769339474135,19917900
2021-06-15,136.147216796875,137.67381117944151,135.22600966689362,137.48079303725598,24485500
2021-06-16,137.1035614013672,138.2879765009441,134.33113070915846,135.75243418357306,25321200
2021-06-17,133.14671325683594,138.14762204940885,132.6992693004434,137.831775319218,29722400
2021-06-18,129.77769470214844,131.33937764569436,129.4618479614702,130.98844277263288,43595700
2021-06-21,131.97982788085938,132.6553915070968,130.74277386341154,130.7954127508809,18664800
2021-06-22,131.78684997558594,132.4536316650738,130.42695376019716,132.1290162012494,14251200
2021-06-23,132.585205078125,133.39236594261897,131.68153512182707,131.77804421363103,12733300
2021-06-24,133.80474853515625,134.33993299003947,132.67297203866372,133.2871148424701,13733200
2021-06-25,135.1558380126953,135.55064303338975,133.06773968073517,133.87490047937646,15484900
2021-06-28,135.4014892578125,135.5330864632982,133.46253897739354,134.8487542201632,14125800
2021-06-29,135.23483276367188,137.13868212552998,134.76983797603094,135.9893548810851,14528700
2021-06-30,136.46310424804688,136.9368810613514,134.85756445659138,134.89265258961402,12531000
2021-07-01,137.814208984375,137.8668478689065,136.35780403824558,137.0947751962971,10479400
2021-07-02,137.68190002441406,137.93780547721508,136.8789067910063,137.6113058810364,11424000
2021-07-06,135.36997985839844,137.46127888466538,134.43463115406732,137.46127888466538,15083400
2021-07-07,135.52880859375,136.13767122178757,133.72870529144512,134.13460473383392,12271800
2021-07-08,133.19039916992188,134.59342185109995,132.39622548031969,133.78160973121481,17834600
2021-07-09,137.45245361328125,137.78775890144348,134.63757494231,135.0523070422969,13694500
2021-07-12,139.42022705078125,140.4438218226232,135.83765881378912,136.19944871039002,19940400
2021-07-13,137.34654235839844,138.88193424752143,135.44937410042743,137.69951297544227,22671700
2021-07-14,136.8788604736328,138.78486130650447,134.96404042499427,137.61125931583214,14622800
2021-07-15,137.1788787841797,138.12304645113323,135.6258351982366,135.80231375178906,11539300
2021-07-16,134.0463409423828,137.90245206919187,133.26099989342407,137.62008906170453,14002700
2021-07-19,129.687255859375,132.2021192170501,128.5754287611085,131.08145943847524,22172900
2021-07-20,132.1051025390625,133.3492856547277,129.12256382019197,129.2902232342525,15385200
2021-07-21,134.8846435546875,135.58173869000836,133.56103394769963,134.16989652122658,12356700
2021-07-22,133.18157958984375,135.39642807320627,132.33447706162258,134.90228268766862,9913300
2021-07-23,132.9257049560547,134.8669964220075,132.581566984656,133.6669231306897,9666100
2021-07-26,133.8169403076172,134.09049763269448,132.5109824579729,132.528634358016,8208000
2021-07-27,133.6404571533203,134.55816742197234,132.18449186398647,132.71392766717415,11218700
2021-07-28,133.86106872558594,134.80525018139042,133.13750236808386,134.38168534999608,9217300
2021-07-29,135.00816345214844,135.77585262197732,134.0463438198074,135.13169979516056,9063500
2021-07-30,133.93162536621094,135.59937271258454,133.4198281032429,134.6375530897686,9805200
2021-08-02,133.39337158203125,136.28766344718284,133.305139022218,134.15224161158034,10203200
2021-08-03,134.91114807128906,135.29058992075102,131.9374420599776,134.08168369123675,10394800
2021-08-04,133.45513916015625,135.3346555008019,133.1639434534191,133.4639583763172,10155000
2021-08-05,135.1405029296875,135.61700981349708,134.1345604093061,134.37281385121088,9151500
2021-08-06,138.97898864746094,139.2613651190781,136.8700381837061,136.94063230161038,13328800
2021-08-09,138.82899475097656,139.90553159133748,137.56714664996719,138.99665411431266,9516900
2021-08-10,140.53204345703125,141.16737716497397,137.92894717656085,138.3083889436853,8667000
2021-08-11,142.2086181640625,142.50863310755705,140.37321124267044,141.1850235121308,9156500
2021-08-12,142.76454162597656,143.2763390114076,141.6703661838764,142.843968443915,8844200
2021-08-13,141.1673583984375,143.0910111652187,140.80558204254052,142.7645116730848,8980900
2021-08-16,140.2408447265625,140.32909075362585,138.3436763247806,140.24967740794082,8755800
2021-08-17,138.546630859375,140.17908816578048,137.0112522647953,139.04078977792128,9347200
2021-08-18,137.28482055664062,139.42906213346512,137.07303812526223,137.92897360512268,8065500
2021-08-19,136.1376495361328,137.26712857814314,135.01698971035066,135.14935874048683,9517700
2021-08-20,136.52586364746094,136.68469027179762,135.14931237875243,136.1993777211371,6974100
2021-08-23,138.2730712890625,138.61720922433867,136.98476556806037,137.06417890748125,7934600
2021-08-24,139.12899780273438,139.90551964474028,138.42307007949734,138.53778720555314,7670900
2021-08-25,141.996826171875,142.75569616047386,139.24372270833126,139.87022366767383,11335000
2021-08-26,142.7292022705078,144.56460877478992,142.1997531668774,143.17922458347866,11027500
2021-08-27,143.87637329101562,143.97343853836898,142.29685821721625,142.7292422216909,8780200
2021-08-30,141.5732879638672,144.264630233666,141.079142523731,144.01755751359792,7937600
2021-08-31,141.1409149169922,142.39393051292402,140.61147910341145,141.5732989428694,12340800
2021-09-01,140.9379425048828,141.85563917935198,140.27613774611248,141.37914567739637,8729900
2021-09-02,141.5909423828125,142.60570439655254,140.6820513681176,141.20268139737863,8813300
2021-09-03,140.73500061035156,141.97036417603067,140.43497220344116,141.52916097908056,7959700
2021-09-07,140.48797607421875,142.40279698989008,140.2673744000936,141.17625222033257,9285600
2021-09-08,139.8614044189453,140.81440487866988,139.45549157955347,140.20554235180816,7852700
2021-09-09,140.4702606201172,141.91740640909688,139.49078909154576,139.65844844234337,7904300
2021-09-10,138.85548400878906,141.82037031541444,138.73194764036526,141.67918204737174,8311600
2021-09-13,141.06150817871094,141.22916757343177,139.482006417122,139.88790588012023,10052800
2021-09-14,138.59959411621094,142.3674601414158,137.88483354778205,141.5821189023699,11685600
2021-09-15,139.56138610839844,140.02906037851577,138.0701172807047,138.29071885960727,11691500
2021-09-16,139.49961853027344,141.93506870652368,138.73192930399588,140.66440139099356,10880900
2021-09-17,139.13784790039062,140.31145013956012,138.53781795435447,138.87313672681844,25581600
2021-09-20,134.972900390625,136.38474267247824,132.79335531940697,135.79353194974257,15819900
2021-09-21,134.99050903320312,136.3758933566516,134.63755190675133,135.47583518041282,8999900
2021-09-22,137.57598876953125,138.75841014598367,136.86124172054812,136.9494742842582,11236200
2021-09-23,142.2262420654297,142.6939297953238,139.1290007758004,139.42019647277522,12336100
2021-09-24,143.86753845214844,144.352864681638,141.90860856444667,142.45569624253298,10102400
2021-09-27,147.34422302246094,147.71483211012122,145.2529240762158,145.59706204793278,13220900
2021-09-28,146.55001831054688,149.3913672547386,146.17940933492835,147.97951199713975,13387900
2021-09-29,146.43533325195312,147.2736166039412,145.63234023012714,146.6647675235906,7777100
2021-09-30,144.44107055664062,147.3530136596209,143.64689691158245,147.29123876374368,13161200
2021-10-01,147.47659301757812,148.50900693938615,144.36169935326012,144.71465654441621,11285000
2021-10-04,147.31773376464844,150.39733669652807,146.24119696734735,147.33538566125475,14120000
2021-10-05,149.72348022460938,151.03730748793987,147.9569052119613,148.43628358822832,12292900
2021-10-06,150.0430450439453,150.11406455664857,147.36211600814127,149.12869082946946,8692600
2021-10-07,150.99290466308594,152.25347055621103,150.50465397141386,151.9782784060651,10195400
2021-10-08,151.10833740234375,152.10258366508177,150.29163318001045,150.930795361939,8190100
2021-10-11,147.93026733398438,152.0581768558747,147.77048358011973,151.6232009399624,12154700
2021-10-12,146.7940216064453,147.97469599447038,146.27026776723167,147.1402333784533,13032600
2021-10-13,142.9235076904297,146.83837223897822,142.56842364856442,145.64882579858283,22753500
2021-10-14,145.1162109375,145.59557583032512,142.0890695229709,143.58932491503447,15176800
2021-10-15,147.9036407470703,148.4007638334521,145.71096220524572,146.78511380271135,14267400
2021-10-18,147.8503875732422,149.6790962604667,147.28224493696283,147.7882404112545,12672900
2021-10-19,149.6436004638672,149.7146064444244,147.87702530813863,148.6049517463614,8053900
2021-10-20,151.65872192382812,151.68535255263262,148.65822486527424,149.40390956297952,8185600
2021-10-21,150.4691925048828,152.0937287750967,149.74125244633836,151.58771967894884,8415200
2021-10-22,152.49313354492188,152.7683256478277,150.6466671387588,150.93961750347353,8817900
2021-10-25,151.74749755859375,153.54070329759966,151.33913868008358,153.31877236365895,10159200
2021-10-26,152.15585327148438,153.1234825041247,151.39241026482318,151.80076917119132,8015100
2021-10-27,148.9866485595703,151.53441087397778,148.55165913333065,151.19708512796691,9847000
2021-10-28,151.2325897216797,151.36574284052512,149.10205854663167,149.40388131307253,7212900
2021-10-29,150.8153533935547,152.90150915464721,150.37149161847853,151.96051081319317,8140100
2021-11-01,150.7354736328125,152.98141331145612,150.0341643863311,152.7239658757041,7435500
2021-11-02,151.3302764892578,152.41330060332,149.95430189723547,150.73550317179578,7173800
2021-11-03,151.38352966308594,151.91616933012273,150.15846655625495,151.028445582121,8402700
2021-11-04,149.39500427246094,151.09055966282864,147.79711256915726,150.91301764530465,9574200
2021-11-05,149.1819610595703,150.9929113329834,148.61381846932426,149.9365180294975,7975600
2021-11-08,150.07858276367188,151.7297495658267,149.79451819269812,150.06971040212557,6413700
2021-11-09,148.9422607421875,149.55479217792714,147.89475342266923,148.56054610576243,7990300
2021-11-10,148.80023193359375,149.9809059981329,148.3297394888901,148.6493205405367,6999200
2021-11-11,148.7913818359375,149.74123922743578,148.16109199831212,148.7114899474693,5815300
2021-11-12,148.1255645751953,148.90676569960334,147.11356018475198,148.8268602787252,8113400
2021-11-15,147.85923767089844,148.95113388414381,147.3621146322042,148.4362661266297,6492500
2021-11-16,146.7940216064453,148.31203540407512,146.58096299844368,148.30314949608038,9706100
2021-11-17,146.00390625,146.97152175403755,145.04516310583514,146.66082661144287,9909600
2021-11-18,144.7433624267578,146.34126791104748,144.30837290599322,145.93290901955524,8122500
2021-11-19,142.85247802734375,143.90887126341005,141.5475232705074,143.189817325069,12193600
2021-11-22,145.8973846435547,147.34436495575113,144.69007995967803,145.72871498582677,14549900
2021-11-23,149.38612365722656,149.6346851771418,146.80284477640728,146.91825317693468,12354400
2021-11-24,148.21432495117188,150.4158754893731,147.75270492772154,149.54591023199765,9629800
2021-11-26,143.74911499023438,144.38827723904143,140.98830685004748,143.93554295679928,13619300
2021-11-29,143.127685546875,146.2791073290915,141.8760054491083,144.97415243207675,12104400
2021-11-30,140.9971466064453,142.5950518589473,140.51776825790085,141.2900970315363,18922600
2021-12-01,140.1626739501953,144.93863109222534,140.08278207982204,142.92349479520567,12253400
2021-12-02,143.1099090576172,144.9208590079809,140.97049220662012,141.88484631303896,12969900
2021-12-03,140.5177459716797,143.6602947274543,139.54125825516905,143.36734434882544,12681800
2021-12-06,142.17779541015625,144.35271522095726,141.556391685011,142.93235223869502,11186500
2021-12-07,144.31724548339844,145.0451718589263,143.06555184084783,143.7047139755295,9851600
2021-12-08,142.66607666015625,144.9386470831941,142.1866982938537,144.39713510383055,11705700
2021-12-09,142.44415283203125,142.8613705148597,140.8373615345152,141.72508524679222,11189600
2021-12-10,141.87599182128906,143.54490297320115,141.26346037186278,143.20757721722893,10405400
2021-12-13,140.1893310546875,141.84937010986525,139.6211884042916,141.59193618595006,12069000
2021-12-14,141.26345825195312,142.82584688333145,139.63892246781506,139.772075587176,12563600
2021-12-15,140.2070770263672,141.90263246789226,139.68332331791328,141.90263246789226,14014200
2021-12-16,142.3997344970703,143.65142792354268,140.88172130285696,142.3819762337313,19542800
2021-12-17,139.15956115722656,141.4854064425323,137.75695609763275,141.4321451882775,28082000
2021-12-20,136.6562042236328,137.33086943662408,134.79197882151786,137.1621997469787,15148000
2021-12-21,138.5647735595703,139.5323890332335,137.67704995901607,137.96112801307527,11291300
2021-12-22,139.10629272460938,139.42587377923533,137.81022378599536,138.26295796938717,7273000
2021-12-23,139.60340881347656,141.2545752554857,139.5590334698338,139.91411749249906,8055200
2021-12-27,140.40237426757812,140.4378772531484,138.78671073958142,139.9052511960677,6188100
2021-12-28,140.8284912109375,142.16894915945403,140.33136809216552,140.43789060459122,6342300
2021-12-29,140.7574462890625,141.7073170054263,140.3934763764977,141.01489370842265,6398900
2021-12-30,140.6864471435547,142.2488495131852,140.58879699545278,141.24571740501003,6948200
2021-12-31,140.57106018066406,141.40550912113557,140.22484846257387,140.65982442764732,5805900
2022-01-03,143.544921875,144.37938433363047,141.60080477363516,141.91151349183633,13120900
2022-01-04,148.9866485595703,149.65244123787915,145.79083828545313,145.8618577966098,20195800
2022-01-05,146.26287841796875,150.35302529770058,146.2182234519516,149.87078709434957,17539400
2022-01-06,147.81675720214844,149.46888166120178,146.3432253244855,149.05808874508742,14047500
2022-01-07,149.28138732910156,149.61180957837593,147.40598760629422,147.95074553516426,13913300
2022-01-10,149.42425537109375,151.20140571744204,147.82569762411396,150.9870836967746,12922500
2022-01-11,149.57608032226562,150.49591538758978,148.52228035920214,150.2637150155545,11854100
2022-01-12,150.42446899414062,151.45146506821953,149.29922381974978,150.442333705723,12568000
2022-01-13,150.2369384765625,151.6479510421781,149.93330648348643,150.33517395982636,13623400
2022-01-14,141.00282287597656,143.80698260414678,140.1187037440589,143.56585672693646,40158400
2022-01-18,135.09088134765625,139.11850821083917,134.43894887756184,139.11850821083917,32324800
2022-01-19,133.00115966796875,135.94821032516654,132.66181189960528,135.3588110951531,22380000
2022-01-20,131.8670196533203,134.5014995118015,131.59910344486124,133.05477106362076,14860800
2022-01-21,129.56295776367188,131.73305036392497,128.8395935635875,131.72412482042682,20705400
2022-01-24,129.44680786132812,129.92012039388982,124.64223733480667,127.06238049159887,28471400
2022-01-25,130.85787963867188,131.14366057271243,125.73179655529506,128.28590573944658,18915900
2022-01-26,132.0991973876953,134.46577450245326,130.34883704894756,132.813636019071,20709100
2022-01-27,129.768310546875,134.2960532760623,128.7145244442906,133.43872445171925,17536800
2022-01-28,130.92933654785156,131.06328785588764,126.96421430854971,128.7681691418905,14117000
2022-01-31,132.70645141601562,132.87611846705255,129.1967785653274,130.06303303761217,13985700
2022-02-01,134.98373413085938,135.2695150459539,132.43856428637088,132.7868512599023,14584900
2022-02-02,133.9031524658203,134.79619735234516,132.2331628885896,134.40325542198886,12441100
2022-02-03,132.79579162597656,135.4302717071859,132.42963989768626,133.95675287626128,12474900
2022-02-04,136.24295043945312,137.08241496545568,132.85831570091273,133.15302220217657,16654400
2022-02-07,136.69837951660156,137.18954327472105,134.7158188915654,136.87698575835253,12572300
2022-02-08,139.27032470703125,141.52972681281014,138.24332870505225,138.42193492799018,20411400
2022-02-09,139.85081481933594,140.59202997831702,139.15424099691444,139.84187565059872,9131100
2022-02-10,139.27032470703125,142.0209041459754,138.61840586125626,139.9043924692594,16455600
2022-02-11,137.4574737548828,141.27077941494915,136.60908379819318,138.96672186428253,16830000
2022-02-14,136.18040466308594,137.24311651458467,134.2424991078371,136.394726691121,17026500
2022-02-15,138.17190551757812,139.26142136600333,137.39496082920968,137.98436009618737,9500000
2022-02-16,138.4219207763672,139.4042753422663,137.29668942279363,137.29668942279363,9076500
2022-02-17,135.23377990722656,137.28778586067935,134.5550707027151,136.63586691247866,11367500
2022-02-18,135.86782836914062,137.65391787767504,134.9658580729721,135.85890282723932,11733300
2022-02-22,135.62669372558594,136.8501742262607,134.32285609941718,134.492536772073,11333500
2022-02-23,132.78683471679688,136.90377182783305,132.14384136472486,136.74301667642388,11799000
2022-02-24,129.08961486816406,129.4825567187557,124.82978780865857,127.65181234765235,25655100
2022-02-25,132.14385986328125,134.07284018953146,129.4111445478189,129.71477655469602,18367700
2022-02-28,126.63372802734375,129.54504854119884,125.8121286239266,128.19655608995643,31315300
2022-03-01,121.85595703125,125.45492639049641,119.29292288319827,125.06198450854104,36840400
2022-03-02,124.38326263427734,125.06197168922338,121.99883496058663,122.60609880552039,19405600
2022-03-03,123.49916076660156,125.90145348554331,122.40071946591193,124.88338294731777,16640800
2022-03-04,120.02521514892578,120.93612465647561,118.23912555666925,120.50746696983305,21016000
2022-03-07,115.39032745361328,118.49811961886832,115.15812707873793,118.03373249590018,27560100
2022-03-08,114.57765197753906,117.69436964681233,113.65781009895336,115.7743287538605,19207800
2022-03-09,119.16790008544922,120.7753834480156,118.27485528699926,118.6856482632882,17536200
2022-03-10,117.75689697265625,119.17683504395328,116.38161387016636,117.75689697265625,15604200
2022-03-11,115.10454559326172,119.73945036069834,114.6848134403135,118.31951237610286,20061800
2022-03-14,116.24765014648438,118.70352356124714,115.4081857807892,115.61359591403524,15786900
2022-03-15,118.3105697631836,119.26613422771946,117.10496747479614,117.70330584786821,15096600
2022-03-16,123.597412109375,123.67779650894197,120.05202266870081,120.44496461579581,20354900
2022-03-17,125.16026306152344,125.19599249588096,121.38268617201642,122.22215073119277,17050500
2022-03-18,125.1155776977539,125.78536127509352,123.65098482037587,125.19594845660704,23656500
2022-03-21,124.71368408203125,125.70496422166993,123.89208461183765,125.33882625930892,12676100
2022-03-22,127.36605072021484,128.53593728032945,126.56231581492807,127.05349320228457,13548600
2022-03-23,124.82978820800781,126.44619694938301,124.3118206420964,125.90143913237107,12093200
2022-03-24,125.64248657226562,125.66035128539696,124.23147402412725,125.29419961351387,10017600
2022-03-25,126.7409439086914,127.86617569544812,125.74073787601876,125.99971492848394,8383500
2022-03-28,125.80322265625,125.89253259125137,123.15087838274712,125.02627800351297,10818100
2022-03-29,126.08007049560547,128.24125111182605,125.24061974905737,128.0179898902712,11316500
2022-03-30,125.5085220336914,126.9195345859865,124.94591302284023,126.72306362131354,8771000
2022-03-31,121.73986053466797,125.33882960000575,121.68626640595654,124.87444253863872,17353900
2022-04-01,120.8378677368164,122.71326692654178,119.48937523964267,122.70432775902648,15721300
2022-04-04,121.37373352050781,122.29356866138258,118.67673415386987,119.77517554628453,17416400
2022-04-05,119.96124267578125,121.81454906414928,119.6643517891317,120.61800754372815,12110300
2022-04-06,118.296875,119.25950875410467,117.82005397387346,118.37784150003151,12914700
2022-04-07,117.93701171875,118.68373487391258,115.81380302689927,117.81105924244488,12994200
2022-04-08,120.09619903564453,120.46505098606252,118.29687033546263,118.45880332914051,13126900
2022-04-11,119.6553726196289,121.36472959450755,119.26852349297991,119.6553726196289,10466400
2022-04-12,118.34186553955078,121.07685338221899,117.58615063346794,118.88166974549064,12989900
2022-04-13,114.52728271484375,116.28162557761347,113.36671479643655,114.20340297650245,30838000
2022-04-14,113.46568298339844,115.42695176030934,112.47604659659865,113.80755300363244,18835200
2022-04-18,115.5708999633789,116.2726371281174,112.9438745829109,113.06082848906898,11834400
2022-04-19,117.96399688720703,118.14394075729756,115.36396720676183,115.56189448162948,15015400
2022-04-20,118.37786102294922,120.11420698411048,118.16193659279912,119.22354788129793,13430200
2022-04-21,117.460205078125,119.48445037812336,116.92041456813398,118.95365157190498,12174200
2022-04-22,114.08644104003906,117.42420202394086,113.9784857042953,117.20827762466395,14318800
2022-04-25,114.05046844482422,114.36535651867105,110.7576998632124,113.3667283500431,17149000
2022-04-26,110.67669677734375,113.72656500330612,110.54175262637114,112.13415538289176,17209500
2022-04-27,109.23725891113281,111.16254033859113,109.05732876168437,110.05595687808226,17215200
2022-04-28,110.96461486816406,111.24351552742803,108.98535573632448,110.48779378683241,13015600
2022-04-29,107.3839340209961,111.20750738942361,106.97008925655122,110.70369756555927,14874800
2022-05-02,108.36457061767578,108.59848527575916,106.35832291641712,107.85176220134701,18545000
2022-05-03,110.68570709228516,111.71132393191763,108.66146224607981,109.33621052814826,15720900
2022-05-04,114.34734344482422,114.61724550938507,110.42480612620243,110.47879065745137,17128500
2022-05-05,111.48641204833984,113.44768073684472,109.90300762862368,112.68296736106554,15055400
2022-05-06,111.30648040771484,111.81928883996807,109.02133201335472,111.3784552068824,14417900
2022-05-09,109.63309478759766,110.95560243867295,108.40955076101739,109.8580108680147,14312300
2022-05-10,106.96109771728516,111.36045599164639,105.76454244311635,110.75768250365861,16382400
2022-05-11,106.2863540649414,110.5597600613588,106.10642392643965,107.32996808715706,14630300
2022-05-12,106.19637298583984,106.4482778873238,103.79427099311165,105.26072130611821,16318800
2022-05-13,107.14102935791016,108.18464334933826,106.12441106396625,107.42892855325138,10443200
2022-05-16,106.3943099975586,107.47390449274835,105.46765679747341,106.64621492217657,10269000
2022-05-17,109.92100524902344,110.63174100418398,108.68846245378626,108.89538830205638,11160200
2022-05-18,108.04069519042969,109.73206866611008,107.5368853196626,109.12929516160023,12664900
2022-05-19,106.43930053710938,107.64485448806897,105.82752842704669,106.33134519432458,12765800
2022-05-20,105.56661987304688,107.66283962146207,103.47939869073286,107.47391091670589,13150100
2022-05-23,112.09819030761719,113.87053039147749,108.364581427024,108.37357999351177,24376700
2022-05-24,113.68159484863281,114.69821315602941,110.7576855302295,111.88226603730769,19324900
2022-05-25,114.47329711914062,115.03109152196792,112.61099207292516,113.6096201128851,12780400
2022-05-26,116.45255279541016,117.12730104130958,115.34596951591577,115.48990537525528,15990900
2022-05-27,118.09892272949219,118.09892272949219,116.18263360111979,117.10029492386256,11177800
2022-05-31,118.96260833740234,119.79029785853703,116.69546415125481,117.11829374906002,17015000
2022-06-01,116.87541961669922,119.53841887481565,115.7598306839369,119.53841887481565,10768000
2022-06-02,118.75569915771484,118.76469085958635,115.75981509981052,116.86639845272646,8374800
2022-06-03,117.10031127929688,118.54877138476405,116.94736999210943,118.04496156160818,8596000
2022-06-06,116.71347045898438,119.10658129736305,116.4705709306623,117.93701471465394,11323500
2022-06-07,117.01936340332031,117.24427951928476,115.71483894849432,115.90377452613217,6722200
2022-06-08,115.15705108642578,116.46156181020615,114.16742155143083,116.05671554803848,8422100
2022-06-09,112.7369384765625,115.24700972232138,112.70095107858411,114.59025172103082,13560100
2022-06-10,107.55487823486328,111.01858468838155,107.34795240954237,110.28985188085524,12945200
2022-06-13,104.3520736694336,106.11541510077954,103.5153854881623,105.13478418220184,16805600
2022-06-14,102.61573028564453,105.54863846644824,101.86001540317109,103.95623532758184,13357900
2022-06-15,103.83026123046875,105.21573822655722,101.81500823564306,104.01918991175354,14083500
2022-06-16,102.0489501953125,102.79567341925181,100.64547569356309,102.43580622642237,16724900
2022-06-17,101.68907165527344,103.12853340206972,100.9063679768972,102.14790244652868,30919900
2022-06-21,104.20813751220703,105.28773213380639,103.49740175516095,104.2441249147797,11680500
2022-06-22,103.62334442138672,104.54099907647512,102.91260873163154,103.353442359593,9842700
2022-06-23,102.48977661132812,103.62335578572859,100.29459993264686,103.47041447042326,11851500
2022-06-24,105.54862213134766,105.99845431002949,101.50913108867529,101.8689982043996,14841100
2022-06-27,104.70293426513672,106.61022515236665,104.03718457004187,106.21437064311846,11280500
2022-06-28,104.19913482666016,107.32097152150932,104.00120755228201,105.86351266245697,11590900
2022-06-29,103.7313003540039,105.09878712022906,103.2184919586827,104.36106264162848,9338400
2022-06-30,101.31119537353516,102.63370296666893,99.79975910479565,101.8150051751504,15172600
2022-07-01,102.60673522949219,102.93960668946255,100.00670546840153,101.34720360263593,10573600
2022-07-05,102.21644592285156,102.29812862202492,99.20313957412496,100.53733879955958,12514200
2022-07-06,101.55389404296875,102.55227753655787,100.55551054937963,101.40867802507393,10656200
2022-07-07,104.1224594116211,104.28583174661338,102.92439792988112,103.01515879940784,10347400
2022-07-08,103.79570770263672,104.96654153657856,103.11499084043402,104.52180845883026,8807800
2022-07-11,102.43428039550781,103.67772576789007,101.85340252400628,103.0605421638434,7939500
2022-07-12,102.53411865234375,104.53996361915219,101.88970748492108,102.18014641847229,11250900
2022-07-13,101.5720443725586,102.08938895660343,100.18337603417554,101.42682143863202,12979900
2022-07-14,98.0232162475586,98.23197244009903,96.26242662871826,98.01413808494141,26204800
2022-07-15,102.5159683227539,103.36005760475044,97.7237221764294,99.07608481534061,18863900
2022-07-18,101.46311950683594,105.13898645536467,101.00930825951559,104.16783066308354,13977900
2022-07-19,103.97724151611328,104.3221425314724,102.26183537792555,102.67934093765587,11862300
2022-07-20,103.95909118652344,104.14061293275311,102.99701346720677,103.55973503528523,11667500
2022-07-21,104.66703033447266,104.85763023564225,102.89716916317614,103.86832499748431,11595900
2022-07-22,104.15875244140625,105.51110792887272,103.16944038777078,104.5944073318473,7645500
2022-07-25,104.57626342773438,105.70171336591828,104.16782915628804,105.13898493452133,9394000
2022-07-26,102.94253540039062,104.90300319303206,102.5885632030431,103.99538075375946,10675100
2022-07-27,104.59442138671875,105.048232664598,102.83363833728244,103.47804952091771,9337400
2022-07-28,104.20413970947266,105.26606332469507,103.04238398730452,104.60349583569682,10384800
2022-07-29,104.70333862304688,105.73802778300616,104.18599404306724,104.91208793316274,12944500
2022-08-01,103.6595687866211,104.47643045221751,102.62487965173575,103.92278015245829,14740400
2022-08-02,102.04399871826172,103.83201616462607,101.89877579335833,103.39635431452609,14942900
2022-08-03,103.11499786376953,103.55973097180934,101.39051364380984,102.96977493279545,14394500
2022-08-04,101.98046875,102.8517855540431,100.76425095035351,102.42520185397181,18033900
2022-08-05,105.0663833618164,105.45666131685763,101.69910469139563,102.13475961702619,14174600
2022-08-08,103.78662872314453,105.91954015635945,103.63233456416441,105.51111281209211,10332500
2022-08-09,104.72148132324219,105.2751316009744,103.80478758600896,104.14968164237897,10233800
2022-08-10,107.45342254638672,108.34289560451963,106.64563911049727,107.06314461138093,12847300
2022-08-11,109.04177856445312,110.0038563041755,108.28845014486139,108.82395107943522,11684900
2022-08-12,110.84793853759766,110.95685573547384,108.40643860888144,109.52281045751785,9906700
2022-08-15,111.14744567871094,111.38342945732497,109.45926734826024,109.94938430786945,8456200
2022-08-16,112.20935821533203,112.76300845005787,110.61194772870266,110.99314748633401,9555000
2022-08-17,111.26545715332031,111.7828087105806,110.44860230937755,111.0022526789191,8149300
2022-08-18,110.4031982421875,111.15652656473851,109.41389305985257,110.9477703468881,9531800
2022-08-19,107.67124938964844,109.8132389383295,107.19928875967574,109.47742306158675,13464500
2022-08-22,105.89232635498047,106.3370664116549,104.83040958215871,105.96493782438986,8967600
2022-08-23,104.84854125976562,106.45503685692613,104.72147467208859,105.91046477765177,7607000
2022-08-24,105.1026840209961,105.65633427758321,103.87738815584142,104.63979462581788,9771300
2022-08-25,107.5986557006836,107.77109927585279,104.99377649832141,105.4294383676452,10758900
2022-08-26,104.07707214355469,108.9056236468533,104.01353884448274,108.42458482179282,11276200
2022-08-29,103.82292175292969,104.24950537231257,102.97883267670225,103.4689495846352,8117300
2022-08-30,103.84109497070312,104.90301164833747,102.88808856280961,104.37658892922275,10745400
2022-08-31,103.22391510009766,104.40382025395047,102.86993593687029,103.90463200891637,10738300
2022-09-01,103.93186950683594,104.04077979090137,101.57205204906622,102.82456878809654,9979800
2022-09-02,103.20574951171875,106.60025558691288,102.73378887744438,105.16621735703507,10666600
2022-09-06,103.23297882080078,104.14967946346587,101.71725094280313,103.7684796841988,9751900
2022-09-07,105.19343566894531,105.38403553859311,102.34350193773861,102.6793177879998,10647900
2022-09-08,107.64403533935547,107.81648584340637,104.04077263111942,104.63072868611559,11435000
2022-09-09,108.16136932373047,108.96008153820604,107.70755808354569,108.13414175725697,9299700
2022-09-12,109.44111633300781,110.32151121463062,108.72409376884706,109.4774220618449,8614600
2022-09-13,105.63818359375,107.93446744065152,105.08453330758677,107.16298969054854,12904600
2022-09-14,105.39315795898438,106.95426329802608,104.26770074472422,105.91957389995078,9345700
2022-09-15,106.9814682006836,108.35197321088188,105.06638414248548,105.39312880144128,10821400
2022-09-16,106.26445007324219,106.55488901296111,104.71241633993696,106.54581084854817,14844100
2022-09-19,107.24468231201172,107.76202688119582,104.83948120367455,105.28421430798113,8201300
2022-09-20,105.12991333007812,106.81809169379223,104.04984036495728,106.56395850778968,9619000
2022-09-21,102.09845733642578,105.82878652068666,102.03492403576533,105.77433138429497,12606300
2022-09-22,100.93671417236328,103.10593175397506,100.8096475552103,102.90625366284571,11684500
2022-09-23,99.05790710449219,100.14705120280087,97.26081864982193,99.88384680332022,18138600
2022-09-26,96.92500305175781,99.48449810451093,96.26243561106126,98.02322539420264,15753600
2022-09-27,96.07182312011719,98.1775066679008,94.98267908404627,97.79630694773688,12793600
2022-09-28,98.0141372680664,98.68578280395765,95.8812260950074,96.16258681231295,12762600
2022-09-29,96.35320281982422,97.36973553422631,94.75578536555122,97.07021846318578,12713900
2022-09-30,94.8465347290039,97.67831892860468,94.75577387973526,96.26242336649983,15973400
2022-10-03,97.7781753540039,98.3499750383792,94.8102458896218,95.8630913175498,12248100
2022-10-04,102.35258483886719,102.5522628939969,99.71140700180528,100.3921238672329,16013600
2022-10-05,101.08885955810547,101.60167335343623,99.66030285021894,100.50278465299489,10943500
2022-10-06,99.0284423828125,100.90571823117006,98.84529658683022,100.23722280136262,11521400
2022-10-07,97.0504379272461,98.6346692694972,96.40025430458641,98.46067587865328,11681100
2022-10-10,96.14385986328125,98.26838343772174,95.7134595164074,97.73725778403534,8931700
2022-10-11,93.36915588378906,95.73177451175344,93.26842359438685,95.57609987779172,12739700
2022-10-12,94.88013458251953,95.90576927707119,92.74645167540932,93.22264195688732,13181000
2022-10-13,100.15481567382812,100.64015835202872,93.18601079802045,93.38747537838252,22398700
2022-10-14,101.82145690917969,105.53021152133871,101.39105662147124,102.52657587932734,33387100
2022-10-17,106.09798431396484,107.15109015904487,104.68773925856723,105.68590275946444,22276300
2022-10-18,108.82688903808594,110.01735767004864,107.10529480386943,109.57780496566174,21539700
2022-10-19,106.69322967529297,108.81775337066692,105.92400184449335,108.04852553986728,17072000
2022-10-20,106.34523010253906,108.70784867549702,105.90567738316727,107.2884512437602,12207400
2022-10-21,111.93126678466797,112.07778202749257,106.52838184082461,106.64742591227989,20593300
2022-10-24,112.0686264038086,112.7279624850652,111.10710044077992,111.7847483080427,12624200
2022-10-25,112.36166381835938,112.88363705127985,110.7041712164928,111.58328366211862,11289100
2022-10-26,113.65287017822266,114.6510267463944,112.5265031557678,112.63639483662547,11667000
2022-10-27,114.10157775878906,115.56676517888995,113.74443854346963,114.6510221680063,10727600
2022-10-28,115.45687866210938,115.6400244667623,113.59792149728024,114.7334408565705,11859500
2022-10-31,115.27372741699219,116.69313187506613,115.00816110608834,115.1088933959679,13295200
2022-11-01,117.35245513916016,117.4715061957716,115.68581021224358,116.18031225073543,13386900
2022-11-02,116.27188873291016,119.37625691475094,115.96969186898045,116.89459424650867,16546100
2022-11-03,116.48250579833984,117.37993001810507,115.3012034867295,115.66749509431108,12474400
2022-11-04,119.6692886352539,119.80665846924897,117.63635202879402,118.57956620175044,14953200
2022-11-07,120.3011474609375,121.14362930229979,119.48613679035985,119.96232703917457,12011200
2022-11-08,120.3744125366211,120.93301631617813,119.17479146244015,120.18211433479844,9884100
2022-11-09,118.80850219726562,120.35609613435625,118.33231192339889,120.25537781826624,9494000
2022-11-10,123.69856262207031,123.85423725089672,121.36341524341654,121.45499513008096,16351600
2022-11-11,123.90000915527344,124.69670095537147,122.50807612477733,123.79927688386003,10704700
2022-11-14,122.62715911865234,124.29380425716846,122.62715911865234,123.44216990041072,11085600
2022-11-15,121.7388916015625,124.27550393545813,120.51179918446361,123.33227567437925,14038300
2022-11-16,121.90367889404297,122.30660796779003,120.90552258061365,121.7937942277943,7893400
2022-11-17,121.37257385253906,121.69308949913398,120.21874267643067,120.87807876938678,8820200
2022-11-18,122.56302642822266,123.32309471228184,121.13446973938957,123.23152880612429,9468500
2022-11-21,121.83960723876953,123.2223741190831,121.56488154799005,122.47147213562357,7800500
2022-11-22,123.66191864013672,123.87254957387336,122.42567407330107,122.70955214480122,9185700
2022-11-23,124.9805908203125,124.99890959133656,123.49709174931083,123.57035286027893,7316200
2022-11-25,125.21867370605469,125.58496523154972,124.5959613449619,124.98057163866949,3220500
2022-11-28,123.03006744384766,125.19122130367973,122.88354522243881,124.60514639117245,9906900
2022-11-29,125.05387878417969,125.12713991087921,123.08503665673076,123.31397243774255,7925300
2022-11-30,126.53736114501953,126.53736114501953,121.96781251377331,124.6234616268747,14761200
2022-12-01,124.76084899902344,126.97694569573744,124.0190853266648,126.53737893290315,8858500
2022-12-02,123.77180480957031,123.94579818374828,122.10514614442009,123.15825878750316,8931900
2022-12-05,120.3011474609375,123.23153609383242,119.59603544662698,122.9293392420728,10154500
2022-12-06,120.50262451171875,123.72604395794203,118.92754534896932,122.15096479519259,13966700
2022-12-07,120.42020416259766,121.86707977531921,119.34878653237514,120.24621075738449,11739400
2022-12-08,121.68391418457031,121.77548008554751,120.35607587569476,121.18025282325134,8907300
2022-12-09,121.02458953857422,122.4897698494312,120.87806731555004,121.06121310776614,7957800
2022-12-12,122.90184783935547,123.30476293557905,120.51175856264501,121.24434162714336,8841600
2022-12-13,122.78279876708984,125.53917962013129,121.86705594869548,125.35603385107773,10025400
2022-12-14,122.16927337646484,124.27548500890414,121.57403206016197,122.5080938050597,9966100
2022-12-15,119.13816833496094,120.95133553882994,118.17663540287936,120.09968729391343,12087800
2022-12-16,118.39640045166016,118.95500421288943,117.60886095178166,118.26819699694174,21133700
2022-12-19,119.10151672363281,120.264514093577,118.21324501228305,118.72605878932468,9017200
2022-12-20,119.678466796875,120.92387795954342,119.22974765196403,119.93487374450109,8549900
2022-12-21,121.02458953857422,121.77549147859867,120.66745035315796,121.04289433660604,8051700
2022-12-22,119.65097045898438,120.23704535503765,117.59054893757593,120.05389956998245,8648200
2022-12-23,120.2187271118164,120.36524932975423,118.7169093107731,119.57770987474812,5091900
2022-12-27,120.6399917602539,121.07954450202355,119.55025531923499,120.48431712198402,5411000
2022-12-28,121.29933166503906,122.16928477590163,119.97149305184182,120.74072784048434,8827700
2022-12-29,121.99527740478516,122.04106734709401,121.16194796340132,121.729704123271,6585200
2022-12-30,122.80115509033203,123.01177209049708,121.28101819336682,121.61983866838854,9292500
2023-01-03,123.73517608642578,125.21868908507152,122.6088162327224,123.84507473607256,11054800
2023-01-04,124.8890151977539,126.07946973229124,124.14726571994531,124.53187604276728,11687600
2023-01-05,124.86135864257812,125.19346180691988,123.3392132742021,125.14733363036125,8381300
2023-01-06,127.25064849853516,127.65655392856925,124.06800139681229,125.58091267835742,10029100
2023-01-09,126.72480773925781,128.1178026001078,126.27278822661013,127.85950171392554,8482300
2023-01-10,127.8594970703125,127.97019342427247,126.66945495987473,127.11225445205662,9048700
2023-01-11,128.80970764160156,128.9204040207667,127.39827250186465,128.1362671314261,8703700
2023-01-12,128.68052673339844,129.94435701771593,128.4314458628536,129.1510003099014,11001700
2023-01-13,131.92774963378906,132.37056322485412,124.35397340286053,125.09198197829284,20200000
2023-01-17,129.88897705078125,130.5716231621965,128.44063443085926,130.23030010648887,14292900
2023-01-18,125.98682403564453,129.82444356300687,125.83921949480727,128.1547076642737,13392600
2023-01-19,124.3078384399414,125.36871603171208,123.23772676781353,124.83367427199015,13303400
2023-01-20,124.61228942871094,124.99052080505861,123.20085436706671,124.68609170285276,13092500
2023-01-23,126.632568359375,127.26910058498841,124.3724285154748,124.64916941674768,10487100
2023-01-24,127.72113037109375,129.4185403915643,124.53848306362546,125.84844171483712,6945000
2023-01-25,128.3391876220703,128.3391876220703,126.61410379069925,127.35211231112285,8967000
2023-01-26,129.132568359375,129.20637063279165,127.63811103263491,128.61596652180285,7487600
2023-01-27,129.44619750976562,130.31334232266866,128.9203617285406,129.71371836376986,7489900
2023-01-30,128.34841918945312,129.23401813554992,128.14546649840148,128.44066145498658,6729300
2023-01-31,129.11410522460938,129.21558157284034,127.53661182508125,129.04030296441033,9188700
2023-02-01,128.7727813720703,129.962823586279,127.4166946124427,127.49973096149544,8841800
2023-02-02,128.1731414794922,129.5753562429886,127.30598253465021,129.15099677428282,11822100
2023-02-03,130.1565704345703,131.3004847197741,127.42595631373672,127.47207042434188,11501200
2023-02-06,130.92218017578125,131.21738914632436,129.17864266298403,129.36314123140426,8406200
2023-02-07,132.5181427001953,133.15467486781688,130.23954897835594,130.42406166418485,10447900
2023-02-08,131.58642578125,132.8779302241988,131.25432262787135,131.5956457857201,6958000
2023-02-09,129.53843688964844,132.23215575774526,129.03105520229417,132.02920308280358,6443100
2023-02-10,130.1103973388672,130.33180411400602,127.85025772181471,128.94804344115659,6582900
2023-02-13,131.5218505859375,131.66944103130464,129.83366081928747,130.35026256892732,7134600
2023-02-14,132.10302734375,132.66575729505092,130.62702427939897,131.45727512332502,9249400
2023-02-15,132.65652465820312,132.7395469194213,130.35025689320076,130.63623184384645,6728300
2023-02-16,130.82998657226562,132.27831565300778,130.70082204237585,131.8355161088989,8165300
2023-02-17,131.21742248535156,131.76169832719637,129.21558365288175,130.05505446393278,7948800
2023-02-21,128.80970764160156,130.3871873500862,127.99789665746964,129.7875631944812,9996300
2023-02-22,127.82258605957031,128.62516276062055,126.78938257533628,128.15468919040865,11107500
2023-02-23,128.8465576171875,129.30781114087313,127.25062436661048,127.97939874044401,8068000
2023-02-24,130.0089111328125,130.40559648197427,128.16389704227882,128.32995563012386,9126900
2023-02-27,131.14361572265625,132.20449328145548,130.7377103371305,131.09748755132986,10014700
2023-02-28,132.2413787841797,132.61959594101364,130.90373242668156,131.86314755100656,11019800
2023-03-01,131.50338745117188,132.3428722747317,130.81150713916256,131.08826207923448,7139200
2023-03-02,130.13812255859375,131.39271907926147,128.7266733201516,131.21745450158852,11106800
2023-03-03,132.5274200439453,132.60122232710134,130.14734919846117,130.5440206345354,9513100
2023-03-06,131.75247192382812,132.87791764537647,131.60486740822327,132.32442182637027,9261300
2023-03-07,127.87794494628906,131.28199880341774,127.1307163584009,131.00524382514803,11747600
2023-03-08,127.1214828491211,127.85025727401231,126.28199799887747,127.30598145625316,10002500
2023-03-09,120.23957824707031,126.70636236099287,119.2063747461258,126.16207244585634,25888100
2023-03-10,123.2930908203125,124.77832808584189,117.91487879327784,118.96654355462098,37599700
2023-03-13,121.07907104492188,123.50526950628984,119.38166116059536,121.04217695019429,42901100
2023-03-14,124.18795013427734,125.02743530372541,121.11599859407653,124.79680843803177,29648100
2023-03-15,118.32075500488281,120.83920951063871,116.90932731300352,120.82997543082509,34280600
2023-03-16,120.61782836914062,121.7248343037224,116.25436578335037,118.09015332283113,24558500
2023-03-17,116.06063079833984,118.52372338026191,115.72852763693783,118.43148110430431,38396000
2023-03-20,117.28756713867188,119.43701064586844,116.24513651602736,117.14918964833143,22875500
2023-03-21,120.4333267211914,121.52187854140573,120.1012235414687,120.47022081834112,17807800
2023-03-22,117.32447814941406,120.53480663526662,117.23222882747788,120.44255027515833,17250200
2023-03-23,117.01079559326172,119.49234191070461,116.25434006308326,117.98865789190988,16677600
2023-03-24,115.23039245605469,115.94071999403475,113.56987646858245,115.8945918128713,22311100
2023-03-27,118.532958984375,119.35398985556544,116.5034388565988,116.96469247134272,18853900
2023-03-28,118.89273834228516,119.31708379259778,117.84107360696267,118.73591379966149,10820500
2023-03-29,119.13256072998047,120.12887004030037,117.86872352865781,120.0181736979339,14595300
2023-03-30,118.77278900146484,120.03661922272114,117.75803260015441,119.8797947050452,12134700
2023-03-31,120.2119140625,120.23958815310226,118.86506139871327,119.61228999766035,13105200
2023-04-03,120.07353210449219,121.2543401115248,119.38165175304299,119.84290532067578,11775400
2023-04-04,118.46837615966797,120.47021514899892,117.53664892978881,120.38719287706124,11579900
2023-04-05,118.64505004882812,119.14710733393767,117.57583926643225,117.89195702775508,9614700
2023-04-06,118.51484680175781,119.08199301806343,117.9477005854522,118.0778645931217,8760200
2023-04-10,118.90535736083984,119.22146797348508,117.35268138916051,117.65020018070031,9477300
2023-04-11,119.49109649658203,119.88158856058351,118.5799412538381,119.28655100779827,10516300
2023-04-12,119.47250366210938,121.26690877514532,119.06341266372614,120.10472488738162,11821000
2023-04-13,119.92807006835938,119.97454606868823,117.91981315305058,119.43530529564194,12450200
2023-04-14,128.9838104248047,129.3464112241228,125.42287735108336,125.65531412466714,43931300
2023-04-17,130.0065155029297,130.22035332547398,127.98896635826779,130.1180805952463,16050500
2023-04-18,131.4662322998047,131.81954073230335,129.26273624552854,130.41562773954573,13760100
2023-04-19,131.29888916015625,131.55921721829318,130.53648971360158,131.30818152408432,9158100
2023-04-20,130.9176788330078,131.49411745979074,130.01582306650377,130.0809121691736,10586200
2023-04-21,130.6666717529297,131.1966344929934,129.03032170669425,129.92288530534265,11842500
2023-04-24,130.84332275390625,131.18733887353952,130.20179489998168,130.5923012181402,7567500
2023-04-25,127.998291015625,130.12741997661672,127.9611073710751,129.79271042840392,10629300
2023-04-26,125.72966766357422,128.12841633649057,124.58608296389941,127.95176215792056,14416100
2023-04-27,127.42184448242188,128.22142756587223,126.12949656476765,126.44560717787672,9041100
2023-04-28,128.5282745361328,128.60265602410013,126.13881711569461,126.96629166245583,9887300
2023-05-01,131.28025817871094,133.29780722986916,130.93625636880267,132.26578761333266,20415800
2023-05-02,129.16049194335938,132.40531509570278,128.7049106635853,131.46626125237438,14113400
2023-05-03,126.4270248413086,128.92804716935956,126.22247931498954,128.7142092779594,12930900
2023-05-04,124.6976547241211,126.18525549892242,122.54994156827584,125.47865293363861,17089200
2023-05-05,127.13360595703125,128.19351693679252,126.3619142684698,126.85467902829136,11261400
2023-05-08,127.44041442871094,128.27718096422285,126.8918529755788,127.83090642440395,7484900
2023-05-09,126.8268051147461,127.3288623057515,125.71111143387805,126.38051629294698,7343600
2023-05-10,126.89185333251953,128.36085514148462,125.39496025141302,128.25858241469552,8133400
2023-05-11,126.4920883178711,127.19869096486417,125.42287070396287,125.51585108319455,7057300
2023-05-12,124.67909240722656,127.36606097216954,123.77723658077858,127.20800566679817,9988600
2023-05-15,125.72966766357422,126.1387585640918,124.54889933058493,124.83711859591006,7639500
2023-05-16,124.88365173339844,126.3898376699158,124.54894217119273,125.94356298258039,6477200
2023-05-17,128.72349548339844,128.85365952238953,125.94356046777068,126.35263731401683,12711500
2023-05-18,129.69969177246094,129.9135295858717,128.08192706890705,128.55610706462394,10999600
2023-05-19,129.4021759033203,130.62015634556295,128.4259529385829,129.96932211998757,13492200
2023-05-22,128.33297729492188,131.689364532914,127.9889754446489,131.09432702029443,11402500
2023-05-23,126.994140625,129.26272559811,126.87328316079605,127.8773974466778,9514900
2023-05-24,125.83199310302734,126.77104693264928,125.59026391818736,125.88777566977367,8578000
2023-05-25,126.13878631591797,126.69664024605038,125.12536539009835,125.34850979951426,8472500
2023-05-26,127.31958770751953,127.93322428300574,126.10162110839245,126.5478958056475,8579900
2023-05-30,127.80301666259766,128.0447457522703,126.464178840508,127.1893802963379,7399900
2023-05-31,126.17597198486328,127.2265764509332,124.9579914943427,127.1243037131586,14219900
2023-06-01,127.91461181640625,128.5189417760317,125.93424589021166,126.92908212873873,12248100
2023-06-02,130.6015625,131.54060186472486,129.55094384800705,129.7554893233829,12922500
2023-06-05,129.3185272216797,130.26687328356348,128.42597790551955,130.26687328356348,8511900
2023-06-06,129.5509490966797,130.25756592635653,128.50034458893558,128.93731264569107,9329500
2023-06-07,130.80612182617188,131.34537684682581,129.076791651942,129.74621069918032,9281400
2023-06-08,130.84332275390625,130.99208571446027,129.68113872485935,130.78754019040267,7368100
2023-06-09,131.10362243652344,131.83813052835976,130.35983616853576,130.49000018411496,7249100
2023-06-12,131.09434509277344,131.3918709835064,129.94145354640617,131.15943420142702,7596600
2023-06-13,132.04270935058594,132.8329860065813,130.2947799684501,130.61089063084825,7701600
2023-06-14,131.54991149902344,133.5209706496138,130.81540340563754,132.95382439764776,9068700
2023-06-15,133.03750610351562,133.32572542805949,130.1924823122168,130.71313840646567,9343100
2023-06-16,133.195556640625,133.8556832851755,132.4889539932474,133.00031770567188,13813500
2023-06-20,132.51683044433594,132.95381264180995,131.1315023941723,132.59121190207753,8428600
2023-06-21,132.32159423828125,133.90216123389115,131.7358491133408,132.8608349910178,9926500
2023-06-22,129.7741241455078,132.5819648406862,129.1883788324124,132.31233019089228,10075200
2023-06-23,129.0953826904297,129.4021867304495,127.95178361219067,128.80714918996347,9919500
2023-06-26,129.41152954101562,130.17391495331148,128.0169085847207,129.11400359400008,8429700
2023-06-27,129.42080688476562,130.01584452291195,128.80717033038513,129.23486028287297,8154000
2023-06-28,128.85362243652344,129.43007517484398,128.2678915230531,129.38358499140992,7558600
2023-06-29,133.35360717773438,133.47447882912567,130.02512535776643,130.2296708354378,15423200
2023-06-30,135.222412109375,135.74306818320116,133.5674635089359,134.4414279986358,14212800
2023-07-03,136.31021118164062,137.11908654933129,135.7430649319183,135.91971913562398,8021600
2023-07-05,135.40219116210938,136.14172948067352,135.14007523014382,135.6830337418573,8934900
2023-07-06,134.06349182128906,134.2319887522731,132.40653391206402,133.8856244268661,9709500
2023-07-07,135.12130737304688,136.52550555928698,133.8668937548906,134.7187774160945,8981500
2023-07-10,135.87957763671875,136.6659395090326,135.2710974449543,135.2710974449543,9100100
2023-07-11,138.00462341308594,138.37908490759793,136.40384516231424,136.99359880427176,11260900
2023-07-12,138.68797302246094,140.29812147148584,137.61142675811845,138.03268337093755,11323200
2023-07-13,139.3620147705078,139.83008093340652,138.3135511365733,139.20287398923173,11234900
2023-07-14,140.20452880859375,143.12525681027427,138.93138839786866,141.870843043834,27028400
2023-07-17,143.58399963378906,143.93036406904477,140.74751945536332,140.74751945536332,17262400
2023-07-18,143.84609985351562,144.53882864830726,143.05975211033515,143.58398393912213,13491700
2023-07-19,144.3983917236328,145.2970849199136,142.49804450203536,142.99419342486166,12510000
2023-07-20,146.17706298828125,146.58896351409925,144.5482018161326,144.6605331289025,9935900
2023-07-21,145.05368041992188,146.16768001485138,144.81029119211755,145.84939849751257,10636400
2023-07-24,147.9088897705078,148.64842793429298,144.84773343199822,145.07241030562304,14381400
2023-07-25,146.8042755126953,147.64678887686114,145.99920115581102,147.25361502130073,9944700
2023-07-26,147.68421936035156,148.14292930748638,146.29874762297274,146.70129192030421,8728600
2023-07-27,146.0553741455078,148.6390943050811,145.6153907955602,147.69360576809055,10778400
2023-07-28,146.88853454589844,147.53446817081576,146.44855118644014,147.23489895405842,9103800
2023-07-31,147.8714599609375,149.20076607298495,147.11318082189925,147.14126364731788,8892700
2023-08-01,147.1412811279297,147.90891653855547,146.17706591601933,147.37531422371853,6853900
2023-08-02,145.4749298095703,145.74641613115145,144.1081848752588,145.62471438118453,8299400
2023-08-03,146.36428833007812,146.897876304198,144.4920237619121,145.10050403286803,6084000
2023-08-04,146.0553741455078,147.7216885960237,145.75580493522597,146.41109472740982,6209400
2023-08-07,146.74807739257812,147.6280439392386,146.5983070977639,146.5983070977639,7251800
2023-08-08,145.92428588867188,146.01789053426512,142.8444030785175,144.46392200237997,8623400
2023-08-09,143.9677734375,145.58729252584976,143.66821854323672,145.40006893140463,6277800
2023-08-10,143.75245666503906,145.51238975141104,143.31247339344608,144.520091916497,5995100
2023-08-11,144.58563232421875,144.65116844231196,142.8818789489863,143.2563261590332,5180700
2023-08-14,144.88519287109375,145.02560699541831,143.15334248845306,143.7992760288352,5044300
2023-08-15,141.1968231201172,143.48098800077395,140.63513807973655,143.0878141862051,10300300
2023-08-16,140.5977020263672,141.3185278436564,140.12026544675294,140.9815196692057,6978200
2023-08-17,139.13734436035156,141.599362526,138.9220236528226,141.24364197541,9953900
2023-08-18,139.45559692382812,139.95174578286077,138.02331598598033,138.21989572335605,8517500
2023-08-21,139.9330291748047,140.5134408185697,138.56628424091537,140.09216992550452,8327000
2023-08-22,137.03103637695312,140.08282221486544,136.534887452353,139.72708740694694,9673300
2023-08-23,137.9578094482422,138.16375969245578,136.16980765056223,137.00296480788273,7858000
2023-08-24,137.82675170898438,139.86752750903037,137.60208910349877,138.0795114244007,6534000
2023-08-25,137.6582489013672,139.1279690919885,136.53489306897146,137.8735553172173,6695500
2023-08-28,138.1356658935547,139.11860756571915,137.73313590181482,138.14503635752138,5094100
2023-08-29,139.25904846191406,139.34331123259852,137.7799575793808,138.27612088497915,6337000
2023-08-30,138.69735717773438,139.62411896057506,137.78930775518225,139.127970012283,6277300
2023-08-31,136.98423767089844,138.87522886814105,136.63787329971225,138.79096610726893,10933900
2023-09-01,137.4429168701172,138.62243813166728,136.39443924227538,136.75953017686766,7903500
2023-09-05,135.92637634277344,138.74414307002488,135.74850896054588,137.7612015206172,7854700
2023-09-06,135.70175170898438,136.24469590171947,134.90603349797408,135.45834815612446,8629200
2023-09-07,134.54090881347656,135.99191644968522,134.2319835011811,134.92472640913843,8373700
2023-09-08,134.64390563964844,134.91537771193597,133.53926213708527,134.21327851187928,7107900
2023-09-11,135.23367309570312,135.78598770305322,134.5128472530841,135.5051451671015,6854200
2023-09-12,136.9935760498047,137.91099584579266,134.8498397012467,135.2710963138877,8363200
2023-09-13,137.0591278076172,138.26673213964824,136.50681320165899,137.92972395420438,8325900
2023-09-14,139.71774291992188,140.3262231887897,138.09823807360453,138.39779297567569,10034900
2023-09-15,139.30584716796875,140.16708718154675,138.83778101161687,139.40882229373597,19863400
2023-09-18,139.59600830078125,139.61473494158025,138.3135119487619,138.69732952181235,6512400
2023-09-19,139.4181671142578,140.15771958020997,137.80803280911252,139.95176934545702,7943400
2023-09-20,138.8284149169922,140.65386993955852,138.67863032943688,140.09218487834835,7332000
2023-09-21,137.74249267578125,139.34328503841164,137.26507039146745,138.15439313326482,8052400
2023-09-22,136.4225616455078,138.0888760647545,135.9170564679509,137.88292580761203,7071700
2023-09-25,137.0965576171875,137.1620937275213,134.5221940712428,136.06682076935587,7044700
2023-09-26,135.67364501953125,136.52552882591283,135.0183552777935,135.36473393604743,7468400
2023-09-27,136.46937561035156,136.75957435926273,135.2804835021302,135.91706094085959,6717800
2023-09-28,138.16375732421875,139.36200547860716,136.68466663396703,136.9374263446685,8868100
2023-09-29,135.7579345703125,139.2590608602964,135.6081499471453,139.10929052137706,11917800
2023-10-02,134.58775329589844,136.3195895900525,133.52056297766828,135.58005131127518,9170600
2023-10-03,133.59544372558594,134.41923041723004,133.25843553401722,134.054139400051,9431100
2023-10-04,134.194580078125,134.30691139083365,132.8652595512566,134.0447954716826,8128700
2023-10-05,134.7603759765625,134.9489954403181,132.8082911555661,133.94936120720567,8576200
2023-10-06,136.8350830078125,137.57065291285397,134.04367882202118,134.7698235091785,10270600
2023-10-09,136.52389526367188,137.11800063708546,135.32623051848367,135.47712036142732,6964900
2023-10-10,137.35372924804688,138.40994351775856,137.00480915687686,137.13683414188532,11288800
2023-10-11,137.8252716064453,138.8437563954765,136.75964633550754,138.16476653612236,8698200
2023-10-12,137.504638671875,138.5891431366781,136.86337847882652,137.96673338014548,10484400
2023-10-13,139.56988525390625,144.38881902981274,139.41899543795483,140.0414051365208,29427000
2023-10-16,139.4284210205078,141.00329554327354,138.3627815883004,140.9372758593186,12663500
2023-10-17,139.12667846679688,140.80528837588392,138.4288237446185,139.16440812185908,11482700
2023-10-18,137.5989227294922,139.07948753982038,137.08967324569366,138.2401828028462,9620300
2023-10-19,137.01425170898438,138.64572098900047,136.62761631159904,137.1934315805182,11143600
2023-10-20,134.80752563476562,136.87278493216152,134.02480093728053,136.3352597722285,13332900
2023-10-23,132.96861267089844,135.49595244442185,132.71398789413,134.7981121972243,10133400
2023-10-24,133.12892150878906,133.6570214733008,132.36506160371712,133.14778633313443,8881400
2023-10-25,132.4027862548828,133.13835617043748,131.5634813825373,132.5631156887243,8242600
2023-10-26,132.74229431152344,133.6004640945183,131.4880494878342,131.79925438901847,9109400
2023-10-27,127.96107482910156,131.17684405250557,127.48955492149321,131.03537944643568,17434700
2023-10-30,129.59251403808594,130.17719404826093,128.29111464548342,128.66833915982525,9855500
2023-10-31,131.1390838623047,131.30883847212732,129.63965435880897,129.8659890420251,9672500
2023-11-01,131.0259552001953,132.52538506399418,130.58272533258497,131.3182952427371,9432000
2023-11-02,133.36468505859375,133.42126514351625,131.29942562105097,132.1104404141124,10186200
2023-11-03,134.85467529296875,135.5808198813388,133.7701854083583,134.09081544854737,9538700
2023-11-06,135.8731689453125,135.9769038934277,134.6566396092663,135.01499931905428,7625100
2023-11-07,135.80712890625,136.04288880849035,134.6849238588857,135.33560910176934,6297900
2023-11-08,136.4767303466797,136.58989052573705,135.43938073983261,135.90147545372747,7618200
2023-11-09,136.07122802734375,137.3537629346779,135.5148379104684,137.15573260341947,7992500
2023-11-10,138.0892791748047,138.1364340318637,135.8731447894524,136.68415940608418,7983300
2023-11-13,137.47634887695312,137.91957875986594,136.89166877168356,137.40090396181412,6676300
2023-11-14,139.98484802246094,140.74870805529184,138.17421310287918,138.32508855394224,9927700
2023-11-15,141.2107696533203,141.6068445999882,140.00367999024377,140.00367999024377,8365300
2023-11-16,142.82337951660156,142.89882442983355,141.5408447709493,141.5408447709493,8126200
2023-11-17,144.1153564453125,144.15307170777956,142.90825220167514,143.53066195472735,7812400
2023-11-20,144.55857849121094,144.99238317230925,143.2666184458422,143.41750828184567,7019000
2023-11-21,144.25680541992188,144.87921516759508,143.87959523992686,144.47370055393674,7083500
2023-11-22,144.5963134765625,145.11498831341973,144.19079882605695,144.67175839734603,5174500
2023-11-24,144.79434204101562,145.6430865972685,144.5491568436877,144.84149691463753,3496900
2023-11-27,144.46426391601562,144.78489398263042,144.01160885787445,144.69058425026378,6259100
2023-11-28,144.79434204101562,145.10554693934364,144.0210567942755,144.4925767512003,6582700
2023-11-29,145.52992248535156,146.76530243681577,145.22814281403222,145.3884578683031,9126100
2023-11-30,147.18963623046875,147.23679109279772,145.5864716387902,146.08628152226098,9869800
2023-12-01,147.90634155273438,148.86824606580794,146.94445142930454,146.94445142930454,8916000
2023-12-04,148.99085998535156,149.04744006979425,147.0010454744615,147.1330704680428,9607500
2023-12-05,148.9720001220703,149.47181007082003,148.02896031089793,148.3024355246939,9135600
2023-12-06,147.40655517578125,150.15080456532945,147.11421512755064,149.79244482122945,9366000
2023-12-07,147.8592071533203,148.34959188917585,147.25566224366952,147.7649118050395,8130900
2023-12-08,149.49066162109375,149.73584676995327,148.0383723826528,148.3024223551613,7369400
2023-12-11,150.03765869140625,150.22626379956796,149.14175924575517,149.4906938049841,8093900
2023-12-12,151.3767547607422,151.4993401514318,149.83017004353027,150.16022534418147,10223000
2023-12-13,151.88597106933594,152.80072072522947,150.66945619346848,151.37673596516078,12379100
2023-12-14,154.64910888671875,155.45068411871856,152.49897919789595,152.61213937426155,13643000
2023-12-15,155.81845092773438,155.8656057922749,153.14022154170772,153.79092125929148,20309300
2023-12-18,156.76148986816406,157.61023425667324,156.19567466546889,156.46914985499157,8469600
2023-12-19,158.8550262451172,158.87389106722682,156.12021701458775,156.54458197937433,10345700
2023-12-20,157.0632781982422,159.76037254396365,156.9689684644074,158.42125778345093,10734700
2023-12-21,157.95916748046875,158.5155575124074,156.24282812678547,157.3367577550905,7601700
2023-12-22,157.8648681640625,158.64759298134297,157.7045531132431,157.95917790673107,6576300
2023-12-26,158.79849243164062,159.15685220791008,157.65740779068372,157.92147220821988,4683600
2023-12-27,159.7509307861328,159.8169504768574,158.03460589267718,158.27979105184372,6428600
2023-12-28,160.59967041015625,160.93916529174086,159.373715871676,159.70378553614376,6320100
2023-12-29,160.4110565185547,160.96744648038407,159.96782671448216,160.31674679399487,6435100
2024-01-02,162.2782745361328,162.36314465626333,159.28884039116926,159.4585806314303,9977400
2024-01-03,161.57101440429688,162.24056461960868,160.6656898438769,162.07082435870566,9852300
2024-01-04,162.64321899414062,164.4839997839759,161.81770540051127,161.91259668017605,11972500
2024-01-05,163.45924377441406,164.5124733318374,162.70015693042274,162.70015693042274,10066000
2024-01-08,163.22201538085938,163.54462255510825,160.8214137681895,163.22201538085938,11229900
2024-01-09,161.9315948486328,163.00379113396048,161.4002383747752,162.84248752428073,9923600
2024-01-10,162.27317810058594,162.33010708122012,160.30904139844134,161.30534199467218,9670200
2024-01-11,161.58998107910156,161.64691005258496,160.0148785803073,161.61844556584327,11919500
2024-01-12,160.4039306640625,167.29261232317756,160.26159373589286,164.91099163359718,19436500
2024-01-16,159.3981170654297,159.49299385483397,155.8968406686566,156.43768035554754,17206400
2024-01-17,158.544189453125,160.42293290764556,157.97488510073214,158.78140321955019,11107500
2024-01-18,158.85726928710938,158.9616438945128,156.7887727674102,158.5726099507023,9382300
2024-01-19,161.59947204589844,161.84618358047715,158.53467484219206,158.98063779337124,13115700
2024-01-22,161.40969848632812,163.1840524158629,161.03016233915122,161.7418034738899,12837500
2024-01-23,160.3470001220703,161.0681246579549,159.82512701395376,160.99221452601276,8360800
2024-01-24,161.77976989746094,162.26368071250425,160.2236483497231,160.69807582742826,9967100
2024-01-25,164.09495544433594,164.1424010811721,162.16878131146788,163.49717227262667,8873500
2024-01-26,163.4687042236328,164.2088098113454,162.9942768223619,163.78182804587664,7443000
2024-01-29,163.89572143554688,164.00009606553505,162.5388657240791,163.43079174790918,6971200
2024-01-30,167.25466918945312,167.71959885740603,163.99060578443397,163.99060578443397,10822100
2024-01-31,165.4423370361328,169.18082757038678,165.42335588463555,167.18822653609234,11521800
2024-02-01,164.8445281982422,165.89775752773647,162.6621594234444,164.75913474734716,9354800
2024-02-02,165.79344177246094,166.82770479886892,164.39862366595722,164.43658597652265,8607600
2024-02-05,165.57518005371094,166.13500096991308,164.07598757427212,164.9679134968324,7820200
2024-02-06,166.14450073242188,166.8751085895703,164.87302414792433,165.6795566137463,6764800
2024-02-07,166.45761108398438,166.87510956386498,165.062807676568,166.7043226284831,7225500
2024-02-08,165.85983276367188,166.34374353104843,164.69274533742478,166.04960084038564,6060300
2024-02-09,166.05909729003906,166.14450523792445,164.78763514943896,166.04961395288615,6296700
2024-02-12,166.7991943359375,167.76703037532326,164.81609109548293,165.84085611158963,8539300
2024-02-13,165.34744262695312,167.21668785869483,163.79132123629455,166.35324093999716,8397600
2024-02-14,167.02694702148438,167.09337382211206,165.49928986921168,166.11605431558004,7056700
2024-02-15,170.67051696777344,170.99313861983137,167.1407757730594,167.1407757730594,8723400
2024-02-16,169.8734893798828,170.77489862748652,169.04799026069725,170.42382695213206,8152600
2024-02-20,170.5376739501953,171.23034839812226,169.28519310769673,170.02529871425853,9668000
2024-02-21,171.64785766601562,171.73326561657646,169.38959269081207,170.7464483434242,7024000
2024-02-22,173.70684814453125,174.03893862404504,171.97044219351025,172.52077969260773,9296500
2024-02-23,174.57980346679688,175.72790969059875,173.8207167154575,174.40900207051712,7105800
2024-02-26,173.98202514648438,175.02577126846347,173.14702824890108,174.3520779572995,7145400
2024-02-27,174.0674285888672,174.15282205509578,172.91932226723353,173.93458948194154,5717100
2024-02-28,174.94984436035156,175.72789773069846,173.60247234565364,174.0484207604,6131600
2024-02-29,176.54396057128906,176.89503229136554,174.44699911032092,176.16442435922684,9643000
2024-03-01,175.8133087158203,176.90450047991027,175.63303845622815,176.20234267897524,6311800
2024-03-04,177.13221740722656,177.99567880021087,174.84548820991387,175.26298666271404,7063600
2024-03-05,178.9065704345703,179.61821151467728,176.82857616411795,176.82857616411795,6617800
2024-03-06,179.83645629882812,180.3488460192698,178.0336378978686,179.570778102442,7572900
2024-03-07,178.26136779785156,180.75686085108097,177.08479697238374,180.19703992745502,7618300
2024-03-08,178.59344482421875,180.71888470762545,178.30878549936634,178.80219403055222,6172200
2024-03-11,178.65988159179688,178.8022185128998,176.69575949029132,177.70154336122792,5762600
2024-03-12,180.130615234375,180.43425575956988,178.29933218131626,179.2861349314453,5708400
2024-03-13,181.59185791015625,181.92394844272968,180.1306132360268,180.62402184480607,7795500
2024-03-14,178.35626220703125,181.8290747228508,177.5307630516754,181.25975597395745,10310900
2024-03-15,180.5670928955078,181.17435946088082,176.9424601771041,176.9424601771041,17214200
2024-03-18,182.80638122558594,182.84432904958828,180.17804920335632,180.88020701359716,9013800
2024-03-19,183.8785858154297,184.01142492310007,182.54071140188407,182.85383525818784,8478700
2024-03-20,186.28866577148438,186.5068983228866,183.7077795412809,184.2581170660835,9367000
2024-03-21,188.87905883789062,189.23013052665834,186.2886889495495,186.46897370163362,11203800
2024-03-22,186.5638427734375,190.22642320705918,186.48793264526574,188.83160536845347,8108800
2024-03-25,184.85592651367188,186.86749435505874,184.41944687042397,186.54488715000187,8620000
2024-03-26,185.7193603515625,186.60180291274617,184.13477445009167,184.63766637481814,5961500
2024-03-27,189.31552124023438,189.39143136464278,186.33611762948894,186.4499755769137,8725800
2024-03-28,190.05564880371094,190.4541661440958,188.38565483061902,189.28707861308453,8628300
2024-04-01,188.7652130126953,190.6629229824968,188.414141301363,189.76151364251672,7309000
2024-04-02,188.68930053710938,189.56224537498986,187.94919481633295,188.24333754146488,7014700
2024-04-03,188.15792846679688,189.353480421599,187.5886097387711,188.8600718225351,9353400
2024-04-04,186.72633361816406,190.5725228336972,186.63090338860295,190.06669747224808,9243800
2024-04-05,188.4442596435547,189.08369905029488,186.21099104756672,187.21310323176615,6532300
2024-04-08,189.42727661132812,189.90447149415994,188.6065008303441,188.6065008303441,8001000
2024-04-09,188.1579132080078,189.80901778367087,186.02008971749524,189.03596449913155,7351500
2024-04-10,186.5545654296875,188.0815948534464,185.3233944981093,186.63091835715863,7681400
2024-04-11,186.51634216308594,187.6043602268826,184.42624128812224,187.06035119498426,10137700
2024-04-12,174.45286560058594,180.3128170621153,174.21426820465587,179.7306533963621,31532300
2024-04-15,174.54830932617188,178.90987668749668,173.88977818734347,176.08487712916175,14766600
2024-04-16,172.55364990234375,174.8060100362722,171.45609307815093,174.55785940954902,16451800
2024-04-17,171.86647033691406,174.09973836837415,171.02660288050362,173.09762643748962,9017100
2024-04-18,172.9831085205078,174.99687108359075,171.76149104329275,172.83995591100177,9557700
2024-04-19,177.32559204101562,177.40194495717884,173.1358222453055,174.08065863681227,13402300
2024-04-22,180.77096557617188,181.45812735942548,177.49740116944542,177.5069543871332,11529700
2024-04-23,183.37643432617188,183.46232590313252,181.83032768955627,182.4125059825634,9144400
2024-04-24,184.2735595703125,184.41671219594375,181.49628213042132,181.83986299476692,6964900
2024-04-25,184.55032348632812,185.0943325814848,182.46020780549338,183.48141172959566,9802300
2024-04-26,184.6648712158203,185.9819191199223,184.25447606565834,184.74122414056745,6413700
2024-04-29,184.46444702148438,185.39974488523453,183.65320992069704,184.6553220561309,5387800
2024-04-30,182.99468994140625,186.0964565277787,182.8992451443853,184.01587936793962,8153700
2024-05-01,183.1091766357422,185.59059525008658,182.08797284386992,183.50047983988924,7445300
2024-05-02,182.91831970214844,184.67439312359332,180.87592647957385,184.2640125734771,6501700
2024-05-03,181.8207550048828,183.74862604851333,179.86426800149363,183.2428007323514,8922800
2024-05-06,183.24281311035156,183.43368812810877,181.16225065998637,182.98512382682264,7911100
2024-05-07,183.0042266845703,184.13039955093174,182.90878188854626,182.95650428655827,7688800
2024-05-08,186.72633361816406,187.6807232907595,182.28842746572758,182.28842746572758,9227600
2024-05-09,188.491943359375,188.57783492709262,186.20141417659536,186.26821387498816,7977300
2024-05-10,189.70404052734375,190.24803507157247,189.22684568795714,189.48452041598773,7529800
2024-05-13,189.6658477783203,190.734774070511,189.00731660118564,189.7326620428204,7049200
2024-05-14,192.31907653808594,192.38589081187718,189.1218795591192,189.92356346762142,8596200
2024-05-15,192.89170837402344,193.44525616341704,190.65843990714103,192.79626357615743,8370000
2024-05-16,193.23529052734375,195.1536086492636,192.77718753280783,192.99669309394335,8497900
2024-05-17,195.44944763183594,195.69759825802052,193.55976022547813,194.51414986383685,9260500
2024-05-20,186.65953063964844,196.48974700752038,186.48773292892272,195.06770117767758,17373300
2024-05-21,190.41981506347656,190.78247320493176,187.63299920837585,188.01474921922218,14420800
2024-05-22,189.26502990722656,191.77507962196466,188.6733129194728,189.92356116796256,9425300
2024-05-23,187.93841552734375,189.25547795628643,187.12719303061385,188.78782176676148,8069400
2024-05-24,191.5555419921875,191.60324982166694,188.5492060306778,188.73054238375408,7356200
2024-05-28,190.40072631835938,191.2692243545398,189.59904254472963,190.74430715889065,6910200
2024-05-29,189.0741424560547,189.91401004508248,187.90978586684102,188.9691590074262,6120000
2024-05-30,190.23851013183594,190.7347968781683,189.35092009391784,189.5036259486096,6829100
2024-05-31,193.38800048828125,194.0274398758393,189.3032135067126,190.20988086032972,14417900
2024-06-03,192.61492919921875,193.18755426057615,190.10487971991847,193.0825708149027,6444300
2024-06-04,190.0762481689453,192.7676194373073,189.2363806080914,191.0306378288864,6848300
2024-06-05,188.26292419433594,190.70617428252737,187.9384351617438,190.6488986625119,8351600
2024-06-06,187.9288787841797,188.98825193066074,186.42094131495605,188.26290644052494,7640300
2024-06-07,190.83021545410156,191.75597461770602,188.024307437637,188.42514935958465,6964500
2024-06-10,190.5057373046875,191.67963261173603,189.38910305220256,190.15261775965763,6070800
2024-06-11,185.4951934814453,188.91191055404266,184.7698625098068,188.88328002640114,9235300
2024-06-12,182.79425048828125,187.747535155726,182.58428359797037,187.06037343522323,12751300
2024-06-13,184.82711791992188,185.70515472071864,182.17391564540972,183.54823918155475,8587800
2024-06-14,184.94161987304688,185.97236241283088,182.6892597815552,182.71789030520225,6874000
2024-06-17,186.0869140625,186.65955375205004,183.85364548635286,184.65532940145712,8725400
2024-06-18,188.01478576660156,188.93100635869416,185.2756917711234,185.72425613061853,9023000
2024-06-20,189.6085968017578,190.35301959036525,187.16536154039684,187.43258948693125,8731100
2024-06-21,187.34669494628906,188.17700929825324,185.36156268713378,187.73799820567726,20972100
2024-06-24,189.8090362548828,190.14306392636604,188.11022368178232,188.7878322423663,9785900
2024-06-25,189.0359649658203,190.94474426582192,188.72101463378038,189.05504227358247,6862500
2024-06-26,188.4251708984375,188.9119190158098,187.32762845546597,188.44426277199767,7758600
2024-06-27,190.08578491210938,190.74431610090178,187.91931632822877,188.43469489460125,7913500
2024-06-28,193.0348663330078,193.3593699170051,190.2098808173549,190.88748938726886,15307600
2024-07-01,196.07937622070312,197.64457486806845,193.41663515800704,193.58841832722447,10205800
2024-07-02,199.30519104003906,199.33382156432344,195.43037141669657,195.92664354617938,7802900
2024-07-03,199.17156982421875,200.78449059341636,198.1789964757142,199.99234547043878,5560900
2024-07-05,196.532470703125,199.0084419463454,196.27336816071954,198.64377422771068,8093100
2024-07-08,196.89715576171875,198.55739478921961,195.74554496023563,196.77239292168676,8707000
2024-07-09,199.2579803466797,201.30208486270007,197.165874350596,197.33862403342292,9058900
2024-07-10,199.42111206054688,199.58425558028438,197.2906255075793,197.82804290048543,8328500
2024-07-11,199.08522033691406,199.70901989248074,197.0986942703721,197.89522885627903,10658100
2024-07-12,196.67642211914062,199.08520875553353,193.95093996868792,195.77432240821722,15443400
2024-07-15,201.58038330078125,203.07747876015205,198.38465354242032,198.83570341075963,10719700
2024-07-16,205.00643920898438,205.12161054317335,199.68982876618043,201.53240903441477,11557000
2024-07-17,208.12539672851562,208.78757699823768,204.67056415763426,205.17919240815453,11572500
2024-07-18,201.51321411132812,207.90467411348138,200.80306165121763,206.9354044523305,12415100
2024-07-19,201.3212432861328,203.78762269683403,200.49591964655664,202.68398424570762,8095900
2024-07-22,201.80108642578125,203.61487723988253,201.25407758649305,201.97383607849395,7663200
2024-07-23,201.84909057617188,202.95271450120742,200.90861016610094,202.5112707886033,5557300
2024-07-24,200.17922973632812,203.48052438660613,199.68020772158312,201.1005270559385,7119000
2024-07-25,200.25601196289062,201.71472666285024,199.66101627259542,200.23681430218042,6403800
2024-07-26,203.6820831298828,204.56498521561846,200.20803848586095,200.8030488593653,8027800
2024-07-29,202.34812927246094,204.99683550482567,202.06022291940437,204.07553810374966,6533600
2024-07-30,206.51312255859375,207.08892060425245,204.37304460068856,204.63214713164874,8850700
2024-07-31,204.219482421875,207.6647229458713,204.09471959527943,206.11964077185962,9071600
2024-08-01,199.57464599609375,205.207951245614,198.05835297856282,204.6033494115887,10918600
2024-08-02,191.11029052734375,196.4173090899953,188.951014866982,195.65916985684163,18041700
2024-08-05,187.04124450683594,188.26003972022244,183.2025323392783,186.2255269573448,13927000
2024-08-06,192.2618865966797,194.4307682439227,186.1775316040648,187.52107494379788,10605800
2024-08-07,192.3194580078125,197.45374096940827,192.12752534383736,195.3040570597253,9204400
2024-08-08,195.83189392089844,196.64762609323657,193.65342072084405,194.30600938741946,7761200
2024-08-09,197.5017547607422,198.14473732678184,194.71867950080318,195.26570304351597,5540200
2024-08-12,197.87603759765625,198.78772889996102,195.44805308023797,198.0871679594775,6936000
2024-08-13,199.5554656982422,199.69941155528463,197.11787513313567,199.35392685485715,6387800
2024-08-14,201.76271057128906,202.26173259433187,198.76850521541047,199.36351554061437,6999800
2024-08-15,203.0198974609375,205.26554061728052,202.58804526064463,204.41142772567014,7001000
2024-08-16,205.34231567382812,205.45747235510242,203.05827720505397,203.15425086846594,7931200
2024-08-19,206.7626190185547,206.83939501460688,205.1983538600032,205.37108886847773,6090800
2024-08-20,205.87013244628906,207.290451812223,205.0639917823852,206.33077379457382,5640000
2024-08-21,205.94691467285156,206.33078003410972,204.25787193885594,205.78375651861572,5202300
2024-08-22,207.89505004882812,208.05819355178016,205.6973792260983,205.92770721801395,5247100
2024-08-23,209.50730895996094,210.3518303146011,207.770294063869,208.82594575716917,7214000
2024-08-26,210.33262634277344,210.82205685305937,209.25779166440867,210.17907434771442,5105200
2024-08-27,211.3019256591797,211.5322536842561,210.35185367323294,210.65894306314183,5185200
2024-08-28,212.36712646484375,213.25004306245233,210.35181156210248,210.4093898959632,6506400
2024-08-29,213.2500762939453,213.98901788500726,210.11192481779804,213.19248330758634,6416100
2024-08-30,215.7356414794922,216.38821556365377,212.98135535356386,213.52837890369267,8574100
2024-09-03,211.4170684814453,215.06384784728323,210.39981213405102,213.336424500989,8956100
2024-09-04,210.48619079589844,213.1157139537024,208.45167799328414,212.12723207920712,7389500
2024-09-05,208.85475158691406,211.89692943579365,207.31926075481468,211.2731298787107,8067900
2024-09-06,203.89320373535156,209.91998068208017,202.57843485706223,208.82594829731795,7777000
2024-09-09,208.0677947998047,209.35375986693387,205.54383685302398,206.51312105129102,8935100
2024-09-10,197.27142333984375,209.82401435534237,192.52101978319223,209.78563367537953,28406900
2024-09-11,198.87405395507812,199.32510375506922,193.69179897429586,196.9738957479277,13658700
2024-09-12,198.26950073242188,200.3615919553569,196.62844474311245,199.27715101962826,9054400
2024-09-13,196.0814208984375,199.46908315177689,194.83383653849526,198.51899663631963,10226700
2024-09-16,199.4786834716797,199.81457665233654,197.30021016072058,197.5305381683303,8634900
2024-09-17,200.81265258789062,201.4652267000243,199.28676784611358,199.3539377018796,7573300
2024-09-18,199.16197204589844,202.81834284396587,198.3654375571648,200.58229137057424,8259900
2024-09-19,201.9930419921875,203.36538928713296,198.97965334983056,201.32127025220836,11635200
2024-09-20,202.5784454345703,202.8951409629487,201.05256077890448,201.46521533060852,20885000
2024-09-23,202.9143524169922,203.25983714020322,201.52282201422125,202.49209168378687,7223500
2024-09-24,203.05828857421875,204.36345139466172,201.88748010395994,202.63602786120398,7323200
2024-09-25,201.71473693847656,203.68207992104146,200.19844382266885,203.1446478984502,8976500
2024-09-26,201.3212432861328,203.16382323049552,200.58228714937277,202.61681440246963,7807500
2024-09-27,202.01222229003906,203.87399998332447,200.88940076897532,202.15616813497374,7032500
2024-09-30,202.3577117919922,202.45368545325593,196.98350891876606,197.99117378793656,8663800
2024-10-01,198.6917266845703,200.6590695133516,197.87600917065313,200.47672835038065,8540100
2024-10-02,198.93167114257812,200.52474033695253,197.39619493599187,198.73014693766058,5810900
2024-10-03,196.95472717285156,198.16393091884422,196.10061427209934,197.8568269060444,7251300
2024-10-04,203.94537353515625,204.37987213930614,199.78381659479555,202.09150201972523,10211700
2024-10-07,203.6653594970703,205.9827100132501,202.4680757269759,203.7619212935509,6718900
2024-10-08,203.49156188964844,204.0515878849043,201.20319174460775,203.32741862551052,6021800
2024-10-09,206.069580078125,206.8613454534999,202.1687285781039,202.47769976692018,7024000
2024-10-10,205.50955200195312,207.41170420678253,204.18674102834692,207.41170420678253,7927100
2024-10-11,214.63409423828125,216.89351339672228,207.74966888805528,208.24209865254014,18320700
2024-10-14,213.85202026367188,215.99556259342347,211.34157550325287,215.51278305488955,9048900
2024-10-15,214.73068237304688,217.68529078898302,214.1803213608932,215.95694652517005,9235800
2024-10-16,215.93760681152344,215.97622268757254,213.42714760377535,214.6727269219523,6382500
2024-10-17,216.69076538085938,218.07152251645772,215.61899422056717,216.5459374132235,6470200
2024-10-18,217.60800170898438,218.13906204363374,215.4161936428324,217.25074963533817,7000500
2024-10-21,215.31967163085938,217.9266781613519,215.22310983099362,217.46321393517286,5870000
2024-10-22,216.4010772705078,217.52112924082374,213.48509971320877,215.33897121583806,9586800
2024-10-23,215.7155303955078,217.05765675812557,214.86583379761672,215.95692013506684,6180500
2024-10-24,217.23146057128906,217.3087070595921,214.02581233964898,214.18995560232,6002200
2024-10-25,214.65341186523438,217.84940969268465,213.2726696126605,217.25076784703845,6369700
2024-10-28,217.73355102539062,217.868728693903,215.27137266803004,215.65760510182318,6843000
2024-10-29,215.2230987548828,218.94050685947278,215.13620197943288,217.45355245759362,6580000
2024-10-30,216.6811065673828,218.5156628404685,213.94857273050474,214.87550115342282,7110900
2024-10-31,214.27684020996094,217.91700157327347,214.18029315501,216.96109290971893,7829900
2024-11-01,215.26170349121094,218.36113930912322,215.02996405127206,215.86034529447858,6923500
2024-11-04,212.21054077148438,216.0534611932713,211.6215492339804,214.98169019005127,8229600
2024-11-05,213.86166381835938,214.3154777176928,212.42297563395553,212.45194122469928,5600700
2024-11-06,238.55099487304688,239.45862265494782,226.68428170878914,226.90635614480942,23987800
2024-11-07,228.23883056640625,236.14676076756385,227.11877864228583,236.07916456872846,16451100
2024-11-08,228.81814575195312,231.0968653627636,227.6594780097169,231.0968653627636,9502100
2024-11-11,231.04859924316406,233.76183232238978,230.7685936247478,231.734152593889,9017100
2024-11-12,231.30931091308594,233.14388184693877,230.53686076900374,232.26521962387952,6861000
2024-11-13,232.8542022705078,235.68328295062503,232.03347126141182,232.29417630585863,11472600
2024-11-14,233.5397491455078,235.87640014281013,232.7479984317867,234.07080953881766,10172200
2024-11-15,236.8612823486328,237.93305345699474,233.14388893789499,233.14388893789499,11518800
2024-11-18,236.5908966064453,239.3910115292734,234.3218272931725,239.2268682839051,9051400
2024-11-19,234.7177276611328,236.70677679200912,233.2307733224933,233.90666165823853,6792700
2024-11-20,232.48728942871094,236.1853820806055,230.42099380614764,235.9826082126915,9015300
2024-11-21,236.3302001953125,237.0350688275059,233.77147490470944,234.85289619986844,8783500
2024-11-22,239.9897003173828,240.56902689654652,234.65981033615955,235.21983634263424,7997300
2024-11-25,241.6697540283203,245.55130530795057,240.4821205914916,240.99386567944467,10295400
2024-11-26,241.3607940673828,242.3553186985206,239.78692811975665,241.86288889278865,6212100
2024-11-27,241.1869659423828,242.53875732525523,240.20210641192003,240.76213237626226,5472300
2024-11-29,241.119384765625,243.09878358106323,240.8586797210085,241.25456243074825,5494800
2024-12-02,237.76889038085938,241.63112616369568,236.5909072884335,240.95523784835137,8899700
2024-12-03,236.38816833496094,240.46281387900356,236.20470976229734,239.68071342355267,6657700
2024-12-04,235.01705932617188,236.89991119978995,233.88735704195787,236.2722889974968,7346300
2024-12-05,237.02540588378906,238.66685314495626,236.19502460109126,236.93850911465168,6572500
2024-12-06,238.84068298339844,239.20760013056864,236.40747009501496,237.2378514526948,5519700
2024-12-09,235.41293334960938,239.3331004642951,235.36465245379455,238.61859624597477,7076500
2024-12-10,234.49563598632812,239.4199922894347,233.87767887717348,235.49016047866672,9108300
2024-12-11,235.142578125,235.85709707692163,233.8390676036829,235.59639202600604,7884400
2024-12-12,233.21145629882812,235.692949917877,232.73832710066324,234.63082916006218,6113800
2024-12-13,231.67623901367188,234.36049197314819,230.90378883302319,233.73288448883088,10392700
2024-12-16,231.32859802246094,232.3810536646963,229.33954908883908,232.3231224892719,9032000
2024-12-17,230.15065002441406,230.78792251755053,228.4802370347638,230.43065565931622,8083600
2024-12-18,222.43582153320312,230.83619659782678,221.6247555113085,230.76860039603835,11322400
2024-12-19,224.93663024902344,228.21952494296886,224.27039218428922,224.27039218428922,11790800
2024-12-20,229.4168243408203,230.97137492047273,223.61380532033132,223.93244155838863,32348400
2024-12-23,230.17958068847656,230.40165510544298,226.79047432549615,227.9394917493917,8611500
2024-12-24,233.96458435058594,234.13839262104892,230.836182814854,231.1837698892596,3729100
2024-12-26,234.76600646972656,234.88186883103566,232.4969370056862,233.11489415476902,4451800
2024-12-27,232.86386108398438,235.0074032318014,231.77277470486047,234.3604804730654,5730200
2024-12-30,231.0775909423828,232.54523003977909,228.9436990328983,230.54653053655986,5723800
2024-12-31,231.4541473388672,233.12456023279114,230.79755957752477,231.78243385290807,4871000
2025-01-02,231.73416137695312,234.9011937371106,231.20310097714537,232.6224738942401,9220900
2025-01-03,234.9011993408203,236.446099680159,231.98520694861776,235.49019093770127,9491100
2025-01-06,233.75595092773438,238.45338882592614,233.4938994273639,236.52199744283416,9917800
2025-01-07,236.0076141357422,238.036051249581,233.8044710816832,235.00795317306168,8753400
2025-01-08,235.96878051757812,237.05578696137664,233.41624059042408,235.5999684129956,8675300
2025-01-10,232.8048095703125,236.628762281155,231.70810291840846,235.92996814062778,10256800
2025-01-13,237.01698303222656,237.3372500960213,231.96043318189513,232.61069705427852,10005300
2025-01-14,240.18093872070312,240.4235751387901,235.05645875545392,235.5126164062056,12407400
2025-01-15,244.91722106933594,246.19833373301464,236.50257655181815,243.0246450469622,18448500
2025-01-16,246.78067016601562,249.46908602016472,244.8978090555052,246.51861866884337,15292300
2025-01-17,251.5266571044922,252.9436457019137,244.71342133292043,246.65451296396108,17678100
2025-01-21,255.28265380859375,256.46672083789156,251.85662841034198,252.4098466101375,13712100
2025-01-22,255.0982666015625,255.6223696516269,252.58455641473486,255.15649698282425,9021900
2025-01-23,258.1166687011719,258.999839319307,256.03968646138014,256.89377150881944,10749700
2025-01-24,257.0393371582031,259.2327800677332,255.26325143834285,255.92321545084891,7666300
2025-01-27,258.0196228027344,258.13608356694,254.53536671960657,256.38911286643724,7522300
2025-01-28,259.2716064453125,259.4559828890109,257.02961850864546,258.0195941318063,7375400
2025-01-29,258.7280578613281,262.7073011271936,257.78662735417487,259.3395063870375,7684900
2025-01-30,260.3294677734375,261.75617104949805,258.766873890751,260.71768010583645,8753500
2025-01-31,259.4268798828125,262.8432200467561,259.0968978658329,261.3000557826277,7193800
2025-02-03,258.9513244628906,260.2712821624786,253.99184960482245,254.11799568005065,8381400
2025-02-04,260.0480041503906,261.8920349639185,258.97068307584,261.8920349639185,5626000
2025-02-05,262.4646911621094,262.66852710369653,260.4265390771867,260.98947222246505,5704400
2025-02-06,268.744140625,268.8218008796745,263.20233210063896,264.42522935273706,7264400
2025-02-07,267.676513671875,270.3455145608461,266.6186223283094,269.10321715000055,6857900
2025-02-10,263.0567321777344,268.0453220031556,261.64942897239877,268.01620681498275,8627400
2025-02-11,266.8903503417969,268.0841322055861,261.7173548361182,262.29968817500816,7196400
2025-02-12,267.33685302734375,268.3073988294126,265.2016404153094,266.0071803987953,6683900
2025-02-13,268.18121337890625,268.81206220355733,265.74513402635904,267.38535874167565,8398700
2025-02-14,268.4432373046875,271.0054922240324,268.30737630553097,269.20026178200214,5688600
2025-02-18,271.7043151855469,271.7237154392855,267.8900475882826,268.6082716385242,7919800
2025-02-19,271.0249328613281,271.99547872654324,269.0547259396898,270.18056269758443,7007200
2025-02-20,258.94158935546875,270.52990776080935,257.9128132494212,270.47167738640707,13846700
2025-02-21,256.45703125,261.2709600914064,255.09827295553427,260.41687498668233,12835600
2025-02-24,253.64239501953125,259.13568691818347,250.99279474898321,257.6701535179273,10372800
2025-02-25,249.8184814453125,255.2535438153115,245.88778282719832,254.50623421668564,9608400
2025-02-26,251.1675262451172,253.2250783593955,249.36229586835162,249.58553203875115,5943600
2025-02-27,251.41986083984375,255.87469182858476,250.2649090455339,252.51658225954176,8204400
2025-02-28,256.85491943359375,257.0102103033765,250.29405049282587,253.0503967893836,10467100
2025-03-03,252.943603515625,258.47572558891886,250.2260875328823,256.22405256395905,9058300
2025-03-04,242.87908935546875,249.65350978324315,238.70573940367385,247.7609336031201,13465600
2025-03-05,244.12135314941406,245.5965867262712,240.53033710346665,243.84960154438141,7861400
2025-03-06,239.27835083007812,242.0152970466892,236.66759511360632,240.80211481791196,9983200
2025-03-07,235.14381408691406,239.4530394207747,232.36805275623323,238.00692097749285,20498700
2025-03-10,225.380126953125,230.5143072655119,221.9638018922669,229.25260968443942,18887200
2025-03-11,222.39085388183594,226.44774284176466,220.01301974210133,224.9239788967364,18143000
2025-03-12,221.18736267089844,227.4182791975453,220.56621400526214,227.10769746005099,16054000
2025-03-13,218.55718994140625,222.7402395654928,217.62545954737027,222.5461333861297,16467900
2025-03-14,225.59364318847656,226.27302221151962,220.87679052941755,221.40087868737876,11962100
2025-03-17,227.0397491455078,228.72850399973166,223.67196918142557,224.37074846283141,9586000
2025-03-18,228.04913330078125,229.2137852248078,226.6418449421928,227.4182844946614,10344900
2025-03-19,232.0671844482422,235.19234280757902,227.97148038251137,228.79645015668714,10120600
2025-03-20,231.97012329101562,234.63912397597252,229.2428922333378,229.59228927901535,8328500
2025-03-21,234.51295471191406,235.16321853294548,229.5340506915364,230.80546314828078,19326900
2025-03-24,240.7535858154297,241.36503440089746,237.21109961277028,238.24957590512537,9422700
2025-03-25,243.733154296875,244.4028332211237,240.32652930123646,241.96675395701018,9287700
2025-03-26,243.63607788085938,247.16886352040504,242.4228957957221,245.15984168828058,12779300
2025-03-27,240.81179809570312,243.25757744441526,239.89948275399726,242.1802711082619,8022500
2025-03-28,235.697021484375,242.16084438052914,234.00826669006625,239.66654971371304,11978400
2025-03-31,238.0748748779297,238.61837812715723,230.36873927152533,232.35836101622476,13603000
2025-04-01,236.48318481445312,238.45339153399044,233.78506877067235,235.47380892493115,8054700
2025-04-02,238.57955932617188,239.9674326166383,234.34797933558323,234.4838551459041,7758800
2025-04-03,221.9541015625,228.21411845193424,220.6050436132751,227.36974842028587,17188500
2025-04-04,205.3434295654297,212.58923458837728,204.02511643608108,210.2553432331429,27170700
2025-04-07,209.40576171875,216.8371082788502,197.41405089517536,200.93930233618102,22914400
2025-04-08,211.77871704101562,222.4911845873146,208.24370556467724,218.27260941397304,19485700
2025-04-09,228.83859252929688,231.9048767833682,206.04652973562588,207.5113154920403,24022400
2025-04-10,221.77833557128906,224.9422782580252,214.9329086419956,224.60048894505405,18896400
2025-04-11,230.65492248535156,232.97905393688654,219.71785872027854,220.9971025358475,20284500
2025-04-14,229.2096710205078,234.15087913970558,228.14526363842643,231.53380246810318,13017800
2025-04-15,227.65699768066406,233.04739831448416,227.35427768752865,230.55727455130136,10912900
2025-04-16,224.21963500976562,228.09643576900157,222.5790672431111,226.55352634462056,9322300
2025-04-17,226.5144805908203,228.83859723978307,225.13757837531108,225.38170933973876,9557900
2025-04-21,223.61419677734375,226.36798622449223,221.02639969234494,225.21569525952322,8716200
2025-04-22,230.05923461914062,230.44985307295167,225.93830305999933,226.53398316406202,10701400
2025-04-23,235.22508239746094,240.99632733668028,234.36573659509583,234.5805730456871,14126800
2025-04-24,238.8967742919922,239.70729080846584,232.00251886579326,234.111813783322,9055200
2025-04-25,237.83236694335938,239.85376339709086,236.07462117887317,238.90653414902246,8588600
2025-04-28,237.51011657714844,241.04512791658067,235.18598519677712,238.81865487510098,7394300
2025-04-29,238.8772735595703,239.49248838967188,236.01606566197046,236.50432761587396,7216800
2025-04-30,238.8772735595703,239.46319386448346,232.8325881861533,235.54733835838334,12991700
2025-05-01,241.09396362304688,242.6173383874093,236.48477003311547,237.1390391998316,8689600
2025-05-02,246.58203125,247.66597331622904,243.60364543700763,245.36137644120922,7165000
2025-05-05,246.63084411621094,249.16981191085782,244.70709107270193,245.28323652822158,5450700
2025-05-06,243.3985595703125,246.71873456309945,243.1544286178849,244.13095242759528,6369900
2025-05-07,243.53526306152344,246.52342342169658,242.98841213293886,243.98447055318667,8724100
2025-05-08,247.51950073242188,249.87292678022158,245.64457673393773,245.66411138304096,8320100
2025-05-09,247.13864135742188,249.51158700328907,246.41600839213655,248.5253033443988,5087600
2025-05-12,253.94500732421875,257.4116847639064,252.62672400889193,256.7281061698435,9603900
2025-05-13,256.8355407714844,257.4800500721763,254.27705311794927,254.90201286940857,8589000
2025-05-14,259.4038391113281,260.3803630716006,256.13247788418613,256.8258015516586,8643100
2025-05-15,261.2103576660156,263.19269990894253,258.5444666020599,260.7025759874391,9214600
2025-05-16,261.2787170410156,262.1575825394603,258.495618128322,261.2201279945288,8932900
2025-05-19,258.6616516113281,262.0208961622138,255.78089422806747,259.3159059261038,12145000
2025-05-20,259.4428405761719,260.3998446453458,256.14218530617444,256.3570217379832,8436300
2025-05-21,254.91180419921875,259.41356502066975,254.60908417787425,258.1440958860731,7464000
2025-05-22,254.5504913330078,256.1422002145729,252.79273047922572,253.34935623964725,6514100
2025-05-23,254.5895233154297,255.8394726451303,249.9901043492613,250.78108627971244,6671800
2025-05-27,259.06201171875,259.0717566921421,255.83946524243134,255.8883093139594,7506600
2025-05-28,257.30426025390625,260.45844302460614,256.7281147573034,259.9897008471859,5535400
2025-05-29,258.1636047363281,259.17919788181575,256.3668044334763,258.5835028383828,5081200
2025-05-30,257.80230712890625,259.10107079095377,256.56213251620557,257.265230909512,10977700
2025-06-02,258.4468078613281,258.8081169206428,255.75159247660167,256.84529442949264,6011200
2025-06-03,260.0189514160156,260.3216713749027,256.708551613589,257.53860270778875,6998400
2025-06-04,258.0171203613281,260.8490334291481,257.9780510648975,259.67722274650265,5915700
2025-06-05,255.8004150390625,258.5248949172323,254.19890174190374,258.5248949172323,8173800
2025-06-06,259.49169921875,260.39008449229345,258.056207934954,258.12454195712064,7738100
2025-06-09,260.4779357910156,261.61070691825,257.1675357719009,259.75531775168025,8285000
2025-06-10,262.2943115234375,262.58725675736963,259.6088709415357,259.63816546492893,7538100
2025-06-11,261.8548889160156,263.2903803018637,259.550306718951,262.3724454128917,7434100
2025-06-12,261.9427490234375,261.9915930968164,258.91554891738133,260.5951413369258,6618000
2025-06-13,258.73004150390625,260.7514235020915,256.54260751477483,258.8569645888739,7098300
2025-06-16,264.0129699707031,265.3508326588525,260.5853915714537,260.731864186611,8566000
2025-06-17,263.19268798828125,264.2375756229939,261.51306583381086,261.87440467845437,6739300
2025-06-18,267.5284729003906,271.20021221292876,263.3880211997966,263.66144669321045,9586400
2025-06-20,268.5440673828125,270.7900603895567,267.3820015798645,269.1006931474805,13969700
2025-06-23,271.73724365234375,272.0106691007072,265.7218539872092,268.60261086911663,8094600
2025-06-24,274.6571350097656,276.0730768529508,272.9482181016434,273.6317669842048,9267900
2025-06-25,277.391357421875,277.60619385702887,274.3153133103271,274.8914587952529,6826900
2025-06-26,281.97125244140625,282.61576173740934,277.79173169250225,278.0163428990485,8942100
2025-06-27,280.3697204589844,281.92241945147737,278.34833893885445,279.10025150036057,17868600
2025-06-30,283.10400390625,285.77966944457916,282.13725493022537,283.58249100733053,12689200
2025-07-01,283.59228515625,284.2953834962509,279.86195702454677,284.0610273166312,9338300
2025-07-02,285.1449279785156,285.94568458607114,282.8989353292775,285.1839972718727,8158700
2025-07-03,290.4435729980469,290.83605832396694,285.74348111805267,286.66583810355576,6541600
2025-07-07,286.4892272949219,290.4828336535378,284.63469143869315,289.70765491378785,8825700
2025-07-08,277.4717712402344,284.2618850781592,275.048135846527,283.83993409983367,15440900
2025-07-09,277.8446350097656,281.8088060970764,277.1774068900867,281.7891623646238,11273800
2025-07-10,282.7801818847656,282.89792448782646,277.68760468940775,277.68760468940775,8410900
2025-07-11,281.47515869140625,281.98541661358325,278.3254239763715,280.16031625567433,7384700
2025-07-14,283.2806396484375,283.8693527089549,279.90521169280953,281.6812326297011,9079900
2025-07-15,281.1709899902344,286.46964738040805,280.121098345475,282.5937831680985,12526100
2025-07-16,280.4546813964844,285.2725159686822,277.6974322542774,282.98623724838524,9979800
2025-07-17,284.4580993652344,284.85058472552134,278.11937245969557,278.11937245969557,8509500
2025-07-18,285.8023986816406,287.0093204502985,282.8194857660448,284.08524890116877,12217000
2025-07-21,285.50799560546875,288.65773001934355,285.125302200427,285.5374312562634,7898100
2025-07-22,285.9593505859375,288.11806478082025,283.7515869549163,286.0280437522998,6717500
2025-07-23,291.1893005371094,291.41496386649595,287.05830810847374,287.34287268108,7083500
2025-07-24,290.9832458496094,293.96618832212596,290.6398398939318,291.8369396401929,7001200
2025-07-25,293.0144348144531,293.2891775825394,290.40436354527543,291.13049296035166,5918500
2025-07-28,292.6807861328125,293.8091927274499,291.2482011503524,292.0724293571669,5840400
2025-07-29,291.4640808105469,295.63430134586406,290.63985258046154,294.36850837533046,7635700
2025-07-30,294.0054626464844,294.9670472888904,291.79769880383014,291.83695632333047,8061700
2025-07-31,290.6790771484375,295.33011989507037,289.9529777509294,293.5246633224064,14749700
2025-08-01,283.93804931640625,286.32242707449086,278.9043429750852,284.9487133421405,12007100
2025-08-04,288.73626708984375,288.79513839592664,284.81135364584816,284.81135364584816,6649500
2025-08-05,285.9004821777344,290.23752439689997,281.8480045472989,289.1581672885365,7182300
2025-08-06,285.880859375,287.7844445938785,284.7131953506969,286.81300825463615,6330200
2025-08-07,281.55364990234375,287.9512476179058,281.0336001027858,287.4410196836242,8057100
2025-08-08,283.33953857421875,285.7631740586469,279.36554536006525,283.55541003235584,6634100
2025-08-11,284.12451171875,285.8514833981763,283.3591547144072,283.96751157110066,5510100
2025-08-12,287.3527526855469,289.2170807199043,284.88985973561466,286.02808831162713,8570900
2025-08-13,285.0762634277344,289.0207905053278,281.769528771024,288.43207746741234,8420400
2025-08-14,288.6381530761719,288.67741059714604,284.20301143696577,285.1253385944976,6322400
2025-08-15,285.0370178222656,289.95298150728627,284.3796115875491,289.30536719380285,7340500
2025-08-18,286.0575256347656,286.42057536605495,282.9960976961236,284.55624732082714,5386900
2025-08-19,285.203857421875,286.9897003409671,284.0950645111781,285.3706494849781,6031500
2025-08-20,286.7541809082031,287.82371628155875,281.87747451352897,285.35103146886894,7374200
2025-08-21,285.9986572265625,287.27424223237057,284.0362003285711,286.45983579537915,6624000
2025-08-22,290.6790771484375,291.5818204071259,284.6837862966605,287.6961645212777,8552800
2025-08-25,289.3642272949219,291.76824867106194,288.61851412970407,290.6790696581532,5856300
2025-08-26,292.9653625488281,293.13215460321874,287.99052751038425,288.63814183000835,6714700
2025-08-27,293.66204833984375,295.4184556440125,291.4641062014755,291.6701557907686,6056500
2025-08-28,295.4184265136719,295.5852185641284,293.0929201153854,294.38811877937053,6410500
2025-08-29,295.7618713378906,297.2631495608047,294.10359298088383,296.37022814205386,6796400
2025-09-02,294.0741271972656,294.8198403269102,288.97172816852793,294.62361263793457,7221900
2025-09-03,293.8877258300781,294.9278255320024,290.8164761661132,294.9278255320024,6316900
2025-09-04,298.1168518066406,298.7153868216896,292.68083750021106,294.3685517279064,6605800
2025-09-05,288.8540344238281,299.42185399614533,288.7853412459479,297.9500113286781,9837700
2025-09-08,287.41162109375,290.8949700189617,285.9692141135519,289.3544641521949,8188500
2025-09-09,292.2588806152344,293.3872872696363,286.8228669749493,287.1074315912692,7848200
2025-09-10,294.89837646484375,295.8796048140829,289.8548483762926,291.13046319713106,7787300
2025-09-11,299.8241271972656,299.9909491896388,295.1436788264331,295.5852136096933,7942500
2025-09-12,301.1488037109375,301.7767742987404,297.9990690164523,299.27465392414524,6846700
2025-09-15,303.1014404296875,304.13174819496044,301.40393449781925,301.40393449781925,7122000
2025-09-16,303.385986328125,305.06387836899023,301.3646583866889,304.1807788708881,10525600
2025-09-17,305.89794921875,307.03617773944126,302.973877849489,304.563492987762,8657800
2025-09-18,307.3501892089844,307.556238792954,303.7981171700278,305.9372178866198,8050700
2025-09-19,308.8710632324219,309.8719053836384,303.31730709863126,307.7132209495945,23568600
2025-09-22,306.5749816894531,307.8113389670314,303.74903930910966,303.9845245259009,7520200
2025-09-23,306.8693542480469,310.37234675445063,304.74989735202223,305.9666409066948,8584400
2025-09-24,307.53662109375,310.63727651453155,305.81947137817144,308.15476983779797,7310500
2025-09-25,307.5660705566406,309.7247551863121,305.947019653492,308.22347685107957,7083200
2025-09-26,310.12701416015625,311.8441636854759,307.8113297451866,308.988785738579,7258100
2025-09-29,309.7640075683594,312.0404647281687,307.7721150397051,311.10828573544467,6462400
2025-09-30,309.50885009765625,311.45169300349573,304.28870810842403,310.31346452838187,11823300
2025-10-01,304.87750244140625,308.6846738574029,301.63946033115474,308.0763169713923,9235200
2025-10-02,301.77679443359375,304.73030161726365,300.39328868596704,304.1808160870063,7600000
2025-10-03,304.21026611328125,305.809673335546,302.42442308322387,302.7188095956571,6029900
2025-10-06,304.8511047363281,307.38512889871987,300.8578215934895,305.8371035459471,7214500
2025-10-07,303.3819885253906,305.66951307877287,300.43386159315816,305.01875022701944,8454200
2025-10-08,299.77325439453125,304.4567493262524,299.2999640741864,303.894722712774,6489900
2025-10-09,301.2522277832031,303.7270945284432,299.1422058887319,300.77893750215213,7060300
2025-10-10,296.6772155761719,306.1230715472904,296.5983188157025,301.3804193716138,8597400
2025-10-13,303.6580505371094,305.1271791148808,301.17334440263704,301.321238204041,10788700
2025-10-14,297.85052490234375,302.70165257420854,290.0907186231138,301.5578902761218,16178800
2025-10-15,301.40997314453125,307.7499381556482,301.1634734465224,302.1001843350741,11354800
2025-10-16,294.360107421875,304.3581201926382,292.9106878973514,301.0747572360179,10549400
2025-10-17,293.3938293457031,295.3559575215809,290.08088749555986,294.97143359875633,10153500
2025-10-20,298.1265869140625,299.43798218705626,293.9854099500461,294.32064593592156,6894900
2025-10-21,292.9303894042969,299.7929328501146,292.8416531202475,297.436411288458,7372700
2025-10-22,289.9920959472656,293.8868032880077,286.4721030595595,293.6008552074487,8054100
2025-10-23,290.4161071777344,292.2204718178062,288.4145307332595,290.25834375227123,5438800
2025-10-24,296.2334899902344,298.36325106738366,291.31336547241364,291.93451945757295,7228300
2025-10-27,299.89154052734375,300.2662249001909,296.7955198233114,297.92941246883,5642200
2025-10-28,301.0845947265625,303.6580673748709,298.915415308335,300.59159530101573,6336000
2025-10-29,301.2325134277344,303.93414060421026,298.7675163425421,299.2605157595805,7520300
2025-10-30,305.10748291015625,308.2330823767899,300.82825156305904,301.50859316866377,7514600
2025-10-31,306.7639465332031,308.4894444595929,302.9481359332913,304.22008283002725,7721300
2025-11-03,305.0187683105469,307.9471862719047,301.9227172950412,306.6456604912348,7770000
2025-11-04,304.920166015625,307.84858401169095,300.82827651560933,302.415720333495,7085200
2025-11-05,307.3161315917969,308.7162632770978,301.35085025066564,305.27510663609064,6865200
2025-11-06,309.0317687988281,310.4318702971036,305.9160088624015,306.6357687557767,7206100
2025-11-07,309.8106994628906,310.0276204199649,303.3327096940284,307.5232049313688,7302300
2025-11-10,312.45318603515625,315.08578608051664,309.8106862822301,310.5896337890794,5794100
2025-11-11,311.200927734375,314.58289630207906,310.86569176259013,313.0546102409576,5030200
2025-11-12,315.92388916015625,317.7381233989844,311.782682032414,311.83200002815875,10578300
2025-11-13,305.14697265625,316.14085517487956,304.77228823247975,314.7604626322791,8973300
2025-11-14,299.35906982421875,303.3326737235763,297.012418045434,303.20448907001065,10327000
2025-11-17,296.1644592285156,301.31137424610444,293.5022804823602,299.74363974118836,8344000
2025-11-18,295.2179260253906,298.70837045931603,292.8613742767781,295.3066623130797,8077300
2025-11-19,299.0238342285156,300.18733563828084,295.0798391737984,295.54325979633944,5546600
2025-11-20,294.20233154296875,305.5807663052954,293.9854105998292,302.05087369332443,7501600
2025-11-21,293.84735107421875,297.456110287291,288.71030575970536,297.0715864028587,11766800
2025-11-24,293.8276672363281,295.6221924256846,290.386540762355,294.0642973394352,10940200
2025-11-25,298.7576599121094,300.236658228506,291.42182585555855,295.848951187077,8877200
2025-11-26,303.33270263671875,304.21022597199055,298.95486530692773,300.7296512123902,7910900
2025-11-28,308.6965026855469,309.3275563846455,303.9242719247256,304.7722465716023,4322400
2025-12-01,304.5947570800781,309.6430660312097,304.2200727283419,308.5683309692949,7727300
2025-12-02,303.5693359375,306.1329390093465,302.7903884074122,304.4172805196406,7249000
2025-12-03,307.75982666015625,307.98658713845214,302.50443592551073,302.89885953876745,8535300
2025-12-04,311.67425537109375,314.0307770729326,308.61765279183703,308.8740221323167,9627800
2025-12-05,310.62908935546875,314.02092784192007,310.2741141188276,311.22069468967254,6518900
2025-12-08,310.79669189453125,312.0390600856641,308.96274846028484,310.64879808375287,7417200
2025-12-09,296.30255126953125,314.336450228146,295.8193913272319,310.5403783790639,18049200
2025-12-10,305.76806640625,306.8329619363725,294.2811866679717,296.292632599085,18874100
2025-12-11,312.9363098144531,313.5476242674454,304.9102649889192,304.9102649889192,9721900
2025-12-12,314.06036376953125,315.7858618718594,312.16726270211575,315.2041261224818,8982900
2025-12-15,315.53936767578125,318.35934027084556,313.9322146909975,315.11539535630396,10864100
2025-12-16,311.1319580078125,315.0463750601788,309.99806522837446,314.62240273148194,8331300
2025-12-17,310.5699157714844,314.8984348971578,310.254388930852,313.97159360923496,8718700
2025-12-18,308.61767578125,313.2518829489097,307.8485977928193,311.575672673722,11444900
2025-12-19,312.7686767578125,314.099781180705,308.8049723403709,309.39657764946713,24494400
2025-12-22,318.56634521484375,318.7043994886834,313.0644852104395,313.0644852104395,8354600
2025-12-23,321.3666076660156,323.1907116116738,318.56637445826755,319.07908304324746,6668300
2025-12-24,324.5612487792969,325.36974495293686,320.9426198260136,321.6722493328215,4289300
2025-12-26,323.3188781738281,326.2275566521161,321.96806459862194,324.502058709128,4158300
2025-12-29,319.2171325683594,323.1808371734579,319.0002116144308,322.4216288798564,8635300
2025-12-30,318.89178466796875,320.39049219725354,317.97478280166575,320.2623075229155,7904300
2025-12-31,317.70855712890625,320.3313177342217,317.5310845539587,319.79886991908165,5048500
2026-01-02,320.92291259765625,321.1694123071354,316.2492576445291,317.9846252281575,8054000
2026-01-05,329.36309814453125,332.52814635317964,320.63700140675104,320.94265867445506,10752600
2026-01-06,331.41326904296875,332.6612412306879,327.49110960074296,329.44229029813283,7660800
2026-01-07,323.8660583496094,328.9767653957764,321.49890717343806,327.9764350864437,9815200
2026-01-08,326.63934326171875,328.2339475379842,322.53888044956136,323.27183137637843,11737100
2026-01-09,326.0450744628906,328.7291759216584,325.0348299492433,326.1936353875406,6738100
2026-01-12,321.3899841308594,322.90536610933975,318.16114900395775,318.8049332018166,12805100
2026-01-13,307.9298095703125,323.73732718365267,307.6029755260753,321.20178657189985,19371200
2026-01-14,304.9287414550781,308.78159262538577,303.19546018048277,305.2556057077196,25951500
2026-01-15,306.30548095703125,309.95031666446005,304.8098971346673,305.5230197927318,14751400
2026-01-16,309.48480224609375,314.17950872864606,307.0383983149945,307.38506061636195,14652500
2026-01-20,299.8477478027344,308.1774060521912,298.9761500928895,303.2845981841295,12900600
2026-01-21,299.15447998046875,302.4823658305288,298.2729680555718,300.53118494697816,10270100
2026-01-22,300.729248046875,305.2555953909441,300.0062112868251,301.9474777854751,10535800
2026-01-23,294.875732421875,299.4813025896872,293.67730062328087,299.11484222180513,11107900
2026-01-26,298.1640319824219,298.8969527426069,294.60833256531976,294.96487880777863,11752700
2026-01-27,297.44097900390625,299.08512378237486,295.3016109870806,298.45122352878457,11527400
2026-01-28,297.89654541015625,299.03558292254246,295.2025300603667,297.4013222225187,9556700
2026-01-29,303.49261474609375,303.898671192008,299.3327275624257,299.51100066931883,11580000
2026-01-30,302.9676818847656,304.98817089860455,299.66947824936375,302.333781642444,11953200
2026-02-02,305.1961669921875,306.3450582127215,298.49082554616626,301.55130128288636,9839400
2026-02-03,311.8420715332031,313.22869052113475,306.14700443281885,306.77099053389486,12688000
2026-02-04,314.23895263671875,316.25947197584406,311.40629013300924,311.40629013300924,9848800
2026-02-05,307.1968688964844,312.9909865673853,302.6210112179966,311.99062599899656,9388000
2026-02-06,319.3199462890625,321.15227836348157,311.7034102684662,311.7034102684662,17797400
2026-02-09,319.0228271484375,323.2817350541263,317.05181803840316,318.27007812796035,11477500
2026-02-10,315.2392883300781,323.01429884581904,312.1094739861534,319.4684837021083,9902200
2026-02-11,307.8505554199219,322.1724018130651,305.78052608370194,320.1518827061323,8703500
2026-02-12,299.7487487792969,310.6238322045743,297.1537535117247,309.2966374972976,13443400
2026-02-13,299.6595764160156,301.3829738793206,293.6871852314235,295.66807823097014,9114500
2026-02-17,304.1958312988281,305.29521237973853,299.6100592744303,299.8675850307636,8896800
2026-02-18,305.8300476074219,309.2966101142475,304.2849535938903,305.51309749540866,7209600
2026-02-19,305.10699462890625,306.2262038721237,302.2049939958365,304.2354272061944,6737700
2026-02-20,307.82086181640625,308.0288471084009,302.75966472033866,305.4536802835111,7792700
2026-02-23,294.8262023925781,308.02884001734253,292.2807478108573,305.84984577889935,12955400
2026-02-24,294.459716796875,296.886322684036,288.5962907533433,293.98432184665864,13554100
2026-02-25,300.40240478515625,300.75898123488724,294.1725181992404,295.7869507950724,8095500
2026-02-26,303.20538330078125,306.05787397622345,300.73918125790124,301.67017313360896,7007800
2026-02-27,297.4310607910156,300.0557680991628,291.636973162459,297.13393894248406,18620800
2026-03-02,294.7172546386719,297.11414843979566,290.4088063693875,291.9935267958635,8508900
2026-03-03,297.3914489746094,299.5011046657454,286.73423592223537,289.4975898716125,10278200
2026-03-04,296.52978515625,298.12438947518206,292.99388398032096,297.12402886142485,8055700
2026-03-05,290.74554443359375,298.3620800816865,289.63624924146006,295.1332451958745,12732500
2026-03-06,286.7144470214844,287.21955415339994,280.99955170429564,283.6044306839189,13496500
2026-03-09,287.1502685546875,288.31898819476027,277.77073879547015,282.7724816341387,12241100
2026-03-10,285.97161865234375,289.9532025593205,284.43640849634494,286.52626625452876,8344900
2026-03-11,284.77313232421875,287.70487537204474,282.13854132603683,286.05081661783123,10205000
2026-03-12,280.1874084472656,281.167940752382,276.4336079693154,280.1279538528093,13760500
2026-03-13,280.7321472167969,284.4463214441296,280.2468381234208,281.9504072447318,9091200
2026-03-16,283.4261474609375,286.506421278288,281.89093739443587,283.6044205599556,8149000
2026-03-17,284.1492004394531,288.97266988082987,283.2181783456238,286.23902796907333,8961200
2026-03-18,284.9910583496094,286.6451172582804,282.3960934275981,284.08974843243266,10057000
2026-03-19,285.2188415527344,286.7441374214082,281.9008401776293,284.1392586396808,9846700
2026-03-20,283.8223571777344,287.9327042603992,282.54467268192724,285.32782503235495,22436500
2026-03-23,287.14031982421875,292.9245231806114,285.2188513876401,291.4982779446762,11470800
2026-03-24,289.6065368652344,292.6571288676103,282.64369950840546,283.4360748065673,11092300
2026-03-25,292.59771728515625,294.7965097163498,289.6461758443202,291.3398308899875,12188200
2026-03-26,288.8736267089844,292.1718002190451,287.95251872814185,289.78482055260446,8669200
2026-03-27,280.13787841796875,287.3384134369941,279.05829538327214,286.3777093696089,9873300
2026-03-30,281.0589904785156,284.50575515603197,279.6327451103039,282.01972478590784,11734400
2026-03-31,291.3497314453125,292.25104134220237,282.22772810140145,285.71408872506316,12956900
2026-04-01,292.5580749511719,295.8661624411999,290.1116710297465,292.567989087923,11267200
2026-04-02,291.7855224609375,292.7957669317203,285.9616926535428,289.1212191631598,6669300
2026-04-06,294.125,295.4987855589938,291.88509063240025,292.7412191857173,7142600
2026-04-07,296.0662536621094,296.8427544058445,291.38734983011653,291.8253790066561,7849100
2026-04-08,306.5888366699219,309.8640903908154,303.96066179364243,306.5888366699219,10590200
2026-04-09,308.938232421875,309.8640846884941,304.73715687535,305.5734164156603,6586600
2026-04-10,308.4803161621094,308.9581744354404,305.344449093958,308.6097380099313,6069700
2026-04-13,312.2732238769531,312.33295236293975,304.0900871089203,306.0910825316173,8318200
2026-04-14,309.7247009277344,312.91036189245165,307.4847916064935,308.4305432499699,11455500
2026-04-15,304.5579833984375,312.8307129741003,302.8954898881459,312.54203541599225,9885800
2026-04-16,308.5599670410156,308.5599670410156,303.8312695552229,303.98059076810495,8208600
2026-04-17,308.8984375,313.4877482505245,308.69932229637936,311.068653468178,11082400
2026-04-20,315.5683898925781,315.70777661938337,308.9780833700189,309.45594165814435,10772000
2026-04-21,311.5962829589844,318.8038038717339,311.3474041387296,316.0661368489313,7084300
2026-04-22,311.6161804199219,313.73663281642627,310.5410372905177,313.43799038623484,5545900
2026-04-23,310.29217529296875,313.57736372602733,307.5047445243564,312.11395497732667,6969700
2026-04-24,306.8974609375,309.7545850384977,306.5092257615542,309.7545850384977,5215300
2026-04-27,310.232421875,311.1781431330245,305.50372444273444,305.50372444273444,7925300
2026-04-28,310.0532531738281,314.03531438457196,309.7745101043047,313.78643555890045,7398600
2026-04-29,307.86309814453125,310.65052875636707,305.91189671624613,309.1771855961317,8031800
2026-04-30,311.82525634765625,312.6913497643884,305.1951210592971,305.6928786901284,8865400
2026-05-01,311.06866455078125,314.6624601726697,310.43152018106696,312.54203812020876,6135400
2026-05-04,306.270263671875,309.2568094519629,305.13539207341324,309.22694520939064,7338200
2026-05-05,308.0124206542969,309.5753869306937,305.42407485773,306.32999740556414,6316800
2026-05-06,313.4877624511719,314.84167905955115,309.95369528217543,310.0532528884956,8629500
2026-05-07,304.8964538574219,314.8814709002291,304.76706239082745,313.23887676443206,8359600
2026-05-08,300.74517822265625,307.60426284206056,299.1523476664256,306.86759124184925,9464300
2026-05-11,298.6545715332031,301.83026757429667,297.5395993270601,300.74515961007836,9512000
2026-05-12,303.5126953125,304.6873960201211,294.2245209852311,298.67447538308426,9498200
2026-05-13,298.9034729003906,301.6411400127173,298.72428743531935,300.91440289675086,7709500
2026-05-14,298.56500244140625,302.38777761395096,297.4699295162906,300.8945046380796,7364300
2026-05-15,296.4743957519531,299.44104214981957,295.1205095874812,298.86362628854243,8699300
2026-05-18,299.3813171386719,299.908939014877,295.8870488301784,296.6635495230975,7546300
2026-05-19,294.3738708496094,300.436555061437,293.935841710235,299.7396822358739,8066900
2026-05-20,300.625732421875,301.57145376364997,292.35300240137923,295.3694126574367,9327000
2026-05-21,301.6411437988281,302.6167597554335,298.8636475324957,299.8790926087445,7874400
2026-05-22,305.0059814453125,306.07119010408854,302.4773640852478,303.31359328873907,5973900
2026-05-26,305.3643493652344,308.54004556072954,304.0701916446211,307.1065011172144,7725400
2026-05-27,297.93780517578125,304.52811132231307,294.42363753054383,303.63215366632585,11779200
2026-05-28,295.3992614746094,299.7197941661088,294.4236455581874,296.23549066837876,9757700
2026-05-29,297.9676818847656,298.53513289689414,293.87612858626386,295.070728717322,13969000
2026-06-01,295.2499084472656,298.20659004481905,293.94578586060317,296.3549462063085,7930000
2026-06-02,299.6102600097656,300.7152977310929,293.9457758280521,295.17027051801705,8296200
2026-06-03,299.50079345703125,300.60580089187994,295.23002417973413,298.5749714904202,7003900
2026-06-04,309.4957580566406,311.5066879726736,303.0746723882986,304.36883009196185,10345200
2026-06-05,310.9691162109375,313.58732636819616,308.211549706599,312.8805189963161,9118800
2026-06-08,309.7147521972656,314.88147906470095,309.3862455138746,311.84516953437026,6827000
2026-06-09,311.2976379394531,315.0009559692908,307.62418415256917,312.1040028799189,11594600
2026-06-10,307.75360107421875,313.3384270822022,307.64407859799763,311.1582462393224,7446200
2026-06-11,312.0840759277344,313.30857066124145,307.4947650619962,308.1717081621576,9116600
2026-06-12,319.28167724609375,319.85906276888113,314.1348496322589,314.5529794375797,7426200
2026-06-15,317.96759033203125,324.4583697274161,317.41010417767774,322.4673390673774,7988900
2026-06-16,329.6549377441406,330.26218746993305,322.56684357389287,322.8455866314347,11094900
2026-06-17,331.9645080566406,336.25517637046335,330.01330666560995,330.69024974688585,12246400
2026-06-18,323.761474609375,336.57375116590936,322.70623086248213,335.4388795655989,20111000
2026-06-22,329.993408203125,331.2776010100568,325.28461010223134,328.22139226156105,10182500
2026-06-23,332.6414794921875,333.86594380335947,325.7425357353925,327.9924099173137,7582200
2026-06-24,331.95458984375,333.02973300317086,328.291070440402,331.57628916780243,7907400
2026-06-25,333.6170654296875,341.90972446819404,333.2586945227413,333.4577793441399,10043100
2026-06-26,327.57427978515625,334.8913229247855,326.03124330500606,334.49312290223526,17640900
2026-06-29,327.91278076171875,330.8993264933345,325.73259994718205,326.80774304304947,7981800
2026-06-30,325.86199951171875,328.95806779511634,325.2149206632551,327.41503128103255,8080100
2026-07-01,332.5718078613281,334.13477419390347,323.5524415571975,326.89735842569155,15210200
2026-07-02,332.9700012207031,338.4751995750331,330.2820977776739,336.5040683580973,8413900
2026-07-06,337.7200012207031,339.7200012207031,334.1099853515625,335.0,8673500
2026-07-07,339.2200012207031,341.3999938964844,337.0899963378906,340.9800109863281,7115800
2026-07-08,330.6199951171875,336.5299987792969,330.1300048828125,336.5299987792969,18505200
2026-07-09,335.4700012207031,337.0,330.80999755859375,331.4599914550781,15570600
2026-07-10,336.4700012207031,338.5899963378906,335.7699890136719,337.4700012207031,6299000
2026-07-13,334.5299987792969,338.3500061035156,332.5,338.3399963378906,7120300
2026-07-14,342.8900146484375,344.7300109863281,325.75,327.0,14537900
2026-07-15,346.9100036621094,351.239990234375,344.04998779296875,345.8500061035156,10750000
2026-07-16,343.1499938964844,349.3399963378906,341.1099853515625,349.2799987792969,12432400
2026-07-17,341.1000061035156,346.1300048828125,335.04998779296875,339.0299987792969,9250900
2026-07-20,338.8699951171875,344.260009765625,337.3699951171875,341.79998779296875,7723300
2026-07-21,345.2300109863281,345.739990234375,337.29998779296875,340.1199951171875,6015300
2026-07-22,348.2099914550781,349.07000732421875,344.25,345.07000732421875,8040200
2026-07-23,349.8999938964844,349.9200134277344,345.4200134277344,346.5799865722656,10913000
2026-07-24,353.2099914550781,353.3699951171875,347.5,350.6400146484375,7520800
2026-07-27,356.20001220703125,359.04998779296875,352.5799865722656,357.8900146484375,7884900
2026-07-28,357.30999755859375,359.29998779296875,354.1499938964844,357.29998779296875,6533800
2026-07-29,344.7099914550781,357.3699951171875,343.7799987792969,356.5,8265300
2026-07-30,350.8500061035156,352.2799987792969,345.3699951171875,347.5400085449219,7606500
2026-07-31,351.7900085449219,354.4700012207031,349.70001220703125,353.29998779296875,6603400
2026-08-03,352.6400146484375,355.6199951171875,350.8399963378906,353.75,6436600
2026-08-04,357.5199890136719,363.0,353.8699951171875,355.0,8477200
2026-08-05,359.239990234375,362.1700134277344,358.20001220703125,358.9700012207031,5269500
2026-08-06,356.29998779296875,362.80999755859375,354.95001220703125,362.80999755859375,5820100
2026-08-07,357.5199890136719,358.8500061035156,353.3299865722656,355.760009765625,4566200
2026-08-10,359.7900085449219,359.9800109863281,356.5299987792969,357.9599914550781,3457234
