Date,Close,High,Low,Open,Volume
2016-08-11,68.98736572265625,69.08156448837144,68.49068904292017,68.49068904292017,2408000
2016-08-12,68.69618225097656,69.12435590596056,68.42215137312327,68.67049287702336,2525000
2016-08-15,68.73045349121094,69.03873911976821,68.5677453724132,68.79039755601858,2780400
2016-08-16,68.37075805664062,68.8503169365831,68.37075805664062,68.72186354850189,2158700
2016-08-17,68.60197448730469,68.80749598526855,68.14811151815464,68.64479446052702,2519500
2016-08-18,68.31938934326172,68.83319643759674,68.07104783209392,68.59342022913451,3037200
2016-08-19,67.70282745361328,68.32796396817494,67.46305121243759,68.12244240908329,3745500
2016-08-22,67.89977264404297,68.42214497696455,67.66855523325557,67.9254620155947,3157000
2016-08-23,68.13957977294922,68.482120127184,68.0282569345238,68.23377853369912,3406900
2016-08-24,67.17189025878906,68.4992247714363,66.94923811169141,68.25088324840661,3423000
2016-08-25,66.80364990234375,67.79700930159443,66.62381776627451,67.17187947622197,2800500
2016-08-26,67.00064849853516,67.49733177910817,66.65810807974636,66.83794686300716,2602300
2016-08-29,67.30892181396484,67.42880995842775,66.8379345416931,67.07771083061891,2203300
2016-08-30,66.59815216064453,67.30892225996563,66.47826401538723,67.30892225996563,2025700
2016-08-31,66.58101654052734,66.87217154756033,66.3926190496647,66.70090466500126,2182600
2016-09-01,66.13572692871094,66.79511169510162,65.7674972054655,66.58102479864297,3544700
2016-09-02,65.81029510498047,66.47824501865988,65.46775484495174,66.38404628381667,3943400
2016-09-06,67.23186492919922,67.3945665619957,66.04154205728852,66.04154205728852,5528600
2016-09-07,67.30033874511719,67.55724557739471,67.01774906970648,67.21470531216207,2971400
2016-09-08,68.41361236572266,68.65338865932686,68.00256915766231,68.53350051252475,4405400
2016-09-09,67.00064849853516,68.18241261668575,66.96639380331477,68.18241261668575,4152500
2016-09-12,67.7199478149414,67.89977996861353,66.63238305691894,66.78652583626813,3288900
2016-09-13,67.20613861083984,67.54011353333888,66.78652373208045,67.54011353333888,3149000
2016-09-14,67.04344177246094,67.85696922601419,66.8122243052574,67.36885144719975,2660900
2016-09-15,67.49729919433594,67.70282073302629,66.59813184577126,66.89785865090077,2652300
2016-09-16,67.48017120361328,67.57436993117106,66.94066821243476,67.39453124517054,4255100
2016-09-19,67.78845977783203,67.96829193842565,67.21470208441981,67.47160890436032,3321500
2016-09-20,68.405029296875,68.80751362808708,67.89978745703843,68.1909424426909,3629400
2016-09-21,69.2528076171875,69.36413041273542,68.23375225253099,68.3365162792446,3147600
2016-09-22,69.61248779296875,69.75806529730202,69.1329352923825,69.40696622606218,2639800
2016-09-23,69.50115203857422,69.75805231604772,69.16717057105895,69.33844395611955,2197700
2016-09-26,68.09674835205078,69.49259891798734,68.07962427724868,69.36414549002696,4332800
2016-09-27,69.26136779785156,69.30418777654124,68.17380959329509,69.0387222022173,6888900
2016-09-28,69.11579132080078,69.50971030346483,68.52490958009894,69.22711412022382,2467800
2016-09-29,68.2851333618164,68.91026977915048,67.8484009333483,68.80750574888128,3269200
2016-09-30,68.73045349121094,69.06442849991247,68.53349068774983,68.59343475255746,3623000
2016-10-03,69.3641586303711,69.42410270365338,68.24234531605386,68.50781099295911,3983500
2016-10-04,69.4583511352539,69.71525801669686,69.09012142300615,69.41553114387563,3184100
2016-10-05,70.00640869140625,70.29756370772371,69.56111086250513,69.66386838195224,3560400
2016-10-06,69.76661682128906,70.03208239833448,69.13292163733635,69.5782193665814,2994200
2016-10-07,70.29756164550781,70.48595913685143,69.62105288428346,69.85226382966975,4241400
2016-10-10,71.12821960449219,71.28236241224253,70.30612680762793,70.3318161866842,4608400
2016-10-11,70.05776977539062,70.94837174190488,69.578217383195,70.73428491918736,4218200
2016-10-12,68.94454193115234,70.40889543324477,68.90172194100045,70.05778980755623,3629800
2016-10-13,68.50780487060547,68.92741334608218,68.16526453956976,68.44786080268022,3565000
2016-10-14,67.88265991210938,68.78182735360802,67.83128115547947,68.6533739286207,3143900
2016-10-17,67.24896240234375,68.10530982941225,66.80366461496958,68.10530982941225,3884700
2016-10-18,67.4544677734375,67.77988389904147,67.22325689829698,67.72849862302405,3218300
2016-10-19,67.27465057373047,67.93404173946278,67.24896119672495,67.61719084509939,2988500
2016-10-20,67.42879486083984,67.74564576221263,67.1290745667912,67.42023609059017,2661900
2016-10-21,67.00920104980469,67.46306424160092,66.86362352289153,67.25754264281682,3215000
2016-10-24,66.42686462402344,67.38597602170857,66.31554181896654,67.21470262922273,4363200
2016-10-25,66.58101654052734,67.0348796593804,64.65423471138025,65.83599188122854,8496000
2016-10-26,65.73323822021484,66.49538699910335,65.39926320624856,66.29842419253733,2988700
2016-10-27,65.21940612792969,66.29839889984282,65.19371022377024,66.24702015834524,3789900
2016-10-28,63.823585510253906,64.80838655581951,63.24983418692404,64.75700779057017,5651500
2016-10-31,63.232696533203125,64.00341059316737,63.19844838246068,63.90921184509324,3562100
2016-11-01,62.496246337890625,63.35259387780826,61.52856943639923,63.2070098306282,8190500
2016-11-02,62.2136344909668,62.93296310819556,62.20506918835838,62.64180815362533,4433900
2016-11-03,61.75120162963867,62.75312635887627,61.55423888453697,62.35064210010276,4843200
2016-11-04,62.07662582397461,62.53905423845451,61.374421164967195,61.75978144374011,3617200
2016-11-07,63.266944885253906,63.309764869515746,62.556181493758466,62.701758986789024,4969400
2016-11-08,63.3868293762207,63.77218961230292,62.821643510076825,63.001475673550416,2690800
2016-11-09,67.12906646728516,67.90834567119953,65.57907989549666,66.06719761074235,7332700
2016-11-10,67.52555847167969,68.69781791805136,67.23249689818448,68.05997299394177,6904800
2016-11-11,66.94804382324219,67.31006334793783,66.18952578442351,67.2066329558504,3072700
2016-11-14,66.38778686523438,67.4393732654612,66.10334664605202,67.24112725137036,3221700
2016-11-15,66.64636993408203,66.83600111358024,65.66374161867836,66.74118552383113,3097600
2016-11-16,66.31883239746094,66.81876139448289,66.21539541038949,66.81876139448289,1922300
2016-11-17,66.98253631591797,67.06873051876529,66.13782392133957,66.37054892664696,4519200
2016-11-18,66.08612060546875,67.16356488262664,65.95682597697021,66.87050319581472,4571600
2016-11-21,66.06025695800781,66.40504041042945,65.59480028366819,66.19817296945541,4060300
2016-11-22,65.49996948242188,67.06872757980616,65.07761330364038,67.06872757980616,5208800
2016-11-23,58.61294174194336,58.98358266600639,55.32027380713493,55.45818319161224,53877200
2016-11-25,59.57835006713867,59.59558627884928,58.423326596625024,59.06979304301943,8620700
2016-11-28,57.92338562011719,58.98359338787315,57.83719141712636,58.98359338787315,12507700
2016-11-29,57.88029861450195,58.30265486217111,57.30279015272212,58.24231825536123,8930000
2016-11-30,57.854434967041016,58.457800972136525,57.58722438518765,58.00958716495075,9085300
2016-12-01,56.863182067871094,58.009583991024776,56.595978076833724,58.00096259822477,7168100
2016-12-02,58.36298370361328,58.94911348157878,56.85456215786931,57.14763033495009,12272200
2016-12-05,57.975120544433594,58.880169745284334,57.52690006536667,58.75088169958969,7286000
2016-12-06,58.440555572509766,58.55260736263796,57.863040685646226,57.92337727666836,4617200
2016-12-07,58.078556060791016,58.078556060791016,57.371752852317094,57.966504219322566,5835900
2016-12-08,57.914764404296875,57.98371581335357,57.2251977041665,57.79409121820337,4811400
2016-12-09,58.48365783691406,58.75948323235832,57.94062843918836,58.0785378488124,4350800
2016-12-12,58.276798248291016,59.07841693881474,58.11302463721935,58.595724076115566,5273700
2016-12-13,59.16462326049805,59.38011212918465,58.6043508866732,58.6043508866732,6010900
2016-12-14,58.328514099121094,59.405958233844906,58.216462276540774,58.97498057995538,6140300
2016-12-15,61.51773452758789,61.70735911532886,60.04379217544128,60.65577947420191,14320800
2016-12-16,63.1899299621582,63.53471333750673,61.85390342495202,62.80205277501355,17584700
2016-12-19,63.28474044799805,64.20703212131804,63.18131004707698,63.33646222465396,6102400
2016-12-20,63.25026321411133,63.87087194167343,62.92272264176269,63.482994775044894,6001500
2016-12-21,63.13822937011719,63.68988026786951,63.008934752413296,63.20718737638558,5054100
2016-12-22,63.1468505859375,63.336481814539304,62.646914906205005,63.060656366445066,4827500
2016-12-23,63.60367965698242,63.78468947310031,63.1468444197044,63.336475629788886,2570100
2016-12-27,63.62092971801758,64.18120207626711,63.50887787684695,63.83641858071369,2786700
2016-12-28,62.97444152832031,63.59505029219448,62.896868720934016,63.49161988234608,3256800
2016-12-29,63.405418395996094,63.672628962903325,63.12959301249524,63.258887599554114,3031600
2016-12-30,63.39678955078125,63.56917791124925,63.12096422831581,63.32783157611629,2933900
2017-01-03,64.30187225341797,64.36220886905377,63.38820162344771,63.7329851025943,3622700
2017-01-04,64.40528869628906,64.64663508173622,64.11222053096338,64.60353469453675,3021600
2017-01-05,65.15518188476562,67.12044500758252,64.15531740323692,64.58629494683619,3310800
2017-01-06,65.22415924072266,65.56894269323719,64.67250834717835,65.04314940779693,2296500
2017-01-09,65.7413330078125,66.04302264749704,65.08625166315439,65.22416110237805,3204100
2017-01-10,65.7413330078125,65.9913008536153,65.34483432777283,65.88787041824695,3559400
2017-01-11,64.87075805664062,66.30160044245804,63.78469253165829,65.94820218724296,7701700
2017-01-12,66.4998550415039,66.80153809184051,64.43978232838035,64.51735515152521,11900700
2017-01-13,66.7153091430664,67.33591770993489,65.83611148127143,66.30156790642279,5602600
2017-01-17,66.24126434326172,66.42227416945035,65.39655182104818,66.42227416945035,4913300
2017-01-18,66.8273696899414,66.98252185204225,66.26709762812196,66.64635993018953,3360300
2017-01-19,66.23262786865234,66.90495838224123,66.16367645737287,66.7756637997743,4439200
2017-01-20,66.20680236816406,66.7239809487889,65.91374064359556,66.38781224090323,4371200
2017-01-23,65.7844009399414,66.26709360329603,65.6464915687805,65.7154429662638,5055100
2017-01-24,64.51734924316406,65.87924011847568,63.931219409244925,65.68098751715445,6594300
2017-01-25,64.51734924316406,65.16381568162501,64.01741361913372,64.75008084368014,4830800
2017-01-26,64.28463745117188,64.94834023774827,64.25015844487987,64.62942093789383,3748000
2017-01-27,64.97418212890625,64.99142491597964,64.22428529612498,64.5776835167721,3132800
2017-01-30,64.38806915283203,64.80181066022789,64.00019183280942,64.72423125050447,5909600
2017-01-31,66.39641571044922,66.61190453546104,63.78469220349754,64.00018102850936,6964100
2017-02-01,66.88770294189453,67.7238002972998,66.29295849698737,67.13767066705034,4959200
2017-02-02,66.70669555664062,67.15491583012268,65.98265652805449,66.36191224846858,3830900
2017-02-03,66.56883239746094,67.12909826401105,66.1206118127818,66.77569989551327,3836300
2017-02-06,67.08597564697266,67.10321185766537,66.16368383429787,66.30159324842867,2835500
2017-02-07,66.97391510009766,67.24112567868683,66.64637449793214,66.95667888996101,3346800
2017-02-08,67.32732391357422,67.7927805294908,66.53432667587778,66.74981548456897,2820800
2017-02-09,66.97391510009766,67.74105468700341,66.96530028312742,67.32731988176236,2962600
2017-02-10,67.05152130126953,67.44802005494066,66.88774764659277,67.12047932178594,2598600
2017-02-13,67.4853744506836,67.73702445994392,67.27711488526036,67.31182591623961,2097500
2017-02-14,68.3878402709961,68.40519909642657,67.03414318731156,67.25108216202779,3311200
2017-02-15,69.63740539550781,69.88905538079935,67.72834521664649,67.97998858148644,4272800
2017-02-16,69.4551773071289,69.75021111100017,68.90849351854014,69.46385671914028,3629600
2017-02-17,69.75890350341797,70.28823518693108,69.48122185144821,69.54196450592744,3111100
2017-02-21,69.73284912109375,70.17540638524358,69.5159101944155,69.56797341827408,3178800
2017-02-22,70.3489761352539,70.47046144126602,69.70683857198233,69.78493343136756,3468800
2017-02-23,71.63326263427734,71.91961709147209,70.40972345912013,70.61798305174896,6193500
2017-02-24,71.91092681884766,72.23199223351604,71.3642364179557,71.52043272957462,4016000
2017-02-27,72.07579803466797,72.37083846324182,71.7287009946305,71.87621789869159,3104200
2017-02-28,71.85884857177734,72.440249931813,71.6592684649709,71.86752798264523,3672000
2017-03-01,72.76133728027344,73.01298730782574,71.99771440458048,72.40556077266687,3420600
2017-03-02,71.94564819335938,72.84810854533934,71.8848989218996,72.7786931016541,3371600
2017-03-03,72.70059204101562,72.80472513781889,71.67663976070051,71.76341403114367,2649100
2017-03-06,72.74400329589844,73.13449093482328,71.98037360846587,72.24070311471867,3960100
2017-03-07,71.79810333251953,72.14520692968792,70.60928228431466,71.98033123143158,5570600
2017-03-08,72.3795394897461,72.88283299627732,71.7373952089225,71.79813787111354,4491800
2017-03-09,73.3687973022461,73.55969812573433,72.4663299620762,72.60516752647266,5861600
2017-03-10,73.20390319824219,73.36877897144632,72.80473619720634,73.3253885194073,3629400
2017-03-13,73.01296997070312,73.36875301428076,72.74396780050128,73.33404198902066,2248500
2017-03-14,73.29066467285156,73.3687661487813,72.82207567863,72.89149774157815,2839100
2017-03-15,74.52287292480469,74.74849130834173,73.2125663068616,73.26462954135015,4883900
2017-03-16,73.75057983398438,74.22784827729718,72.71795470642557,74.22784827729718,4742800
2017-03-17,72.85678100585938,73.542308927782,72.74397512773987,73.27330673048455,5786900
2017-03-20,72.94354248046875,73.6377496929984,72.86544764479575,73.41213135585866,3121900
2017-03-21,72.65721893310547,73.71587578138988,72.5704380294095,73.18654404702096,4066200
2017-03-22,73.20390319824219,73.36877897144632,72.43160081921252,72.969605349957,2850300
2017-03-23,73.25596618652344,73.80265675029598,72.82208814947397,72.82208814947397,3021100
2017-03-24,73.04769897460938,73.74190640976877,72.77001732463616,73.1518320760191,2479100
2017-03-27,73.09973907470703,73.27329418878283,72.66586122019353,72.80470531145417,2340300
2017-03-28,73.54229736328125,73.75923629355641,72.92619159575386,73.1257717041546,2755000
2017-03-29,73.27330017089844,73.55098175563928,73.16916709395142,73.36875383632041,2066600
2017-03-30,73.55098724365234,73.71585635222284,72.96091300449321,73.38611151463016,3204100
2017-03-31,72.98695373535156,73.70719276523917,72.96092211603435,73.23860375617201,3151900
2017-04-03,73.28199005126953,73.5943827345091,72.95224516138455,73.00430840177356,2429900
2017-04-04,74.70511627197266,74.96544573900563,73.14315933113487,73.35141893248924,4624600
2017-04-05,74.3059310913086,75.25178841094211,74.2538678588257,74.55758108239546,4056300
2017-04-06,74.0716552734375,74.54024432423738,73.8633956798997,74.16710896640339,2684600
2017-04-07,74.03693389892578,74.33197435065226,73.68115741883314,74.05428610410867,2808500
2017-04-10,74.16708374023438,74.4968285362188,73.9588242175311,74.15840432915691,1994900
2017-04-11,74.5662612915039,74.7484892275932,74.03692968743184,74.16709439048185,2699200
2017-04-12,74.84394836425781,74.92204321951647,74.34064833997223,74.4013909897686,2545100
2017-04-13,74.52287292480469,74.90468763225937,74.43609866050645,74.65303763147806,2172500
2017-04-17,71.48573303222656,72.01506469324792,70.38368588480083,70.54856163443282,12424500
2017-04-18,70.46178436279297,71.24276608478843,70.19278212205954,71.07789694713867,8210800
2017-04-19,70.19276428222656,70.90432375465326,69.31632909360121,70.39235102396447,5504500
2017-04-20,71.1039047241211,71.32951644113412,70.07127331462452,70.4530879441091,3267200
2017-04-21,71.06053161621094,71.3642448635095,70.86962425492263,70.99978896675123,3204000
2017-04-24,72.38817596435547,72.65718472233351,71.78074964721212,71.86752388959684,4813600
2017-04-25,70.46178436279297,71.77209777300463,69.85435781260365,71.77209777300463,9221100
2017-04-26,70.2535171508789,70.90433407848514,70.227485533047,70.58326201083662,4421700
2017-04-27,70.5745849609375,70.8088761277426,70.01922174585339,70.26219232489622,3219200
2017-04-28,71.20804595947266,71.37292169652599,70.46177536711293,70.6092988994274,3161800
2017-05-01,70.99977111816406,71.3468747222981,70.93902848397441,71.23406224419544,2397200
2017-05-02,70.89566040039062,71.13863763419755,70.72211185383834,71.13863763419755,3626500
2017-05-03,70.5051498413086,70.77415198677434,70.49647043067891,70.51382925193829,3373200
2017-05-04,72.0584716796875,72.11053493027893,70.53989841319957,70.59196166379101,3567100
2017-05-05,71.59855651855469,72.11920884612918,71.21674172212172,72.07581839364234,3135600
2017-05-08,70.0018539428711,71.51175369689332,69.73285178206926,71.46836326172165,4712900
2017-05-09,70.10599517822266,70.23615987844327,69.72418048969597,70.13202679417644,3988100
2017-05-10,70.33163452148438,70.38369776891575,69.58536374618441,70.1493999145673,4018500
2017-05-11,70.06086730957031,70.74208633408264,69.79012812372594,70.49754685484243,3920500
2017-05-12,70.03466796875,70.40147718952612,69.64165237803178,70.1569377090087,2935200
2017-05-15,70.13072967529297,70.29666335268415,69.37090495401642,70.03465965318213,2559100
2017-05-16,68.98664093017578,70.13074600631818,68.47136220359099,70.06961112921147,7170100
2017-05-17,68.2442855834961,69.0215747182635,68.05214549837126,68.9866395515861,4486000
2017-05-18,68.38404846191406,68.94299798390047,68.15697313635587,68.6198525845755,2928200
2017-05-19,67.94732666015625,68.74207981271316,67.88619180226726,68.55867523904618,5091800
2017-05-22,67.23119354248047,68.13075244426882,67.11765258305353,68.03468240007764,6936500
2017-05-23,68.11328887939453,68.43643421410955,67.2661293054896,67.41460544820883,5884800
2017-05-24,68.08708190917969,68.3665565845039,67.94734790311851,68.11328161886604,2253800
2017-05-25,68.4189453125,68.52375079807001,67.91240212358029,68.3927456069077,1736700
2017-05-26,68.16568756103516,68.4276913205609,67.87747742867518,68.22682243791135,2238900
2017-05-30,68.42766571044922,68.7071402806001,67.90365172431623,68.07832083196078,3244900
2017-05-31,69.49319458007812,69.79014018705521,68.54123620517402,68.54123620517402,5163900
2017-06-01,69.86001586914062,70.06962692063331,69.3272661072026,69.51940623946922,3093100
2017-06-02,69.98228454589844,70.7945090337984,69.78141562039384,70.27923019922265,4005700
2017-06-05,69.3010482788086,69.92986794252946,68.97790965281987,69.86873306762335,2814800
2017-06-06,69.073974609375,69.39711990595106,68.77703568538765,69.3534559447068,2688000
2017-06-07,69.33597564697266,69.46698083938112,69.07396526215572,69.13510679338711,2899900
2017-06-08,69.95606994628906,70.270479788464,69.29231509467512,69.33598571955568,4610400
2017-06-09,70.77703094482422,70.90803615853305,69.60672614241452,69.95607115790406,4599300
2017-06-12,70.6547622680664,70.99537183099066,70.60235618386125,70.70716168906951,2842400
2017-06-13,70.96041107177734,70.99534622758125,70.07831671152765,70.92547591597342,4492900
2017-06-14,71.26610565185547,71.27484110909413,70.54121595468304,70.65475690918086,4025600
2017-06-15,71.65912628173828,71.7464608706292,70.70716127218172,71.08270600129453,3484800
2017-06-16,71.51065826416016,72.10454286447894,71.31852481208291,71.82506815039967,4903200
2017-06-19,71.91239166259766,72.27920758212761,71.5019184452028,71.63291699160449,2538000
2017-06-20,72.27046966552734,73.08269394158943,71.8075903821202,71.8075903821202,3694700
2017-06-21,72.17440032958984,72.84689061306692,71.94732508267016,72.57614474293906,3781400
2017-06-22,73.63289642333984,74.02591197801502,72.34905760516183,72.34905760516183,4891600
2017-06-23,73.26610565185547,73.65911464211412,73.10890072311157,73.46698120760684,3928000
2017-06-26,73.6067123413086,73.75518180620351,73.06523390152667,73.44077196101314,2952800
2017-06-27,72.52375793457031,73.65039224456086,72.52375793457031,73.51938701536145,2365800
2017-06-28,72.5761489868164,73.29230327217707,72.40147981017311,72.88182337754316,3035300
2017-06-29,72.22679901123047,72.68094950044419,71.88618947592094,72.56740854654,2366800
2017-06-30,71.87745666503906,72.60233965470971,71.61544626950432,72.4626056634387,5713900
2017-07-03,72.22679901123047,72.41021029627547,71.89492493311393,71.97353072144772,1464700
2017-07-05,72.22679901123047,72.27920509118684,71.64164998012964,72.16566413728265,2263600
2017-07-06,71.26610565185547,72.11326509756283,71.06523677777733,71.89492530900739,3391000
2017-07-07,71.86872863769531,71.92112805693854,71.11763920026712,71.28357957880647,1803700
2017-07-10,71.8599624633789,72.11323732012798,71.51935305748853,71.90363306954904,2269700
2017-07-11,71.92113494873047,72.34907912769525,71.510655023453,71.95607011930754,2708900
2017-07-12,72.92548370361328,73.37962749666565,72.14819464988834,72.2530001389932,3527000
2017-07-13,73.37963104248047,73.56304232307696,72.62854832213907,72.97788664296712,2944100
2017-07-14,73.66783905029297,73.86871457591387,73.1962243348015,73.45823473114159,2005700
2017-07-17,73.04774475097656,73.82503371221502,72.8556047087468,73.63289366998524,1989100
2017-07-18,73.10017395019531,73.161308837348,72.68096519920631,72.93424020689686,1704500
2017-07-19,73.56304168701172,73.606705645137,72.94295084754043,72.94295084754043,2297400
2017-07-20,74.01718139648438,74.34032665207093,73.72024251016236,73.82504133441675,2980600
2017-07-21,73.93858337402344,74.2005871017431,73.63290236354895,73.90364821102061,3064400
2017-07-24,74.00846099853516,74.69841560579871,73.80759210237623,73.93859732255073,3952200
2017-07-25,71.78137969970703,73.71150232662421,70.54120483222137,73.13508217738715,13319900
2017-07-26,71.4757080078125,71.51064317260006,70.7770247016654,71.23990397449818,7030500
2017-07-27,72.50627899169922,72.53248536520069,71.14384075051176,71.40585117991027,5577400
2017-07-28,72.5761489868164,72.68095449072356,72.05213479368454,72.37528009999681,3820100
2017-07-31,72.19187927246094,73.15257312106334,72.16567289770072,72.78575716964593,4083000
2017-08-01,71.93856811523438,72.61978692600559,71.7202284111052,72.36651206963187,3439400
2017-08-02,71.4582290649414,71.76390336498308,70.8032098520521,71.66783334736998,4574400
2017-08-03,71.5543212890625,71.85999568396862,71.17877655726296,71.24864689415638,3688300
2017-08-04,71.88616943359375,71.89490488835122,71.40582603312696,71.52809574693303,2802600
2017-08-07,71.67658233642578,71.96479244368443,71.37090797866718,71.8861866584315,2769700
2017-08-08,71.58927154541016,72.24429109963089,71.29232588263095,71.50193693748808,3292600
2017-08-09,72.11328125,72.26175074030456,71.58926697273488,71.72900100384415,2392100
2017-08-10,71.65912628173828,72.08707043154524,71.31851672082225,72.08707043154524,3367500
2017-08-11,71.32511901855469,72.04584082667276,71.29875221062458,71.8964244446029,2446400
2017-08-14,71.62397003173828,71.79096879877702,71.35150400610715,71.49212925279721,1879600
2017-08-15,71.81732940673828,72.37105258359554,71.63275501445253,71.63275501445253,1949500
2017-08-16,70.92082214355469,72.24800083505146,70.33193429349278,72.19526721188463,3970500
2017-08-17,68.38069152832031,70.81532235806456,68.29279324750787,70.66590600979919,7318200
2017-08-18,67.73908233642578,68.29280539325704,67.62482393902526,68.29280539325704,4061300
2017-08-21,68.0115737915039,68.24009737772575,67.5809001413059,67.78305691098312,3638100
2017-08-22,68.78501892089844,69.12780086140246,68.14339748787587,68.14339748787587,2131900
2017-08-23,68.68832397460938,69.0135235137288,68.60043238851488,68.73226641480753,1801500
2017-08-24,69.31238555908203,69.64637637744934,68.78502916482297,68.84655396572485,4188400
2017-08-25,69.25083923339844,69.90124502729992,69.20689008682879,69.400255602618,2171500
2017-08-28,69.2947998046875,69.8133717059567,69.1102254110595,69.5233233563841,1923200
2017-08-29,69.03990173339844,69.29478533874676,68.66196185228722,69.03111056247995,2154300
2017-08-30,70.74502563476562,70.99112479422377,69.21569035406212,69.52331430338478,5036900
2017-08-31,71.44817352294922,71.5009071424483,70.61318654858422,70.99112646829275,3939500
2017-09-01,70.38465881347656,71.81731113522311,69.81335343658927,71.66789476601053,4345000
2017-09-05,70.15614318847656,70.35829989737856,69.47937051305502,69.84851924510313,3384000
2017-09-06,70.76260375976562,70.9032289686307,70.19129834182286,70.4989222728078,2689200
2017-09-07,71.66792297363281,72.73142702330763,70.63957691391016,70.85930932183555,6249300
2017-09-08,72.88084411621094,73.05663406757552,71.66792362744974,71.72944843400211,3961300
2017-09-11,72.6259536743164,73.25878408746365,71.87007364813508,72.89842642234984,4389200
2017-09-12,72.22162628173828,72.71383129943304,72.01068510598286,72.59956618722042,2566400
2017-09-13,72.45016479492188,72.58200557169225,71.96675084866399,72.0370668237016,2454900
2017-09-14,73.01264953613281,73.82126280361635,72.17766946514186,72.3622437953915,3370300
2017-09-15,72.45895385742188,73.45214182951855,72.23043029805706,73.21483380280529,5374500
2017-09-18,72.52923583984375,72.66107656317612,72.13372037554434,72.55560934906842,2200000
2017-09-19,71.83487701416016,72.81048212854395,71.67666951074989,72.63469899395332,2259200
2017-09-20,72.08979797363281,72.441371131033,71.53607477707519,72.12495595994285,2849900
2017-09-21,73.24119567871094,73.56639529688734,71.9667439005743,72.08100902540367,4426700
2017-09-22,73.7509765625,73.85644380942024,72.72262396512888,73.24998031682955,3148700
2017-09-25,74.392578125,74.40136929591573,73.65428070484566,73.71580548985852,4223800
2017-09-26,74.02342987060547,74.8232520806963,73.83885551443065,74.20800422678028,2347200
2017-09-27,74.40140533447266,74.53324613927516,73.80373283097623,74.12893254969363,3085200
2017-09-28,74.70899963378906,75.21878029948155,73.96191097859102,74.34863535799634,2841000
2017-09-29,75.18362426757812,75.24514905946708,74.17285408166003,74.85841796433684,3506100
2017-10-02,75.89553833007812,76.18558658787066,75.3593909586548,75.39454893284461,3071100
2017-10-03,75.98342895507812,76.08011170645715,75.52638870776649,75.79885462218124,2128800
2017-10-04,76.43170166015625,76.6074915678096,75.83402938553348,76.02739493110252,2317700
2017-10-05,77.03816223144531,78.30381599081741,75.93070932450804,76.26470007803557,5221000
2017-10-06,76.53716278076172,76.8975202960985,76.15043175442138,76.7393127585682,2297200
2017-10-09,76.5108413696289,76.71299146737182,75.99226930339285,76.58994183247557,1701400
2017-10-10,75.72856903076172,76.20318506032254,74.9287399660538,75.04299838714067,4943700
2017-10-11,75.64067077636719,76.1680338419882,75.10452324383246,75.89556113656403,3433200
2017-10-12,75.96588134765625,75.98345698816499,75.50884093172562,75.67583298650973,1941100
2017-10-13,76.07134246826172,76.20317651407669,75.33303828320196,75.93950171674756,3026500
2017-10-16,75.54398345947266,76.23833852886847,75.39456706251015,76.00982170023151,3800700
2017-10-17,75.64067077636719,76.02740190296927,75.0781564316914,75.53520352780293,3643700
2017-10-18,75.35062408447266,76.0801304256914,75.16604300046244,75.8779804090318,4002200
2017-10-19,75.90435028076172,75.92192591981944,75.15726156536323,75.31546913968171,3233400
2017-10-20,76.66901397705078,76.80084802157073,75.87797618143556,76.04496820639386,3223200
2017-10-23,76.62509155273438,77.51281242777688,76.57235791653234,76.87998197054664,4909800
2017-10-24,74.85840606689453,77.63582584377212,73.61032808367915,76.83599697063516,8696100
2017-10-25,74.57715606689453,75.91313247099829,74.42773968263393,75.50882576351133,3916000
2017-10-26,73.97071075439453,74.8056911063217,73.68066240682825,74.41895997623332,3820700
2017-10-27,73.70703125,74.54201162493274,73.46971652065268,73.8916056474367,2892900
2017-10-30,72.64352416992188,73.6191364467281,72.45015860793146,73.6191364467281,4667200
2017-10-31,72.01946258544922,73.03901699584988,71.82609708372725,72.74018427915068,3853300
2017-11-01,72.85444641113281,73.6718508977376,72.07219989989468,72.22161626592936,3309300
2017-11-02,73.0654067993164,73.7597619078445,72.34468487874419,72.55563278649697,2716100
2017-11-03,73.39938354492188,73.46969278859122,72.65229502356324,72.69623746264433,1534800
2017-11-06,72.89842224121094,73.32909586212864,72.88083989424253,73.20604625615215,1861700
2017-11-07,73.19722747802734,73.32027703759853,72.74897167919053,72.98628633386217,2851900
2017-11-08,73.83887481689453,74.17286563837307,72.95115407644052,72.95115407644052,2328700
2017-11-09,73.82128143310547,74.05859613595626,73.50486629977068,73.67186503839166,2098600
2017-11-10,73.2060317993164,73.71581246951851,72.57320154743783,73.54002256305264,2692500
2017-11-13,72.82807922363281,73.24117704989925,72.5380309576545,73.24117704989925,2478700
2017-11-14,72.96075439453125,73.50913443197545,72.71310107053934,73.1376544459876,2684800
2017-11-15,72.6954116821289,73.53566496352363,72.01435831893609,72.97844500567682,1838100
2017-11-16,73.80103302001953,73.9690796761154,72.38585924457878,72.8900194570124,2599700
2017-11-17,73.31454467773438,73.83639137260805,73.23494471894925,73.41183801494732,4097800
2017-11-20,73.57107543945312,73.69490214803108,73.25266197509568,73.49146869933901,2205900
2017-11-21,73.8629379272461,74.7651046953646,73.73911124825037,73.9867646062418,3529900
2017-11-22,74.0132827758789,74.5262827684198,73.83638948440449,74.00443608689123,2230900
2017-11-24,74.3228530883789,74.44667974814874,73.9248397888397,74.18133979780488,817600
2017-11-27,75.01276397705078,75.40193742636883,74.32287049729491,74.42901055112215,2980900
2017-11-28,75.22504425048828,75.49923095508565,74.95085079784246,75.24273088547424,2659400
2017-11-29,75.14543914794922,75.39309253139892,74.69435234349521,74.99507912914741,2316000
2017-11-30,74.86238098144531,75.6053476340717,74.57934767283678,75.40191428036258,5002100
2017-12-01,75.4638671875,75.54347393220053,74.45556007495931,75.1631470916422,2736300
2017-12-04,75.69381713867188,76.75519067949655,75.49923041497605,75.6142104116834,4228300
2017-12-05,76.11836242675781,76.57829590104933,75.36655562045051,75.70265566085718,3876800
2017-12-06,75.4638671875,76.41026094218468,74.76512686423936,76.10069415290462,3130900
2017-12-07,75.9503173828125,75.9503173828125,74.87125045657429,75.3665572103695,4344900
2017-12-08,76.46330261230469,76.47214930283515,75.59651588565566,75.76456926549581,3777100
2017-12-11,76.65790557861328,76.80826560929131,76.127218751012,76.6048389202679,3336800
2017-12-12,76.69328308105469,76.86133649102722,76.05645620963129,76.49869634278099,4252500
2017-12-13,77.73695373535156,78.79832713273326,76.36600691135668,76.4279269951173,5786800
2017-12-14,76.5075454711914,78.12614602959349,76.17144538859252,78.02885265735844,4388400
2017-12-15,76.54290771484375,77.48930114018916,76.3040943118977,76.85247439639645,7346400
2017-12-18,76.13603210449219,77.3477652597714,76.05642540378366,76.73747871188817,3796000
2017-12-19,76.69328308105469,76.746349737657,75.93262951219329,76.10068292216583,4027600
2017-12-20,75.8353271484375,76.89670739093874,75.74688048190777,76.66674065952293,3016900
2017-12-21,75.72036743164062,76.22452098870525,75.57000738347485,76.09184757936194,2024300
2017-12-22,75.24272918701172,75.87070930958896,74.95969579728607,75.71150260611527,1834800
2017-12-26,75.17195129394531,75.56112464288015,75.14541797434461,75.43729798604573,1099900
2017-12-27,75.30464172363281,75.5876751103272,75.16312840430973,75.3488684316984,1332800
2017-12-28,75.22504425048828,75.56999099112642,75.08352417840676,75.44616430207931,1731700
2017-12-29,74.70318603515625,75.5699794744371,74.70318603515625,75.28694612145615,2563800
2018-01-02,74.89778137207031,75.18081475770681,74.34940123512851,74.70319465418618,3456700
2018-01-03,75.30464172363281,75.55229509348437,74.53514154040987,74.95084830325278,3078400
2018-01-04,75.64073944091797,75.88839955121956,74.95084600376929,75.42846609442176,2462500
2018-01-05,76.5694580078125,76.72866472904545,76.00339116521735,76.14490450184161,2946300
2018-01-08,76.18025970458984,76.69325972232907,75.53459308575154,76.67557309153149,3251400
2018-01-09,76.11836242675781,76.43677583263708,75.8353290379816,76.24218911259439,2426000
2018-01-10,76.15374755859375,76.21566090567035,75.61421407061972,75.72035412905763,1674600
2018-01-11,76.41024017333984,76.58713350540475,75.95031346114223,76.2156534592396,2647500
2018-01-12,76.93209075927734,77.3124175151703,76.09183052051235,76.52522392902577,2728900
2018-01-16,75.43730926513672,76.58712935737952,75.31348258978822,76.00337599474345,4878300
2018-01-17,76.25102233886719,76.38369569256308,75.59650900816042,75.88838903668197,4083300
2018-01-18,75.90607452392578,76.18910785845544,75.4196078170559,76.10066120667373,4445800
2018-01-19,75.61420440673828,76.31294451904223,75.46384440420458,76.21565116492093,5826900
2018-01-22,75.57002258300781,75.68500262860486,72.88120082183904,73.63300796193018,6374000
2018-01-23,74.6678237915039,75.99454421458556,74.50861707081215,75.340030695319,5728100
2018-01-24,74.56167602539062,75.32232946037688,74.54398264427128,75.05698272796857,5977700
2018-01-25,75.18966674804688,75.5346135002257,74.79164659303761,75.01276665202653,5201600
2018-01-26,77.02051544189453,77.36546208154923,74.96852223377455,74.96852223377455,6394100
2018-01-29,77.48045349121094,78.12612691735866,76.64020011624295,76.74633340686356,5324500
2018-01-30,76.1448974609375,76.89671103216055,75.36655731135237,76.63136427195849,5388400
2018-01-31,72.04088592529297,76.71094551553539,71.88167927167055,76.5075121672221,10558500
2018-02-01,72.89000701904297,73.29686704823844,71.89938689488386,72.12050691605842,8410700
2018-02-02,71.80209350585938,73.43838031203312,71.74902686018214,72.42122686558538,5152500
2018-02-05,68.53837585449219,72.18243708240978,67.70696896969405,71.54561019325436,8145200
2018-02-06,68.98060607910156,69.97122629176575,66.96399238550673,67.71579917505944,10558800
2018-02-07,67.8572998046875,69.48473960074003,67.84845311613068,68.77715972125701,8240300
2018-02-08,65.63726806640625,68.67988180015197,65.61958143337067,68.27302175985653,8059600
2018-02-09,67.4239273071289,67.94576737594207,65.17734683294636,66.38908036468797,8939700
2018-02-12,67.44161224365234,68.19341903052934,66.51290537583199,67.82193898262044,6454200
2018-02-13,67.40623474121094,67.74233478546518,66.99937466194054,67.23818134505964,4041200
2018-02-14,68.63858032226562,68.78115366236158,67.1326817092896,67.19506264428485,4361100
2018-02-15,69.52070617675781,69.63654867417421,68.63855604135587,69.28012224829133,4810700
2018-02-16,70.36722564697266,70.97314858194369,69.4227013182678,69.45833784538151,4699600
2018-02-20,69.1019058227539,70.12662235150205,68.7722102206608,69.66327280097603,3195000
2018-02-21,69.1019058227539,70.17117819982501,69.1019058227539,69.1375423434907,3871100
2018-02-22,68.7811279296875,69.58307887374944,68.18411078923299,68.7811279296875,7687400
2018-02-23,70.17117309570312,70.26919051626963,69.18209315963563,69.2622923211298,5170300
2018-02-26,71.44544219970703,71.70385132379423,70.3672566257191,70.38507489712033,6015900
2018-02-27,70.12662506103516,71.4721315128135,70.11771932964085,71.41866993137471,4860400
2018-02-28,68.6296615600586,70.55436068704043,68.62075582581416,70.19793416742115,6123400
2018-03-01,68.16630554199219,68.94153264063118,67.30197352125292,68.66529854436959,6258400
2018-03-02,68.8167495727539,69.14643829754856,68.00587955587403,68.05934112243179,3216700
2018-03-05,69.23558807373047,69.5741963435601,68.35343766212262,68.52274179703744,3816600
2018-03-06,68.7811279296875,69.50288649865065,68.50489388616516,69.37813827187352,2962700
2018-03-07,69.00391387939453,69.15539294240764,68.2019559012803,68.23759923344876,2266500
2018-03-08,70.2959213256836,70.41175700535814,69.0306141848663,69.19100570963663,3497200
2018-03-09,70.93750762939453,71.24937823909043,70.28702881636929,70.6434552838515,4399500
2018-03-12,70.42960357666016,71.25829224139974,70.0464463059038,71.133543994946,5059600
2018-03-13,70.52763366699219,71.16920007703115,70.18902539598785,70.46525953258677,4863200
2018-03-14,69.93950653076172,70.892943308451,69.52070599133648,70.7414642872921,3167900
2018-03-15,70.17117309570312,71.16025303177062,69.91276415041574,70.01969409965216,3910100
2018-03-16,71.72167205810547,71.72167205810547,70.50091987617063,70.5721997624955,8326300
2018-03-19,70.15339660644531,71.46325357358494,69.64549094212992,71.39197369658761,5117000
2018-03-20,69.83259582519531,70.57217280095747,69.3692393506069,70.42960628450169,3943800
2018-03-21,69.7167739868164,70.39398383609752,69.52965155443712,69.91280895357714,4052000
2018-03-22,68.19303894042969,69.51181495194378,68.08611574913803,69.11083258978994,3816900
2018-03-23,66.6158447265625,68.433613324043,66.39307906704187,68.40687573435505,4298100
2018-03-26,67.88117980957031,67.92573567900851,66.5178545033243,67.37327417002237,3488700
2018-03-27,67.4178237915039,68.255418313494,66.9544672660646,67.8009743207706,4070600
2018-03-28,68.62074279785156,69.1999349324868,67.75641086131009,67.77422912468649,4257500
2018-03-29,68.9415054321289,69.32466256438586,68.26429605454908,69.02169779088945,3424000
2018-04-02,67.45343780517578,68.88804917128847,67.18612309738188,68.50489197167573,6282600
2018-04-03,69.093017578125,69.14647917628875,67.59603164510676,67.94354562971186,3610600
2018-04-04,70.03754425048828,70.23357918088627,68.35343587319001,68.451453338389,3022200
2018-04-05,70.05537414550781,70.26031482449193,69.58310505414089,69.9662624086232,2213100
2018-04-06,68.4781723022461,69.72566153602698,67.98809185922927,69.6632874142514,4012800
2018-04-09,68.91480255126953,69.81477799852182,68.01483390228778,68.852428419179,5377500
2018-04-10,70.58999633789062,70.99988441145798,69.5652727548374,69.58309101965786,3657200
2018-04-11,70.15339660644531,70.30487569268797,69.6098476044955,69.81478829805404,2830000
2018-04-12,70.6523666381836,70.99988056866601,70.22465352467562,70.56326172236464,2121100
2018-04-13,71.0355224609375,71.68599445172973,70.60780935606205,71.17808896371653,2652400
2018-04-16,71.3919448852539,71.95331193033674,70.99096259739292,71.69490293547578,2743000
2018-04-17,71.21373748779297,71.8553037928078,70.83058021109075,71.79292966861301,3782400
2018-04-18,71.0355224609375,71.49887209280584,70.91967995426855,71.24937561424065,4261000
2018-04-19,71.062255859375,71.062255859375,69.9929832554069,70.3583154557594,4989400
2018-04-20,70.44742584228516,71.20483469368978,70.23357266454276,70.96424392024339,5424100
2018-04-23,71.46326446533203,71.54346368680056,70.54547047574665,70.77714880654486,4015900
2018-04-24,71.3652114868164,72.62161321168469,70.3226697140124,72.32756087629818,6394900
2018-04-25,72.30084228515625,73.35229676633332,71.2939436677469,71.52561512418211,5379000
2018-04-26,73.55723571777344,74.45720423705268,72.55033041850702,72.55033041850702,5058700
2018-04-27,73.71762084960938,74.17205793609313,73.40574346308621,73.51267343546006,3209600
2018-04-30,72.23846435546875,74.1453382941856,72.22955182352989,74.03840830572925,5483500
2018-05-01,70.45632934570312,72.1137065569328,70.11772795781123,71.89094087583493,6306100
2018-05-02,70.24247741699219,70.74147037588358,69.91278175585654,70.10881664635508,5166300
2018-05-03,69.53853607177734,70.12663393684335,69.00389979491668,70.0820848794286,4469300
2018-05-04,69.85931396484375,70.05534883793844,68.69201725639867,68.9860695660407,3367500
2018-05-07,70.06427764892578,70.62565166102567,69.707857905824,69.86824950952814,3722600
2018-05-08,70.28701782226562,70.30484288189977,69.65436417062062,69.93059820880302,4591700
2018-05-09,70.63455963134766,70.97316791559022,69.90388825763044,70.35833228222012,3325200
2018-05-10,72.05133819580078,72.32756548698944,70.75929986149359,70.80384892231166,3718400
2018-05-11,73.46813201904297,73.46813201904297,72.19391182381511,72.30975434955327,4393800
2018-05-14,74.02061462402344,74.24338040859054,73.51270890714135,73.60181386131374,4739700
2018-05-15,73.25428009033203,73.90475899765751,72.9156786361849,73.70872407220955,3662700
2018-05-16,72.83529663085938,73.52614331343732,72.63790990865162,73.39156768024948,3614500
2018-05-17,73.26594543457031,73.42743616407085,72.70070050072675,72.70967448963721,2808400
2018-05-18,73.63378143310547,73.83116807695228,73.11339970753596,73.11339970753596,4002300
2018-05-21,73.41847229003906,74.0554886280923,73.27491584167022,73.83118681137715,2505900
2018-05-22,73.76837921142578,74.36950640996533,73.4005209631223,73.69660099051565,2620700
2018-05-23,74.18109130859375,74.39641911919416,73.22107988178013,73.31079923243466,2516900
2018-05-24,74.2080078125,74.27978603242063,73.66071086461385,74.2080078125,2481800
2018-05-25,74.26182556152344,74.88987461244822,74.10032801644525,74.27977353605804,2338100
2018-05-29,73.96577453613281,74.12727212947082,73.25697992343535,73.66969447415501,3459300
2018-05-30,75.23983764648438,75.38338731781673,74.387493076604,74.39646022502065,3475400
2018-05-31,76.29850769042969,76.36131192604087,75.07830524557116,75.2577439629893,9526400
2018-06-01,76.12804412841797,76.87272788984987,75.86785316917735,76.44206533951906,4057700
2018-06-04,76.32540130615234,76.72914172914918,75.68838514012697,75.94857599866911,4263100
2018-06-05,76.10110473632812,76.89064450750227,75.84988784755213,76.48690405699037,3667600
2018-06-06,77.09700775146484,77.09700775146484,75.95755772601281,76.15493754160872,2720100
2018-06-07,77.05218505859375,77.44695858707239,76.54975100063959,77.33929121244621,3123600
2018-06-08,77.2315902709961,77.53663740509286,76.64840427594083,77.00728849175539,3172300
2018-06-11,77.03421020507812,77.85963918051509,76.98934710733035,77.43795070421751,3506900
2018-06-12,76.70223236083984,77.17775102426724,76.66634325575045,76.94448210890651,3016900
2018-06-13,76.9085922241211,77.50074533922563,76.80092490994446,76.94448132884665,3052100
2018-06-14,77.47382354736328,77.57251686556911,76.41511900718403,76.86372250988462,3115100
2018-06-15,77.9493637084961,78.29927398969838,77.24954314609151,77.27645826846891,5575200
2018-06-18,77.25851440429688,77.29440351458081,76.27158782950629,77.141879929735,2903900
2018-06-19,77.8955307006836,77.94039379981996,76.86374102687789,77.06112771084133,3044500
2018-06-20,77.41102600097656,78.20057261465513,77.33924779152454,77.82374043760544,4675500
2018-06-21,77.22262573242188,77.41103842862128,76.4330858371366,76.9983239257348,2856400
2018-06-22,77.08804321289062,77.51870569322344,76.9893498704216,77.17776256645848,3769500
2018-06-25,76.95346069335938,77.70711832200253,76.37028147309906,77.15982136701997,3414100
2018-06-26,76.36128997802734,77.1598036777787,76.22670755607172,76.74708927022209,2840600
2018-06-27,75.96651458740234,76.80091736615823,75.93959947278863,76.18184919460435,3005400
2018-06-28,76.70223236083984,77.12392078920658,76.09213126461395,76.12802036970334,2564600
2018-06-29,76.5586929321289,77.24953947250525,76.37924738289962,77.01626368108107,2964000
2018-07-02,77.03421020507812,77.09701443483642,76.00242056320808,76.31644171199957,2347000
2018-07-03,77.61739349365234,78.07496421772134,76.98934437322546,76.98934437322546,2163500
2018-07-05,77.6622314453125,78.2274762050243,77.27643218278929,77.97625935410608,2675500
2018-07-06,78.4069595336914,78.69406564764165,77.8955515543066,77.9045255455659,2290500
2018-07-09,78.83759307861328,79.25030753752571,78.5235651065922,78.59534331991972,2718300
2018-07-10,78.99911499023438,79.1606125974349,78.65817179439475,79.02603011724291,2227200
2018-07-11,78.55945587158203,79.01703343477006,78.23646074993724,78.74786855168361,2449500
2018-07-12,79.77070617675781,79.84247756010774,78.88246600067262,79.04396359222007,2604500
2018-07-13,80.48845672607422,80.632013163095,79.43872594966358,79.69891685790299,3335000
2018-07-16,79.91424560546875,80.60509214257692,79.70788493611823,80.41667945063833,3175200
2018-07-17,80.36285400390625,80.7217382769337,80.15649332224231,80.17444130072518,2179400
2018-07-18,80.77557373046875,80.86529309322364,79.91425552675425,80.38977430998895,3021400
2018-07-19,80.23723602294922,80.73070269550473,79.73480220736349,80.59612025343074,3171000
2018-07-20,79.37593841552734,80.1834264307454,79.18752568616799,79.86939836999736,3829800
2018-07-23,79.74376678466797,79.99499052952515,79.106750547504,79.22339185461735,3145300
2018-07-24,83.75428771972656,84.1221459440839,80.74864507753664,81.69968248466932,9910000
2018-07-25,86.5177001953125,86.71508689649635,83.4671940068996,83.58383533677105,8476800
2018-07-26,85.39617919921875,86.99320687566183,85.08215805696547,86.70610085343776,4826100
2018-07-27,86.67019653320312,86.99319160715855,85.25260780252611,85.81785260452126,3975500
2018-07-30,87.9442367553711,88.03396294131035,86.35618320339155,86.47281766190687,5356000
2018-07-31,88.65306091308594,89.00297125111693,87.50463653748173,88.15062696004641,4957800
2018-08-01,88.55433654785156,89.13752252210729,88.32106763426673,88.59022565266773,4971800
2018-08-02,89.24519348144531,90.0706223904882,87.78274149233219,87.8814348233207,4321000
2018-08-03,90.2411117553711,90.33980510585013,88.715855240335,88.9850201680321,4572100
2018-08-06,91.51515197753906,92.04450104154154,89.91812395001762,90.07962155084276,5090900
2018-08-07,91.4613265991211,93.13910009387997,91.22805075324388,91.3267441170708,5095100
2018-08-08,91.75736236572266,92.1162465562151,91.00371172632043,91.38053704602154,3901600
2018-08-09,91.68561553955078,92.16113431001864,91.44336573695308,91.56897421046729,3298100
2018-08-10,91.73944091796875,92.58281791978915,91.50616511733051,91.64972156238422,2783800
2018-08-13,91.90991973876953,92.12524757819584,91.62281367115159,91.91888688343204,2816400
2018-08-14,92.41780853271484,92.77866911899501,91.36226998062446,91.81335259644915,3283900
2018-08-15,93.22074890136719,93.31998764224466,92.09304219410099,92.27347251407338,3143200
2018-08-16,94.14998626708984,94.67324387641636,93.14858207381798,93.14858207381798,4427200
2018-08-17,95.22357177734375,95.5573686089885,93.78912504567671,94.21314393417563,3824300
2018-08-20,95.46717071533203,95.97238128687444,95.25065288223927,95.25065288223927,2765500
2018-08-21,94.79051208496094,95.74680514368129,94.47475559226793,95.64756640555272,2775500
2018-08-22,94.75444030761719,95.29573822498872,93.96053715433736,94.54694609939672,1964400
2018-08-23,94.56497955322266,94.95291096120982,94.17704814523549,94.71834602352605,2043400
2018-08-24,95.42202758789062,95.66561609080568,94.3033444629886,95.2415972681558,3089900
2018-08-27,94.82662200927734,96.07160799694577,94.67325551688614,95.76487501216337,2452500
2018-08-28,94.88977813720703,95.25966245426889,94.35749685375656,94.75445192053472,2516800
2018-08-29,95.02507019042969,95.25962820649086,94.07779389726595,94.18605620827675,2949500
2018-08-30,95.160400390625,95.39495841662496,94.67323029489606,94.88974804311722,2928600
2018-08-31,95.31377410888672,95.5032280133961,94.24921868142283,94.85366783623499,3278900
2018-09-04,94.3845443725586,95.35887775023602,94.16801972598529,95.00703380327391,3107000
2018-09-05,95.37694549560547,95.72878951849916,94.4567327565165,94.59205896908571,3366600
2018-09-06,95.06117248535156,95.40399286600584,93.51847044794346,95.3318179807178,3180700
2018-09-07,96.55875396728516,96.7482078602331,94.54692914004623,94.86268562829278,3822900
2018-09-10,96.00846099853516,97.28953449192825,95.9813971319529,96.98280149335973,2950800
2018-09-11,95.30476379394531,96.18888902103218,95.19650145502348,95.99943509015141,3516400
2018-09-12,95.60250091552734,96.07162405388884,95.18750551694423,95.45815109881421,3926000
2018-09-13,96.15279388427734,96.2700729131634,95.46714622523137,95.77388605282142,5167400
2018-09-14,95.42202758789062,96.25202495440712,95.08823080808365,96.14376263278093,3103100
2018-09-17,95.36788940429688,96.32418238331783,94.77246390812478,95.27767425432835,4972200
2018-09-18,96.42342376708984,96.70309968755713,94.82659423147474,95.51224177946158,3668800
2018-09-19,95.39498901367188,96.59487091857872,95.17847119600466,96.42345725131278,3270400
2018-09-20,95.69269561767578,95.72878306412623,94.02369079645796,95.37693906495511,3762000
2018-09-21,95.92725372314453,96.41442389094748,95.04312855572968,95.8370385549535,5333700
2018-09-24,95.25965118408203,96.23399156927552,95.25965118408203,95.58443131247985,3095500
2018-09-25,95.35889434814453,96.31519449618858,95.214551441614,95.63857034457078,3775700
2018-09-26,95.90921020507812,96.86551029658371,95.63856469021822,95.68366883454,3707300
2018-09-27,96.25202178955078,96.68505729586595,95.81897940026033,96.07158459277339,2093700
2018-09-28,96.8113784790039,97.1993099228354,95.90019627149692,96.32420827863575,2812300
2018-10-01,97.072998046875,97.17223679394971,96.55876403156785,97.13614935110654,2707500
2018-10-02,97.39778900146484,97.56017907086446,96.70312457751892,96.98279368699399,3787900
2018-10-03,97.99320220947266,98.88634397340404,97.65037497341642,97.857876031186,5097200
2018-10-04,101.93567657470703,104.36250394028471,100.17645662607634,102.50404523732344,10940700
2018-10-05,103.76705169677734,104.15498305827157,102.92803767693985,102.92803767693985,8330300
2018-10-08,104.16402435302734,105.20151602024994,103.54152797609852,103.6137028656217,6002300
2018-10-09,104.15499877929688,104.6511925315594,103.05436270850977,103.8302186656298,4716000
2018-10-10,102.25143432617188,104.08283607036466,102.17024273511178,103.71294491204237,5602900
2018-10-11,97.35266876220703,102.23337985389496,96.15278716348867,102.0258787894722,7226300
2018-10-12,99.6712417602539,100.1584050453343,97.82179983798238,98.33603386821271,4519100
2018-10-15,99.79753875732422,100.8711109000118,99.22015345351598,99.68927643174426,3884700
2018-10-16,100.16742706298828,100.33884069804722,99.17504646191357,99.99601342792933,4192800
2018-10-17,102.47698211669922,102.63937219196279,100.0140740053415,100.12233634984285,4402100
2018-10-18,102.22434997558594,103.07238757702113,101.41240669580134,102.78369495059269,3619600
2018-10-19,100.97038269042969,102.26950349066828,99.83365887319893,101.83646092959609,4224000
2018-10-22,101.0696029663086,101.69209938297017,100.4741772971783,101.04253910175404,2938300
2018-10-23,99.59002685546875,100.55534345055952,98.39014535528841,99.86969589574575,3757000
2018-10-24,95.9182357788086,100.27569679999908,95.80095674156506,99.43668260885667,6739400
2018-10-25,97.33462524414062,98.17363934825885,93.97856882766774,96.01746457542373,4114800
2018-10-26,95.98138427734375,96.95572464167672,94.78150254439535,96.57681679431712,4464500
2018-10-29,96.89256286621094,98.40820097488708,95.90018232810795,96.9376670052755,3587800
2018-10-30,97.74059295654297,97.8939663006214,96.6038695452181,96.73919572741646,3325900
2018-10-31,97.83080291748047,99.62610985618916,97.74960446499958,98.86828745925791,4349200
2018-11-01,97.30755615234375,98.54352517179044,96.82940961344826,98.10145919022912,3639400
2018-11-02,96.30615997314453,97.78571073263251,95.56638459340054,97.56016937438159,3577200
2018-11-05,99.3644790649414,101.11468183453725,99.02165875132941,99.6261078107142,7368600
2018-11-06,95.53931427001953,98.60667791137047,94.68225303684653,98.33602554658415,6803700
2018-11-07,98.98560333251953,99.94189659446857,96.27910673487344,96.39638577623312,5875400
2018-11-08,99.32842254638672,100.0862451636391,98.3450654317228,98.77810102760128,3666300
2018-11-09,101.23197937011719,101.52969560597849,98.96754227407418,99.61710246759853,5054400
2018-11-12,102.12512969970703,103.48740150329974,101.27709882796026,101.27709882796026,5078900
2018-11-13,101.3943862915039,103.07241477635671,100.88917578268008,103.07241477635671,4239700
2018-11-14,99.5655288696289,102.14058126268364,99.50205963375932,101.87763530904449,5392800
2018-11-15,101.7325439453125,101.75975097181757,98.41399922726235,98.99429127542005,4796800
2018-11-16,103.21048736572266,103.63664087772251,101.25199639592603,101.2610654053123,4766400
2018-11-19,105.00576782226562,105.26871376342844,102.45792258058395,102.45792258058395,4869800
2018-11-20,104.0174789428711,105.35940208431761,103.65479458223219,104.16254853654938,4877300
2018-11-21,101.75977325439453,103.6185192502294,101.66909698144245,103.6185192502294,3619700
2018-11-23,102.34008026123047,103.19238062594658,101.00721910015976,101.42430372919729,1897000
2018-11-26,101.89578247070312,103.00196668530522,100.61732854166375,100.88027453674367,3296200
2018-11-27,103.56412506103516,103.59132517745589,101.28828744623988,101.8051104111203,3263200
2018-11-28,104.75190734863281,105.02392234226296,103.14703825557514,104.02654556166682,4814500
2018-11-29,106.08476257324219,106.92800070629873,104.24414771404834,104.54336280717801,4688300
2018-11-30,107.57176971435547,107.63523895820614,105.3775393782277,106.63786216156886,8965600
2018-12-03,107.46296691894531,107.61711244713025,106.57439746710506,107.57177430631779,4290100
2018-12-04,105.64955139160156,108.65981991617849,105.46821266460003,107.58084273055005,5676600
2018-12-06,105.03298950195312,105.1689970053284,102.43981251437528,104.56150466356506,5064400
2018-12-07,102.98384094238281,104.9785947030713,102.24940315318142,104.75191782491899,4128100
2018-12-10,103.4462661743164,103.95402713141264,100.66267413487671,103.00198138978341,3832600
2018-12-11,103.8180160522461,104.83353101402089,103.29212400502543,104.12629330346735,3806800
2018-12-12,103.67292022705078,104.94231196361581,103.60945098610397,104.70657302160099,3758800
2018-12-13,104.14440155029297,104.40734749871838,103.21955622581355,103.92679373414452,3609900
2018-12-14,101.48776245117188,103.89053851317824,100.8621321136999,103.6275925295687,5306100
2018-12-17,98.25081634521484,100.91653836716078,97.67052415123906,100.83493110239273,6121700
2018-12-18,96.5643310546875,99.42952955010492,95.81176230736392,99.22098381956384,6864400
2018-12-19,98.93083190917969,101.1341308770636,97.65237132346655,101.1341308770636,8362800
2018-12-20,99.09403991699219,99.88287774456552,98.03319405474458,98.92176331935916,8362300
2018-12-21,99.21192932128906,101.10695152338555,98.54096773303486,99.09405984099395,13154500
2018-12-24,96.79103088378906,99.20287628528996,96.68222348753089,99.14846912834606,3284000
2018-12-26,100.72615814208984,100.72615814208984,96.50090372849644,96.80011893884618,3792400
2018-12-27,102.35823059082031,102.36729960465868,98.58633019684645,99.95545382832162,4101600
2018-12-28,103.5459976196289,104.35296677150879,102.08619793642383,102.82063574297942,3984000
2018-12-31,104.92418670654297,105.04205618411886,103.58225664336364,103.67292600439346,2731000
2019-01-02,104.16253662109375,104.66122842462904,102.23125247923782,104.08093628103963,4247100
2019-01-03,100.92561340332031,104.0356205218742,100.73520565128186,104.01748941494985,4203300
2019-01-04,103.96307373046875,104.12627442142926,101.31548286695545,101.7416364514727,5795200
2019-01-07,104.52523040771484,105.57701433675449,101.59656931115012,101.88671540922509,7749600
2019-01-08,105.48632049560547,105.55885873745275,103.83611354053095,104.89696630407188,3428900
2019-01-09,106.27519226074219,107.19096883313424,105.37755371341991,105.51356123092442,5820100
2019-01-10,105.1236572265625,106.28424158133018,104.24414994963212,106.16636519310543,4282300
2019-01-11,105.34129333496094,105.36849345719628,104.36204742870697,104.51618606646076,2648800
2019-01-14,103.98121643066406,104.49803942922709,103.66387018902523,104.45270128715187,4404600
2019-01-15,106.16638946533203,107.19097347966748,102.8206431284153,103.28306594092395,5097700
2019-01-16,105.9034194946289,107.05493476631801,105.61327342413519,106.07568918429119,2920600
2019-01-17,108.04327392578125,108.07953613991388,105.6767666899281,105.91250566993793,4401900
2019-01-18,105.71302795410156,105.99411199332518,104.28949740396854,104.79725832644665,8887000
2019-01-22,106.16638946533203,106.18452749118805,104.89700436061024,104.89700436061024,4377500
2019-01-23,107.70777130126953,107.80750966722148,106.01222599771464,106.18450261483682,4012100
2019-01-24,104.2623062133789,107.1909748395826,103.5460063708383,107.1909748395826,6946200
2019-01-25,104.24415588378906,104.58870222196533,103.40091768464693,104.57963321059447,4599100
2019-01-28,104.29855346679688,104.37109172066323,102.94756134727206,104.01747638010055,3590900
2019-01-29,104.91510772705078,105.13271555637294,103.28303863069225,103.71825428933658,3767400
2019-01-30,106.0303726196289,106.1573111106588,104.75191178016203,104.75191178016203,4362900
2019-01-31,108.6779556274414,108.93183260689418,105.83996379623167,106.03037153082126,5746100
2019-02-01,109.61186981201172,109.70253917905698,108.01606266502388,109.09504681046153,4171500
2019-02-04,108.95903778076172,110.47323763394054,107.6171145649056,109.9020144036594,4518400
2019-02-05,109.19478607177734,110.38257070021471,109.16758595320692,109.45773208067367,8832400
2019-02-06,108.14300537109375,109.54840482669272,106.75574394018729,107.59898223002077,7421000
2019-02-07,106.5381088256836,108.19738486166746,105.95781670123478,107.89816978941572,7935000
2019-02-08,108.44221496582031,110.10149134109567,106.49279246899101,106.74667637827626,16195100
2019-02-11,107.00054168701172,108.75048723714832,106.12103440649764,108.07951878374118,7203100
2019-02-12,108.34246826171875,108.71422162638044,106.53812242314785,106.77386829055212,6975500
2019-02-13,108.487548828125,109.05877203681825,107.09121851146809,108.44221068813377,12738600
2019-02-14,110.07831573486328,110.53412656606355,108.30065627523079,108.42828275155716,17847000
2019-02-15,111.65542602539062,111.65542602539062,109.75925126857588,110.47031506360105,10366400
2019-02-19,111.33636474609375,112.43031504788175,110.57972395962561,110.58883516967693,17861300
2019-02-20,111.81951141357422,112.17504328949207,110.86230592910553,111.56425151729383,19880300
2019-02-21,111.87422180175781,112.8223092523804,111.03553146451851,111.27254811083269,20798700
2019-02-22,113.04107666015625,113.7156746863395,111.81038891012224,111.88332030622874,19574000
2019-02-25,112.9408187866211,113.6518826434324,112.55793931835686,113.13225852075321,13682400
2019-02-26,113.65186309814453,114.09856268942032,112.42117533030165,112.91345182846297,20790900
2019-02-27,114.57262420654297,115.30192440379449,113.11403076716208,113.48779207578993,32135600
2019-02-28,115.12870788574219,116.47790413685284,114.13503659399984,114.42675526627688,36023600
2019-03-01,117.45333862304688,117.9820808878805,115.39307855131042,116.00386343217596,43290900
2019-03-04,116.1952896118164,118.97573135010126,114.26264929417691,118.97573135010126,59468600
2019-03-05,117.13428497314453,117.48069178304671,115.52071056275855,117.05222844294283,53212600
2019-03-06,115.48423767089844,117.40775306646016,114.30824483883693,117.37129431882931,74822500
2019-03-07,115.1742935180664,115.94917760304476,114.07123198766291,115.23811372023279,60615600
2019-03-08,115.50245666503906,115.75771656136743,114.18060809587772,115.20162681582812,50169800
2019-03-11,112.58529663085938,113.87068675676367,111.68279296157671,111.94716412836105,61771200
2019-03-12,112.58529663085938,113.05933692484061,111.83776700430877,112.58529663085938,8077600
2019-03-13,113.32369995117188,119.1945463729228,112.27534048024962,113.58807109896549,68139300
2019-03-14,112.20240783691406,113.93449057111853,111.68278371216492,113.93449057111853,42768700
2019-03-15,112.98640441894531,113.18696232119949,111.18139025377995,112.22063851534959,47331000
2019-03-18,114.17147827148438,114.27175719601985,112.58525875947285,113.03195136096339,16052200
2019-03-19,115.40219116210938,115.45689319524996,114.08034243909592,114.18973955025525,13726300
2019-03-20,116.83345031738281,117.69037701368505,115.62099168434285,116.26824231161206,7520700
2019-03-21,116.97017669677734,117.58096155921382,115.44777014528766,115.6665574032264,5704300
2019-03-22,116.96106719970703,118.03677413161985,116.16795381477701,117.35305785482139,15332900
2019-03-25,118.39229583740234,119.03955331083841,117.06133605632499,117.24365759904546,5972800
2019-03-26,119.44065856933594,120.45255903941265,118.23731145454597,118.72959487795671,5872900
2019-03-27,117.38954162597656,119.93296029594649,117.16163617880116,119.38599556887225,7675100
2019-03-28,117.5536117553711,118.41964956122908,117.48068035242352,117.9091436508388,6112900
2019-03-29,118.29206848144531,118.45616767861561,117.58100441761962,117.60835196543998,5729100
2019-04-01,117.6447982788086,119.74153124018767,117.6447982788086,119.15809383365345,5132300
2019-04-02,117.89091491699219,118.11882032265271,116.90636189530967,117.63564806522972,3214600
2019-04-03,115.8215560913086,117.82712133193071,115.63010938681846,117.69949483235236,4425300
2019-04-04,114.50879669189453,116.09501642486615,113.59717503648903,116.08589826087812,5539800
2019-04-05,115.76683807373047,115.78507440265184,114.50880262789943,115.31102722239902,4656400
2019-04-08,115.92181396484375,116.0312041130877,114.9463721088597,115.32014032901672,3430900
2019-04-09,115.99474334716797,116.79696794061473,115.41130601463912,115.55716882533214,4215600
2019-04-10,115.94917297363281,116.6602368280547,115.71214937045151,116.28646857091796,4227100
2019-04-11,114.08946228027344,116.06767978906791,113.50602492242734,115.64833462281115,5520700
2019-04-12,112.18415069580078,114.17148604119834,112.14768499756806,114.17148604119834,5470400
2019-04-15,113.11404418945312,113.36017903603702,112.27535373167905,112.83143667804438,4549100
2019-04-16,109.35814666748047,113.88890797607705,109.20317263584819,113.88890797607705,6573400
2019-04-17,106.20394134521484,109.44931277785003,105.64785148219062,109.3946176946419,14842800
2019-04-18,105.01882934570312,106.34068513844014,104.05251245627792,105.95780564887042,9805800
2019-04-22,105.26498413085938,105.35614493176166,103.60583251599397,104.8729864273686,7519700
2019-04-23,107.10643768310547,107.47108777488921,105.22849909983385,105.78458892490163,5891500
2019-04-24,107.57135009765625,107.96334766858983,106.8694045174417,107.83572119945991,4254100
2019-04-25,107.78101348876953,108.19124038356182,106.43181060246404,107.34343210655366,3425000
2019-04-26,109.276123046875,109.32169997021504,108.18217255986391,108.32803540684807,3372500
2019-04-29,109.02996063232422,109.4037288907625,108.7108944087318,109.30344994118745,4097200
2019-04-30,106.69622802734375,106.78738882633341,104.75447588388363,106.30423033207735,7548300
2019-05-01,107.7354507446289,108.96613862530602,106.25862111474348,106.70532074697442,5392100
2019-05-02,107.99071502685547,108.09099397888201,106.53212157254518,107.97248565154256,4168800
2019-05-03,106.57769775390625,107.97247786130434,106.24039521641505,107.97247786130434,5695500
2019-05-06,106.34069061279297,106.7326882880434,105.1100025014653,105.58404280508029,5952100
2019-05-07,104.78182220458984,106.19483196023859,104.34424063737644,106.02162853071756,5127200
2019-05-08,105.97603607177734,106.5594734773971,105.04618488004661,105.61138595448436,2992600
2019-05-09,105.56578063964844,105.88484679828026,104.63592274292637,105.62047570823657,5818900
2019-05-10,105.94867706298828,106.0398378436643,104.1254336289809,105.4108166332928,3660500
2019-05-13,104.26216888427734,105.00969834666842,103.8063580668408,104.70886153793124,4284600
2019-05-14,104.78182220458984,105.31967578093486,104.40805389143642,104.59038244240995,3668400
2019-05-15,105.40170288085938,105.60225381145938,104.21659189529821,105.06440034986204,3724400
2019-05-16,107.01058197021484,107.88147825546957,105.03042911925213,105.03042911925213,3914100
2019-05-17,106.35054016113281,106.93725061315037,105.62631791695544,106.06634725889847,3109800
2019-05-20,106.55219268798828,106.61636390674069,105.42460470803799,106.2221672789364,3042800
2019-05-21,106.8730697631836,107.98231933032322,106.82723017187334,107.29476742550729,2611100
2019-05-22,108.15650177001953,108.53235984237325,106.45137248046434,106.45137248046434,3934200
2019-05-23,107.08392333984375,108.13817107387138,106.7814057939852,107.95482668279709,3653500
2019-05-24,107.06558227539062,107.76230348960578,106.75388844502874,107.74396485562825,2086400
2019-05-28,106.1213607788086,108.55071256528521,106.06635186307265,107.34061433706269,5007200
2019-05-29,105.87382507324219,106.15801795272934,104.90208727626865,105.98383589699267,5915800
2019-05-30,106.24967956542969,106.61637528062195,105.38794568384873,105.87381453396938,2392800
2019-05-31,106.28636932373047,107.78981573694716,105.41546596620329,105.73632215302264,6098400
2019-06-03,107.04725646972656,107.9181598403976,106.37804312628062,106.82724179460712,4722000
2019-06-04,107.7714614868164,109.02739208656408,107.63395670820185,108.24816803314457,3122700
2019-06-05,107.27642822265625,108.52318956297793,106.82722960558347,108.20233340792593,4175800
2019-06-06,107.71644592285156,109.03654758334952,107.50559363213486,107.73477755963029,3882800
2019-06-07,108.49569702148438,109.03657486264498,108.07399932868704,108.34902290814364,2726300
2019-06-10,104.4437255859375,106.34136869583024,104.39788599142979,106.34136869583024,8172400
2019-06-11,102.86693572998047,105.96550059114861,102.53691024250222,105.2229467413925,5681200
2019-06-12,105.64464569091797,105.88299898899265,103.1327912230448,103.1327912230448,3793800
2019-06-13,102.50941467285156,105.7913310852171,101.40016500157188,105.7913310852171,8477300
2019-06-14,102.43606567382812,102.90360293281742,101.76685239552673,102.79359210889649,3188100
2019-06-17,103.95785522460938,103.97618686567554,102.06937446435155,102.34439803932445,3032300
2019-06-18,105.10377502441406,105.26878777040388,103.79284237408947,104.18703910094624,2868700
2019-06-19,105.6354751586914,106.33218936947668,104.81957381692062,105.44295447519235,3320600
2019-06-20,105.93799591064453,107.32226904592162,105.66297934350226,106.66221809415666,2840100
2019-06-21,105.87382507324219,106.27719109952089,105.25044439360225,106.10300904378424,4024600
2019-06-24,106.00215911865234,106.47886565623858,105.15876385263259,105.49795861998668,2570500
2019-06-25,105.75464630126953,107.10224909543894,105.58046425479776,105.89215807510834,2110100
2019-06-26,102.0693588256836,105.37877556520539,101.40931493633006,105.25043311498618,4677500
2019-06-27,102.18856048583984,102.8669431505308,101.90437457106535,102.43607612223369,3615900
2019-06-28,101.5651626586914,102.51856875380696,100.8592721583383,102.49106779818217,8958700
2019-07-01,103.35282135009766,103.44449355718434,101.42767702471299,102.04188850574896,3236400
2019-07-02,104.69123840332031,104.70040772080394,103.04111795740711,103.42614536203953,2343400
2019-07-03,104.89290618896484,105.8554815548859,104.30619584974367,105.30544148613342,3707700
2019-07-05,103.42613983154297,104.84708321750344,103.17862422584035,104.55372802097386,2444000
2019-07-08,102.234375,103.39863340163838,101.67517258752031,103.10527822063659,2998700
2019-07-09,103.66451263427734,103.92119760530669,102.53692423252309,102.53692423252309,2717700
2019-07-10,104.9937744140625,105.10378525347569,103.28864487093207,103.83868507971657,3339100
2019-07-11,100.67593383789062,102.89443298396226,100.01588288669649,102.24355134990685,6589600
2019-07-12,99.27333068847656,100.35507932194085,96.39478054409764,100.35507932194085,7211100
2019-07-15,99.4383316040039,100.07088153305315,98.6315996378799,99.28248819932594,4405200
2019-07-16,99.75922393798828,100.098418819053,98.97999963763361,99.9242367187574,2206500
2019-07-17,98.1732406616211,100.52008923767663,98.16407833872958,100.24506567985978,3507300
2019-07-18,99.31917572021484,99.44752519590638,98.31076751054064,98.85164539205414,3232900
2019-07-19,97.8982162475586,99.48416525392615,97.70570257018016,99.46583361547351,4820600
2019-07-22,98.3382568359375,98.4207667038234,97.0548321722888,98.01740067002532,2894400
2019-07-23,99.20915985107422,100.29090848884918,97.22900695719198,98.5491088864468,5098200
2019-07-24,99.48416137695312,100.52924657564104,98.23740718072825,99.32831797669236,3762700
2019-07-25,98.84245300292969,101.18929439681874,98.71411055133507,99.53000484824615,4596700
2019-07-26,99.25499725341797,100.13506991161042,98.58578393321476,98.93414107289998,3470700
2019-07-29,99.66752624511719,101.06096170882525,99.0716465227799,99.0716465227799,3192500
2019-07-30,99.64002990722656,100.85928337169581,98.09074395614948,99.28250345607648,4664200
2019-07-31,99.87835693359375,101.49181380821692,98.64993438862453,99.0624626775139,5535700
2019-08-01,101.30848693847656,101.51933228015498,99.2916637486322,99.94254540264718,3679000
2019-08-02,103.05944061279297,103.83866467160323,101.01512362300156,101.72100713661715,4477700
2019-08-05,99.65836334228516,103.12362408143613,98.49411177422243,102.10604662703273,4765800
2019-08-06,102.12437438964844,102.78442531619181,99.96087723892934,100.35507393149611,5490000
2019-08-07,101.86770629882812,102.10605262178561,99.49335643443956,101.1801543024665,4231700
2019-08-08,104.48040008544922,105.00293931091166,102.34440358723913,102.63775881918048,4815900
2019-08-09,104.2970199584961,105.01207969634834,102.99525691254857,103.81115114515924,2788100
2019-08-12,104.14118194580078,104.56287956018835,102.94026032669403,103.49946970524118,2318400
2019-08-13,106.06632232666016,106.46968829040854,103.98533527415725,104.07700744933499,5247200
2019-08-14,101.67362976074219,105.89582040911144,101.60909876975622,105.88659968658472,4937900
2019-08-15,101.61830139160156,102.61392121327674,100.67798479518429,101.79345288830731,3939900
2019-08-16,101.88565826416016,102.6323820633121,100.75175554819147,102.27285124767806,3497600
2019-08-19,103.73861694335938,104.11658915797176,102.13455603666843,102.37424556219457,2903500
2019-08-20,102.33735656738281,104.06125849877846,102.24517046428045,103.55423141504102,2074800
2019-08-21,102.752197265625,103.65563795358247,101.40626047065274,103.25001066102824,2207300
2019-08-22,102.89049530029297,103.49892929662754,102.13455789069558,102.73377819871361,1840200
2019-08-23,100.95454406738281,103.76625889950607,100.37375825363183,102.75219769721,3870100
2019-08-26,103.04720306396484,103.08407891393894,101.63673521086423,101.96861082728194,2565500
2019-08-27,102.07923889160156,104.06126484591552,102.07923889160156,103.53579628949775,2945200
2019-08-28,102.30046844482422,102.82593690614245,101.21265567870165,101.71046901574229,1744400
2019-08-29,103.48046112060547,103.60030232976452,101.95936607608296,103.07483389984012,2708600
2019-08-30,104.14423370361328,105.25048103716163,103.1762620117467,104.00595102858249,2870700
2019-09-03,105.05690002441406,105.11221028736186,103.42518396730581,103.7478388900843,3710300
2019-09-04,104.4023666381836,105.55471064081256,103.66486366316121,105.44408308455431,3756400
2019-09-05,105.64688110351562,106.42125981590537,104.41157189170751,105.05688162424181,4045900
2019-09-06,105.13986206054688,106.00641990559744,104.94626209266467,105.81282697106435,2904700
2019-09-09,102.39266204833984,105.5731281738442,101.72891088359322,105.5731281738442,4982300
2019-09-10,102.42029571533203,102.44795083584403,98.08748667922524,99.90358128188157,6589500
2019-09-11,102.96424102783203,103.25002008274637,101.67361437012781,103.04720641796222,3404100
2019-09-12,102.76142883300781,103.63720745254041,102.43877392230368,103.17626985629177,3578500
2019-09-13,102.22672271728516,103.3882872380948,101.62750253406242,103.01031509533871,2842600
2019-09-16,101.5261001586914,101.8948515978344,100.67797677200663,101.79344477623636,1728900
2019-09-17,102.43878173828125,102.50331272534572,101.06518253264436,101.71049943663922,2438100
2019-09-18,103.91375732421875,104.08891583533905,102.4848481756392,102.73375837916265,3132500
2019-09-19,105.41641235351562,106.11703937276789,103.60953806879019,104.04282047499424,3929800
2019-09-20,107.08502960205078,108.07143581229622,105.52705821981881,106.87299520544858,7517700
2019-09-23,105.25969696044922,107.43532271284134,105.06610403756882,106.93750932542802,2611300
2019-09-24,104.4023666381836,105.60080721425756,103.19471237410033,105.42564867518608,3480200
2019-09-25,102.68768310546875,104.95549536698445,102.61393139777313,104.06127525288741,3093400
2019-09-26,103.0840835571289,103.85846237476675,102.04236712349832,103.28689722444713,2266400
2019-09-27,103.59109497070312,104.51296995903361,102.67843366824538,103.57265353226164,1906300
2019-09-30,103.09330749511719,104.58674084951441,102.96424552704212,103.61877608895135,2516600
2019-10-01,102.291259765625,103.66485168875619,101.7842326830451,103.19470045400281,2203400
2019-10-02,98.640625,101.99624943733215,98.32719087600708,101.71047043800354,4483900
2019-10-03,98.90799713134766,99.65471383857246,97.9123701661479,98.72361786000509,2735000
2019-10-04,99.74689483642578,99.80221213166351,98.64064739856677,99.09236428180174,2865300
2019-10-07,99.40577697753906,100.16171415087842,99.1660875225736,99.84827301233166,1460800
2019-10-08,98.8157958984375,99.86673296762379,97.67266569100588,98.53923055039944,2802500
2019-10-09,98.9172134399414,99.70080596647381,98.53002050407211,99.15689593196797,1636600
2019-10-10,98.56687927246094,99.09234777290276,98.25344512951425,98.66828609126098,2736900
2019-10-11,99.89439392089844,100.61345542770927,99.18454610177025,99.33204950488496,2554900
2019-10-14,99.4703369140625,100.60423948765815,99.45189547112209,100.04189504492057,1341300
2019-10-15,101.12969207763672,101.49844351125621,99.76532091659776,99.88516214335094,1760000
2019-10-16,99.51641082763672,100.92688559040354,99.36891447402333,100.6503202565241,2314600
2019-10-17,99.98656463623047,100.90843966370818,99.80219244407425,100.68719162645105,2018900
2019-10-18,100.15249633789062,100.42906164267093,99.47031082833983,99.84827590930186,2207100
2019-10-21,99.47953796386719,100.48437837157574,99.35046898885626,100.36453714956,3944900
2019-10-22,101.25875091552734,102.75219101082743,100.38297244174946,101.38781989167776,5708500
2019-10-23,99.0093994140625,99.33205433237009,93.44127227616248,97.71877270748242,9047500
2019-10-24,99.41500854492188,99.75610486782831,97.9492304951664,99.10157438334483,3304500
2019-10-25,101.59064483642578,101.95017560391578,99.13846044704911,99.63627390203904,4234600
2019-10-28,104.16265106201172,104.34703027632321,101.97781188086654,101.97781188086654,4168500
2019-10-29,102.9457778930664,103.99671481336104,102.7890608336106,103.7109358186654,2987800
2019-10-30,103.91375732421875,104.36547413182805,102.56782058792986,102.66922740664704,2424700
2019-10-31,105.04766845703125,105.71141967727422,103.25001476333075,103.58189037345224,4124400
2019-11-01,103.72018432617188,105.56393479025212,103.53580505975394,105.1583074374825,2629100
2019-11-04,104.2732925415039,105.39798128256052,104.05204448807683,104.39313377182924,3002100
2019-11-05,102.55858612060547,104.24561893310963,101.87640064069112,104.12577069068243,3357300
2019-11-06,104.92781829833984,105.36110069878056,102.79828917562314,102.85359942815651,3973700
2019-11-07,103.9598388671875,105.67452690036221,103.27765334825875,105.3057825333832,3076200
2019-11-08,104.66048431396484,104.69736016384688,103.34220257241596,103.84923671660754,2224100
2019-11-11,103.98748779296875,105.28732769787365,103.45279868219785,104.59592154774313,1770200
2019-11-12,104.32860565185547,105.13063953833382,103.66485444005944,103.95985419715223,2273200
2019-11-13,103.97830963134766,104.66049534267849,103.48049615550626,104.0520613388834,3250600
2019-11-14,103.27828979492188,104.17765300276938,102.91669117561443,104.02003454282556,2627100
2019-11-15,104.94718933105469,105.53130841937016,103.22263917644638,103.22263917644638,4857400
2019-11-18,105.76309967041016,105.8187280370842,104.64121614174742,104.7895608108117,3361600
2019-11-19,106.71809387207031,107.66381857355998,105.46640607191105,105.72601455504919,3781600
2019-11-20,106.26377868652344,107.47837854609031,105.74456172190871,106.58828928940765,3638200
2019-11-21,106.39359283447266,107.10751622729461,105.03991485510807,106.34723114097199,2909500
2019-11-22,107.73798370361328,108.18303185512077,106.35649170893859,106.70881648494007,3120100
2019-11-25,108.91551971435547,109.83342327039593,108.1088729082584,108.1088729082584,2939300
2019-11-26,108.56318664550781,109.50891145269664,108.47974408394484,108.91551854668857,4704900
2019-11-27,108.88768768310547,109.31418832686664,108.12740269660941,109.15656990774193,1798200
2019-11-29,108.80425262451172,109.44400721268798,108.63736043080493,108.69299587790805,1243900
2019-12-02,108.2386703491211,109.63870997941684,107.64527747412178,108.96186747341395,2199700
2019-12-03,109.04531860351562,109.33274129178821,107.4783867634724,107.9234349627407,2786000
2019-12-04,110.02811431884766,110.18573274183002,109.00822083499635,109.66651578433492,2597000
2019-12-05,111.04802703857422,111.18710505450896,108.98042552911055,109.77779860841454,3003200
2019-12-06,110.92748260498047,111.91956195252698,110.87185423511083,111.23345278686512,2462800
2019-12-09,111.4837875366211,112.04009245677751,110.27846138858231,110.82549255582589,2335100
2019-12-10,111.86392974853516,112.32751834502821,111.36325321546657,111.78048012279008,3592600
2019-12-11,111.9844741821289,112.37388695396326,111.24273657965412,111.78049404246285,3438100
2019-12-12,112.83747100830078,113.05072489302228,111.78048948566654,111.78048948566654,2959400
2019-12-13,112.67984771728516,113.29178808498311,111.92883642402029,113.09708171538855,3343900
2019-12-16,113.90372467041016,115.21104799892456,113.1712537881207,114.10770479887066,3468400
2019-12-17,116.20311737060547,117.77931574306339,114.33021551045611,114.96997002663987,6718800
2019-12-18,120.0508804321289,120.51446895697234,118.39123973813297,118.5673985673898,8173000
2019-12-19,121.3211669921875,121.4509712607246,118.99394269166659,119.6800590525651,4423400
2019-12-20,122.78607177734375,127.02327844025048,121.68274277560717,122.84171429422258,9229900
2019-12-23,121.59929656982422,122.92516745831443,121.4880398216666,122.74900150866303,2473400
2019-12-24,121.56220245361328,121.65492583204032,120.65357276495341,121.5251215908032,1215800
2019-12-26,121.59001922607422,122.109236202076,121.1449781248729,121.46021498207378,1272000
2019-12-27,121.94234466552734,122.17413895670776,121.31185683676416,121.98870635328358,2161300
2019-12-30,121.7383804321289,122.32249250170308,121.33968684255663,121.94236056677468,1856200
2019-12-31,121.85887908935547,121.942335780276,120.99661117984127,121.62708481506459,1549800
2020-01-02,122.58210754394531,122.62845508726585,121.20987506017474,122.17414729999199,2204200
2020-01-03,122.17413330078125,122.82315445652051,120.74627261055473,120.81118179992872,1963500
2020-01-06,122.62844848632812,122.9066044692873,121.40458196794913,121.84962305212322,2102900
2020-01-07,122.86022186279297,123.24963451359437,122.10921073999033,122.10921073999033,2448300
2020-01-08,123.97283172607422,124.43642018430894,122.39661964999854,122.81386058048739,5188600
2020-01-09,126.02189636230469,126.42985650663265,124.25098489378934,124.75166839731848,4522800
2020-01-10,127.9504623413086,128.2008041637398,125.66033336904366,125.89212768487936,4177600
2020-01-13,128.82200622558594,129.79554514377816,127.84846730739373,128.13588998424248,5117100
2020-01-14,130.4075469970703,130.63934143833606,128.06178838326966,128.86844265924924,4685200
2020-01-15,130.83396911621094,131.371733564679,129.81406858504724,130.34256635508677,3676500
2020-01-16,131.1306610107422,131.63134460767472,129.66573352478633,131.50154036913685,3794800
2020-01-17,129.4154052734375,131.4181115756078,129.21142514186818,130.620738556092,5393200
2020-01-21,130.64849853515625,131.2604386759646,128.34908966925764,129.3411757291375,4849500
2020-01-22,131.2511749267578,131.89092932559083,130.44453545741098,130.96375231802955,2742100
2020-01-23,130.92666625976562,131.41806892243736,129.69351919100146,130.96374711365124,3138700
2020-01-24,128.94253540039062,131.64989103021045,128.59947022824576,131.52008679273965,3183300
2020-01-27,128.23788452148438,128.97036247928173,127.3385214477953,127.3385214477953,2826400
2020-01-28,129.1187286376953,129.69358828616632,128.16373698088708,128.59024483958456,2649100
2020-01-29,129.73060607910156,130.86176316779702,128.84979074547107,129.35046010800258,2815500
2020-01-30,132.28036499023438,133.25390384710678,128.0431726850823,128.1173344087061,5243400
2020-01-31,129.4710235595703,132.4472685946178,129.31340513338293,132.4472685946178,3913500
2020-02-03,130.7320098876953,131.26050778234656,129.50812896172656,130.29623538959467,5137800
2020-02-04,132.9943084716797,133.57843467286025,131.45519082426557,131.93732696091624,3177500
2020-02-05,136.6195831298828,136.62884980990287,134.0049363087125,134.23673063764167,4060900
2020-02-06,136.57318115234375,137.1016647096725,136.11885930850764,136.98114131454778,3285000
2020-02-07,135.74803161621094,136.4990429640885,134.7930401309342,136.4990429640885,2670400
2020-02-10,134.91355895996094,134.95065397327951,130.84325132578874,131.19558321430372,4892100
2020-02-11,133.7452850341797,135.23804060115836,132.75319883268023,135.11750306141766,2976400
2020-02-12,133.05917358398438,134.34794911982382,133.0406402292234,134.13470235928034,3953200
2020-02-13,132.15518188476562,133.96323103838483,132.1458529541004,133.14308151197673,3455500
2020-02-14,131.52139282226562,132.63978342836938,131.00881371888326,132.57453781394483,2273700
2020-02-18,131.4188690185547,132.30426391725328,130.97152132616213,131.42819794649472,2858200
2020-02-19,131.2511749267578,132.19247268979282,130.81314175461952,131.9874352806671,3082800
2020-02-20,132.34156799316406,133.0964718451002,131.595978850425,131.99673888078092,3417000
2020-02-21,132.37884521484375,132.94735535421006,130.78516241527836,131.72646002727515,2900900
2020-02-24,128.75343322753906,131.95945671078326,128.49247915061738,129.8065784657141,4727400
2020-02-25,126.19981384277344,129.75998129348147,125.46353935339286,129.4897124969682,3401600
2020-02-26,124.44769287109375,127.70031876566578,124.24265546679796,126.77765044633469,4659000
2020-02-27,120.40290069580078,125.51016417538429,120.2724236287618,124.26131021644922,4292800
2020-02-28,117.5510025024414,118.17543645940927,113.24524598608615,117.78399823117805,7898300
2020-03-02,123.80459594726562,123.9537166133574,117.62555233299864,119.05148492779374,7355700
2020-03-03,121.44669342041016,126.42347885717074,119.93688562342078,124.21468386217798,6936600
2020-03-04,130.83177185058594,131.2791196873884,123.95373308794053,123.98169143893247,5301900
2020-03-05,130.61746215820312,132.257761972482,128.17567030677657,128.9678618508033,6882100
2020-03-06,131.8383026123047,132.67708150416448,126.33028045575955,126.86150329502276,8010700
2020-03-09,126.48875427246094,131.34437852088212,124.24267146763863,124.90438576143752,5351300
2020-03-10,131.58663940429688,132.27629749941457,125.55671021063928,129.75994705903202,5961200
2020-03-11,130.49624633789062,132.19244777808748,128.045126822214,129.97433820244544,7211800
2020-03-12,117.44849395751953,127.21567887840027,117.36461890095305,121.89404971719267,7836300
2020-03-13,129.8904571533203,129.8904571533203,119.76912190624789,123.90712841468748,6841700
2020-03-16,120.5799560546875,129.24738592842274,119.52681079290977,122.0897638508474,6619700
2020-03-17,133.4599609375,133.8234337337106,122.1829753237015,124.14945999574658,8909200
2020-03-18,133.35743713378906,134.20554503278362,124.96027585925917,127.06655221037732,6734600
2020-03-19,124.0376205444336,133.25493232768326,122.20161280073154,132.79826973519522,6554800
2020-03-20,114.07471466064453,123.25474530881064,112.05231336284535,123.17087025621757,9113500
2020-03-23,110.95259094238281,118.2500132142691,109.0979394531247,112.72335314469879,7299300
2020-03-24,114.5313949584961,116.12508510004638,109.42413189267403,114.85758759966727,6827300
2020-03-25,113.64600372314453,117.5603292870339,111.1016871292905,111.94979503073039,6472100
2020-03-26,125.21190643310547,126.50736207591827,113.64599540383999,114.90417087795382,6723600
2020-03-27,124.98824310302734,128.25018366577186,121.34418608990903,121.76357560378972,4717400
2020-03-30,129.0237274169922,132.12723248034936,124.42904388119243,124.76455832644541,5057400
2020-03-31,129.28468322753906,132.3602299795726,125.37035746173822,127.64439826288947,7560100
2020-04-01,127.14110565185547,127.8587364675083,123.93508219696706,124.88570873787711,3297900
2020-04-02,132.5093231201172,133.0871621936882,123.9816851947083,126.1438923687301,4725000
2020-04-03,130.16078186035156,134.76478131119742,129.04240482385134,131.33507561553645,4013200
2020-04-06,131.97808837890625,133.73953534880948,130.75719315385814,132.59320045625134,4159900
2020-04-07,132.2297821044922,134.95117136539662,130.52425112730447,133.39476111451646,3900600
2020-04-08,136.27456665039062,137.2345080819821,130.94362231251944,132.3881989259901,4006600
2020-04-09,135.81788635253906,136.44231329163233,133.786170122737,134.68086589003104,4415300
2020-04-13,134.5969696044922,136.61937080439844,133.16172218617922,135.10956304707915,2289000
2020-04-14,140.8319549560547,141.2420297608882,134.25215709922364,137.2624582769861,3809600
2020-04-15,140.8971405029297,142.96614327488305,138.40874835199713,138.80950831568137,3614400
2020-04-16,144.20570373535156,145.0072095626183,141.66139451312745,142.49085868847897,3512900
2020-04-17,146.59156799316406,146.94572600698766,142.62132639449268,144.84876471216066,3709900
2020-04-20,147.0575714111328,149.30365355018876,145.0258555721372,145.97648208534758,2562200
2020-04-21,142.28582763671875,145.20293866442123,141.1115343022518,144.83946590225787,4270200
2020-04-22,146.0510711669922,146.58229411476918,143.12464493590153,144.09390105828504,3278000
2020-04-23,149.05203247070312,151.5031522802674,143.52538017694968,146.4890792532576,5692900
2020-04-24,151.8479766845703,153.68398425148385,149.68578361456397,150.9812393587431,4414000
2020-04-27,150.31956481933594,153.311237163445,149.78834178757683,152.84524556112453,3210300
2020-04-28,146.6009063720703,150.96257932040731,145.9391922858415,149.99332340553127,3270200
2020-04-29,144.60650634765625,147.2812933890068,144.14982949289202,147.02965396120334,3240700
2020-04-30,144.121826171875,146.30266260994648,142.85432893744436,144.6437342882412,4175800
2020-05-01,143.18051147460938,144.08453586110346,141.26062932462906,143.26438650735346,2576400
2020-05-04,142.85435485839844,145.38934978723506,140.971745193395,144.13116703339574,2228500
2020-05-05,147.15078735351562,148.3903263830797,142.36039556108304,143.33898050241586,2862600
2020-05-06,146.02305603027344,148.1293462272466,145.71551422542478,147.68199847199256,1964800
2020-05-07,142.5654754638672,146.96443743582083,142.33247965696683,146.78735834722687,2330600
2020-05-08,143.06869506835938,143.91680295126088,142.17399941550605,143.71176556812136,1966600
2020-05-11,147.76588439941406,148.6233069188931,142.66793704851295,143.03140979286744,3196200
2020-05-12,146.9923858642578,150.42207708407423,146.87122350215594,148.99614397985403,2329400
2020-05-13,147.1880645751953,148.5114929155492,145.4266173193739,146.34928558515907,2650000
2020-05-14,148.3023223876953,148.83604599193643,144.02310355567235,146.01757672829254,2393900
2020-05-15,149.09823608398438,149.36041862005797,146.1018540375172,148.53642248720237,2824500
2020-05-18,147.9091339111328,152.0385181702434,147.11321303719976,151.07405741498852,2703700
2020-05-19,146.72923278808594,149.00462019620588,145.39958858931385,146.86969691503631,2339400
2020-05-20,143.38644409179688,147.412826509428,141.96315668447716,145.390276737627,3780800
2020-05-21,142.5904998779297,143.4051376481264,140.19339366245612,143.4051376481264,3049800
2020-05-22,141.54173278808594,142.85264544487634,140.61472108143505,142.53428298363815,2355000
2020-05-26,138.5453643798828,142.10356030801682,137.7962652363207,141.49492529080385,5013400
2020-05-27,136.42919921875,138.74203583967025,134.48154657545496,138.74203583967025,5376100
2020-05-28,141.06422424316406,142.42197303450175,137.18765055628285,138.04910978804742,3982700
2020-05-29,143.21783447265625,143.8639322654695,140.39936501436975,142.009923072784,9466300
2020-06-01,142.74972534179688,145.12811517066984,141.28898918252534,144.64119835495117,5233800
2020-06-02,144.0699462890625,144.27594891433543,141.42937497667927,142.4032081666746,3269400
2020-06-03,142.8245849609375,144.56623458610363,141.25148944808,143.58304274662802,3190300
2020-06-04,141.120361328125,143.77027646209547,140.18399111353102,142.52491665001597,3328700
2020-06-05,139.71585083007812,142.10358421302843,138.9011987662681,140.17466323818567,4578800
2020-06-08,139.71585083007812,139.75329936401093,137.1970118586626,137.41237307650655,4076400
2020-06-09,139.64097595214844,142.094262770193,139.62224453634883,140.22152125098123,4302100
2020-06-10,141.3919677734375,142.7028809647933,140.30577439323858,140.4181485866992,4940200
2020-06-11,134.9122314453125,142.553016347217,133.94777120145554,142.18783251010493,4547400
2020-06-12,134.40663146972656,137.06593486877134,132.46835173099993,136.27937269525805,3973200
2020-06-15,132.51516723632812,133.80734890882013,130.79223452653707,132.96462110989575,3709900
2020-06-16,153.293212890625,156.77649782510375,145.1374199719841,146.37343582605655,15029300
2020-06-17,149.79119873046875,153.90186489277144,149.25746065627771,153.78013214857754,4711200
2020-06-18,150.8211669921875,152.60026479882626,148.1337745882549,149.07014486288088,3631600
2020-06-19,149.76309204101562,152.1414666970622,148.189982255508,151.90737408459043,6004900
2020-06-22,150.24069213867188,151.20515292051576,148.80804595640342,149.05149722098577,2647300
2020-06-23,149.20127868652344,152.50666555571917,148.8360947467729,150.6526558837456,2771500
2020-06-24,147.03823852539062,149.6226156111683,146.38278212188303,148.46152549291998,3096000
2020-06-25,152.4972686767578,152.99354379613573,146.7385970073621,147.60941453416135,3735400
2020-06-26,152.46917724609375,153.36808473042154,149.9877873851615,152.00099209737562,5290400
2020-06-29,152.3662109375,153.76140814476614,150.7837424853093,153.4243141887499,2640300
2020-06-30,153.7333221435547,154.66033420467127,151.97295508672775,152.73141300587685,3296300
2020-07-01,152.90931701660156,154.94123943999267,152.17894911465936,153.86441899909562,2065100
2020-07-02,153.44300842285156,154.28575033112165,152.0384528636128,153.63029392771915,1960200
2020-07-06,156.27085876464844,158.17168957351706,153.57410738392187,153.99548550306943,2760100
2020-07-07,156.1397705078125,157.66605889359334,154.75394626043325,155.5498525598596,3273300
2020-07-08,158.36834716796875,159.01444509874742,156.2240507226923,156.2240507226923,2781800
2020-07-09,155.85885620117188,159.88525193320015,153.29321035099585,159.0706142260717,2955200
2020-07-10,152.96546936035156,155.56857793348783,152.38492428354343,155.56857793348783,2245100
2020-07-13,151.76693725585938,156.37387855009496,150.79310390319665,154.13595355433637,3455600
2020-07-14,153.45240783691406,154.28577704148907,151.25193136466973,152.51603730198124,2642900
2020-07-15,154.92250061035156,155.88696110873525,153.4711234380261,154.67904941732084,2346200
2020-07-16,154.50111389160156,154.91311914803967,152.25383067742047,154.45429251466481,1486800
2020-07-17,155.39999389648438,156.61726364172577,154.6040735665579,155.47489093395745,2935800
2020-07-20,156.4113311767578,157.0387120217673,155.18468803611205,155.89633880195657,1806200
2020-07-21,154.7820587158203,156.5892470651777,154.27641060472516,156.25215308707462,1540700
2020-07-22,154.35133361816406,155.29707711340188,152.00104844398672,155.00679021177106,1686500
2020-07-23,151.2425537109375,154.93185543891678,150.5589930194515,154.7445699252677,2408800
2020-07-24,149.38856506347656,151.19576782165572,148.3679244987632,151.19576782165572,2247900
2020-07-27,150.28744506835938,151.448549476075,148.49897422443644,149.44471744667865,2709700
2020-07-28,152.30062866210938,154.8850199205915,151.08335866179067,151.38298973809336,3483100
2020-07-29,151.45794677734375,152.6565000199392,150.84931159354574,152.18831471305404,3108900
2020-07-30,143.26467895507812,148.41471643385546,140.87693144825099,148.36789505374526,6638100
2020-07-31,140.72711181640625,143.58304461086666,139.27574901648987,143.38641481314616,5342700
2020-08-03,143.11488342285156,144.06062690182813,141.59796757688852,143.0774348843817,3615000
2020-08-04,144.99693298339844,146.07375301160297,143.34891226671948,143.6204676292975,3260000
2020-08-05,144.51943969726562,147.46901575637568,143.5456205281127,147.30046161316957,2386400
2020-08-06,143.1522979736328,145.6055836207165,141.3919172136861,144.0605783199562,2176200
2020-08-07,143.1991424560547,143.7328805318476,141.9350507765487,143.22724671762137,2017100
2020-08-10,143.26467895507812,143.72350561955116,141.8882132495382,143.19912616534805,1745200
2020-08-11,141.0454864501953,143.39577115263168,140.6428397241589,143.39577115263168,2103400
2020-08-12,142.84332275390625,143.42386789227777,141.0174031349313,141.19530152826326,2430400
2020-08-13,141.5730743408203,142.73042027198815,140.9426353099729,141.91181148622644,2077700
2020-08-14,141.22494506835938,142.73044696449733,140.34046378119308,140.95208020791856,1538000
2020-08-17,142.57986450195312,143.6807566140076,141.47897238989862,142.00589363763132,2704700
2020-08-18,144.0665283203125,144.10415939513652,142.22228978837,143.16322459175328,1959700
2020-08-19,143.29495239257812,145.28974390410283,143.03149180082445,144.72517728890188,1938800
2020-08-20,142.40110778808594,143.82192891005656,141.94005879992184,143.53964552203044,1830200
2020-08-21,140.44390869140625,142.4104731336595,139.21128652688728,142.40105459780798,3112000
2020-08-24,140.68856811523438,141.51658093373672,139.4935769602905,141.18726238510763,2268400
2020-08-25,140.83909606933594,142.37282419278114,140.49095483199883,141.4789391179143,2216100
2020-08-26,140.44390869140625,140.63210711814662,138.7031881042511,140.37805072806646,3029700
2020-08-27,140.17105102539062,142.02469363373132,140.14282413145853,141.68595654902123,3146100
2020-08-28,138.63735961914062,140.34044967396233,138.29862244443646,140.04876212081987,2102600
2020-08-31,139.62533569335938,140.00170392775283,138.34566359588274,138.64676966941974,4430700
2020-09-01,138.59967041015625,140.38744041951267,137.98805430141235,139.83229244747832,2358700
2020-09-02,140.7168426513672,141.14026056154586,137.85639199710317,138.11985266821569,2406800
2020-09-03,140.21810913085938,144.3111669318034,138.75025312734698,143.20087074979688,4226100
2020-09-04,141.99647521972656,143.5678346250618,139.21130187272334,139.98287530634494,4361800
2020-09-08,140.49095153808594,142.37282085474644,139.7287967620422,142.0340838034466,4351200
2020-09-09,142.99388122558594,145.0168855646011,141.43192580947078,141.7236133380469,2328500
2020-09-10,137.58352661132812,141.70482679817874,137.11305907794443,141.02735240150383,3961300
2020-09-11,139.34303283691406,140.3780668729286,138.2045097548239,138.84433853525047,3001400
2020-09-14,140.19927978515625,141.62008610957196,138.75965074536035,140.28396046807953,3072500
2020-09-15,141.2154541015625,142.8997205704858,140.59443387424142,141.10254655387553,2923500
2020-09-16,142.04351806640625,143.66191264900706,141.88354652215682,142.75862331720776,3618800
2020-09-17,143.46434020996094,143.66192849166433,140.6321314311747,141.26255606867755,3620700
2020-09-18,145.06393432617188,145.3744445714608,143.05973836000123,143.05973836000123,13209800
2020-09-21,142.25051879882812,144.58404748333166,140.25574158040578,144.12298425410958,3501600
2020-09-22,141.0084991455078,142.61750407857264,140.3404290754565,141.99648362317734,2926400
2020-09-23,140.96144104003906,142.63630384671563,139.91700283070472,141.18727056226905,3545700
2020-09-24,140.0205078125,140.8203081499143,138.6655593788939,140.44392560862042,3424200
2020-09-25,141.38487243652344,141.5166027477856,139.11723024676255,139.62532877376597,2440600
2020-09-28,139.35244750976562,142.62689654400225,139.1642490665991,142.08115264537525,2427100
2020-09-29,137.62112426757812,139.67236968078498,137.31061404806638,139.23953333789783,3308300
2020-09-30,139.27719116210938,139.68178628692004,136.49201747592602,137.75286682548682,5083900
2020-10-01,135.76748657226562,139.92643134752214,135.55107557148045,139.56887150120394,3809200
2020-10-02,136.63314819335938,138.26096137210604,134.80773238992614,135.18410056572606,3880000
2020-10-05,137.96926879882812,138.75965055340205,135.6639671450332,136.50141286675506,2790600
2020-10-06,135.61692810058594,139.0983837524478,135.4287296673572,138.25153387549244,2409200
2020-10-07,140.16163635253906,141.03669871396713,138.17626360198722,139.74762279583268,4602800
2020-10-08,144.43348693847656,144.84750053374526,141.61068263349003,143.39845295030477,4686100
2020-10-09,147.61386108398438,147.86790315128374,144.96983650245508,144.98864486168205,4590600
2020-10-12,145.36502075195312,147.86789637950122,145.29914842509703,147.566804712871,3242700
2020-10-13,141.2154541015625,145.21442580071832,139.77582543846813,143.96298116960935,5963900
2020-10-14,139.6912078857422,141.70480808846142,138.98550667884254,141.49780125250197,2710200
2020-10-15,138.11038208007812,138.23270817482424,136.79307935790024,137.85632571311422,3785900
2020-10-16,137.48941040039062,139.61593257776755,137.3765028007168,138.42094117028364,2918900
2020-10-19,134.36549377441406,138.70320382394206,133.81034568217603,138.31741710593565,3158900
2020-10-20,135.1088409423828,135.6075352985215,133.7162612888745,134.89242993213125,2188700
2020-10-21,132.9635009765625,134.86419338824166,132.86941610634705,133.88561310682164,1983700
2020-10-22,133.2834014892578,133.85737226060564,132.4836155669042,133.1704939137549,3056600
2020-10-23,133.9702911376953,136.15325224026427,133.3492707715455,133.83856085010515,2427200
2020-10-26,133.33047485351562,133.88562300868125,131.7779379836382,133.51865896539056,2947100
2020-10-27,124.10929870605469,128.04241377315927,124.08107180967215,125.16315548193177,11374600
2020-10-28,123.55413818359375,126.17935414355037,122.61320344533469,122.75435227058836,6188000
2020-10-29,124.72090148925781,125.26664535624448,122.67907484550273,124.20338451560454,4099900
2020-10-30,122.7543716430664,125.2384391697924,121.57820303462556,123.97757550982332,4335300
2020-11-02,123.85527038574219,126.03823197426743,122.31213766293939,124.71151026692633,3449500
2020-11-03,123.24363708496094,126.1511365522971,122.980176487423,125.74652711909727,3628400
2020-11-04,139.8134765625,143.0032444600219,126.94149740852525,126.94149740852525,12211700
2020-11-05,136.92481994628906,140.02048875540197,136.1532466097939,138.95722796255708,5731000
2020-11-06,134.30902099609375,138.6843615021899,130.88401934528832,136.48257780328436,6229800
2020-11-09,133.92327880859375,136.20033976079304,132.2954652965002,134.12086711621725,5493800
2020-11-10,137.90341186523438,140.38747934080257,135.29701826249894,138.881992167519,5377000
2020-11-11,136.20973205566406,139.03253677846817,134.90183310839925,139.03253677846817,3046800
2020-11-12,133.38186645507812,135.6800937586241,132.27531791311034,135.17882266552903,3463400
2020-11-13,134.65866088867188,135.44365127546783,133.65614756594107,134.70593781682967,2142700
2020-11-16,132.96572875976562,136.47453990751885,132.4077282257541,135.30178054796664,4957600
2020-11-17,133.54261779785156,134.26141167778837,131.0930788564623,132.0010237038006,3619200
2020-11-18,132.5685272216797,134.6965088878367,132.53070278627524,134.2047046397833,2795100
2020-11-19,135.6328125,136.0867778361107,131.38630209188966,132.64417730540072,4626100
2020-11-20,137.6000518798828,139.1132748844146,135.0937532787399,135.0937532787399,5063800
2020-11-23,135.6044464111328,137.72296102512678,133.50483679812203,137.64729772729865,3794200
2020-11-24,137.04202270507812,137.74189747297163,135.34910130485093,135.61391566431328,4127000
2020-11-25,136.90011596679688,137.4581164301973,134.87617009728567,137.04197559942568,3223700
2020-11-27,139.44427490234375,139.89824027859575,137.47707236351965,137.75133920319504,1754000
2020-11-30,137.75128173828125,140.13462422413232,137.0419548201,138.4038648120149,5842200
2020-12-01,137.66619873046875,140.0306223537079,137.38246500942074,138.73492282618776,3954400
2020-12-02,137.2878875732422,139.11321556170518,136.5501886064618,137.4770385642354,3757400
2020-12-03,136.29486083984375,138.55524965977168,135.36801065080155,137.79863107571106,4059600
2020-12-04,140.39950561523438,140.65486746869897,136.1908334403179,136.2570442447087,3058600
2020-12-07,139.42535400390625,140.2860078114653,138.53632826258584,139.31186626886074,2637200
2020-12-08,141.20338439941406,141.9978272886895,138.94299594909432,139.0091923075522,2754400
2020-12-09,149.4315643310547,150.32058987089232,145.34583361979125,146.20648723229755,8364400
2020-12-10,152.26885986328125,153.21462917920226,149.60178346536267,151.2001359182763,6430600
2020-12-11,151.3609161376953,152.4390925889096,150.43406624170626,151.05827745853944,3441900
2020-12-14,149.3464813232422,153.48894236693837,149.2708180233223,151.97571966243754,4390100
2020-12-15,158.35015869140625,159.1067770736621,149.4788518141247,150.78400373143836,6974300
2020-12-16,162.71966552734375,163.79784231371187,157.70708366986776,160.48764865347476,6009900
2020-12-17,163.26820373535156,164.46932068582953,161.82117746328112,162.41700247270538,3521100
2020-12-18,162.10491943359375,163.51412146991848,159.83507794535146,163.16419130190036,7356400
2020-12-21,159.62698364257812,159.83505409827498,156.80859442172704,159.7215663701851,3655900
2020-12-22,157.67869567871094,159.25812904685583,156.87478581342813,158.61501269966766,2447900
2020-12-23,156.5059356689453,158.8892788931052,156.49648316904023,158.36910277237422,1697300
2020-12-24,157.62197875976562,158.8325627989446,156.85590762589612,156.85590762589612,627200
2020-12-28,157.47061157226562,158.5109637275439,156.25057534589055,158.14211422363547,1482000
2020-12-29,157.54624938964844,158.65279772248516,156.91258569979976,157.59354074020604,1712000
2020-12-30,157.9530029296875,159.2581698206962,157.64089717612885,158.3596914320705,1413300
2020-12-31,159.6837615966797,159.96749540877536,157.27204584081812,158.00975952478737,1643600
2021-01-04,156.5248260498047,160.28898398897095,154.25498540226505,159.8539381733184,3164800
2021-01-05,157.3003692626953,157.62192738645072,154.3495590015591,156.23164525170753,2322600
2021-01-06,155.4088897705078,158.20836010436824,154.1320948558337,154.14154735791467,3619700
2021-01-07,156.83697509765625,158.05701153653584,153.00660531679418,155.27644659292784,3025500
2021-01-08,157.38548278808594,157.81107611417028,155.71146697877273,157.20578430053374,3438100
2021-01-11,175.85635375976562,179.03413932612438,172.14893967089623,174.9673282692821,11396500
2021-01-12,169.1035919189453,174.2485803819675,167.81734480318977,172.87720304220136,7179300
2021-01-13,175.44027709960938,177.44530421987457,169.61433235882728,170.07776470115093,7303900
2021-01-14,176.5657196044922,178.7126205238284,174.57014527667263,175.22272857520244,4413200
2021-01-15,180.42445373535156,181.37967574662395,176.66974762048966,176.66974762048966,6624600
2021-01-19,187.71630859375,188.69991686239732,183.54547646037508,185.37080449599213,7729100
2021-01-20,190.34555053710938,190.82790218307395,187.90546367274163,187.99059388933884,5335800
2021-01-21,191.37643432617188,193.61790307446415,187.27178436692304,192.65321429377207,8698800
2021-01-22,194.96092224121094,195.33922426498287,189.68352675119863,191.0832615567114,6128800
2021-01-25,200.83416748046875,201.0043990705516,196.80518000626589,196.9470540959662,5959100
2021-01-26,201.18408203125,201.66641926380913,199.17905538065506,201.02330295373028,6601500
2021-01-27,196.31336975097656,200.52204087621507,193.97731807773138,199.62356279372761,7358000
2021-01-28,198.72509765625,200.35182247300276,196.31339679504762,196.7200707835866,5460400
2021-01-29,196.6916961669922,206.17776368092734,193.37205021308498,200.46532189935542,8401700
2021-02-01,192.1236572265625,198.5076027329903,192.08583278814845,198.10092868701244,5383800
2021-02-02,186.8462371826172,194.73395206978455,186.64763365099782,193.2963926889728,5314600
2021-02-03,186.2787628173828,189.71189621072878,186.21255202687158,187.08265821525305,3679000
2021-02-04,190.68606567382812,190.93197501042437,185.03036740160096,186.13691612238676,2924300
2021-02-05,190.8279266357422,191.91555584852418,189.957820379257,190.68605254409795,2732200
2021-02-08,194.6110076904297,195.23520463637567,190.96033658740765,191.40484943805453,2909300
2021-02-09,190.77117919921875,193.83546325569822,189.45656012320245,192.7005427002874,2661300
2021-02-10,193.3058319091797,194.4029280175576,190.70496572522896,193.38149520265034,3062700
2021-02-11,192.3940887451172,193.91363054484734,191.48235207202887,192.6695008959881,3544700
2021-02-12,196.86729431152344,197.75054073777218,191.0360187745226,191.5108783931434,2611300
2021-02-16,195.41419982910156,197.05722433150373,193.3723095290657,195.62313919366642,2741900
2021-02-17,196.0790252685547,196.29745661896288,193.99913797763827,194.7019208854466,3329900
2021-02-18,191.0075225830078,195.09131807801597,190.84607205654487,194.97735641029274,3919400
2021-02-19,190.81756591796875,192.67902178961637,190.25723510907565,191.0170133116168,3434900
2021-02-22,190.5896453857422,191.4728917925828,188.00642244944814,189.16506656118298,2263600
2021-02-23,192.29913330078125,194.03712111921342,188.69019755990615,190.23824444283215,3287700
2021-02-24,194.236572265625,196.07902980784027,191.4918843936883,191.52986678489603,2848800
2021-02-25,193.57176208496094,195.21477213964363,191.60583650906588,193.3343322999435,2386700
2021-02-26,194.58795166015625,196.5823676266467,191.9002447874935,196.30694096410386,3887900
2021-03-01,196.0885009765625,197.76950781754167,194.48347340150164,195.43319248813523,2797400
2021-03-02,193.87567138671875,199.3935374629184,193.83768899608907,198.38683745823982,3445300
2021-03-03,191.84327697753906,194.03712599462193,189.6684264019535,193.1443876345909,3660300
2021-03-04,190.45668029785156,194.44551249562812,188.6237292141044,193.54326767040047,4308400
2021-03-05,196.5159149169922,197.22820438872998,190.779616747553,190.9125768692814,3875900
2021-03-08,196.62034606933594,200.28626241146108,195.9460536169047,196.59185565537766,3300300
2021-03-09,195.7466278076172,201.49243195152297,195.69913894859678,197.86449759752801,4227300
2021-03-10,195.1197967529297,197.57956587703126,194.113096771116,196.4873946495687,3400200
2021-03-11,194.89187622070312,196.82929694096273,193.9991378869768,196.12649954191843,4037300
2021-03-12,197.61753845214844,197.9784363225847,192.10916515333454,194.58793241322266,4541400
2021-03-15,179.64889526367188,183.46675618192535,178.73715841522048,183.30530564980108,12388500
2021-03-16,181.30136108398438,181.98515996019802,177.81589390494239,181.90918069711176,6194200
2021-03-17,177.34104919433594,180.28518429573907,177.17959868112612,180.19020658605618,5134200
2021-03-18,174.68185424804688,177.68297054831717,174.55840060012852,176.66677848904044,4240000
2021-03-19,175.02374267578125,176.45782792340685,174.63436882252284,175.41313102060442,6048600
2021-03-22,176.4958038330078,176.56229112963754,173.98854584992287,174.79581292622106,2666600
2021-03-23,174.4443817138672,177.27455481240457,174.03600949337962,176.03042522144293,3284700
2021-03-24,171.11090087890625,174.59636848890932,170.77850786481312,174.46340838495917,3931500
2021-03-25,173.88409423828125,174.4064427247966,171.15840462441804,171.89918448108864,2630500
2021-03-26,175.99246215820312,176.56229947329064,173.44722166502598,174.7958211863972,2868200
2021-03-29,176.970703125,178.23383162035796,174.28299558110461,175.37518154659048,3002600
2021-03-30,176.1729278564453,177.4645466672927,175.42265599550217,176.2014182757491,2523600
2021-03-31,177.4265594482422,178.49024038417397,175.94498522689534,176.23941037097336,3621300
2021-04-01,175.9259796142578,178.61368653325167,175.37514077124058,177.42653760215353,2340400
2021-04-05,175.5935821533203,176.55279332751013,173.89359116310965,176.25838269442042,2864800
2021-04-06,173.6086883544922,176.29639567247898,173.31427769452455,175.40365722511498,2488400
2021-04-07,173.15281677246094,173.96956139742852,172.1081198240239,173.70364117265643,3406600
2021-04-08,173.42825317382812,174.71987208506118,173.29529304288798,173.75115427874454,2393200
2021-04-09,175.2136993408203,175.8310110203747,173.23828167805553,173.35224334404958,2611200
2021-04-12,172.6779327392578,174.6913325825461,171.78519447166747,174.20696656969076,2876100
2021-04-13,173.35220336914062,174.40639201118515,172.07007695610542,172.07007695610542,3089100
2021-04-14,173.7986297607422,175.1947182738833,172.89639933516088,173.40924137455914,2002100
2021-04-15,176.57177734375,178.28127466089305,174.18798756556626,174.54887097750043,2586600
2021-04-16,179.73434448242188,180.73155246240725,177.48351479251838,177.95837435521963,3731800
2021-04-19,180.10476684570312,181.28242399056967,178.61371508550548,179.72488492365144,2966400
2021-04-20,181.02597045898438,183.77065826372578,180.60809170810649,180.83602952446654,2460900
2021-04-21,181.34884643554688,183.3052653246882,180.25667534432716,181.9281756252835,2219800
2021-04-22,177.64498901367188,181.65280541708594,177.3600703397126,180.4466579092123,2982600
2021-04-23,179.23098754882812,179.6203758531052,177.6259599705433,177.6259599705433,2482800
2021-04-26,177.80642700195312,179.16451848075772,176.70474926921074,179.08855369852319,2797500
2021-04-27,173.04830932617188,176.52426993212563,171.6996955627369,174.7482999987857,6838700
2021-04-28,171.47181701660156,172.84890705914418,169.60086889625148,172.32655856257531,4682800
2021-04-29,173.038818359375,173.44720511090904,170.94943922274308,171.9561391572935,2432500
2021-04-30,173.5801544189453,174.70081593936635,172.07959658447788,172.69690816890468,3103900
2021-05-03,176.57177734375,176.98016410163928,173.72261997903286,173.78910727349353,3197000
2021-05-04,178.73715209960938,180.52262884847286,177.3885525628424,178.10084196905092,3703500
2021-05-05,183.11534118652344,183.8371369922374,178.70864504991604,179.16450616982337,4274400
2021-05-06,184.1410675048828,184.34051492659836,179.8008580043097,181.91872790524846,3101600
2021-05-07,185.59413146972656,186.40139861742946,184.1505541725158,185.0243086227294,2526700
2021-05-10,184.96731567382812,186.72430208068218,183.77067463733934,186.3064232925721,2242000
2021-05-11,184.95779418945312,185.9075132867032,183.30527774327516,183.66617563753047,1850200
2021-05-12,183.4857177734375,185.8125265503102,183.03934866009735,184.95778520094885,2397400
2021-05-13,185.95639038085938,187.07247037226432,182.91339596267508,183.39035397040044,2174300
2021-05-14,187.16786193847656,188.17901055431307,185.9373021659187,186.690903945678,1823700
2021-05-17,186.51918029785156,190.41115903202538,186.0994549604992,187.42539751862492,2466000
2021-05-18,185.66067504882812,187.3014117271878,184.6590603414244,186.0136193097254,2369400
2021-05-19,187.45404052734375,188.29349132159462,184.21073173145382,184.68768976353198,3070500
2021-05-20,190.33485412597656,191.81342680455143,187.12969585430312,188.07407791353285,3494400
2021-05-21,190.6687469482422,192.61472930839778,190.2776378698508,190.78321221777958,2579000
2021-05-24,191.75621032714844,194.23638334810954,190.82136210894552,191.73712793039223,2074900
2021-05-25,190.03912353515625,192.5479269673436,189.96280851778008,192.14726948721835,2919100
2021-05-26,191.7275848388672,193.11076014764967,189.11384972123994,190.04868333912282,2891300
2021-05-27,190.0200653076172,192.09960976767965,186.49057899981548,191.40324060391208,9340300
2021-05-28,190.53518676757812,192.95812699913967,189.38094200500552,189.9437489507379,2386000
2021-06-01,189.27601623535156,191.6321899853033,187.61619710919018,191.0884654191009,3070200
2021-06-02,189.95327758789062,191.66078064229643,189.11382693914507,189.83879778222436,2030300
2021-06-03,193.3587646484375,194.25544799117696,189.45725181559274,189.81974454281146,3066600
2021-06-04,192.71011352539062,195.02812240823425,192.01374436850088,193.4446183620398,2817700
2021-06-07,212.26539611816406,222.57722593011084,192.52887140313914,192.68150145916061,17231400
2021-06-08,210.52926635742188,212.02692152150902,207.35272420900841,211.49273086993261,4618500
2021-06-09,215.58502197265625,216.2813765963795,210.10953874094412,211.14931827200888,4934900
2021-06-10,222.7775421142578,224.98110035911253,215.82350069521772,216.51032139779002,5598200
2021-06-11,213.7630157470703,219.00955332492867,211.3496096257036,216.56753089031272,5636000
2021-06-14,215.680419921875,216.2146105690766,212.74235680666268,213.89658705030828,2720700
2021-06-15,213.2193145751953,216.2146103197823,212.59926042386277,215.68041967319664,2188900
2021-06-16,210.5864715576172,214.0205746641099,210.0522809756298,213.22882271023514,2548800
2021-06-17,211.96966552734375,212.81865012409165,210.1190662914748,210.1190662914748,1890700
2021-06-18,208.47833251953125,210.86312238007127,208.25893592793017,210.27168459684788,4016600
2021-06-21,212.408447265625,213.4577605559282,208.02997686950755,209.00297514273404,3671300
2021-06-22,211.2351837158203,213.30517990813632,210.34803417305372,212.37034620480753,1658800
2021-06-23,207.0951690673828,211.99829671675715,206.99977164530506,211.9505980057183,2419600
2021-06-24,222.2338104248047,228.3388669679594,219.80132172747167,224.09394370314067,12290500
2021-06-25,219.61056518554688,222.72987490071736,218.8188130777523,222.37691604674345,6992200
2021-06-28,217.7027130126953,219.286217082975,216.42446905236972,218.44676633620443,2507500
2021-06-29,218.79969787597656,220.7361460996068,217.3497561048382,217.73131666448464,1621200
2021-06-30,218.94277954101562,220.21148942366307,218.50397182636408,219.48650403037803,1786700
2021-07-01,220.4786376953125,220.8315820022742,218.12246371209253,218.93328368154573,1977300
2021-07-02,223.17820739746094,223.41668641202858,220.66940350641593,221.279909201485,1994000
2021-07-06,224.57090759277344,224.7235376492578,222.4818291809044,222.86340432211526,3125400
2021-07-07,224.95249938964844,225.68700429910643,222.70125683443223,223.86502107338222,3141500
2021-07-08,226.19261169433594,226.33570786213315,221.40396270200551,223.0542337035662,2431500
2021-07-09,224.16073608398438,227.4803598365655,222.02395890860603,226.2402660701013,4030100
2021-07-12,225.1337127685547,227.03201087259055,224.3133444159506,224.33242681176088,2928600
2021-07-13,224.45643615722656,225.74421401494956,223.2449587700447,225.10509204604654,1974000
2021-07-14,225.45806884765625,226.29750509100208,223.91271491726172,224.92386362203098,2103400
2021-07-15,220.80294799804688,225.11465259501335,220.05889464774074,224.17980439131287,3611200
2021-07-16,221.74729919433594,222.30055761408292,220.55490430494706,221.78544942633167,2229100
2021-07-19,223.3498992919922,223.50252935055389,219.94442662450493,221.19405429832136,2305600
2021-07-20,224.1893310546875,226.7935175273828,223.15910008013057,224.17024866008396,2297800
2021-07-21,226.354736328125,226.4310513598858,222.82524980391102,225.4866837725044,1651500
2021-07-22,227.49942016601562,228.65365031443162,225.47710845411274,226.34517546199734,1703500
2021-07-23,232.89857482910156,233.28014994485304,227.5661881285448,228.25300878129514,2448100
2021-07-26,232.0019073486328,233.97650581957984,231.39140171563437,231.39140171563437,2678800
2021-07-27,232.35487365722656,232.81274928654733,231.4772726361935,232.47888740176077,2116500
2021-07-28,235.14981079101562,236.9527113174632,231.45816079771868,232.1545153514254,1688000
2021-07-29,234.0242156982422,236.8001147714144,231.07661873053306,236.09421168635524,1924100
2021-07-30,232.278564453125,234.61565592767215,231.44866212498727,233.61404113697932,1905100
2021-08-02,235.2357177734375,236.46626314681833,232.9940091000792,234.40580086265982,1958900
2021-08-03,244.1929931640625,247.41721975667375,232.2785755674241,233.4709707192076,5406200
2021-08-04,250.3743133544922,258.1773386142107,243.64920318943877,244.20247617118633,3892400
2021-08-05,252.01504516601562,253.2742211467806,249.28683054102484,251.14697819948233,2262400
2021-08-06,251.2996826171875,252.0914202434171,248.7240972679564,251.36646373696433,2155200
2021-08-09,254.84815979003906,260.4571895976462,252.31074015749292,252.3870406159088,3238500
2021-08-10,257.03271484375,258.58757369415525,253.91339044355854,254.457129628518,2060200
2021-08-11,251.92922973632812,258.45401189831216,250.55558832209917,257.1662194335716,2813300
2021-08-12,252.1396942138672,253.16368676818124,250.24483194370433,251.88131585187938,2100900
2021-08-13,252.84791564941406,254.26428030303816,251.70908802495444,251.8335021830351,1482300
2021-08-16,258.33154296875,258.6377887458822,252.90536195003236,253.4891447880159,2623200
2021-08-17,260.982421875,264.006533329336,255.6902341312135,259.49908946782523,2096100
2021-08-18,256.9726257324219,262.9443022662406,256.50370690975586,260.3125625460063,2527400
2021-08-19,258.7717590332031,260.1594151645,254.01548689079007,254.70452530274628,1901000
2021-08-20,259.259765625,261.13546943217403,257.4893173494889,257.79556305010436,1536800
2021-08-23,256.302734375,261.17384162495534,256.18789950155616,260.59005874467334,2438800
2021-08-24,251.46986389160156,255.93904869254627,250.5224470635735,254.75238283075728,3736000
2021-08-25,252.52256774902344,253.14460940134748,250.05353054872646,251.47944545708216,2388500
2021-08-26,250.0822296142578,254.16859247602895,249.37403263575536,252.6469721709872,1732900
2021-08-27,248.5797576904297,251.81440945082238,247.46005930983003,251.23062659446705,1839700
2021-08-30,251.0296630859375,252.71398569127058,248.4457617441384,249.80470915620583,1300700
2021-08-31,247.18252563476562,252.30246050285558,246.77099512448802,251.53684611587616,2733400
2021-09-01,246.33078002929688,247.64185995880473,243.5459325923759,247.4217695563105,2956800
2021-09-02,248.40748596191406,248.5606088433248,245.44079219563832,246.34037087067426,1469700
2021-09-03,248.36915588378906,249.76636178291778,245.73741704090776,249.61323892743542,1124500
2021-09-07,243.8426055908203,249.60372611626457,243.46937770144942,247.8619862307995,2403700
2021-09-08,243.880859375,244.713455832414,242.77074050018146,243.65118967855494,1542400
2021-09-09,229.6790771484375,243.09616732725408,229.3632666650461,242.39754962038714,4976600
2021-09-10,229.20053100585938,233.40174266023442,228.31053177779833,231.78441716139722,4633500
2021-09-13,227.72682189941406,230.77962750750427,225.0376503145071,229.71736114269567,2832800
2021-09-14,223.06622314453125,229.47809425785763,222.00395686228242,228.4541159980441,3826000
2021-09-15,223.67874145507812,229.08577931997604,223.03755568540228,223.53519785089873,2802500
2021-09-16,221.10435485839844,224.59739910595653,219.85069240394955,224.01363094748027,2958700
2021-09-17,220.20481872558594,220.90342182245362,218.41522600531616,219.83159081327554,4480000
2021-09-20,221.6785888671875,222.72171117201682,217.51564974988543,218.28124959477577,2803400
2021-09-21,220.2717742919922,223.6691131162238,219.8602730086782,222.0804962031036,2172800
2021-09-22,218.48219299316406,221.0947880235701,217.79315469463495,220.10908329701323,2529600
2021-09-23,222.1953582763672,224.12849458094968,219.16168224439397,219.43921930432535,1912300
2021-09-24,221.7168426513672,225.26730449882214,221.39146749195223,222.759979466411,1642500
2021-09-27,216.66387939453125,221.12348407052332,215.9078590116534,220.08036197926924,2785900
2021-09-28,212.07032775878906,216.66389705687638,210.73052454467972,216.65433235343727,3583300
2021-09-29,220.45358276367188,221.48714011918713,214.9030034555783,215.71645583617612,3971000
2021-09-30,221.11395263671875,226.96119941327453,220.874703610841,222.76955180706418,3786100
2021-10-01,219.71670532226562,221.71682343203338,215.75474251709605,221.06607316961322,2215700
2021-10-04,215.18055725097656,220.29091240558785,214.5776450958752,218.00369254108278,4784700
2021-10-05,220.9990997314453,222.55900802869786,216.44380360663973,216.7021966392905,2802000
2021-10-06,218.05157470703125,220.92256310553014,216.3289787474115,220.64502604955138,2462700
2021-10-07,223.15234375,224.04235771699595,219.1521070583582,219.26694191760868,2001800
2021-10-08,223.87966918945312,225.66924721737797,221.59244910253574,223.38202713046059,2563000
2021-10-11,223.6212615966797,227.75549147436487,223.5542794676268,226.5209584125836,1892300
2021-10-12,222.76959228515625,224.96112193786257,222.00399234271472,224.60702338545332,1719200
2021-10-13,226.2721405029297,227.68849051877967,222.78867558658493,224.00406461640367,2105700
2021-10-14,226.51138305664062,228.18612603801031,224.04233165179502,226.81761417988199,1824700
2021-10-15,227.65023803710938,229.00917075334127,225.67882839803207,227.2100134038447,2598300
2021-10-18,228.7029266357422,232.22467991938743,226.52097666974748,227.71722180911308,2546000
2021-10-19,231.8897247314453,232.119409054439,228.77948737858927,228.77948737858927,1573200
2021-10-20,233.23912048339844,235.32536523890798,232.58835545883534,233.24868518868485,1537500
2021-10-21,230.79873657226562,234.41618048788598,229.5163653646332,234.41618048788598,1717700
2021-10-22,233.26780700683594,233.54532945977095,229.2579908802303,230.5977942256257,1960700
2021-10-25,234.51187133789062,235.6794076192151,230.17668065165796,234.13864348419511,2763100
2021-10-26,237.75608825683594,238.21544224749047,226.89417783039596,233.98552168548815,4533000
2021-10-27,239.4116973876953,243.51721857354852,237.64126347663705,237.9187859028762,3181300
2021-10-28,242.4549102783203,245.70869040565188,239.3255296847185,239.4020911068743,3386500
2021-10-29,243.80433654785156,245.44080640715507,240.94292737414085,242.86648439946026,3152000
2021-11-01,238.5886993408203,245.45037434275164,237.38288949161074,244.13927973407732,2735800
2021-11-02,245.804443359375,248.14906617855445,238.6748110445841,240.44525959307597,3987800
2021-11-03,254.8097686767578,255.31697539725062,246.6753025372164,246.6848526378441,4382900
2021-11-04,259.3459167480469,259.45117228985436,253.86231913835815,254.063309326682,4133400
2021-11-05,253.60400390625,257.9009076833725,247.44094577679095,257.42240956279466,3745700
2021-11-08,249.32614135742188,255.43177988936188,248.00548233888975,252.6373390032449,2386100
2021-11-09,250.75209045410156,250.8860839174326,247.27821938112086,249.32617570831385,1963800
2021-11-10,253.26902770996094,254.56097836601745,250.3502011062672,250.7329937289345,2215100
2021-11-11,251.33590698242188,252.9532328344428,250.68515660077702,251.03924050828363,1739400
2021-11-12,249.2908477783203,252.0463399127378,248.59957214215734,251.33587275613712,1964000
2021-11-15,248.1195526123047,249.2524677657248,246.90023165566117,249.04127311342427,1903200
2021-11-16,247.4378204345703,249.96289676878197,245.77684584914493,246.70813256003785,2565700
2021-11-17,250.7598114013672,253.9953553316348,245.8536968483577,246.56416402354088,2873600
2021-11-18,250.90379333496094,253.27524976039882,249.4540572133572,251.54707546576006,1689200
2021-11-19,250.29901123046875,259.9960338013939,249.91494636426393,255.8003859084226,2786800
2021-11-22,250.04933166503906,253.457687012642,248.79159855592158,251.75831454384206,1995400
2021-11-23,251.50869750976562,252.2767978679614,248.90682530270314,249.1180492387029,1986200
2021-11-24,251.54708862304688,254.3697949386209,249.6748752892373,252.28635768663807,2518500
2021-11-26,249.9821014404297,255.27228020910187,248.69556648344428,251.35504218183627,1495500
2021-11-29,244.6631622314453,251.85434229627666,244.34632633713198,249.64608679651136,4041700
2021-11-30,238.14404296875,243.86626572870594,236.64628399567852,243.16539434259232,8265900
2021-12-01,239.19056701660156,245.11440329323,238.0000335152149,239.48819672944438,3241400
2021-12-02,237.99046325683594,240.00667184214666,235.34056818754618,236.68472189443696,3817700
2021-12-03,235.78219604492188,243.36700708721506,233.381937531536,242.0708762799959,4169700
2021-12-06,236.5022735595703,237.0879372227396,231.8937742846335,236.1086276474369,3491200
2021-12-07,235.33096313476562,235.6477990392369,231.8169809033748,234.49567780026086,4035800
2021-12-08,234.57247924804688,238.27846445856468,229.9159717088993,236.77110967734578,3636200
2021-12-09,233.20912170410156,236.09904245914828,233.06511204688022,234.73569732072767,2291100
2021-12-10,234.399658203125,234.83170183024106,231.57695168594296,231.57695168594296,2380800
2021-12-13,238.614501953125,240.69792461785488,235.666992069849,235.7149855208672,3016700
2021-12-14,239.43060302734375,240.03545823877815,236.55988843809772,237.85603395548685,3424000
2021-12-15,264.2972106933594,264.54684690417184,246.94813864243793,251.6142554828741,10016700
2021-12-16,267.9073181152344,272.57340757102946,261.19617399296015,264.6717736547281,5546400
2021-12-17,256.7508544921875,265.6318106091631,254.74421267740712,265.6318106091631,7582900
2021-12-20,252.9680938720703,259.2375688808268,249.96296507292038,258.48868928391687,3479400
2021-12-21,254.3122100830078,255.33952782089244,250.17416649960003,253.4673143471787,2702500
2021-12-22,255.86758422851562,255.9251880948458,252.36321229327254,254.17779268274052,2721000
2021-12-23,262.20428466796875,264.2876929579106,256.04040700133925,258.31584772078463,2632200
2021-12-27,267.3023681640625,269.1169481982783,263.75958457818194,264.06682467181497,1677100
2021-12-28,265.4013977050781,268.2529062101082,264.88296292236936,268.1953023453628,1033900
2021-12-29,267.31207275390625,268.21454323437047,264.73897268819786,264.8157973886874,1112300
2021-12-30,266.18865966796875,269.45300527007674,265.3437640132992,268.0512625521185,1181500
2021-12-31,265.19976806640625,267.6096370286336,264.99815455204623,266.3998973424109,1315700
2022-01-03,260.8889465332031,263.462016998859,256.4052500911534,263.462016998859,2621300
2022-01-04,256.16510009765625,259.11262358142795,253.0639566052818,258.2677281841234,2340500
2022-01-05,250.2509765625,258.04701245485427,250.03017150497968,257.4613633718239,3004200
2022-01-06,248.983642578125,250.87504775766962,245.2680611500609,249.72294106913657,2863200
2022-01-07,249.14683532714844,250.82701629756272,246.46813860459358,249.37725076993823,2245100
2022-01-10,249.7324981689453,249.78052092220554,245.68087502544208,247.88911592451922,2576700
2022-01-11,251.8543243408203,251.9407301285595,246.80417121273564,251.15343832911856,2294000
2022-01-12,245.70968627929688,247.16904770318612,240.95717687816304,242.81016960354785,6562800
2022-01-13,239.70901489257812,245.30641949062033,238.6337037691173,243.93347865620268,3726500
2022-01-14,234.38043212890625,240.54429406238637,233.20910483484772,240.16985433068012,2894300
2022-01-18,237.21278381347656,238.60493098803107,232.43145773394804,233.0651295734061,3241200
2022-01-19,235.27333068847656,240.41948527074493,234.9660905820655,236.50226181409158,2487600
2022-01-20,233.42996215820312,238.0576532816348,232.82509228200135,235.78221273785306,2655400
2022-01-21,233.3627166748047,237.99042182937663,232.46021718656772,237.03031848444613,2788600
2022-01-24,230.8280487060547,234.03479042152088,223.39684340463157,232.87307355664336,3712800
2022-01-25,229.90638732910156,231.8937939281981,225.73952706357375,227.36210429980238,2525100
2022-01-26,228.37017822265625,232.75784281435006,226.49797966274284,230.06956521550728,2913200
2022-01-27,227.27565002441406,233.56432944978388,226.35394442794214,230.40558144886677,2178500
2022-01-28,235.3213348388672,235.43654255183145,225.67229332772374,228.01494782475916,3081100
2022-01-31,235.59974670410156,235.695762893497,232.26818710226775,233.5643324090381,3237100
2022-02-01,238.3744659423828,238.91212149101798,233.55474287423473,237.19354288734377,2449400
2022-02-02,240.82273864746094,241.83085015193248,234.29403256851904,235.56137609414395,2586700
2022-02-03,235.0429229736328,238.22086304538686,231.48094738233758,237.62560359509317,3473600
2022-02-04,232.60427856445312,234.36126972381015,231.59616696154114,233.03632220855346,3569300
2022-02-07,233.83319091796875,234.29403645765697,230.71285480234204,232.73867360494955,3948300
2022-02-08,230.33840942382812,233.19951344405854,227.99575479182147,232.24900580729724,2615000
2022-02-09,233.5643768310547,234.7069023120967,231.44254170197433,231.6345594672718,1759900
2022-02-10,230.0791473388672,234.35160396597377,228.61019050583965,230.32876891539013,2283100
2022-02-11,226.3347625732422,231.0296672353678,225.48027120201732,229.6855137935441,2054300
2022-02-14,226.2672882080078,228.37869435412017,223.54848722228198,225.60204904293994,2572000
2022-02-15,235.0889129638672,236.00481582326427,228.15694985878454,228.15694985878454,3409600
2022-02-16,236.76649475097656,238.15481761091024,233.87416036317256,233.87416036317256,2459000
2022-02-17,232.32186889648438,236.77605777676155,231.7819689971985,236.76642196112033,2059100
2022-02-18,231.6855926513672,233.7295039747978,229.47778416626258,229.47778416626258,2517900
2022-02-22,230.54795837402344,232.2158669377161,228.99573846803804,230.62508904955234,2936700
2022-02-23,229.7574005126953,233.9705629006111,229.47781466119687,231.91701548695588,2296300
2022-02-24,234.35617065429688,235.17565641191084,225.60203850590668,226.739682749831,3272300
2022-02-25,241.84735107421875,243.8237676793648,234.9828678884368,235.08892073110286,2442200
2022-02-28,240.97962951660156,241.08568235378007,235.81199208086778,237.3063676188661,3188800
2022-03-01,240.54580688476562,241.3556569724536,236.63151674976717,238.6754283171244,2873200
2022-03-02,245.04818725585938,247.27529689710508,240.12157752432586,240.91215591589025,2452000
2022-03-03,249.3577117919922,250.26394916749302,245.26022486038488,245.68443610287608,3153700
2022-03-04,253.4359588623047,254.00478105729084,246.3497489031497,247.01497341137602,3497100
2022-03-07,252.25010681152344,254.1686789758366,248.60573767644053,250.5339603693682,3074800
2022-03-08,250.60147094726562,255.77874449501425,249.61808790422043,250.60147094726562,3482600
2022-03-09,253.35882568359375,258.1793823532794,252.6646643462653,253.85050245670848,2965900
2022-03-10,256.4728698730469,258.12152133153023,253.40700309079176,253.40700309079176,2797200
2022-03-11,256.7427978515625,261.9682934415638,255.55695991943628,255.55695991943628,2469600
2022-03-14,259.345947265625,261.17775290459394,257.72624729573727,259.33629673719406,2713800
2022-03-15,265.57415771484375,266.5575703201861,260.18477771369584,260.18477771369584,4396900
2022-03-16,266.51904296875,268.6111488990268,263.21214687098717,267.8784440079953,3148600
2022-03-17,275.2634582519531,275.62982529555154,266.5286112258191,267.0685112619604,3270100
2022-03-18,277.3170166015625,280.8938616493457,274.6367586700762,275.58159843201764,4557900
2022-03-21,279.2452697753906,284.7310371574023,277.4327354426699,277.4327354426699,3495700
2022-03-22,274.791015625,280.1322009218573,273.2195387864265,279.2741570911236,3791600
2022-03-23,273.9908142089844,277.8376091828072,273.18096418409243,274.21257041743524,3149200
2022-03-24,277.36517333984375,278.4835459425947,274.44391737158895,276.0154234476757,2412400
2022-03-25,278.6474609375,281.18307857886066,276.2950268124437,278.1461336110769,2399800
2022-03-28,281.19268798828125,281.95434410667605,277.96290944752525,280.8745148023454,2195000
2022-03-29,278.0400695800781,282.6195982163777,277.25911236512326,281.5494193828037,2798100
2022-03-30,279.4861755371094,281.8000362482287,277.65434094440195,280.15138511479205,2220100
2022-03-31,276.0926208496094,281.3277395233976,275.65878830397344,278.9849555099144,3227600
2022-04-01,282.1664733886719,282.61960688663754,273.80761528604535,275.88044874265074,3066200
2022-04-04,280.96142578125,284.3936608500618,280.50829213564185,282.2436813107122,3014100
2022-04-05,281.992919921875,285.2130483067658,278.7245977383232,281.25056477290354,2324200
2022-04-06,294.86376953125,295.55793078074555,284.1910513536331,285.46368521476484,4672900
2022-04-07,297.36083984375,302.7309468216619,294.05394516116843,294.05394516116843,4270800
2022-04-08,300.50384521484375,301.16908434739884,296.89807846681686,296.9462722615592,3024700
2022-04-11,297.8717956542969,302.4995471848506,296.99445090940645,301.853579718669,2178100
2022-04-12,297.0234069824219,298.4984961472908,293.26337866239754,295.57723998069383,2688100
2022-04-13,291.8076171875,297.23553978128547,289.62871595754723,296.2521567224015,2528700
2022-04-14,291.026611328125,293.54295702072807,289.4165619976295,292.8487957354245,1898100
2022-04-18,288.09576416015625,291.21947555686654,286.14824037925194,290.2650147239481,1581400
2022-04-19,286.3506774902344,288.9344884499539,283.2558593480647,287.70042728842077,2021700
2022-04-20,282.4075012207031,288.2692851091999,281.8097274866454,286.3603341007144,2608600
2022-04-21,279.2163391113281,282.91855345097395,276.3722276185056,282.40757549312104,2716800
2022-04-22,268.7267761230469,279.22593377442917,268.40860289044303,278.9174110707965,2772600
2022-04-25,274.9645690917969,275.6876526050933,266.8949323686401,268.7460391085101,2410200
2022-04-26,272.67962646484375,279.79477362141955,272.64108319121493,275.90940568320883,2166600
2022-04-27,274.85845947265625,277.78936576952475,270.51995905694537,272.939887592857,2352100
2022-04-28,286.601318359375,289.72505857311984,278.2039182645761,285.36725723244433,5886900
2022-04-29,281.6459045410156,286.6399951797759,278.7632204960571,285.1745562536384,3910900
2022-05-02,279.1680908203125,282.33037499226197,274.0775838746781,280.778169782171,2789900
2022-05-03,277.73150634765625,279.40905033535535,273.9136050053697,278.2714062384637,2109500
2022-05-04,284.3163757324219,286.3217434254896,273.92325858503574,278.1460701813245,2743600
2022-05-05,281.8771667480469,284.403133204456,277.9532273823307,282.88950108930476,3120200
2022-05-06,286.2447204589844,287.54627696845836,278.16546076064327,279.7562683957505,2931200
2022-05-09,278.8499755859375,284.345393400721,276.3625514764517,282.97637156761584,3460500
2022-05-10,275.4466247558594,282.8991866689579,274.77173504120674,281.5205144983592,3140800
2022-05-11,276.4010925292969,283.9308000163504,272.84351920077137,273.48948676803224,2625200
2022-05-12,281.3277587890625,281.51094235054774,273.16173219535455,273.16173219535455,2370000
2022-05-13,282.11126708984375,283.24306202085666,277.1583874621662,283.0786273146711,2337700
2022-05-16,289.6083679199219,299.3400114054752,282.0823050161114,282.5756387568122,5118300
2022-05-17,291.5623474121094,293.4970677393583,283.81381257609036,290.20804908733305,2553000
2022-05-18,285.5550537109375,292.7231961826728,284.4329123602856,290.2080538120041,2161400
2022-05-19,276.92620849609375,283.99760957097345,275.08822992302714,283.99760957097345,3157400
2022-05-20,289.0956115722656,289.4728667120069,279.48973154254014,281.2406512027684,3129100
2022-05-23,292.7232360839844,294.9675190912079,289.5793150724709,290.7885154615145,2873600
2022-05-24,295.9735412597656,297.62774858429873,290.01459842747926,293.7969806425836,2804900
2022-05-25,296.9892578125,300.2879595633677,294.69661891316866,296.9795747638394,3195700
2022-05-26,303.22869873046875,303.6640225984925,293.70019552534995,295.2673437373424,3284200
2022-05-27,312.92169189453125,313.5020844043328,301.10054892722354,302.4451642702515,3694300
2022-05-31,303.20941162109375,308.065549648544,298.9433492001524,306.29529330752416,6298900
2022-06-01,300.92645263671875,303.6544159809295,295.6156536218265,303.2094384741952,2731500
2022-06-02,292.55877685546875,300.52984603126794,288.43784193359954,300.4331040941877,3703300
2022-06-03,291.8041687011719,295.8283902658248,290.8851943176772,292.2975317997926,2490000
2022-06-06,293.45843505859375,304.8442857938081,293.19725837985897,304.8442857938081,3734400
2022-06-07,301.9130859375,301.96144213275556,293.1294399062637,294.0677803618178,3652800
2022-06-08,303.2577209472656,305.2021242762187,300.66520285632066,302.23232156022783,2684500
2022-06-09,293.35198974609375,301.73901592960976,293.2165451435785,301.4294535708533,1963300
2022-06-10,287.315673828125,291.8138930319806,287.1802292244452,289.4632147380388,2469800
2022-06-13,281.77276611328125,283.59140858223407,279.0931881478985,280.9505037814888,2898800
2022-06-14,281.2987060546875,282.4692037356562,277.9129450510067,279.7315871135656,2422600
2022-06-15,283.4268493652344,286.6675118688039,279.1124312334154,282.08223406775613,1970100
2022-06-16,278.66748046875,280.72796257028114,273.8693522671073,280.72796257028114,2628600
2022-06-17,281.4050598144531,291.1657201189085,280.2248792586301,280.54412463799,6900000
2022-06-21,287.6348571777344,289.511538189475,280.834316652588,282.8367592045208,2821300
2022-06-22,296.6796875,299.54306528507476,286.75456288954217,287.2672625894524,4535700
2022-06-23,302.5129699707031,302.96763057638793,297.1634677062835,299.3980680495538,3729300
2022-06-24,314.9918212890625,315.18530513623887,308.59758458430065,309.1199378329943,5449900
2022-06-27,316.5879821777344,320.05114844620664,311.49000422697424,313.64722823802254,3218900
2022-06-28,307.2529602050781,318.3292469599363,306.42104455410316,315.8624605908867,2742900
2022-06-29,312.4573669433594,314.10189120955306,307.2819835989774,307.77534678313395,2562500
2022-06-30,313.6472473144531,316.3751809816754,309.5649855814608,311.61578473729213,2732900
2022-07-01,314.1114807128906,314.7789615242891,307.3883459253871,313.3085848425853,1817800
2022-07-05,316.5008850097656,316.7427250459039,308.52016381720154,311.91560737145977,2107700
2022-07-06,319.3740234375,321.87948327821675,316.08500405098556,317.2942045255494,2252500
2022-07-07,317.2457580566406,319.71251451434387,315.59155102259314,316.5685941749441,2395000
2022-07-08,319.68353271484375,323.60132979272004,315.51421253318097,315.8914676673696,1898200
2022-07-11,320.26397705078125,321.8214129413117,318.67749201103027,319.8189700636356,1342600
2022-07-12,313.028076171875,321.15389575539,312.8055727034009,319.2288584497968,2058200
2022-07-13,311.9349670410156,314.08250790177857,310.35816516521567,311.4996726566325,2564200
2022-07-14,316.2204284667969,317.0620272198727,305.2118633264165,307.17560359075804,2615700
2022-07-15,320.77667236328125,324.38490728705307,317.458633712751,321.1345909407767,3340300
2022-07-18,311.26751708984375,321.13460408481455,309.2747572080408,319.34498160259517,2116300
2022-07-19,315.5528869628906,316.6943648338403,311.3351814349149,313.51174173257635,1628100
2022-07-20,311.51904296875,317.12006749296245,309.8551820358878,316.4138838309444,2051000
2022-07-21,316.2494201660156,317.342512430576,309.27473163493005,310.9579585139221,1692100
2022-07-22,318.0196838378906,318.4743443386098,315.1949789037751,316.27844718745115,1850800
2022-07-25,320.72833251953125,321.4248331964438,317.3522541313773,318.0197351768142,1741700
2022-07-26,320.7379455566406,321.71498880553696,317.88422115798784,320.186543157472,1812300
2022-07-27,318.20343017578125,320.0704280632064,314.5758298404534,318.24213284537444,1643000
2022-07-28,320.00274658203125,322.70168984173023,311.2384654158815,319.46102722458863,2350900
2022-07-29,318.9289855957031,320.254264341677,316.1526665547522,320.254264341677,3399900
2022-08-01,313.5697937011719,319.64481439759857,312.90231282108846,316.820139228729,2464300
2022-08-02,309.748779296875,318.2422015343384,308.93617066746054,316.5106183345163,3405700
2022-08-03,303.5866394042969,310.503288470348,300.0944832430907,310.1647064951268,5152200
2022-08-04,295.80914306640625,300.12356215644775,292.3749959557473,300.0752059453595,4696300
2022-08-05,291.4850158691406,295.3544571114609,290.50797250857676,292.60715737199274,2814300
2022-08-08,292.62652587890625,296.1283658618523,286.85138301375855,290.8369032047689,3218900
2022-08-09,293.12957763671875,296.6894868290925,291.46571634162575,295.1320210221476,2122900
2022-08-10,294.6676025390625,297.10536935346295,292.7135453891402,294.56120707792246,2351000
2022-08-11,291.33990478515625,295.45118592249304,289.850161707021,291.20446017737464,2198800
2022-08-12,298.9972839355469,299.39520001811456,292.4171706258478,293.9894352513114,2305100
2022-08-15,304.6844787597656,305.3347093521445,298.2499385094468,300.09391712158657,2795800
2022-08-16,301.1614990234375,305.101800529665,300.50155375846236,304.67477015400704,2248000
2022-08-17,307.4795227050781,311.1480795942097,300.8702974335304,300.8702974335304,2747200
2022-08-18,307.382568359375,309.55651995285933,304.93687281670515,307.411682724721,2261600
2022-08-19,313.254150390625,316.1463053041892,308.1395301122949,308.1492447720625,3393100
2022-08-22,313.57440185546875,316.165668578467,310.94430611573887,312.7785699107098,2488000
2022-08-23,305.81036376953125,312.35164852183993,304.61661543603884,311.7693315392126,2962000
2022-08-24,309.4691467285156,311.40046855013696,305.92676107290015,307.13990887399217,1827000
2022-08-25,313.61334228515625,313.83654257046743,306.5188252546339,311.1482171595278,1977900
2022-08-26,306.25677490234375,315.0205546111646,305.9753162816407,314.05003623978746,1858000
2022-08-29,301.00616455078125,305.5870108899014,300.55001988670864,304.1021194715987,1697000
2022-08-30,297.98797607421875,302.77262464975394,296.9883433128202,300.99658902007593,1980300
2022-08-31,292.3492431640625,299.71547363271605,292.23275608706405,298.08500996915996,3183500
2022-09-01,300.016357421875,300.2881013888803,291.6407788996416,292.1260380991418,2939200
2022-09-02,292.4462890625,301.0742116374187,290.92259772252066,300.96743921481936,2525400
2022-09-06,297.7744140625,303.60720855566956,293.3197388867051,294.0185132055278,2322200
2022-09-07,302.41351318359375,303.189915989232,295.8916289154794,299.66692976335804,2228100
2022-09-08,306.1985168457031,306.42174671217504,298.5217137091517,302.7531888044119,2212500
2022-09-09,308.3337097167969,310.73089136653545,305.9268134052706,307.12056170818164,2177000
2022-09-12,305.92681884765625,311.00264086843407,305.5968461375873,309.488634496178,2077400
2022-09-13,297.4444274902344,303.1025355432932,295.9983352374739,300.8703555387557,2272400
2022-09-14,300.482177734375,302.61732999136797,296.88156288168557,298.1529395744818,2002900
2022-09-15,300.3462829589844,303.0734368624917,296.7359538969301,300.5791978604503,2348100
2022-09-16,299.78338623046875,302.7628546467308,297.6967483698716,298.8904964390729,4380200
2022-09-19,296.095458984375,297.48329320628375,288.87479962426517,297.4444937946422,2515300
2022-09-20,292.8345031738281,294.8628829072218,290.1267487697097,294.8628829072218,1816800
2022-09-21,287.7392883300781,295.5519491260245,287.5840018414127,292.126020567867,2241200
2022-09-22,301.7050476074219,303.39374013080504,291.11668840269056,291.9319202973538,5918300
2022-09-23,302.2776794433594,305.8880093970311,296.1245957944973,302.6755955768785,4572600
2022-09-26,298.4344177246094,302.539721352816,295.8916641726121,299.6960798385727,3760000
2022-09-27,301.92822265625,304.6942054929961,299.23018320285195,300.0357002895644,3019600
2022-09-28,324.5218505859375,331.62605026435614,318.426998035621,323.6969042682924,9436300
2022-09-29,320.28076171875,324.8130657077734,317.6215213696952,324.1240059904402,3743100
2022-09-30,313.8171081542969,319.7955046255318,312.9145332150377,317.50506596379614,4474100
2022-10-03,312.0701904296875,319.64025198134476,307.70285747914863,316.3792946436489,3340500
2022-10-04,320.1643371582031,320.36813773426974,312.29341733708327,312.6816187831674,2622500
2022-10-05,321.9985046386719,324.0074842801268,317.8640879187843,318.62109087700264,2186100
2022-10-06,323.1340637207031,329.258031518933,317.23329616490895,318.27175780241964,4299200
2022-10-07,317.02947998046875,323.2505052204411,315.32135846420925,323.1534474764963,2601600
2022-10-10,314.3411865234375,317.3691988817332,310.79877103279233,316.6121957921593,1956200
2022-10-11,317.9418029785156,319.32963704784805,310.01265538640064,310.56585792912523,2598900
2022-10-12,315.0010986328125,323.8133908387826,314.33143870676406,317.72825239976044,1764700
2022-10-13,322.3091125488281,323.5416600478359,309.6923754632264,309.7117751655417,2657400
2022-10-14,321.6200256347656,325.4050405160782,318.55318471050975,321.7849971351288,2231400
2022-10-17,322.94964599609375,327.6275212146645,321.96941313550775,322.978760357405,2230000
2022-10-18,325.1527404785156,325.44388411744137,320.63012170737403,324.2889946044575,2087100
2022-10-19,319.5819396972656,325.73502140262883,316.3598122322648,325.366219755472,2419000
2022-10-20,319.36846923828125,321.6685929075059,316.2919131458178,321.3871343029651,1761200
2022-10-21,330.7235107421875,332.3345746758594,317.1362545293029,319.36846439214054,3274700
2022-10-24,337.64324951171875,341.39914991380516,334.0717499226736,334.0717499226736,3375900
2022-10-25,340.9527893066406,341.94270733257315,332.93629848980805,336.3039982516085,2513100
2022-10-26,347.3096618652344,350.82296296236257,340.10843272238816,342.1076980350929,2373500
2022-10-27,345.82476806640625,350.47355895268146,344.8445647369936,348.40635026316085,2347600
2022-10-28,349.2895202636719,351.3276145589964,346.5138522215776,349.6971509698837,2942100
2022-10-31,351.4149475097656,353.1910124827656,340.12781559016946,348.07636238008376,4258200
2022-11-01,342.1853332519531,348.40635918308766,330.7041146582621,335.6343346490382,7013000
2022-11-02,344.49517822265625,352.44372571706674,339.8852161538333,343.718775405581,3774400
2022-11-03,351.0170593261719,352.1331494720508,341.146904584932,343.62171445700557,2602500
2022-11-04,346.87298583984375,355.09327789487526,342.9229688328311,354.4333324893727,3004600
2022-11-07,354.3071594238281,356.1802528276846,346.960328026968,347.4455872270057,2560300
2022-11-08,355.8502197265625,357.8785992842943,351.2596578109383,354.384727713471,3278600
2022-11-09,352.56011962890625,358.89760199857943,351.2402291542147,357.5777115238879,2323700
2022-11-10,357.8494567871094,358.12120068692695,352.29809173266796,356.4130792492946,2994000
2022-11-11,341.91357421875,356.98572174707357,334.36294327291495,355.36497282433646,6646300
2022-11-14,346.52667236328125,351.13975177184955,331.01345537356843,349.45609064956705,4717400
2022-11-15,340.5802917480469,347.4317782084448,337.08638590101543,347.38312881133305,4180700
2022-11-16,343.4804382324219,347.3246904978871,340.5899575648435,340.6288948975383,3563800
2022-11-17,351.1105651855469,352.59959906444794,343.26636975806986,343.46102674505136,2929700
2022-11-18,351.9864807128906,354.9061572216805,349.72859041797665,352.8428942070613,2420900
2022-11-21,351.4999084472656,354.0205592261251,345.8551820598198,350.74079365556463,1999200
2022-11-22,351.2176513671875,353.08622784481526,347.7334871654119,352.3076592625516,2460400
2022-11-23,352.03515625,352.7650754314013,349.0278927866851,351.6653257793453,1993000
2022-11-25,355.4706726074219,356.03513042247056,351.8697257822636,353.1835863644424,1039100
2022-11-28,355.9766540527344,359.616537349224,351.334379454061,353.71879363248814,2481300
2022-11-29,354.20550537109375,356.30764674651834,350.9841306803523,354.85754995777427,2207000
2022-11-30,361.14453125,362.38054673153636,352.11299915335576,355.29546577382825,5556400
2022-12-01,360.4146423339844,365.14453444298323,358.6239106998684,364.75525012260846,2516100
2022-12-02,364.7259521484375,364.99845406624706,355.227262955394,356.2783332953789,1925600
2022-12-05,359.4024658203125,365.20288168767684,358.4194985266711,363.7527851459573,2296500
2022-12-06,358.6725158691406,360.71629525543403,355.7333560001102,357.17374035912763,1971000
2022-12-07,362.0107116699219,365.19314854952876,358.8866659477032,359.4316698836514,1629100
2022-12-08,361.8355407714844,363.26618353864626,356.68716922156335,363.26618353864626,2090900
2022-12-09,351.3246765136719,363.9863502331574,351.1495030454197,363.01312469777463,2787200
2022-12-12,357.4171447753906,357.9816026233613,352.7943226169615,353.21280254739594,2639200
2022-12-13,349.0570068359375,362.76000666592506,348.7261137817148,351.9474873071706,5032600
2022-12-14,353.7674560546875,359.53867592630803,347.49988169242545,349.39768322683267,5095500
2022-12-15,350.3708801269531,354.2248443328768,347.1397647227683,351.00347068668964,3437100
2022-12-16,350.2347106933594,350.82839378543616,345.66056794846713,348.3466505521157,6612200
2022-12-19,348.2006530761719,350.06925929153647,345.115514863965,348.22984865607657,2658400
2022-12-20,350.0108337402344,351.77236952253736,346.79917176385044,348.9013424118967,2276000
2022-12-21,358.1567077636719,360.75520308583947,351.53875687589783,352.9207500846735,2211200
2022-12-22,355.5290222167969,359.859887781364,352.58989175688106,357.4852150705231,1958100
2022-12-23,358.04962158203125,358.04962158203125,352.7650147459036,355.05210039428226,1030300
2022-12-27,355.11053466796875,359.8306844090199,354.5752428083937,359.60683184587185,1372100
2022-12-28,355.4414367675781,358.15674436980765,354.1957092508667,356.36601292081536,996000
2022-12-29,357.1932678222656,361.0180672039719,356.648263833616,358.24436815786834,1077900
2022-12-30,356.0448303222656,358.0983516693728,352.4146883421067,357.65064653368927,1388000
2023-01-03,355.2175598144531,359.12020350849735,351.7820750447896,356.45357518714223,2006700
2023-01-04,353.37823486328125,357.29059123326755,350.692122600028,354.8770106609432,1886200
2023-01-05,349.3101806640625,351.8113481360481,343.5097341184716,351.285827643377,2008500
2023-01-06,353.2225341796875,356.88187227695016,348.0060290388775,350.3612482760604,2131300
2023-01-09,340.4635314941406,355.1981827588493,339.4513981566441,354.25415264756555,2980600
2023-01-10,343.3052673339844,343.75294271160857,334.1472125562828,339.65567200442393,2465200
2023-01-11,350.76019287109375,352.0740531869418,341.6021376953179,344.85270717941467,2602800
2023-01-12,349.50482177734375,350.8478780459368,343.6265300121144,349.6313458751811,2019700
2023-01-13,351.9378356933594,353.5825893286009,349.0376424221314,349.9427350993742,1690900
2023-01-17,348.1616516113281,352.3076013971172,347.00351098760285,351.9377709861148,2435200
2023-01-18,342.5850830078125,349.3879190585872,342.1665735128967,346.7796821112795,2302300
2023-01-19,341.6800231933594,346.2736491140741,341.03772044767436,342.93549250635544,2658300
2023-01-20,336.8042297363281,339.7239068762843,332.43442608719266,337.7093225215965,5391900
2023-01-23,333.0475158691406,337.32970246115855,331.1108064780899,337.32970246115855,3403100
2023-01-24,337.1156311035156,337.34919574423463,332.2202778047024,336.73605886185885,2242500
2023-01-25,340.3661804199219,340.41482981695935,335.86014139615025,336.29807507094733,2503300
2023-01-26,338.6921691894531,342.75050233416624,337.4464419087583,341.60210353018596,2576200
2023-01-27,332.9404602050781,338.77007163353653,332.3857145241084,336.84307438934553,2363600
2023-01-30,331.38323974609375,338.48777309393785,330.37107704130716,335.1106798591669,2647700
2023-01-31,334.9355773925781,335.1788837875605,330.29330206849085,331.5584834422039,2406700
2023-02-01,333.39788818359375,336.67765357822145,328.4830812710571,333.6119989954338,2990900
2023-02-02,321.8456726074219,326.32248597840817,308.51247187944165,325.0573047562571,13036600
2023-02-03,330.0013122558594,333.16429534923924,320.55130031454405,324.03546447737074,5670700
2023-02-06,328.6193542480469,334.22514311588174,325.66074015663537,332.823695898923,3055700
2023-02-07,330.5852355957031,331.8309630660872,323.7823987543584,327.0524222264344,2464100
2023-02-08,331.60711669921875,333.68980370809754,328.77502708908173,329.4952044145141,2399400
2023-02-09,332.6387939453125,338.0499260322425,331.3833245757169,331.76289682485776,3072800
2023-02-10,335.879638671875,339.1010132653921,333.5536447634896,334.07916524123937,1980000
2023-02-13,341.0182189941406,341.4172450245889,336.73603261200424,337.19344979808045,2291600
2023-02-14,339.3486328125,345.46074516800667,339.07524921366524,342.258238811695,2028900
2023-02-15,327.09515380859375,338.6749383513034,326.45074321464483,337.67904732242494,3600700
2023-02-16,318.3663330078125,325.0740187934168,318.02459608873477,323.1798505184347,3654200
2023-02-17,320.6413269042969,323.75596342881175,312.9279755870522,315.5153616255698,3695600
2023-02-21,319.7723693847656,323.8828970099926,318.62022501904215,319.4208591284116,2515600
2023-02-22,321.2955017089844,324.7421018353485,318.62021583486205,320.9439914627626,2379800
2023-02-23,319.7820739746094,324.9666187017904,317.9953222615701,320.26051760433126,2229500
2023-02-24,314.04107666015625,319.49900598650675,312.5276784605599,318.2980547464301,2594600
2023-02-27,309.1396179199219,315.7594343069242,308.43662725065707,314.9783468062204,3043500
2023-02-28,303.8671569824219,308.03626377774805,302.3244989723273,308.03626377774805,3966900
2023-03-01,306.74755859375,309.4228149168955,301.89497663016516,302.67606423213135,3580800
2023-03-02,307.606689453125,308.8271572414592,303.19348865727613,304.42372972282163,2885200
2023-03-03,310.90679931640625,312.5959372459767,307.79216353560224,308.8954710424578,3002800
2023-03-06,311.42431640625,312.67407423018545,309.02244414080377,309.45205118621067,2673700
2023-03-07,303.2911376953125,312.78149658623494,302.2854734108349,311.463385390939,2620800
2023-03-08,305.156005859375,305.6344196903853,302.01207969150056,303.1641941153823,2313200
2023-03-09,309.3642578125,311.23888011507654,304.9315093608452,304.9315093608452,3920300
2023-03-10,307.5774230957031,318.8155008907083,306.91349571891794,311.3169533731152,4597300
2023-03-13,316.8236999511719,323.96099399058096,309.74498598841785,309.74498598841785,5275600
2023-03-14,319.3427429199219,319.5477731756858,313.84575095591197,316.3940735244273,4214300
2023-03-15,321.68597412109375,323.5313056655631,316.8333936793499,318.2979548211651,4743500
2023-03-16,321.74456787109375,323.8633128568833,317.3606575349912,319.8992362481181,3498200
2023-03-17,321.40289306640625,327.0365919899613,320.3484219061832,323.6680886509799,8679800
2023-03-20,325.71844482421875,326.0504084824847,321.2368907427638,321.4028576736086,3540900
2023-03-21,323.2579345703125,326.538567148642,320.32881217378474,326.4897603606628,3240400
2023-03-22,323.1505432128906,327.6711601492923,322.83809634377263,323.9316305891122,2472200
2023-03-23,324.7811584472656,327.4173511549102,322.4085462748332,323.07250343808573,2703400
2023-03-24,328.188720703125,328.9698082779878,321.0025898687472,325.12289088879754,2791900
2023-03-27,326.6947937011719,328.27651504293044,315.62271451228776,320.05543166110954,3102300
2023-03-28,329.6727294921875,330.8248438509541,326.8119603517235,327.8664313350782,2433200
2023-03-29,327.93487548828125,331.74272981120885,326.6753441288034,330.9909322258433,2743800
2023-03-30,332.64093017578125,333.24627741523,328.1300861176169,328.1300861176169,2146900
2023-03-31,335.30645751953125,335.5310045268695,332.6409450944445,333.919992976212,2933600
2023-04-03,342.4535217285156,343.2346390676334,334.2129200294466,335.13071428004764,3039600
2023-04-04,346.2418518066406,350.5183760366011,342.9709919205208,343.75210924367525,3585900
2023-04-05,353.68182373046875,356.2301761969257,349.4736527998903,349.620102988404,3442700
2023-04-06,359.5888671875,360.7702716419872,355.6443070246112,356.2301375116266,3531700
2023-04-10,358.3293151855469,359.64742625521734,354.4628818715448,359.4814295382353,1868000
2023-04-11,355.4393005371094,360.0868218391208,354.9999201933398,359.0714140434487,2027000
2023-04-12,360.3309020996094,363.6408250824212,354.74604024338015,355.4197408541015,2672600
2023-04-13,366.2868347167969,366.6871517794643,361.56118639615204,363.81660878108295,2839900
2023-04-14,365.8767395019531,367.41939773206354,363.7091874391138,365.3982958498394,2287900
2023-04-17,363.552978515625,367.0190953805972,362.39109070866243,366.14036446519657,2059700
2023-04-18,361.1706237792969,365.41785797760633,360.9265302023432,364.18761681485455,1925300
2023-04-19,361.7173156738281,362.50817631472074,358.6710332353421,361.7954124916934,2173000
2023-04-20,365.954833984375,367.1753018093,361.02415589030926,362.61565070146384,2766500
2023-04-21,376.13836669921875,377.14403087834825,369.06942741277726,369.079200689147,3682500
2023-04-24,374.2931213378906,377.9056886351101,372.61375622676,376.1384534061192,2059700
2023-04-25,375.74786376953125,381.2546288561793,374.92771297299214,375.95289401952164,2648600
2023-04-26,367.3803405761719,372.48678880078575,361.92241191219017,372.11576180595625,3161200
2023-04-27,381.127685546875,389.1144195741934,371.774003764215,382.0161896692163,4981300
2023-04-28,386.5074768066406,394.7578507216107,383.236647071388,388.59693189860263,5350100
2023-05-01,396.222412109375,397.72603672190047,382.9925536049465,387.8744246097653,4091100
2023-05-02,394.6504821777344,401.8170655682555,389.82719101845163,397.3843181480829,3884600
2023-05-03,421.0028381347656,423.9417343219834,404.52163513108866,405.2246258211794,10129800
2023-05-04,418.3178405761719,422.47720495819726,415.17391388953763,421.2567369866247,4070700
2023-05-05,417.70269775390625,421.080944576653,414.5294811964455,417.9858546513066,2753400
2023-05-08,422.4966735839844,424.72280571864655,413.00631452640806,416.13072409630286,2478600
2023-05-09,418.2592468261719,425.3086707914231,417.93702660612314,421.5691403626683,2601600
2023-05-10,425.6211242675781,428.03277012946796,415.9940575804564,415.9940575804564,2766300
2023-05-11,425.2597961425781,426.52910055589285,420.93446533092555,426.38265037651206,2595900
2023-05-12,425.2696228027344,436.14537341309324,425.2598539766305,430.8788110537626,3939200
2023-05-15,425.3479309082031,426.8065032057819,421.5889047400882,426.189782607076,2234800
2023-05-16,427.4427490234375,429.2341781922837,421.57906431441677,425.044427889726,2128800
2023-05-17,428.2454528808594,429.69425616643366,423.60541068617937,429.5473951863342,2274200
2023-05-18,428.6566162109375,430.25222075212093,424.4472685734401,427.3057102673619,2268100
2023-05-19,433.052001953125,438.07383580639726,429.7432676863015,429.7432676863015,3442800
2023-05-22,424.8388366699219,445.3568936569744,423.27259831898,434.94123535353765,4398000
2023-05-23,414.28619384765625,426.69884631981427,412.62205793887773,423.79147048679687,4492100
2023-05-24,416.79217529296875,419.91491313511597,411.3983798262365,415.0595083829267,3133000
2023-05-25,418.29974365234375,419.17099146169835,410.9480898699939,417.38936079189006,2882200
2023-05-26,416.811767578125,422.56778622437866,414.7364748415208,415.9405198472226,2338400
2023-05-30,418.2312316894531,419.6898339471452,413.16046404959366,414.8539961209978,2595700
2023-05-31,420.4044189453125,421.48123037358533,415.06935530491563,417.9962987505103,3950900
2023-06-01,427.2861633300781,427.5798554552366,419.10245660991546,421.1973170404403,2914400
2023-06-02,433.00299072265625,435.32304185890274,427.570030295414,430.6829694604925,2499000
2023-06-05,434.8923034667969,438.357637200854,432.39605507041006,433.6588623797803,2113800
2023-06-06,433.7273864746094,439.40507511397635,430.7416811714626,438.3869962987923,1495300
2023-06-07,427.168701171875,437.2711009108554,426.4932481159843,430.91795855446674,2458300
2023-06-08,436.2627868652344,438.03461869362985,423.2236461108964,426.6890097976617,2040300
2023-06-09,436.6347961425781,439.8260353747795,433.2673296912315,439.8260353747795,2082000
2023-06-12,435.920166015625,437.5647342717761,429.42996178700844,436.7424501437006,2566600
2023-06-13,436.321533203125,437.9661014927673,432.9247005532834,434.31477152667753,1766300
2023-06-14,438.2793884277344,439.31703490421233,434.1875349733904,434.921720492073,2163300
2023-06-15,444.3584289550781,446.95254510422495,438.2500150983574,438.5534760512339,2287100
2023-06-16,438.26953125,447.34408216952517,438.06396769694084,446.18894106995555,4295700
2023-06-20,442.4201965332031,445.2884073982272,435.72439844944813,436.4585839532377,2506300
2023-06-21,443.447998046875,445.7386529949426,440.71681989283684,444.91636890133486,2347500
2023-06-22,448.0293884277344,452.5128316382504,444.2507944230241,445.40590586625905,2912500
2023-06-23,449.1649169921875,450.3102595698669,442.782408171053,447.363718733599,4832100
2023-06-26,443.2130432128906,455.4494663082719,439.4540176228791,455.4494663082719,3214700
2023-06-27,454.70556640625,458.1121979813594,442.1754787864546,452.74773834852664,4138700
2023-06-28,449.02783203125,458.6505428269248,447.67692602682166,458.6309753029774,2854700
2023-06-29,454.69573974609375,456.0074808792166,447.8629393642166,449.3802440660159,2112400
2023-06-30,459.09112548828125,459.9623434650211,454.2161227267584,454.8524108893816,3173200
2023-07-03,451.6905212402344,456.4284615224996,447.72590152611804,456.4284615224996,2113200
2023-07-05,455.8802795410156,457.39758435059684,450.30045757362126,452.3561830286658,2130200
2023-07-06,453.44268798828125,457.74013424206845,451.8862185108421,453.35458932435984,2191700
2023-07-07,442.54742431640625,453.83430144812263,441.7251401480951,452.58129273344593,2914700
2023-07-10,443.60467529296875,445.08284500423207,440.2274100169317,443.40888054180425,2011400
2023-07-11,430.1250305175781,441.059483008393,428.3825349439062,440.51129356632606,3570900
2023-07-12,431.3095397949219,434.93150388393906,425.83741379730117,429.22444807217926,3107800
2023-07-13,425.5339050292969,432.9148946858663,425.1814804735898,430.9472979652987,2865100
2023-07-14,439.9826965332031,440.95184174823765,431.5738285053284,431.79898948944464,2955000
2023-07-17,437.71160888671875,441.1182103984814,433.91341788589887,439.9728977778314,2347900
2023-07-18,441.68603515625,443.76132818046983,435.6559209708438,437.5256504075175,2237000
2023-07-19,443.9962463378906,445.40588493508454,439.1016761737688,441.8817884420997,2212800
2023-07-20,454.03985595703125,455.4103294533506,445.40582811909684,445.5526592304736,2624200
2023-07-21,452.29736328125,457.19193252759777,452.22883214202193,455.5962981734356,2226700
2023-07-24,449.634765625,455.8215089992496,448.019563571751,452.25824785838125,2190700
2023-07-25,447.89227294921875,451.201006702048,446.97209149580186,448.1076352015947,1737800
2023-07-26,444.025634765625,445.4059072058126,437.14386996573825,445.4059072058126,1959800
2023-07-27,445.39605712890625,449.008252063902,442.71384241395464,443.7612875304078,1883500
2023-07-28,448.81256103515625,449.879573851866,442.2538244151334,445.53319272514483,1437600
2023-07-31,444.9653015136719,449.3410478437819,441.29437438687086,449.3410478437819,2110200
2023-08-01,443.5361633300781,447.72591426911913,441.93075982260115,445.748518642788,1738200
2023-08-02,444.8968505859375,451.9058784913519,441.8034787255086,445.6310360943723,2366600
2023-08-03,439.68902587890625,444.5248635394102,438.80800923357765,441.27486181531475,2414100
2023-08-04,440.0119934082031,442.9291675454712,437.4668412018448,439.7672649365086,1870400
2023-08-07,444.5052795410156,445.4058936133592,441.0790803593744,443.6927940225386,2446400
2023-08-08,510.6015319824219,526.6557459055775,492.1098615687002,495.33049707848,15094500
2023-08-09,515.1338500976562,521.3010555574143,505.99082759538015,509.39742889835986,5376600
2023-08-10,510.34716796875,517.5910973794189,509.02559791707944,512.4322002981114,4108500
2023-08-11,517.1408081054688,520.5963440678665,509.0353700721173,512.6769021173533,2524300
2023-08-14,527.78466796875,532.0030092876751,519.2008095213029,521.1922934217081,3981100
2023-08-15,536.2410888671875,536.8983505269765,523.6449209369863,527.519872706587,2826800
2023-08-16,535.8681640625,542.3722805823354,532.1991875387448,537.0061718928168,2597100
2023-08-17,527.4511108398438,538.3796035575098,527.1862782025684,532.8957776661447,2549900
2023-08-18,536.0545654296875,537.3691483100212,523.7625119527314,524.8710606863455,2958600
2023-08-21,539.6058959960938,542.990400985617,535.3875543593505,536.6040002393532,2305400
2023-08-22,543.147216796875,545.5408890854828,536.8884137187081,539.0956912844892,1936600
2023-08-23,542.8529663085938,546.8162944261614,537.8007887557775,546.1491533534346,2121300
2023-08-24,537.5947265625,546.4041976293508,536.9080059949281,542.2054962290682,1776700
2023-08-25,543.1375122070312,545.5409445665424,536.6922538743243,539.1938233947034,1847600
2023-08-28,543.40234375,545.6684798817961,539.6745087979695,539.6843285016611,1373700
2023-08-29,543.3828735351562,545.7863063734244,539.4195445259226,542.9414059139168,1701200
2023-08-30,537.5848388671875,547.1595270379544,536.652865348802,544.4715633253066,2191100
2023-08-31,543.677001953125,546.8260129607876,532.6896527571051,536.6333411699566,3043400
2023-09-01,546.53173828125,548.5919000000466,543.0001180150814,545.7567601335944,2030800
2023-09-05,547.59130859375,551.2602853536557,546.1394294163528,548.6115399243204,2257200
2023-09-06,549.31787109375,550.9267456997018,542.2055316373536,550.3675614814292,2424300
2023-09-07,562.3456420898438,565.3671766345295,551.937116317676,553.4773127604747,3707100
2023-09-08,575.324462890625,576.3937327072292,560.3737859773444,561.4627550754842,4308300
2023-09-11,584.251708984375,586.8023171273475,573.3820754514741,576.0014215198922,3876500
2023-09-12,587.920654296875,589.715923555594,576.6880515844076,579.7488051436644,3212100
2023-09-13,587.5087280273438,589.3432164787174,580.465065975178,583.3688244430225,3126600
2023-09-14,580.3768310546875,590.4126303424005,578.807234896199,587.8619617395373,3244800
2023-09-15,564.7295532226562,582.780204738131,564.1409697525564,580.7593216557974,5941200
2023-09-18,560.4328002929688,567.0251749707154,553.6931899264613,567.0251749707154,2723600
2023-09-19,564.0429077148438,567.4273525737789,559.7951072826833,560.7662999727252,2185100
2023-09-20,558.823974609375,564.3274403615051,558.3825070093309,562.5321707219929,1869900
2023-09-21,539.6842651367188,557.2149489700255,532.1991370004205,556.4203314554521,4049900
2023-09-22,540.0865478515625,544.9425712311868,537.2318280987809,538.3894155514421,2353800
2023-09-25,541.803466796875,542.1664366952355,535.3876654806056,539.6550466512015,1686500
2023-09-26,539.5667114257812,543.6084782609311,537.5948666594758,540.2436124668077,1864300
2023-09-27,539.3214111328125,541.2147579657735,533.3470189995462,539.4489475407125,2004200
2023-09-28,534.1121826171875,541.2048827032613,531.1201069435095,540.8517326297516,2178800
2023-09-29,526.9313354492188,535.72123044817,522.0949502151244,535.1325869257506,2967700
2023-10-02,528.0691528320312,530.3745679396523,516.8071494358745,525.8324756550533,2810100
2023-10-03,515.2178955078125,527.1372199044727,506.7615735616223,525.822636966509,3266100
2023-10-04,521.368896484375,525.9894267875842,513.68755226128,515.5808990982821,2220400
2023-10-05,531.198486328125,532.1991379691258,521.5159003500113,523.4092467801265,2950700
2023-10-06,554.48779296875,555.6061614608926,532.4052544203146,533.670738844848,4745200
2023-10-09,560.9037475585938,568.7812472330129,552.8790720505457,553.3107199694354,4208100
2023-10-10,568.310302734375,574.8242395746114,558.9121869837851,559.1770794976302,3526700
2023-10-11,593.7872314453125,597.2305347731971,573.9020903598134,584.8796218294499,5850600
2023-10-12,598.9080810546875,601.3606120991375,590.7656899623628,593.963800024525,4063500
2023-10-13,597.6328735351562,618.0084640317107,591.1189356573733,606.1578752193653,3963800
2023-10-16,604.9314575195312,610.1700298308461,596.877324735077,599.3887139047362,2941500
2023-10-17,596.7597045898438,608.6201719234549,591.089483540962,607.2467304888121,2911700
2023-10-18,595.7099609375,604.185922454352,591.7859113326143,595.7099609375,2049100
2023-10-19,579.5821533203125,593.5125423219621,567.3587763066795,593.5125423219621,3493700
2023-10-20,573.5390014648438,585.5858004494828,569.8503859194788,578.7972126193607,3666900
2023-10-23,565.7008056640625,577.1688426350795,565.2004797764432,574.9321056966038,2781900
2023-10-24,581.1812133789062,583.2315557972055,568.1141200267607,568.9872354998103,2633000
2023-10-25,575.324462890625,588.3130554372182,574.745639320398,585.605452060197,2283300
2023-10-26,557.3131103515625,569.9681940318552,555.4099439351327,568.9871816497005,2846500
2023-10-27,549.5925903320312,559.9717189057988,546.0707891375679,552.3198337066005,2717400
2023-10-30,554.968505859375,562.3260983224382,551.8684733709096,560.3640736656214,2290900
2023-10-31,543.4122924804688,558.7945625844284,537.2122857757275,558.1667001615101,3661400
2023-11-01,543.93212890625,547.8267191935056,540.7928774123301,544.4618540195787,2935900
2023-11-02,569.2716674804688,586.0960541926308,561.129276486516,567.3489214856471,5181300
2023-11-03,557.0286865234375,571.9302682930526,556.410643879093,567.4470341334614,3056500
2023-11-06,583.8887329101562,586.3609031498694,560.1678618818687,560.2561194611493,3978500
2023-11-07,588.538818359375,590.5106630525792,578.9249078931131,585.6644589370118,3168200
2023-11-08,607.3742065429688,613.9862204793402,580.9359106253494,596.1219632804574,7776400
2023-11-09,580.09228515625,603.9603346670449,572.3520826083276,603.08721922221,6279800
2023-11-10,586.3609619140625,587.4890902843983,574.8732847871837,583.7023966695807,3645900
2023-11-13,601.0761108398438,607.0014039998043,567.1723257242135,583.0646782188501,5744800
2023-11-14,600.3290405273438,605.4593570955836,592.3189945594625,597.7736601020777,3827600
2023-11-15,578.4317626953125,602.3832014399818,574.3825287827436,600.3880980252959,4287000
2023-11-16,578.6382446289062,584.8693818018126,571.7584693212165,581.3410134997844,3030500
2023-11-17,581.5473022460938,585.9405004462106,577.1245905073557,582.2745830230097,2628200
2023-11-20,587.3362426757812,594.4715623406638,580.5449477803619,581.2820665889343,2827200
2023-11-21,582.4219970703125,591.2281295477032,581.6062956144126,588.1617207359154,1851600
2023-11-22,584.8693237304688,588.8890441684789,576.6725372835054,585.173997064369,2052200
2023-11-24,590.776123046875,593.1349271995047,586.7268885748033,588.0831919645331,1341700
2023-11-27,581.3705444335938,593.3216709313257,580.9872282581348,590.8449325506765,2630700
2023-11-28,581.4391479492188,585.1542546163907,579.2376299183912,581.8323018776667,1793900
2023-11-29,581.69482421875,584.3287881748031,574.402279087378,582.0290111325756,1908600
2023-11-30,580.8887939453125,585.9896574585117,576.1417929779998,581.3016235843684,5658400
2023-12-01,574.009033203125,591.6310764679141,572.9869169020383,581.5375055324275,3638600
2023-12-04,575.6210327148438,577.0068497835929,564.4659911396362,572.1320153929819,2577100
2023-12-05,578.0485229492188,581.6357980532152,569.4192910256705,573.2621702034807,2157300
2023-12-06,579.129638671875,583.6997989751951,574.3629613555382,580.5940383427417,2093100
2023-12-07,578.1665649414062,578.7562360313024,567.6896153447925,578.1764027907188,2095000
2023-12-08,587.7784423828125,588.0241486174,574.7265583946995,578.8838886881202,2446800
2023-12-11,574.009033203125,590.8645042388168,557.6646503114122,588.3779284472419,5614100
2023-12-12,574.7167358398438,575.7879814585003,568.2398929295532,572.0041293399194,2846100
2023-12-13,587.2379150390625,588.3878034487553,572.3088014606028,573.2424971722659,3112500
2023-12-14,563.8171997070312,584.2894612080912,558.9227504136541,584.2894612080912,5275900
2023-12-15,562.215087890625,563.8564485289722,552.0035836107769,562.274054980293,5317000
2023-12-18,569.8026123046875,573.036084849928,565.8123453392709,566.5690797725716,3033900
2023-12-19,569.8517456054688,575.0607059687396,567.3357160722543,570.2841909933748,2192700
2023-12-20,560.416748046875,569.9009747128129,560.2398467190368,566.5790209206727,2647100
2023-12-21,562.1758422851562,565.1243169824561,557.2813934834375,561.5959492004639,1786500
2023-12-22,560.5935668945312,566.0089422496543,557.6745454474618,563.1784014469289,2226100
2023-12-26,560.8687133789062,562.9326818247582,557.8907848888482,559.7188249510126,1678700
2023-12-27,571.5225830078125,573.6552964900708,560.7016700148832,560.7016700148832,2163400
2023-12-28,570.8739013671875,576.6136260038417,570.0385240766548,571.9844984630458,1973500
2023-12-29,572.9083862304688,576.1025677816887,569.5176276633357,572.839581275555,2000100
2024-01-02,582.0288696289062,582.5398977435588,569.1046992683125,570.4413266248906,3226700
2024-01-03,607.0909423828125,609.194202029823,588.5155280945809,589.6949299518586,5130300
2024-01-04,603.9459228515625,625.479590793673,602.7370673767234,614.5211287552113,6272500
2024-01-05,607.9263916015625,609.2925327480737,599.7099890004547,603.4545498500491,2404000
2024-01-08,615.2780151367188,615.3074686960123,599.1203683823736,611.7398088479024,2453900
2024-01-09,614.7373657226562,623.523823678138,613.0075841137299,619.2878503006121,2918900
2024-01-10,619.3665161132812,626.1086815099474,615.0126083721614,617.6957015431677,2679100
2024-01-11,624.801513671875,628.7721652761524,617.3517429634027,623.4943995424152,2690300
2024-01-12,631.8778076171875,632.9392753722113,622.1380386403899,627.2389025913894,2067800
2024-01-16,623.6712646484375,636.6052151961442,622.7866981576578,632.8508165145743,2413600
2024-01-17,618.1083984375,629.5190414298487,614.4523185028055,628.4674115595473,2124100
2024-01-18,612.6438598632812,613.164785839051,602.1768109703658,610.6094651670292,3385000
2024-01-19,617.7840576171875,618.7767203081359,609.3514036541665,611.7003694296171,3125000
2024-01-22,620.044677734375,621.7744594353168,614.2656615911748,619.1797868839042,2030200
2024-01-23,618.8651733398438,619.179684505001,604.2604097815431,616.9093613946242,2525000
2024-01-24,622.8162841796875,632.1236091773142,621.1454694953769,622.6393828583207,2276900
2024-01-25,616.840576171875,621.7448629619878,613.9510684856753,616.5948699400107,2407900
2024-01-26,628.2709350585938,628.6148998433018,619.6712155720662,626.403543403909,2410300
2024-01-29,633.9221801757812,634.5610404761378,628.7820241741895,630.4822923763778,2718500
2024-01-30,633.90234375,635.691092150572,629.9907200971445,634.6100088253395,2006100
2024-01-31,634.5216674804688,652.153551314369,626.0595581788587,639.2097621747214,4719000
2024-02-01,649.0870971679688,649.1755778107794,632.1235283414387,636.212113868684,2494300
2024-02-02,656.1831665039062,661.0677781928974,648.4089867909097,651.0036593113649,3019200
2024-02-05,694.0709838867188,699.6534223415529,670.8075343780013,679.1517085118212,7602400
2024-02-06,692.921142578125,729.2561542459787,679.2303374599603,729.2561542459787,8187300
2024-02-07,712.9215698242188,728.2634529570008,694.8769180683432,698.1791955164366,5798000
2024-02-08,723.0447387695312,728.2733753292955,713.2852930435037,715.8111606664859,4636900
2024-02-09,727.4476928710938,732.8925815176788,721.0102014081523,722.8677549714141,2833900
2024-02-12,724.5975952148438,728.0767742449692,713.9732589813818,728.0767742449692,2932300
2024-02-13,730.20947265625,730.2193105043012,717.6391623087225,717.6391623087225,2860300
2024-02-14,745.6077880859375,752.2436297182597,733.488008760964,734.2953450554749,3394300
2024-02-15,746.070556640625,751.200011504094,738.4206020724542,744.121111406021,2507000
2024-02-16,769.9754028320312,782.1936138400418,751.7021991886381,759.115872512038,5009400
2024-02-20,743.9832763671875,781.1204462513376,741.5613275237141,777.7926702724305,4701100
2024-02-21,734.3839111328125,737.9184636366173,721.9097092337269,726.6749462999677,3541800
2024-02-22,757.747314453125,763.1426166780849,744.5839163689857,751.7809577302168,3167400
2024-02-23,757.6488647460938,765.6335927828187,750.4813882713592,762.0399694070729,2394800
2024-02-26,759.9920043945312,768.1637378628727,757.2352829957199,759.3815896595095,2243800
2024-02-27,753.1790161132812,761.0061826128634,733.9212648500659,743.2351080419289,2716700
2024-02-28,745.9326782226562,751.2098390790301,740.0450425531473,750.4714283590965,2716300
2024-02-29,742.033935546875,744.7710071158998,732.5330858845258,741.4432309380334,3905400
2024-03-01,770.034423828125,771.9641589069203,752.3224207451135,757.136873304604,4247500
2024-03-04,780.0374755859375,788.4061309821421,774.0119884160096,784.1331675511196,3855600
2024-03-05,765.5745239257812,776.3454788912096,757.3929343927055,773.1752038363331,3168700
2024-03-06,767.7208862304688,775.6759894886536,762.0400259804668,772.1710015919596,2518600
2024-03-07,768.104736328125,780.7365006240537,749.3589690421676,759.9133520343802,3977400
2024-03-08,750.3631591796875,767.947165758168,743.3334745479704,767.947165758168,4054900
2024-03-11,723.0223388671875,745.1057380706495,716.3766414397284,740.5866974715123,3968900
2024-03-12,743.2843017578125,744.2884995541338,726.606061234805,729.5104889823722,2701700
2024-03-13,746.1297607421875,749.0144786993903,734.187190647852,745.3027141169405,2357500
2024-03-14,748.9749755859375,756.1326568141337,737.8200930687262,753.129798255347,2647500
2024-03-15,742.5164184570312,749.1326111076218,736.1562779484209,743.7077429617856,3730100
2024-03-18,750.8750610351562,757.7866045533794,746.5332324737197,750.5009882244087,2521400
2024-03-19,760.8388061523438,761.8922193182586,743.3335190709779,746.7203655880419,2557100
2024-03-20,760.9175415039062,761.2128938034604,744.948206223761,758.2100352559487,2038000
2024-03-21,758.3577880859375,768.4789080891982,747.1536294616791,762.0399871948678,3013200
2024-03-22,758.7022705078125,764.9935445822537,755.4237700115725,758.1017108472784,1981000
2024-03-25,761.1932983398438,766.4606050179868,756.2804144466013,759.1847823746823,1806600
2024-03-26,762.926025390625,766.3030167402271,757.1171700104333,762.2368299924972,2099000
2024-03-27,766.1553955078125,773.1260107185935,755.5222913456897,766.6772346830676,2297700
2024-03-28,765.9388427734375,781.4060505484247,764.4423108593598,768.2623612037992,3209400
2024-04-01,748.7978515625,765.4859495551307,742.1718637945147,764.0091277875002,2921300
2024-04-02,752.1550903320312,753.2479238682887,741.8566996500122,743.4024467660988,2596800
2024-04-03,763.9992065429688,775.0852239334835,753.5826744181016,753.8583766350293,3044900
2024-04-04,756.2113647460938,775.7251060939199,755.9553727461254,769.4633374618289,2354000
2024-04-05,772.0921020507812,774.5534710731657,751.2984613570385,753.6416293816927,2113400
2024-04-08,765.2791137695312,773.0669202742293,761.3999931558044,772.8897088868441,1664200
2024-04-09,745.5389404296875,765.8009502720864,739.0508043057316,765.6237388853165,2464100
2024-04-10,750.2056884765625,753.4350339973879,735.2898258576059,739.6710754403723,1700300
2024-04-11,747.852783203125,751.5349828200797,739.0705724645085,748.0398497121591,1594800
2024-04-12,740.0254516601562,751.7021730233449,738.2040023500724,747.8329077524207,2495000
2024-04-15,739.1688842773438,756.1326216508181,737.9381996717923,748.3251657242423,2358600
2024-04-16,735.201171875,741.502301465998,731.5189729314956,740.0648401283197,2569800
2024-04-17,739.1688842773438,759.903456107994,733.3698839939001,747.4686140461403,3069400
2024-04-18,734.4234619140625,740.576885818946,732.2771548670828,737.8398140218793,1717300
2024-04-19,715.0869750976562,738.4207720932515,710.9125016616105,737.583870332098,3505500
2024-04-22,720.029296875,726.4780723866056,714.2105862307399,718.463839568446,2354100
2024-04-23,734.1673583984375,734.6300669616585,720.1375540254068,729.7467489510622,2042000
2024-04-24,720.8858032226562,741.0099596446584,717.5284620758964,741.0099596446584,2133400
2024-04-25,713.6690673828125,716.7408513172022,707.2005819559665,713.7970633877472,2608800
2024-04-26,722.1755981445312,726.0547185136215,709.8588967157792,712.3005557995845,2009200
2024-04-29,725.8085327148438,729.1363085476447,718.3357896817265,724.3809266174792,2665600
2024-04-30,769.0301513671875,783.2076616744059,755.797828444457,763.0244346922244,7437100
2024-05-01,764.7473754882812,770.5168102073121,756.378720590759,762.7881353093491,2802100
2024-05-02,744.2293701171875,765.3282786400138,742.6344077691688,765.3282786400138,3205600
2024-05-03,723.6129760742188,733.488018101691,719.0545756222194,731.5189227510823,4595100
2024-05-06,754.8331909179688,755.1383983690115,724.6272679904962,726.6357241110325,3398300
2024-05-07,765.7517700195312,767.0513803408039,750.3337176511856,757.0188357452782,2879400
2024-05-08,763.0244750976562,769.2763290180987,760.2677535286114,767.061096671041,2089800
2024-05-09,759.6277465820312,771.8853771534461,757.3140835827293,764.9935434288618,2522100
2024-05-10,748.2562866210938,765.4070915228785,748.2562866210938,762.05966524321,2082300
2024-05-13,745.9918823242188,751.7514629347465,738.9326914027351,751.7022475630041,1848900
2024-05-14,752.1746826171875,752.6866666166017,739.9072575495355,739.9072575495355,1956200
2024-05-15,776.179443359375,776.8105821195152,752.5888790359128,753.6244642747732,3038300
2024-05-16,760.49853515625,775.6469510109181,759.5320530060202,773.901372045141,2299700
2024-05-17,759.393798828125,764.1967132337294,756.5337201833338,762.2440055846781,1670300
2024-05-20,772.392333984375,773.5265177602934,755.5673238267101,756.3366088631307,2188800
2024-05-21,792.1069946289062,805.3618723860327,780.4892854824506,781.5445543593412,4334500
2024-05-22,791.8505249023438,793.7934210154942,784.296061814185,789.9668601234356,1767500
2024-05-23,797.3142700195312,809.3067494119445,791.1108711355107,798.8429079897581,3025800
2024-05-24,796.308349609375,798.961299616177,793.0735600462516,796.8705055804576,1778100
2024-05-28,796.732421875,797.8567338205005,777.3925468899994,797.8567338205005,2483500
2024-05-29,800.3518676757812,804.3756256767433,791.0418935379302,791.9393325475395,2380000
2024-05-30,803.833251953125,808.6953382492857,795.0065184133271,801.5944999750283,1984600
2024-05-31,809.0404663085938,814.8296067032696,799.927689724386,807.5216401140041,4472100
2024-06-03,819.8101196289062,826.733444441962,807.2258679994161,812.4824686980122,2537200
2024-06-04,821.121826171875,823.9621013075157,813.9420729223535,822.5123781673913,1748300
2024-06-05,820.30322265625,826.9010760007623,806.3579746900868,819.0506965644819,2169000
2024-06-06,825.7570190429688,835.3036780333739,820.4215636879965,823.3802412335767,2109000
2024-06-07,838.2820434570312,845.0081105187876,825.4808520590293,826.2205213960992,2468800
2024-06-10,853.0853271484375,859.6240090957784,837.6903566739635,842.2170994409247,3417500
2024-06-11,853.8941650390625,869.9893798754722,840.491327802173,869.9893798754722,4109100
2024-06-12,855.353759765625,859.9890337986141,842.0890086159641,859.9890337986141,2594600
2024-06-13,871.1629028320312,872.8690543018569,849.633575526349,857.0598851204547,2243400
2024-06-14,866.35009765625,872.4252223203348,863.9338323192073,870.1766587154115,2023300
2024-06-17,872.8197021484375,879.9106680359495,864.7819378258979,865.9062496810345,2532200
2024-06-18,879.1809692382812,882.5439730975586,871.8237022977567,874.7823800204866,2437000
2024-06-20,873.7863159179688,892.9782944895009,858.1447868672977,880.6997694277925,3360000
2024-06-21,871.7053833007812,879.6839173974098,867.681564635885,873.4608341620669,3445900
2024-06-24,877.8495483398438,891.1340429216041,870.7783252743042,877.7213341533533,2878200
2024-06-25,892.1497802734375,896.8935243559744,879.2203734128235,879.4866736630695,2830100
2024-06-26,888.845947265625,893.8658032917255,885.473071606579,891.5481965488312,2232100
2024-06-27,896.5187377929688,897.0414663942552,887.3271055166174,891.0846838453488,1948100
2024-06-28,892.9091796875,902.9292080040129,892.9091796875,898.7574918515952,3375400
2024-07-01,901.7753295898438,904.2014668614479,891.8538999032635,899.2111664464175,2546100
2024-07-02,894.2208862304688,899.4379994476134,866.399432581939,890.2759827241196,4584600
2024-07-03,885.7294921875,905.8485254310893,871.8237305183266,898.4518308848366,3078400
2024-07-05,901.97265625,903.8366377048371,884.5460609169697,886.0549552891327,2880900
2024-07-08,905.3553466796875,915.8191886908317,899.4379914726308,905.2468762808928,2364600
2024-07-09,919.6556396484375,922.1212043659937,908.0971011458709,916.2531482993198,2416000
2024-07-10,926.8353881835938,932.6639566600536,920.1487478109879,923.6695814326984,2683300
2024-07-11,921.2730102539062,929.8926143673675,905.9667661271784,921.2237110013508,2855100
2024-07-12,935.3366088867188,937.6936428918835,923.1370000855658,924.0936102551416,2315100
2024-07-15,937.3683471679688,952.7928754272824,935.0309964594314,943.0292745445767,2358700
2024-07-16,928.6302490234375,943.2165680695155,925.4546306362021,942.5853690701874,2111800
2024-07-17,893.1163330078125,912.2589511071068,890.2069545843103,897.4754346008184,4200600
2024-07-18,837.2072143554688,897.3373802921824,825.1357584334295,894.5365323655615,7649600
2024-07-19,845.6590576171875,868.0858841928044,841.250656924996,855.7087015185947,3782200
2024-07-22,854.0419311523438,862.3755512404564,845.0180011565387,852.8880638153578,2904500
2024-07-23,866.1923217773438,875.4924247667052,852.1780902994169,858.0165307577125,2087700
2024-07-24,848.0359497070312,866.2417018774491,842.5032367372685,860.4821160136437,2726100
2024-07-25,809.8787841796875,839.889628682896,795.2727821816129,835.3332702064168,5468000
2024-07-26,793.537109375,810.6875928825597,790.262832037683,800.6872474251126,4173900
2024-07-29,796.663330078125,813.4094853626968,792.9255559062295,802.7976859535368,2473700
2024-07-30,779.3255615234375,810.5790615558411,765.1238850065726,803.9515924498209,3848600
2024-07-31,793.19189453125,799.9672613982113,781.1796707366711,789.1483323740676,2961700
2024-08-01,820.973876953125,829.307497708449,808.8827379890567,822.1376162724408,4060700
2024-08-02,793.3792114257812,808.8925236590447,776.1794314413174,805.420989656574,3515900
2024-08-05,764.5814819335938,782.0179481905217,737.2531412512581,747.5592136899636,4661800
2024-08-06,782.254638671875,795.1643619661884,774.187318172091,778.2703077744693,3437600
2024-08-07,761.50439453125,775.7454973203335,752.5100201586125,767.5795189008772,4407700
2024-08-08,833.6666259765625,865.6894127444766,813.8730646350068,862.9476758068614,9434900
2024-08-09,879.39794921875,895.9764050558482,848.1543182982604,848.1543182982604,6587600
2024-08-12,872.1983642578125,892.2581630090147,870.8373678594189,891.7552384221691,4206100
2024-08-13,895.5423583984375,902.0909123965657,878.06646547673,881.7648123619675,3506800
2024-08-14,918.8468627929688,921.5096845401742,891.3410102852133,897.4654942843414,3562900
2024-08-15,920.0321044921875,926.333022514604,908.5956338747667,924.3972970725887,3080000
2024-08-16,910.6893310546875,924.6935475478202,907.9931916150886,916.8816269845554,2364900
2024-08-19,910.3831787109375,914.5212415997288,905.1390042399044,910.6893335189052,2374600
2024-08-20,938.194091796875,955.0130159336348,918.9753575829427,920.5456141013377,4961500
2024-08-21,940.1692504882812,944.6431250639544,927.5279326947314,943.7740288145329,2617000
2024-08-22,942.3419799804688,960.4744330805187,936.3867599119891,940.1791250659779,3183700
2024-08-23,940.9298095703125,948.5936261266398,931.4191783871742,943.5963523814046,2063300
2024-08-26,938.7472534179688,943.1618143377551,931.083436779408,937.4337232278565,2166000
2024-08-27,942.6482543945312,960.425126540942,938.1744395825383,940.6928177475669,2912900
2024-08-28,937.1768188476562,946.4603193374624,931.5672360992513,942.3222567108492,1701800
2024-08-29,928.5452270507812,945.6505343519756,924.3972784890287,943.161753159212,1762800
2024-08-30,948.1195678710938,949.0874004575506,928.8514050705126,933.285737182503,2555100
2024-09-03,944.6728515625,957.6302107882739,939.7841998697531,945.8974708371063,2529400
2024-09-04,934.5794067382812,942.1740828360157,926.382306752547,937.9767664292515,1891700
2024-09-05,901.4354858398438,931.3105046803316,894.9370351115855,929.4932869291206,3201100
2024-09-06,891.5199584960938,916.3977037126625,881.9303027092425,906.3833854726037,3440000
2024-09-09,897.0110473632812,904.0822650313306,884.8141025712694,901.2577322376877,2405900
2024-09-10,890.0780639648438,903.766240306924,883.9055392494148,902.7786363524554,1930400
2024-09-11,909.4745483398438,910.1164546924649,886.0782100933127,890.9668613379297,2721100
2024-09-12,923.4293823242188,925.9971282539625,907.2425405593984,912.8521232620578,2510800
2024-09-13,912.2595825195312,930.6684726440759,910.6694944944512,925.3947017917218,2045400
2024-09-16,912.0916748046875,921.04924931977,909.0202411738624,919.5876148518136,1760300
2024-09-17,894.9468994140625,910.0769984723362,891.1149914403154,910.0769984723362,2248000
2024-09-18,893.7518920898438,904.1513903190848,892.2606608020624,895.075307867492,1777000
2024-09-19,903.6970825195312,905.4451607727258,892.6556777653104,901.534227491846,2446500
2024-09-20,910.0670776367188,928.2093558488212,901.8798632806535,910.5608795701534,9921800
2024-09-23,907.134033203125,910.5708757878912,898.1764578098316,909.5832718011364,2292000
2024-09-24,912.970703125,914.205208050141,897.9295144062223,910.689340434482,2767400
2024-09-25,913.0990600585938,927.656331910957,909.7708397353789,920.2394169718175,1805100
2024-09-26,898.0479736328125,910.4226189903163,894.0777867184976,908.8523625662014,2693000
2024-09-27,866.9088745117188,890.0386030867395,864.7559050722039,882.5426623680097,4377300
2024-09-30,874.9578247070312,876.4293449123622,848.1641253694436,853.8033654878003,3244600
2024-10-01,873.5159301757812,880.2217996342015,867.97548643386,877.8120435636271,2455200
2024-10-02,880.0242309570312,882.2759365465287,867.8075753065574,869.0914483449915,1751600
2024-10-03,874.5726318359375,880.9426891212819,869.9605384468978,878.5131617985361,1974700
2024-10-04,876.1626586914062,877.9502193582174,866.0200075202831,874.9281538033167,1970500
2024-10-07,887.2633666992188,894.0580863445266,878.5428073957436,879.4711574716594,2915700
2024-10-08,902.3933715820312,910.5411034410853,891.0458128556268,891.8062871182765,2200000
2024-10-09,908.3387451171875,909.9287728309141,900.694701048907,904.931499817377,1820100
2024-10-10,899.4009399414062,910.5707369169569,893.929636389495,908.5955292446858,1682100
2024-10-11,920.506103515625,920.683864987074,899.8849289277126,904.6846694925131,2293900
2024-10-14,917.9876708984375,925.3848141438767,914.5211717152933,924.3972102867327,1550400
2024-10-15,901.9984130859375,915.0347967937024,896.546820196849,912.9805637765944,2284200
2024-10-16,905.0599975585938,906.4327815198582,886.7103595158986,898.7492541118276,1645400
2024-10-17,905.7512817382812,918.9753123939066,904.6846526508845,909.583189683227,2191200
2024-10-18,906.5906982421875,909.5041417228571,894.3938145237004,905.8105128829028,2286900
2024-10-21,894.8975219726562,907.469700263693,893.3469766244708,906.6006040140278,1592200
2024-10-22,897.8801879882812,899.8257389070016,889.0411202578198,890.5027548679675,1391800
2024-10-23,892.0532836914062,896.6950343946135,880.6760666960664,894.3939002722196,2646600
2024-10-24,880.2711181640625,888.8435128097339,877.2688239988529,887.1942311695166,1797100
2024-10-25,881.6339721679688,889.7915896433063,878.4242596437558,888.5767959139557,2228300
2024-10-28,884.4882202148438,887.0757376599736,879.7378477762671,883.7771140484133,2084100
2024-10-29,892.3792114257812,896.7246327234064,887.0757829331174,887.0757829331174,3187500
2024-10-30,836.3325805664062,849.8331082435407,759.4673564663368,788.6016698808452,18257200
2024-10-31,819.4544067382812,842.9198837982531,815.0101894247579,826.1405040746528,6582800
2024-11-01,808.7785034179688,822.6740983632459,806.6057626510928,817.7360785651472,5266300
2024-11-04,796.1470336914062,810.0228566272654,793.7175063627076,795.0211507626026,3918100
2024-11-05,796.0679931640625,799.1789695446244,787.6042205507886,793.86565576743,3733300
2024-11-06,766.755859375,810.5560647251991,758.0945545756394,807.1982479009105,8257900
2024-11-07,787.5647583007812,792.6015141828991,768.5434971511894,774.9234401766238,4557600
2024-11-08,821.2321166992188,836.7671668728314,791.327502265469,793.5397253337156,7212900
2024-11-11,822.1209716796875,833.5376700574842,814.4077878311746,820.9950887959316,3342800
2024-11-12,808.7093505859375,823.6518030711303,800.6702400202018,819.9088058261101,3378600
2024-11-13,801.7467041015625,818.8322391845533,801.2331307943823,810.1512227721638,3059300
2024-11-14,776.4837036132812,799.1591081885956,773.7974502551698,799.1591081885956,3998800
2024-11-15,738.1705932617188,769.6085959980185,736.1921140840558,766.8486392814001,7334600
2024-11-18,719.3750610351562,726.1018783501875,703.7450871735967,725.3005966761358,9148100
2024-11-19,721.8777465820312,722.1448605775761,704.7540126456629,708.6021689277734,5832500
2024-11-20,745.3028564453125,749.2202663456467,727.546056882897,727.8724624241372,5158900
2024-11-21,741.8505859375,744.8974609839966,727.0911471756142,738.0914873202986,4143200
2024-11-22,739.9611206054688,753.0883493786197,737.0626558316935,748.903824826042,4015500
2024-11-25,746.8758544921875,746.8758544921875,732.0471634125473,741.9296567803187,5690500
2024-11-26,780.8265991210938,798.3163477976982,765.62199147844,776.750936847367,6622600
2024-11-27,779.708740234375,786.2773054796007,771.9036255248399,779.6394862189667,2714700
2024-11-29,786.7916259765625,791.7180798302923,780.8364451393925,782.8149241741015,2206900
2024-12-02,791.1937866210938,796.6840540937616,786.663052538311,789.5219693524979,2895600
2024-12-03,804.578125,808.337222769967,792.984207447729,794.2900107447796,2782100
2024-12-04,820.9105834960938,837.3517401622194,811.6710594340333,819.1892559428824,3871100
2024-12-05,816.7359619140625,822.1866815583279,808.6637936589251,818.8727531787458,2423400
2024-12-06,817.8142700195312,831.950481796838,816.8052263328897,818.7738034247557,3047100
2024-12-09,794.9331665039062,814.8366622210737,792.6579275229691,814.8366622210737,3176000
2024-12-10,790.9761962890625,805.2410140546959,788.4239412795979,800.5619301860041,2695200
2024-12-11,787.4644165039062,790.8970488851689,777.9083282927184,786.6927806453166,3510900
2024-12-12,773.9315185546875,793.2118476228133,770.0141686762252,788.1567877603825,2823800
2024-12-13,780.6287231445312,785.7035269591279,764.6722840808942,768.7677503836198,3059400
2024-12-16,770.6175537109375,791.1739790547108,766.9079056667578,783.4776669307606,3426200
2024-12-17,770.24169921875,779.5207710958218,764.1183039443717,769.489867494714,3924800
2024-12-18,756.4813842773438,770.6175954538783,754.2951431753302,766.6606373257454,3354200
2024-12-19,749.3884887695312,764.6524474098912,744.3038434936045,756.8671371707532,4032600
2024-12-20,759.4985961914062,802.6195160458608,758.3609465131781,802.6195160458608,9942300
2024-12-23,787.7117309570312,790.7585454266241,764.7514583004688,776.7212332071093,3622300
2024-12-24,787.1082153320312,789.165850500646,778.6304251486231,782.8544973454683,1165400
2024-12-26,785.5947265625,795.2595561035016,782.9831196070459,785.5749224500158,1274200
2024-12-27,774.74267578125,784.7636766620864,770.8351677134963,781.4991984152696,2096500
2024-12-30,765.5131225585938,771.369403502683,762.7036558072878,769.5491762530727,1719100
2024-12-31,763.6929931640625,765.5824142879097,756.0758359493118,762.7037535356116,2327000
2025-01-02,769.6976318359375,778.5315338629526,763.4654346824714,772.1905348486804,1938900
2025-01-03,773.5655517578125,777.3840624454683,767.1850047339724,769.7965513521464,1799100
2025-01-06,756.8671875,776.3255737422537,755.1360182144297,775.2868238681971,3991100
2025-01-07,764.9691162109375,775.5243468730488,753.4247062655867,756.6694413373863,3576100
2025-01-08,778.7492065429688,784.0317728286032,762.3773024479053,765.503333546789,3478400
2025-01-10,791.2926635742188,791.3915633682859,776.4144635407288,783.4083937274022,3973100
2025-01-13,788.8987426757812,796.6742114821718,775.1779948490623,785.8519283123518,3683800
2025-01-14,736.8944091796875,775.7913156659957,721.1556344510946,775.7913156659957,10373000
2025-01-15,738.7047729492188,746.4801817534102,727.358223661927,740.9404641169773,5736900
2025-01-16,749.4478759765625,757.272794806957,738.3684410672477,739.4565804456437,3070300
2025-01-17,717.910888671875,747.1528673839546,717.2085672419313,739.783020748779,5560100
2025-01-21,734.3619384765625,735.2819843693536,718.7122222975308,723.4012079934328,5122800
2025-01-22,745.8667602539062,752.1880149917868,731.0974221333154,737.5571848885482,3737800
2025-01-23,758.35107421875,758.35107421875,736.2415926975644,739.614873260528,3127200
2025-01-24,776.9585571289062,780.796811159898,752.3067260755857,753.7510374594988,4170600
2025-01-27,799.4737548828125,800.5421505624513,770.330794753814,770.330794753814,3915200
2025-01-28,796.3279418945312,807.367889170392,791.5004480226709,798.5537308993622,2808800
2025-01-29,795.4277954101562,800.4135412638027,790.4024413302913,798.3064560830512,1827600
2025-01-30,814.3717041015625,815.7467616490654,796.3378853482407,799.7111658488745,2643000
2025-01-31,802.3524169921875,818.4473031299844,802.3029670912364,814.1441353146105,2561600
2025-02-03,801.7093505859375,809.1583529082218,793.1227590800933,795.6156619096046,2808800
2025-02-04,817.18115234375,820.119164933589,797.2677546401995,802.3227544356474,4299700
2025-02-05,833.1177368164062,837.7869787761975,822.1173981168293,826.1634143449282,4578900
2025-02-06,861.0044555664062,878.187542383469,826.6184778194306,830.4864384212601,7138500
2025-02-07,868.8590698242188,879.7901558212528,860.2625748976006,867.0982546536155,4426100
2025-02-10,859.5304565429688,870.5307954000251,850.1227788548647,868.2852023226244,3065600
2025-02-11,855.6921997070312,864.7833134693433,851.2406217894802,857.7003849492424,1944200
2025-02-12,863.576416015625,868.3347161870159,846.8978517893537,847.7090354610956,2533400
2025-02-13,862.4784545898438,873.9932184442021,858.462144082644,867.6324148298514,2472900
2025-02-14,836.6246337890625,865.589918756669,833.8697793720926,861.2297392774525,3222300
2025-02-18,849.4375610351562,854.9174521760136,843.6504190638013,848.6645953631569,4289400
2025-02-19,859.1983642578125,873.3490798868614,849.4177474775664,849.4177474775664,3205500
2025-02-20,865.2134399414062,872.3482522972148,856.176031118199,858.9903400549865,2990300
2025-02-21,865.768310546875,886.3007103075577,865.5205744427509,872.6454672166595,3940400
2025-02-24,873.41845703125,885.0223777603499,862.1415044212681,871.3275182879961,3017100
2025-02-25,893.6337280273438,903.7413739109966,882.6738843989931,882.6738843989931,5111300
2025-02-26,906.72412109375,914.0769122227404,888.4807992910095,890.2347903803555,3032800
2025-02-27,896.9632568359375,917.1190936755086,895.8732421277363,907.4276278679775,3085400
2025-02-28,912.293212890625,912.8778362581602,884.5269294674858,893.673388060028,4071100
2025-03-03,921.30078125,927.1572964142837,901.7593870802306,904.5340192516808,3979800
2025-03-04,902.809814453125,920.7458841347437,894.6146848035528,913.8885657321374,3343500
2025-03-05,921.30078125,922.0638277780656,893.4751065674562,896.606464200426,3109500
2025-03-06,904.4945678710938,922.945950772506,890.1457099711656,912.08517660191,3273100
2025-03-07,861.7055053710938,899.7775748061075,853.5896677781592,897.1912242665609,4818100
2025-03-10,822.2461547851562,855.373423644403,818.302214853086,846.1774292413895,5962900
2025-03-11,816.59765625,824.8125637173554,804.2901434898292,819.7092362442982,3796500
2025-03-12,814.4176025390625,827.0918209403958,805.8955043429839,807.5702029061785,3014800
2025-03-13,794.3906860351562,813.6744273793382,788.1774446390444,810.8304214907006,3566300
2025-03-14,806.1134643554688,807.8278393661346,792.755552647738,795.8373753428683,3102300
2025-03-17,817.2913818359375,821.4929767685143,807.1936551304258,809.5521078395997,2546600
2025-03-18,815.0617065429688,828.7168892327269,805.2612516896747,825.8728835790433,2354900
2025-03-19,829.4304809570312,834.5041120522384,812.0790327640384,814.2789005631333,3790500
2025-03-20,834.9401245117188,846.6530958983386,824.9216900138515,831.4322027138546,4402700
2025-03-21,829.9853515625,842.7288826939503,817.8462820307219,830.2132494319782,5963800
2025-03-24,857.06787109375,859.020002610671,830.1736244529919,837.6651620066039,3102400
2025-03-25,844.6314697265625,866.9970930081133,840.2415931127327,861.6757262008502,2670600
2025-03-26,819.2732543945312,843.6999991325448,818.9165289034271,838.0318258323884,2562100
2025-03-27,814.2293090820312,819.2831620651702,807.9070786540999,815.368919392211,2128200
2025-03-28,815.0617065429688,822.2658918481783,810.0276919421065,812.5744263655606,2124700
2025-03-31,818.4309692382812,820.5119890384101,782.2516352939889,801.65428562217,3737000
2025-04-01,797.9381713867188,813.2284368249927,789.7827180068534,811.1870936996306,2987700
2025-04-02,810.810546875,812.4257911830879,787.8404615544745,787.8404615544745,2683800
2025-04-03,781.9443969726562,811.3753992902953,779.9327506707667,803.1704105450145,2675100
2025-04-04,731.525146484375,761.3129351391663,728.0469216817652,755.2086832711096,5299400
2025-04-07,717.1762084960938,741.2264496872552,670.9586052469618,691.6098537450821,6274400
2025-04-08,719.66357421875,756.5861785422898,706.8209713114016,748.1433114587874,4115200
2025-04-09,746.884765625,747.9946185740325,682.7607282821751,698.0212970550468,6619000
2025-04-10,714.3817749023438,735.2312859500568,685.5056980573722,732.2089173130028,4182700
2025-04-11,725.7776489257812,729.1766418522772,705.532659649982,716.3438982280659,3603400
2025-04-14,747.5189819335938,752.6818247080322,727.8685954531355,743.6543345564743,3461200
2025-04-15,750.3233032226562,758.3796863520244,744.684826944257,748.7278971913169,2458100
2025-04-16,728.2451171875,749.4512926140219,723.7264128112408,748.7972958743117,3302600
2025-04-17,832.353759765625,850.2303766811353,814.3978503554307,833.1861192712236,10853400
2025-04-21,810.6123657226562,836.2678705340638,799.6921389687251,833.8896402392384,3326600
2025-04-22,820.046142578125,824.4657765675412,806.6287765937242,814.43742364308,3086500
2025-04-23,821.9091186523438,838.3489134874701,811.2267690638973,829.3808784220079,2714600
2025-04-24,851.9447021484375,854.4419016619271,821.7011169051259,828.4296083379195,2939500
2025-04-25,876.530029296875,877.5606502892196,843.3631457984009,851.8753252127551,3398900
2025-04-28,869.3456420898438,874.2607483769284,856.5822726277341,862.5576967431444,3457600
2025-04-29,877.18408203125,884.3882074061486,866.115248919826,869.7519982936644,2454400
2025-04-30,890.8095703125,894.3274111907766,874.1319574435178,880.1569169382054,4374100
2025-05-01,786.908935546875,843.2243235712637,784.8973498358386,836.3570860350544,12601100
2025-05-02,816.1617431640625,824.0001484029524,800.2769335225877,817.6481599849313,6059400
2025-05-05,814.0213012695312,822.1272201264519,804.6767017715935,809.6016669686994,2889600
2025-05-06,768.1008911132812,811.008775593729,763.3740665239776,809.4926619692526,5982000
2025-05-07,769.6863403320312,777.2373926472083,765.2667668158506,773.4321393659171,3807800
2025-05-08,744.645263671875,763.0074339798549,732.3872849294113,758.0725496775156,6162000
2025-05-09,727.9180908203125,755.1096096545917,726.3623007354679,745.2001648969455,4072600
2025-05-12,748.7279663085938,758.3995946052854,715.6403139131869,721.2787907120905,9176100
2025-05-13,739.3040161132812,752.6223119795914,734.1411737399764,748.7080692941358,4523900
2025-05-14,709.0802001953125,752.6223012546769,707.5640866548499,742.4552016355852,7558500
2025-05-15,726.649658203125,731.9908634825607,705.7605920477652,719.1284234469372,5212900
2025-05-16,752.06982421875,753.5394087517552,732.8160122774633,734.8019635302478,4645100
2025-05-19,749.8058471679688,753.3904748080496,742.3088929453609,747.7106830399196,4062700
2025-05-20,741.7628173828125,758.1369776416593,737.7809749675873,750.6896595901695,3873500
2025-05-21,719.8577270507812,745.2481223099613,718.8845696778066,741.8024652055376,4060000
2025-05-22,710.1762084960938,717.1170987049102,706.5518230723604,712.062825897776,4249900
2025-05-23,708.6966552734375,714.5849934580499,704.0197182604754,705.0126938856665,2635700
2025-05-27,720.1257934570312,726.1730420142063,709.3123343642387,711.993380821146,3792700
2025-05-28,714.3367919921875,724.8623100019898,709.7194308181516,720.1257965943657,2948800
2025-05-29,717.4944458007812,722.2210197440323,711.9238667704178,714.1778803561419,2785500
2025-05-30,732.4883422851562,740.6605732255449,712.0727650243483,719.9073575716005,6106200
2025-06-02,741.8720092773438,742.1202532054027,725.5673650522263,727.3547092129658,2946900
2025-06-03,745.5062866210938,751.6825660649162,736.251746302451,741.0080778414051,3056500
2025-06-04,760.4605712890625,767.1929153254514,750.6896632905156,751.0769383766451,3135900
2025-06-05,760.3016357421875,764.591298089957,747.7603476535744,764.0948102340544,3636400
2025-06-06,764.47216796875,767.173032891909,759.8250487758351,763.0819776894343,2069900
2025-06-09,768.2752075195312,773.8159679777386,762.1982014253257,766.5275606886495,2262200
2025-06-10,801.52001953125,802.9499068954023,771.5420821518275,771.6314766273975,4744400
2025-06-11,802.9300537109375,814.954974704884,799.375244396997,803.9627872109468,3125400
2025-06-12,806.3260498046875,812.8101493131512,800.6858947535443,804.6379790707737,2271100
2025-06-13,813.6045532226562,819.2049507039201,802.4236371681417,804.6479536406637,2754600
2025-06-16,801.9072265625,819.2048439956161,800.100003755097,815.9081578354939,2821800
2025-06-17,785.6820068359375,799.5042102672049,783.3981750691147,799.5042102672049,2875600
2025-06-18,779.5156860351562,785.0763253072132,773.9649256099805,784.4011091532079,2442900
2025-06-20,757.3722534179688,780.4788148233979,750.2526353975836,780.4788148233979,6210600
2025-06-23,765.2267456054688,787.6382126000583,758.4645840640372,765.1175328329152,3951500
2025-06-24,772.6145629882812,778.929874003963,757.6603511119031,767.4610165918929,2788500
2025-06-25,786.734619140625,793.3379316551778,768.1659618033892,773.5280547179452,3023100
2025-06-26,789.5348510742188,793.1889944576951,782.7131127139228,788.3730864495052,3118200
2025-06-27,770.0030517578125,796.8630334751597,769.1987438305247,790.2100838781311,4115100
2025-06-30,774.0543823242188,779.4859303529176,768.5631975709022,773.0712854644383,3041500
2025-07-01,770.4498291015625,784.4507614880841,767.5701754813786,774.0543355503318,2734000
2025-07-02,773.8060913085938,774.3621552466735,762.6052969190123,771.0455899187671,1978300
2025-07-03,775.186279296875,778.0460540010872,767.5701730745881,774.9777931996747,1450800
2025-07-07,767.441162109375,775.6630304003414,756.6773389322245,775.1963002830723,2576900
2025-07-08,772.197509765625,787.1219646630796,763.399758998832,769.4072502793106,3301800
2025-07-09,781.3923950195312,788.4226797127131,776.4970322532799,778.2943157865544,2703100
2025-07-10,785.0962524414062,793.8741235891125,780.905863520134,784.1230950541994,3130400
2025-07-11,787.4396362304688,790.1405009290862,771.7406935020874,780.826384408735,2852500
2025-07-14,793.7252197265625,795.254380480511,781.8293296728286,784.4508000565347,2401400
2025-07-15,766.3289794921875,799.7624536004602,759.0107535938827,796.038794807981,4174100
2025-07-16,784.252197265625,790.4483559486604,766.7360913379792,768.0667054453978,3255400
2025-07-17,756.1510009765625,784.4508086296577,754.6814163240725,781.2633347914689,4107300
2025-07-18,766.2892456054688,770.5093920349506,755.1579669696292,758.4943505424546,3357700
2025-07-21,756.8262329101562,766.5772618295156,755.1580409602935,762.7741478224008,3058000
2025-07-22,770.9860229492188,772.8230036754439,757.1439398411768,757.9780660614024,2496600
2025-07-23,793.2783203125,794.4699031968688,771.6215241177013,774.520996004741,2683600
2025-07-24,799.7723999023438,804.4493372040571,792.0470805767403,795.7309815855306,2786400
2025-07-25,806.9813842773438,809.4638234049727,796.7338682857209,803.3173017007066,2976900
2025-07-28,802.43359375,814.4585151617638,796.8630145118524,806.9417423024552,2587700
2025-07-29,757.5907592773438,774.0145541678087,749.8753193375092,769.059615534921,7100700
2025-07-30,754.7410278320312,772.6344097010941,753.0827146867446,768.5632333535505,4338700
2025-07-31,734.8715209960938,761.0662243623443,730.2740387352552,742.0507157901812,5810300
2025-08-01,756.97509765625,762.6052522755176,740.7498498667923,741.5740365753774,4859500
2025-08-04,763.5983276367188,769.0398151808272,747.2837438521802,754.631727806284,3353400
2025-08-05,760.5697021484375,764.5316652475561,754.1848760680199,760.1923665574335,3615200
2025-08-06,741.1272583007812,757.6404488161534,734.9906758308475,751.2456829706957,4752100
2025-08-07,636.3583984375,673.5254719592162,628.7522311720338,670.913940995567,26101600
2025-08-08,621.2552490234375,651.5707645592591,619.3983893784804,650.3990605473799,14125100
2025-08-11,630.7579345703125,649.8429572093127,621.5034552675156,624.9986881839362,11294200
2025-08-12,634.9384765625,641.6410628751348,624.9789613051432,635.007992137773,6897400
2025-08-13,655.8505249023438,657.1016840090457,639.9728528051832,645.8314338073365,6310000
2025-08-14,679.622314453125,680.6649267606529,650.4983217718285,657.3498779751664,8395900
2025-08-15,697.8336791992188,703.36674775122,682.4784193574195,690.8377595246925,8224600
2025-08-18,694.6690673828125,704.3220987577787,690.1411169035953,691.6537744046942,4997300
2025-08-19,699.8041381835938,710.8105684362407,695.1666741243157,703.1876343908247,5941000
2025-08-20,702.0233154296875,702.3815572491695,681.8316086999087,698.1223183363958,4139400
2025-08-21,706.382080078125,714.9205408942363,701.7844613478051,701.7844613478051,3617300
2025-08-22,708.2330932617188,715.9754413272808,705.9939907490184,711.5768051031941,3222700
2025-08-25,691.9622802734375,710.0442593308965,690.8675715308148,707.556367742491,2898100
2025-08-26,732.4652099609375,732.6144470211726,709.6462135378677,712.7710201316221,7695600
2025-08-27,730.6141357421875,742.9740249833892,728.0068301961271,733.3906616500641,4326200
2025-08-28,728.4148559570312,735.0127491571174,722.8220806539038,732.236223334917,3117000
2025-08-29,729.0318603515625,733.8483844222534,724.971604297772,728.7731099096707,2551200
2025-09-02,731.6292724609375,733.5698402156438,720.1352244762794,724.4641319187007,3222500
2025-09-03,734.2564697265625,734.2564697265625,725.4891418111343,728.4746118491627,2222500
2025-09-04,739.3118286132812,743.3820461940132,731.7685846480948,732.7537800512297,2423400
2025-09-05,723.6878662109375,741.0931457454939,719.0703249248501,741.0931457454939,3958200
2025-09-08,735.0625,739.1028334455611,715.736514716972,726.1757586766698,4534600
2025-09-09,746.9745483398438,749.1937890609478,730.3156350712186,730.6241312154693,2986900
2025-09-10,750.965087890625,752.1393654199935,738.893833163906,744.4667467105412,2477400
2025-09-11,752.6171264648438,757.4436120885704,746.7357164456465,748.8354824723289,2197500
2025-09-12,751.7313842773438,757.9112681007058,744.3771621751556,756.4882014029394,2198300
2025-09-15,744.5663452148438,752.6768971756948,738.5157750539797,749.4227151053394,2790900
2025-09-16,761.0062255859375,766.648746501858,740.9338732279431,741.7996546109322,3881300
2025-09-17,756.4484252929688,773.196928632511,752.676803475302,757.8018237524461,3471200
2025-09-18,759.23486328125,768.7983042058081,755.3338661813469,757.6923826062474,3464000
2025-09-19,748.347900390625,761.2948991786442,745.5714349775044,761.2948991786442,7349500
2025-09-22,751.2935180664062,758.3491446350332,742.6555657136219,744.9344525546569,2527400
2025-09-23,743.3621215820312,749.3529842660714,739.5705770394301,746.9347608087787,2910100
2025-09-24,738.2568969726562,743.3222707753013,732.5944535078013,742.3768598605202,2243000
2025-09-25,711.1290283203125,736.4159324651006,708.601291516652,734.097200427429,5136400
2025-09-26,721.03076171875,725.4691821479196,713.6069321437383,720.6128129418678,3559700
2025-09-29,722.9913330078125,724.3347703112019,712.611855496749,722.0359606710274,3309200
2025-09-30,759.3045654296875,762.6383160934887,721.7971068126287,723.4391396706473,6234300
2025-10-01,821.4221801757812,829.2640193905464,759.6030543027127,759.6030543027127,10124500
2025-10-02,815.8792114257812,830.4184972461792,808.8733299932679,810.415810759146,4291800
2025-10-03,835.8021850585938,844.0221884529898,812.1472927793045,820.9445040200115,5088500
2025-10-06,840.9570922851562,852.4213160210445,834.5980268854345,835.8818178026648,3651400
2025-10-07,839.5440063476562,844.4301987554189,832.5281641393967,840.9073660938759,2610800
2025-10-08,841.6239013671875,851.8541414735099,840.8974564074919,845.8832012295368,2180900
2025-10-09,851.2072143554688,856.0835062252507,841.6039891484251,847.5649677501092,3071700
2025-10-10,829.453125,860.1636453268367,826.0894905887748,853.8444247541355,3431000
2025-10-13,815.431396484375,831.2742736013473,813.3912767272703,828.6470454253974,2167500
2025-10-14,808.4154663085938,818.1083429326723,802.096245986526,818.1083429326723,1928400
2025-10-15,822.5667114257812,826.1691739547106,804.6638514447183,808.5648488468509,2355800
2025-10-16,815.4114990234375,830.6573069060424,811.4209109512346,821.0739430573967,2272900
2025-10-17,798.941650390625,800.5438380598712,780.053535396394,785.1388321676542,3983000
2025-10-20,805.0419311523438,805.4897030452578,795.8964392716899,801.6981587056789,2279700
2025-10-21,795.6973876953125,809.0523725580666,794.8415675777164,803.0217258571607,2099500
2025-10-22,808.4951171875,811.9881267789378,789.9752663408884,794.5331008462077,2930600
2025-10-23,817.0633544921875,820.705661668991,802.116143635735,802.4943080035898,2632900
2025-10-24,821.4520874023438,830.1099626003627,808.5647963465123,811.2616927950235,2211200
2025-10-27,822.4074096679688,822.4173709531499,807.5497276434761,821.0042654669336,2114800
2025-10-28,816.1279907226562,825.4427036577539,810.1073047961088,821.9994395869525,2493500
2025-10-29,809.58984375,826.2686187003058,805.7087083987568,823.303071227942,3591200
2025-10-30,840.4097900390625,848.8686215551454,808.3159881103949,833.4436934964059,6037200
2025-10-31,858.680908203125,865.6967508933163,830.1497822019227,835.0956819186229,5015000
2025-11-03,892.1878051757812,896.9745061500568,858.4420097427619,862.3331061912252,5401500
2025-11-04,902.4677124023438,910.7872071179662,879.3602049800431,887.0925305680031,5911500
2025-11-05,921.3259887695312,950.8324081561916,903.4629145008593,906.587721003653,7272900
2025-11-06,932.899658203125,945.2993320054183,911.8222475138836,923.5053769391623,6417400
2025-11-07,919.8929443359375,927.4859944068219,896.5366470008657,926.6599973832721,4373400
2025-11-10,961.958251953125,977.2338824447324,933.8649380346666,935.1885134044273,5696600
2025-11-11,983.8317260742188,995.1068675087495,960.61470528139,961.8686123323375,4166400
2025-11-12,1012.8505859375,1017.4680667296722,985.3045958287406,988.3099884123251,5185200
2025-11-13,1017.9158935546875,1027.9470290101992,1005.1978229544862,1005.1978229544862,4153600
2025-11-14,1021.8126831054688,1030.1244443885844,1004.381780615709,1005.5877104721058,3862300
2025-11-17,1018.2448120117188,1028.649508298634,994.9239221459187,1000.3255756777976,4720000
2025-11-18,1026.5665283203125,1037.2003656461097,1010.5807349763423,1010.5807349763423,3430500
2025-11-19,1046.0504150390625,1052.0201481912093,1022.7794049200058,1026.157955141491,3571200
2025-11-20,1039.7618408203125,1053.4254374120706,1034.7388461618564,1041.9643281119393,3135700
2025-11-21,1056.1162109375,1063.042780114143,1034.4896456216993,1037.4795000888141,4266700
2025-11-24,1066.541015625,1072.0821498078544,1045.8312592865523,1053.1962827193977,5497200
2025-11-25,1106.186279296875,1107.352366316718,1069.620418156335,1072.1916491594002,4181500
2025-11-26,1100.6053466796875,1108.22950050273,1094.386458630951,1098.2732940757862,3093700
2025-11-28,1071.8328857421875,1095.3332194299996,1064.079167386875,1093.0110212945272,2732200
2025-12-01,1054.3123779296875,1080.483579998982,1051.4321369083575,1070.7466013133148,3070200
2025-12-02,1042.5821533203125,1064.56760766436,1036.8416231587428,1049.010291596009,3280000
2025-12-03,1030.064697265625,1047.9240163711931,1018.8626583401341,1042.8512641317866,3447000
2025-12-04,1011.0591430664062,1029.1378110101127,1003.7738667812239,1029.1378110101127,3854900
2025-12-05,1006.8932495117188,1023.9155040186192,1000.6045916131167,1020.377521861433,2502100
2025-12-08,994.2163696289062,1010.7701832108983,985.5358032720646,1007.3218623657772,3088600
2025-12-09,978.8982543945312,1008.5775722296804,975.8685571035728,999.4485767002333,2569700
2025-12-10,990.2796630859375,999.6079942760961,973.8155119503097,981.6688677586786,2966300
2025-12-11,1005.9664306640625,1028.0714747065383,983.6621116550675,1004.7406098077453,4517000
2025-12-12,1024.03515625,1025.4204701196209,1000.1063440065902,1005.3485653679636,3275200
2025-12-15,1058.5977783203125,1061.398333727903,1029.0581233021942,1029.0581233021942,4648400
2025-12-16,1050.724609375,1064.6373600977406,1032.7256268292847,1059.9034237902617,4024500
2025-12-17,1038.266845703125,1060.7007296526526,1032.9050352709846,1060.7007296526526,3726600
2025-12-18,1053.3057861328125,1075.6101050032985,1036.024461625301,1038.276828357429,3848600
2025-12-19,1067.8165283203125,1071.7432672258853,1055.428632425438,1055.428632425438,5829100
2025-12-22,1072.8394775390625,1079.8158045298378,1059.4050844563105,1073.078656160433,2625600
2025-12-23,1068.015869140625,1084.7988844125769,1059.903382950549,1059.903382950549,2108600
2025-12-24,1073.337890625,1082.0583002085477,1069.0823112830287,1071.0058380118999,932800
2025-12-26,1074.105224609375,1077.7329293196894,1064.6872316369654,1073.3378091590694,1014600
2025-12-29,1075.0819091796875,1081.8290337193034,1070.7466444308739,1074.3045178019713,1653000
2025-12-30,1076.0985107421875,1078.7096455824349,1068.4444293707961,1075.31114342699,1251500
2025-12-31,1071.045654296875,1079.8357729107013,1070.796499757671,1076.1084307368067,1646700
2026-01-02,1076.7064208984375,1077.0054550205873,1048.5220290845991,1072.7598517680326,2469100
2026-01-05,1037.98779296875,1081.7094269254765,1029.8852824349965,1065.6140192570313,4084800
2026-01-06,1060.441650390625,1067.2086051262331,1036.4132005969204,1040.5789964737464,2690700
2026-01-07,1104.3426513671875,1113.8803558783313,1072.321303033383,1073.357824914489,4652800
2026-01-08,1081.52001953125,1130.1151315037457,1066.5309648980485,1109.9236375344708,3156000
2026-01-09,1059.9632568359375,1100.7846972843408,1059.435020019225,1083.154458968468,2561900
2026-01-12,1077.34423828125,1079.6962425559345,1054.4220204454787,1054.4220204454787,2380200
2026-01-13,1073.547119140625,1086.5330837103616,1065.4745359116723,1079.3375293789677,2194200
2026-01-14,1069.660400390625,1080.3341425177584,1057.5315129459177,1078.0917515392853,1912600
2026-01-15,1029.4765625,1064.0393315002927,1009.145589896656,1058.9665794701723,4183400
2026-01-16,1034.8883056640625,1046.3891963254314,1014.5572711831193,1020.9655793820677,3829000
2026-01-20,1037.7685546875,1042.3130701998687,1012.524199858942,1024.6729775680276,2484900
2026-01-21,1074.8726806640625,1077.6731145445165,1038.4961163594983,1040.32985978363,3685900
2026-01-22,1083.70263671875,1091.775219312159,1068.1155144278098,1074.8726146071951,2478200
2026-01-23,1060.6907958984375,1080.6529654745325,1059.4250713515887,1080.064994815659,2592900
2026-01-26,1059.1558837890625,1063.4711963572774,1039.7915406130785,1058.617671085677,2244900
2026-01-27,1035.9945068359375,1069.7599334508118,1031.3104503567147,1060.5112881424259,2587900
2026-01-28,1020.337646484375,1026.2076811389297,1000.744160483774,1025.6296864105066,3300200
2026-01-29,1020.676513671875,1036.4828627296029,1014.5572637103229,1021.8923586015108,2293000
2026-01-30,1033.6424560546875,1045.023756557955,1016.5504318157022,1029.8055008151143,3303100
2026-02-02,1040.598876953125,1053.833994713948,1034.0610037251938,1034.0610037251938,2757100
2026-02-03,1000.0664672851562,1045.2531608166285,990.2198751304529,1037.2303360735064,5483900
2026-02-04,1103.3758544921875,1110.2325920635112,1061.3983039027282,1071.484074468819,7119400
2026-02-05,1017.3876953125,1071.3645073556497,1002.428447202777,1061.896634965065,7742400
2026-02-06,1054.6014404296875,1056.4351837493032,1029.7756484154418,1052.428759347951,4887100
2026-02-09,1041.13720703125,1103.1965218362955,1039.3931251339422,1073.4474920908606,3423800
2026-02-10,1021.5336303710938,1052.0800017961278,1020.417422880305,1047.106886830628,3539400
2026-02-11,1011.7767333984375,1026.6163314138576,1009.1954656267221,1023.0285304073461,2599900
2026-02-12,1034.7587890625,1056.2557899219587,1008.5776097089087,1021.4040809660809,3592200
2026-02-13,1038.2127685546875,1062.5109063439502,1031.9135537447264,1038.1927834268372,2698700
2026-02-17,1034.2696533203125,1065.1664186889575,1033.1016200317115,1043.8131616141866,2984600
2026-02-18,1018.8062133789062,1035.7570754830406,1009.5721090672547,1030.585923449878,3236900
2026-02-19,1021.4616088867188,1023.4681645324832,1005.2695115421718,1009.0829543394955,2145800
2026-02-20,1007.7852172851562,1026.8823483519013,1000.7373519273956,1022.1005406967669,3249400
2026-02-23,1056.740966796875,1062.6207378375525,1032.2231136507573,1045.2207588154968,4767600
2026-02-24,1040.359130859375,1057.0803466475645,1022.3201151970201,1041.157682974726,2803100
2026-02-25,1027.06201171875,1051.819444072113,1025.2352002657751,1034.7986940966075,2481900
2026-02-26,1020.2637329101562,1025.155336894915,1005.6488763421559,1022.3201295430953,2666400
2026-02-27,1050.18212890625,1051.1904029542225,1015.6116362309695,1017.4185232803184,4325900
2026-03-02,1016.2206420898438,1054.3849263193688,1011.2592120236809,1042.8248698187447,3094300
2026-03-03,1005.9982299804688,1018.2571564550171,993.3600125791421,1013.2557562247102,2846000
2026-03-04,1001.8453979492188,1013.9145874726661,991.9523939096591,1009.8915446082733,1965500
2026-03-05,981.5703125,991.8526001312242,963.9406264593275,988.2987203014923,3769900
2026-03-06,988.628173828125,989.5165980910544,964.4298390654943,973.3245007709129,2627800
2026-03-09,1006.6571655273438,1007.1962156394599,978.8949575433462,985.194111803648,2802200
2026-03-10,999.6292114257812,1010.2609343660699,992.2918663635114,1004.2712450318838,1663700
2026-03-11,998.121826171875,1001.2064819613405,988.5981814336653,998.311502098723,1446900
2026-03-12,975.5706176757812,992.7909739355993,971.487619440222,991.7427905232294,2340100
2026-03-13,983.38720703125,1001.4959880540754,976.3193565917665,978.4457011691946,1984400
2026-03-16,987.4202270507812,996.4546627567153,973.8336299823382,990.2752976176918,2289900
2026-03-17,928.751220703125,979.4838966606686,923.6600091426449,977.2377631609971,5637500
2026-03-18,916.4723510742188,927.4035460691609,903.5545855733535,923.4104199289278,3443800
2026-03-19,915.92333984375,922.9412885225436,909.2947356002531,912.429354351158,2379000
2026-03-20,905.1419067382812,923.7897990519223,897.7446062242202,908.985266389583,4818800
2026-03-23,908.9852294921875,925.1873800592911,905.6709275208751,911.9201796099584,2817500
2026-03-24,901.4682006835938,907.1084547321748,894.0709004748627,905.4413416487102,2572700
2026-03-25,914.7353515625,920.5653425404496,907.5277881210985,910.9219087844001,2177700
2026-03-26,895.4585571289062,914.7752808955319,894.7497552881431,910.8121323585593,2163200
2026-03-27,876.7307739257812,899.2819808262025,875.6027109060323,894.4602639056106,2740800
2026-03-30,885.1063842773438,895.8878129375857,881.5924136890123,886.9531807909435,3070200
2026-03-31,918.189453125,922.5519386829161,890.606928652067,891.954584390635,3464200
2026-04-01,952.8796997070312,975.0015914677158,924.3986985831475,925.2871837626982,6267900
2026-04-02,933.9722290039062,956.0442184915349,928.4217862644292,943.3760237355892,2727100
2026-04-06,925.4668579101562,934.3914970823199,918.1994001721444,930.4382803520751,1821100
2026-04-07,929.489990234375,931.0572386408663,896.9060659931422,922.9112880456931,2726900
2026-04-08,951.6618041992188,959.4883584820097,931.5264820836841,939.9020790414424,2568000
2026-04-09,953.5485229492188,962.1038028461878,937.6758224852963,946.8400394832781,1672100
2026-04-10,937.8555297851562,962.2835107695718,933.9322906418785,962.0339403843994,1958900
2026-04-13,927.9525756835938,944.2745151105288,925.5766607891305,938.3546520722086,2089600
2026-04-14,920.9147338867188,938.314774067385,913.4675315563798,923.4104377725906,2360200
2026-04-15,903.4747924804688,928.4018538695544,886.5040059043586,921.9130237081006,4233400
2026-04-16,902.4365234375,918.4190207097819,896.6065933400325,910.1033183857057,2836600
2026-04-17,925.4369506835938,928.3918250000387,916.2227707820681,916.2227707820681,3266100
2026-04-20,918.3192138671875,928.0424663269345,910.9319060922493,925.3071846536486,1926300
2026-04-21,901.4682006835938,911.4809326787256,879.5958183867632,908.635854709379,4062800
2026-04-22,919.8964233398438,920.9545992997852,900.6795043349576,904.8423820878868,2623800
2026-04-23,916.0730590820312,928.4018114534182,910.3229477912832,927.8926781305523,2149200
2026-04-24,882.4409790039062,898.8726542867313,870.2319542406808,898.4633856614171,4463700
2026-04-27,866.7779541015625,889.6685430796404,866.5483079089853,876.6209957110293,2700300
2026-04-28,872.498046875,876.6409395474864,861.8663243344502,870.4016800589637,2561300
2026-04-29,849.7472534179688,867.5266452462313,849.0484441524184,864.5517248180772,3904600
2026-04-30,932.993896484375,943.8751895675202,895.2588667183905,897.2355055865567,8236700
2026-05-01,961.674560546875,982.75826152448,942.1780930763838,947.319267312977,4352400
2026-05-04,966.2666625976562,972.5458316721597,950.1244668406421,958.3502971422698,3696900
2026-05-05,987.170654296875,991.0938934084766,962.7526660738614,970.219853370513,2955500
2026-05-06,985.353759765625,994.7775397290237,981.8098725641821,989.6463581052714,3921200
2026-05-07,973.2846069335938,987.3004580328533,965.4380676031924,983.6766911132756,3494900
2026-05-08,946.8201293945312,978.3158994826379,945.8817423190412,972.39609732087,3559200
2026-05-11,965.3282470703125,993.2901224780607,941.6390458580445,947.3691720921403,3517500
2026-05-12,988.1689453125,995.8058234825106,969.5110608513935,972.7654684278397,3037500
2026-05-13,1014.0044555664062,1021.0623132357589,990.2952694283781,993.0405436127813,3486400
2026-05-14,1004.9700317382812,1016.4202916784651,994.2983997103153,1015.7414675474674,1751700
2026-05-15,1004.9199829101562,1014.3800048828125,997.4099731445312,1006.97998046875,2820700
2026-05-18,988.0900268554688,1003.0,978.8699951171875,1000.6099853515625,2016000
2026-05-19,1021.4099731445312,1021.7999877929688,984.5999755859375,989.510009765625,3796000
2026-05-20,1018.8699951171875,1037.8800048828125,1003.6900024414062,1024.989990234375,2998800
2026-05-21,1041.6500244140625,1047.300048828125,1022.0,1024.300048828125,2705200
2026-05-22,1065.0,1070.3399658203125,1047.0699462890625,1049.81005859375,3470600
2026-05-26,1064.739990234375,1082.0,1060.3599853515625,1075.0,2981000
2026-05-27,1082.9200439453125,1093.0,1069.9000244140625,1072.260009765625,2583000
2026-05-28,1126.800048828125,1149.0999755859375,1092.010009765625,1096.6400146484375,4600700
2026-05-29,1105.0,1132.6600341796875,1089.010009765625,1127.0,4600800
2026-06-01,1082.199951171875,1106.1700439453125,1071.5999755859375,1095.0,2693400
2026-06-02,1064.1500244140625,1078.219970703125,1052.1500244140625,1067.3699951171875,2408500
2026-06-03,1078.780029296875,1093.280029296875,1053.510009765625,1059.5,2655600
2026-06-04,1125.27001953125,1140.4599609375,1101.6199951171875,1108.5999755859375,4046700
2026-06-05,1131.4200439453125,1166.2900390625,1131.030029296875,1142.969970703125,4126200
2026-06-08,1149.1500244140625,1182.72998046875,1143.5999755859375,1159.0,4504400
2026-06-09,1144.6800537109375,1174.5999755859375,1137.75,1165.0,3822000
2026-06-10,1136.3699951171875,1166.4200439453125,1133.530029296875,1152.5,2700600
2026-06-11,1160.949951171875,1170.1199951171875,1125.6400146484375,1139.7099609375,2764900
2026-06-12,1133.0,1169.989990234375,1132.81005859375,1165.0,2438400
2026-06-15,1129.3499755859375,1137.489990234375,1112.010009765625,1134.0,3167200
2026-06-16,1122.5,1146.68994140625,1115.5,1138.8199462890625,2260700
2026-06-17,1112.0,1121.489990234375,1104.9000244140625,1116.699951171875,2383300
2026-06-18,1098.5699462890625,1122.3299560546875,1088.6600341796875,1120.489990234375,4470500
2026-06-22,1102.0799560546875,1119.449951171875,1093.1500244140625,1112.239990234375,3015000
2026-06-23,1107.0799560546875,1122.02001953125,1079.219970703125,1117.0,3316300
2026-06-24,1117.260009765625,1135.1400146484375,1100.97998046875,1129.4100341796875,2908200
2026-06-25,1127.68994140625,1145.4300537109375,1114.0,1126.989990234375,2757200
2026-06-26,1208.1199951171875,1215.760009765625,1128.0,1128.800048828125,7725800
2026-06-29,1229.9300537109375,1238.0,1203.1400146484375,1222.780029296875,3684700
2026-06-30,1199.4300537109375,1230.050048828125,1190.199951171875,1228.8800048828125,3723600
2026-07-01,1191.739990234375,1217.510009765625,1173.9300537109375,1217.510009765625,2720400
2026-07-02,1213.9100341796875,1232.0,1180.300048828125,1193.010009765625,3296100
2026-07-06,1200.06005859375,1213.7900390625,1183.3399658203125,1208.0,2348800
2026-07-07,1235.56005859375,1249.449951171875,1222.77001953125,1232.8800048828125,2933800
2026-07-08,1215.8299560546875,1241.8900146484375,1204.1600341796875,1221.0999755859375,2608600
2026-07-09,1216.949951171875,1230.0,1200.3699951171875,1211.6400146484375,2088100
2026-07-10,1188.5799560546875,1212.9599609375,1178.3199462890625,1210.31005859375,2010200
2026-07-13,1181.8699951171875,1196.2900390625,1166.010009765625,1180.1099853515625,2072700
2026-07-14,1152.5400390625,1166.010009765625,1140.739990234375,1166.010009765625,2642900
2026-07-15,1156.6300048828125,1160.8199462890625,1134.4000244140625,1145.5,2552200
2026-07-16,1169.1700439453125,1189.0699462890625,1141.199951171875,1162.27001953125,2791100
2026-07-17,1179.1099853515625,1187.949951171875,1151.010009765625,1159.449951171875,2757500
2026-07-20,1146.9000244140625,1187.1199951171875,1144.4300537109375,1179.6500244140625,2644200
2026-07-21,1175.4100341796875,1177.5799560546875,1139.0,1143.0,2092000
2026-07-22,1163.010009765625,1175.0,1153.5,1173.9100341796875,1555800
2026-07-23,1185.8699951171875,1189.5899658203125,1141.780029296875,1146.6199951171875,1909900
2026-07-24,1196.030029296875,1206.93994140625,1187.5,1194.3499755859375,1983300
2026-07-27,1197.530029296875,1205.050048828125,1183.449951171875,1201.0,1592800
2026-07-28,1220.6600341796875,1232.0,1205.010009765625,1217.5999755859375,2375400
2026-07-29,1210.02001953125,1229.18994140625,1204.800048828125,1215.1800537109375,2170900
2026-07-30,1154.969970703125,1186.6500244140625,1153.1400146484375,1174.030029296875,3027700
2026-07-31,1148.8399658203125,1150.6300048828125,1119.0,1148.510009765625,2884600
2026-08-03,1121.3599853515625,1161.93994140625,1109.1500244140625,1152.0,2934000
2026-08-04,1115.6800537109375,1135.8299560546875,1109.1600341796875,1117.3800048828125,4097200
2026-08-05,1169.8599853515625,1216.93994140625,1138.4300537109375,1174.0,6445700
2026-08-06,1191.93994140625,1230.8800048828125,1173.5,1196.550048828125,3422400
2026-08-07,1185.7099609375,1196.800048828125,1161.199951171875,1188.0,2898500
2026-08-10,1231.93994140625,1231.93994140625,1184.405029296875,1185.010009765625,3005651
