Date,Close,High,Low,Open,Volume
2016-08-11,93.81983184814453,94.11061419247638,93.40330983861726,93.41903104419364,3490200
2016-08-12,93.92984771728516,94.32279387841079,93.74123523879197,93.96914473175076,3015700
2016-08-15,93.14395904541016,93.7176631013258,93.14395904541016,93.53690522193564,3391600
2016-08-16,92.68817138671875,93.15184512380478,92.67245017766376,92.97894779950678,3333900
2016-08-17,92.02800750732422,92.71959672181809,91.57218843338667,92.71959672181809,5184900
2016-08-18,92.05157470703125,92.24019320017686,91.7922347717516,92.13802335075219,3710500
2016-08-19,90.38549041748047,91.79223859235691,90.37762981430143,91.79223859235691,7065700
2016-08-22,90.70771026611328,90.9513410165823,90.10257568360434,90.37763685747204,4484700
2016-08-23,90.52694702148438,91.25782718966076,90.41692256570585,91.09279050599295,4305400
2016-08-24,90.27545928955078,90.69198128902771,90.1654348367034,90.49550819524553,4135400
2016-08-25,90.71554565429688,90.99060675170765,90.28330250416408,90.4561997642172,6694100
2016-08-26,89.93754577636719,90.94348728589877,89.56031471235066,90.87275383819627,5294500
2016-08-29,90.69983673095703,90.88844921140894,89.98467183225777,90.06325986612252,4983000
2016-08-30,91.3651123046875,91.76903396042427,90.76319066667506,91.40471471813461,5085300
2016-08-31,91.60272216796875,91.87199926542509,91.23839685349895,91.48392096042255,5394700
2016-09-01,91.39679718017578,91.72151402377402,90.96911647392818,91.48391765973439,3966600
2016-09-02,91.73734283447266,91.95910182267552,91.63437898817901,91.81654160990522,3410100
2016-09-06,92.86199188232422,94.43807005265435,92.59271480625412,92.73526899301127,6337900
2016-09-07,92.60066223144531,93.05210210519708,92.22050551801333,92.8778610938399,2647700
2016-09-08,92.00663757324219,92.75111949893397,91.90367974962795,92.52143877627417,3085600
2016-09-09,90.74736785888672,91.68192816658575,90.74736785888672,91.55520525724579,4961100
2016-09-12,91.8323974609375,92.01456011938677,90.39095770455279,90.66024084628468,5014000
2016-09-13,90.86614990234375,91.56310762920758,90.6681499301402,91.56310762920758,4162200
2016-09-14,91.22257995605469,91.60274269690409,90.93745941103809,91.0800196835464,4530700
2016-09-15,91.98287200927734,92.06207079431732,90.89782992254176,90.98495039882972,3671200
2016-09-16,91.3017578125,92.07792046081411,90.94536023425721,91.61855901676046,9500500
2016-09-19,91.24629974365234,92.19670316570699,91.04829978603419,91.73734181383787,3741500
2016-09-20,92.22838592529297,92.37094614897251,91.47598843738858,91.65022938216131,3841800
2016-09-21,92.60856628417969,92.70360846567392,91.84032526725699,92.26008432784835,4528900
2016-09-22,92.94913482666016,93.41641199837649,92.88577336668735,93.02833363038548,3808800
2016-09-23,92.79863739013672,93.07583617817659,92.14919763995172,92.26007715516768,2776000
2016-09-26,92.291748046875,92.6164709086109,92.09374807044475,92.50559140520834,3022400
2016-09-27,92.56896209716797,92.82240186716609,92.16504642911144,92.62440185802754,3745400
2016-09-28,91.22257995605469,92.29177897862606,90.6523388660215,92.17297774445551,5638900
2016-09-29,90.91368103027344,91.84824127510976,90.86616296370768,91.2383978892736,4924400
2016-09-30,91.3651123046875,91.64231107137748,90.83447380238387,90.83447380238387,4188700
2016-10-03,90.79489135742188,91.198813101993,90.61273471745538,91.08793357093131,3085800
2016-10-04,89.8919906616211,91.48391218813975,89.82862921800805,91.0720688471348,4742900
2016-10-05,89.82070922851562,90.94534760713579,89.79694415644938,90.2167091682393,3720300
2016-10-06,90.2246322631836,90.46223466362026,89.0207950057553,89.69399375035245,3900000
2016-10-07,89.85240173339844,90.55728128255923,89.67024510877347,90.26424513621104,4153100
2016-10-10,90.85031127929688,91.07207029298331,90.41471494312137,90.45431131414827,3290300
2016-10-11,90.03455352783203,91.26215585328205,89.93951135962635,90.80279443734126,3943300
2016-10-12,90.85031127929688,91.2621546268402,89.92367281104431,89.97119087326857,3340200
2016-10-13,91.40471649169922,91.66607188108956,90.3434334240195,90.3988731784332,4464700
2016-10-14,90.35926818847656,91.167111492597,90.34343084872984,91.00079223409688,5312500
2016-10-17,89.02869415283203,90.60477195201855,88.78317012322555,90.21669376922438,5655700
2016-10-18,88.11000061035156,89.56727772005573,88.09416326893327,89.40888013595067,6198400
2016-10-19,88.11792755126953,88.52184322754184,88.00704802729507,88.4743251579759,6433400
2016-10-20,87.57145690917969,88.14961968110434,87.38137856384736,88.14961968110434,7250700
2016-10-21,90.23255920410156,90.68399895721117,89.29799897314899,89.70983630972181,10108000
2016-10-24,89.94745635986328,90.68401673750913,89.21089598221744,90.48601670096434,6173500
2016-10-25,89.27424621582031,89.92368601230595,89.23464379649963,89.89200528534558,4879000
2016-10-26,88.79114532470703,89.25842255504767,88.22882589248326,88.91786221806908,3763100
2016-10-27,88.76734924316406,89.0920660564201,88.52974685884628,88.83862633297161,2960700
2016-10-28,88.783203125,88.98120313466436,88.33176334466451,88.90992603157595,3304700
2016-10-31,89.15545654296875,89.28217946721661,88.53769739346448,89.06833604316876,4181600
2016-11-01,88.90199279785156,89.3138301057963,88.66439040010808,89.21879398068289,3935600
2016-11-02,89.01287841796875,89.31383623896124,88.56143866523982,88.78319769570591,3512500
2016-11-03,88.48222351074219,89.37718115888913,88.32381991650426,89.29006069267808,3890700
2016-11-04,87.94367980957031,88.70399907655744,87.77736053639941,88.69607738474538,3457400
2016-11-07,89.35342407226562,89.71774328321156,88.60894226936601,88.70398442797428,3842400
2016-11-08,90.3751449584961,90.4860245051257,89.4960242370171,89.50394593105696,3300200
2016-11-09,91.06416320800781,91.41263910122316,88.54560295111615,88.77527763511878,5099500
2016-11-10,90.6919174194336,91.11167643286203,90.1137547879792,91.1037547413407,4437700
2016-11-11,90.46224975585938,91.0483281209066,90.42264733501952,90.8186473734938,4331200
2016-11-14,93.34512329101562,94.05000282881842,90.85824369961416,91.07208104735452,7093200
2016-11-15,93.7094497680664,93.8361726819932,92.67984724109513,93.12337139735779,4447900
2016-11-16,94.41429138183594,94.72317080718442,93.8282132468771,94.13709267222558,5371100
2016-11-17,94.6043930053711,94.64399542044704,93.67775450040381,94.16087496042542,2836600
2016-11-18,95.04000091552734,95.23007922546384,94.17672380760195,94.45392260177613,3655400
2016-11-21,94.64398956298828,95.43598947564927,94.21630888505376,94.8815919537785,3603300
2016-11-22,94.79448699951172,95.26968581641076,94.15296285634126,94.64400505787606,3699100
2016-11-23,95.15086364746094,95.64190574085853,94.82614684370664,94.82614684370664,2860200
2016-11-25,95.56270599365234,95.82406135512879,94.97662174675511,95.1033446247262,1709100
2016-11-28,96.48143768310547,96.52104009924585,95.22216061058157,95.34095577404206,5931700
2016-11-29,96.32180786132812,96.40960581979779,94.99686128039957,96.08235777650751,6370900
2016-11-30,95.19638061523438,96.17013515389401,95.19638061523438,95.95463499524888,5696100
2016-12-01,94.55787658691406,94.94897270451986,94.0789825117584,94.94897270451986,4445000
2016-12-02,94.37430572509766,94.58182874215711,93.9512824864731,94.18274929598768,3348700
2016-12-05,95.2123794555664,96.05044267807786,95.00485642879099,95.34008171779557,5191900
2016-12-06,95.18045043945312,95.49971522276233,94.66164592775932,95.21237752673098,3368000
2016-12-07,95.7152099609375,95.88282259243194,94.55788203846544,95.30815332279482,4059900
2016-12-08,96.13822937011719,96.69694420905478,95.37998091162811,95.81897070725988,3255100
2016-12-09,96.78472900390625,96.79270620676459,95.94665990422502,96.233997533289,2623700
2016-12-12,97.1678466796875,97.57490935628627,96.78473388127418,97.03216115064396,4172000
2016-12-13,97.91812133789062,98.1096777438815,97.18381670703529,97.19977720358938,4308000
2016-12-14,98.04582977294922,98.49280286779073,97.68666072784163,98.06977965349596,4967400
2016-12-15,97.66271209716797,98.46087090404939,97.19179523458433,98.1495894565231,4402800
2016-12-16,98.36510467529297,98.84399881465491,97.80639586094894,98.08575026812096,10793800
2016-12-19,98.16554260253906,98.70031359110132,97.98994670385903,98.35710508626345,3545500
2016-12-20,98.43692779541016,98.8918780749024,97.94206713951026,98.31720275565567,2768800
2016-12-21,98.31718444824219,98.7801179347079,98.25333029366747,98.29324066264351,2762800
2016-12-22,98.74818420410156,98.97166764058818,98.24534038253974,98.2692902559921,3037100
2016-12-23,98.28528594970703,98.83601753648428,98.22941507057523,98.46886517512249,2164100
2016-12-27,98.22941589355469,98.69234951850773,98.14960122119328,98.41299512050819,1919300
2016-12-28,97.91812133789062,98.45288626974386,97.86225046574877,98.11766103689273,1980200
2016-12-29,98.00591278076172,98.46086302067933,97.9819689927873,97.9819689927873,1943300
2016-12-30,97.15186309814453,98.30121339920827,96.92837967059695,98.00589253311087,3574600
2017-01-03,95.47576904296875,97.37538501749461,94.94898125025681,97.26364325955008,5123800
2017-01-04,95.36399841308594,95.57151527817375,94.3263897297778,94.98087958078942,3780800
2017-01-05,95.53961181640625,95.93869124101859,95.0607177247652,95.25227414352786,4261100
2017-01-06,96.38565063476562,96.97628639417296,94.59777068225864,94.92501868686259,4089200
2017-01-09,96.12226104736328,96.62509888094885,96.04244638814674,96.38565490329923,3021800
2017-01-10,95.97858428955078,96.45747829472361,95.56354444225903,96.14619688688789,3108400
2017-01-11,96.48143768310547,96.97629835250392,96.27392077063688,96.52134806060178,3565200
2017-01-12,97.4552001953125,97.62281283310016,95.93869707172587,96.01851783307448,3480700
2017-01-13,96.9762954711914,97.56693128588248,96.65703072911272,97.56693128588248,2877400
2017-01-17,97.9739990234375,98.01390940180075,96.33777094204471,96.37768132040796,4077600
2017-01-18,97.94205474853516,98.17352150558527,97.21573348765932,98.02186940178437,3395000
2017-01-19,97.51905822753906,98.1735483060003,97.40731646459223,97.56694581466789,3155200
2017-01-20,97.58290100097656,98.13362645701493,97.39133849590624,97.58290100097656,4887100
2017-01-23,96.8805160522461,97.4392308838076,95.63539023302837,97.12794942900317,7022600
2017-01-24,96.61711883544922,97.42325478613064,96.19408958405637,97.35142342178928,3495200
2017-01-25,97.207763671875,97.31152212653674,96.53730709480405,96.96831358946355,3968300
2017-01-26,97.27960968017578,97.67868915126368,97.18383450437516,97.26364918069883,2497300
2017-01-27,98.06179809570312,98.1655565553673,96.9603410603375,97.59088120144824,3592700
2017-01-30,98.18950653076172,98.3411586724493,97.6148372301193,98.02189389022402,3778000
2017-01-31,97.83032989501953,98.44490952948799,97.45519426161061,98.18949894134322,3733300
2017-02-01,97.71060943603516,97.77446360843568,97.13593406336848,97.29556949436981,3233400
2017-02-02,98.34913635253906,98.95573879519343,97.58290457261883,97.80638808057861,3236600
2017-02-03,99.1632308959961,99.37873714578136,98.39699930785737,98.42094309350743,3183000
2017-02-06,99.33087921142578,99.69005439376357,98.93179973514128,99.04354150134337,2760300
2017-02-07,99.44261169433594,100.10508502459687,99.44261169433594,99.72994937759444,2847200
2017-02-08,99.50646209716797,100.05719365079888,99.3627932609803,99.43463072380851,2835200
2017-02-09,99.35482025146484,99.76986019049092,99.25903899347313,99.50646629811546,2493600
2017-02-10,100.4243392944336,100.65580607560712,99.38673042565138,99.51443875573402,3681400
2017-02-13,100.20084381103516,101.11074424080894,100.160933440295,100.58395657648327,2993800
2017-02-14,100.41636657714844,100.62388959065458,99.98536005192905,100.16893927339005,2663100
2017-02-15,100.9511489868164,101.19857631835143,100.1290401343384,100.29665887640951,2974900
2017-02-16,101.126708984375,102.02064895709316,100.81542756581922,101.16661935679205,3006000
2017-02-17,102.00470733642578,102.06855541885227,101.11076719829585,101.19058186843071,3677400
2017-02-21,102.19622039794922,102.41971600753428,101.49384912115887,101.49384912115887,4495200
2017-02-22,102.04461669921875,102.25213972346022,100.8872887010619,101.78122279415874,3670700
2017-02-23,102.37985229492188,102.88268415355229,101.7173789025659,102.10847508442141,3178000
2017-02-24,102.68310546875,102.75494900325268,101.9647675551991,102.45164481894099,3537200
2017-02-27,102.10421752929688,102.71528473731156,101.93537122200776,102.65900263488186,5184000
2017-02-28,102.63490295410156,102.86003140844456,101.77458714112495,102.17660399082038,4619300
2017-03-01,103.7605209350586,104.5243502717909,102.61075283669736,102.93236744900672,5471600
2017-03-02,103.10120391845703,104.37157821778426,103.03687977143807,103.76051722396898,6738100
2017-03-03,102.8359146118164,103.44698196016496,102.46605983458427,103.10124107889587,4067700
2017-03-06,102.94041442871094,103.18966286624736,102.43387550053684,102.83589227555129,3271500
2017-03-07,102.97258758544922,103.1655477948312,102.38563423236857,102.96453939767235,3332400
2017-03-08,102.98867797851562,103.20577052176115,102.49018098969663,102.9726061372242,3571700
2017-03-09,103.02885437011719,103.49519528217249,102.66704174120916,102.87608603892588,3265700
2017-03-10,102.90021514892578,103.39066996478286,102.69116471092354,103.36654994006896,3178900
2017-03-13,102.60272216796875,103.13338725729841,102.39367172663077,102.92433068167124,3130800
2017-03-14,102.75550842285156,103.10123702193548,102.51429586122669,102.63490214203912,2492700
2017-03-15,102.81980895996094,103.15750771562949,102.49015839174467,103.0851476400293,3529300
2017-03-16,102.90021514892578,103.63991839921191,102.8600110182099,103.15750563635582,3945700
2017-03-17,103.4308853149414,104.5082874309582,103.25399693546647,103.3746093406973,12532700
2017-03-20,103.54344177246094,104.10626281562178,103.29419332967389,103.71229421969849,3415500
2017-03-21,103.33439636230469,104.3233542039494,103.061015628325,103.89721739947736,4062400
2017-03-22,103.80072784423828,103.84091970363542,103.24594277649133,103.38262699674274,3174200
2017-03-23,103.72035217285156,104.19472913367875,103.5675837997015,103.83291640539667,2774500
2017-03-24,103.99370574951172,104.26707423659703,103.84898558643576,104.02587396480378,3568200
2017-03-27,104.11430358886719,104.37963611930039,103.73640685781788,103.78464690542796,2540400
2017-03-28,104.0821304321289,104.33942703192635,103.67207777835101,104.09017861873329,3487400
2017-03-29,103.59168243408203,104.25903177082706,103.42284225442793,103.7203307500138,3197800
2017-03-30,103.9776382446289,104.14647844192208,103.39873303103523,103.51933317195893,2018000
2017-03-31,104.21080017089844,104.67714115253692,103.9615517064285,104.03391178929145,3041700
2017-04-03,104.21080017089844,104.2912084420215,103.6077749432145,104.12235598009495,3287100
2017-04-04,103.95349884033203,104.14647132119593,103.43891782660737,103.83289870765402,3414000
2017-04-05,104.85401153564453,105.79472925712497,104.24293822459302,104.43591068101627,4052200
2017-04-06,104.64495849609375,105.05502344622259,104.4922024317671,104.77360680470585,3856900
2017-04-07,104.49219512939453,104.84595955048825,104.21881442555436,104.54043517460835,2176600
2017-04-10,104.50828552246094,105.04698657063174,104.13843693109794,104.48416549557115,2709300
2017-04-11,105.48919677734375,105.52136498897643,104.36355474176061,105.02285585729415,3677600
2017-04-12,105.53744506835938,105.77865760013029,105.22387245763089,105.57764920175103,3195500
2017-04-13,105.13542175292969,105.44095842546737,104.98266568523908,105.32839422009742,2429200
2017-04-17,105.60981750488281,106.02790614048708,105.25604076046459,105.52940923803176,3236400
2017-04-18,106.3736343383789,106.77565108775404,105.97161758900376,106.14045775333788,3617400
2017-04-19,106.6469955444336,106.93644807507913,106.40578305746618,106.6469955444336,3132800
2017-04-20,107.1535415649414,107.29022577952884,106.64699656432332,106.65503248215428,2697300
2017-04-21,107.2661361694336,107.64403298043608,107.05707956078862,107.37870039386537,3466100
2017-04-24,107.92540740966797,108.3515441600434,107.14549397552948,107.93345559612061,5041000
2017-04-25,113.93157958984375,114.16475624707098,110.29734361521336,111.0692214111437,10893800
2017-04-26,113.24006652832031,114.1727482613929,112.83804980909005,113.93153577613941,7132200
2017-04-27,113.26419830322266,114.80794119302924,113.24812646616088,114.07628001222517,5183700
2017-04-28,112.50838470458984,113.17573388061804,112.38778460530945,112.87824545667593,4779900
2017-05-01,113.4893569946289,113.7305695692847,112.43607476283249,112.45215887276453,3747200
2017-05-02,113.55366516113281,114.02000613478467,113.14361243001903,113.35265675534734,3774100
2017-05-03,114.6712646484375,114.73558880672746,113.69034270452835,114.33357201884924,4278400
2017-05-04,115.33861541748047,115.51550378782466,114.38181348750385,114.67126606910536,4178800
2017-05-05,115.7486801147461,115.76475195304431,114.6391098432266,115.31449510911723,2452700
2017-05-08,115.97381591796875,116.18286024636004,115.5074749374839,115.72455518553575,2813000
2017-05-09,116.07025146484375,116.56874820116039,115.7807989766591,115.85315903156153,3053800
2017-05-10,116.19894409179688,116.29542420182422,115.56375065123792,115.66827894948729,2273300
2017-05-11,115.94966125488281,116.11046548011736,115.29838389953255,115.84513298762117,1941900
2017-05-12,116.87431335449219,116.98687755693099,116.15068809146811,116.18284403420294,2747900
2017-05-15,117.61405181884766,117.71053193949759,116.93061824802804,116.93061824802804,3332800
2017-05-16,118.42608642578125,118.73162307555722,117.614017023865,117.83110949968359,3540900
2017-05-17,117.71856689453125,118.56280466105078,117.58188264944974,118.42610814738968,3875600
2017-05-18,118.20098114013672,118.38591771093382,117.23614322470641,117.71856831671143,2730900
2017-05-19,119.11759948730469,119.66434883685196,118.06431719947045,118.39397399341941,4071200
2017-05-22,119.14974975585938,119.70453494291674,118.94069315286386,119.23819394899287,3294500
2017-05-23,118.85226440429688,119.42312144639304,118.71556788241776,119.17387296869639,3262300
2017-05-24,120.20301055908203,120.59699139833826,118.19292677046862,118.9487202379597,3348900
2017-05-25,120.42817687988281,120.56486114831554,120.01812407458465,120.45229691145437,3408100
2017-05-26,120.49246978759766,120.79800646633075,120.00200882527383,120.50050570650909,3258200
2017-05-30,120.54874420166016,120.87036498264463,120.21909977044629,120.56482830785397,3113900
2017-05-31,121.32061767578125,121.52966197486825,120.28341983030244,120.70150842847642,6415700
2017-06-01,123.2947769165039,123.2947769165039,121.6442715150189,122.0002536775242,4349800
2017-06-02,124.38697052001953,124.51641290389037,123.10053420848006,123.3998998132949,4316700
2017-06-05,123.61839294433594,124.32229561629764,123.59412171552563,124.29802438748735,2633700
2017-06-06,122.35623168945312,123.45657259059138,122.34005910162547,123.27857536059203,3661900
2017-06-07,122.93065643310547,122.98728517083173,121.95167185212574,122.35620869054166,2922900
2017-06-08,122.51807403564453,123.10060832297509,122.17826442561667,122.93070969070614,3709900
2017-06-09,122.55851745605469,122.97923936324472,122.0892530875521,122.88215444061957,4143100
2017-06-12,120.12322235107422,122.55853073961988,119.77531409814485,122.55853073961988,5902600
2017-06-13,121.21548461914062,121.56338054778459,120.24458584652614,120.43876807014718,4267700
2017-06-14,121.9112319946289,122.23486891591178,121.28825406894603,121.61997728370365,2675500
2017-06-15,122.30770874023438,122.59088956370869,121.07791286742966,121.2801813569145,2517500
2017-06-16,122.97111511230469,123.69927649821851,122.10540033447721,122.15394278080682,5443900
2017-06-19,123.90154266357422,123.93390017870934,122.84974441215648,123.29473740454297,3263800
2017-06-20,124.65404510498047,125.63301779432778,124.46794918428611,124.8158574462662,3614400
2017-06-21,124.37897491455078,124.93723809503477,124.28188995985538,124.74305584015126,2448500
2017-06-22,125.24463653564453,125.33363515444672,124.33846541361663,124.4193777381595,2003800
2017-06-23,125.11518859863281,125.7705364886217,124.94527764599327,125.40645569923765,2214700
2017-06-26,124.56499481201172,125.77860538664149,124.20900040150937,125.55205338819756,2360900
2017-06-27,124.37080383300781,125.26078979598624,124.16044912606941,124.59734346985972,2139000
2017-06-28,124.8401107788086,125.14755047951923,124.38703134998151,124.62974365436136,1302800
2017-06-29,123.89350128173828,125.0666560720293,123.10059990043368,125.0666560720293,1975900
2017-06-30,123.91776275634766,124.41129833422302,123.56176826142273,124.0310326096885,2508200
2017-07-03,123.38377380371094,124.4922011325716,123.36758886844255,124.14430526997589,1100700
2017-07-05,123.84491729736328,124.24945414773086,122.97111621911111,123.64264887217949,2497300
2017-07-06,123.8611068725586,124.16047257782411,123.24621522003024,123.54556857980913,2019800
2017-07-07,126.43394470214844,126.66857063227245,123.90962648008855,124.08762367348649,4117800
2017-07-10,125.8271713256836,126.64433148745289,125.53590423957488,126.44206302058537,2402200
2017-07-11,125.33363342285156,126.11843604722243,124.60545954848838,125.47926079043185,2008800
2017-07-12,126.68479919433594,126.82234028288107,125.62491430664394,125.73818416459221,2094900
2017-07-13,125.43878173828125,126.6523922952694,124.8724326141171,126.61194848642444,3169700
2017-07-14,125.63300323486328,125.81100049329676,125.18801008877956,125.39837721901307,2440200
2017-07-17,125.6167984008789,125.76243810993147,125.16371903135878,125.75433947051988,2408700
2017-07-18,124.56499481201172,125.62487940524409,124.08763193675529,125.40642604507488,3890300
2017-07-19,124.5083999633789,124.96957807883388,124.1766766535418,124.7025821718057,3072200
2017-07-20,124.76731872558594,125.58447909818942,124.23332687236433,124.62167897221155,2240200
2017-07-21,124.53263854980469,125.16371512989176,124.02291810223954,124.645908388654,3522400
2017-07-24,122.85784149169922,124.77534213536092,122.79311411676542,124.59734494066407,5307400
2017-07-25,128.6993865966797,129.43563443678138,126.65241834502818,127.63140316103542,9511400
2017-07-26,126.62815856933594,128.64275713488072,125.95662571415434,128.44857494388614,4679000
2017-07-27,126.98409271240234,127.37244456428213,125.84329603043,126.55528471344526,4624100
2017-07-28,126.09416961669922,126.74951748671852,125.4630929755334,126.50679285269604,3964500
2017-07-31,125.51970672607422,126.55532018500914,125.28508076003628,126.15078329181624,4272400
2017-08-01,124.62970733642578,126.13458491249199,124.36272387940873,125.3902385898281,4185100
2017-08-02,126.69285583496094,126.74139828479258,124.36273182464258,124.40317563584513,3326000
2017-08-03,125.17987823486328,126.83848171453934,124.92906737439466,126.66857081314981,3666100
2017-08-04,124.45179748535156,125.26087167310033,123.97443433200559,125.09096066165645,4435400
2017-08-07,125.38211822509766,125.72192760535332,124.59731596159712,124.71058575501567,3252100
2017-08-08,125.34174346923828,125.60873937255172,124.67830920428422,125.1394749678332,4234300
2017-08-09,125.34174346923828,125.95663526913346,124.88057770568929,125.64919554193065,3006500
2017-08-10,126.7171401977539,127.18640450392196,124.79963915768599,124.86436654600092,3874500
2017-08-11,127.26730346679688,128.15727718536348,126.72522553523252,126.92749397292754,2925000
2017-08-14,127.23497009277344,127.75277694795409,126.58772078291454,127.38869612478616,2809100
2017-08-15,127.52625274658203,128.302969296662,127.29971299145262,127.70425003211098,2160100
2017-08-16,128.56182861328125,128.95019294636617,127.51004249459906,127.74466847687,2921800
2017-08-17,127.74468994140625,129.07157077201362,127.67996254168281,128.44049405657165,3071600
2017-08-18,127.63947296142578,128.06019477675096,127.04076627531384,127.82556881647469,2595700
2017-08-21,128.12490844726562,128.35144809000678,127.4614621038918,127.97118247280171,2195100
2017-08-22,129.1605224609375,129.40324703531147,128.1491803556165,128.23817895470413,2122600
2017-08-23,128.48902893066406,128.94210835647732,128.14113306637475,128.8854796009949,2190700
2017-08-24,128.16539001464844,129.19290490315737,128.10066262596104,128.73173923380435,1634800
2017-08-25,128.4971466064453,128.9178562238875,128.26250821836192,128.55377537031663,2019600
2017-08-28,129.18482971191406,129.41946805925775,128.36766950729307,128.67510919812227,2027300
2017-08-29,128.95021057128906,129.25765027847666,128.4243050945801,128.8045708401044,3283400
2017-08-30,129.83729553222656,129.92682215332746,128.85251511884618,128.91761409898365,2236500
2017-08-31,130.1953582763672,130.2197734903986,129.690760628084,130.03258604324927,2717000
2017-09-01,130.0652313232422,130.38264175816786,129.8129323132672,130.1140617872716,1878300
2017-09-05,129.48739624023438,130.04082476111108,128.64910676854828,129.40600384893588,4000500
2017-09-06,128.77113342285156,129.70708346922456,128.77113342285156,129.59314161645975,4143300
2017-09-07,130.13845825195312,130.2768277717281,128.86068242542564,128.97462429797417,2965400
2017-09-08,129.98379516601562,130.529089143179,129.55243060984787,129.8372914185243,2984200
2017-09-11,131.46507263183594,131.6197106863674,130.15473493124347,130.21984634466367,2333600
2017-09-12,127.23291778564453,130.80582397690648,126.77715035458085,130.39075272763017,10324100
2017-09-13,127.77823638916016,128.41305720702164,126.96436227203175,127.56663358945082,4705600
2017-09-14,127.77823638916016,128.06309729764848,127.00505846163486,127.77823638916016,3109700
2017-09-15,127.71308135986328,128.5920665964664,127.68053187053543,128.4211476259897,7425100
2017-09-18,127.51778411865234,128.4211848387129,127.24921660236903,128.3642201112001,3831900
2017-09-19,128.12815856933594,128.51068028524588,127.23290475535526,127.99794818717517,3554600
2017-09-20,130.1221466064453,130.13028087367104,128.39672571249298,128.5106675472959,3641100
2017-09-21,129.43040466308594,130.29310927230293,129.00718662920693,130.11405596638235,2503400
2017-09-22,129.33273315429688,130.00825013157683,129.0478722585372,129.30831792537268,2442700
2017-09-25,127.17595672607422,129.15367715865372,127.0457463141159,128.9746238711368,3661500
2017-09-26,124.80758666992188,127.64799906847054,124.74247525769036,127.16781637433674,6420000
2017-09-27,125.37731170654297,125.89819065090099,124.88084799248816,124.9378127236178,3915900
2017-09-28,128.17701721191406,128.84438741585234,126.54112256883582,127.09456333138274,4210200
2017-09-29,127.51778411865234,128.6246533574767,127.06201662361869,128.19330109119608,3670100
2017-10-02,127.74559783935547,127.92463859508254,126.80150154110453,126.96427376731766,2407000
2017-10-03,127.66429138183594,128.15262080764268,127.25735433324138,127.57476473439581,2188400
2017-10-04,127.94913482666016,128.12004140926175,127.49335496268252,127.63985873792963,1823100
2017-10-05,129.24322509765625,129.34088602739962,128.02241380092536,128.02241380092536,2796000
2017-10-06,129.89431762695312,130.32566992737367,129.06416252744793,129.06416252744793,3548500
2017-10-09,130.31747436523438,130.61861612864067,129.81287656199612,129.90240318051218,2120000
2017-10-10,130.69187927246094,131.50575321555604,129.8861395980537,129.9675319598555,2909600
2017-10-11,132.7835235595703,132.85678164976636,130.69187406686845,130.95230726054555,3572500
2017-10-12,133.40208435058594,133.8008746447513,132.47426852885613,132.6533217943418,3023600
2017-10-13,134.59034729003906,134.70428915996428,133.54045523278043,133.84158465642585,2957400
2017-10-16,134.29734802246094,134.89148500055208,133.83344628723677,134.6473203099821,2132300
2017-10-17,134.61476135253906,135.119371702467,134.08574819362315,134.22410529028218,2379700
2017-10-18,134.9158935546875,135.30654958903813,133.3858064936114,134.52522510160546,2798300
2017-10-19,135.51002502441406,135.87626585154445,134.2241025759766,134.9565966489694,2478100
2017-10-20,135.34722900390625,136.6494197633253,134.69612741483178,136.10412575286028,5577700
2017-10-23,132.9381561279297,135.1844559770999,132.7346876586196,135.1844559770999,6214800
2017-10-24,133.37770080566406,135.50191285190485,133.14167034567393,134.5008386974376,7855200
2017-10-25,133.13348388671875,134.386844132776,132.6614355705148,132.99512682453073,3716200
2017-10-26,133.48350524902344,134.0043842487721,133.27190242431567,133.58931287074478,2934400
2017-10-27,134.60658264160156,134.98097004092656,133.28811110507928,133.54854425435596,2298100
2017-10-30,135.29026794433594,135.55884784744012,134.02062652510264,134.2892064282068,2051000
2017-10-31,135.8437042236328,136.25064119937764,135.20888353496937,135.30654443515422,2873000
2017-11-01,135.4042510986328,136.72273579039836,134.75316165237368,134.8752378188635,2186100
2017-11-02,136.81222534179688,137.11335474994723,135.5100219650306,135.90882469861407,2291000
2017-11-03,137.25985717773438,137.9109589186181,136.40529933772808,136.73084399880355,1959500
2017-11-06,138.41555786132812,138.7004063115715,137.21916208160334,137.4633143478886,3087700
2017-11-07,138.98526000976562,139.0259561916241,137.9679175569598,138.43996594530944,2506000
2017-11-08,138.4399871826172,139.1073574762952,137.91096157476463,138.49695191097277,2605000
2017-11-09,135.91696166992188,137.70748203452175,135.18448001763667,137.31682598121844,4219000
2017-11-10,134.76939392089844,135.75418693421156,133.0846811831206,135.42862987997376,4226800
2017-11-13,136.21804809570312,136.69009636972552,134.35428263779733,134.67169290944864,2605600
2017-11-14,136.82034301757812,137.07264194177904,135.5669826649015,135.7867196783299,2180900
2017-11-15,136.1774444580078,137.29244819821827,136.03907490804986,136.47857395427243,2019300
2017-11-16,136.80409240722656,137.45519416106762,136.3483249051577,136.47040105080723,2293400
2017-11-17,135.68907165527344,136.4866646826384,135.2333042110649,136.35644186465555,2221400
2017-11-20,135.85995483398438,136.60872969903465,135.72159777073554,136.18551182286043,2442300
2017-11-21,136.97496032714844,137.7562722052789,136.33199308331837,136.36455498916536,2653100
2017-11-22,137.58535766601562,138.64339600741837,137.2760816720922,137.7644108815789,2719200
2017-11-24,137.63421630859375,138.00045708139865,137.39819834083556,137.44702878804551,963200
2017-11-27,137.5121307373047,137.69117155852297,136.80405204524646,137.4632878747222,2082400
2017-11-28,139.44918823242188,139.48175015159407,137.5772752794928,137.73191334872695,2909900
2017-11-29,138.70852661132812,140.00259558597114,137.58538904333355,139.74214996985438,4590300
2017-11-30,140.7963104248047,141.77877912070642,138.6430570592715,139.3799179507733,6023700
2017-12-01,141.5331573486328,141.76239962552873,139.50272039922595,141.45129224560836,4279200
2017-12-04,139.7155303955078,142.03252553754052,139.5354097489355,141.86060014302475,3943100
2017-12-05,141.6314239501953,142.66301427625984,141.19750014292282,142.16359088582593,3228700
2017-12-06,142.03257751464844,142.8185599412106,141.6395925477508,142.03257751464844,2618700
2017-12-07,141.56588745117188,141.87699477410177,140.75534437527685,141.27114565018869,2284800
2017-12-08,141.76235961914062,142.0816621641909,141.23837563514113,141.67229928629243,2241100
2017-12-11,141.84423828125,141.84423828125,141.0009517457234,141.5904352938458,2340800
2017-12-12,141.0091094970703,141.8032743448637,140.69800225773415,141.63953172004022,2805900
2017-12-13,142.08987426757812,142.42555486552655,141.14833204109578,141.18108807115985,2554000
2017-12-14,141.75421142578125,142.52381582274083,141.50040837843642,142.17995242058655,2666900
2017-12-15,142.50741577148438,143.35070237578282,142.19629595883515,142.70391446780462,7435200
2017-12-18,142.6220245361328,143.9156127328236,142.54834221618069,143.1705692948269,2426300
2017-12-19,141.9589080810547,143.19517990845753,141.70510500659438,142.77763412396814,3122500
2017-12-20,140.96002197265625,142.3600486121616,140.58341509396288,142.3191098228868,2749400
2017-12-21,140.69802856445312,141.43487676031015,140.55065142962343,141.3120728919219,2343300
2017-12-22,140.34596252441406,140.85356847711253,139.6336751401097,140.67346031064145,3234100
2017-12-26,140.2395477294922,140.526106778961,139.8547580668063,140.07580505526656,1280200
2017-12-27,141.369384765625,141.4267015691163,139.87931028078964,140.2722951734282,1596800
2017-12-28,141.72145080566406,142.08987494266188,141.32845339961892,141.8524374482473,1800100
2017-12-29,140.91908264160156,141.6231873390218,140.7553399778964,141.6231873390218,2201800
2018-01-02,141.8197021484375,142.85129229050466,141.3612176408521,142.23724786225296,3696900
2018-01-03,141.22203063964844,142.16356039854895,140.82085046360658,141.827879791622,3789600
2018-01-04,142.2126922607422,142.56475090865882,141.41852710520968,141.8360853269891,2756400
2018-01-05,142.499267578125,143.2770548056593,141.96708816461475,142.45832877819842,3737700
2018-01-08,142.4010009765625,142.63025573991578,141.58227501224874,142.245453537267,2060800
2018-01-09,142.08168029785156,142.64660314029385,141.64775659131925,142.64660314029385,2674300
2018-01-10,142.05714416503906,142.4583244035718,141.20567461944455,142.04896140241212,2172500
2018-01-11,141.9589080810547,142.90863328909862,140.90275698251423,142.0980900092178,3078000
2018-01-12,142.10626220703125,142.28637041390152,141.54133933024178,141.93432426909993,2901600
2018-01-16,142.1962890625,142.79396788336737,141.5413184253938,142.14716751399345,3662600
2018-01-17,143.2606658935547,143.84196682566747,142.36007482748954,142.74487703055712,4129600
2018-01-18,142.92498779296875,143.64545809711382,142.37643044083316,143.43259385837462,2154800
2018-01-19,144.1940155029297,144.6197565102181,142.76944029405877,143.26886364123354,3746300
2018-01-22,144.26768493652344,144.77529095672995,143.77644443823243,144.07118623865406,3217900
2018-01-23,144.75894165039062,145.5285460870496,143.15424569089382,143.74372940864248,3197600
2018-01-24,144.1940155029297,145.16011865491876,143.48172789849423,145.16011865491876,2810800
2018-01-25,143.81741333007812,144.60338330053244,142.9986873234072,144.42326257964345,2815800
2018-01-26,146.0279541015625,146.06069764121145,143.2852173004294,143.82557940038208,3957700
2018-01-29,145.544921875,146.30633104464513,145.1109981023011,145.97884564769893,6091900
2018-01-30,141.21383666992188,145.4630259975641,139.87932197695935,144.99635874092823,9613000
2018-01-31,140.11672973632812,142.7039062039492,139.40444230415778,142.13080065549238,7004200
2018-02-01,140.7389678955078,142.08167778290536,138.27460759705232,139.40445326193785,4751300
2018-02-02,138.6758270263672,141.41855189076088,138.3565243558029,139.83841655746716,4604500
2018-02-05,134.14822387695312,138.74127599653517,125.96914884791526,138.04535408732784,7309300
2018-02-06,135.23715209960938,135.94945220108184,129.56338702454153,129.6452646200841,7020000
2018-02-07,135.67108154296875,137.75882270389218,134.69679567172903,134.97515949414998,4974000
2018-02-08,130.15286254882812,135.68744535767866,129.98092460610684,135.65470181718075,5656000
2018-02-09,131.65115356445312,132.61724432325866,127.09084339232072,130.97979219557337,7187100
2018-02-12,134.189208984375,135.8184784959462,132.22427125082044,132.93655899299932,5255900
2018-02-13,132.96112060546875,134.1319054860173,132.40439282484448,133.45236128830035,5406000
2018-02-14,130.98794555664062,132.64995793524477,130.7341300641039,132.175095470963,5865600
2018-02-15,131.6347198486328,132.24058137692413,130.02182918587886,131.92946160661737,5012100
2018-02-16,129.186767578125,130.91427990487244,129.16220679801503,130.56223372811826,7165800
2018-02-20,128.67095947265625,130.3084111966877,127.95047671639753,128.53996033647007,5211100
2018-02-21,129.88265991210938,132.07685154389694,129.03119058020468,129.16217721319939,7833400
2018-02-22,131.5365447998047,132.14239414871915,130.09557879639843,130.13651760199872,4398200
2018-02-23,133.50144958496094,133.70613106966567,132.17511756175963,132.17511756175963,4272400
2018-02-26,133.92715454101562,134.8850621325981,132.8791866206811,134.27101784367883,4525200
2018-02-27,131.5365447998047,134.68045018270467,131.52016677901068,134.42664707786003,4907500
2018-02-28,129.9628448486328,132.82179764796152,129.94636322020872,132.1791398574119,6116800
2018-03-01,128.2820587158203,132.17912744760358,127.87835314582492,130.01226495573644,5609000
2018-03-02,122.1604232788086,123.95653051792873,120.98223234641911,122.6877220856122,11754300
2018-03-05,124.4344253540039,124.80518025116443,121.87207918484836,122.1686856169364,6397800
2018-03-06,124.5744857788086,124.99468555114493,123.6929135960794,124.6156835604609,5015400
2018-03-07,125.5467300415039,125.84333653838216,123.32217502901648,123.47048456335602,4492000
2018-03-08,127.24394989013672,127.38401229721224,125.7691522082384,125.83506614776779,4291400
2018-03-09,129.5509033203125,129.9546089630484,127.57352260814882,128.216167882357,5076500
2018-03-12,129.9628448486328,131.37171606981732,129.77333755125326,129.9628448486328,4461500
2018-03-13,130.3583221435547,131.7342427452923,130.3500876148495,130.63844698112533,4333100
2018-03-14,130.3748016357422,131.42115249512835,129.5508961939456,131.00096524565984,3879000
2018-03-15,133.1513671875,133.5962706219973,130.66316907926668,130.76204628722172,5925700
2018-03-16,133.76934814453125,134.48614217802228,133.12670261689001,133.37387687486085,14293800
2018-03-19,131.00918579101562,133.76927375515706,130.35007156536813,133.4726673248965,4307600
2018-03-20,131.31410217285156,132.37693505645004,131.20699040260686,131.61894327671237,3105100
2018-03-21,130.72088623046875,132.16272125897729,130.41603256132896,131.82491689220808,3871900
2018-03-22,129.38612365722656,131.09984873125754,129.2295921610834,130.05349772137896,3669400
2018-03-23,127.68889617919922,129.9958345508191,127.63946385088923,129.83929046330235,3447400
2018-03-26,130.185302734375,130.34184678990732,128.70228290086897,128.70228290086897,3477000
2018-03-27,129.7486114501953,131.63536174847928,128.91647156964177,130.5889984302283,3519100
2018-03-28,130.51487731933594,131.62714223574577,130.0287760764946,130.04524513530913,3913200
2018-03-29,128.84237670898438,131.68484884462197,128.84237670898438,131.00100560861472,5289500
2018-04-02,129.94635009765625,131.9566811212176,127.91130291985421,130.3995005450652,6960100
2018-04-03,132.15444946289062,132.2615612108291,129.60034971841537,130.1605994760598,4719400
2018-04-04,133.250244140625,133.5962829709534,130.07821524338047,130.58903267313178,4888000
2018-04-05,135.0792694091797,135.58185213756764,133.26668029053033,133.80221369883685,4503900
2018-04-06,132.85479736328125,134.93927782934534,132.5746724356861,133.81876554716118,4321900
2018-04-09,132.83824157714844,134.76618944051225,132.69817919153508,133.65391231056378,3581500
2018-04-10,134.10711669921875,135.08756636496238,133.51390366737053,134.15654902323917,3902600
2018-04-11,134.57672119140625,135.16993415643898,133.70338337394145,133.8846435894681,2711100
2018-04-12,133.15956115722656,136.2739219654982,133.09364722926676,134.78265548932217,5178900
2018-04-13,133.250244140625,134.42843564151104,132.86300751749053,133.6045300725954,2452800
2018-04-16,133.16786193847656,133.83522344187762,132.53345112644038,132.89597159046104,3115200
2018-04-17,133.9258575439453,134.6920837160478,133.52213927485155,133.7940296309594,2861900
2018-04-18,133.3161163330078,134.55197429924442,133.25844949858472,133.95876146970704,2503100
2018-04-19,131.43763732910156,133.5550804006152,130.81970823268625,133.15136219844265,3276600
2018-04-20,130.8114776611328,132.42632537507492,130.59725418860987,131.27286272225913,3961200
2018-04-23,130.99273681640625,131.5694681381579,130.30064665850432,130.9762551866991,3051900
2018-04-24,129.61679077148438,131.68478859556052,129.15539323270556,131.61887466144927,2904400
2018-04-25,128.47987365722656,129.63333675922175,127.71363471876874,129.42736030730796,3710200
2018-04-26,130.91854858398438,131.37994611737852,128.2408563294766,128.90823019014059,3680600
2018-04-27,130.4242401123047,131.70129612178036,130.35009163627188,131.39644254509008,4141500
2018-04-30,137.9547576904297,138.37494502671825,134.9145439705366,135.6890172573367,12954700
2018-05-01,134.6591339111328,137.18028304754537,133.55510341915377,137.08141839805523,6560100
2018-05-02,132.38511657714844,134.4613617513551,132.18738732270901,133.59625854778574,4318400
2018-05-03,131.89080810546875,132.51697182683162,131.06690251703264,132.31924253155995,3450100
2018-05-04,135.96913146972656,136.31517029098805,131.74249198895978,131.78368978068633,4283600
2018-05-07,135.9444122314453,137.83939746175892,135.65604026768864,137.402728537305,3379000
2018-05-08,135.7548828125,136.43047863615195,134.91449586775482,135.4829925488531,2808100
2018-05-09,135.3182830810547,136.11747265352176,134.3378332402876,135.94444691676128,2762500
2018-05-10,136.0020751953125,136.4716947524925,135.37589902334028,135.4912452805248,1675100
2018-05-11,136.2657012939453,136.75180241880304,135.82079794972586,135.94437871984306,2258500
2018-05-14,135.71368408203125,136.75180024994404,135.3841269857471,136.47990998820077,2537300
2018-05-15,134.3460235595703,135.65603023605837,133.74457608821788,135.34295470713778,3471300
2018-05-16,134.18948364257812,135.07106855468783,133.258478984169,134.4943372238591,2522000
2018-05-17,132.9041290283203,134.4860253040732,132.42626256401047,133.99168978953458,2975500
2018-05-18,132.63230895996094,134.16477375164476,132.278035615829,133.20904031773426,2318000
2018-05-21,133.04428100585938,133.44799930070582,132.32748711245281,133.2914552155245,2424000
2018-05-22,131.3717498779297,133.54686023310492,131.13282277738867,133.52214407000767,3224000
2018-05-23,133.15956115722656,133.18427730873694,131.1327613025971,131.57766460158035,3835100
2018-05-24,133.79400634765625,133.96703202481496,132.1873932246091,132.73940837089714,3378000
2018-05-25,134.4696044921875,135.07928643600934,133.55506900465616,133.8351938205634,2582100
2018-05-29,132.33566284179688,134.0658689688597,131.997871229543,133.82692939602495,3197100
2018-05-30,133.32440185546875,133.5550944032402,132.50049630719903,132.98659756344594,2396500
2018-05-31,131.8331298828125,133.16786549708377,131.77546302843257,132.79709792146292,4881100
2018-06-01,131.9657440185547,132.70367709802582,131.84966508419927,132.57929867800968,3203800
2018-06-04,132.84469604492188,133.06856719229813,132.28087475739304,132.72861705214555,3174600
2018-06-05,132.23110961914062,133.48311784709077,131.81654003937638,132.63739236190702,2952300
2018-06-06,134.63558959960938,134.6438764346885,132.10671321824472,132.4881100583909,3586200
2018-06-07,140.5224609375,140.95361671934046,135.72175214655223,135.7714984576,8342500
2018-06-08,140.04991149902344,142.2471254154828,139.67680137286288,140.1411173211214,5056600
2018-06-11,138.04336547851562,140.15765994218535,137.8526543871458,140.15765994218535,3246500
2018-06-12,138.2423553466797,138.665224374788,137.82778580643753,138.3169874791836,2985300
2018-06-13,138.11798095703125,138.97199314469452,138.09310779829602,138.45793099528956,3140500
2018-06-14,138.5076904296875,139.24562372925075,138.20090035680343,138.4993909415514,2390000
2018-06-15,138.01849365234375,138.13457261481034,136.46799500524116,137.7200030843357,7384400
2018-06-18,137.86924743652344,138.11799169487173,135.8212728637209,137.247393116482,4297700
2018-06-19,136.7830352783203,137.23076468464035,136.17776746832973,136.4928316240162,3350400
2018-06-20,134.7848358154297,137.24737969409705,134.62729737882728,136.7333175550006,3649500
2018-06-21,133.10171508789062,135.6471785108842,132.2808627232947,135.3901347308639,4655800
2018-06-22,136.43482971191406,136.9240187024815,133.70695522238293,133.7152547097313,8703600
2018-06-25,132.50473022460938,135.1496862309406,131.7916700243184,135.1496862309406,6126800
2018-06-26,133.41676330566406,134.1961560120069,132.49641848352738,132.67053059353145,3375100
2018-06-27,130.52310180664062,133.06856542744498,130.48994180271347,131.87460285948862,4962100
2018-06-28,129.61105346679688,130.4484795536264,128.59950257095954,130.38214689551205,4136500
2018-06-29,129.91781616210938,130.96252694233667,129.40375393477427,129.97584932407005,4024500
2018-07-02,130.06700134277344,130.06700134277344,128.88962574835864,129.33736779160273,3024000
2018-07-03,129.74365234375,130.85470809198074,129.6027002480641,130.4732986288587,1437700
2018-07-05,130.4401397705078,130.730330798852,129.76023978955055,130.09189029384555,2248300
2018-07-06,132.181396484375,133.13491434825534,130.54799091782553,130.81332158829534,3298800
2018-07-09,132.61248779296875,133.32554780735742,132.13987251116922,133.051930431314,2477300
2018-07-10,133.17628479003906,133.47477529723767,132.2144932905373,132.52127063206026,2187500
2018-07-11,131.51805114746094,132.42182245836997,130.75524462896666,131.74192226591177,3203800
2018-07-12,131.9326171875,132.47985206160425,131.68388556441568,131.95749034980844,2360800
2018-07-13,131.4268341064453,131.63411888131918,128.74871835753905,130.50648919993887,5186500
2018-07-16,131.65072631835938,132.06529593459092,130.97083872660318,131.5180610047667,2818200
2018-07-17,132.4550018310547,132.6622866539515,131.4683240498001,131.4683240498001,1877500
2018-07-18,130.9459228515625,132.55445461756935,130.8464302150368,132.53788094592025,3824000
2018-07-19,130.51478576660156,131.53462329368904,130.26604151198896,130.66402472837413,4869700
2018-07-20,130.97914123535156,131.2942182299164,129.57789374057072,130.34070040750362,2695500
2018-07-23,131.62583923339844,131.69217188317975,130.20800572909914,130.83815957619186,2754300
2018-07-24,130.95423889160156,132.31402658651297,130.60600196808687,132.03212231295242,3388400
2018-07-25,131.74188232421875,131.82480127677505,130.51476026665205,130.7469181518226,4193400
2018-07-26,129.46177673339844,131.74190922608787,128.27611390999598,131.19467439144438,7409800
2018-07-27,130.57278442382812,131.01222700848348,129.67731293481677,129.82656450881282,4234100
2018-07-30,131.5346221923828,132.67883816302552,130.24945409736006,130.49819834989,3274800
2018-07-31,130.62252807617188,131.83307635661478,130.36549705848347,131.5843321727808,3530000
2018-08-01,130.1085205078125,130.35726479577772,129.06380968035063,129.81832938156978,4252800
2018-08-02,128.85650634765625,130.1167886291908,126.96607027369619,129.8846307009261,6245900
2018-08-03,129.5198211669922,130.14996231277416,127.92786300099652,129.0969521394134,3673100
2018-08-06,129.9426727294922,130.51478069738286,128.89796208268604,129.37056476160149,2375200
2018-08-07,129.37884521484375,130.34064950032266,129.21301994360948,130.10020475478154,1929300
2018-08-08,131.76678466796875,131.7750715043977,129.48665213580185,129.75198272143197,2988000
2018-08-09,132.0818634033203,132.3471813409634,130.97082002685087,131.7004538441135,2764500
2018-08-10,131.56776428222656,132.2559511381785,130.89616374796142,131.28586007183367,3343200
2018-08-13,131.12005615234375,131.8248294446984,130.38212286287458,131.40196040862216,2879600
2018-08-14,133.15972900390625,133.8479032432555,131.1615009693565,131.29416624629545,3111600
2018-08-15,132.56275939941406,133.04366158125774,131.3107512987261,132.50471359135065,3355500
2018-08-16,134.0966339111328,134.55266284719872,132.78659290009614,132.78659290009614,2822100
2018-08-17,133.61575317382812,134.23760746284995,132.86124625174165,134.23760746284995,2527400
2018-08-20,134.05520629882812,134.45320218398973,133.5743167446609,133.73184254942112,2659500
2018-08-21,133.52456665039062,134.279086333073,133.50799297615083,133.87281623598227,1920900
2018-08-22,133.1182861328125,133.91425259044593,132.728589740467,133.8313462707576,2361500
2018-08-23,131.87454223632812,133.3172357996801,131.31072121546748,133.126537398526,2755500
2018-08-24,132.14822387695312,132.5462071930501,131.25275192698882,131.61757523827,2199400
2018-08-27,133.06024169921875,133.09341434876427,131.99894464362117,132.85295692036516,2627100
2018-08-28,134.02203369140625,134.0469068504313,132.79491145675917,133.11827517574244,2138000
2018-08-29,135.2408905029297,135.43158896953418,134.06351439991897,134.25421286652346,3168200
2018-08-30,134.98387145996094,135.39014159247736,134.62733500616034,135.174569943625,3038400
2018-08-31,135.35092163085938,135.91826246229826,134.76690366514057,134.76690366514057,3649700
2018-09-04,134.92543029785156,135.14234762684688,133.5488155637955,135.00051559666102,3296300
2018-09-05,136.19361877441406,136.32709953205253,134.48327005643893,134.8253423461619,2749200
2018-09-06,136.6107940673828,137.07800860621757,135.74309901185424,136.02676316319798,3133800
2018-09-07,136.7442626953125,136.99455981335188,136.11018769616757,136.47728843853997,2868300
2018-09-10,137.7204132080078,138.51301008480618,137.02793007924816,137.22815757532558,3080100
2018-09-11,137.3449249267578,138.43787548972688,136.99451417050608,137.56185496441557,2946400
2018-09-12,137.44505310058594,138.01238117096554,136.61073812840215,137.0946423399451,2613300
2018-09-13,135.49276733398438,138.04578223722962,134.90874930930926,138.03743093860973,3663600
2018-09-14,134.19126892089844,136.08516820411816,133.69902595246475,135.99339301249145,3939800
2018-09-17,131.9385986328125,133.34025471877882,130.62037915493713,133.11498606144445,5360000
2018-09-18,131.6299285888672,132.72287959615434,131.47140664479204,131.96364961697398,3722800
2018-09-19,132.80630493164062,133.0649533714726,131.58821170823143,132.41418844814083,2822000
2018-09-20,134.14956665039062,134.36649680052375,132.96484031814074,133.66567492465356,3218700
2018-09-21,137.91229248046875,137.91229248046875,135.58454615641216,135.75141936564688,8805500
2018-09-24,136.25198364257812,136.89440977144034,134.42483171505066,136.74422644817005,4375300
2018-09-25,138.83836364746094,139.4807770380753,136.88606958253533,137.3199042209832,5282900
2018-09-26,138.2960662841797,139.75611770803113,138.12086724247484,138.83002743853413,3092600
2018-09-27,138.93853759765625,139.55593555470966,137.91233325676671,138.17930755532885,2390700
2018-09-28,139.5725860595703,140.02312340271013,138.92182121338152,139.1137228779899,3390200
2018-10-01,139.05531311035156,140.9575507513754,139.04697454136658,140.47364640681465,3118200
2018-10-02,137.81219482421875,139.3640217878515,137.81219482421875,138.7883549259229,3071200
2018-10-03,137.37835693359375,139.83124589143657,137.13639837345778,138.5797729725895,3830300
2018-10-04,138.32943725585938,138.55470588299286,137.24482514928167,137.57020750819126,3230400
2018-10-05,138.97189331054688,139.73946179081778,138.32111572205454,138.69656775828014,2822500
2018-10-08,139.97305297851562,140.30677393838855,138.596425375103,138.70489041584906,2560500
2018-10-09,141.69175720214844,142.30080375617231,140.00643687102365,140.2984522941168,4157900
2018-10-10,140.47361755371094,143.5021851869843,140.3484753914422,143.49384661971206,4190500
2018-10-11,135.96832275390625,139.88960088616525,135.00886555251336,138.8383685213719,5430700
2018-10-12,136.67745971679688,137.62857810093587,135.04219707058633,136.76922212544986,3446100
2018-10-15,136.55230712890625,138.05407637376737,136.52727870237806,137.40331182276657,4265900
2018-10-16,136.8860626220703,137.21144494967933,135.90990290860714,136.36044011953416,4094700
2018-10-17,139.13873291015625,139.93966827768148,136.91945168691177,137.21980563239325,3608400
2018-10-18,139.1720733642578,140.15657161522591,138.304391426518,139.03024135186936,3378600
2018-10-19,139.7394256591797,140.2900638906977,138.74658876001368,138.82167405558837,3510000
2018-10-22,139.02194213867188,141.675058293141,138.65484142356914,140.1482599902215,5703500
2018-10-23,147.79891967773438,148.39962758771463,142.2507291746162,142.83474721747518,12918300
2018-10-24,147.96580505371094,148.50810483867497,145.52959347923726,146.94793949647783,7866400
2018-10-25,146.26376342773438,148.73334147673796,145.67140689549183,148.14097221385856,4646400
2018-10-26,144.62017822265625,145.94673619321765,144.00279318839256,145.67142340966876,4741600
2018-10-29,144.52841186523438,146.97296190841527,143.68575813513098,146.0051532657007,3485200
2018-10-30,148.9169158935547,149.00033977027613,144.70362183463544,144.76201727527655,5582900
2018-10-31,147.59036254882812,149.30906265658888,147.14817648503077,149.1839077307758,5424700
2018-11-01,145.9050750732422,147.96583504279494,145.75489168764096,147.39849397478451,3701200
2018-11-02,147.4651641845703,147.66540435121607,145.1707981222927,147.214867158922,4190900
2018-11-05,150.50213623046875,151.0945056940562,147.67380787696607,148.01588020480332,4747300
2018-11-06,152.43771362304688,152.56285579259043,149.75121805131775,150.2017425923123,4864700
2018-11-07,153.72256469726562,153.91445361507687,151.74524188731144,152.67967077123262,4363900
2018-11-08,154.74874877929688,155.21596316094448,153.58071282517784,153.75591185297716,3318600
2018-11-09,155.132568359375,155.66652957138413,154.4067182183762,155.18262523383842,3237000
2018-11-12,153.82269287109375,156.36735683546732,153.33044994718014,155.14091244494367,3080800
2018-11-13,153.5222625732422,154.28149210059146,152.94659605194357,153.46386715686418,2358100
2018-11-14,153.38882446289062,154.42336695993657,152.98000551221583,153.69751695241084,3407500
2018-11-15,153.14694213867188,153.4973531003918,151.44494422022598,152.6546990779684,3351100
2018-11-16,156.50918579101562,156.65936914740726,153.03009292405855,153.09683966793932,3759500
2018-11-19,155.7833251953125,157.60212610423716,155.00740548902382,156.63433020944365,3745900
2018-11-20,153.27200317382812,155.7082012700768,152.70466239490133,154.9072533264848,3708300
2018-11-21,152.4460906982422,154.82389436529832,152.42940082787462,152.8549097730806,3410600
2018-11-23,151.78692626953125,152.6796494562929,151.0694275700006,152.27918180918263,1747700
2018-11-26,153.42222595214844,153.58908645073345,151.90377886519286,152.17909168600613,3843300
2018-11-27,154.03958129882812,154.04791986573264,152.83816567148034,152.954969261326,2194200
2018-11-28,156.72604370117188,156.8929041186958,154.11463424623562,155.15752776905248,3279500
2018-11-29,157.90243530273438,159.25403411393037,157.36013570342266,159.1205406729617,4617100
2018-11-30,158.24667358398438,158.851086089808,156.77761790077534,158.10396685471338,6635700
2018-12-03,155.6107635498047,158.17112022140748,155.0231438569324,157.90249956572956,4401700
2018-12-04,155.33367919921875,157.88564487806298,155.21615530671562,155.96327422530192,4436200
2018-12-06,155.67791748046875,155.9297581442811,152.865733027151,153.40298713234816,4878000
2018-12-07,153.58767700195312,157.14698082088586,153.34422631824756,155.57719400674895,3088000
2018-12-10,155.00634765625,155.37571225769403,151.56456792555906,153.58767043219214,3084900
2018-12-11,154.11648559570312,156.83634108825515,153.5120732640249,156.61808606092788,2889100
2018-12-12,154.02418518066406,155.16585179682022,153.0756036722948,154.4019397855296,3024600
2018-12-13,156.5006103515625,156.77763384566845,154.30122800394295,154.4607275438055,2737500
2018-12-14,153.86471557617188,155.518453852189,152.9497066686927,155.518453852189,4450000
2018-12-17,151.7660369873047,154.1417114079914,151.27075843559322,153.45336055477608,4566700
2018-12-18,150.85940551757812,153.2938350923586,150.31374867554337,152.98323890217435,4269000
2018-12-19,150.39768981933594,153.6044210652916,149.91080137493668,151.90031791446714,3883800
2018-12-20,145.79742431640625,150.10385873709902,144.84044031282394,149.60019036156046,5775300
2018-12-21,146.1920166015625,149.13012786219,145.6715552771789,145.6715552771789,8536900
2018-12-24,142.94329833984375,147.13220983291532,142.8509571948134,146.26756675178905,2400900
2018-12-26,146.09127807617188,146.09966806805627,141.9023664792238,142.7838023747082,4065500
2018-12-27,147.5015869140625,147.5015869140625,143.32106505836052,145.47008155122086,3934500
2018-12-28,147.3756561279297,149.004211246795,146.77964645606556,147.99686139456182,2896800
2018-12-31,149.06301879882812,149.25609114237548,147.40928045967712,147.71148677569334,2482600
2019-01-02,147.79537963867188,147.9968547236965,146.20880017040292,147.24973556264175,2571500
2019-01-03,146.82159423828125,148.12276020211755,146.41026690904928,147.28329994275828,3728200
2019-01-04,149.6589813232422,150.4312832624746,147.48478221950822,147.7701956474348,3194300
2019-01-07,151.2875518798828,152.68105919566966,149.54147273886355,149.54147273886355,3283000
2019-01-08,151.60655212402344,153.0252294287381,151.02732240329576,152.74821877105438,2941400
2019-01-09,151.34625244140625,151.85832360343218,150.42285403734172,151.5729102499474,2680700
2019-01-10,152.40402221679688,152.68104565687526,150.53202930745863,150.96853944714476,2498500
2019-01-11,153.09237670898438,153.11755949422255,151.48901720917732,151.59813834216013,2348900
2019-01-14,152.12701416015625,152.57192714580825,151.68210117450425,152.29490367771658,1886200
2019-01-15,151.95909118652344,153.79751110055386,151.72404335185846,152.33684572015315,3860200
2019-01-16,150.55722045898438,152.3872378925892,150.3809281476291,151.8919593551437,3375600
2019-01-17,152.03465270996094,152.03465270996094,150.28857378027865,150.47325606768766,3061000
2019-01-18,153.2602996826172,153.8395166303236,151.89197505753057,153.6548343075825,3498000
2019-01-22,154.93923950195312,155.7031388657234,152.9916848820848,152.9916848820848,3190300
2019-01-23,156.21514892578125,156.28230728033273,154.55302128035797,155.1154580894369,2530700
2019-01-24,157.2896728515625,157.71780580388545,156.08925076683602,156.86155270838722,3214200
2019-01-25,154.460693359375,159.0105665940589,154.40192499068445,158.4649225292201,4405600
2019-01-28,154.1249237060547,154.22565484803076,152.63907531616616,153.67160794886578,4138700
2019-01-29,152.92453002929688,154.22569647062392,151.91717991022657,153.85633177149606,3666700
2019-01-30,152.58871459960938,157.64225678978872,149.9863823364855,153.55408889865444,9489900
2019-01-31,150.0786895751953,152.65583846965183,148.47531756126511,151.31269706139858,10440100
2019-02-01,148.34947204589844,151.51424196196405,148.14799689903865,150.72514698153614,6529200
2019-02-04,149.04615783691406,149.2392300921627,147.45957860571522,148.82788999179786,4533800
2019-02-05,149.06301879882812,150.61601315987258,148.76920247717425,149.18054276565934,4495900
2019-02-06,147.89608764648438,149.0461567977239,147.73660097274063,149.0461567977239,3965200
2019-02-07,147.14060974121094,147.96327730110434,146.32633217355936,147.74502222048116,4176300
2019-02-08,146.69566345214844,147.3000757941078,146.40184727150452,146.71245624196553,4051600
2019-02-11,146.28433227539062,147.66104651393812,146.2087839303283,147.10701250766812,3216400
2019-02-12,146.04095458984375,147.1406458735421,145.89824783179873,146.72930558801113,4692800
2019-02-13,146.1920166015625,146.62014958310903,145.85623758115022,146.06610267119504,5283000
2019-02-14,147.63587951660156,148.11437803811378,145.57081434256898,146.0073244779179,4428800
2019-02-15,151.07765197753906,151.0860419681775,148.59284416992892,148.81950200862772,4648600
2019-02-19,150.47325134277344,152.69781590423793,150.39770299370036,152.0346479360183,4765400
2019-02-20,151.51417541503906,151.87513715099496,150.5487885039749,150.65792242840158,3707400
2019-02-21,153.4617462158203,153.90665918146422,151.43864367595356,151.48061925574325,4391000
2019-02-22,153.76390075683594,153.96537578659456,152.78173400390813,153.6044012927534,3073500
2019-02-25,153.29385375976562,155.0567256038649,153.12596425298196,154.4019347518565,3090800
2019-02-26,153.79754638671875,154.30121494406757,153.17634107592437,153.990618693245,2219100
2019-02-27,153.92349243164062,154.5111122756975,153.4869693435618,153.68005449951417,2261700
2019-02-28,155.30892944335938,155.427201613519,153.7629349322514,153.86432028574518,3297900
2019-03-01,156.33114624023438,156.83802143581875,155.5032410639569,155.94253032199012,2691000
2019-03-04,152.56332397460938,156.0608159782963,151.81144807908032,155.90875727368845,4899800
2019-03-05,153.20538330078125,153.54330012552006,152.36057834823367,152.57177958637058,3362500
2019-03-06,153.77978515625,154.98786247550868,153.66995642976406,153.7544420487064,2083900
2019-03-07,152.50416564941406,154.08394649566713,152.0226207273187,153.85584559095363,3268100
2019-03-08,151.6424560546875,152.06485843924096,150.6033497980814,151.85365724696422,2757200
2019-03-11,152.9772491455078,153.011035664367,151.89590007224496,152.06485844793644,2071500
2019-03-12,153.6108856201172,153.83898656603523,152.62246537540645,153.4757137343361,2191800
2019-03-13,153.80516052246094,154.75133777772513,153.50103027745482,154.19377640412918,2612100
2019-03-14,154.37969970703125,154.41348624154963,152.63094683684378,153.74609583650602,2375300
2019-03-15,156.56765747070312,156.67748620733835,153.84738529028266,154.82736184151295,6010500
2019-03-18,155.40184020996094,157.35333723329055,154.94565129037278,157.11679292080805,3669200
2019-03-19,154.69223022460938,155.75667978871576,154.20224182156673,155.49479232466024,4102800
2019-03-20,156.2635955810547,156.59306904431193,154.0248672910635,154.92035860705997,3522400
2019-03-21,157.4462890625,157.6659465920928,155.80736545261556,155.81582175187688,2830200
2019-03-22,157.81800842285156,159.37244641517668,157.08303225173378,157.09993195989176,3319600
2019-03-25,156.89715576171875,157.52231598335538,155.4525338148323,157.3449012952224,2651600
2019-03-26,158.384033203125,159.56676790328873,157.42941234645178,157.6828435265503,2609600
2019-03-27,158.4093780517578,159.38091151865282,158.00387526846916,158.519206824801,1684800
2019-03-28,159.99757385253906,160.0482600759036,158.76415322431166,158.7979526336865,1977100
2019-03-29,160.4284210205078,160.9522087447374,159.59207254641004,160.724107846939,2952000
2019-04-01,159.15283203125,161.2310582459976,158.6037138733665,160.93537130516629,3195100
2019-04-02,159.11903381347656,159.6259091010587,157.72509776854642,159.59212257150065,1797700
2019-04-03,159.11903381347656,159.87090978048667,158.50231685540058,159.56677945165663,2512300
2019-04-04,160.40310668945312,161.12963943924373,159.58364488245562,159.71037335539242,2324900
2019-04-05,161.11270141601562,161.56044685187953,160.57202695248017,160.80857122460844,2438400
2019-04-08,160.38623046875,161.78015352824823,160.17502922393504,161.11276326654144,2290100
2019-04-09,160.5805206298828,160.74947903562642,159.19504107766508,160.00604658151445,2279500
2019-04-10,159.85397338867188,161.61116900861052,159.46535748906956,160.98600878427598,2406800
2019-04-11,159.56675720214844,160.07363241905344,158.8655675725981,159.90467401341846,1740400
2019-04-12,161.86460876464844,162.43906985505515,160.14965601028328,160.1665428253904,3238800
2019-04-15,162.07582092285156,162.49822336164897,161.2310160452567,162.00823498576003,1973500
2019-04-16,161.94908142089844,163.10647279000946,161.68719398920206,162.62492785505918,1559200
2019-04-17,161.8730926513672,162.49825301552303,161.6703348030919,162.20256609812594,1875000
2019-04-18,164.66090393066406,164.73693326763546,161.91528837620348,162.00821741829006,2918400
2019-04-22,163.8245391845703,164.50882898464363,163.36835028142067,163.89212511294392,1738400
2019-04-23,164.9565887451172,165.53950614838587,163.99351174123385,164.15402672366423,2192900
2019-04-24,166.9588165283203,167.49103491345087,165.02420585659257,165.21852028819228,3070100
2019-04-25,167.2122039794922,167.28824620665063,165.26070699948463,165.9956959240301,2040800
2019-04-26,166.78134155273438,167.7782177972681,166.03790929516327,167.66838906175508,2302100
2019-04-29,166.5279541015625,167.57551692099412,165.07488849974163,167.25448690247293,3456100
2019-04-30,166.90811157226562,168.96098130761723,165.15935922819585,167.98946082137837,6162300
2019-05-01,164.0358123779297,166.58712750843154,163.8499542159969,165.4719785368348,4059600
2019-05-02,164.40748596191406,164.86367494670915,163.31769328725352,164.05266944247342,2418000
2019-05-03,166.86585998535156,167.24601959518856,164.52574690774298,165.02417868265587,2915200
2019-05-06,168.03172302246094,168.2682674104609,165.53110723768927,166.02953913449616,2371300
2019-05-07,167.30514526367188,168.63993846112237,166.19845298299236,167.23757222011642,3072500
2019-05-08,167.2966766357422,168.19216757089274,166.21532763208526,167.0263458301764,2040900
2019-05-09,167.04327392578125,167.53326232832907,165.9281381298484,166.5279424067827,1923600
2019-05-10,168.95254516601562,169.26511886985486,166.44347345442392,166.47725998023068,2668800
2019-05-13,168.14151000976562,168.88494241050708,166.66310150691788,167.2713620364883,2809400
2019-05-14,167.2798309326172,168.63152406888466,166.96725721226954,167.97257720989708,2787700
2019-05-15,168.17535400390625,168.73291556156516,166.84900383650415,166.9841757435074,1899000
2019-05-16,168.95254516601562,169.49321981382693,168.0232545725741,168.4203139269809,2520500
2019-05-17,168.30206298828125,169.27358363890025,167.9472464143847,167.99793265484107,2239600
2019-05-20,168.10772705078125,169.53543646417933,167.50790991643223,168.3020285630213,2217400
2019-05-21,168.82582092285156,169.93251336325062,168.17533038183424,169.71286871324875,2264600
2019-05-22,168.92715454101562,169.1045563103356,167.6937339993906,168.55543840817802,1760300
2019-05-23,168.09083557128906,168.47943861478993,167.3558594176287,167.95566369063656,3560400
2019-05-24,167.07708740234375,168.87651327528238,166.7053711421833,168.85117015669883,2105800
2019-05-28,166.1477813720703,168.43720836756793,165.90279361820674,167.5079178031888,3675100
2019-05-29,165.5986328125,166.17309386227822,164.6102127893009,165.45501755005543,2925100
2019-05-30,168.31890869140625,168.47096736398535,165.39587848619456,165.59017997583385,2685000
2019-05-31,168.48037719726562,169.97593644469146,167.61362629766467,167.74958976548245,3669100
2019-06-03,168.9137725830078,169.18569956117426,167.67314140215137,168.55687814880835,3211800
2019-06-04,169.63604736328125,170.20537982002912,168.92224561246874,169.10069929171948,3829900
2019-06-05,170.06089782714844,170.4262850190654,169.31311180400314,170.01840762743547,4294600
2019-06-06,172.5421905517578,172.82261033979276,169.97593522147224,170.05240980924816,4657600
2019-06-07,174.60708618164062,175.38036382987568,172.92458038143556,172.92458038143556,4345000
2019-06-10,171.05506896972656,175.133880895339,169.7294580112943,175.133880895339,4647500
2019-06-11,172.72064208984375,173.05204495718203,171.131609490836,171.9048871700222,2991400
2019-06-12,174.13975524902344,174.61562749047542,173.09456341470826,173.76587508002893,2874000
2019-06-13,173.76580810546875,174.53907264662917,173.06051232069723,174.36912482328142,2277800
2019-06-14,174.44558715820312,174.8874618408516,173.1624662708469,173.34941275326793,2715800
2019-06-17,173.18801879882812,174.8365403793038,172.57619608924557,174.8365403793038,2694400
2019-06-18,173.7827911376953,174.53906996121648,173.2814405283674,174.19917431975054,2470900
2019-06-19,173.81680297851562,174.19918884860408,172.16828175091914,173.87627888594827,2328400
2019-06-20,174.30117797851562,174.53061471734884,173.4344400161508,174.19921185734103,2162200
2019-06-21,173.57041931152344,174.99801007570656,173.332489678525,174.6920986952525,4267400
2019-06-24,173.28146362304688,174.41163558252066,173.03504119506943,173.98675949096764,2486800
2019-06-25,174.8025360107422,175.38036130030443,173.96127663967835,174.02925837366038,3020900
2019-06-26,173.81680297851562,174.76852122694714,173.35792956145852,174.61557206538723,2576000
2019-06-27,175.2783660888672,175.34634781156527,173.51937305029725,173.9187575672811,2253500
2019-06-28,176.45956420898438,176.73998402151037,175.32089924868438,175.81374416818838,3658200
2019-07-01,175.30386352539062,177.9635788223799,175.21039027430228,177.47922686033183,2689500
2019-07-02,178.09104919433594,178.09104919433594,175.32086197695918,175.68624916135997,3120000
2019-07-03,180.8357696533203,180.88675271243451,178.19303970431793,178.29501878873631,2306000
2019-07-05,179.50167846679688,181.00573068493685,178.6604190315899,180.40241381990424,1876200
2019-07-08,180.28343200683594,180.59783617539247,179.49315570902368,179.5016615294861,1818000
2019-07-09,180.22396850585938,180.73382509018901,179.69712621059256,180.13900105259881,1618800
2019-07-10,180.9972381591797,181.3881299185442,180.10499565952298,180.35992394030933,1842300
2019-07-11,180.73377990722656,182.52675739341777,179.81604606457915,182.24633763875983,1922800
2019-07-12,180.9887237548828,181.33711229874632,179.52714894966553,180.7337955044492,1960100
2019-07-15,182.02545166015625,182.44182200199705,180.7338244926652,181.53259375458478,2408500
2019-07-16,181.60903930664062,182.6117406682984,180.27492214293486,181.44758431575247,2380400
2019-07-17,181.60057067871094,182.61176502934782,181.30315218569405,181.82999446524164,1698400
2019-07-18,183.47000122070312,183.50398560369212,181.27763898150926,181.91495313361713,2259800
2019-07-19,181.7365264892578,183.7674340373136,181.67705056863588,183.1896086772536,2860500
2019-07-22,182.6967315673828,182.97715136247558,180.5893496430923,181.66852565204272,2580000
2019-07-23,182.11038208007812,183.75890333370833,180.6912975385998,183.32553440292273,2503600
2019-07-24,180.81028747558594,182.65424835066548,180.3769184845107,181.71102280969762,2971600
2019-07-25,182.22088623046875,182.35684971105889,180.4109096729122,180.4533998813705,3789000
2019-07-26,183.18959045410156,186.06175719014476,182.26336361933636,185.20349912470283,5029300
2019-07-29,182.6797332763672,184.7531308205494,182.10190797582604,183.54648419336914,4278600
2019-07-30,180.43637084960938,182.8751683699686,179.79056387473827,182.09338497119177,2808500
2019-07-31,179.0597686767578,180.75078007200844,177.9125981224328,180.2154320844983,4048800
2019-08-01,179.51016235351562,181.10770072861183,178.54144530964012,179.45067347239635,3231800
2019-08-02,182.2548370361328,182.7731863649569,179.20422993730696,179.55263142980272,3517800
2019-08-05,178.8303680419922,182.36534070409212,177.96361706981966,181.54107993994404,3685600
2019-08-06,181.91494750976562,182.31433207003485,178.34599096153272,178.87283316180736,2970300
2019-08-07,184.2517852783203,184.87210080158178,179.5866406730483,181.21816346681243,3767200
2019-08-08,185.25445556640625,186.72453607405043,183.69091477282387,184.6596316738682,3724300
2019-08-09,187.9226837158203,188.5854893588046,185.3139513448311,185.3139513448311,3784000
2019-08-12,184.53219604492188,187.49782300782525,183.86088452700756,187.3193823018814,2338200
2019-08-13,186.71609497070312,187.1324783228934,185.2800113112759,186.9455317538441,2913300
2019-08-14,183.95433044433594,186.7245305806678,183.86936301429503,186.05321916254806,3233700
2019-08-15,185.47543334960938,185.65387406692255,183.26607224033287,183.5464920480158,2774100
2019-08-16,185.64537048339844,186.79254117887908,184.65116193153725,186.2486873048456,2475900
2019-08-19,185.90879821777344,187.1239506907654,184.48971350094928,186.93700415645895,2721100
2019-08-20,185.64537048339844,186.8775086220543,185.54340436511217,185.97677333401884,2333800
2019-08-21,187.54881286621094,187.61678163163762,185.86629418263664,186.8605026959181,2053200
2019-08-22,186.51210021972656,187.70174801868401,185.14399876783125,187.40432958585038,2550600
2019-08-23,182.40782165527344,186.49512791569506,181.75350879023716,186.24019964667661,3662300
2019-08-26,184.3197479248047,184.54917167706273,182.02541963889965,183.61445206156992,2553100
2019-08-27,183.58897399902344,185.1610078629136,183.58897399902344,184.88909388860094,2070000
2019-08-28,185.3054656982422,185.42443048581018,183.03661594802747,184.07331465377246,2146100
2019-08-29,187.4043731689453,187.81226362303778,185.56041216863215,186.8010562756615,2729800
2019-08-30,186.19985961914062,187.93397663347866,185.31998795313658,187.76313017076177,2733700
2019-09-03,185.48233032226562,186.7978626621959,184.75621643048305,186.16571629717635,3183100
2019-09-04,186.6526336669922,187.3018555263669,184.94414274097852,185.79838820398535,2252200
2019-09-05,187.49830627441406,188.2158692006955,186.56716898760365,188.1133639354407,2752100
2019-09-06,187.95962524414062,188.65156197279853,187.46416131917235,187.7716902024371,1976500
2019-09-09,185.5933837890625,188.36114406787698,185.5079670547813,188.36114406787698,2569600
2019-09-10,179.11819458007812,184.0301063256493,177.92225606462256,184.0301063256493,6407600
2019-09-11,179.5623779296875,180.71561441725294,178.144327457433,179.12671747436843,3393300
2019-09-12,181.2281494140625,182.83413487531004,180.50204867288664,181.01458807229022,3439100
2019-09-13,179.22918701171875,181.76629635066612,178.49453560322308,181.52710873252778,3791800
2019-09-16,177.17051696777344,179.27196669808333,177.1107265589945,178.79359128884266,3437700
2019-09-17,179.26339721679688,180.10909179608592,177.2473776097417,177.68303805862547,3667900
2019-09-18,179.7588348388672,180.14325565726185,177.93075039164776,179.94676985038265,2534800
2019-09-19,179.8357391357422,180.954798486087,179.28047182379444,179.7161453052034,2552000
2019-09-20,178.87042236328125,180.91206810338596,178.85333380759766,179.68195278914317,5979300
2019-09-23,180.7070770263672,181.5015320741189,178.5885519569479,178.5885519569479,2812100
2019-09-24,181.11708068847656,182.398448557348,180.715584380117,181.52711475678598,3049800
2019-09-25,181.63819885253906,182.08239706397455,180.24577471560656,181.11710865069162,2414500
2019-09-26,181.61257934570312,184.23510597583902,181.51006103289205,182.99645273852238,3053100
2019-09-27,182.0908966064453,182.4923928637808,181.3476944733209,182.0054668788115,2333200
2019-09-30,183.4150390625,183.9702933691749,181.7919649507377,182.09095606033227,2488000
2019-10-01,178.55438232421875,180.84375380578174,178.07600697193698,180.35684069176307,4811900
2019-10-02,176.2052001953125,178.0930752072197,175.6243065522063,177.62323763590223,4171400
2019-10-03,179.41714477539062,179.41714477539062,176.25643967616884,176.6750245784148,3499900
2019-10-04,180.83523559570312,180.85232415577528,179.4257226716739,180.10058392962637,2220300
2019-10-07,181.03167724609375,181.84320774064315,180.33120282076422,180.33120282076422,3057000
2019-10-08,180.33973693847656,182.0738539617602,179.36589775774218,180.2286808715004,2555900
2019-10-09,181.80906677246094,182.3557833573684,180.77542400807644,180.84376521053383,1745900
2019-10-10,180.89500427246094,182.06532935389455,180.67290515721288,180.89500427246094,1853100
2019-10-11,178.55438232421875,182.18492537926886,178.25539121166724,181.97990178482635,3945700
2019-10-14,178.00759887695312,179.40856032560635,177.50358435937227,177.68298156643425,3088000
2019-10-15,177.01675415039062,179.15236790760048,176.41878490532227,179.0156854987986,3766800
2019-10-16,177.9392852783203,178.47745091340977,176.66645518408114,176.8287638644923,2891400
2019-10-17,176.70068359375,178.95589115030435,176.69213279666826,178.1101834285646,3340500
2019-10-18,178.11016845703125,178.58000604072652,176.5981504275939,176.65795386313266,3518800
2019-10-21,179.26339721679688,180.0407506018934,178.05890810930947,179.1352525896546,3684200
2019-10-22,170.22549438476562,175.33387852344055,170.12297606718693,175.1971961231697,10265400
2019-10-23,170.1741943359375,171.82288133762552,169.15764044858696,170.94300981246863,7943700
2019-10-24,167.44918823242188,170.46467347459696,167.2527024039059,170.45612267829162,4955600
2019-10-25,166.24472045898438,167.987375577055,166.06532316525914,167.51755097086215,4773700
2019-10-28,163.82717895507812,166.85121491859294,163.5879912899668,166.56076158117193,7711400
2019-10-29,164.5447540283203,165.04021795234755,163.70759713898173,164.01512602166238,4454600
2019-10-30,168.19235229492188,168.28631979690908,163.7417286604351,165.11706407965764,6332600
2019-10-31,168.030029296875,169.14055067085536,167.1159937051567,168.6279983337114,4961000
2019-11-01,165.67239379882812,169.11500252507162,165.46737016225592,168.9526937754628,4192400
2019-11-04,161.1619110107422,162.94728044401734,160.21369826763348,162.44327887792974,17662100
2019-11-05,164.16888427734375,164.86937180282385,161.83679784924138,162.00764433224228,10496000
2019-11-06,165.87738037109375,166.80851784689557,164.91209184627397,165.12565321540026,6473500
2019-11-07,164.93768310546875,167.43207780243725,164.28846137384642,167.19289016264224,4820200
2019-11-08,165.39044189453125,166.38990738478296,165.057286731114,166.236149479244,3499400
2019-11-11,164.5618133544922,165.93714880289716,164.44221953440257,165.40752089032154,2746700
2019-11-12,165.10855102539062,165.60401492503016,164.67289056085005,164.86936335449576,2930600
2019-11-13,166.5778350830078,166.6547140323987,165.3050048814024,165.5271170037524,3405000
2019-11-14,165.72364807128906,167.0050164842114,165.00608488839342,166.7743665201544,3173900
2019-11-15,165.69798278808594,166.39845724438774,165.13417769061707,166.21053524664862,2991300
2019-11-18,165.9628143310547,167.19292993390098,165.6040327860165,165.89447312703524,3420300
2019-11-19,165.24522399902344,166.06529224255846,164.87789171732047,165.89444577805114,2910500
2019-11-20,165.83465576171875,166.5522187351462,165.33064109335328,165.37335596826557,3131300
2019-11-21,164.31410217285156,166.28740689246536,164.23721018312315,165.96278948066745,3509500
2019-11-22,164.98895263671875,165.22814030101273,164.14324501562567,165.0316675127891,2417700
2019-11-25,163.9211883544922,165.99701194932564,163.6734628647381,165.6723944488344,3999600
2019-11-26,165.73216247558594,165.74925103508068,163.97241885542857,164.01513373678955,3877200
2019-11-27,167.6884002685547,168.00446694376504,165.65529173454746,165.94573208661924,4133000
2019-11-29,167.1982879638672,168.96930849334703,167.01775416837447,168.94351795113377,2815500
2019-12-02,167.80014038085938,168.15262872310922,166.59653764913546,167.97209487249359,3197500
2019-12-03,166.0291290283203,167.67978992199173,165.3671540462697,167.04360549153859,3745300
2019-12-04,167.05215454101562,167.18971285929908,165.83135398238724,166.43315522702332,2217200
2019-12-05,166.96620178222656,167.21551477256736,166.04629522423346,167.21551477256736,2819600
2019-12-06,167.94630432128906,168.28159459071605,166.8802468172793,167.25852570961456,3095100
2019-12-09,167.3702392578125,168.8059828240718,167.03494907077942,168.21277408125576,2227500
2019-12-10,167.6023712158203,167.98065002410374,167.0263605280371,167.31866210960774,2470100
2019-12-11,167.40469360351562,168.2902042289226,167.00921659803217,168.22142504891298,2490300
2019-12-12,168.77162170410156,169.51098138766648,167.568019018431,167.86032065376736,3024700
2019-12-13,169.46791076660156,169.64845764123433,167.93761104172987,168.53941209337395,2077900
2019-12-16,170.12136840820312,170.3620889171541,168.91775274516442,169.8720423050357,3650100
2019-12-17,168.9521484375,170.8435294820787,168.8919617512799,169.88064744882783,3338200
2019-12-18,168.18699645996094,169.1842615042454,167.3960557815294,169.02092575403972,4287700
2019-12-19,169.41641235351562,169.51957455033744,167.8603213327878,168.04086829551144,3345700
2019-12-20,169.4851837158203,171.08426328431466,169.063916234397,170.6973919457709,6415500
2019-12-23,168.6770477294922,169.82906928789896,168.53089691551088,169.82906928789896,2388900
2019-12-24,169.08111572265625,169.48518513602568,168.22139579945062,168.4449182569015,1152500
2019-12-26,169.41641235351562,169.50238959639077,168.6426696407811,169.02954099714836,1809600
2019-12-27,170.3707275390625,170.62864618802138,169.51959993298442,169.64856581660757,2263900
2019-12-30,169.28744506835938,170.05259523840618,168.45351573357658,169.86345581495334,2242400
2019-12-31,169.8892059326172,170.1815074744715,168.9864976479201,169.19283509302494,2278700
2020-01-02,172.62313842773438,172.63174402171262,170.06117701436867,170.22452588055316,3554200
2020-01-03,172.0127716064453,172.41684103813105,170.9553197260883,171.4195627336179,2767600
2020-01-06,173.9471435546875,174.32542244139267,171.38518171057393,171.60011170363043,4660400
2020-01-07,174.2050323486328,174.24800784525877,172.38241739908463,173.55163688589002,4047400
2020-01-08,177.02493286132812,177.69551335319937,173.83536616832208,174.19644696253852,5284200
2020-01-09,179.1226348876953,179.99953968411097,177.18826523715123,177.84164759653063,5971600
2020-01-10,178.1941375732422,179.63846062925313,178.1941375732422,179.2000082268821,2336400
2020-01-13,177.5407257080078,178.63257349350334,176.89593587786428,178.28869083140654,2784200
2020-01-14,178.2371368408203,178.52083286512425,176.63805729422938,176.63805729422938,2622700
2020-01-15,180.3434600830078,180.84209923510994,178.2371487999851,178.2371487999851,3369400
2020-01-16,181.2719268798828,181.49544930752361,179.8705793940972,180.63572949897454,2726700
2020-01-17,182.24342346191406,182.92260953933894,181.7018088372252,181.7619824096196,3540400
2020-01-21,181.53842163085938,182.4841054644304,180.73028298441804,181.71895542821548,4100500
2020-01-22,181.77915954589844,183.68773858217665,181.75336900094467,183.2578786752362,2757400
2020-01-23,183.4813995361328,183.55017869484945,179.35474184111658,181.00540229546644,3378200
2020-01-24,181.60719299316406,184.1347578756989,181.31487832713304,184.1347578756989,3106300
2020-01-27,179.9737548828125,181.06560279353417,178.21993211571714,178.68417507462104,3389300
2020-01-28,180.87648010253906,182.44117671131582,180.42082957762833,180.44662012671495,3855200
2020-01-29,184.3583526611328,186.0605945304171,181.22897249174733,181.9941227411269,5734800
2020-01-30,185.85423278808594,186.33568692839705,182.97417913192945,183.98004979258266,3560700
2020-01-31,183.9542999267578,186.6452278778738,183.24073071192146,185.28686862631278,3920800
2020-02-03,184.99447631835938,186.45601028377976,184.1777452377477,184.83114059686216,3539200
2020-02-04,184.51307678222656,186.29270323382906,184.19498462390092,185.79406412833103,3367900
2020-02-05,184.29815673828125,185.51036498495742,183.1289371116553,185.39000471978792,2911400
2020-02-06,183.0085906982422,184.68505517909443,182.8108587729872,184.59907793248652,2903300
2020-02-07,181.9253387451172,182.98279060817742,181.47828069897807,182.74207007216833,2421600
2020-02-10,183.30091857910156,183.36109216140312,181.6158615003538,181.6932331568645,2318800
2020-02-11,185.46739196777344,185.57915976564965,183.67917279318482,183.9800800405656,2694500
2020-02-12,186.9547119140625,186.96330439124702,184.93436472140772,185.69951497597543,2844900
2020-02-13,186.92030334472656,187.75423271619908,185.86285151674124,186.3099095480518,2853400
2020-02-14,186.63661193847656,187.28140193946763,186.02621808377862,186.989100287407,1720400
2020-02-18,185.82843017578125,186.59358027573904,185.41576834345022,185.6306982942056,2712600
2020-02-19,185.3813934326172,186.4904262549834,185.3641953626852,186.3958565477829,2229500
2020-02-20,184.90853881835938,186.25829210227025,182.93118062625572,185.8284321960861,2869400
2020-02-21,185.58773803710938,186.0175980043002,184.23798456163848,185.04612339888286,2791200
2020-02-24,183.56741333007812,184.99453852330637,180.6357650574378,181.0398344964603,4218800
2020-02-25,182.3466033935547,186.41307501148492,181.52985896097783,184.4787051584484,5053700
2020-02-26,180.6271514892578,184.46149479622696,180.32624428485377,183.02576417516144,4190800
2020-02-27,172.80372619628906,180.54120647373483,172.74353949735357,178.5638477791747,6406200
2020-02-28,167.97645568847656,171.67043617066494,163.33951942898534,169.559590180843,11324000
2020-03-02,175.22601318359375,175.22601318359375,167.120016950892,167.66503419225546,6154200
2020-03-03,172.59605407714844,177.9250719431904,170.56307749409643,174.75015730296863,5115200
2020-03-04,179.09298706054688,179.21410051992925,173.7985666352016,174.68961848645273,4260400
2020-03-05,171.56658935546875,176.40249380677085,169.84503609482044,175.30381342432824,4107200
2020-03-06,172.0337371826172,172.65661005998535,165.41572936104873,166.87773685337507,6360100
2020-03-09,161.652587890625,168.23599947413334,159.26491662263496,162.35331678447108,7788500
2020-03-10,172.89883422851562,173.01994766386534,162.54358930480333,165.19079239200056,5835200
2020-03-11,162.85504150390625,169.33464392331513,160.76150151855185,166.91236178145544,5625100
2020-03-12,147.17945861816406,155.57957173477618,146.5306336561025,151.20216810279464,9079300
2020-03-13,153.23513793945312,155.25946838449383,145.50978955164268,154.21269177637612,8042600
2020-03-16,128.9085693359375,140.0770155043446,127.71474009837493,135.90723962171677,9341300
2020-03-17,127.7060546875,129.3151411766018,116.7884971756458,128.0521025993584,13708200
2020-03-18,118.77819061279297,122.59328343098964,107.47133787750381,118.95120791149859,12627600
2020-03-19,129.3324432373047,133.9520738276569,110.91447100853298,116.96151124409566,12773400
2020-03-20,128.4586944580078,139.74823808089414,127.83582144704309,132.87069621856756,12000000
2020-03-23,118.60517120361328,132.5419275523941,118.08610611635899,123.6659964026617,10660400
2020-03-24,140.10293579101562,140.99398769320723,126.39110935413953,128.89989395636053,11678400
2020-03-25,140.99395751953125,148.24349785229668,137.74118712029312,142.741462759725,9708700
2020-03-26,144.77444458007812,147.8714899861195,139.2810560339915,141.86770896961463,8259900
2020-03-27,141.88504028320312,146.84207257908847,137.7412172655705,140.82097102404114,6441400
2020-03-30,145.44923400878906,147.33514524193367,141.50438102171103,142.67225783478324,5621700
2020-03-31,143.04428100585938,146.6430867402428,142.74149074533946,144.33327147404535,4519900
2020-04-01,136.83287048339844,139.66175128426866,135.2583952892864,138.60632818915204,4668900
2020-04-02,139.71360778808594,140.10290003039273,134.09045948701748,134.09045948701748,4803200
2020-04-03,138.7014923095703,140.34517712097042,135.08536724395924,138.68418661250044,5050400
2020-04-06,153.15731811523438,153.875352792685,145.5444476852203,146.3749364010421,8330900
2020-04-07,151.90286254882812,160.20782546256996,151.5308759910033,159.63685645717058,7848300
2020-04-08,153.54660034179688,155.21623696853186,150.61391193494836,151.401142885176,5665700
2020-04-09,158.91885375976562,160.44143807770615,155.38924447778157,156.34950592361824,4901300
2020-04-13,155.82177734375,158.18350938677415,153.0448142783052,158.03643079916571,3182500
2020-04-14,159.1697540283203,159.60230402907086,157.30978110486592,158.9621252758238,3863800
2020-04-15,153.84934997558594,156.5571166566321,153.3562499386798,154.6279477396559,4961500
2020-04-16,155.285400390625,155.6400944454009,149.03073308492355,153.12265108156336,7120800
2020-04-17,160.9951171875,161.6093308025648,155.91697115108062,157.72504020478885,6467600
2020-04-20,157.14537048339844,160.7182368154373,157.05886842522355,159.56765251867267,3856500
2020-04-21,153.6244354248047,155.19026406649925,152.34409132225974,153.44275864520898,4758300
2020-04-22,161.3238525390625,162.40522759426392,156.36683298212535,156.36683298212535,4243600
2020-04-23,157.48277282714844,162.05915848227286,156.8599130718164,161.0469932293409,5050100
2020-04-24,159.19569396972656,159.48117853274312,156.4619750030019,158.53820956991476,3319600
2020-04-27,160.81341552734375,162.95885952512873,159.84450788970727,160.17323686654734,4048200
2020-04-28,160.8480224609375,164.3689854862181,160.53659916079945,164.3689854862181,3805000
2020-04-29,162.48306274414062,164.72366822314123,161.66986676016325,163.09727625518647,3465200
2020-04-30,162.25816345214844,162.90698849039302,156.37548046532157,157.44820928068916,7127200
2020-05-01,158.01913452148438,160.51061299895602,157.5779251699799,159.17836509922557,3764800
2020-05-04,157.33572387695312,157.84614288037136,154.74042402374357,156.85127001641442,4027100
2020-05-05,155.06053161621094,159.05728946591273,154.9480643900125,158.77180487659422,3828400
2020-05-06,153.09669494628906,156.68685342070006,153.00153345128578,156.2370110810243,3916900
2020-05-07,156.6868438720703,157.06748982888664,154.24726973123308,155.2853866677675,3039600
2020-05-08,156.78204345703125,158.68526050319394,155.64011850948415,158.48629123210168,3411600
2020-05-11,156.4792938232422,158.20949384092376,154.43765727436278,155.17298436165032,2631300
2020-05-12,152.72471618652344,157.95857272978122,152.63821412487803,157.42221506630256,3610600
2020-05-13,149.506591796875,152.75071687196817,147.9407496723119,152.41331519179488,4729100
2020-05-14,151.7471923828125,151.96346738026807,145.20703857181678,147.2400156276721,4868400
2020-05-15,150.36302185058594,151.1416197343727,148.5203547127061,149.7055506334934,6879600
2020-05-18,155.5709228515625,156.7128479012467,154.08294990774868,155.76989214045116,4653000
2020-05-19,155.345947265625,156.98098504220803,154.0482978175314,155.8217415029611,3365000
2020-05-20,159.26490783691406,159.69745781669886,156.21110603566362,157.4481926416668,4920800
2020-05-21,160.1126708984375,160.458705534679,157.54332346319987,159.33407316633128,2913600
2020-05-22,159.5330810546875,160.34627709990443,158.46899863788116,159.59363118551357,2475200
2020-05-26,159.9050750732422,164.93996322810224,159.38602301216187,164.01429992525652,3990900
2020-05-27,162.39657592773438,163.28762788746081,160.2770835303305,163.27898163944417,3993400
2020-05-28,163.2703094482422,164.7842343568556,161.53146330534216,163.86723052427018,3567600
2020-05-29,162.26010131835938,164.33275772856814,161.7288714077268,163.226751857896,5717200
2020-06-01,163.2093505859375,163.58381739133546,161.63308186853848,162.59974573506344,2168200
2020-06-02,163.3660888671875,164.21083170377904,162.05978715555787,164.07148966532537,3125500
2020-06-03,168.3300323486328,168.78288732843097,163.80152241581573,164.1324564343284,3881500
2020-06-04,168.28651428222656,169.17478995412452,166.8756992774434,167.48531742548505,3469100
2020-06-05,171.70033264160156,174.30421937471988,170.92526067763797,172.43185854926347,4728300
2020-06-08,176.4813690185547,176.55104004295026,170.37659001712578,170.41141888512897,4443900
2020-06-09,173.75558471679688,175.54086675018627,173.31143353826926,174.49581453369134,3728600
2020-06-10,170.51596069335938,173.79041965935542,170.40274359866024,173.41595278979892,3459900
2020-06-11,163.29644775390625,167.99914275005258,162.26882993098707,166.24868963132425,5796000
2020-06-12,164.7420654296875,166.91923499970775,161.50243604642625,166.91923499970775,4108600
2020-06-15,165.02073669433594,165.56937434725893,160.36158886105778,160.76219387771363,4499000
2020-06-16,165.7435760498047,168.51292944205363,163.2964262222755,167.20662766343307,5434800
2020-06-17,166.15284729003906,167.97297093319435,165.83063048429747,167.1369320708869,3154100
2020-06-18,165.02073669433594,166.10932139478527,163.6273429624058,165.47357836208388,3153300
2020-06-19,162.46913146972656,167.52016851235354,162.4430064928757,167.45920137410747,6267700
2020-06-22,163.25289916992188,163.52286608746965,161.01476233251609,161.98142621403866,3223200
2020-06-23,162.52134704589844,165.22974647646595,162.260097332651,165.0729966485175,2951900
2020-06-24,160.49221801757812,161.72886196426268,157.9231607132383,161.07571112646164,4146600
2020-06-25,159.15982055664062,160.30937262038972,157.04361783254376,159.81297151420983,3145200
2020-06-26,156.52980041503906,159.20335794586788,155.78085349292348,158.82017394547532,5107400
2020-06-29,159.1946258544922,159.22075082367454,156.0333716995582,157.25259451107814,2622200
2020-06-30,160.6489715576172,161.28470128112002,158.40213121483526,159.2991239155708,3163100
2020-07-01,160.814453125,162.36459676508989,159.99583525673918,161.0669989432309,2193800
2020-07-02,159.8217010498047,162.85231800639335,159.24692497350938,162.85231800639335,2690200
2020-07-06,164.15858459472656,164.35017657881005,160.36160035585414,161.98141503776733,3171500
2020-07-07,161.82470703125,163.59256810532875,161.32830586554334,163.17454187471517,2399600
2020-07-08,161.85081481933594,163.05260356162967,160.89285475308185,161.54600571960316,2776400
2020-07-09,160.52706909179688,162.495225608599,159.03787925195743,162.17300876299387,2333500
2020-07-10,161.00607299804688,161.493756930416,159.3775408736972,160.0481129249,2714100
2020-07-13,161.0408935546875,164.5504901957676,160.8580187336866,161.63309064798096,3221600
2020-07-14,166.0919189453125,166.19641883599087,160.87541569193172,161.18892865235574,4138600
2020-07-15,167.0063018798828,168.94833312234505,165.36036246502016,168.86124103733977,3735400
2020-07-16,166.2660675048828,167.86846095899202,165.59549562361374,166.44023839539258,2111100
2020-07-17,166.75376892089844,167.1195318161053,165.57810531953098,166.63184795582947,1972600
2020-07-20,166.8669891357422,167.8771990301425,165.7871082187913,166.24866711584872,2157100
2020-07-21,168.06007385253906,169.73213852874136,167.20662708089586,167.4940150657978,3505400
2020-07-22,172.97177124023438,173.86876407887152,168.12104413804622,168.26038618577738,3484400
2020-07-23,172.03994750976562,173.53784128427986,170.69880357081294,172.83244044747502,2702200
2020-07-24,173.05885314941406,173.22432016030058,170.45495360040624,171.46516345437468,2199900
2020-07-27,175.2621612548828,176.36816718578686,173.05016268146403,173.33753738874535,4541700
2020-07-28,170.8990936279297,174.07775562953864,170.2546467031367,172.95434206851584,6051000
2020-07-29,170.8730010986328,172.8324539262992,170.43756713692918,170.9513760225259,3342900
2020-07-30,170.17625427246094,171.03840475961596,168.0077889943106,169.81919533920174,2705700
2020-07-31,169.1921844482422,169.54052623091346,166.89309413280492,169.07896738909977,3194700
2020-08-03,169.29669189453125,170.34174386604326,168.59129111563212,169.2357380596128,3143500
2020-08-04,173.61624145507812,173.91233337979892,169.24448046388235,169.77571046453596,3699900
2020-08-05,173.52914428710938,174.6090253373555,172.3534805184707,174.17359135895808,2259600
2020-08-06,176.94296264648438,177.3087389184287,172.75408948465665,173.11114857159788,3158900
2020-08-07,178.17955017089844,178.66723399353017,177.03870223562865,177.09966935765138,2980000
2020-08-10,177.76150512695312,178.66721494819853,176.38553260926628,177.96181425934336,2783600
2020-08-11,178.52793884277344,180.6354377945056,177.8747878470072,178.52793884277344,2478400
2020-08-12,179.4161834716797,180.6179719700692,178.85882862489953,180.14770921650594,2167100
2020-08-13,179.8254852294922,180.48733993106535,178.83269653293883,179.36392638827624,1795000
2020-08-14,180.29579162597656,180.55705467010452,178.70210167402558,179.3552526401502,2060200
2020-08-17,181.72398376464844,182.44680563935367,180.1390112652374,180.21738617868553,2619000
2020-08-18,183.16094970703125,183.256732422629,180.46995769987942,182.23781853751694,2921500
2020-08-19,182.4555206298828,183.901164467212,181.69786984369694,183.07384265759458,2711100
2020-08-20,182.77777099609375,183.744434959522,181.22762709631013,181.2450348878022,2084900
2020-08-21,184.24951171875,184.7894455168084,182.23779588506568,182.84741399196977,3484800
2020-08-24,185.16390991210938,185.93027783885825,183.69214118387046,184.85039696829287,2463900
2020-08-25,185.19007873535156,186.53122292473736,184.8156118659929,186.33092700132207,2302400
2020-08-26,186.15667724609375,186.73145312495728,184.27561308822885,184.70232976234144,2316700
2020-08-27,184.78945922851562,188.1945558588445,184.7110843078313,186.66181987182947,3226800
2020-08-28,187.15821838378906,188.7257832179605,184.42369378521917,185.33810771251825,3212500
2020-08-31,187.0355682373047,188.32323453611622,186.41362880997593,187.0355682373047,2900900
2020-09-01,186.30853271484375,187.1144168983458,184.46025064596594,184.68799616539096,2926700
2020-09-02,189.40945434570312,190.19782897630378,186.30855155718,186.79908864317164,4092000
2020-09-03,187.28082275390625,191.05621974791543,185.61648565025607,191.05621974791543,3126700
2020-09-04,185.46763610839844,190.7672147562063,184.61795095723272,188.58606214659522,3828600
2020-09-08,187.08810424804688,189.4707237235175,184.88067462921657,184.98578586997493,4107600
2020-09-09,188.95394897460938,191.10881006316976,187.84147243190344,188.3320094808072,3213200
2020-09-10,190.29415893554688,192.25630700632493,188.9626917688537,188.9626917688537,3325600
2020-09-11,190.95989990234375,191.99352964203496,189.45324274208053,190.6883535594124,3616500
2020-09-14,193.20236206054688,194.9805655583774,192.13368632530174,192.4665564820237,2543800
2020-09-15,194.78785705566406,195.90033363126426,193.93817201149895,194.2535191759946,2640700
2020-09-16,196.92518615722656,198.5982782385689,193.8505616779956,194.61264500288587,3463700
2020-09-17,194.9718017578125,195.9791536320309,193.14979752866302,195.95287581730392,3376600
2020-09-18,192.9483642578125,195.8390446887933,192.82572997849255,194.13090622994056,3861400
2020-09-21,189.56710815429688,191.00368657677993,186.93045163597517,190.20655724025798,2831800
2020-09-22,189.56710815429688,190.04889035582835,187.93781685120123,189.5846177862571,2475600
2020-09-23,188.30572509765625,192.4402706029792,187.6662759930749,190.67082199588916,2777700
2020-09-24,189.31307983398438,191.31904217101956,187.09689497508134,188.11301505121565,1727000
2020-09-25,191.11756896972656,192.05485563875845,187.1494583124786,188.5948050404999,2196800
2020-09-28,192.93955993652344,194.4462170094784,191.85337462774066,192.71181442219546,2111700
2020-09-29,191.55555725097656,193.55276492535734,191.38036734722607,193.07973748248486,1731700
2020-09-30,192.26507568359375,194.63892733593568,191.31903427583308,191.72196967020645,3034100
2020-10-01,192.35269165039062,195.33972837284284,190.7759557436612,194.1046174653937,2443000
2020-10-02,195.05059814453125,195.64625968614735,190.1714932226457,190.5306277443933,3833100
2020-10-05,198.02891540527344,198.40557299123552,196.2244208207166,196.968994542633,2913800
2020-10-06,196.2945098876953,200.2976664879483,195.86529664980773,198.69465288452614,2453600
2020-10-07,198.3880615234375,200.07867676578715,197.20551970158985,197.5997003088724,1972500
2020-10-08,197.79238891601562,198.91362015137872,196.46967662729602,198.0464122289412,3195800
2020-10-09,196.94268798828125,199.03623822736995,195.44478594689767,198.79096974994673,3237700
2020-10-12,198.06394958496094,198.41432935911385,195.4448159966269,196.9251952697665,2412400
2020-10-13,199.15016174316406,200.2275923193976,197.03031985789713,197.70481500320932,2098900
2020-10-14,199.3866729736328,201.01596451823545,199.15017261193236,200.078691156445,1862600
2020-10-15,201.15609741210938,201.47144455562432,197.60844538909922,198.098982419871,2177300
2020-10-16,200.91957092285156,203.1445237843858,200.72685804929722,201.2699640411916,2162800
2020-10-19,197.9675750732422,202.36491167800506,197.24052441040925,201.077245408017,2009500
2020-10-20,199.2377471923828,201.47145512899598,198.3442613445111,198.6158210550622,1883200
2020-10-21,199.88595581054688,201.02471013710405,199.0275159990144,199.04502563160463,1518200
2020-10-22,200.72686767578125,200.94585837294713,198.7384417691298,199.5092799341843,1961300
2020-10-23,200.3414306640625,201.8305645486217,199.5443014164358,201.8305645486217,2278100
2020-10-26,196.4521942138672,199.06255979227853,193.5615141047132,198.6508561790831,2537800
2020-10-27,195.3134002685547,197.29307111800435,195.09440959806173,196.6273442915125,1801900
2020-10-28,188.06045532226562,193.22863048624077,187.85898762115562,191.3015150030364,3272900
2020-10-29,188.28819274902344,190.65328952981014,186.6413918477909,188.06044724303675,2477600
2020-10-30,186.58006286621094,188.524701210445,183.87334121841755,187.10564585453983,3450900
2020-11-02,186.19464111328125,189.4882696272729,184.64418329400607,189.1028438763904,2983200
2020-11-03,189.9087677001953,191.04752219323322,187.41226797954045,188.84884666373378,2615000
2020-11-04,188.21810913085938,192.24754306984153,186.8428545833621,188.33198856389703,3360800
2020-11-05,189.47950744628906,191.1350765714626,188.0516838328812,189.26928493269963,3622000
2020-11-06,189.698486328125,190.8635183608597,187.67501456405492,189.2079493387905,3916100
2020-11-09,186.7728271484375,199.58816978756425,181.47324846086474,198.65963780377893,7981200
2020-11-10,186.86041259765625,189.19923194114998,185.12599642875543,188.98899603294387,4255600
2020-11-11,190.97738647460938,192.05481682419688,187.71880424871233,188.1655404019243,4126900
2020-11-12,186.6414031982422,190.80222656482064,184.72304249696492,190.574467678852,4253200
2020-11-13,186.8253631591797,187.797682496777,186.00195590818862,187.2458216017228,3072100
2020-11-16,189.84739685058594,189.86491984752897,187.13192043415188,188.7699664458708,3702100
2020-11-17,189.21676635742188,190.42559959719574,187.4736085091429,188.85763167896673,2443100
2020-11-18,188.78750610351562,190.81973284595162,188.69114966102092,189.2955661306575,3095200
2020-11-19,188.42832946777344,188.75243137677376,186.86911699282612,188.1918158056256,2840500
2020-11-20,187.5348663330078,188.5247085408587,187.1319309436015,187.7976578373904,3932600
2020-11-23,190.0839080810547,190.60949105353734,188.0253903659829,188.45461690571472,3010300
2020-11-24,192.45779418945312,193.80677103101172,191.17888261025223,191.8446095317039,3870900
2020-11-25,192.13369750976562,193.22865112468787,190.8898318071499,192.69431322596049,1889200
2020-11-27,191.24896240234375,193.06219847331144,190.66206892207248,191.8533788813769,1394400
2020-11-30,191.60140991210938,191.7159661968898,188.949082334536,190.73786796492362,3413600
2020-12-01,190.4558868408203,192.91434268930223,189.91837315734656,192.87029499119933,4224800
2020-12-02,185.8033447265625,188.92267789060102,184.27892572054435,188.57021557616545,6223700
2020-12-03,186.3760986328125,187.89171078109783,185.53899055506287,185.87383916439288,3732500
2020-12-04,185.69757080078125,188.02385655951045,185.13362314550062,186.45537672308703,3151100
2020-12-07,184.06744384765625,184.26130215804216,181.68828956496424,183.75022238025895,3826000
2020-12-08,183.62684631347656,184.25248235220533,181.88213508824003,182.0054982365785,2709400
2020-12-09,183.8911895751953,184.63136842423665,182.69279900959665,184.5961275747664,3010900
2020-12-10,183.3184356689453,183.95287857280317,182.4637139092,183.72377941968924,2956400
2020-12-11,183.07168579101562,184.11147231171392,182.16408270151726,182.8161526702797,2770800
2020-12-14,186.7373504638672,189.22225373190844,185.2305588613938,185.68875710376068,4745000
2020-12-15,189.32801818847656,190.51760200768393,187.45994375411848,187.88290121281602,3798200
2020-12-16,188.3939666748047,191.66309668684963,188.27060353181383,189.3456309688374,2682000
2020-12-17,188.7904815673828,190.14747607893264,188.15603873337747,189.79501381362903,2558800
2020-12-18,189.52183532714844,191.08150826465004,188.4115671971284,189.58351016714118,7929100
2020-12-21,186.51705932617188,187.29249242653904,183.29197723572466,185.5918290942471,4342500
2020-12-22,186.7373504638672,187.60971269648078,185.37153569604422,186.1029076484342,2772800
2020-12-23,186.82550048828125,188.06793886119289,186.62282188827834,187.07222679251726,1658800
2020-12-24,186.27035522460938,187.4599390137352,186.0500629262953,186.91360497092546,1047700
2020-12-28,188.58782958984375,189.3456356141146,186.97528839474737,187.68022642009285,2550100
2020-12-29,187.43348693847656,190.13866910920058,187.20437436515647,189.13413686358334,1665700
2020-12-30,186.42015075683594,188.00625798005294,186.1734244605105,187.65379568403793,1855000
2020-12-31,189.08126831054688,189.38966943019122,185.73282301984352,186.14697357515956,2610900
2021-01-04,185.23936462402344,189.2046254744073,183.47702646829725,189.00196035125927,4055400
2021-01-05,186.34963989257812,186.76379045053415,184.71066480774056,185.20411735877576,2576100
2021-01-06,185.9266815185547,186.55231750038038,184.1907773026645,186.1910349396863,3083400
2021-01-07,186.7902374267578,187.88289204109373,185.53897881524347,187.88289204109373,3142000
2021-01-08,190.21795654296875,190.43824880317806,187.0105017721438,187.6008834160361,2639100
2021-01-11,188.77285766601562,190.43826677251965,187.79475940057208,189.53066365046354,2545400
2021-01-12,186.45541381835938,188.86100204339766,185.87383890157966,188.29705427591972,2952000
2021-01-13,186.88714599609375,187.80356936413583,185.83855264495574,185.8473729408775,2069800
2021-01-14,183.72378540039062,187.39825949492936,183.2832007831235,186.8960000229441,3666700
2021-01-15,184.9662628173828,185.6623806928416,182.77214627967516,183.25679211478055,3593700
2021-01-19,184.24363708496094,185.92667323071677,183.17743004287436,185.64469267525965,3331600
2021-01-20,188.24420166015625,188.9315126377747,184.71952446392777,185.1777228186224,4077700
2021-01-21,188.15603637695312,190.29728427629806,187.97099839593685,188.62305492313968,2674900
2021-01-22,188.0238800048828,188.69356372729237,186.07649024169316,187.2572536912999,2196400
2021-01-25,187.98863220214844,188.61426824454736,185.5389829239327,187.0017270096514,2615300
2021-01-26,189.78619384765625,189.90073668089892,186.95763528772054,187.2572295370823,2907800
2021-01-27,182.40200805664062,187.82119277284755,182.40200805664062,187.1515090812587,5464000
2021-01-28,182.24339294433594,185.36272552637993,180.75421506937693,183.83830680478266,5401600
2021-01-29,183.14218139648438,184.51680303278184,178.9742553437469,180.7365935329638,5203300
2021-02-01,183.22149658203125,184.77236290538858,182.0495534339137,183.70614230808042,2812500
2021-02-02,184.83404541015625,187.36301014152966,182.9747778718151,183.36249446871275,2786000
2021-02-03,183.9088134765625,185.03670887773828,183.2214891910714,183.59159205463345,3020700
2021-02-04,185.95314025878906,186.90480463414593,183.87358035239635,185.04553703374577,2777500
2021-02-05,187.31895446777344,188.72881715293033,186.81668155831846,187.32776131956948,2600200
2021-02-08,186.43775939941406,187.68021105473898,185.0102697629994,187.27486735353904,2696200
2021-02-09,190.31491088867188,190.49114203107237,186.60519626479527,186.86954970118316,3047300
2021-02-10,188.92266845703125,191.4868740200728,188.40278186324716,191.10797772325296,3161600
2021-02-11,188.80813598632812,189.27515460582106,187.16034037180864,189.0460419992638,2583600
2021-02-12,188.48208618164062,189.1870242295583,187.6802324296395,188.57020847972092,2781200
2021-02-16,189.4778289794922,191.16086552924733,188.42042853385337,188.8962540284392,2892900
2021-02-17,188.08555603027344,189.35444178220214,187.36300430494288,188.53496091066663,3280000
2021-02-18,189.8302764892578,190.20918624132239,187.38062716068012,187.94457491735466,2191000
2021-02-19,187.01931762695312,190.09458890128676,186.78139822681612,189.70687238123304,3181600
2021-02-22,186.86073303222656,187.6890342077216,184.77236639080903,186.36728044569537,2910800
2021-02-23,186.20867919921875,190.0681910983659,185.42442571441154,189.01079076223758,3243000
2021-02-24,187.92694091796875,188.6583128968765,185.41560356202726,185.78569297685283,2887100
2021-02-25,185.8826141357422,187.61851829337414,184.81640708191122,187.42466002075523,3131400
2021-02-26,182.76185607910156,187.63810625573532,182.76185607910156,186.84904085919402,5334000
2021-03-01,184.63255310058594,186.52099602798276,183.83462670979193,183.83462670979193,2827500
2021-03-02,185.00491333007812,186.09541630111613,182.80617178285837,184.41089907664107,3016600
2021-03-03,182.47813415527344,185.28862550966136,182.29194412542762,183.98533588564862,3488600
2021-03-04,181.60926818847656,183.95874208022622,179.7385609361141,182.7795746151539,3926200
2021-03-05,183.85235595703125,184.61482469436362,179.94250025570165,182.41608298626952,3608100
2021-03-08,185.39500427246094,186.70715487945944,183.64841929965726,184.14490798726197,3157100
2021-03-09,184.89854431152344,187.24800490478356,184.65916096841445,186.74265510078038,3646700
2021-03-10,189.11868286132812,189.40239841313016,184.6236745049192,185.04923430432015,3447200
2021-03-11,187.5760498046875,190.82096233131858,187.5051209067961,190.3510702200541,3618000
2021-03-12,188.25868225097656,189.94321284344858,187.44302035992447,187.99270231234397,2818200
2021-03-15,195.45785522460938,195.53764516675975,189.2871759938544,189.42015923077167,5479700
2021-03-16,194.92587280273438,196.20256584353285,192.53208011538894,194.67762843683505,3583400
2021-03-17,198.69387817382812,199.39427900076814,195.0588502365418,199.09284135516373,5240600
2021-03-18,197.62110900878906,199.7932675673193,196.30009720711897,198.31264883835826,3254600
2021-03-19,197.2132568359375,199.64250693434144,195.93656393805716,197.4969588530766,7719400
2021-03-22,199.54502868652344,201.17635276382967,197.39946671405062,198.05554887762779,4220700
2021-03-23,198.92440795898438,200.7241865127887,198.37472589673015,198.56091594946702,2794000
2021-03-24,198.6406707763672,201.2738465257592,198.6317962102838,199.76664487649794,2442500
2021-03-25,198.77366638183594,199.76665733566702,197.21327135196253,199.61592498586816,3249600
2021-03-26,199.6691436767578,199.7311980053928,197.19554747584314,198.773678204552,3263100
2021-03-29,201.56643676757812,202.03632883956425,198.86233194783537,199.3322240198215,3621300
2021-03-30,199.46519470214844,201.2738475127729,198.79139056330322,200.4847822406942,2419000
2021-03-31,198.72047424316406,200.80396816944503,198.596352064256,198.60521310264127,3564100
2021-04-01,199.6691436767578,200.56459562066001,197.95801619531062,199.1903770121856,2441200
2021-04-05,202.8963165283203,203.4725951555663,200.53798167754601,200.90148716405005,2866300
2021-04-06,205.6093292236328,205.92850253589032,202.78110167052165,203.65883166130612,3230900
2021-04-07,206.2299041748047,206.40721964431594,205.0152790039342,205.40536762553774,2551300
2021-04-08,204.13755798339844,206.39836752014568,203.20663481787852,206.2299130819283,2772200
2021-04-09,205.22805786132812,205.3433190074511,202.9140550698739,204.08436155212823,2728900
2021-04-12,204.76702880859375,206.02598619305903,204.35033002654433,205.22804631053128,2292700
2021-04-13,205.086181640625,205.38761925303203,203.64103436893637,204.30597744069965,2570900
2021-04-14,204.1907501220703,205.0596054251134,203.5524035852172,204.99755109619073,2129200
2021-04-15,205.05075073242188,205.12167963074563,203.20663996091682,203.7474609733693,2063000
2021-04-16,206.64659118652344,207.69276186680344,205.9639124631105,207.15194092223257,2694300
2021-04-19,205.52061462402344,206.841639808327,204.65175941340277,206.68204642693826,2254800
2021-04-20,206.5845489501953,206.76187795988665,204.87343493876713,205.01529273519859,1885700
2021-04-21,205.9196014404297,207.33815231845657,205.5561094460973,206.84166356963829,2065500
2021-04-22,206.54022216796875,207.49772843576406,205.63589566138037,206.42496102182707,1839500
2021-04-23,207.97650146484375,208.56165472397942,206.6643506796367,207.27608705603785,2137500
2021-04-26,205.96392822265625,208.65917211367574,205.60929727671848,208.1538088109958,2490100
2021-04-27,208.33111572265625,208.90740789650187,206.05258425561956,206.19444203948646,2623800
2021-04-28,206.05258178710938,208.74781200677685,205.9195850432139,208.52616429525378,2777000
2021-04-29,208.53501892089844,209.0581042232808,206.23873856758854,207.4533771098324,3146700
2021-04-30,209.30636596679688,209.49254246631222,207.34699426883836,207.46225540645432,2640400
2021-05-03,208.8453826904297,211.16824688030545,208.68580279721942,210.99980594690763,2458000
2021-05-04,207.33810424804688,209.35066895025608,206.78842233619704,208.02078288354792,2529700
2021-05-05,208.38430786132812,208.65916238916932,205.29897548488958,207.5686459010422,2070000
2021-05-06,208.22471618652344,208.92511696727271,206.72637556742342,208.82759143797324,1832600
2021-05-07,208.20703125,208.98723567425944,207.45343700229967,208.34888905955722,1406800
2021-05-10,210.21954345703125,210.93767983479083,208.43750083339447,208.43750083339447,2031500
2021-05-11,207.33810424804688,210.83127381446178,205.86636042076435,210.77808053632154,3028500
2021-05-12,202.08953857421875,207.08104983486572,201.7615042594593,205.78662112572974,3198200
2021-05-13,203.71197509765625,204.8734068993365,202.03631900051792,202.1427055691292,2819200
2021-05-14,205.44081115722656,206.25647302972615,204.332572711716,204.54535936344251,1943100
2021-05-17,205.40538024902344,205.9550758250848,204.13756171221428,204.6340504686795,1630900
2021-05-18,205.62701416015625,206.7973206031357,205.37876979860965,205.59155647777948,2913000
2021-05-19,204.0488739013672,204.46557267329885,202.30228888581604,204.11980279108985,2967000
2021-05-20,205.84864807128906,207.47998544556884,204.41237528605902,204.55423306265763,1890200
2021-05-21,205.01527404785156,206.9303000119034,204.19073751851712,206.06144476248988,2601100
2021-05-24,205.6093292236328,206.2653979283859,204.8202637472609,205.26355926271265,1823300
2021-05-25,205.81320190429688,206.37175847571024,204.5453834668193,205.83979854785915,2681900
2021-05-26,205.9993896484375,207.2760691101482,205.8309352222131,207.2760691101482,1564200
2021-05-27,208.22471618652344,208.4197672451224,206.04369686232712,206.58451779238746,5242900
2021-05-28,208.50997924804688,208.97355648667474,207.22623526601137,208.72394111272536,2853600
2021-06-01,207.93051147460938,210.38210165248705,207.48476780590434,210.37317807318192,2574300
2021-06-02,208.4119110107422,208.90223177247168,207.547167195424,208.5812957832503,3172000
2021-06-03,207.2262420654297,207.50260098115444,205.1758183381241,207.3332298027882,3249400
2021-06-04,208.05535888671875,208.4297820075665,206.88751242818944,208.10884596069417,1615200
2021-06-07,206.5487060546875,208.67045029815387,206.07621884798544,208.60803965427903,1877000
2021-06-08,207.3956298828125,208.59021974382784,206.23669353275986,206.3793347826472,2106200
2021-06-09,206.35263061523438,208.893375651863,206.33479705484172,207.69877195993092,1982200
2021-06-10,209.134033203125,209.41039213029106,206.76267337160533,206.86966111339316,2534000
2021-06-11,211.22010803222656,211.72826239141486,209.24101847328174,209.49954383992628,2654300
2021-06-14,211.2646942138672,211.96897692413086,209.3301680603012,211.442988985054,1836800
2021-06-15,210.7030487060547,212.00461266935332,210.087920234447,211.75499729000788,1948300
2021-06-16,210.01661682128906,211.5321427780822,208.41193667755905,211.46974572964166,2951700
2021-06-17,208.50106811523438,210.63172236156956,207.9661702580133,209.5708502266589,1895600
2021-06-18,204.70333862304688,207.61850631801508,203.9901595639026,206.35259580410982,4408200
2021-06-21,207.62745666503906,207.9216492054955,204.56966072551361,205.60378960656868,2193000
2021-06-22,208.50106811523438,209.37472191921236,207.2084005607864,208.15338858894594,1758300
2021-06-23,207.93051147460938,209.00920353518592,207.4491006947183,207.98399853837122,1701500
2021-06-24,208.01077270507812,209.64219640516885,207.48479836326734,208.69722186482562,1839800
2021-06-25,207.19949340820312,208.0820708037413,207.12817278606713,207.48477589674718,3000100
2021-06-28,206.0138397216797,207.49371221206292,205.05103160515398,207.42239158087366,2901700
2021-06-29,205.37197875976562,206.5665823930693,205.0867098225879,206.40610756345288,1932100
2021-06-30,205.9246826171875,207.04795186152398,205.57700306991535,205.8622719687707,2450700
2021-07-01,207.06576538085938,207.18164948339034,205.71070083412565,206.29908573503837,2210500
2021-07-02,208.2781982421875,208.70610837019495,207.2173260972581,207.7878774689406,1851500
2021-07-06,207.49368286132812,208.51888788323828,205.93357998267152,208.30493962295378,1762700
2021-07-07,209.16970825195312,209.49064428345247,206.5754764642517,206.75377123663597,2069400
2021-07-08,207.5739288330078,208.45650628110272,206.7715955914805,207.67199299390722,1932600
2021-07-09,210.1057586669922,210.5960794920514,207.77006586782545,208.67047691103028,2560500
2021-07-12,210.04330444335938,210.60494574491105,209.05375308506214,209.13398367013653,2158600
2021-07-13,210.54261779785156,211.70155435958407,209.67787376661414,210.0879640341887,1884600
2021-07-14,211.3983917236328,213.11004573902383,210.96155804144308,211.30923755077225,1993200
2021-07-15,211.175537109375,211.63019078078634,209.4282158411926,210.91699814881358,2165800
2021-07-16,209.2766876220703,212.0670478099975,208.94684160476962,211.98680359785394,1680900
2021-07-19,204.3824005126953,208.00185085558655,201.85057951080637,207.27973462061553,3774900
2021-07-20,208.84877014160156,209.96312946168499,205.22933324645362,205.621576300587,3275600
2021-07-21,210.32861328125,212.27206286398447,209.69566485237715,210.37319037132985,2146600
2021-07-22,212.77130126953125,213.6806222483598,209.64218531696926,210.07900544759804,2538300
2021-07-23,216.5957794189453,218.45898477488393,213.60038128371102,214.07286850597262,3996400
2021-07-26,217.50511169433594,218.03109964615177,215.38338074069387,215.7399702917038,2638400
2021-07-27,219.617919921875,220.24195836277528,217.57640621869396,217.67447037390812,3135200
2021-07-28,215.54383850097656,217.34464699164104,213.3775304874454,216.185710564916,4948500
2021-07-29,217.540771484375,218.59272014653777,216.61361691814514,216.91673298961584,2572300
2021-07-30,216.3729248046875,218.779938197191,215.927181080038,217.3892199527676,2336800
2021-08-02,214.04615783691406,218.12915868579975,213.6806446909638,217.7369156056555,2693900
2021-08-03,211.2379608154297,213.91242332063374,209.72243478308465,213.56474373907798,3300000
2021-08-04,209.34800720214844,210.92594385542824,207.76116057112833,210.7922125712069,2240600
2021-08-05,210.76547241210938,211.11315199182474,208.91117678595418,210.15926744358808,2230500
2021-08-06,210.622802734375,211.4073159788826,210.09682844681552,210.99722580024877,1558600
2021-08-09,209.2142333984375,210.45341380648878,208.6347720936363,210.20378484727928,2093100
2021-08-10,208.11773681640625,209.5886992306743,207.93053207469305,209.5886992306743,2027500
2021-08-11,209.98985290527344,210.3375324357527,208.38517291728544,208.7774295369067,1969100
2021-08-12,210.98837280273438,211.06860342358476,209.54416721534187,210.39107773136809,1490800
2021-08-13,212.90505981445312,213.06552104143628,210.6317638777166,211.09532760212588,1699700
2021-08-16,214.82174682617188,214.89306745948474,212.67325865781424,213.065515339525,2175300
2021-08-17,214.20663452148438,214.70586538953842,212.36126230542592,214.26904518150158,1652000
2021-08-18,212.2453155517578,213.74300781004695,211.97786661905826,213.45773892404713,2215500
2021-08-19,211.4875946044922,212.28101800585833,210.45347935091746,210.99727371532865,1455400
2021-08-20,212.61082458496094,213.4131577647405,210.67629865338876,211.24685001752516,1989700
2021-08-23,213.65386962890625,214.0193827209247,212.1650873305825,213.475574872781,2086900
2021-08-24,212.557373046875,214.30469465511058,212.45932247387702,214.30469465511058,1687700
2021-08-25,212.91395568847656,213.6004048543676,212.03137818947377,212.11160879765058,1668000
2021-08-26,211.2379608154297,212.9941922820886,210.31972977688451,212.87829455389675,2008000
2021-08-27,211.71043395996094,212.50385723938,210.72088235502085,211.66585686724818,1784000
2021-08-30,210.91702270507812,211.9600614395304,210.26624064403074,211.58563832483108,2245600
2021-08-31,212.85317993164062,213.0951912955833,210.35228641680695,211.3203729053624,2938100
2021-09-01,213.47169494628906,214.26946812738768,212.62911395849235,213.2296835507714,2197100
2021-09-02,215.013427734375,215.08513936263302,213.67783798115389,214.41285823500803,2140200
2021-09-03,214.072265625,214.81624477462802,212.8980029869698,213.68681729585217,1339300
2021-09-07,211.7147979736328,213.8840236738693,211.49966306541248,213.8840236738693,1820000
2021-09-08,213.89297485351562,214.64594016657344,211.54447698584235,212.26157964334737,2718400
2021-09-09,213.88401794433594,216.4117880796296,213.13106630212894,213.7137045229234,2992200
2021-09-10,214.39501953125,216.313275641287,214.2695275469822,215.41690041720264,2035200
2021-09-13,216.214599609375,216.74345752744364,214.98655667310558,215.8739727643023,2294800
2021-09-14,216.1428680419922,217.14680347897598,214.681772686129,216.680684735693,2013800
2021-09-15,216.00839233398438,216.2683486816578,213.49854019495334,215.5512461165641,2507200
2021-09-16,218.00733947753906,218.34795262944724,215.08514862989506,215.3899128049269,3410700
2021-09-17,217.3619384765625,219.28018007471263,216.8151492805779,218.57203629621736,4756600
2021-09-20,214.3142547607422,216.88685982287015,212.11813916338957,215.02239853569242,4549900
2021-09-21,215.57814025878906,217.23643911643276,214.59212250382353,215.12995285700364,2008300
2021-09-22,217.9356231689453,220.382722696692,216.44763762500182,216.7434429688649,3361900
2021-09-23,219.4146728515625,220.46342996716135,218.2942040941795,218.48244886356258,2941700
2021-09-24,220.88470458984375,221.74523052512697,219.8269887569371,221.0819081650629,2508800
2021-09-27,222.39956665039062,223.1076967703392,219.86282415997076,220.50821515218476,2463300
2021-09-28,218.50930786132812,222.0410270694115,217.7384249190683,221.66453758433065,3007500
2021-09-29,218.9664764404297,220.24829975907815,217.95356834813236,219.05611940841226,1719000
2021-09-30,216.1249542236328,219.98832788170188,215.8650115189256,219.40568966359515,3136800
2021-10-01,217.75636291503906,219.33399160154278,215.3540845825487,217.88186854018954,2076000
2021-10-04,217.8908233642578,219.4415481900381,216.79724483668664,216.97651709024336,2236500
2021-10-05,219.8090362548828,221.2970217508923,217.8280418683166,218.68856772070598,2463100
2021-10-06,221.49424743652344,221.548027743122,217.8370361342683,219.217447488149,2107900
2021-10-07,222.58779907226562,224.04888070975244,222.01410606417986,222.30095256822273,2423900
2021-10-08,222.03204345703125,223.7620539975258,221.50318558804472,223.42142718406592,1687500
2021-10-11,221.0281219482422,223.32283947750776,220.91158883574818,222.39061561034188,1504000
2021-10-12,219.18161010742188,222.83882160319524,218.87683222457673,222.0589660834635,2346700
2021-10-13,217.50535583496094,218.598934266046,215.04032495265514,218.0611175528272,3214300
2021-10-14,219.20848083496094,219.9883226079833,216.95857112023023,217.71153641850884,2512000
2021-10-15,217.14682006835938,220.84885279145342,216.9137675177106,219.82698595000025,2564700
2021-10-18,217.1558074951172,218.22249595769554,216.14291302293893,217.29923078098935,2484900
2021-10-19,217.61294555664062,218.6527300803282,216.50143571965515,218.01631153956734,2071600
2021-10-20,214.87899780273438,217.5053697639191,214.493549473195,215.48852618560198,3040200
2021-10-21,216.38490295410156,216.8420629227457,214.51148263022694,215.28236561828197,2702400
2021-10-22,213.7316436767578,217.1378711969428,213.33723651327585,215.76641862785087,3283700
2021-10-25,212.74559020996094,214.45766934819497,211.9926386660318,214.43973802259842,3178400
2021-10-26,211.92095947265625,213.69577800569758,211.66997558627045,212.86215588540102,3066400
2021-10-27,217.57704162597656,219.2711893749684,214.09911685856503,216.07113859469197,5249400
2021-10-28,220.06004333496094,220.57994243099455,217.3978087226073,218.17765052785978,3448500
2021-10-29,220.1048583984375,220.5888948240258,217.34402207807173,217.81909967863643,4329400
2021-11-01,224.6136474609375,225.60862425059779,219.91663757214172,220.32897608719964,4456200
2021-11-02,223.41246032714844,226.08365340442572,222.4443739007486,225.6713149778207,2624300
2021-11-03,224.4522705078125,225.1066340356516,222.22030575034213,222.29201738397913,2399000
2021-11-04,227.1951904296875,227.84056778071246,224.27299947298974,225.09766274787262,2711000
2021-11-05,228.31565856933594,230.8434286946069,228.23497443273706,228.29772724147,3224300
2021-11-08,226.87249755859375,229.1582426608603,225.8237268666696,228.37840085785624,2471300
2021-11-09,226.46910095214844,227.40133845795066,224.49707901269804,226.7021671673964,2258900
2021-11-10,226.8993682861328,227.42822616064868,224.81977208603737,224.81977208603737,1794300
2021-11-11,224.2371368408203,227.07864348772242,223.43039126537002,227.07864348772242,1640500
2021-11-12,224.6942596435547,224.99902377959768,223.09871366357274,224.22814093822265,1625200
2021-11-15,226.72909545898438,227.46411584913199,224.69432037234176,224.69432037234176,1709200
2021-11-16,226.29881286621094,227.84953761070253,226.2271012330281,227.2310367423967,2195500
2021-11-17,226.50497436523438,227.08761257584143,224.55984248474562,226.25399048888715,1412000
2021-11-18,227.21310424804688,227.22207675064584,225.06180997399014,226.92627139438383,1751200
2021-11-19,225.8416748046875,227.069717835281,224.2999087358056,227.04281400233367,2743100
2021-11-22,227.21310424804688,228.9789638830199,226.07471798080286,226.48704277249263,2438700
2021-11-23,229.15821838378906,229.28371031209963,226.82765204693655,228.4052668139257,2770000
2021-11-24,230.4669189453125,231.07647461842487,227.72402783706215,228.12739377422855,2642800
2021-11-26,224.1027069091797,226.92629634158604,222.5430231761827,226.34364439001158,2573300
2021-11-29,224.36265563964844,226.17333689193373,223.94135831345932,225.75203956574464,2084600
2021-11-30,220.46881103515625,223.44323608418281,219.8829290153314,222.9745469724292,3836100
2021-12-01,220.0902862548828,226.14732219828838,220.0271992937146,221.5144121690063,3275300
2021-12-02,224.2544708251953,225.64253503427904,220.8293596392891,221.4242501946491,3290500
2021-12-03,224.73220825195312,225.94901497969258,223.14584700730614,225.62454418836833,3229900
2021-12-06,230.55484008789062,231.58237198467862,227.47224439752662,227.49928362480355,3616800
2021-12-07,234.26840209960938,234.69203502411244,231.14975849975312,231.6004306531885,2596200
2021-12-08,233.97097778320312,236.88233022874803,233.52932780950988,234.3495545512612,3453100
2021-12-09,236.4586944580078,237.14372502697816,232.87133372425396,233.8988795777095,2955100
2021-12-10,238.82920837402344,239.09960067045898,236.53978607243366,237.84674635451287,2529600
2021-12-13,237.1346893310547,239.6314033580065,236.5127595090998,238.15321288025177,2878800
2021-12-14,236.62091064453125,237.58535570794993,235.92688539226052,237.05356583825986,3695500
2021-12-15,238.42361450195312,239.4601825835891,235.62044657754595,236.29645488808322,2641800
2021-12-16,239.35198974609375,240.5598154245483,238.03603464969325,239.36101199210907,2347700
2021-12-17,235.8818359375,238.7210652414209,235.14272694209845,237.95491701481427,5943200
2021-12-20,235.9088897705078,236.1161813869612,232.93443661960748,234.01606094845295,2824500
2021-12-21,238.30642700195312,240.19023324324465,237.43212195151216,238.21628707273194,2851800
2021-12-22,238.8021697998047,239.25284196633157,238.01800463114333,238.24334071440677,1795100
2021-12-23,239.71253967285156,240.9924332395442,239.26186750013093,239.6855004427622,1509800
2021-12-27,241.77659606933594,241.79464056045114,239.75759355735948,240.18122649587377,1485500
2021-12-28,241.45211791992188,242.65991599328004,240.8842666041004,241.1816981230879,1304000
2021-12-29,242.00192260742188,243.11058600027246,241.51521648974176,241.96588864030528,1318500
2021-12-30,240.8482208251953,242.6959932833494,240.3885539022595,242.46163494552323,1714600
2021-12-31,241.62338256835938,242.56978311769706,240.84821213643224,241.56028186324454,1519200
2022-01-03,242.08299255371094,244.02090442444424,239.36094320357327,242.9032190068052,2750600
2022-01-04,242.0199432373047,244.39947765412467,241.80360192170838,242.91226520525686,2506000
2022-01-05,240.83023071289062,243.61538181943092,240.56883311513596,242.73205433793083,2473000
2022-01-06,243.08358764648438,244.04803281250648,241.3800334276126,241.6684702541173,2908400
2022-01-07,240.71302795410156,243.51622327983318,240.6589494918422,242.06504452428044,2209100
2022-01-10,238.32447814941406,240.40658153072863,236.16125707222534,240.39755928445982,3122400
2022-01-11,236.2603759765625,237.90985153639807,234.63796715372587,237.4952133315993,3206200
2022-01-12,235.17877197265625,237.9098441607659,234.60189840482727,237.38704905156519,3044000
2022-01-13,235.620361328125,237.8196431032355,234.88125257437633,235.620361328125,2371300
2022-01-14,232.28541564941406,235.46715970621688,231.78968732172862,235.3770472879782,3460100
2022-01-18,231.1768035888672,231.73563267219777,229.2208742903641,231.609431262751,3076500
2022-01-19,230.0410919189453,232.50177174514184,229.91490426786515,232.14121202190293,2304700
2022-01-20,228.15728759765625,232.64596461785115,227.94996850570354,231.30297040987736,2602200
2022-01-21,229.47323608398438,232.9614340334105,228.66203173639485,228.9774939811587,3738100
2022-01-24,228.58993530273438,228.86934984353488,223.33509622632448,227.4812856315695,5153100
2022-01-25,225.94898986816406,227.6164823787448,222.6951500426644,226.08419976961338,3908600
2022-01-26,225.2008819580078,229.13074371026977,223.40720182507175,228.04011104074283,3839000
2022-01-27,224.20037841796875,227.55338019885787,221.05468196798748,224.9755350394307,5199000
2022-01-28,230.8252716064453,231.05962993995684,222.77627315157756,225.33608780825776,3833200
2022-01-31,233.8538360595703,233.8988922807763,229.3380914179689,229.86087286615586,3174200
2022-02-01,233.43917846679688,234.2594051755293,230.36560450074504,234.12420901625435,2496500
2022-02-02,236.40455627441406,236.70198775815678,232.9884540458471,233.29490777380215,2371500
2022-02-03,234.92640686035156,236.87328646916387,234.4126339742373,236.15222198492575,2242200
2022-02-04,234.40357971191406,235.90883668839197,232.35753819954527,234.2323221066009,1989700
2022-02-07,234.21432495117188,235.77363300639502,233.60141742071602,235.25086540849924,1959300
2022-02-08,234.42169189453125,236.4948009824425,233.53839178929945,234.80026873024082,2920000
2022-02-09,234.22332763671875,236.94540515542667,233.81773918670513,236.14319548732243,2379300
2022-02-10,231.52830505371094,234.74611079403732,230.7171006881849,233.08764058920667,3246600
2022-02-11,229.98703002929688,233.23187522428012,229.5994448030017,231.52832118184634,3592700
2022-02-14,228.39163208007812,230.96947733333045,226.85032727251368,230.66302357154373,2825800
2022-02-15,228.7702178955078,231.57341325772967,228.54488179754472,229.68058453347007,2171500
2022-02-16,228.12123107910156,229.4822698070644,226.41769086121897,228.7341523696398,2941800
2022-02-17,226.17431640625,227.9319487769606,225.33607281701345,226.6700585171319,2831900
2022-02-18,225.87692260742188,227.40018316112625,225.34511893417834,225.64256425037144,2813500
2022-02-22,227.76971435546875,229.57240305436986,224.97555512422605,225.34509585489906,3980500
2022-02-23,223.34408569335938,228.8062434021475,222.70413897766852,228.51780664045677,3497200
2022-02-24,220.8563995361328,221.35214166709747,215.9711149299655,218.96357094642158,4856000
2022-02-25,224.84036254882812,224.91247175275262,219.5945451824963,221.73072705424013,4549700
2022-02-28,221.84938049316406,222.71041832769924,219.66505312423502,221.55028051970655,4410400
2022-03-01,217.19068908691406,220.7889333936822,215.98523063727256,219.61066459230884,3910700
2022-03-02,218.37799072265625,220.00943857587487,217.17253241527615,218.29642178747815,4482000
2022-03-03,214.48973083496094,219.64691284883983,213.6105619944614,218.44145439918648,4707400
2022-03-04,213.7283935546875,214.25408313907118,209.94888030672516,212.64982473758414,4184100
2022-03-07,203.32337951660156,212.3688323865778,203.19648989505635,212.3688323865778,5425000
2022-03-08,201.9276123046875,208.2268151986516,201.39286408722265,203.3234121959578,5258800
2022-03-09,201.6375732421875,205.96996569361679,201.2206422539628,205.55303470539212,5630500
2022-03-10,201.21156311035156,201.25688379595732,197.29608821686406,199.5801152380651,5444900
2022-03-11,205.6255340576172,207.6557819340979,203.20555869181948,203.69499999227827,6126300
2022-03-14,205.00015258789062,207.0485315860603,202.26295995961098,205.54397320314143,4436100
2022-03-15,210.79180908203125,212.60452613447708,206.63161293591855,206.63161293591855,5087400
2022-03-16,215.84019470214844,215.903646430244,212.41416096322007,212.87639878103573,4173200
2022-03-17,215.23292541503906,215.23292541503906,212.57728817241852,214.29937739085747,3752800
2022-03-18,216.5471649169922,216.79188557731777,213.89154122692617,215.01541688336573,5336500
2022-03-21,213.28427124023438,217.60759097055902,212.15132320882043,217.14535315251763,3704000
2022-03-22,215.82205200195312,216.112093320552,214.3265662139801,214.84318329657884,2938100
2022-03-23,214.00936889648438,215.7223859427225,213.85528960797902,214.9247998510438,2200500
2022-03-24,217.76165771484375,218.46861613937836,214.3265655663965,215.31449287376776,2337500
2022-03-25,218.95803833007812,219.2027589418452,217.009359699967,218.01541795953162,2134800
2022-03-28,220.1907501220703,220.199808728867,217.3991641060092,219.25720191445103,2041800
2022-03-29,224.93099975585938,225.36604798759768,221.8493862169842,223.28143438597067,2657400
2022-03-30,225.71041870117188,227.04276658151775,224.33275013735846,224.33275013735846,2227300
2022-03-31,224.12428283691406,227.8131678142052,224.12428283691406,226.3357993364292,3803400
2022-04-01,225.90985107421875,226.07298896220348,223.1273239030612,224.8856615665385,2023000
2022-04-04,223.7164764404297,224.11527640431726,219.68318376917324,223.68021435465798,2500700
2022-04-05,225.2391357421875,226.35396660467953,222.44755002794764,223.05482236602012,2532500
2022-04-06,227.9129180908203,228.74676626438347,222.94606347490924,224.45062192782976,2886000
2022-04-07,230.54132080078125,231.55643777273932,226.17266671944606,227.30561470776766,4041800
2022-04-08,227.9129180908203,231.18487288063736,227.4234767483361,229.3449523730715,2551000
2022-04-11,226.99749755859375,229.25433534155528,226.52618723714542,227.72258716929872,2326700
2022-04-12,225.83734130859375,228.66517534695848,225.50199309582004,227.2512583277761,2724900
2022-04-13,227.79505920410156,228.09415913683898,225.7013735048713,226.00953204286802,2133800
2022-04-14,227.05186462402344,229.970340123141,226.97935428386688,227.795085238178,2105900
2022-04-18,227.55035400390625,228.8464538003859,225.80108880487163,226.25426803735925,1426600
2022-04-19,231.4839324951172,231.99150482210788,226.62585086194653,226.62585086194653,2324500
2022-04-20,231.89181518554688,233.65015279301238,230.9582670875515,232.02776342120353,2278700
2022-04-21,231.3480224609375,235.29973250615842,231.01267421928605,233.52327747316073,2476900
2022-04-22,226.74366760253906,231.12138010889933,226.53520905364502,231.12138010889933,2643600
2022-04-25,229.19993591308594,229.4265255321617,224.71345039143975,226.09111914780152,2523000
2022-04-26,225.30259704589844,228.77395175211345,225.07600742144524,226.7074554834949,2948500
2022-04-27,223.9974365234375,227.46879119752938,223.9158675785731,224.75877433537104,2706500
2022-04-28,230.38726806640625,232.37219538332795,224.84941710852897,226.53524446249628,3547400
2022-04-29,225.82826232910156,230.985443839396,225.50197275180906,230.468812912878,3388000
2022-05-02,223.54425048828125,227.99447385536348,219.57439599960813,227.36908430386757,3418700
2022-05-03,222.84634399414062,224.6318712175354,219.5925205315828,224.22401268776036,2562000
2022-05-04,230.5050811767578,230.92199830730127,223.10919311302686,223.10919311302686,3289300
2022-05-05,225.61074829101562,230.65917159829255,223.6711417218672,229.2089925169021,2925900
2022-05-06,227.2965545654297,228.81017140799895,224.50496908149302,224.9490896686868,2964500
2022-05-09,224.31466674804688,226.498980189231,223.68020474370496,223.87054611099413,2918900
2022-05-10,222.67413330078125,227.3872082188607,221.99436447566583,225.6741913327671,3070800
2022-05-11,221.54119873046875,223.68020531676535,220.4354540979134,222.302550371643,2833200
2022-05-12,221.3236846923828,223.30861202344195,218.54115745443116,222.34787422464862,2861000
2022-05-13,222.09405517578125,224.0336615891953,219.5925109826654,224.00647194372144,3255200
2022-05-16,221.18771362304688,222.49287202490277,218.187669317912,221.56839634853205,2147100
2022-05-17,219.00340270996094,223.87054329446866,217.03660647907108,222.96418481959228,3204900
2022-05-18,209.41415405273438,217.59857097758535,208.79782302271363,217.03663307986736,3946100
2022-05-19,207.55609130859375,210.41111498021044,206.95789139437198,208.00927054725878,3518300
2022-05-20,212.0063018798828,212.14225011125535,207.18446843486794,209.7132161778529,3208200
2022-05-23,215.71331787109375,216.51997636371692,211.63470471806886,213.68306990059,3053500
2022-05-24,221.6227569580078,222.7828945885248,215.21479651498106,215.26011720037795,5258200
2022-05-25,221.16053771972656,222.69228583293176,218.96715175860479,219.8644516731274,2641700
2022-05-26,224.85845947265625,225.9823489040977,222.60163583418532,222.96417367404018,1972300
2022-05-27,228.2845001220703,228.2845001220703,225.48385580933194,226.13643500471812,2063800
2022-05-31,228.5926513671875,230.46880600796052,225.34788673186276,226.58959327744515,3924700
2022-06-01,225.93704223632812,229.6893658143843,224.9491148059791,229.4809072350292,2264100
2022-06-02,226.93402099609375,226.9884002873954,223.1635667266212,226.22706254930912,2089700
2022-06-03,226.35076904296875,228.09151150041308,226.17760428766735,226.4145585332167,1838900
2022-06-06,226.08645629882812,227.41706574196718,225.41202886039753,227.00694677405667,1569300
2022-06-07,226.8793487548828,227.6540148085821,223.77153401027087,224.1998844956141,2782000
2022-06-08,223.8444366455078,226.46009740274783,223.18824077713168,225.93149440285708,2101300
2022-06-09,220.70021057128906,224.19991319578997,220.58172649225818,222.0308201546025,2682600
2022-06-10,216.34378051757812,218.285013975518,216.14327544206054,217.9842563622416,1992300
2022-06-13,217.33714294433594,218.8226992088655,212.06023638026048,212.16048889946023,4697000
2022-06-14,217.6014862060547,221.37460582745703,217.4738933263582,218.69515535383115,3564800
2022-06-15,217.7290802001953,220.17159036106227,215.1954402142678,218.60401274157866,3152100
2022-06-16,214.3478546142578,216.28910199811503,213.09926619148118,215.15898373453862,3272000
2022-06-17,213.6096649169922,214.6212992437062,211.59550507494635,213.46384049538352,7236300
2022-06-21,218.35792541503906,218.82273895510951,213.3908982213905,215.28657371548775,3263500
2022-06-22,221.52044677734375,222.87841059640795,217.2369553172742,217.62884279611401,3054300
2022-06-23,221.9943389892578,223.3705202434765,219.15083275523557,222.10370033469556,1937000
2022-06-24,225.93150329589844,226.02264702265256,222.82370246833793,223.52545631933987,3104800
2022-06-27,225.13858032226562,226.724389205477,224.71935260227852,225.93147781058198,2059200
2022-06-28,221.31082153320312,227.80897755285682,221.02829542914534,225.16596225916217,2381700
2022-06-29,225.78567504882812,226.8155267659556,223.38873707078358,224.32745897490264,2997200
2022-06-30,225.00189208984375,226.56034682591147,223.69860918066468,226.25048042192577,2786200
2022-07-01,230.54310607910156,230.70714809936067,224.19988373739224,224.51887287444745,2531400
2022-07-05,229.93246459960938,230.5795516737947,227.53554037662892,228.89349010089975,2390700
2022-07-06,229.17604064941406,230.45196942362554,227.2712423918389,230.09653112891087,1948600
2022-07-07,230.52491760253906,232.32944969528327,228.92087671424835,230.8165525507665,2396700
2022-07-08,230.79830932617188,232.0560066299293,229.95983982147317,230.21502558783445,1450300
2022-07-11,230.83473205566406,232.76685661028284,229.74107690977758,229.74107690977758,1478100
2022-07-12,229.19427490234375,232.96739473027094,228.5380789403928,230.55223869432757,2112800
2022-07-13,230.27880859375,232.22005603217744,226.25961202682876,226.89759033135408,2205300
2022-07-14,230.21502685546875,230.6707177131347,227.49909933104115,227.74517628802352,2371000
2022-07-15,232.4114227294922,233.66914772621334,230.98966962233078,231.50916382272126,2627200
2022-07-18,230.05096435546875,232.9400426419001,229.73198910814685,232.6210673945782,2164400
2022-07-19,233.76937866210938,233.8787400031909,230.5522027505529,231.38156333796638,2181300
2022-07-20,232.01956176757812,234.143082860636,231.00792749417425,234.02459878599996,2183700
2022-07-21,231.00790405273438,232.2200432956372,229.95982073549408,231.48182639660604,2056500
2022-07-22,231.48182678222656,231.97396674687383,230.07829127480935,231.26309018317215,2226600
2022-07-25,228.19174194335938,232.220047166974,226.62416439306477,232.0104332813475,2860400
2022-07-26,234.30711364746094,236.2483610832066,226.66062188000683,227.44441068399317,5272300
2022-07-27,235.94761657714844,236.87721587837126,232.11980239439725,233.13143661585335,2718300
2022-07-28,240.11260986328125,240.60476375865466,234.73546350858,235.86556789268923,2849100
2022-07-29,240.0305633544922,240.92372731964798,238.87311875542144,240.28574908551403,2653800
2022-08-01,240.8143768310547,241.93535842958977,239.1556555980893,239.27413965946684,2384000
2022-08-02,237.9161834716797,241.92628523275,237.77038687415208,241.169822840618,2375200
2022-08-03,238.86399841308594,239.62046071077572,236.74049153881876,237.91615376851755,2305300
2022-08-04,237.54257202148438,238.94608000534183,235.76536633894062,238.5086345301306,2089600
2022-08-05,236.25746154785156,236.9865557006348,234.2888739595459,236.63113134042968,1818500
2022-08-08,234.04278564453125,237.78857851361968,232.7121762854717,236.95921791334385,2253500
2022-08-09,237.01390075683594,237.15060243656072,233.64177765344016,234.13393151360899,2315800
2022-08-10,238.19866943359375,240.34042164660096,237.4148946480273,238.78196697805433,2967900
2022-08-11,236.3030242919922,239.9394280397448,235.71063180420396,239.87565246462398,2007000
2022-08-12,238.94601440429688,239.24678589909578,236.54907641448992,236.54907641448992,1530800
2022-08-15,241.9171905517578,242.0812326028594,238.0984985320659,238.9734172844399,2342700
2022-08-16,242.69183349609375,243.4573907638509,240.84172981239027,241.55260640481916,1828000
2022-08-17,243.1748504638672,244.22293376397795,242.04471834239592,242.39104780801648,1699100
2022-08-18,242.9561309814453,243.66700762310515,241.89895264311085,242.42754181227806,1591900
2022-08-19,242.919677734375,244.02244176568698,242.00829606578233,242.37284317058715,1833800
2022-08-22,239.6478271484375,242.23614781734526,239.11921019146024,241.06045764643156,1986700
2022-08-23,237.45140075683594,240.012381161104,237.44227803943767,239.34706249377308,2211100
2022-08-24,237.74301147460938,238.78199993916604,236.83162979545224,237.60630978536813,1777200
2022-08-25,239.29234313964844,239.401704478101,237.14149598165892,238.77284896884038,1330400
2022-08-26,234.1795196533203,239.87565480918857,233.6691481684073,239.51107990868505,2357800
2022-08-29,233.0038604736328,233.9608001814772,232.02867533044736,232.85803605672217,2017500
2022-08-30,231.02613830566406,233.96989712655088,230.18766886066084,233.313701229317,2051300
2022-08-31,231.18191528320312,234.29756894082064,231.10860397585068,232.9138547191362,3119200
2022-09-01,235.021484375,235.0764643539935,230.70537424890105,230.76036821059523,2577800
2022-09-02,233.2254180908203,236.9550382298073,232.17159775724494,235.88290055635738,1791300
2022-09-06,233.11544799804688,235.25976519993924,232.189918997294,233.18875930246816,2645700
2022-09-07,236.80845642089844,238.09136941679088,233.63780861290286,233.8027485769306,4185200
2022-09-08,238.32962036132812,239.24599083451372,235.80960156006776,236.28613210398507,2448900
2022-09-09,237.81640625,238.93437911610144,236.6159634141126,238.494539277243,2007000
2022-09-12,238.5953369140625,239.5391972296753,237.7248018850349,238.25628436846418,2204300
2022-09-13,233.06045532226562,237.29409553013204,232.45564758075602,236.1852673546636,2604900
2022-09-14,234.3342742919922,236.67100796971124,233.09716847685473,233.67448638827952,2745200
2022-09-15,232.2723846435547,233.88519136266774,231.37434565085437,233.69276142701116,2289500
2022-09-16,233.5919647216797,234.42586507977555,230.69623111626862,230.78787374256325,4304100
2022-09-19,235.51637268066406,236.01119257675774,232.1624535578874,232.75808874308572,2195800
2022-09-20,234.0409698486328,235.03981012329143,231.6400841286677,234.6824402470459,2140200
2022-09-21,230.08224487304688,235.42468512763003,230.08224487304688,233.79354719539646,2438800
2022-09-22,227.2048797607422,229.48663311331097,226.9391245137883,229.4499844496118,2300500
2022-09-23,225.38128662109375,228.2678616367184,223.7684798257344,226.5359222204244,2672100
2022-09-26,223.3744354248047,225.65620267035072,222.16483381246007,225.37213009406912,3179100
2022-09-27,216.90484619140625,224.44656980971342,216.7765549093188,224.1258485958453,4193800
2022-09-28,217.12481689453125,218.58184255575472,214.21075158938092,216.38255906646285,4202400
2022-09-29,214.79721069335938,217.7845870701634,213.01946390813094,216.55665412130278,3053200
2022-09-30,211.4433135986328,215.19126522254612,211.2966909770722,213.8075509361625,3629300
2022-10-03,215.6586151123047,217.04234341997915,212.3321999369387,213.990828189327,3286700
2022-10-04,218.5543212890625,220.891068401272,216.45583940894818,216.91402456888332,3685700
2022-10-05,219.09500122070312,220.30461689154166,216.39171126764805,217.09732040897055,3033000
2022-10-06,215.1179656982422,219.81895063716732,214.85222441696834,219.3241027579628,2999200
2022-10-07,213.6884002685547,214.9804857944111,212.67122863924033,214.39400934038218,2294300
2022-10-10,215.3012237548828,216.50166674762426,213.89001948424925,213.89001948424925,2668700
2022-10-11,217.22561645507812,219.122496002352,214.36653116276634,214.57730643234376,3169200
2022-10-12,217.2347412109375,219.9655207914175,217.2347412109375,217.42718512644132,2709300
2022-10-13,226.11441040039062,228.45115786368308,214.85222362949423,214.85222362949423,5026900
2022-10-14,222.8245849609375,228.5702161446846,222.13730729929983,228.24949495887358,2918300
2022-10-17,225.866943359375,226.5450624023292,223.16365382201437,225.2438182788502,2758200
2022-10-18,228.350341796875,229.47747347166313,226.57258098688402,228.515281756877,3123600
2022-10-19,229.7799072265625,231.40188695743663,228.28621880880974,229.09262933854686,3021300
2022-10-20,228.88182067871094,230.6962300125109,228.22203292411066,228.68021808798855,2410700
2022-10-21,233.2620849609375,234.0043427376637,228.63441170700082,229.28504083458816,3254900
2022-10-24,233.9677276611328,235.3880907796521,231.9058939930448,233.9310650100523,4125100
2022-10-25,234.34339904785156,235.763775967853,233.12462473495754,233.28042000811547,2689000
2022-10-26,235.1497802734375,238.88858693317914,234.70076775433557,236.276925862775,3582600
2022-10-27,242.93890380859375,244.66168435486253,240.32727096567854,241.00537600246065,4145700
2022-10-28,251.56201171875,251.8277669857464,243.7453727170213,245.13827373128586,4647600
2022-10-31,249.85755920410156,250.74643961991137,248.16226835348627,250.2241017748116,3336100
2022-11-01,250.12326049804688,250.89300812011425,247.1083946709,250.80136550585394,2740900
2022-11-02,247.759033203125,253.53218286459736,247.70405322243116,250.16909156334611,3069900
2022-11-03,250.12326049804688,251.708563066612,245.93544191840695,246.80597684038096,3225400
2022-11-04,251.65365600585938,252.65249647028412,249.37190246627475,252.5517091411751,3256500
2022-11-07,253.29391479492188,254.82423751606035,252.06598196420538,252.06598196420538,3029500
2022-11-08,255.11749267578125,256.1438229644674,253.37639465280282,253.70627454613637,2628800
2022-11-09,254.55857849121094,256.8128421747226,254.45776319044975,255.21836639436185,2610800
2022-11-10,252.8082275390625,258.11401908528023,249.7841889528294,257.94905118755804,4510900
2022-11-11,248.6937713623047,253.83459578126752,246.66857268325444,253.2206153206286,4742800
2022-11-14,249.5001983642578,251.73614473258695,247.95152990507714,248.27226518909504,3357400
2022-11-15,245.4406280517578,248.36385166813534,244.06607254432274,247.64908392288524,5429100
2022-11-16,249.72012329101562,251.47953891561315,246.4303566916772,246.4303566916772,4132700
2022-11-17,250.49899291992188,251.4062186099406,247.9331670495967,249.31689526827452,2467400
2022-11-18,250.5081329345703,252.0934635483254,249.36267011216373,251.0121533556698,2699200
2022-11-21,251.56201171875,251.98356227064977,250.2607813101062,251.68114435448658,2974200
2022-11-22,251.78192138671875,252.27674123094278,251.3603708988792,252.00184131748497,2770400
2022-11-23,250.41653442382812,252.59750049630773,250.05916450229896,252.50585786129318,2514800
2022-11-25,252.00181579589844,252.295060984157,250.04077006049454,251.55280332759023,1596600
2022-11-28,250.05917358398438,252.863264931753,249.60098835767698,251.89191448921392,3160500
2022-11-29,248.71209716796875,249.17945502756575,246.93433632937484,248.33638194276017,2873500
2022-11-30,251.384521484375,251.86370761760728,247.73523742894426,248.46325500221636,5196500
2022-12-01,251.9467010498047,252.72078411838584,250.09444189827113,251.72554249389833,2599600
2022-12-02,251.9467010498047,251.99279449755778,248.463313179735,248.63840641079716,2807500
2022-12-05,250.2786865234375,251.1817973365898,248.8134551070003,249.75340692427022,2586900
2022-12-06,250.4445343017578,251.9189899064007,248.84107894776827,250.4721791139679,3573000
2022-12-07,249.1267547607422,252.48114200987635,248.50934457204127,251.11726563557423,2766400
2022-12-08,251.93743896484375,252.10330783839083,249.38477943379561,249.73496580432942,3022700
2022-12-09,250.69345092773438,252.64709331555954,250.39855408201066,252.14023408892606,1677400
2022-12-12,254.9140167236328,254.99695117662634,249.9377526836715,250.83163928536678,3230500
2022-12-13,252.75758361816406,257.936584610173,252.16781825725582,256.8123153891998,3390100
2022-12-14,252.988037109375,255.33793114377764,250.93301177636195,253.62389608299623,2660900
2022-12-15,250.40773010253906,252.8497826163397,248.08545304398433,252.30608248103357,2735300
2022-12-16,245.23789978027344,249.75339742854607,244.9061620184041,249.1912768466332,5932500
2022-12-19,244.97064208984375,247.35743279767698,243.90169057806406,245.35769759251735,2160800
2022-12-20,246.27923583984375,246.91509467612872,243.78189393268136,245.9751428899654,1785600
2022-12-21,247.1178436279297,248.75816826245065,246.33453637665133,246.49120907606869,2366800
2022-12-22,244.91537475585938,247.0809790351728,242.9617328095527,246.2976717695184,2366700
2022-12-23,246.57415771484375,247.2929510652161,244.01230160732115,245.0351879385447,1269000
2022-12-27,245.90139770507812,247.77210503538632,245.68023920231136,247.57859134546538,1674700
2022-12-28,244.30712890625,247.09939550850453,244.27028790583753,246.97036763835766,1427800
2022-12-29,245.0628204345703,246.7953038388567,244.0952237848742,245.07204474722218,1393900
2022-12-30,242.85118103027344,244.55601983129452,240.88831454908595,244.3901509203821,1720100
2023-01-03,243.58839416503906,243.60684279257603,239.14663397934277,242.8511802591638,2743800
2023-01-04,243.6436767578125,245.63415964095583,242.2613797916329,245.35771149688142,2584100
2023-01-05,241.58865356445312,243.98464061447348,240.86986026173744,243.98464061447348,1945600
2023-01-06,248.32501220703125,248.71206768295352,242.72211491628656,243.06307695872508,2855400
2023-01-09,246.27923583984375,248.76738155773302,245.83689069893592,248.74893293338081,2654600
2023-01-10,247.8090057373047,247.9840989486071,246.01200830463495,246.0304569308178,1718400
2023-01-11,247.71682739257812,248.57384475515835,246.01198885687631,248.3711067435143,2391400
2023-01-12,245.7631378173828,248.73969347345405,245.30237225518033,248.35263802712882,1933000
2023-01-13,247.79058837890625,247.84587801234497,245.01676990213744,245.48675990927265,2168900
2023-01-17,252.6009063720703,253.7804933183785,248.83184709944092,248.83184709944092,3640200
2023-01-18,245.16419982910156,252.84054333753227,244.8693030577075,252.04803990267777,3276500
2023-01-19,242.8971710205078,248.0209101482753,242.85110571162164,245.79079236477978,2845400
2023-01-20,247.5048828125,247.56939675785355,242.20607743859716,243.68053325417733,2588600
2023-01-23,248.15916442871094,249.89164772195136,246.7492227056636,247.7444641066195,2434000
2023-01-24,248.407958984375,248.96088335335557,240.7223918119601,240.7223918119601,2517100
2023-01-25,251.5780487060547,251.64256264752754,247.72605456327577,249.11754772375295,3097400
2023-01-26,253.16305541992188,253.19070023133685,250.38004128684625,251.57802061202895,2222500
2023-01-27,251.0803985595703,253.70676826818823,250.62885724269609,253.42109582817773,2203200
2023-01-30,249.6336669921875,251.18183307250453,248.8687801429148,250.35246039539953,2862400
2023-01-31,246.41748046875,246.51886354243737,242.59313094266793,244.28874527327355,5477900
2023-02-01,245.37615966796875,247.3943157159947,242.82352777349578,246.06730822899388,3557700
2023-02-02,242.5562286376953,245.10888815885724,241.45960421754515,244.10442248684353,3735600
2023-02-03,243.49624633789062,244.4085534035477,240.84223146735448,242.02179050726988,3008500
2023-02-06,246.89669799804688,247.15472565774812,243.6160204348373,244.19658969989152,2863900
2023-02-07,246.36219787597656,246.75844962329143,242.9433243011489,244.2242383064683,2514000
2023-02-08,242.19686889648438,245.02597680567717,241.85590680686974,244.2887348740335,2801800
2023-02-09,240.2063446044922,243.2381903621469,239.77322378197007,242.9985832322275,3534600
2023-02-10,241.82827758789062,242.07708093673241,239.86541124497663,240.3998870723461,3049900
2023-02-13,245.3116455078125,245.8553456049371,242.36273407222095,243.007817237164,2418300
2023-02-14,245.689453125,246.52805000572292,243.82796997224742,245.72632225242305,2202100
2023-02-15,245.6433868408203,246.67549742136848,244.34402430258962,245.37613488313778,1862000
2023-02-16,244.97064208984375,246.70312535560737,242.62074862966782,244.270297456909,2785400
2023-02-17,248.8042449951172,248.81346930812504,244.50990544638384,245.4037919980737,3055600
2023-02-21,247.47723388671875,249.03462412493187,246.6109921640592,248.15918621230705,2824300
2023-02-22,247.56021118164062,249.2558255992387,246.65710027668771,247.15473511189904,2192000
2023-02-23,245.84608459472656,246.85055019604283,243.24735994385355,246.69390564584737,4217000
2023-02-24,242.98936462402344,245.38535161075197,241.67158162433887,245.04438953195697,2645300
2023-02-27,244.00303649902344,245.40375383602378,242.86034677996793,244.23341930514923,2024800
2023-02-28,244.60552978515625,245.22650482366063,243.5859868652833,243.89186388388524,2853400
2023-03-01,243.50254821777344,244.25329604302965,242.53861425888164,243.33572165333365,2058900
2023-03-02,247.99783325195312,248.82271694608966,243.12258195677163,243.2523548329743,2385900
2023-03-03,249.38807678222656,249.6753986421161,246.7280160427651,248.78562863359625,2725800
2023-03-06,250.84320068359375,250.97294523550448,249.2304592150316,249.4621721797695,2217600
2023-03-07,247.58998107910156,253.16961997681835,247.30265921984258,251.6588466802303,2766600
2023-03-08,245.92166137695312,246.6909644788852,243.89188124982073,246.41289187078556,2314000
2023-03-09,242.4922637939453,248.0348199772863,241.78784730832677,247.5528671786012,2339300
2023-03-10,242.863037109375,247.08020254600012,242.14937122656625,244.438696879806,3093100
2023-03-13,243.8362274169922,247.84023510330826,241.32446625511827,241.32446625511827,3552400
2023-03-14,246.4499053955078,247.4138392555676,243.39130555326753,243.8732583406603,3194400
2023-03-15,246.8577880859375,246.92267452223726,243.3635658068223,245.226519317725,3419400
2023-03-16,250.7783203125,250.88026044251143,246.08845205593101,246.33869188118382,3097900
2023-03-17,247.65487670898438,250.222246680265,246.27384793368304,249.85151152086152,5075300
2023-03-20,250.93588256835938,251.52908138070813,248.2480176274351,248.2480176274351,2108900
2023-03-21,250.44468688964844,251.05641264269295,248.04414345157878,250.25005587717797,3120100
2023-03-22,248.27584838867188,252.08522493476613,248.12754866985446,250.28712973636394,2240800
2023-03-23,249.8978271484375,251.62178654528353,248.38705389039652,248.38705389039652,2263800
2023-03-24,251.4827423095703,251.9461683125097,249.17488986622124,250.59297230380466,2229200
2023-03-27,253.8091278076172,254.83794815295332,250.77833219485186,252.10372365944815,2799100
2023-03-28,255.67214965820312,256.0150803991177,253.5033192044662,253.9481900963422,2036000
2023-03-29,257.1458740234375,257.80393115888535,256.2282994060325,256.7380567967499,2053400
2023-03-30,257.4702453613281,258.0356115491052,256.27459826689517,256.9790148938914,1788800
2023-03-31,259.15704345703125,260.111728057857,258.1282514357811,258.51754167520886,2902500
2023-04-03,261.50201416015625,262.17859795885477,259.22193807265256,260.4361118244474,2352700
2023-04-04,261.6318054199219,262.68843037374677,259.88006968763443,260.8254486316244,2282300
2023-04-05,261.39080810546875,264.13431057190223,261.1683726620801,262.75328176678426,2600800
2023-04-06,262.1971435546875,262.75323205795564,260.9736922769478,261.77077132181546,1731000
2023-04-10,263.02215576171875,263.3836417510483,261.3630821541971,262.46603870098255,1941800
2023-04-11,263.6708679199219,264.6533287799956,262.06740377249514,262.4566940591651,2732900
2023-04-12,264.430908203125,265.81193714647844,262.76258564015785,263.08698955109116,2557400
2023-04-13,267.9251403808594,268.3607619944667,265.1816378297114,265.6080101564121,3229300
2023-04-14,267.8416748046875,268.7314447173147,266.5811415002964,268.1289966336116,2054700
2023-04-17,268.1475524902344,269.2597862152672,267.1002051943055,268.63878292364683,2371000
2023-04-18,269.63055419921875,269.89007166196166,267.86026325200453,268.2309984437398,2086700
2023-04-19,269.9641418457031,270.27001881145503,268.96315424250423,269.63048873972855,2254000
2023-04-20,269.7139587402344,270.3349620873249,268.6758889229616,269.67687673668,2274200
2023-04-21,270.6964111328125,271.13203273363393,269.25980174993344,270.93740172037167,2171200
2023-04-24,271.7530212402344,271.9661791004221,270.3719925083256,271.4100622361505,2995200
2023-04-25,270.1866760253906,273.42138093842254,268.2588077369818,273.42138093842254,5845200
2023-04-26,268.56463623046875,270.1773496090936,268.56463623046875,268.7685447955471,3290000
2023-04-27,273.1618347167969,273.46768344487316,268.7870919508749,269.4544265519572,3142300
2023-04-28,274.116455078125,274.51499461487805,272.41105094118734,273.2637388670183,2838200
2023-05-01,275.8126525878906,276.94341335147067,274.02383471235396,274.088721151848,2124400
2023-05-02,276.2668151855469,276.6282728000603,273.9589341979111,275.6180073945061,2083800
2023-05-03,273.625244140625,275.5160301098856,273.0969317207131,275.0526041173898,2425500
2023-05-04,273.56964111328125,274.6355152616765,272.00325896244846,274.40380226049155,2005300
2023-05-05,274.9043273925781,275.29358941906844,272.9208504019079,274.13502434095176,1815800
2023-05-08,274.9877014160156,275.6179539400444,273.94963177990314,275.3677141016061,2969600
2023-05-09,274.9599304199219,276.9989879429782,274.62624897615797,276.78583007570643,1637500
2023-05-10,274.8764953613281,276.20188688914163,272.3461793020935,274.70039122431484,1849300
2023-05-11,273.2267150878906,275.2194412752367,271.9012952015462,274.8116241233275,1955100
2023-05-12,274.4779357910156,274.7467024771541,272.78178097087454,273.59741517014726,1801700
2023-05-15,274.2555236816406,274.9414134519972,273.10623615847965,274.1350283860936,1700500
2023-05-16,272.6335144042969,274.5243004337284,272.4759654015902,274.29258743010666,2859500
2023-05-17,271.9940185546875,273.90333168250623,271.2432705910929,273.90333168250623,2802100
2023-05-18,272.5408020019531,272.8930102652614,269.8344101733424,271.79933176308685,2410700
2023-05-19,273.93109130859375,274.3481860136039,271.0763996564068,272.3461823430551,2371200
2023-05-22,268.18463134765625,274.94139033470015,267.99000034790384,273.9310967655742,2514700
2023-05-23,265.42266845703125,267.3968682316663,264.5607026719973,267.0724642942589,2943900
2023-05-24,265.00555419921875,266.117759703234,263.7635475442174,265.4967846610135,2262100
2023-05-25,264.634765625,265.92310344672416,263.88401778833975,265.81188573540817,2748100
2023-05-26,265.11676025390625,267.62852131328003,264.78307881769007,264.78307881769007,2148200
2023-05-30,264.07867431640625,265.4040658379052,262.9293586458043,263.161071637057,3385200
2023-05-31,264.25482177734375,264.80168947593904,262.62358111086564,264.04166387020535,3104900
2023-06-01,266.8128967285156,266.9704740234959,262.85524863367704,264.0787001355756,2605300
2023-06-02,270.1299743652344,270.40019615756944,266.6172048065567,267.13899475597776,2869400
2023-06-05,268.7509765625,270.6797513224143,268.37827346979475,270.2138653476769,1974500
2023-06-06,265.1263427734375,270.4281263270983,262.7410093586754,270.08334689246095,2771500
2023-06-07,262.66644287109375,265.312671150597,262.11670096709923,265.04247782458674,3614800
2023-06-08,266.2817687988281,266.54266378983925,260.89612842798164,261.799948296024,3043700
2023-06-09,267.222900390625,267.67945957222656,265.31275072544787,266.03953174952323,1975900
2023-06-12,268.88140869140625,269.0491207993518,266.9526341437724,268.49937882191693,1885000
2023-06-13,268.86279296875,269.9250266730332,267.93102099043455,268.8162157440039,2027800
2023-06-14,268.76031494140625,269.8038950200373,267.7074080435438,268.4435158772093,1964500
2023-06-15,272.645751953125,273.4564173619769,268.5925670859691,269.8877151927767,2619200
2023-06-16,273.66143798828125,276.33561898298694,273.13964796177396,274.4161710064587,4891200
2023-06-20,273.04644775390625,276.9039686647938,272.71099508076446,273.61481496851655,2729800
2023-06-21,274.42547607421875,275.021823796423,272.8321539343049,273.3073667482224,2837100
2023-06-22,273.2887268066406,274.94727989343716,271.6301737198441,274.51867271876193,1799400
2023-06-23,270.1299743652344,272.4966827728784,269.87840620814836,271.4717280738657,3720600
2023-06-26,269.3659362792969,269.98090914810575,267.48376727021895,269.8784278876819,1851800
2023-06-27,271.4252014160156,272.53401249009573,269.88778313776027,270.502756136148,1815000
2023-06-28,271.83514404296875,271.9097017240261,269.32867518160987,271.56495064655104,1666500
2023-06-29,274.3788757324219,274.55591467032167,270.40951829276446,271.65808924108467,1744000
2023-06-30,278.050048828125,278.6929736971645,274.77022206255134,275.0031650314665,2644700
2023-07-03,274.7236328125,278.0407386130973,274.68635397332963,277.4723713840067,1601300
2023-07-05,276.64306640625,277.02509629057283,274.4906756311154,274.9751867735774,2356000
2023-07-06,274.7982177734375,276.34493430978654,273.4191849414465,275.1709208958761,2569600
2023-07-07,272.1705627441406,274.2763477865176,271.658071166006,273.6800285896546,2586500
2023-07-10,274.39752197265625,275.4504288623403,272.3848910786046,272.4501219418685,1703700
2023-07-11,274.63043212890625,275.3385878501228,271.86306853492476,275.14292371915224,1529600
2023-07-12,275.44110107421875,276.8294606590728,275.0590995859867,276.57786402606126,2156000
2023-07-13,275.0776672363281,276.4194208802505,274.88200312358646,275.2360809512074,1656900
2023-07-14,274.81683349609375,275.8510867578365,273.95029236834847,275.1056805386755,1550000
2023-07-17,274.5745544433594,276.60581049236094,274.45341953884963,274.94725754040365,1669900
2023-07-18,273.773193359375,275.5715060843005,272.50596894227397,274.3788393340151,1991600
2023-07-19,274.0620422363281,275.24538217760096,273.2141264917933,274.87267914719695,1969200
2023-07-20,276.85736083984375,277.25801589130583,274.0433917913916,274.22975752647204,2104300
2023-07-21,275.44110107421875,278.9259476119068,275.17090767380336,277.3512506924998,2835500
2023-07-24,275.16162109375,276.6897410118439,274.7423122676947,275.80454612813975,2034400
2023-07-25,272.4128112792969,274.8074718186212,271.75126121104955,274.12729654965597,2780600
2023-07-26,271.8444519042969,272.61781006993687,269.74796512868534,272.31033785443276,2896900
2023-07-27,275.0497131347656,278.50657846561035,271.6207998198149,272.0773588912233,4698300
2023-07-28,273.9689636230469,277.3885799188445,272.9626622144872,275.6181900887581,2843000
2023-07-31,273.195556640625,274.1645790289105,270.2604521474379,273.5775581302731,3296000
2023-08-01,271.2108459472656,273.8570746548098,270.4467861867675,273.0091588379772,1916200
2023-08-02,269.8597717285156,273.42847401084026,269.63615557301057,270.4561193904247,2388300
2023-08-03,271.1642150878906,271.39715803453055,268.95592050341077,269.0956805843111,1910700
2023-08-04,267.43719482421875,272.84148959906065,267.19495343521623,272.4594596587802,2520500
2023-08-07,271.51837158203125,271.51837158203125,268.21989054004086,268.2385441798442,2176800
2023-08-08,269.8224792480469,271.70467657978594,268.8534569995727,271.1921850021038,1948400
2023-08-09,268.56463623046875,269.95296732032483,268.23851036471507,269.2820903867886,1895800
2023-08-10,267.9776306152344,270.5586287966004,267.21357075720994,269.1050667637573,2436300
2023-08-11,268.92803955078125,269.24483862967475,267.19495721881816,267.6515164155432,1761800
2023-08-14,269.10504150390625,270.0740922466488,267.9962306625523,269.08641630256534,1712400
2023-08-15,268.6298522949219,269.35663330686975,267.53036817551276,268.3037548480336,1883800
2023-08-16,265.927734375,269.1703113090766,265.5829832700677,267.94969221221714,1829400
2023-08-17,262.6292419433594,266.9899565088421,262.55471269503926,266.6265517802916,2148400
2023-08-18,262.51739501953125,264.3809387415364,261.1756412648539,262.4987698190626,2624500
2023-08-21,260.93341064453125,263.02989741797745,259.66618607505114,262.48015540963553,2682600
2023-08-22,261.1850280761719,261.6602409337727,260.04826500722106,261.6043368841052,2052300
2023-08-23,262.6385803222656,263.8312473958539,261.5018172962341,262.7783404411576,2308800
2023-08-24,263.0858154296875,265.3220624197137,262.51741975450176,262.51741975450176,2006400
2023-08-25,265.16357421875,266.61716421129256,264.16660012441065,265.33131473335334,3725200
2023-08-28,264.32501220703125,266.67309529557286,264.16662692797706,265.16360112347405,2317600
2023-08-29,264.24114990234375,265.15429646353533,261.29674772965035,264.57660252222905,2348500
2023-08-30,264.84686279296875,266.4681654005626,263.9616964588616,264.4368808402829,2410700
2023-08-31,263.3761291503906,265.85859455988725,263.12320842167736,265.3058968716072,2979800
2023-09-01,263.17938232421875,265.24031294542135,261.4838101901707,264.6782383588842,2136400
2023-09-05,261.5119323730469,263.8351608328303,261.41824850345097,263.23560693805916,2410300
2023-09-06,258.0270690917969,261.0341293576336,257.6148829919458,260.42522717003976,2705800
2023-09-07,260.734375,261.35265420324754,258.64537061013067,259.7226635872415,3732800
2023-09-08,261.5681457519531,262.6267134784617,260.284759601515,260.50020106167943,2351300
2023-09-11,262.07403564453125,262.42064027044376,260.94988626312806,262.00845406981637,2433200
2023-09-12,262.96392822265625,263.70399361621514,260.13485836978816,261.8210536432031,1450200
2023-09-13,263.9569396972656,265.00615909770676,262.87026961660933,263.86328440842215,1724300
2023-09-14,266.75787353515625,267.544766459684,264.7063200365201,265.4182544415887,2219700
2023-09-15,260.6407165527344,265.91477217141573,260.172325821575,265.91477217141573,5730700
2023-09-18,260.1629638671875,262.55174529858573,259.4228984645378,261.09974538354805,2884800
2023-09-19,260.54705810546875,260.6688442815788,258.9638949926468,258.9638949926468,2128100
2023-09-20,259.67584228515625,262.55173975252325,259.6196376824261,261.1184652062998,1979300
2023-09-21,254.07383728027344,259.6664230478609,253.8864695761417,259.4322277118452,2370100
2023-09-22,255.01065063476562,256.3408928891658,253.70851068068296,254.24248297501765,1958300
2023-09-25,252.72486877441406,254.5797061194948,251.90987358270058,253.35252485109672,1895500
2023-09-26,250.79513549804688,252.27523763710892,249.72719090324262,251.8256008294453,2251600
2023-09-27,246.97308349609375,251.00123243107694,245.70842277845418,250.79513936162235,2735000
2023-09-28,248.79978942871094,249.47427323672096,246.49531499646912,247.52578034041528,2182400
2023-09-29,246.7857208251953,250.46726526166006,245.20255780198838,250.26117218797918,3367100
2023-10-02,241.45541381835938,245.50231646110458,241.18373919866985,245.43673489974842,4425000
2023-10-03,238.40150451660156,241.97062508263284,237.8206903264243,240.94953678343953,3408100
2023-10-04,239.63804626464844,240.0502323653348,237.95183689554491,239.18839519760405,2820000
2023-10-05,236.2843780517578,241.5490994521676,235.67547583485356,239.81604807459343,3799600
2023-10-06,232.5278778076172,234.96351513967804,230.19528700023926,234.19534753855976,5130700
2023-10-09,234.1204071044922,234.18598866405713,231.62856513572143,232.05949087159865,2782300
2023-10-10,235.61927795410156,237.4085196877473,234.6637568579465,235.80663138817195,3129600
2023-10-11,235.0572052001953,236.71531240772424,233.62393069180365,236.62162854287934,2919400
2023-10-12,230.62623596191406,236.20944560494974,230.33583598877593,235.77853412679352,3528300
2023-10-13,232.6121826171875,233.08057330806633,230.44821991239115,231.21638750662422,2646500
2023-10-16,234.13917541503906,234.6544081099116,232.38739854662413,233.4646915770517,2774700
2023-10-17,235.26329040527344,235.50684843391952,233.61456021581841,234.27966703387708,2627500
2023-10-18,239.84414672851562,240.83713275041686,236.3874209885443,236.865188662812,4559200
2023-10-19,242.0456085205078,245.96134832893307,240.05963631483004,240.05963631483004,5646200
2023-10-20,241.7926483154297,243.88168125781024,241.27742994903466,242.58891827210488,3779200
2023-10-23,238.6450653076172,240.9776418811118,238.44833492117607,240.38746501593846,3409800
2023-10-24,241.00575256347656,241.46479491252376,238.5794920464879,238.5794920464879,2468000
2023-10-25,241.7177276611328,243.02921603457233,240.6966392636584,241.80203456496437,2759100
2023-10-26,239.6568145751953,243.13228025449104,239.51628877269897,242.02685634947105,2702600
2023-10-27,239.59121704101562,242.9823755893012,238.75748212737992,240.33126809256402,3209000
2023-10-30,243.7036895751953,245.49294558318664,238.50456394007432,243.6568619378091,6305100
2023-10-31,245.59600830078125,247.01990583024357,243.32898458546347,246.80443580234473,3990600
2023-11-01,245.4086151123047,246.738857228262,243.40388927062082,246.37349877385665,3543000
2023-11-02,249.98011779785156,250.51409004741024,246.85127140889398,246.9262013406904,4109700
2023-11-03,250.93565368652344,251.62886284234287,248.70610916144742,250.64525371106924,3126500
2023-11-06,251.90989685058594,252.0972359829205,250.40166388788575,251.06679928432948,3090600
2023-11-07,251.68511962890625,252.73431042417505,251.1604956429668,251.80687722010651,2360800
2023-11-08,250.57969665527344,252.98723218637986,250.3829805274379,251.83498054673274,2223300
2023-11-09,250.0363311767578,251.37592174045437,249.12765205969998,251.28223788119377,2501700
2023-11-10,250.8607177734375,251.17922004253646,248.44380557218423,250.42977771380217,2664900
2023-11-13,252.18157958984375,252.6686956555603,250.3642212767032,250.4953558147302,2591900
2023-11-14,254.32681274414062,254.4860781857949,252.3221151018642,252.93101738902882,2647800
2023-11-15,253.29635620117188,255.83502598822042,252.01294156901716,255.20736982247172,2575900
2023-11-16,258.6640930175781,258.7015722808266,253.89587880098543,253.93335806423394,3593700
2023-11-17,258.31744384765625,259.60082965638026,257.7553693491861,259.0668574534188,2604800
2023-11-20,261.3901062011719,262.1114175689027,257.6336037351645,257.9427575986912,3499400
2023-11-21,262.7391052246094,262.92647295763135,260.82806298333395,262.1770306138458,2940800
2023-11-22,264.1068115234375,264.5564769524049,263.4229792988268,263.46980694029475,2285000
2023-11-24,264.6781921386719,264.7250197675805,263.2636432507616,264.1723222402973,1218000
2023-11-27,264.02252197265625,265.95228977617757,263.3199357746274,264.79068974369443,3703900
2023-11-28,264.2566223144531,265.6149665773451,263.5634133300147,263.70392480141504,2199600
2023-11-29,262.6548156738281,264.6126856835568,261.830443335352,264.36911333219683,2433400
2023-11-30,265.6044921875,266.01914811472636,262.042241728765,264.26630795294295,5030400
2023-12-01,269.4870910644531,270.3352402614971,266.6976117294394,266.9332103263735,4967400
2023-12-04,269.6473083496094,270.84413885786194,268.57296495260636,268.57296495260636,3522900
2023-12-05,270.03375244140625,272.1258695705121,268.78035153796696,270.0431568307281,3005300
2023-12-06,270.3352355957031,270.8158659282236,267.0745591230981,270.2127484854707,2765100
2023-12-07,270.26934814453125,271.5509909615798,269.1856001354916,270.9290070910945,3131900
2023-12-08,269.0819091796875,271.3153796157389,268.62954945153075,270.7782078309775,3623600
2023-12-11,272.4933776855469,272.6441642643142,269.1101847108281,269.1101847108281,3353000
2023-12-12,274.63262939453125,274.896498715245,271.89025783304277,272.46510469761233,2252200
2023-12-13,278.8828125,278.92051633471766,274.755119766196,274.8870688079082,3312300
2023-12-14,273.3132629394531,278.2608344337907,271.41906940957756,277.62944617703215,4626800
2023-12-15,270.7216796875,274.9436177444527,269.2609795974963,273.6808124628624,6328500
2023-12-18,273.51116943359375,273.85041765313593,270.99496343359664,272.022170000008,2490100
2023-12-19,273.98236083984375,274.9153221832642,272.9080173150344,273.9258194711272,2054200
2023-12-20,272.3425598144531,274.86819876910914,272.0881236692927,273.98234569538573,2398500
2023-12-21,274.6043395996094,274.7362598709867,272.6253054521736,273.83156922858063,2313100
2023-12-22,274.8965148925781,275.62214837734376,273.7656298746258,273.95412029748474,1700300
2023-12-26,275.9896240234375,276.16868126918683,274.13313457152424,274.44411208490163,1381500
2023-12-27,277.5822448730469,277.65765252657786,275.61264412855155,275.650347955317,1892100
2023-12-28,278.79803466796875,279.39174790936136,277.06403193287457,277.5069585764847,1907100
2023-12-29,279.429443359375,279.749854085192,278.2985582897605,278.78859314813906,2227800
2024-01-02,279.92889404296875,280.1550595390539,278.05350927259514,278.05350927259514,4458400
2024-01-03,277.43157958984375,280.82417738051345,277.29963053196514,279.89121586403957,3114800
2024-01-04,274.9342041015625,280.14564532992193,274.1614623511622,278.30799303079175,4615400
2024-01-05,272.3425598144531,273.60536491198314,270.65569447498905,272.54988774148615,3407300
2024-01-08,275.0849609375,275.17920614357854,270.95726824381046,271.8902583965095,3097000
2024-01-09,274.11431884765625,274.11431884765625,270.9572911149377,272.9457587205228,2176400
2024-01-10,277.1488037109375,277.43153932552775,274.1142921757668,274.2368080661294,2199700
2024-01-11,277.205322265625,277.9592550828787,273.90694168408015,277.4880578569438,2047400
2024-01-12,276.5645446777344,278.7132032174119,275.9708314776286,278.43990073046143,1714800
2024-01-16,274.3216247558594,277.299594970329,273.27558061512434,276.56452837533703,2859000
2024-01-17,274.38763427734375,275.4996530804069,273.4169689221949,273.42640207192346,2008200
2024-01-18,277.4031982421875,277.51630972680476,274.52890686267585,275.26397333491917,2221200
2024-01-19,283.21783447265625,283.73613997408273,279.4388231039158,280.83357739881535,4250900
2024-01-22,281.2199401855469,284.9706805688363,280.5885232298193,283.61363021707314,3250200
2024-01-23,282.7654724121094,282.91625899082857,280.0136964393827,280.30583644827635,1874000
2024-01-24,283.1330261230469,284.6408631827676,282.0681156603767,282.7183702126337,3209700
2024-01-25,280.089111328125,283.9529352202876,279.0336339011075,283.41576335702246,3219600
2024-01-26,275.4242858886719,278.929995344231,274.8965471542526,278.31741577784777,4210500
2024-01-29,275.4713439941406,275.8954330383746,271.70176585730087,274.8399557615953,3899700
2024-01-30,277.6765441894531,277.931009120233,273.4829057613872,275.31115346139575,2524200
2024-01-31,275.8577575683594,280.3058613775739,274.8493884107692,278.8545655929788,3476200
2024-02-01,280.9089660644531,280.95610304960127,273.5582997837869,274.89651275262634,3380600
2024-02-02,279.9382629394531,280.9937688930924,276.45142069196186,279.01473477446405,3971600
2024-02-05,269.4965515136719,274.6514504872092,267.00861627339333,270.4766498288965,7581900
2024-02-06,268.2525939941406,268.2808646793175,265.32176084561155,266.6693781050394,5927200
2024-02-07,270.7781982421875,273.793872137244,267.743686810641,268.62953993882894,3954700
2024-02-08,275.11322021484375,276.2629426582874,267.8285291165999,269.71331812161577,4605000
2024-02-09,272.7948913574219,275.6597782100851,272.2765859731053,275.3205012919416,3323000
2024-02-12,272.76666259765625,274.41585294978296,272.1258412488475,272.3520067226395,2392300
2024-02-13,270.57086181640625,273.20015043397314,269.213840241749,272.00331981345045,2756100
2024-02-14,271.56988525390625,271.7112387027697,270.0808855669361,270.76884403087575,2139300
2024-02-15,275.0472717285156,275.2734659870517,270.73111715276076,271.31539719807773,2401400
2024-02-16,275.197998046875,276.7812424714995,272.59700909992364,274.0388713590752,2837500
2024-02-20,275.7917785644531,278.4776089714278,275.0284412264163,275.1792278160978,2264000
2024-02-21,276.97918701171875,278.19488403991994,275.4148085998287,276.2064165745924,2076400
2024-02-22,278.8733825683594,279.5801784166819,276.3571766941086,277.06397254243115,3146600
2024-02-23,280.5979309082031,281.5308921555078,278.07232083373344,278.94874071814655,2199000
2024-02-26,280.0042724609375,281.4744057020968,279.3257472142793,281.0314790999783,2595300
2024-02-27,276.8377990722656,279.7026574544169,276.423143219134,279.7026574544169,2811200
2024-02-28,278.1854553222656,279.0430378318192,275.8577395847916,277.09227417029405,2507300
2024-02-29,277.0102233886719,279.3511827179961,276.46999533039053,278.8299282974828,3601700
2024-03-01,275.5412292480469,277.37987898233393,274.4039099960155,276.1667519443412,3028900
2024-03-04,275.7402038574219,276.02451916124335,273.4276763089234,274.2522196132308,2832000
2024-03-05,277.2566223144531,278.17594703667055,273.825749306763,276.3278107742748,2969600
2024-03-06,277.6262512207031,279.72081350768286,276.8870024497772,278.00534796316276,2348000
2024-03-07,275.9013671875,279.51234588329805,275.8255593974715,278.82996008011526,2237700
2024-03-08,277.2661437988281,278.14757929780586,273.7404885726136,274.8872947263286,2482300
2024-03-11,279.41748046875,280.01457148247107,276.6215882030862,276.8869587732708,2893300
2024-03-12,278.9341735839844,280.8770625637417,278.2044115949967,280.23259517685165,2233100
2024-03-13,268.08233642578125,278.13804593230134,267.83593945255086,276.99126889372724,5441300
2024-03-14,267.01141357421875,267.76012028471496,263.31514057821437,267.66536778592854,4659300
2024-03-15,264.55670166015625,269.3807776505175,263.83639763252876,267.16303142796727,5071700
2024-03-18,264.0259704589844,265.6561126564713,263.5426343531274,264.86948755498173,3319400
2024-03-19,268.09185791015625,269.54192409752983,264.0259747089985,264.61360799370715,4055400
2024-03-20,269.5892639160156,269.7314215620336,266.67015860940245,268.68888395252884,2867300
2024-03-21,268.71734619140625,270.6602350632118,267.87385811315477,269.63667097168343,3653300
2024-03-22,267.8643493652344,269.5324095945121,267.38098442988115,269.04904465915894,2556100
2024-03-25,264.0638427734375,265.92143693215303,263.1350601556925,265.3717510312361,2985500
2024-03-26,264.0638427734375,264.85049666100065,262.68961355953246,264.6325023102924,2572100
2024-03-27,267.2862243652344,267.55159497533504,263.5710358238253,263.5710358238253,2605000
2024-03-28,267.2198791503906,268.57516361027433,266.5564382237439,267.50419444853947,3453900
2024-04-01,265.58026123046875,266.8407643343037,264.08281906083414,266.79338809043406,2408800
2024-04-02,263.2298583984375,265.8267306527238,262.9550298618197,265.37179715951595,2907700
2024-04-03,261.1448059082031,263.43836019351806,260.7751670299676,262.120993840858,2748000
2024-04-04,255.97950744628906,261.80820317647186,255.81840506483823,261.80820317647186,4095100
2024-04-05,252.75709533691406,256.4817701441148,252.4443196037526,255.34448009384272,6816000
2024-04-08,253.5816650390625,254.6526342508301,251.97995463047263,253.2783760913852,3753200
2024-04-09,255.36346435546875,255.58145872073135,251.6293021527895,252.31168785792954,3934900
2024-04-10,254.6337890625,254.9370492054818,251.2597488164777,253.02259120604361,3817500
2024-04-11,254.5863037109375,255.7804859561207,253.1931007326331,255.420333918797,2519200
2024-04-12,253.42054748535156,254.2166592328819,252.65283834403647,253.9133703033777,2708400
2024-04-15,252.32115173339844,254.4914926771669,252.15053363020687,253.86597009406393,3686700
2024-04-16,251.5629425048828,253.04143998809542,251.2975719033633,252.22638347029482,2912900
2024-04-17,255.84683227539062,256.0079346541194,251.6482497613129,252.57706137497877,3383100
2024-04-18,256.82305908203125,257.11686127436354,254.80433316984147,256.82305908203125,3402700
2024-04-19,257.7802429199219,257.99823729493113,256.34915048512255,257.79921655797494,3017100
2024-04-22,261.1826477050781,262.054596158116,258.09298208001206,259.4482665399069,3129300
2024-04-23,262.414794921875,262.90761783424847,259.9127041592947,262.35793185210997,3275700
2024-04-24,262.2915954589844,262.5569661059522,258.6332694741257,261.1448182620768,4071600
2024-04-25,261.20166015625,265.2011931761986,260.36762992676626,262.5474579984569,4179800
2024-04-26,258.8227233886719,261.6849365477189,256.24482550517763,257.0599108337996,3636500
2024-04-29,259.25872802734375,260.0927582110646,258.3583768833207,259.52409863823425,3148900
2024-04-30,258.7753601074219,262.4052536154334,248.90921462662604,250.5203828074675,6894400
2024-05-01,260.09271240234375,261.98822469578045,255.9415358520018,257.20206772414167,4843200
2024-05-02,259.00286865234375,261.8745693964761,258.4626405610639,260.168619440385,3084000
2024-05-03,256.197509765625,260.27285060142145,254.84222509341487,259.81794605311546,2642100
2024-05-06,255.2307891845703,257.67601691498055,254.98439218621016,256.89884971860334,2481300
2024-05-07,253.5248260498047,256.5292264342604,253.04146105124852,255.93213530033307,3160000
2024-05-08,254.4630584716797,254.88007352269707,252.16001779666868,253.52478906850288,3259800
2024-05-09,253.95130920410156,254.4536188803371,253.06987387368886,254.43464524369227,3140000
2024-05-10,260.6329650878906,260.99311708554626,253.84702696245162,254.15980271756308,4983500
2024-05-13,257.145263671875,262.2820869687421,256.9746744678969,260.9931521966022,3840700
2024-05-14,256.51971435546875,258.51946619302777,254.67157806798903,257.90343040494315,3143200
2024-05-15,259.56201171875,260.03588986594843,256.11219384722335,256.9461950907821,2982500
2024-05-16,259.2208557128906,261.16374471483135,258.6616829217137,260.1686120891016,2339900
2024-05-17,258.1498718261719,259.74209550686544,256.76615569341874,259.74209550686544,2454500
2024-05-20,253.87550354003906,257.91295508014304,253.3163307319639,257.5433161991002,2651100
2024-05-21,251.97998046875,255.02227030592746,251.5724521728349,254.4820711588156,2362600
2024-05-22,251.88519287109375,252.88035438519785,250.72892897568465,251.979974290041,1906100
2024-05-23,244.45477294921875,251.7430211335076,244.14202609972426,251.27862980681905,5636200
2024-05-24,244.62535095214844,246.85258391653448,244.0661782373835,245.22244201528443,3382900
2024-05-28,240.29412841796875,245.28880821974988,239.450625880731,243.94301045687257,4324700
2024-05-29,236.34201049804688,240.54057889953648,236.14298975115528,240.12356376675305,4029300
2024-05-30,238.9009246826172,239.74442716595905,237.03384371472353,237.5171941956455,3597800
2024-05-31,245.3646697998047,245.70584822276876,240.26572124687203,240.910203122906,6125400
2024-06-03,247.77806091308594,247.96885451007208,243.8193412192571,246.0419381579655,4342800
2024-06-04,250.61111450195312,250.96405637256748,247.30104724706982,247.38689561200235,4592700
2024-06-05,248.00694274902344,249.67628451644893,246.73825581462452,249.44735553243956,4136800
2024-06-06,248.70333862304688,249.724028990638,246.99583210570455,248.88458379527387,3354300
2024-06-07,244.4011688232422,249.35196194286792,243.57127213457844,248.08327499223458,2290100
2024-06-10,242.11180114746094,244.20086556850998,241.48221729759572,244.20086556850998,2866200
2024-06-11,242.56015014648438,242.9512566051885,240.48063404889822,241.34868078792826,2729400
2024-06-12,242.7509307861328,244.49658724356405,241.73025499951842,243.1325033906434,3169600
2024-06-13,242.0068817138672,242.9989559272684,239.60302525655587,241.90195106736334,3153000
2024-06-14,241.89239501953125,241.93054499862075,239.05928237934185,241.20557895187898,2806600
2024-06-17,241.82562255859375,242.78908059044636,240.27075977552943,240.6714000693224,2532900
2024-06-18,239.2310028076172,242.62693350306074,237.85738509179953,242.24536089685589,2956300
2024-06-20,242.10227966308594,243.90516837582726,238.0099989853434,238.73497965757176,4046500
2024-06-21,247.43463134765625,249.40920214500753,243.82883957779796,246.37577652726884,8425800
2024-06-24,248.37899780273438,249.32335903492356,245.91789461864875,247.0625978360391,3901200
2024-06-25,245.51727294921875,248.14052451422577,243.80976650673065,248.14052451422577,3903800
2024-06-26,245.94650268554688,246.27085757162317,242.9416932271094,244.82089632896577,2796100
2024-06-27,246.27084350585938,246.90039819672754,245.12614039135286,246.108666072084,2651000
2024-06-28,243.09429931640625,247.52997277557813,241.2055625366529,245.6698666725749,8958700
2024-07-01,238.46786499023438,243.57127259224,238.21030532393897,243.08478393857564,3817600
2024-07-02,236.36924743652344,239.4599197027963,236.00677169538085,238.172135952973,3944900
2024-07-03,238.47740173339844,239.41222907265183,236.74127926213666,237.04653732299803,2026100
2024-07-05,239.51715087890625,239.83194278424637,237.34223821974285,239.4313025107694,2814300
2024-07-08,236.426513671875,240.93850226177184,235.6729168937944,240.15628935849892,3163900
2024-07-09,234.4900665283203,235.9972308982073,232.30560537768295,235.83506801171328,4927300
2024-07-10,238.94482421875,239.01159032280225,234.56636803255864,235.61567442914165,4092700
2024-07-11,243.05616760253906,243.86698202460371,238.3533857325429,239.64116950738804,5546400
2024-07-12,242.19764709472656,245.0784727829189,240.20397947896413,242.53152128447877,4543000
2024-07-15,239.93690490722656,243.943322723279,239.61257910358813,241.94965494999317,3393600
2024-07-16,245.41232299804688,245.45048753479168,238.57280717039924,239.4313200255794,4173000
2024-07-17,248.9704132080078,249.9720066742101,245.97512299919293,247.0339778252749,3711500
2024-07-18,247.55859375,250.23907723294957,245.7271037323379,246.1372778485737,3421800
2024-07-19,245.42185974121094,248.4362175584667,243.2755631498019,248.38853372306184,3470600
2024-07-22,247.5776824951172,247.81615987273145,244.58239265899806,246.39481490666495,2759500
2024-07-23,242.3407440185547,248.15006471799313,241.82562466810901,247.71124532897826,2653100
2024-07-24,241.69207763671875,242.60783728344583,234.7762328380647,234.96702640794942,5983300
2024-07-25,239.8701171875,244.28670878870497,239.5267091453183,242.4742863499995,3323100
2024-07-26,240.38523864746094,242.34075639676578,239.19285155099536,241.24375153471354,4002900
2024-07-29,249.37106323242188,251.76535655973743,238.69679780454288,241.86378469863823,9381000
2024-07-30,254.15969848632812,255.04682750563907,248.3122274667391,248.97042747745712,4936600
2024-07-31,253.16761779785156,255.33301135586842,251.06903401365233,253.18671462208874,4652100
2024-08-01,256.3631896972656,256.3822574081636,250.3058582766354,254.52215126580276,4936000
2024-08-02,263.937255859375,264.0517203563483,256.4108949622556,256.9832465581335,9585900
2024-08-05,256.0770568847656,265.0628694749966,255.3425278240844,261.4094083286526,6794900
2024-08-06,257.61285400390625,260.60814446717654,255.72410229777321,257.42206041746346,3369300
2024-08-07,256.95465087890625,260.55090907402393,256.2010540658557,257.1358960505388,3540000
2024-08-08,258.6907958984375,261.0374058091587,255.72412134110905,256.5349504773509,3227200
2024-08-09,255.56192016601562,259.1772456407875,254.65569441672906,259.1772456407875,2664900
2024-08-12,257.04046630859375,257.1072469655849,253.10081510025518,255.13264715577196,3008100
2024-08-13,257.851318359375,259.4634280167424,255.20899907608083,257.851318359375,2603600
2024-08-14,258.652587890625,258.9960104918826,256.12473321738565,257.42203632855325,2242100
2024-08-15,262.201171875,263.0501655372829,259.3203748709589,259.4634555131932,2445200
2024-08-16,265.6542663574219,266.6177243369174,262.03897005353167,262.08665388754224,3286000
2024-08-19,274.29669189453125,275.0312209123802,268.73541177473044,269.3172826533277,5268800
2024-08-20,272.4651794433594,276.89130445549745,272.06452463819204,273.29507606369725,3697600
2024-08-21,276.35711669921875,276.6051424879769,273.075665647529,273.9151106762414,2686300
2024-08-22,275.88018798828125,277.1107395265908,274.29669455480797,276.2045137598103,1746400
2024-08-23,276.1759033203125,277.37783875972514,273.8960744611378,276.9962807330738,2145900
2024-08-26,275.3746032714844,278.74190283522466,274.6019388610376,275.9183387043201,2018500
2024-08-27,276.2904052734375,276.9199600253714,274.7832117227751,275.75618908677615,2897600
2024-08-28,273.8197937011719,277.5495844751112,272.1123161362176,276.5861553822589,2603800
2024-08-29,274.5923767089844,275.7847635927224,271.6543482362973,274.51607675726865,1797100
2024-08-30,275.3555603027344,275.5654215880717,273.09479911265345,274.30625387604795,2528500
2024-09-03,273.94512939453125,276.52608027446195,272.20850837158423,274.75107263608606,2902800
2024-09-04,276.3534240722656,277.2553193415773,274.3961163303112,274.93341190176335,2558300
2024-09-05,276.29583740234375,277.81177208726956,274.6359602201492,277.2840805319853,2412500
2024-09-06,277.7734069824219,280.3447539864248,275.9120513486741,276.15191646353423,3863600
2024-09-09,279.4812316894531,279.91297130673104,276.13269493994363,278.2723022002588,3208600
2024-09-10,279.4620056152344,284.2209500333257,279.2413484741851,280.9395827528099,2497100
2024-09-11,278.4642333984375,279.62517241302083,274.2425837446598,279.03988627812447,2747500
2024-09-12,280.49822998046875,280.8244429751228,276.5740407912997,278.4066135133546,2274200
2024-09-13,284.5088195800781,284.71029808563276,280.75732552875115,282.55151197060087,2205500
2024-09-16,284.662353515625,287.9436922064377,283.0792494609057,285.3627702595342,2916200
2024-09-17,281.8415222167969,285.33397249562944,280.3255875083392,284.9597688455785,2997400
2024-09-18,280.1912536621094,283.1368044771638,278.5985456899341,281.96626147498256,1788200
2024-09-19,281.93743896484375,283.117556494649,279.10701912720583,282.3212172613691,2271400
2024-09-20,284.7966003417969,285.96714312988036,280.9587589750189,281.0643148384164,5817300
2024-09-23,286.9362487792969,288.0492264496411,284.854235934923,286.8786834929351,2312400
2024-09-24,288.09716796875,289.229353510372,285.631376957898,286.93622906633266,2408100
2024-09-25,288.2890930175781,289.56516257888643,286.30300278689174,288.1547544951192,1986200
2024-09-26,291.3401184082031,291.9541870635851,288.5480853815986,288.9414676238767,1971100
2024-09-27,291.3785400390625,294.51596510109204,291.2154188827451,291.2154188827451,3402800
2024-09-30,292.165283203125,292.6641920487123,289.8529802249645,291.4360839607688,2286500
2024-10-01,290.6973571777344,292.8561433350146,289.9969404613132,292.16533059346847,3036200
2024-10-02,291.4457092285156,291.7527143126279,287.4351423829317,288.3946028117531,2352400
2024-10-03,291.14825439453125,291.69512453993616,289.0470338893886,291.1962156997823,1802500
2024-10-04,291.4457092285156,293.48936462677057,289.16218872305535,290.76447124215827,2432400
2024-10-07,288.6536865234375,292.7505721648055,287.8381392727494,291.4457199880323,2091800
2024-10-08,289.6611022949219,291.05233165140135,288.1835250120995,290.3711229344233,2038300
2024-10-09,291.51287841796875,292.645064090545,289.71869192114247,290.6589737765603,1854100
2024-10-10,291.71435546875,293.35502459503533,290.6493391724536,291.7047514947807,1739500
2024-10-11,292.673828125,293.11517173990705,290.6877379373036,292.0789673222101,1775600
2024-10-14,297.27923583984375,297.8357393231925,292.1557203173852,292.7793637821776,2376300
2024-10-15,300.6373596191406,302.5754593530639,298.40182946269476,299.35168601975647,3067100
2024-10-16,300.2343444824219,301.0115050205826,297.53823397103235,300.6181227649052,1821300
2024-10-17,301.94219970703125,302.27798742283284,299.8121964470046,301.25138704755216,3095200
2024-10-18,303.726806640625,304.32166745225135,301.4912766097695,302.7769501369255,2531200
2024-10-21,302.12451171875,305.0124677297243,301.66396016704095,304.2736937325744,2404100
2024-10-22,301.9326171875,302.9400389673038,300.59895308163175,301.35693505029366,5889100
2024-10-23,286.4660949707031,289.3732587740942,279.039851659544,280.90120715403543,18792000
2024-10-24,289.35406494140625,290.1312548312958,286.187857219848,286.9938004711463,5522600
2024-10-25,280.7477111816406,289.37328062881403,280.3543581597511,288.797598496659,8863200
2024-10-28,284.7582702636719,287.76138610546286,284.51840515529125,287.0705734221103,6656000
2024-10-29,283.0408020019531,290.4286583765394,283.0408020019531,285.5354047570346,9048900
2024-10-30,279.7019348144531,283.39586386489043,278.0900480842156,282.56113785388936,4924000
2024-10-31,280.2679748535156,282.4459687900655,279.3661089786007,280.4023133696063,4277400
2024-11-01,283.2422790527344,284.8445907054961,281.39052762200225,282.57067438231434,4131800
2024-11-04,280.97802734375,283.0024750454744,279.9705762000816,282.79139255369347,2583100
2024-11-05,285.26678466796875,285.3243499518593,280.69974360992364,281.8415038744349,3032100
2024-11-06,282.08135986328125,288.1547313606316,280.85325171264384,288.10677005240984,4646400
2024-11-07,282.7145690917969,284.51835909970134,281.8990219992353,282.88726491457817,3357400
2024-11-08,286.8498840332031,289.5939267902781,283.2806900859672,283.6165070903303,3279100
2024-11-11,289.3060607910156,291.4936290864326,287.857266379788,288.3082138884241,2872400
2024-11-12,286.5428771972656,289.1813936158047,285.4586821295092,287.97249327653554,2452900
2024-11-13,285.2955627441406,287.00340112651685,283.2519073575044,286.7827146881955,2327100
2024-11-14,286.4565124511719,287.9436644512605,284.56637417470563,285.9192169362747,1932600
2024-11-15,280.7669372558594,287.35842635755927,277.9749036230097,285.65058779950544,4039400
2024-11-18,279.2989807128906,283.4630361167214,279.00155027550363,281.1315539344636,2865000
2024-11-19,278.9439392089844,280.2296126616449,275.9408234013214,278.24352255952545,2353300
2024-11-20,279.1166687011719,279.51005103551114,276.57410413084426,278.8384169465588,2524600
2024-11-21,276.7755432128906,276.9002777499603,271.968637231281,273.44621444821706,4475700
2024-11-22,278.5121154785156,278.8191497806087,276.4588858041237,276.7754947978804,2879100
2024-11-25,284.18255615234375,284.5855130920268,279.9417286302544,279.9417286302544,5021800
2024-11-26,284.3169250488281,285.2284242615347,282.8777342584987,284.959776485223,2254200
2024-11-27,283.1175537109375,287.35838143892437,283.0216310980547,284.9597305087163,2240300
2024-11-29,284.0098876953125,285.00770544811536,282.1005415528592,282.2348800659721,1655900
2024-12-02,282.2724914550781,284.0002652462243,280.8246432344249,283.29563517448264,3149900
2024-12-03,284.2608642578125,284.59870139696653,280.19724521014354,282.1566652693803,3031000
2024-12-04,284.83038330078125,285.74736572792966,281.67408442344816,282.11808301401703,3742500
2024-12-05,289.0580749511719,289.31867702894874,284.67591271486214,285.2647196474587,2594800
2024-12-06,288.5851135253906,293.2375100161973,288.22795289293276,290.11016733357553,4158700
2024-12-09,290.8919982910156,292.09853843686653,286.7608060098841,287.23376032096274,2391600
2024-12-10,290.25494384765625,292.2915989473142,285.55426811540747,289.69512217644814,3523000
2024-12-11,285.8052062988281,291.4035402182155,285.67972142349487,290.86301264489026,3037600
2024-12-12,286.31683349609375,288.1700628328216,284.83036765352614,285.90179071778533,2040700
2024-12-13,286.287841796875,288.79745110475346,285.1585072985388,285.9886222075769,2547600
2024-12-16,287.3592529296875,291.6159302133995,286.83804878139017,286.84768107236414,3179900
2024-12-17,285.7859191894531,289.569642140976,284.5697467229132,287.27238493361006,3295800
2024-12-18,280.7667236328125,288.5851096920608,280.56403313555086,284.7627692901326,3800900
2024-12-19,280.1393127441406,282.6778483308211,278.8072877817984,280.7667076948909,3438500
2024-12-20,282.50408935546875,285.80519569400775,279.2416005440325,279.45395275828406,7678000
2024-12-23,281.1624450683594,282.90951267869076,279.6566854644997,282.0987213117312,2492200
2024-12-24,283.7685852050781,284.0388490239139,280.67986005503354,281.15281437385937,1461000
2024-12-26,284.5503845214844,285.16814714649564,282.4268917752305,282.8129786875909,1433900
2024-12-27,283.4114685058594,286.1720478632008,282.5620594728312,283.14120467321845,1617200
2024-12-30,279.5312194824219,281.3361987797868,278.95207433643503,281.3361987797868,1936700
2024-12-31,279.8111572265625,281.1141970411173,278.546676032074,279.99452423184334,1915600
2025-01-02,282.340087890625,285.4770926255391,280.1586536334811,280.83432797439025,3117000
2025-01-03,284.5311279296875,284.70486264463153,280.59299377488725,282.6489134814858,2240100
2025-01-06,282.021484375,285.3225908424177,281.596779929916,283.08324548771,2838900
2025-01-07,279.2802429199219,284.6758866433165,278.25709928473333,283.56587565682463,3419500
2025-01-08,276.92510986328125,279.0872500027978,276.58727270493034,278.9231475693535,2724200
2025-01-10,272.49468994140625,277.76484931054244,271.98311807259967,277.5042472305441,3946000
2025-01-13,273.7687683105469,274.60851547258295,270.60280839654126,273.1027558461988,3394300
2025-01-14,271.7900390625,275.42898289561174,269.6665461374807,275.1104398101041,2238900
2025-01-15,272.4850158691406,274.75331724391305,270.8537712287647,274.44443589574263,2867800
2025-01-16,270.0140075683594,271.1819595719644,266.9156208975096,270.49662359930676,3403700
2025-01-17,271.1819763183594,274.2031281151587,270.26499402031465,271.21093210374255,3312800
2025-01-21,272.78424072265625,273.06416629086004,269.03916476602575,270.99858483035774,3858600
2025-01-22,271.5680236816406,273.6722223301544,270.65104151728985,273.4502083702215,3660600
2025-01-23,274.5408935546875,275.0910827898365,270.8923182664733,270.98884734472495,2279400
2025-01-24,275.5351257324219,276.87681238691545,273.43092698654726,274.61817298218625,2523000
2025-01-27,282.8998718261719,283.2280472044258,275.8729833370013,276.64515723212276,4343000
2025-01-28,281.0273132324219,284.2511848337287,279.91730223555544,282.2338533282648,3180100
2025-01-29,280.02349853515625,282.9481803703807,279.91733713262875,281.2493622775491,2358300
2025-01-30,280.2261962890625,281.92498479066614,279.2995522446824,280.7956797053636,2125200
2025-01-31,278.6625061035156,281.12383606152224,277.35943693775846,279.75319358233406,2556500
2025-02-03,279.9655456542969,280.78599879201636,274.30929995347856,277.04089370711876,3048800
2025-02-04,279.6953125,280.5350892230039,278.3439933668208,279.685680208849,2976900
2025-02-05,278.7879638671875,280.17790039478894,276.3845454557931,279.917298342068,2362900
2025-02-06,284.125732421875,286.81873847139786,280.2262155951691,281.452049868283,3590000
2025-02-07,284.0677795410156,286.52913893385244,283.60448701082095,284.12569110729,2858000
2025-02-10,297.6968994140625,299.49221699401414,291.02714201963266,291.7606983905314,8052000
2025-02-11,299.42462158203125,300.75664650450165,295.5251053660544,296.68336613510473,4180400
2025-02-12,296.9053649902344,299.30878321094286,295.138973958969,298.8165054716488,3110200
2025-02-13,299.2412414550781,300.6987513347233,295.0038879042123,296.80886719655547,3096800
2025-02-14,297.8223571777344,300.18718764112714,297.07913905384777,299.4150137320643,2674400
2025-02-18,294.231689453125,296.6640932086485,292.9865612470363,296.6640932086485,3367800
2025-02-19,291.4421691894531,293.227854383408,289.096662364197,292.7741941390686,2990700
2025-02-20,292.5135498046875,292.59078486140436,287.7839188315257,290.3707335572167,3020000
2025-02-21,294.2123718261719,295.322382766037,291.1043235206234,293.3533306394488,3036700
2025-02-24,296.8764343261719,299.646645649235,293.54637190781153,294.3957808409901,3397600
2025-02-25,299.9168701171875,300.87244031342163,297.2817763118695,298.43040467906906,3891600
2025-02-26,293.6911315917969,303.61371542611096,293.12164824356455,300.8628277767695,4140900
2025-02-27,299.1736755371094,300.94003716784414,293.642885473766,294.57916170878485,3350400
2025-02-28,297.6099853515625,297.7933817977931,293.3147203981407,296.91501709651624,4972900
2025-03-03,295.40631103515625,300.4544801014926,293.6005980280249,299.114764237697,4371300
2025-03-04,296.84307861328125,303.7940470088352,295.69753565221464,295.69753565221464,3954500
2025-03-05,298.4739990234375,299.4544918942338,294.5130981662614,295.1247100358707,2327500
2025-03-06,301.30877685546875,302.2601765276051,295.49366373471014,298.8138006156503,2954900
2025-03-07,311.9099426269531,313.73506074311285,301.28933369705965,301.7456132260996,7607600
2025-03-10,307.9879150390625,316.79312432251453,306.5219898715181,310.7449979415858,4707600
2025-03-11,297.8041687011719,308.4247783925752,297.3672945749691,308.34709739712537,4513100
2025-03-12,290.6590270996094,297.48378544081476,287.69808353701035,294.8237890746785,4546200
2025-03-13,288.81451416015625,294.6005041988019,288.59121832396175,291.65896596233637,4178600
2025-03-14,291.07647705078125,291.89197939767195,287.0767648209029,288.29998871461873,2696800
2025-03-17,295.09564208984375,296.3188660571214,291.2706674357227,292.50357930837964,2758400
2025-03-18,294.73638916015625,296.06638720326964,293.44520198393406,296.06638720326964,2435400
2025-03-19,297.9595031738281,299.0856109762471,294.7655462189377,295.1150218210775,2812200
2025-03-20,298.037109375,300.6194540081661,296.59061952988566,299.03703725396224,2723500
2025-03-21,296.522705078125,298.03715862805984,292.8336576363083,297.44498175188903,6016100
2025-03-24,296.7460021972656,298.9594365972708,295.63927018395304,297.35758451204265,3443400
2025-03-25,297.9595031738281,299.648694504076,295.1538623190773,297.9691910783635,2657100
2025-03-26,304.4250183105469,304.89101537528154,298.8040787019358,298.9108530309652,2624400
2025-03-27,303.5610046386719,307.39569607280595,301.60967719288635,305.9588940696136,3119500
2025-03-28,298.12451171875,300.94955789808427,297.0566202654009,299.9787528726066,3211600
2025-03-31,303.2503662109375,304.05615098665527,295.55188933873166,296.0955377920893,4418800
2025-04-01,304.4736022949219,305.5900222127502,301.87185178822523,303.9396417243988,2411200
2025-04-02,302.4833984375,304.7647960341823,300.78448974606243,303.58041278994403,2776800
2025-04-03,308.9781494140625,310.38582875494143,302.21163622423705,302.2893172283997,7023900
2025-04-04,291.3482971191406,305.76475842215206,290.56194737776,305.38615984837827,8831100
2025-04-07,291.134765625,295.9790737592968,282.01889120319584,284.0575879083023,7725900
2025-04-08,291.07647705078125,299.25066894294037,286.3098501310964,294.91116900629424,5562500
2025-04-09,295.0859069824219,302.5514004977247,288.0475700770245,288.7271454909523,8265700
2025-04-10,297.82354736328125,298.6487375126938,288.2514245846221,292.54236595898084,6049500
2025-04-11,300.85247802734375,301.81359516961476,295.0858936801931,297.5226238277689,4439900
2025-04-14,306.84234619140625,308.91016560006943,302.04656707859255,303.30860173917813,4068300
2025-04-15,303.3571472167969,307.93934785309597,302.7358178161926,306.90057942643244,2901200
2025-04-16,300.0758361816406,305.11431658163184,298.39633283943755,304.4153357854881,3098900
2025-04-17,302.21160888671875,303.85227183842926,298.1633683029557,300.19234736048566,2728500
2025-04-21,299.7069396972656,302.1921982839618,296.21203555140556,301.92037405187375,2669900
2025-04-22,309.7644958496094,310.65764962800364,302.10485858181244,302.65822463060164,4200700
2025-04-23,309.1820373535156,310.5605640868249,305.5997639507355,309.2014427910896,3210100
2025-04-24,306.9880065917969,309.58006938538796,304.3765383607345,309.133477683949,2479500
2025-04-25,307.4927978515625,312.3856638503492,305.83272942624257,307.25981410811283,2282900
2025-04-28,307.56072998046875,308.7353957361639,305.07547154816916,308.42476065208956,2578300
2025-04-29,305.31817626953125,307.48308211184195,303.8619687515526,306.83262971809967,3164500
2025-04-30,310.31781005859375,311.6284027243467,303.9590492056753,307.5413219996453,5564600
2025-05-01,304.4833068847656,309.9295089369289,302.5028563082432,304.00759226919246,5186900
2025-05-02,302.85235595703125,306.74529395611796,301.60972659252826,304.395932537628,3994600
2025-05-05,306.5025939941406,308.13353948706856,301.62916295219367,303.8620028798959,3534100
2025-05-06,307.5413513183594,307.9781958308444,303.73578234764295,305.9103762585552,2691700
2025-05-07,308.84222412109375,309.91980353660557,306.89089643432175,307.2404016681498,2725900
2025-05-08,304.3376770019531,310.3275574197096,304.0367297953512,308.79366879255775,2131500
2025-05-09,304.5221252441406,305.0754912407894,302.08542468056993,303.76489847958624,1917800
2025-05-12,302.81353759765625,303.06592677569563,296.10527085086454,302.90090650081834,4137900
2025-05-13,299.67779541015625,303.05620744856975,299.44481169254743,302.55136989159445,3018600
2025-05-14,298.52252197265625,299.8913605066516,296.76536738418224,299.24090815477257,2656600
2025-05-15,305.298828125,305.9298455758793,298.81382691177794,298.81382691177794,2928500
2025-05-16,309.3081970214844,309.35675505219467,304.22118780544764,305.1919929002101,2636900
2025-05-19,311.85174560546875,312.2206266720909,308.74515730863624,308.8228086840773,2748600
2025-05-20,310.4634704589844,312.32742935471816,309.54122335630143,311.84202678700456,2035000
2025-05-21,307.2015380859375,309.36644391220193,305.9686263954363,308.2499944553992,2386700
2025-05-22,305.13372802734375,307.37628528693705,303.502782679752,306.890882769681,2642000
2025-05-23,305.3861389160156,306.4345952904512,303.89109090609315,305.87154142071347,2701500
2025-05-27,305.75506591796875,306.4054887181561,303.04651150139193,305.32790932085203,2526700
2025-05-28,303.7066345214844,306.4345942182117,303.0756171929087,305.7550484899831,1935600
2025-05-29,302.7552795410156,304.3474142061261,300.98843668609953,303.2503996475159,2248800
2025-05-30,304.6871643066406,306.0851259186662,301.5126129004658,302.89116907749207,4062900
2025-06-02,305.2729797363281,305.82948427263284,302.0609373313135,303.369190767688,2577000
2025-06-03,304.9898376464844,306.9424598389044,301.8265694344018,304.4528486667788,3028100
2025-06-04,304.1892395019531,306.8057459523586,302.14875299285455,305.58535714586554,2069500
2025-06-05,301.6606140136719,304.609062805782,300.47925613205257,304.609062805782,3813500
2025-06-06,300.0789794921875,302.5197573568545,299.54202027982143,299.87396249405793,2622800
2025-06-09,297.56011962890625,297.99947157685233,292.746912672247,296.53500480990226,4059800
2025-06-10,293.3131408691406,295.246247601204,292.3563750458639,292.9031068862079,4698700
2025-06-11,294.5725402832031,296.017491211633,290.149852882638,293.0885583690165,3312100
2025-06-12,295.97845458984375,295.997970084315,292.9616570910665,294.5237606935612,2584700
2025-06-13,294.75811767578125,297.8822956358988,294.0161116302262,294.66048059694714,2435500
2025-06-16,289.271240234375,296.7985908911176,288.74402386857906,295.958977599898,4045700
2025-06-17,285.385498046875,288.9978610700435,284.87782699598694,288.98808842465985,3379000
2025-06-18,282.76898193359375,286.16652541219634,281.7633827163011,286.0591454951828,4008700
2025-06-20,280.6503601074219,283.7257338904294,278.8051477554766,282.9056362012706,7085000
2025-06-23,282.6615905761719,282.6615905761719,279.0980608734788,281.6852794360011,5172500
2025-06-24,284.56536865234375,285.18044935011534,281.7438155580321,282.75918734157005,4461200
2025-06-25,278.78558349609375,284.1845819283288,277.5749674365675,283.9697923247374,4259800
2025-06-26,278.8637390136719,279.99626344372285,276.75490350198896,279.17616571051,5354900
2025-06-27,284.6434631347656,285.2683164827877,278.4829430433518,279.23472158985635,7422200
2025-06-30,285.2488098144531,286.62538216227676,283.9893602296981,283.9893602296981,5054800
2025-07-01,290.4427795410156,292.5516150919112,285.42455598133427,285.57099668737214,5121900
2025-07-02,287.6505432128906,291.01879862000857,285.6686328782032,291.01879862000857,4021500
2025-07-03,287.113525390625,287.8457586396566,285.67834703073726,287.6895750991527,1678600
2025-07-07,286.57659912109375,288.6756620500889,285.56122722350216,287.1526191010268,3404300
2025-07-08,284.76068115234375,286.07867734562,283.38407888003286,286.06893449465696,3123600
2025-07-09,286.0786437988281,286.85971049010016,284.4384484391285,285.32689504096106,3265800
2025-07-10,291.32147216796875,293.65484011354283,288.03127886066113,289.2809558285627,5366800
2025-07-11,292.80548095703125,295.568428405519,290.2475505078107,291.0774209453327,4524100
2025-07-14,294.72882080078125,294.9143223066749,287.8458091746949,292.0927687236159,5707500
2025-07-15,292.5223388671875,295.6172582892326,292.15133586701126,294.16253443092836,2937600
2025-07-16,291.8193664550781,293.3619545968032,289.19308735088504,292.67852494495304,2804700
2025-07-17,293.25457763671875,295.28532152950106,291.35078875621883,292.66878498323723,3134300
2025-07-18,290.03271484375,293.28381735203305,289.4078615046396,292.6394485190681,3481300
2025-07-21,288.7342224121094,291.721731862432,288.28512766847007,291.0480748496486,3037500
2025-07-22,292.0830078125,292.99096999384807,288.06058101283804,288.85139062816063,2672000
2025-07-23,291.0578308105469,292.7761477063553,289.88627548629796,292.39537211458753,2467600
2025-07-24,287.5040588378906,290.4134463958225,287.4357099207812,289.8764872920103,4426000
2025-07-25,291.3995666503906,291.5655526421618,287.91412897504176,289.7788866966319,3401000
2025-07-28,292.1318054199219,292.8054624553133,288.00199878486785,290.0229698910421,3070500
2025-07-29,295.5000915527344,295.65627510828256,291.23358704990443,291.8682130959129,3147700
2025-07-30,296.41778564453125,298.1946789185685,293.9477198626889,295.4024435976376,2805900
2025-07-31,292.9616394042969,296.28109073754,292.89329048580174,293.88911694738084,3639600
2025-08-01,295.7148742675781,296.5056838506362,294.2406350177207,296.3104097187938,3344800
2025-08-04,297.02313232421875,299.0929070587284,293.4107693893219,293.4107693893219,4734500
2025-08-05,291.6924743652344,297.38438510949027,291.3019558604083,295.8222812955339,4222900
2025-08-06,300.3718566894531,303.04693939183153,294.5920822509531,299.72748783081084,6474300
2025-08-07,300.615966796875,302.8224395083277,297.14030152084337,301.8363557222977,3603300
2025-08-08,298.2142333984375,301.2407739319754,296.691190486512,299.7275036652065,2622000
2025-08-11,297.1500549316406,300.02041216981013,296.58380755976856,298.2630639726116,2649000
2025-08-12,294.4945068359375,298.2630535382947,292.7859623394006,297.94088397145157,3438300
2025-08-13,297.8432312011719,298.07753632834556,294.26015639334133,294.5530675969584,2999100
2025-08-14,301.6313171386719,301.96325932727274,295.52937294825244,298.2630320277006,4699400
2025-08-15,301.6117858886719,302.8126592873207,299.23935702771644,302.8126592873207,3416600
2025-08-18,301.3872375488281,302.63691451968435,299.2979175692291,301.0650382125184,3272600
2025-08-19,303.5644226074219,306.7764946745708,301.1431899929832,301.38726778360984,2893600
2025-08-20,305.6634521484375,308.66073423955925,304.98982493121474,306.2395018904776,3879900
2025-08-21,305.8001403808594,306.17114333742853,303.7987146978706,304.48211453844453,2282200
2025-08-22,306.6300048828125,309.2953148612934,305.7317856474201,307.1767366627392,2796700
2025-08-25,306.01495361328125,308.07495573315686,304.56025960835206,306.2980921748256,2944300
2025-08-26,305.52679443359375,307.6551454559111,304.90194103549146,306.005177332694,2807600
2025-08-27,304.05255126953125,308.2409341283702,303.96468684804296,305.936824495629,3234400
2025-08-28,304.8238525390625,305.1167339509192,302.0218444519157,303.7499043711708,3471700
2025-08-29,306.11260986328125,306.464067579924,304.0525778196735,304.8336446255221,2492500
2025-09-02,310.0301818847656,310.3934630157843,306.6624004000377,307.36933637200434,3228700
2025-09-03,310.6487731933594,311.1200438936678,307.300647762169,309.30360816608663,3219500
2025-09-04,311.23785400390625,313.6335798849225,310.73712889699897,312.0528095097206,2881300
2025-09-05,308.67523193359375,312.26882078063426,307.58535853027513,311.61096548770104,2533100
2025-09-08,307.1238708496094,307.39878872776393,304.13905673358863,307.1435271033499,2873600
2025-09-09,306.84893798828125,308.0075482417458,305.0914412648036,305.56271191074177,2310800
2025-09-10,300.3883972167969,306.4267929634003,299.08251469505757,306.4267929634003,3479500
2025-09-11,302.8331604003906,303.333915426902,299.7108725071077,300.67310001825905,2761500
2025-09-12,299.858154296875,302.9117352955393,299.7108822148367,302.03787100244404,2072600
2025-09-15,296.5885925292969,300.1625248761843,295.0569029572307,299.60289096763,3584500
2025-09-16,297.7864685058594,300.44728410265554,297.2071783184419,297.99264942861424,3578500
2025-09-17,299.43597412109375,301.01674445960623,298.39521142229376,299.367237159297,2681600
2025-09-18,295.67547607421875,297.1973375217261,292.47462300730547,295.9994746533071,4654100
2025-09-19,296.89300537109375,299.26907517578013,295.29257862126514,296.2253518692649,5696900
2025-09-22,297.49188232421875,298.7290277382726,294.96854075393884,296.8340570379337,3657900
2025-09-23,297.6882629394531,298.92540834462903,294.87034726215313,298.2282705564867,2976900
2025-09-24,298.80755615234375,300.42763890630084,296.5296780906701,297.00094874159555,2427300
2025-09-25,296.81439208984375,300.7712617097625,296.47076723049554,300.32944547754335,2558400
2025-09-26,299.7010498046875,300.2312592562483,296.5296811495197,297.8649879593166,2284700
2025-09-29,297.49188232421875,300.5552614792083,296.3725845393422,300.3294542751706,3073800
2025-09-30,298.3755798339844,298.9548700078379,296.5198616812354,297.2562520662053,2640100
2025-10-01,295.06671142578125,299.23959033368817,292.88699465651075,297.75701137944066,3055300
2025-10-02,294.4383239746094,296.8929584882515,293.52520712684657,294.1634061076335,2690400
2025-10-03,295.51837158203125,295.920935241233,293.24046354333876,293.47609887016887,2599100
2025-10-06,290.66802978515625,294.21250789421134,289.5585301112807,293.61359141259135,3814200
2025-10-07,290.94293212890625,292.66117631978364,288.79266985864706,289.64687789076083,2515700
2025-10-08,289.0577697753906,291.27676908267955,288.10537033466767,291.00185120101736,2464600
2025-10-09,288.47845458984375,289.7646806351104,286.740584198952,288.3213543905395,2802700
2025-10-10,291.62042236328125,292.54336738187413,287.57518928458137,289.3523423607694,4016200
2025-10-13,294.6641540527344,294.96855632275805,288.6650412182057,289.254159539983,3369300
2025-10-14,299.03338623046875,299.9759574737887,294.664124903628,294.71323557113607,2992800
2025-10-15,299.71087646484375,303.49101963824154,298.1202780817446,298.1202780817446,2522100
2025-10-16,299.7894287109375,301.7040557414761,299.1806841062171,300.2411030647254,2021600
2025-10-17,302.49932861328125,302.73496393294465,300.7516300769119,301.23272884249127,2194200
2025-10-20,302.1851501464844,303.09829700406357,300.29017939777157,302.3619066128621,2329600
2025-10-21,301.90045166015625,302.95101257354537,300.8302344916922,302.95101257354537,2461100
2025-10-22,304.482666015625,307.1140569589791,301.576387171995,302.6269779240632,2735700
2025-10-23,301.3996887207031,306.30895815293024,300.6632983058691,306.30895815293024,2081500
2025-10-24,300.2411193847656,302.1164639726071,299.48507268752155,302.0477270067115,1994500
2025-10-27,304.37469482421875,304.463058075447,299.7992522676565,300.34908802894455,2139700
2025-10-28,300.8399963378906,304.9441380034394,300.77125938103313,302.94117783862026,2336500
2025-10-29,296.8634948730469,299.2493923550577,295.7539953130552,299.17085723712694,2502300
2025-10-30,296.94207763671875,298.86653291850064,294.65437115789763,295.047106738166,3128400
2025-10-31,293.0146484375,295.25327410231176,291.610604569773,294.5561662320939,3582700
2025-11-03,290.99200439453125,292.513895754876,289.0970337617238,292.2684323061559,3899300
2025-11-04,293.78045654296875,294.31066596576494,291.0411061134195,292.79860277827896,4151300
2025-11-05,300.1232604980469,304.5416025431049,293.78046345498336,294.12411827347,6070300
2025-11-06,292.9949951171875,300.84982549208195,292.1113326927719,298.73884582158905,3544900
2025-11-07,294.22235107421875,297.05989333931,292.9164685728491,294.89000455261623,3250100
2025-11-10,293.6724853515625,294.57577409176076,290.668015041084,293.5742939762016,3824300
2025-11-11,301.26220703125,301.71388138131437,295.3907401184322,295.4005382816583,2755800
2025-11-12,301.3702087402344,303.48118842427675,300.2312547329082,301.2131085360721,2818600
2025-11-13,301.99859619140625,304.47288708820236,300.9382072097806,301.72367830996245,2294300
2025-11-14,301.4585876464844,305.1110851825394,297.8257164005441,302.85283330347494,3112500
2025-11-17,299.3672180175781,302.1164266394428,298.58174696207396,301.5960453233163,2435700
2025-11-18,299.0628967285156,302.8430405007444,298.64070671329097,300.13311395873427,2773800
2025-11-19,297.2464294433594,299.3083285522152,296.55914971627544,299.06286508601335,2008300
2025-11-20,298.64068603515625,300.09384059517396,296.3922322126689,296.9617242548096,4205100
2025-11-21,303.7364807128906,304.90488913849623,300.6043646763581,300.71235421233496,3348900
2025-11-24,299.3672180175781,304.7085050936465,298.51301000467237,303.38299646915823,3687300
2025-11-25,304.8165283203125,305.80818029634753,301.18365722563226,301.18365722563226,4189600
2025-11-26,306.73114013671875,307.1926126498702,304.0997789809537,305.91621461628625,2786600
2025-11-28,306.16168212890625,307.61480668534085,305.05218245727025,306.7016897739917,1850700
2025-12-01,299.8499755859375,305.7073004736322,299.6524143844083,305.6875564109221,3354100
2025-12-02,297.034912109375,300.09693005549923,295.9187545552154,300.0771558479933,3947800
2025-12-03,303.9392395019531,304.9665035330115,298.35848198424077,298.6943119255542,4986900
2025-12-04,304.75909423828125,309.95461659179,303.5540431697196,304.7492071344343,4632200
2025-12-05,307.4161071777344,308.2260357481657,304.42323889188754,304.8775934768037,3147200
2025-12-08,305.9937744140625,309.9052392727204,305.2628220373268,308.17668415327097,3575000
2025-12-09,306.98150634765625,308.8681043244349,304.640553771616,306.8827257451365,2355100
2025-12-10,306.7247009277344,307.5050285470435,302.2601007800349,305.70732396326173,4103900
2025-12-11,305.91473388671875,309.1446818454749,305.2727051651499,307.6828072546526,4844000
2025-12-12,312.8388366699219,313.8957318620371,306.5666450981416,306.7246880361446,3771900
2025-12-15,314.8241882324219,315.7427844710029,311.9300705103505,312.81906572818315,3814900
2025-12-16,310.6460266113281,316.65150728072257,310.4583525144464,315.1995198774627,2972300
2025-12-17,314.7846984863281,315.28845846959547,311.13991422251854,311.6831623327653,3328600
2025-12-18,315.73291015625,317.8467004444706,314.44885279076,315.46622966626245,3335200
2025-12-19,311.9696044921875,315.41682740797927,311.88071099464753,314.79457292519953,7128600
2025-12-22,312.344970703125,314.3698374878471,310.6164155939592,311.1399196498479,2514600
2025-12-23,307.0308837890625,310.27068862723996,306.82346562280213,308.27545307384065,2922800
2025-12-24,309.4903564453125,309.5595058809068,306.4777440250134,306.8728362884548,1011500
2025-12-26,306.8728332519531,309.4212340916076,306.0727616297285,309.1446664955745,1308900
2025-12-29,304.74920654296875,307.28772045073805,304.4430077604015,306.65554867794805,2148300
2025-12-30,304.25531005859375,304.8578506167912,303.0107408171681,303.31693957599396,1678300
2025-12-31,301.8847351074219,304.43310585147805,301.6081675061785,304.00838241806997,1903600
2026-01-02,299.54376220703125,301.8056780930464,296.610156354758,301.548884715918,3124300
2026-01-05,296.1854248046875,298.6251580020474,295.94837547169965,297.5584058599941,4573300
2026-01-06,299.05975341796875,300.4919967340929,294.67416011782774,295.4051124302555,3769100
2026-01-07,300.4327697753906,303.2379642640529,299.59317980652384,301.58841549493303,4100200
2026-01-08,305.09490966796875,305.21343433405326,298.92149877933497,299.7215704190133,3268300
2026-01-09,303.55401611328125,305.7270385696573,300.8673466003966,305.25293992501133,2972000
2026-01-12,302.9909973144531,303.7120625362887,300.44262663934745,303.67254426757813,3206600
2026-01-13,305.6480407714844,305.8653460375932,301.460008526777,301.4896396929006,2967900
2026-01-14,304.3540954589844,307.36670786666923,302.18104280374433,305.64803994891133,2949000
2026-01-15,304.83807373046875,305.1442724866024,300.0771322123287,305.1442724866024,3189200
2026-01-16,303.6626892089844,304.7492156361314,302.0921769775851,303.12932817133867,2590600
2026-01-20,299.12890625,302.79343438226215,298.74370109899786,302.68479682343815,3018000
2026-01-21,301.9440002441406,301.96374430740997,299.4252606431283,299.6227917066463,3630900
2026-01-22,302.27984619140625,303.86024550129486,301.21309398980696,302.3983708645162,2809400
2026-01-23,305.4603576660156,305.71718119392017,301.6180124248264,302.34896474033775,2350200
2026-01-26,309.1150207519531,310.50771562599306,306.1715277915807,306.201158956058,3385000
2026-01-27,310.28057861328125,310.7053020531534,307.2284478498055,308.4927612095328,2506600
2026-01-28,308.96685791015625,312.4042239648195,307.7914380585735,311.13991061315164,2184500
2026-01-29,311.6436767578125,313.5105005837585,308.4335030133558,309.0755317335254,3211300
2026-01-30,311.1399230957031,312.1770441152451,307.7519622786828,311.7918389327558,2983200
2026-02-02,314.6266784667969,315.6045371939172,311.3473550721167,315.0909202132944,3309800
2026-02-03,315.5650329589844,318.93324968935707,311.643681002752,311.643681002752,4043400
2026-02-04,319.72344970703125,322.94351075458525,315.78235349642875,317.17504858853437,4805900
2026-02-05,319.5160217285156,324.03988422214644,318.992517661091,321.0963908911193,3936800
2026-02-06,323.1509094238281,323.5262576390494,317.30344120778835,318.9431028016657,2831900
2026-02-09,321.6100158691406,323.3089397312901,319.2196579382205,321.9458458002669,2673900
2026-02-10,321.9754638671875,323.98058641271706,319.5456179093019,321.4420727542251,3502900
2026-02-11,319.2492980957031,321.2149326523477,316.8787143045362,319.61475920329195,4553200
2026-02-12,328.0106201171875,329.29470777512705,316.2268196660725,325.78819201219517,6499700
2026-02-13,323.56573486328125,331.5566243921077,322.52861389815644,328.42545714650106,3587900
2026-02-17,323.6052551269531,328.01059269546244,321.0173661062431,325.95609481556994,3367200
2026-02-18,323.8719482421875,324.77077029226854,319.861673015119,323.25952059474315,3661800
2026-02-19,323.10150146484375,328.9193384670213,322.9434886694332,324.43496427113445,4032300
2026-02-20,325.195556640625,326.23267766059945,321.96560862189864,324.0102496375606,3862700
2026-02-23,330.460205078125,331.4676948590167,326.2030234440605,326.3808104388754,3806200
2026-02-24,328.96868896484375,331.88255079864336,328.257510864531,331.20100386319336,2756900
2026-02-25,328.92919921875,330.055213621589,325.9560750698859,327.9315664339458,2812500
2026-02-26,330.43060302734375,332.81107403524965,329.02799072068854,330.7664329838984,2425900
2026-02-27,336.88055419921875,337.16700889937454,331.4578398206824,331.4578398206824,4269100
2026-03-02,330.717041015625,337.56211186521443,330.3120616387293,336.88056488258604,4555400
2026-03-03,329.932373046875,329.932373046875,325.4924836810342,327.86636784866795,2901100
2026-03-04,329.5052490234375,330.58790268390675,327.3895927565026,329.5052490234375,2455900
2026-03-05,325.2441711425781,328.5815222190203,321.9365864490339,327.5783163041617,4321400
2026-03-06,325.85003662109375,326.1182068663141,319.155450017908,324.09197105620905,3341200
2026-03-09,328.5715637207031,329.46552514763164,322.3934633493387,323.6052460688667,3407500
2026-03-10,325.7308349609375,327.42930706038254,324.5091099423211,326.1281342989602,2391400
2026-03-11,323.01922607421875,325.44279152716126,320.2480426332539,324.8269729847246,2200500
2026-03-12,321.7279968261719,325.11502913445713,319.8408021628804,321.0724392524395,2639600
2026-03-13,324.26080322265625,324.7574349872063,322.29416083471637,322.7907925992664,2449800
2026-03-16,324.44952392578125,326.4956443594642,324.31048279471395,325.63150994384046,2584300
2026-03-17,324.10186767578125,328.2636441625382,323.923087520798,325.13487020234527,2437800
2026-03-18,313.6031188964844,322.3140295216213,313.11639913342975,321.5889362008248,3038400
2026-03-19,307.4945068359375,314.5963652454889,307.2461909562188,313.8613296293637,3362300
2026-03-20,306.7694396972656,309.2724528184902,305.5477146733364,307.71302184017327,6436600
2026-03-23,306.3919982910156,311.87480199234966,305.9748142766112,311.3583158758462,3003200
2026-03-24,305.7662353515625,309.09367417323017,302.72685143522045,304.32602144892803,2954900
2026-03-25,309.6002502441406,310.8318873048662,306.0344075450455,307.97128352718374,3714000
2026-03-26,306.8489074707031,310.6034425536244,306.7197783566558,308.65665444336855,3025700
2026-03-27,303.8393249511719,307.881915021819,303.2731574321674,307.66339582037864,3137200
2026-03-30,306.45159912109375,308.6963844238043,305.56761033175934,306.6204672603586,3569600
2026-03-31,308.6963806152344,309.58036939366247,305.4682741465076,308.1401554640443,3021300
2026-04-01,305.219970703125,308.9049700579356,301.9521250727088,308.08057463268096,3887300
2026-04-02,305.07098388671875,305.4285442179953,300.98865489932206,304.7630442965663,2649100
2026-04-06,307.67333984375,308.2196226943479,303.74993653200414,303.9982524299121,1816000
2026-04-07,302.79638671875,308.2096546544882,302.17062585828927,308.17985796170416,2033700
2026-04-08,304.9418640136719,306.17350116360626,301.0581997450894,305.09084748955115,4155100
2026-04-09,307.4647216796875,309.00429837891016,301.9421787324847,303.13410712465725,2484700
2026-04-10,303.62078857421875,306.6204638344842,302.1308932792252,305.2298706428923,2708600
2026-04-13,302.45867919921875,302.8460362034078,300.06491051795956,302.1706242957984,2872100
2026-04-14,301.1773681640625,301.5349284843736,299.4987503768305,300.9787033336693,3150100
2026-04-15,304.1968994140625,304.8723113418399,300.95885059560396,301.2270208372809,2976500
2026-04-16,304.8921813964844,306.1933542671585,302.51829719188004,304.5147363844722,2334400
2026-04-17,309.26251220703125,310.43458618702203,305.1305626762048,305.2398071126464,3225500
2026-04-20,304.872314453125,310.4246540236003,303.88899324494355,310.04720902716764,2395200
2026-04-21,299.8066711425781,304.0876346873435,298.9425366900243,303.4916704853069,2708100
2026-04-22,298.048583984375,300.8694486705098,297.8101801336056,300.01522630324575,2845600
2026-04-23,300.49200439453125,302.8361220085941,299.8861282114026,300.462207702115,3064300
2026-04-24,297.3433532714844,300.5516053585181,297.2043121407012,300.2536384268419,3847800
2026-04-27,288.2550048828125,296.51896485139594,288.2351505242334,295.7839595279972,4985000
2026-04-28,290.42034912109375,292.66510417202585,289.0694949067289,290.23162661826336,4087100
2026-04-29,288.1258850097656,290.53953853841574,287.3511406323714,289.3376677858949,3493000
2026-04-30,291.61224365234375,292.53597148417595,288.27489265527333,288.59271395594806,4137700
2026-05-01,284.7090759277344,293.5888240967916,284.4309330367505,292.71477764283344,3761800
2026-05-04,282.1861877441406,287.798120880973,281.7789460409158,284.39123409331,3750500
2026-05-05,283.2489929199219,284.62961355568996,281.11345193959096,282.48416055156173,4007100
2026-05-06,282.1861877441406,286.5565414121163,280.4976275416961,285.2355141945323,4807900
2026-05-07,281.78887939453125,289.4369904917067,280.2493027150235,285.8910323667992,6613800
2026-05-08,273.8924255371094,284.5700087629441,272.9786097284099,283.0801134291067,6044100
2026-05-11,272.75018310546875,274.87575138864884,270.1478373951087,273.9718779001194,5849000
2026-05-12,272.9885559082031,277.3688518888109,272.9190201834319,276.32593726523703,4366600
2026-05-13,273.8427734375,275.6306357064725,271.3993232747067,272.6508450501863,3451000
2026-05-14,273.11767578125,275.92859825162145,272.4521758746687,275.92859825162145,3428200
2026-05-15,274.52813720703125,275.6306452382246,273.16734063152364,274.1407498585585,3866400
2026-05-18,280.5671691894531,280.8949328388707,273.29647239146834,273.9619723381033,3969300
2026-05-19,278.90838623046875,283.3979567717631,278.40184244390474,281.4908774628244,4087500
2026-05-20,278.3819580078125,279.1269056536187,274.5380330053722,278.4018426780456,4056900
2026-05-21,282.265625,283.229091844497,278.0641396332532,279.15670527563327,5116300
2026-05-22,280.3684997558594,281.8186864069964,278.5210440472038,281.09359308142785,3056200
2026-05-26,277.3787841796875,280.12017092112217,276.8324710488382,279.1269073872117,4227400
2026-05-27,279.0276184082031,281.63987616318417,277.96481910204795,278.35217613625474,3808100
2026-05-28,276.09747314453125,278.33231615581707,275.65049241747477,278.1237392954566,4115700
2026-05-29,277.3191833496094,279.5242295481891,275.55117551918033,275.90873583203273,4901300
2026-06-01,274.2499694824219,277.01127110234495,271.5582338941327,276.24643881032443,4594600
2026-06-02,276.3599853515625,278.010009765625,272.95001220703125,273.3299865722656,4211600
2026-06-03,273.2900085449219,276.8500061035156,273.2900085449219,275.7699890136719,5011100
2026-06-04,272.7200012207031,278.5,271.8500061035156,277.79998779296875,3541600
2026-06-05,279.8399963378906,280.760009765625,274.3999938964844,274.3999938964844,5428100
2026-06-08,277.7799987792969,280.17999267578125,277.1499938964844,278.1099853515625,3842300
2026-06-09,282.25,285.30999755859375,276.0400085449219,277.6099853515625,5431700
2026-06-10,282.5199890136719,286.45001220703125,282.29998779296875,284.32000732421875,4152700
2026-06-11,284.7699890136719,286.25,281.0400085449219,282.8399963378906,4565400
2026-06-12,284.80999755859375,287.6600036621094,284.0299987792969,286.0,4028800
2026-06-15,286.1199951171875,288.239990234375,283.6000061035156,284.2300109863281,4388500
2026-06-16,287.92999267578125,289.2900085449219,285.0899963378906,288.0,3874300
2026-06-17,283.82000732421875,287.2900085449219,282.9700012207031,285.5,3591000
2026-06-18,278.6099853515625,284.760009765625,277.92999267578125,284.3800048828125,8106400
2026-06-22,270.1000061035156,277.54998779296875,270.0799865722656,277.0,4891100
2026-06-23,271.6600036621094,274.25,270.510009765625,273.8900146484375,3783500
2026-06-24,273.8800048828125,276.05999755859375,271.2200012207031,272.1700134277344,4698700
2026-06-25,264.5400085449219,273.3399963378906,264.5299987792969,272.69000244140625,6192700
2026-06-26,269.760009765625,270.7900085449219,264.54998779296875,264.7699890136719,7422800
2026-06-29,267.17999267578125,272.5,265.6000061035156,270.19000244140625,4522000
2026-06-30,270.30999755859375,271.19000244140625,267.3900146484375,268.20001220703125,4752600
2026-07-01,269.42999267578125,272.45001220703125,268.8999938964844,270.25,3902100
2026-07-02,280.6300048828125,280.6300048828125,269.8599853515625,271.79998779296875,6871800
2026-07-06,279.5,281.0199890136719,273.5799865722656,280.05999755859375,6744000
2026-07-07,282.2099914550781,287.1000061035156,281.3800048828125,283.79998779296875,3688500
2026-07-08,278.25,281.6199951171875,276.239990234375,281.2699890136719,4735900
2026-07-09,276.489990234375,277.5799865722656,272.9200134277344,276.05999755859375,3605400
2026-07-10,274.6000061035156,278.3999938964844,272.5,278.2099914550781,2980800
2026-07-13,272.6099853515625,276.0199890136719,271.3299865722656,276.0199890136719,4169600
2026-07-14,268.94000244140625,273.80999755859375,268.32000732421875,272.0,3834500
2026-07-15,264.95001220703125,270.2799987792969,264.0899963378906,268.0,6050900
2026-07-16,273.4599914550781,273.5899963378906,265.989990234375,266.75,4812000
2026-07-17,267.7099914550781,276.3599853515625,267.19000244140625,275.0,3782000
2026-07-20,267.6400146484375,270.0,266.260009765625,269.75,3693400
2026-07-21,263.9100036621094,266.8699951171875,263.6499938964844,266.5199890136719,3539500
2026-07-22,263.57000732421875,265.9700012207031,261.8500061035156,265.70001220703125,4524400
2026-07-23,262.79998779296875,264.0199890136719,260.9599914550781,261.5799865722656,5105700
2026-07-24,264.760009765625,266.4599914550781,262.8999938964844,263.7900085449219,3703500
2026-07-27,270.6700134277344,271.1700134277344,266.79998779296875,267.5,4874400
2026-07-28,273.0199890136719,278.70001220703125,271.6300048828125,276.2099914550781,5261500
2026-07-29,271.5199890136719,273.0299987792969,270.25,272.6300048828125,3650700
2026-07-30,268.44000244140625,271.79998779296875,266.30999755859375,270.489990234375,4040200
2026-07-31,270.6400146484375,271.07000732421875,265.5199890136719,267.1199951171875,4965200
2026-08-03,265.2300109863281,276.3299865722656,265.2300109863281,275.7099914550781,7440500
2026-08-04,268.3399963378906,271.5299987792969,264.30999755859375,270.3299865722656,7486000
2026-08-05,274.0,275.29998779296875,269.010009765625,271.6400146484375,4775300
2026-08-06,276.260009765625,276.8299865722656,271.760009765625,276.0,4214900
2026-08-07,274.4800109863281,276.8699951171875,273.2900085449219,274.510009765625,4909700
2026-08-10,273.7200012207031,275.739990234375,270.3599853515625,274.1400146484375,4557514
