Date,Close,High,Low,Open,Volume
2016-08-11,51.5446891784668,51.67730979817358,51.30597408660406,51.30597408660406,18162300
2016-08-12,51.226383209228516,51.44741524419311,50.94346247428833,51.305954876723014,21655200
2016-08-15,51.38554000854492,51.72150973407451,51.24407960400858,51.2882853480483,19283900
2016-08-16,51.100852966308594,51.26098822655565,50.949615994799046,51.25209333152094,20523500
2016-08-17,51.207611083984375,51.314366790861406,50.914028647944114,51.18981790055441,18856400
2016-08-18,51.243194580078125,51.33216049813583,50.94961553474463,51.083059321277034,14214300
2016-08-19,51.260990142822266,51.35885096037629,50.887343450746485,51.091959981221734,17271000
2016-08-22,51.30548095703125,51.37665370802874,50.94072909242802,51.24320649676023,15221900
2016-08-23,51.501197814941406,51.759193922638005,51.46561144276879,51.51009610483618,18732400
2016-08-24,51.55457305908203,51.63464069291869,51.34995652676679,51.421125871453285,18151500
2016-08-25,51.75029754638672,51.857056666852344,51.40333888913184,51.49230482285319,18552600
2016-08-26,51.625755310058594,52.221815265123176,51.32327788369085,51.848165082573,20971200
2016-08-29,51.688018798828125,52.13283824939877,51.688018798828125,51.75919153989691,16417200
2016-08-30,51.501197814941406,51.76808881882954,51.25209999713958,51.581265455478174,16930200
2016-08-31,51.11865234375,51.42112971712084,50.97631025002861,51.2876859132151,20860300
2016-09-01,51.23429870605469,51.4389152231231,50.718306572288746,50.718306572288746,26075400
2016-09-02,51.30548095703125,51.76809365740425,51.08307120071944,51.30548095703125,18900500
2016-09-06,51.25209426879883,51.42112442717174,50.89623737425255,51.40333124307414,16278400
2016-09-07,51.296592712402344,51.45672802921027,51.074182927247335,51.127562497417976,17493400
2016-09-08,51.091957092285156,51.41222760664246,50.86954738994845,51.269885532895074,20146100
2016-09-09,50.006595611572266,51.172023649141195,50.006595611572266,50.52258773916394,35113900
2016-09-12,50.7538948059082,50.896236883613966,49.47281610655631,49.819774708857686,29303000
2016-09-13,50.29127883911133,50.398037935522744,49.86425263457347,50.26459076185977,30130200
2016-09-14,50.051082611083984,50.38025144485583,49.846466073003214,50.16673661737418,24062500
2016-09-15,50.87843322753906,51.02077527594701,49.80197127434758,49.95321160973847,26847000
2016-09-16,50.93183135986328,51.269895120873116,50.48701187200421,51.269895120873116,44607000
2016-09-19,50.64714050292969,51.37664409564872,50.57596776524835,50.9496178506695,20937100
2016-09-20,50.540382385253906,51.02078476693228,50.48700283453286,51.02078476693228,17384000
2016-09-21,51.38554000854492,51.465607643170465,50.78058869478896,51.163130289440986,33707300
2016-09-22,51.43892288208008,51.59905816166426,51.2698927063871,51.527885417980976,19822200
2016-09-23,51.091957092285156,51.518983313527315,51.04747583055836,51.48339694666478,19955300
2016-09-26,50.620445251464844,50.83395664685363,50.558170811667914,50.78058049485765,21688700
2016-09-27,51.55457305908203,51.652433877516046,50.42473128992165,50.647141006834254,28065100
2016-09-28,51.625755310058594,51.652446790478905,51.30548469464524,51.49231148277223,20536400
2016-09-29,51.065284729003906,51.75030383655281,50.896251131239254,51.43003661733806,25463500
2016-09-30,51.243194580078125,51.394434943924836,51.01188998053364,51.2165065015122,29910800
2016-10-03,51.08305740356445,51.19871139584631,50.762790291688205,51.07416250894399,19189500
2016-10-04,50.92293930053711,51.243206498928686,50.68273635646576,50.94962738531052,20085900
2016-10-05,51.27878189086914,51.563466046486646,50.94071818343478,50.96740965619462,16726400
2016-10-06,51.367740631103516,51.47449632611357,50.95850424511068,51.367740631103516,16212600
2016-10-07,51.42112350463867,51.58125876494127,51.08305980025511,51.465604767233216,20089000
2016-10-10,51.6346435546875,51.946015818141284,51.483403174079136,51.51898954524618,18196500
2016-10-11,50.87843322753906,51.616834936825505,50.61154231098693,51.50118096196213,26497400
2016-10-12,50.807281494140625,50.94962359183994,50.17563864770637,50.807281494140625,22177500
2016-10-13,50.63824462890625,50.976308361609654,50.10446264565083,50.44252637835424,25313700
2016-10-14,51.08305740356445,51.36774493695886,50.81616644681626,50.81616644681626,27402500
2016-10-17,50.90513610839844,51.11864753203142,50.59376047452126,51.029685004468156,23830000
2016-10-18,51.296592712402344,51.55458887767111,51.074182927247335,51.18093867388462,19149500
2016-10-19,51.18091583251953,51.456705064764094,51.06526523931913,51.127539679873955,22878400
2016-10-20,50.93183135986328,51.17203429055158,50.406944228441446,51.15424110379281,49455600
2016-10-21,53.07584762573242,53.77866305187992,52.924610667390624,53.62742269983561,80032200
2016-10-24,54.26797103881836,54.26797103881836,53.31605771996155,53.32495261542714,54067000
2016-10-25,54.259071350097656,54.59713164717298,54.090037807857335,54.1345190686617,35137200
2016-10-26,53.93881607055664,54.44591005303664,53.796473959574605,54.098951369624395,29911600
2016-10-27,53.4672966003418,54.11673598462431,53.45840170455987,53.92101434039106,28479900
2016-10-28,53.26268768310547,53.84095440907984,53.004694944069485,53.387236604095996,33574700
2016-10-31,53.307159423828125,53.75197885851442,53.307159423828125,53.52067424570685,26434700
2016-11-01,53.200408935546875,53.396130592019276,52.71110818806917,53.3516493229219,24533000
2016-11-02,52.87123489379883,53.31605430001036,52.755580897947056,53.218193487651384,22147000
2016-11-03,52.67552185058594,53.058066873745474,52.586559312331616,52.960206045443734,21600400
2016-11-04,52.23070526123047,52.73779922347904,52.06167507171544,52.17732909280651,28697000
2016-11-07,53.751976013183594,53.84094193163327,53.1826077099168,53.1826077099168,31664800
2016-11-08,53.79646682739258,54.07225272189908,53.51178264317111,53.867636176596356,22935400
2016-11-09,53.52956771850586,53.90321779843732,52.66662034586718,53.3783307437094,49632500
2016-11-10,52.22180938720703,53.814263993657605,51.26989593948594,53.80536570328446,57822400
2016-11-11,52.506473541259766,52.59543604879758,51.60793660409807,51.80365819312381,38767800
2016-11-14,51.70581817626953,52.559874202859376,50.9585212740681,52.506494640665174,41328400
2016-11-15,52.72685623168945,53.28216107754324,52.234249959799,52.24320836320655,35904100
2016-11-16,53.42546081542969,53.43441580154248,52.67311556666101,52.78954746927516,27332500
2016-11-17,54.31216049194336,54.589812940960016,53.712077239184,54.10616161040073,32132700
2016-11-18,54.05241775512695,54.75998131092933,54.00763598681932,54.43754711250648,27686300
2016-11-21,54.50918960571289,54.60771152596042,54.11510192472279,54.18675547276798,19652600
2016-11-22,54.742061614990234,54.8674519184609,54.464412633485054,54.61667131151957,23206700
2016-11-23,54.09718322753906,54.72413458865039,53.96283455494168,54.643526068417685,21848900
2016-11-25,54.213619232177734,54.213619232177734,53.85536177232196,54.00762042401916,8409600
2016-11-28,54.2852897644043,54.652505740249815,53.92702877579062,54.04346410958456,20732600
2016-11-29,54.71519088745117,55.001798259238704,54.20467129291529,54.32110660540066,22366700
2016-11-30,53.97181701660156,54.79581602256112,53.93599364674886,54.50920856395703,34655400
2016-12-01,53.02241516113281,53.87328229300458,52.78954453558674,53.83745551728528,34542100
2016-12-02,53.06719970703125,53.26424356719738,52.66415700061396,52.91494102717892,25515700
2016-12-05,53.935970306396484,54.26735939638333,53.34484225175262,53.470232533551474,23552700
2016-12-06,53.69415283203125,54.150932272765,53.55980412889397,54.12406389878932,19907000
2016-12-07,54.965972900390625,54.97493130284392,53.55980437861648,53.74788983058206,30809000
2016-12-08,54.64353561401367,55.154058609089,54.49127694732556,54.90327460420672,21220800
2016-12-09,55.50336837768555,55.5212817672791,54.75102309790489,54.79580486357391,27349400
2016-12-12,55.68247985839844,55.798915149858885,55.27944066353237,55.369004169807326,20198100
2016-12-13,56.4079704284668,56.80205473625283,55.745192119161686,55.97805934271034,35718900
2016-12-14,56.13926696777344,56.82891695266875,56.00491828133615,56.42587430998591,30352700
2016-12-15,56.049705505371094,56.56022506590576,55.79892150928748,56.15718240847598,27669900
2016-12-16,55.798927307128906,56.3811004746442,55.63771022740558,56.3811004746442,42453100
2016-12-19,56.981170654296875,57.115519329053406,55.906391506130774,56.03178519699694,34338200
2016-12-20,56.9095344543457,57.1424016753745,56.45275158173946,57.043879745336696,26028400
2016-12-21,56.9095344543457,57.052838148047165,56.53336012298588,56.811012524307905,17096300
2016-12-22,56.918495178222656,57.41110146144037,56.793104860672315,57.17823421693687,22176600
2016-12-23,56.640846252441406,56.909540278551496,56.24675849195869,56.828931729055476,12403800
2016-12-27,56.67665481567383,57.38421818572968,56.613959673175614,56.613959673175614,11763200
2016-12-28,56.41691970825195,56.784135581493494,56.27361603617303,56.784135581493494,14653300
2016-12-29,56.33632278442383,56.60501679784401,56.184060679620224,56.30049600486654,10250600
2016-12-30,55.65561294555664,56.416916435321276,55.55709103610002,56.39004464943293,25579900
2017-01-03,56.049705505371094,56.28257269820321,55.646662847941315,56.23779093996194,20694100
2017-01-04,55.798927307128906,56.20197000643723,55.63771022740558,55.960144386852235,21340000
2017-01-05,55.798927307128906,56.121361466575564,55.55710168754392,55.7004053787836,24876000
2017-01-06,56.28257751464844,56.5602299061114,55.5660590715837,55.7989262843437,19922900
2017-01-09,56.10344314575195,56.49753082448694,56.0138796278372,56.21092005057549,20382700
2017-01-10,56.08552932739258,56.48857198816686,55.781008585544136,56.18405124631842,18593000
2017-01-11,56.59605407714844,56.631880853972646,55.91536240063597,56.076579479715406,21517300
2017-01-12,56.076576232910156,56.78413965938796,55.48544811605473,56.47961890727279,20968200
2017-01-13,56.15719223022461,56.309450918200426,55.84371303445067,56.085538671203224,19422300
2017-01-17,56.00492477416992,56.15718686422636,55.55710032296657,56.139273476182694,20664000
2017-01-18,55.97805404663086,56.157184502905935,55.63770652137114,56.13031271365564,19670100
2017-01-19,55.798927307128906,56.407968849054924,55.70936378134017,55.74519055830747,18451700
2017-01-20,56.193016052246094,56.26466619086672,55.86162348415831,56.130317483087396,30213500
2017-01-23,56.390052795410156,56.53335647987688,56.04075027806185,56.15718558938773,23097600
2017-01-24,56.89161682128906,57.08866066666467,56.372138834982216,56.605009455267805,24672900
2017-01-25,57.034915924072266,57.411086780530525,56.82891710982669,57.27674151035073,23672700
2017-01-26,57.56333541870117,57.80516437952201,56.91847071748322,57.428993588530574,43554600
2017-01-27,58.915771484375,59.032210190817246,58.118644673264996,58.56646903156308,44818000
2017-01-30,58.333614349365234,58.924745943381026,58.038055385616616,58.835182413964496,31651400
2017-01-31,57.90371322631836,58.35153775732893,57.55441063879093,58.09179870935159,25270500
2017-02-01,56.94535827636719,57.876833945396314,56.846836351442846,57.64396331982434,39671500
2017-02-02,56.57814407348633,56.79310133066175,56.20197314421645,56.649797631421364,45827000
2017-02-03,57.034915924072266,57.05282931008871,56.488569608772295,56.87369886655329,30301800
2017-02-06,56.99909210205078,57.00805050383716,56.551267678349404,56.87370181007507,19796400
2017-02-07,56.81100845336914,57.124484193181445,56.63187799492097,57.08866083479526,20277200
2017-02-08,56.730411529541016,57.15136768056157,56.622934599125344,56.93641040310022,18096400
2017-02-09,57.37526321411133,57.71561415081051,56.71248497761792,56.89161543116154,22644400
2017-02-10,57.32152557373047,57.590222958160666,57.30361218699318,57.54543778300285,18170700
2017-02-13,57.966400146484375,58.09179045068031,57.43796372172231,57.53648565119899,22920100
2017-02-14,58.18265151977539,58.31781470002776,57.68705548374501,58.03848250227514,23108400
2017-02-15,58.1466178894043,58.18266186886182,57.81322311012299,58.1195866234827,17005200
2017-02-16,58.137596130371094,58.786373910292305,58.065515057357125,58.33583454920092,20546300
2017-02-17,58.22771453857422,58.290789779595116,57.93936959752357,58.09255134361924,21248800
2017-02-21,58.11056900024414,58.52506441695611,58.07452502383194,58.21870092948075,20655900
2017-02-22,57.99342727661133,58.020458538405016,57.71409507182974,57.96639601481763,19292700
2017-02-23,58.22771453857422,58.32683375656216,57.84025037953564,58.04749465373902,20273100
2017-02-24,58.22771453857422,58.389908997583056,57.79519368965542,58.14661387172696,21796800
2017-02-27,57.87629318237305,58.15562540484373,57.714098726654626,58.15562540484373,15871500
2017-02-28,57.65101623535156,57.84925121684772,57.45277781651288,57.741126169979395,23239800
2017-03-01,58.51604461669922,58.561094420451234,57.687047106391915,57.786166299203835,26937500
2017-03-02,57.67805862426758,58.34485504270065,57.56091741230496,58.29079251205867,24539600
2017-03-03,57.894309997558594,57.92134126025372,57.32662941956239,57.660031033734654,18135900
2017-03-06,57.91232681274414,58.173640468776924,57.497834860247316,57.64200731920634,18750300
2017-03-07,58.02946853637695,58.371875960890236,57.8402428379866,57.8402428379866,18521000
2017-03-08,58.561119079589844,58.642219759987924,57.89432258100113,57.903335295420206,21510900
2017-03-09,58.32683563232422,58.75033690726376,58.10156592504992,58.74133106874663,19846800
2017-03-10,58.507049560546875,58.804407228710154,58.34485509379291,58.66924402730085,19538200
2017-03-13,58.308799743652344,58.7413205288742,58.182649280188606,58.57912609375158,20100000
2017-03-14,58.03849411010742,58.16464460365738,57.804211675791954,58.14661917618665,14280200
2017-03-15,58.344844818115234,58.49802654454732,57.894305475890405,58.164631831099214,24833800
2017-03-16,58.2457275390625,58.353859459658956,57.939364076066745,58.34484674760466,20674300
2017-03-17,58.45297622680664,58.78637093735542,58.281769078350955,58.48902019883335,49219700
2017-03-20,58.507049560546875,58.73231927133372,58.31782382844825,58.48903100854577,14598100
2017-03-21,57.8582763671875,59.02066899370531,57.78618840398797,58.74133672966533,26640500
2017-03-22,58.59714126586914,58.69626046354863,57.777163300602005,57.777163300602005,20680000
2017-03-23,58.45297622680664,58.78637093735542,58.3628628593975,58.5160514591822,19269200
2017-03-24,58.55209732055664,58.97559853749529,58.35385890535539,58.89450475383202,22617100
2017-03-27,58.66021728515625,58.76834919536076,57.984408314417855,58.23670923021069,18614700
2017-03-28,58.831424713134766,58.99361914189563,58.25473493858156,58.53406711462578,20080400
2017-03-29,58.99361801147461,59.02064926996939,58.52505328195091,58.67824187122842,13618400
2017-03-30,59.20988082885742,59.45317592881843,58.89450465731995,58.94856717967353,15122800
2017-03-31,59.345035552978516,59.64239313292075,58.975590037047134,59.15580987701998,21040300
2017-04-03,59.06571960449219,59.417139795528776,58.741330678199056,59.29999514872602,20400900
2017-04-04,59.227909088134766,59.299990163161915,58.8224195270164,58.92153873919965,12997400
2017-04-05,59.07472229003906,59.786575347262634,58.96659723683605,59.7415255333232,21448600
2017-04-06,59.227909088134766,59.52525984999925,59.00263940129743,59.11076445118078,18103500
2017-04-07,59.18284606933594,59.43514699165221,58.966589118019776,59.336027790073025,14108500
2017-04-10,59.047691345214844,59.30900501634066,58.89450960256073,59.11977929752931,17952700
2017-04-11,59.00263595581055,59.11977371123895,58.43495197833205,59.110760999379885,18791500
2017-04-12,58.777374267578125,59.02967523643049,58.669242334633196,58.94857456805035,17108500
2017-04-13,58.525062561035156,59.34504753036722,58.525062561035156,58.831432913480604,17896500
2017-04-17,59.00263595581055,59.01164179298475,58.57912786933766,58.60615913023,16689300
2017-04-18,58.92155075073242,59.20989573367777,58.71430644641775,58.86748821476976,15155600
2017-04-19,58.60615158081055,59.24591654669491,58.470988419075205,59.155810063766005,26992800
2017-04-20,59.020668029785156,59.24593775508968,58.69627907537173,58.98462404877406,22299500
2017-04-21,59.83163833618164,60.1019578723394,58.97560928496657,59.17384773629398,32522600
2017-04-24,60.84983825683594,60.966982877519165,60.46237417430499,60.804788450536805,29770000
2017-04-25,61.20125961303711,61.30939152478387,60.91291472306354,61.18324106508821,30242700
2017-04-26,61.12016677856445,61.55268068285797,60.93094108610047,61.34543644216699,26190800
2017-04-27,61.51664733886719,61.61576655795015,60.89490763470267,61.40852228145723,34971000
2017-04-28,61.68783187866211,62.30056551968018,60.99400447434086,62.09332131922768,39548800
2017-05-01,62.543880462646484,62.67003093994138,61.72389548554427,61.8860899384499,31954400
2017-05-02,62.444766998291016,62.814205751619504,62.29157836916843,62.814205751619504,23906100
2017-05-03,62.24650573730469,62.516825168172254,61.913104210416144,62.516825168172254,28928000
2017-05-04,62.00323486328125,62.24653000807805,61.85005310526029,62.20147331469013,21749400
2017-05-05,62.17441940307617,62.20145065938899,61.71486742170722,62.084312923805555,19128800
2017-05-08,62.12036895751953,62.21948816637653,61.65180417479828,62.14740021908325,18566100
2017-05-09,62.210472106933594,62.42672906249224,61.88608323625329,62.048277671593446,22858400
2017-05-10,62.45379638671875,62.679066183958035,62.102376053000555,62.16545132124001,17977800
2017-05-11,61.68783187866211,61.931126917938094,61.38146849549469,61.59772540565306,28789400
2017-05-12,61.61578369140625,61.82303490021511,61.30942011064007,61.82303490021511,18714100
2017-05-15,61.66082763671875,61.70588433030341,60.88589925492902,61.39951393823745,31530300
2017-05-16,62.902366638183594,62.929552837786986,61.7695622274463,61.83299899788401,34956000
2017-05-17,61.15333938598633,62.62145003027587,61.108024426852346,62.43113964727878,30548800
2017-05-18,61.36176681518555,61.74238755147407,60.84520812619641,61.08083344993804,25201300
2017-05-19,61.343624114990234,61.715180350953844,61.10799887139798,61.171435639201,26961100
2017-05-22,62.03237533569336,62.07769028401857,61.17144663023728,61.524881102084755,16237600
2017-05-23,62.24081802368164,62.30425480655742,61.96894214616217,62.277068601623625,15425800
2017-05-24,62.322364807128906,62.422052149021894,62.03236715273734,62.41299469182396,14593900
2017-05-25,63.09270477294922,63.32832321614432,62.44927241359188,62.50364483677652,21854100
2017-05-26,63.40080642700195,63.63643171753191,63.00205699904209,63.255811034892325,19827900
2017-05-30,63.808624267578125,63.808624267578125,63.22862192014603,63.246750666614105,17072800
2017-05-31,63.29206848144531,64.10768934622519,63.264882271634654,63.917378963458546,30436400
2017-06-01,63.52766036987305,63.98984643554493,62.93860078250118,63.65453389157304,21603600
2017-06-02,65.03204345703125,65.12266643530728,63.65454929651135,63.83580216715347,34770300
2017-06-05,65.50330352783203,66.05611282233725,65.07736781756489,65.22237015046085,33316800
2017-06-06,65.72077941894531,65.81140930551366,65.49421853070363,65.52141164512791,31511100
2017-06-07,65.60297393798828,65.94734401842305,65.20422453973434,65.82953483897984,22301800
2017-06-08,65.20423889160156,65.72079758299657,64.79643194569186,65.7117401231081,24588300
2017-06-09,63.727054595947266,65.32204539104532,62.15925000469392,65.28579481455553,49187400
2017-06-12,63.237701416015625,63.38270376607218,61.742397522997244,62.75739323111533,47761700
2017-06-13,64.02613067626953,64.18019047449377,63.40082019465208,63.45519261423898,25258600
2017-06-14,63.681739807128906,64.43392371448194,62.92049844119852,64.2617421183351,25510700
2017-06-15,63.34642028808594,63.62735355283973,62.34955384836018,62.77548247379402,26068700
2017-06-16,63.43706512451172,63.46425133188189,62.730196076521786,63.19238234408882,48345100
2017-06-19,64.2254867553711,64.2889235311377,63.754236209027816,63.89017413255338,23798300
2017-06-20,63.355499267578125,64.2254923745324,63.31924869052704,64.18017742469588,21512200
2017-06-21,63.681739807128906,63.99893062369043,63.38268464999369,63.6273673993026,19891100
2017-06-22,63.67268371582031,63.971738879377256,63.17424691974096,63.92643084324592,22965700
2017-06-23,64.53360748291016,64.56985805747534,63.364552381020836,63.51861213735529,27617300
2017-06-26,63.9173583984375,64.986726096177,63.83579979524651,64.70579279973273,19607000
2017-06-27,62.72114181518555,63.60019953703824,62.693955603432165,63.536762738249514,25215100
2017-06-28,63.25580596923828,63.29204962879533,62.34049799839856,62.721118650557266,25806200
2017-06-29,62.068626403808594,62.974870064777406,61.70612755660298,62.8751827089436,28918700
2017-06-30,62.46739196777344,62.87519895494439,62.295203415189505,62.33145400068571,24161100
2017-07-03,61.77862548828125,63.07455413247223,61.64268756340442,62.82987139896599,16165500
2017-07-05,62.60330581665039,62.92955404633541,61.82393581396834,61.86018638549885,21176300
2017-07-06,62.141117095947266,62.33142740302522,61.73331028279298,61.869241277784894,21117600
2017-07-07,62.94769287109375,63.29206302248007,62.25894565422969,62.25894565422969,16878300
2017-07-10,63.418941497802734,63.66362427130727,62.71206555570819,62.94769086973971,15014500
2017-07-11,63.42798614501953,64.05329642690769,63.21048962205009,63.437050516752784,17460000
2017-07-12,64.479248046875,64.59705725233933,63.93550314721355,64.06237672666484,17750900
2017-07-13,65.04110717773438,65.28579684813963,64.6242359062525,64.79642442141984,20269800
2017-07-14,65.9564208984375,66.40047841264717,65.21330127882297,65.46704842979993,25868100
2017-07-17,66.47295379638672,66.56357675600827,65.90202292809123,65.9745240614239,21803900
2017-07-18,66.42765045166016,66.50920904683656,65.84765517233086,66.23733323473697,26435300
2017-07-19,66.9351806640625,67.09830485641241,66.56361731489605,66.60893227936268,22416200
2017-07-20,67.26139831542969,67.33389945981168,66.4095271541656,67.2251477432387,42361000
2017-07-21,66.87171936035156,67.32484118262192,66.30984581166379,66.56359292588076,46717100
2017-07-24,66.69955444335938,66.83549242093237,66.27361867354062,66.63611764237102,21394800
2017-07-25,67.23422241210938,67.34296723124756,66.60891204570191,66.88078792172882,22018700
2017-07-26,67.10733795166016,67.40639306982698,66.88983452051569,67.37014249796957,16252200
2017-07-27,66.30078887939453,67.44265090243039,65.5395406166136,66.84453368761498,36844200
2017-07-28,66.19203186035156,66.43671458455783,65.73891007071123,65.85671924694537,18306700
2017-07-31,65.88389587402344,66.5545210033826,65.62109135862102,66.42764747384737,23600100
2017-08-01,65.77516174316406,66.53640304372271,65.69359622433853,66.24640537006847,22132300
2017-08-02,65.48517608642578,65.7570450661906,64.74205647918934,65.74798760672894,26499200
2017-08-03,65.38550567626953,65.64831726472855,65.11362971190697,65.42175626579073,18214400
2017-08-04,65.86578369140625,66.19203193343469,65.46703430357375,65.61203659518186,22579000
2017-08-07,65.6120376586914,66.06515945617672,65.48516410852271,65.97453647949764,18705700
2017-08-08,65.96546936035156,66.27358885104621,65.02297523114319,65.33109472183784,22044600
2017-08-09,65.67547607421875,65.71172664861383,65.29485541420551,65.47610137209084,22213400
2017-08-10,64.71484375,65.42171248741434,64.66046444506081,65.15890107482134,24734500
2017-08-11,65.70267486572266,65.88392085833635,64.59705633414139,64.89611844463627,21443700
2017-08-14,66.69046020507812,66.8082762927956,66.11046488029719,66.2101522249398,20096600
2017-08-15,66.70869445800781,67.04578665702347,66.54470121626878,67.04578665702347,19181400
2017-08-16,67.10041809082031,67.51039748988433,66.66310070768456,66.81798119613772,18150400
2017-08-17,65.96161651611328,67.30089351548709,65.96161651611328,67.03668179205917,22977500
2017-08-18,66.04361724853516,66.36249110622053,65.53341907623854,65.84318026629612,18761500
2017-08-21,65.73385620117188,66.03451167518308,65.32386956817602,66.0253990075355,17734800
2017-08-22,66.6540298461914,66.7269103223817,65.91605681074577,65.91605681074577,14343700
2017-08-23,66.25315856933594,66.64491981693564,66.08005266081369,66.47181390841338,13766500
2017-08-24,66.225830078125,66.38071065966356,65.66096290019073,66.27137951043908,17098300
2017-08-25,66.34426879882812,66.82713589061723,66.03450762708734,66.38071251625558,12794300
2017-08-28,66.3533935546875,66.59026733472886,66.09829443714779,66.56293627941099,14569700
2017-08-29,66.55381774902344,66.65403623318191,65.64274567553059,65.82495730985785,11478400
2017-08-30,67.42845916748047,67.61067083710515,66.35339363446369,66.51738691749776,16897800
2017-08-31,68.12084197998047,68.29394786292752,67.23710808775415,67.4466507293909,27652800
2017-09-01,67.36467742919922,68.0935309833365,67.09135300206717,68.06619993080908,21736200
2017-09-05,67.06400299072266,67.31910201010133,66.49003019712065,66.81800968565967,21556000
2017-09-06,66.8727035522461,67.45578922755755,66.82714716004726,67.18246477622363,16535800
2017-09-07,67.72907257080078,67.96595317909778,67.05488140202965,67.12776881241734,17471200
2017-09-08,67.40111541748047,67.8202077394271,67.27355893165222,67.71998925473027,14703800
2017-09-11,68.11175537109375,68.27574863490497,67.70176873610126,67.70176873610126,17910400
2017-09-12,68.03884887695312,68.54904690995959,67.75641881595696,68.11173629621888,14394900
2017-09-13,68.5217056274414,68.53993095499818,67.92040188565872,68.26660664905324,13380800
2017-09-14,68.12084197998047,68.7768148512252,67.89307400807199,68.3303915725441,15733900
2017-09-15,68.61282348632812,68.68571090752964,67.4830962614129,68.17551286097316,38578400
2017-09-18,68.47618103027344,69.21414719251176,68.36684987808214,68.53995579798628,23307000
2017-09-19,68.73129272460938,68.97727917355829,68.3395313792984,68.52174304882134,16093300
2017-09-20,68.27577209472656,68.83152684910586,67.70179199870104,68.64930818729965,21587900
2017-09-21,67.61065673828125,68.54905984792985,67.51955092246716,68.43062298246437,19186100
2017-09-22,67.79286193847656,67.88396773630629,67.2826569589618,67.41020646610879,14111400
2017-09-25,66.7451400756836,67.64709945549703,66.43537196537784,67.50132459160535,24149200
2017-09-26,66.7451400756836,67.24622553072301,66.49914673059843,67.11867600028185,18019600
2017-09-27,67.28266143798828,67.5742041810076,66.66313224020632,67.00934402630428,19565100
2017-09-28,67.30089569091797,67.39200150688988,66.7906906098045,67.00024024237528,10883800
2017-09-29,67.86575317382812,67.91130955543441,67.30999868268538,67.36466773079852,17079100
2017-10-02,67.9750747680664,68.33950491692754,67.69264470438934,68.06618056754995,15304800
2017-10-03,67.65624237060547,68.22110284340856,67.59246757687185,68.02977846220772,12190400
2017-10-04,68.04795837402344,68.07528941724394,67.1551049069033,67.50130970590722,13317700
2017-10-05,69.21415710449219,69.35081932657027,68.29397222349105,68.53085294503111,21195300
2017-10-06,69.24148559570312,69.26881664892119,68.82239322752483,68.94083010844616,13959800
2017-10-09,69.50568389892578,69.74256456581541,69.11392265984699,69.21414113618769,11386500
2017-10-10,69.50568389892578,69.81544504330412,69.36902170837685,69.54212761313401,13944500
2017-10-11,69.6241226196289,69.66056633481215,69.19591765488569,69.56946052231801,15388900
2017-10-12,70.26187896728516,70.41675954749397,69.57857493008711,69.68789912744481,16876500
2017-10-13,70.59896850585938,70.9451803202011,70.4167568832053,70.6900743171864,15335700
2017-10-16,70.74475860595703,70.89052654529893,70.47143416216312,70.53520893892446,12380100
2017-10-17,70.69007873535156,70.71741673629337,70.38031756729384,70.58075453529744,16824000
2017-10-18,70.70829772949219,70.92695306092372,70.48964239806065,70.76295982461815,13300700
2017-10-19,70.98165130615234,70.99986969504614,70.47144605502935,70.67188308751368,15092800
2017-10-20,71.80159759521484,71.94737248312798,71.26406833562595,71.35517416510704,22866400
2017-10-23,71.81983184814453,72.28447372146242,71.75605706449717,71.9655998032256,20627200
2017-10-24,71.84712219238281,72.15688326573213,71.48269208479303,71.88356589823441,17517200
2017-10-25,71.6375961303711,72.06580112599124,71.07273588161979,71.59204669630353,20410800
2017-10-26,71.75604248046875,72.35734646822782,71.74692981296263,72.15690948866524,32120700
2017-10-27,76.35694122314453,78.53440272218766,76.17472960559783,76.86714626394509,71066700
2017-10-30,76.42985534667969,76.83072938641672,75.71922005873137,76.25674938389686,31756700
2017-10-31,75.78296661376953,76.85803181457851,75.71919185401508,76.85803181457851,27086600
2017-11-01,75.78296661376953,76.31139002369356,75.50964224286332,76.23850259799491,22307400
2017-11-02,76.57560729980469,76.94914321956327,75.7283100294645,75.93785270493375,23992900
2017-11-03,76.65760040283203,77.02203060670391,75.98340904377228,76.60293830507605,17633500
2017-11-06,76.9582748413086,77.16781756838908,76.6029572163202,76.71228143882142,19860900
2017-11-07,76.77603912353516,77.3500189675798,76.46627796084859,77.23157515167057,17939700
2017-11-08,77.04025268554688,77.08580906981476,76.37517396117713,76.65760408103866,18034200
2017-11-09,76.61207580566406,76.77606911789776,75.52790436177605,76.6303011464294,21178400
2017-11-10,76.41162872314453,76.62117143883665,75.82854306506222,76.3387412781519,19397800
2017-11-13,76.4662857055664,76.47539837331196,76.03808068360081,76.22029928386748,14196900
2017-11-14,76.57560729980469,76.62115673098461,75.6007605006759,76.07451490032952,18801300
2017-11-15,75.98043060302734,76.63053947243702,75.71489199678916,76.42909591006075,19383100
2017-11-16,76.18185424804688,76.38329777622903,75.94379097459039,76.09029091319171,20962800
2017-11-17,75.44937896728516,76.10864649097175,75.3028719683156,76.10864649097175,22079000
2017-11-20,75.56836700439453,75.62330360434899,75.31198689016149,75.44933537588182,16315000
2017-11-21,76.65802001953125,76.76789326321833,75.76068227634396,75.76068227634396,21237500
2017-11-22,76.09947967529297,76.82284218489627,76.03538461676293,76.75874712636623,20553100
2017-11-24,76.2367935180664,76.39245187708407,75.79727975549588,76.00788170098127,7425600
2017-11-27,76.79537200927734,76.89609381107245,76.27345312081059,76.28260456763758,18265200
2017-11-28,77.72016906738281,77.88498592180228,76.93271153913831,76.97849671541371,21926000
2017-11-29,76.31005859375,77.75678330702189,76.16355862773445,77.56449817209375,27381100
2017-11-30,77.0700454711914,77.39052068685218,76.31005639845601,76.46572177677903,33054600
2017-12-01,77.1524658203125,77.65606778980457,76.20019151395077,76.54813507391819,29532100
2017-12-04,74.24071502685547,77.30813333520541,73.89276444006983,77.29897490243808,39094900
2017-12-05,74.7076644897461,75.7057237413141,74.149126029054,74.47875265054108,26152300
2017-12-06,75.79729461669922,76.1269282567982,74.56117195924585,74.67105216789072,26162100
2017-12-07,75.53179168701172,75.81564728026429,75.08312618171685,75.57757687536053,23184500
2017-12-08,77.06090545654297,77.445475772378,76.30091627108075,76.57560635989002,24489100
2017-12-11,78.0406265258789,78.16881659570267,77.0242574109656,77.17991578348948,22857900
2017-12-12,78.36112976074219,78.79148528604273,77.90330592290542,78.11390097624141,23924100
2017-12-13,78.15052032470703,78.7456926547299,77.98570347925204,78.5076223255534,22062700
2017-12-14,77.54621124267578,78.62667588187439,77.39970424747148,78.2237886309006,19306000
2017-12-15,79.52397918701172,79.74373261773887,77.7201526029472,78.06810310292042,53936700
2017-12-18,79.09362030029297,80.11914790842147,78.95627877826105,79.77120440954846,22283800
2017-12-19,78.59004974365234,79.06618351008942,78.07728224229155,79.06618351008942,23524800
2017-12-20,78.3061752319336,79.02038618748293,77.56450295351422,78.92881584401295,23674900
2017-12-21,78.28785705566406,78.837244129063,78.19629370773686,78.79146594801722,17990700
2017-12-22,78.29703521728516,78.40690846815193,77.75679945245302,78.19631341343234,14145800
2017-12-26,78.19630432128906,78.31533599116699,77.85751220355503,78.11389240688388,9891200
2017-12-27,78.48015594482422,78.72738471200246,78.0314905712152,78.425219323601,14678000
2017-12-28,78.48929595947266,78.68158107447114,78.33363757864083,78.65411277030496,10594300
2017-12-29,78.32449340820312,78.79147562155148,78.2878666673683,78.4068983357041,18717400
2018-01-02,78.69990539550781,79.02953907768298,78.28786678570712,78.8647222365954,22483800
2018-01-03,79.06615447998047,79.21266142253118,78.7182109701758,78.80061588598394,26061400
2018-01-04,79.76206970214844,80.26567871883219,79.26761911826912,79.28592899804063,21912000
2018-01-05,80.75096893310547,80.95241253494737,80.05507475924358,80.26567679367027,23407100
2018-01-08,80.8333740234375,81.10807111480854,80.21073333738873,80.76012053429359,22113000
2018-01-09,80.7784423828125,81.24542467261705,80.44880864716666,81.17217117895406,19484300
2018-01-10,80.41217803955078,80.75097019209767,80.03676612776825,80.44880478462373,18652200
2018-01-11,80.65022277832031,80.6960009557462,79.88107534771325,80.6960009557462,17808900
2018-01-12,82.04200744628906,82.2068242613455,80.98901151597495,81.19045506613674,24271500
2018-01-16,80.89747619628906,83.13165891085207,80.58615931879767,82.49985973662352,36599700
2018-01-17,82.5364761352539,82.66466624354001,81.26372649881547,81.56589189084856,25621200
2018-01-18,82.49983978271484,83.02175858732727,82.09695962610064,82.22514971945554,24159700
2018-01-19,82.40827178955078,82.96681730165793,82.0969550048803,82.53646187568988,36875000
2018-01-22,83.88246154785156,83.89161997817749,82.17019834034734,82.4082686279732,23601600
2018-01-23,84.14800262451172,84.51426300417002,83.81836898140281,84.14800262451172,23412800
2018-01-24,84.07477569580078,85.54896912463217,83.85502219295871,84.74320162365268,33277500
2018-01-25,84.54173278808594,85.37496835518543,84.17547240202465,84.669922875332,26383200
2018-01-26,86.12581634521484,86.12581634521484,84.77066172550174,85.26511229837129,29172200
2018-01-29,85.99761199951172,87.39855156453403,85.81448529283227,87.11470307343008,31569900
2018-01-30,84.91715240478516,85.75955346571327,84.33113852769213,85.4299197866189,38635100
2018-01-31,86.99568176269531,87.3527837732905,85.6222103416871,85.84196381301408,48756300
2018-02-01,86.30894470214844,87.96626462210679,85.68630405493057,86.79423681224651,47227900
2018-02-02,84.03815460205078,86.04342553468979,83.78177433384529,85.74126008180258,47867800
2018-02-05,80.57698059082031,85.37497156996687,80.57698059082031,82.92103597254027,51031500
2018-02-06,83.62609100341797,83.76343953076176,78.05895231699519,79.56061371472502,67998600
2018-02-07,82.0511703491211,84.02896525177215,81.67575153320365,82.8569376078551,41107600
2018-02-08,77.83920288085938,82.29840213306117,77.61029098542112,82.14274372076396,55628700
2018-02-09,80.74178314208984,81.42851865067448,76.75871858946599,79.02036864880493,63499100
2018-02-12,81.61167907714844,82.20685149456543,80.51290460333072,81.25457702386579,35720300
2018-02-13,82.25264739990234,82.40830585658573,80.39388339664909,81.42856294416876,26407700
2018-02-14,83.54054260253906,83.70613365602746,81.33267124756276,81.42466471757812,34960900
2018-02-15,85.24244689941406,85.29764157349558,83.36575077547785,83.90851712034964,27823900
2018-02-16,84.63528442382812,86.01520753943402,84.45129748254143,85.04925855104912,30596900
2018-02-20,85.2976303100586,85.61040944675356,83.7245191386006,84.15689607821457,30911700
2018-02-21,84.16609191894531,85.88639825551188,84.16609191894531,85.53682032888707,26922500
2018-02-22,84.38688659667969,85.3068351795694,84.04650309429624,84.68126986245836,24392800
2018-02-23,86.5303726196289,86.53957407186662,84.96646263449422,86.10719705916483,26329200
2018-02-26,87.78150939941406,87.80910673935696,86.7051710297284,86.84316474809499,30199800
2018-02-27,86.65914916992188,88.1678642054883,86.65914916992188,88.07587075573919,25869100
2018-02-28,86.26359558105469,88.04829849267735,86.13480331100483,87.24794051280843,31167300
2018-03-01,85.41724395751953,86.99955700318941,84.48809371211529,86.46598501920263,37135600
2018-03-02,85.60124206542969,85.69323554537242,83.58655186701644,84.24891615244834,32830400
2018-03-05,86.14398956298828,86.72355467594095,84.87446297424151,84.94805353081806,23901600
2018-03-06,85.84963989257812,86.92597853174875,85.5000618013567,86.78798477883241,22175800
2018-03-07,86.34638214111328,86.41997971868963,85.03085527120403,85.70242088394846,26716100
2018-03-08,86.87075805664062,87.4871220156022,86.26358853146529,86.72356289223991,25887800
2018-03-09,88.81185913085938,88.81185913085938,87.39513711848977,87.6619231161424,36937300
2018-03-12,89.02342987060547,89.42820953211465,88.35187127072128,88.77504681745752,26073700
2018-03-13,86.85237121582031,89.45582103477052,86.44759149021354,89.23503528382705,35387800
2018-03-14,86.33717346191406,87.77229802991253,86.01519286028486,87.50551209751956,32132000
2018-03-15,86.64079284667969,87.00877383234258,85.39886316138926,86.04282462230918,27611000
2018-03-16,87.02714538574219,87.74470424685718,86.40157999065319,87.10074296602362,49081300
2018-03-19,85.45404052734375,86.3831907485651,84.73648161104192,86.23599557668159,33344100
2018-03-20,85.6748275756836,86.26359423491014,85.55523676068991,85.60123700726943,23075200
2018-03-21,85.07686614990234,86.52118545184291,84.82847604918616,85.49084029289305,24457100
2018-03-22,82.60218811035156,84.40528657812015,82.48259731548386,83.96370814868757,38604700
2018-03-23,80.20112609863281,83.21855664211645,80.10913263448298,82.3354067527055,44068900
2018-03-26,86.27279663085938,86.47518648817777,83.1633722391695,83.35656064334098,56396800
2018-03-27,82.30783081054688,87.52393949075633,81.42468069156854,87.33995251463082,56569000
2018-03-28,82.23423767089844,83.92694742136574,81.75586729584568,82.62981600780219,52501100
2018-03-29,83.96372985839844,84.90208163156933,81.3234811065896,82.96098896404732,45867500
2018-04-02,81.4338607788086,83.60494040408472,80.50471758883897,83.22776506388908,48515400
2018-04-03,82.5285873413086,82.84137351226889,80.85428118471145,82.40899655106978,37213800
2018-04-04,84.93887329101562,85.33445155065061,80.707110269423,80.8174996320592,35560000
2018-04-05,84.9848403930664,85.61960710769269,84.0832947883147,85.04004207606658,29771900
2018-04-06,83.0069808959961,85.05846272983517,82.31701931607986,84.16611129682583,38026000
2018-04-09,83.5037612915039,85.71164012733006,83.3657745669206,83.75215143306052,31533900
2018-04-10,85.44485473632812,85.81283571483505,84.30412001974473,84.99408172245018,26812000
2018-04-11,84.5064926147461,85.82201960609693,84.15691461696443,84.64448633077768,24872100
2018-04-12,86.08880615234375,86.62237811456508,85.03086368067098,85.03086368067098,26758900
2018-04-13,85.62882995605469,86.64077216103442,85.0400633270246,86.52118135217425,23346100
2018-04-16,86.63156127929688,87.08234116390595,85.9415998030005,86.53956781952091,20288100
2018-04-17,88.37947845458984,88.81185550143812,87.28473716734865,87.39513354696484,26771000
2018-04-18,88.71986389160156,88.97744843079862,87.87350566740112,88.51747403404606,21043300
2018-04-19,88.41629791259766,89.29944809998214,87.7079332604748,88.71988276350746,23552500
2018-04-20,87.39514923095703,88.41629311504259,86.52120054610883,88.2323061346493,31154400
2018-04-23,87.71711730957031,88.58187143378241,87.05475304580379,88.07589678266844,22331800
2018-04-24,85.66561889648438,88.74744540124568,85.01245621184819,88.53585412827712,34524800
2018-04-25,84.92047119140625,85.83122555371904,83.05297625678179,85.83122555371904,33729300
2018-04-26,86.71435546875,87.53310914678839,85.64721174265686,86.0611928165312,42529000
2018-04-27,88.14948272705078,90.06297767656801,86.39238438817834,89.78699026357268,48272800
2018-04-30,86.03359985351562,88.68305661739622,85.69322332440437,88.61866048875476,41523600
2018-05-01,87.39514923095703,87.66193526558469,85.3620629174016,85.74843978741954,31408900
2018-05-02,86.0244140625,87.55152541741505,85.73003072789876,87.38593435303609,27471000
2018-05-03,86.5395736694336,87.33073011055954,85.04925425317623,85.51843005399547,31142500
2018-05-04,87.54234313964844,87.73553157180943,85.48165249262458,85.84963346663979,22531300
2018-05-07,88.5174789428711,88.96825191146401,87.48713371029172,87.55152984866214,24242000
2018-05-08,88.14028930664062,88.46227699069303,87.45032772993197,88.17708809963668,23484600
2018-05-09,89.17984008789062,89.20743742926828,87.44113739457332,88.3242874119208,27327400
2018-05-10,90.07217407226562,90.10896584119159,89.28101768598701,89.65819297601226,22388100
2018-05-11,89.87898254394531,90.03537915252915,89.27182006946872,89.9709830261657,16778300
2018-05-14,90.18257141113281,90.78974093200358,89.52020721332894,90.08137649098768,19454100
2018-05-15,89.5294189453125,90.01699069727478,88.62786601286436,89.45582135518357,24594000
2018-05-16,89.7603988647461,89.99138290348755,89.27071383046595,89.9544246114001,17384700
2018-05-17,88.86418151855469,90.12073527942137,88.540805267392,89.40006619138063,17246700
2018-05-18,89.03050994873047,89.55715340223175,88.70713362624286,88.70713362624286,17865800
2018-05-21,90.17617797851562,90.5549952304034,89.43703319658043,89.62181762979566,19422500
2018-05-22,90.08377075195312,90.70280625406079,89.80658709924094,90.25007953376581,15441200
2018-05-23,91.15554809570312,91.22022334718686,88.99353374068117,89.35386829167254,21251200
2018-05-24,90.8321762084961,91.41426059410226,89.44627174611892,91.22023481525841,26649300
2018-05-25,90.87835693359375,91.45119986317951,90.41638887559422,90.82292302233722,18363900
2018-05-29,90.55499267578125,91.35881269157285,89.83432353786847,90.39791815799778,28671000
2018-05-30,91.42350006103516,91.70068378884302,90.46261244920458,90.83218135418171,22158500
2018-05-31,91.32186126708984,92.38438943073159,91.10935986380626,91.73763683498858,34140900
2018-06-01,93.12353515625,93.18821041155984,91.62675589884142,91.72838944991032,28655600
2018-06-04,93.93660736083984,94.11215752369439,93.17897983299517,93.55779712145498,27281600
2018-06-05,94.41703796386719,94.54638846168065,93.80723671782648,94.24148783866029,23514400
2018-06-06,94.6942367553711,94.79587032017722,94.1491176796611,94.68500246698879,21122900
2018-06-07,93.20667266845703,94.87900182862973,92.74470461132914,94.84204353817073,28232200
2018-06-08,93.89964294433594,94.19530227620982,92.89255576825987,93.40071650009727,22165100
2018-06-11,93.36375427246094,93.86267360895476,93.01265401090954,93.32679597918849,23490900
2018-06-12,93.6039810180664,93.7333315316089,93.08657896389641,93.40995524775266,18325200
2018-06-13,93.17897033691406,94.25073978121542,92.91102797583872,93.98279742014007,29492900
2018-06-14,93.70561218261719,94.26921385543073,93.3175606518822,93.91812062034776,25691800
2018-06-15,92.51371765136719,93.80722958015357,92.45828374197173,93.78875396004607,65738600
2018-06-18,93.18819427490234,93.41917829659324,91.85772405425942,92.40285001096787,23586000
2018-06-19,93.18819427490234,93.31754476312342,91.93164063297802,92.07023245580714,28653100
2018-06-20,94.1213607788086,94.72191352628637,93.4284087941138,93.65939278901207,26180800
2018-06-21,93.44691467285156,94.66651027889083,93.20668926662545,94.31541703061757,23198200
2018-06-22,92.7724609375,93.1050715693649,92.05178459607855,92.7724609375,38923100
2018-06-25,90.90608215332031,92.49525354515895,89.89899507888408,92.39361999923388,35433300
2018-06-26,91.54359436035156,92.46753049951762,91.23869374264916,91.30336899042786,26897200
2018-06-27,90.12073516845703,92.412092930223,89.99138466815123,92.00556580743628,31298400
2018-06-28,91.12779998779297,91.57129234429912,89.86201225079706,89.97288005311971,26650700
2018-06-29,91.10933685302734,92.31045656927783,90.85063588006824,91.40499611484815,28053200
2018-07-02,92.4028549194336,92.44904749678177,90.54574131264793,90.63813351641761,19564500
2018-07-03,91.51586151123047,92.97567500030348,91.4142279896462,92.83709024275409,14670300
2018-07-05,92.171875,92.31970112281573,91.49739848913366,91.9316496202166,18977400
2018-07-06,93.46538543701172,93.71484509890726,92.08871548169017,92.2919825649765,19234600
2018-07-09,94.10289001464844,94.47246586304709,93.54852976658697,93.91810561498562,18212000
2018-07-10,94.35234832763672,94.7126828093248,94.11212299015386,94.24147346824331,19293100
2018-07-11,94.2230224609375,94.55563302785202,93.4099540444876,93.4561536769038,19644600
2018-07-12,96.26490020751953,96.46816726827643,94.91595440776423,94.95290564692665,24335900
2018-07-13,97.41057586669922,97.56764329992804,96.17249792172078,96.4312059311872,24635200
2018-07-16,96.93014526367188,97.77092349798122,96.56980367859823,97.38287200522306,21786900
2018-07-17,97.89102935791016,98.39919704490751,96.38501601592206,96.6529583373322,25901700
2018-07-18,97.12417602539062,97.9834369746251,96.75460013502897,97.8818034285488,29493900
2018-07-19,96.45893096923828,97.29970916099111,95.98772158098339,96.94861597803883,40171600
2018-07-20,98.18670654296875,99.96990386656158,98.01116344104942,99.85903602304926,56004000
2018-07-23,99.75740051269531,99.9144679873102,98.05735410504354,98.21442862873279,29707000
2018-07-24,99.470947265625,100.54270929677494,99.1013714776495,100.31172531042424,26316600
2018-07-25,102.39983367919922,102.695492931983,99.41551714875793,99.74813468927375,30702100
2018-07-26,101.28186798095703,102.55689713743203,101.17099312206133,102.31667180102752,31372100
2018-07-27,99.48944854736328,101.79928900671972,98.06658597851087,101.79928900671972,37005300
2018-07-30,97.35517120361328,99.3508699611603,96.79156949243261,99.03673500034463,34668300
2018-07-31,98.01113891601562,98.60245743036576,97.36437944470768,98.38994903501833,27655200
2018-08-01,98.1959228515625,98.35299028922145,97.40133727989961,97.96493883768544,23628700
2018-08-02,99.3878173828125,99.86826110826921,96.86546843921167,97.38287750786564,26104300
2018-08-03,99.82207489013672,99.83131622652508,98.6948715192824,99.60033216033605,18659600
2018-08-06,99.90522003173828,100.17316237901555,99.37857667304128,99.89598574495463,20265900
2018-08-07,100.59815979003906,100.80142685940521,99.94216600649477,100.30250052070821,16080200
2018-08-08,101.16175842285156,101.4019837750111,100.48728903861699,101.01393231703456,15487500
2018-08-09,101.32808685302734,101.78082069089339,101.26341159748566,101.36504514891891,13677200
2018-08-10,100.70903778076172,101.34655596370116,100.13619484470937,101.09708926208432,18183700
2018-08-13,99.97914123535156,101.2449364414528,99.87750768344912,100.9307944494614,18472500
2018-08-14,101.22645568847656,101.40200583583237,99.82207565685319,100.30251941662388,16788300
2018-08-15,99.85374450683594,101.08730290076795,99.07464791867986,100.6235571218795,29982800
2018-08-16,99.83521270751953,100.9667537894869,99.51986890497811,100.447360667089,21384300
2018-08-17,99.77955627441406,100.07635332790036,98.95408924827402,99.57550697335473,18061500
2018-08-20,99.12105560302734,100.07637106714154,98.75933435110451,99.7146498152187,17914200
2018-08-21,98.29558563232422,99.5662448896544,98.17500716764842,99.16742312629798,22881900
2018-08-22,99.29727172851562,99.55696830525315,98.11008333417209,98.17500747835648,18000600
2018-08-23,99.76103210449219,100.33607966223269,99.12106746935414,99.38076408375242,18167700
2018-08-24,100.54010009765625,100.6884950876742,99.76100340241206,99.8630280538869,17234000
2018-08-27,101.65310668945312,101.69020721308804,100.64214395615645,101.347032676616,19662300
2018-08-28,102.26524353027344,102.48783957153609,101.829321270492,101.96844644985637,19151500
2018-08-29,103.89759826660156,103.90687516325414,102.27448808614069,102.44143684489319,20818000
2018-08-30,103.83268737792969,104.44483526345196,103.3596717313349,103.57299084814439,22798700
2018-08-31,104.18516540527344,104.60253392410416,103.43389216469598,103.59157116346009,23222700
2018-09-04,103.61012268066406,103.8419956632301,102.228161685907,102.81247905454074,22634600
2018-09-05,100.62357330322266,103.34112428756808,100.26185210361696,102.96085636735191,32872400
2018-09-06,100.85546112060547,101.08733408157187,99.7146501153235,100.40099209844769,23477600
2018-09-07,100.3638916015625,100.83691442339288,99.45495355701134,100.3824454011173,22498600
2018-09-10,101.44904327392578,101.69019310599833,100.50300481918016,100.9481968886368,20727900
2018-09-11,103.17417907714844,103.4987997705965,100.99457490548238,101.00385180420959,24301800
2018-09-12,103.61012268066406,103.7399709848049,102.49713519482782,103.35042607238239,18891100
2018-09-13,104.72308349609375,105.48362635078028,103.99036425815679,103.99036425815679,26055600
2018-09-14,105.14974212646484,105.4836397221847,104.28717451688864,105.14046522763917,19122300
2018-09-17,104.00892639160156,105.45581128660749,103.74922982851851,105.44654146378353,20736500
2018-09-18,105.00133514404297,105.4558040984605,103.61937448400592,104.05529671783911,22170900
2018-09-19,103.600830078125,105.10336932485845,102.98868917655264,104.85294965516994,21728400
2018-09-20,105.33525085449219,105.5485770970305,103.81416476156244,104.13878549916305,23714500
2018-09-21,105.97521209716797,106.93052749236345,105.27959326654593,105.73406225454947,71229700
2018-09-24,106.3554916381836,106.56881788302285,104.08313937426847,104.83440552884748,27334500
2018-09-25,106.15142059326172,106.75429160418047,105.50217924377999,106.47604834420258,22668000
2018-09-26,105.71549224853516,106.71717776609503,105.4928891769004,106.16996113644096,19352000
2018-09-27,106.11431884765625,106.57806465419013,105.91953938185652,106.45748621572368,19091300
2018-09-28,106.07723236083984,106.26272787750213,105.43726079881428,105.91028356536363,21647800
2018-10-01,107.22734069824219,107.29226484914663,106.41115036170034,106.42969708644372,18883100
2018-10-02,106.80067443847656,107.4406389222403,106.14215615738615,106.93979961362533,20787200
2018-10-03,106.8192138671875,107.7559824346234,106.59661784786606,107.05108678453897,16648000
2018-10-04,104.6117935180664,106.43895336608236,103.53589971014215,106.29982819075417,34821700
2018-10-05,103.99964141845703,104.96423363230741,102.61768077151183,104.46338726687355,29068900
2018-10-08,102.81246185302734,103.9069024306767,101.4119472913115,103.56373500266335,29640600
2018-10-09,104.1202163696289,104.88075925243162,102.76607938689236,103.08142315664477,26198600
2018-10-10,98.4625244140625,103.41532680340741,98.11934993015274,103.17417697481676,61376300
2018-10-11,98.23065185546875,101.03167374756669,96.64463478085602,97.7112516783709,63904300
2018-10-12,101.62528991699219,103.17419973311524,99.35293753171953,101.10589670349029,47742100
2018-10-15,99.79813385009766,101.54182327012013,99.1952626586261,101.01315313401169,32068100
2018-10-16,102.95155334472656,103.33182824464716,101.05019299752028,101.59741664537216,31610200
2018-10-17,102.68260955810547,103.7028490555921,101.60672282067242,103.58227767697473,26548200
2018-10-18,100.63285064697266,102.5156576881756,100.01143289886926,102.11683596938383,32506200
2018-10-19,100.78124237060547,102.82172109491002,100.36386689777082,101.03166199334669,32785500
2018-10-22,101.6809310913086,102.52495208900953,100.3917179589841,101.39341087618917,26545600
2018-10-23,100.26185607910156,101.0687764435557,97.4886577467644,99.95578210539132,43770400
2018-10-24,94.90095520019531,100.62357757668839,94.22388311185507,100.54938361489532,63897800
2018-10-25,100.44738006591797,101.34704130490347,98.45327097702855,98.82426916876177,61646800
2018-10-26,99.20451354980469,100.8647245782131,97.16403459571404,98.02660217860333,55523100
2018-10-29,96.32001495361328,100.81834843860372,94.26098217636726,100.27113171329619,55162000
2018-10-30,96.20872497558594,96.81158896863424,92.85120220121213,96.14380083435609,65350900
2018-10-31,99.06541442871094,100.29898043934676,97.74837753787675,97.79475496656613,51062400
2018-11-01,98.23994445800781,99.53843458754969,97.87822316797711,99.2880148776061,33384200
2018-11-02,98.4625244140625,99.5384111298819,97.36808390116677,98.75932148148168,37680200
2018-11-05,99.71463012695312,99.92794924560849,98.22136799156644,98.65729020299234,27922100
2018-11-06,99.90939331054688,100.94817934286148,98.57380318191481,99.59404249630914,24340200
2018-11-07,103.84197998046875,104.10167654952967,101.46760326196797,101.50470378271963,37901700
2018-11-08,103.6471939086914,104.07383922686732,102.86810430407449,103.69357132257569,25644100
2018-11-09,101.62528991699219,103.36897218817846,100.87402372229096,102.81247844854045,32039200
2018-11-12,99.12105560302734,101.98700199536991,98.40688292272758,101.48615555204573,33621800
2018-11-13,99.18595886230469,100.85543957895871,98.90770853809583,99.75172933231623,35374600
2018-11-14,97.7793960571289,100.84402689266916,97.31364681963227,100.69498372542094,39495100
2018-11-15,99.93114471435547,100.41552785002536,96.79199973323783,97.79801257892025,38505200
2018-11-16,100.87197875976562,101.4215594926208,99.48404791115941,99.74486636788863,33502100
2018-11-19,97.45338439941406,101.12348398712622,96.4566811989798,100.8533485450012,44773900
2018-11-20,94.74272918701172,95.91641950499898,92.54439174998134,94.82656776311053,64052500
2018-11-21,96.04684448242188,97.27642264802319,95.23643794565908,96.50327691709947,28130600
2018-11-23,96.00956726074219,96.69887428397637,95.01286397197369,95.17121703963531,13823100
2018-11-26,99.17665100097656,99.32568707232222,97.41611932341354,97.61173316461277,32336200
2018-11-27,99.80075073242188,99.97773772515438,98.14268450609534,98.99034446265533,29124500
2018-11-28,103.50811767578125,103.7037315113656,100.47143052315587,100.49937434155798,46788500
2018-11-29,102.641845703125,103.50813979254089,101.56130378223156,102.77225495471266,28123200
2018-11-30,103.29386901855469,103.36839060484463,101.86867743791525,103.11688202780849,33665600
2018-12-03,104.41165161132812,105.65054618143677,103.14482033324077,105.2593185614347,34732800
2018-12-04,101.08623504638672,104.9240122203262,100.79747272569772,104.27196597787652,45197000
2018-12-06,101.7103500366211,101.75692070971479,97.80736802873611,98.57119671383252,49107400
2018-12-07,97.63968658447266,101.95252270379027,97.15531042150945,100.95581944914147,45044900
2018-12-10,100.21992492675781,100.58321589710641,96.77338315704243,97.62105024323934,40801500
2018-12-11,101.15142059326172,103.34975766286827,100.080202983667,102.27854005327356,42381900
2018-12-12,101.60786437988281,103.64784138864907,101.57060358476228,103.29387449515909,36183000
2018-12-13,101.95250701904297,103.27524027769063,101.18867854053042,102.07360637123134,31333400
2018-12-14,98.76678466796875,101.77552794537948,98.27309160080141,100.83471247191235,47043100
2018-12-17,95.84187316894531,98.55253701926615,94.74270473412314,98.1892531990661,56957300
2018-12-18,96.84790802001953,97.35091810354068,95.49723082164701,96.64297719635128,49319200
2018-12-19,96.58708953857422,99.55856516091758,94.40737917704242,96.54982874275306,68198200
2018-12-20,94.55643463134766,97.16462671637441,92.01344006400622,95.99094347615934,70334200
2018-12-21,91.50110626220703,95.9443512463454,90.78384839445772,94.66819566647624,111242100
2018-12-24,87.68194580078125,91.25890351414245,87.54222671987462,90.98876811310777,43935200
2018-12-26,93.67149353027344,93.79259289219596,87.52360441553654,88.62277300777511,51634800
2018-12-27,94.24901580810547,94.25833278273342,89.79645424303467,92.49780123682501,49498500
2018-12-28,93.51313018798828,95.39476106416508,92.70272396625639,95.09667473332819,38196300
2018-12-31,94.61231231689453,95.38545785887824,93.55972145956619,94.35149384653143,33173800
2019-01-02,94.19313049316406,94.77997198732669,92.1624634871992,92.73067813841664,35329300
2019-01-03,90.72795867919922,93.32684044319628,90.54165470824236,93.24300187957324,42579100
2019-01-04,94.94762420654297,95.48789493870436,92.15312924169635,92.8890137685848,44060600
2019-01-07,95.06873321533203,96.19584553067855,94.06272025150858,94.67750555680239,35656100
2019-01-08,95.75807189941406,96.84792370348103,94.74273459229953,95.98162960381391,31514400
2019-01-09,97.12734985351562,97.69556453271322,96.167907492278,96.74543914679175,32280800
2019-01-10,96.50325775146484,96.64298396891861,95.36682827277113,96.14929082644984,30067600
2019-01-11,95.75807189941406,96.35423051566119,94.6775299657341,96.12135583410306,28314200
2019-01-14,95.05941009521484,95.82323846304656,94.32352554098685,94.91968392042777,28437100
2019-01-15,97.81668090820312,97.85394170917995,94.90108541601377,95.48793414793488,31587600
2019-01-16,98.16132354736328,98.98104689407475,97.7700958264895,98.04954825955396,29853900
2019-01-17,98.85061645507812,99.32567553993157,97.58377801526416,97.807335649711,28393000
2019-01-18,100.33171844482422,100.50870546197247,98.65502514379754,100.09884378300629,37427600
2019-01-22,98.44078826904297,99.76351478955688,97.67695957765606,99.43749164813042,32371300
2019-01-23,99.40023040771484,99.70762669975151,98.12407456629595,98.85064955841119,25874300
2019-01-24,98.92512512207031,99.67032666884388,98.12403594665774,99.53991746417381,23164800
2019-01-25,99.8287124633789,100.49007567756269,98.92515760096258,99.89391708712179,31225600
2019-01-28,97.88186645507812,99.18596580800073,97.49063878123226,98.98103499595679,29476700
2019-01-29,95.88846588134766,97.77940685736505,95.17120799658717,97.69556828983518,31490500
2019-01-30,99.09281158447266,99.09281158447266,97.18324385198478,97.45337927991883,49471900
2019-01-31,97.2763900756836,98.01227475436224,96.11201693349011,96.68954857045516,55636400
2019-02-01,95.73944854736328,96.96902671788389,95.33890376645577,96.67094737675077,35535700
2019-02-04,98.49667358398438,98.55256834031151,95.73012122262988,95.82327678091801,31315100
2019-02-05,99.87528991699219,99.92186058707432,98.7015995866497,98.79474803358492,27325400
2019-02-06,98.76678466796875,99.6703393486801,98.30103541867585,99.6703393486801,20609800
2019-02-07,98.05885314941406,98.35693241305287,97.14598851373218,97.98433866358202,29760700
2019-02-08,98.43143463134766,98.53390002431489,97.11802557741035,97.23911781147672,21461100
2019-02-11,98.04022979736328,99.27912466812353,97.77941132073386,98.92515064403747,18914100
2019-02-12,99.56787109375,99.8007457117271,98.25446194387918,98.86924723981868,25056600
2019-02-13,99.49336242675781,100.39691719889298,99.40021398882816,100.13609872998185,18394900
2019-02-14,99.57720947265625,99.94049338624748,98.42215310910387,99.02762156057535,21784700
2019-02-15,100.8067626953125,100.88128427641905,100.00567346533983,100.518000451986,26606900
2019-02-19,100.76020050048828,101.2166399252208,100.39691661991846,100.40623359568878,18038500
2019-02-20,100.23633575439453,100.97536324751083,99.43182517389431,100.90052339418028,21607700
2019-02-21,102.35050964355469,102.41599272737103,99.97439795817183,100.00246111736158,29063200
2019-02-22,103.80985260009766,104.02500824857779,102.73405294633407,102.94921573193517,27763200
2019-02-25,104.38984680175781,104.94178179394864,104.08114489937165,104.54888327300539,23750600
2019-02-26,105.11016845703125,105.93338542967308,103.99694883794052,104.08114545694866,21536700
2019-02-27,104.93244171142578,105.11018460554494,103.72567565913093,104.48341679813421,21487100
2019-02-28,104.80146026611328,105.59661408457713,104.52082152042553,104.81081703210592,29083900
2019-03-01,105.26919555664062,105.72757715712973,104.46468499579466,105.60596775127947,23501200
2019-03-04,105.0166244506836,105.94274445681275,103.6508292196596,105.72758165886286,26608000
2019-03-05,104.49275207519531,105.13823332865095,104.053083989651,105.00726715217029,19538300
2019-03-06,104.53952026367188,105.39080747866157,104.2401680079095,104.65178003600305,17687000
2019-03-07,103.26728057861328,104.35243706298319,102.78083579614767,104.21211411936689,25339000
2019-03-08,103.37952423095703,103.56661670183973,101.77986005241297,102.11663220969807,22818400
2019-03-11,105.54985046386719,105.66210311360568,103.81921978822255,103.82856941761963,26491600
2019-03-12,106.28886413574219,106.63498594344311,105.38145060408814,105.54047992855185,26132700
2019-03-13,107.11209869384766,107.57983711609154,106.43855422387696,106.7659696920233,35513800
2019-03-14,107.1962890625,107.76693051328365,106.95307021966781,107.14951950216549,30763400
2019-03-15,108.43113708496094,109.68467277658876,107.19630065494275,107.89790836993159,54681100
2019-03-18,109.9840087890625,110.021428718095,108.56208717143643,108.6743398214122,31207600
2019-03-19,110.058837890625,110.79786535826463,109.4414198276143,110.47044279551113,37588700
2019-03-20,109.93722534179688,111.0878648932349,109.17949145250918,109.81561593275109,28113300
2019-03-21,112.46302032470703,113.02430496873225,109.53497341755433,109.58175011169037,29854400
2019-03-22,109.49756622314453,111.87367109972185,109.48820945641481,111.78948161051984,33624500
2019-03-25,110.06819915771484,110.39561459673766,108.81465658630007,109.0391690106127,27067100
2019-03-26,110.30205535888672,111.05043239750712,109.31044525546203,110.96624292472451,26097700
2019-03-27,109.23562622070312,110.58271513881942,108.06628018403877,110.2740060722308,22733400
2019-03-28,109.38528442382812,109.99334567071618,108.6369002527166,109.86237951133973,18334800
2019-03-29,110.33013153076172,110.68561013075379,109.41336116419514,110.45174094038818,25399800
2019-04-01,111.34043884277344,111.42463546097007,110.47980195188099,111.27495575622991,22789100
2019-04-02,111.49947357177734,111.77076267954062,110.87269873936926,111.37785702929526,18142300
2019-04-03,112.22915649414062,112.65947497970495,111.4620657786352,112.12625347181852,22860700
2019-04-04,111.65851593017578,112.47238334842127,110.7417454888031,112.35076679174993,20112800
2019-04-05,112.15432739257812,112.47239325675201,111.66788253440468,111.68658893247492,15826200
2019-04-08,112.19172668457031,112.27591616608073,110.98496082307267,112.07946690543524,15116200
2019-04-09,111.58367919921875,111.82690518225999,110.92884824924857,110.97561781017669,17612000
2019-04-10,112.4349365234375,112.58460907037887,111.82687529689778,112.03268129392232,16477200
2019-04-11,112.56591033935547,113.05235507142122,112.18236147568463,112.7623595852159,14209100
2019-04-12,113.14590454101562,113.17397483732881,112.60333347668178,112.85590904653368,19745100
2019-04-15,113.23946380615234,113.73526534330581,112.79043182437641,113.13656079235206,15792600
2019-04-16,112.97752380371094,113.80074791035034,112.35075609497136,113.7913911444691,14071800
2019-04-17,113.91300201416016,113.98784186792793,112.76236959524611,113.41720047291092,19300900
2019-04-18,115.40975952148438,115.55007531249971,113.47332309714598,114.30589676373317,27991000
2019-04-22,115.77457427978516,115.99908664263555,114.66135495473974,114.7081316348466,15648700
2019-04-23,117.34622955322266,117.4771957537588,115.84011110993427,116.09268674321895,24025500
2019-04-24,116.9439468383789,117.72974385784991,116.4855581065665,117.67361753849369,31257000
2019-04-25,120.81683349609375,122.89359331427687,120.51748831671979,121.66812088379604,38033900
2019-04-26,121.50907135009766,122.0984262551426,120.69521116636285,121.33132848830684,23654900
2019-04-29,121.39681243896484,121.78034702832593,121.00391394731408,121.51841470055876,16324200
2019-04-30,122.17326354980469,122.2668026558876,121.04133045454007,121.43422895826848,24166500
2019-05-01,119.6287612915039,122.22002868522291,119.46037519514202,122.10777604572901,26821700
2019-05-02,118.0665283203125,119.74103268066072,117.42104703213937,119.72232628463793,27350200
2019-05-03,120.58295440673828,121.07875597125118,119.03942338880083,119.14232640827953,24911100
2019-05-06,119.88133239746094,120.26488126708642,117.9729662260117,118.23489855789215,24239800
2019-05-07,117.42105102539062,118.97394602159717,116.20493540314307,118.3004015479231,36017700
2019-05-08,117.41169738769531,118.2162080218855,116.7007330078506,117.34621429594131,28419000
2019-05-09,117.4023208618164,117.67360994974439,115.5968506220423,116.27039495936411,27235800
2019-05-10,118.9271469116211,119.67553110513674,115.83072140676329,116.85039469200035,30915100
2019-05-13,115.39102935791016,117.44908202062564,115.10103391545317,116.1019935240933,33944900
2019-05-14,116.68199920654297,117.75779158452546,115.71845231544138,115.87748876130944,25266300
2019-05-15,118.32515716552734,118.97302773764963,116.14681772871896,116.67262874004524,24722700
2019-05-16,121.05745697021484,121.47999118632816,118.73828253538441,119.01057583676587,30112200
2019-05-17,120.24999237060547,122.49405727210429,120.10914284499026,120.47532868826144,25770500
2019-05-20,118.51295471191406,119.79929734944015,118.08104336554746,118.79463228726247,23706900
2019-05-21,119.15141296386719,119.7429422152896,118.85095263819464,119.64904970668053,15293300
2019-05-22,119.8744125366211,120.40961496563558,118.7946306042322,118.88853029155848,15396500
2019-05-23,118.47538757324219,118.5786714923512,117.12331238748058,118.49416321147112,23603800
2019-05-24,118.53172302246094,119.63967194282175,118.27821250396839,119.16081794527584,14123400
2019-05-28,118.45660400390625,120.1842491468939,118.35332009171249,119.22653406346197,23128400
2019-05-29,117.31111145019531,117.73363138869334,116.46606440965887,117.7242399872595,22763100
2019-05-30,118.0528564453125,118.08102348175021,117.16085969806234,117.61155377168357,16829600
2019-05-31,116.1280517578125,117.01065728739485,115.79003292365503,116.64447141098105,26646800
2019-06-03,112.52251434326172,116.77591660188547,111.74319994644043,116.28766401514834,37983600
2019-06-04,115.63980102539062,115.7524691892667,113.28306069593012,113.87459004690082,29382600
2019-06-05,118.14676666259766,118.184325104657,116.62568199512563,117.3204952643727,24926100
2019-06-06,120.0152587890625,120.15610116107074,117.9308117412543,118.71952472637606,21459000
2019-06-07,123.37667083740234,124.17477531315937,120.42840075276679,121.30162212376659,33885600
2019-06-10,124.5033950805664,125.8930216590109,123.94002559702024,124.31559570133028,26477100
2019-06-11,124.03392791748047,126.04325810502874,123.26399056210855,125.70523927314767,23913700
2019-06-12,123.46113586425781,123.91182272452298,122.72876434367305,123.37662043720805,17092500
2019-06-13,124.24048614501953,124.87895815180465,123.52688292910639,123.92123581454668,17200800
2019-06-14,124.36255645751953,125.62073217713781,123.60201761696047,124.18415562784126,17821700
2019-06-17,124.7381362915039,125.56439342822556,124.43766873118197,124.53156842555303,14517800
2019-06-18,126.90704345703125,126.98216032278452,125.41413335876248,125.99627115950389,25934500
2019-06-19,127.40475463867188,127.63009104058865,125.63954307920078,126.75688382899001,23744400
2019-06-20,128.5878143310547,129.25446795304097,127.43292228457615,129.05728427335652,33042600
2019-06-21,128.60658264160156,129.32017171570158,128.12772851218912,128.2403967009723,36727900
2019-06-24,129.36708068847656,129.9492185826722,128.6347090386564,128.6347090386564,20628800
2019-06-25,125.28267669677734,129.18866802156035,124.625421985174,128.86943206550703,33327400
2019-06-26,125.75215911865234,127.45165163165001,125.44232169453613,126.14652631259585,23657700
2019-06-27,125.95873260498047,126.48455077814053,125.35781187702067,125.94934836740056,16557500
2019-06-28,125.78035736083984,126.38127814246269,125.02920280204088,126.35311110012736,30043000
2019-07-01,127.39531707763672,128.35303947390202,126.7286779898957,128.2873211524864,22613500
2019-07-02,128.24038696289062,128.24977120221527,127.07609656790167,127.80846839354673,15237800
2019-07-03,129.066650390625,129.32955234604637,127.96807839401461,128.44694678409658,13629300
2019-07-05,128.6910400390625,128.94455770473394,127.43286460171099,127.6394324289871,18141100
2019-07-08,128.5971221923828,128.72857311042412,127.10419794032215,128.0713041931421,16779700
2019-07-09,128.12767028808594,128.60652419989634,127.50796687721775,127.69575188221728,19953100
2019-07-10,129.4328155517578,130.11823737383,128.65349404903804,128.7567779669185,24204400
2019-07-11,129.94918823242188,130.71912530486543,129.45155156933563,129.76140324528905,22327900
2019-07-12,130.41868591308594,130.63465230545916,129.58303036260477,130.37175040151538,18936800
2019-07-15,130.41868591308594,131.01960659739734,130.0055645833737,130.925721247177,16651500
2019-07-16,128.70980834960938,130.55952002292622,128.184004603767,130.47501891957532,22726100
2019-07-17,127.94931030273438,129.50793923541355,127.90236045474984,129.29198712718318,20211000
2019-07-18,128.09014892578125,128.2779339956309,126.44700449220257,127.27327599203996,30381800
2019-07-19,128.27793884277344,132.0806475410193,128.11832081101576,131.65812753612153,48992400
2019-07-22,129.97740173339844,130.69100499753577,128.94457677137632,129.01969365850033,25074900
2019-07-23,130.78482055664062,131.44208938639764,129.60176245181052,131.22612307852955,18034600
2019-07-24,132.12753295898438,132.14631575564422,130.3717211388024,130.41865663983802,20738300
2019-07-25,131.62997436523438,132.0243273665108,130.81310131452497,131.8553107504869,18356900
2019-07-26,132.70973205566406,133.02896811106558,131.7332410841175,131.79895941219067,19037600
2019-07-29,132.4186553955078,132.8693424081042,130.86001216505483,132.85995816951657,16605900
2019-07-30,131.78018188476562,132.59705477251788,131.26376222644112,131.5829982599211,16846500
2019-07-31,127.94931030273438,131.9116367776502,126.83196982528001,131.7614029949325,38598800
2019-08-01,129.62998962402344,132.33414006352837,128.56898336714653,128.63471601145017,40557500
2019-08-02,128.54083251953125,129.87413943207872,127.00097206463354,129.6581729968018,30791600
2019-08-05,124.13719177246094,125.7521544557483,122.79450090039946,125.16063234092599,42749600
2019-08-06,126.46577453613281,127.39531555257098,125.07614796696842,125.63011888160464,32696700
2019-08-07,127.01973724365234,127.36714028172646,123.78039876190046,125.62071219973534,33414500
2019-08-08,130.4093017578125,130.50320143517087,127.63003463670812,128.25913668626657,27496500
2019-08-09,129.30133056640625,130.86935739641547,128.12765650259016,130.14637016152346,23466700
2019-08-12,127.49857330322266,129.4421847150664,126.98216810103708,128.7004289018172,20484300
2019-08-13,130.13699340820312,130.32477840379408,126.75680617925885,127.74269531495733,25154600
2019-08-14,126.21802520751953,128.9877021301417,125.92598698604934,128.46014735912595,32527300
2019-08-15,125.9354248046875,126.78329315827399,124.58827680230188,126.60429824891267,28074400
2019-08-16,128.2434844970703,128.5543680876593,126.91516762131468,127.06590167277426,24449100
2019-08-19,130.39138793945312,130.52327663422912,128.9594432713212,129.86383316034915,24355700
2019-08-20,129.30801391601562,130.67402153767446,129.28918294004671,130.20298839221715,21170800
2019-08-21,130.74937438964844,131.4088322941226,130.0051483436039,130.5232876793518,14970300
2019-08-22,129.7978515625,131.13558354961538,128.39416805587712,130.62687423752948,18697000
2019-08-23,125.66218566894531,130.3348394469583,125.1063701678189,129.24203941523453,38508600
2019-08-26,127.60284423828125,127.70647207929308,126.14263897849162,127.16950190298608,20312600
2019-08-27,127.87603759765625,128.79925820638564,126.85860464374024,128.48837471701248,23102100
2019-08-28,127.70647430419922,127.89488464347036,125.81292667612499,127.06587627571986,17393300
2019-08-29,130.1182098388672,130.41967799434562,128.97831751609732,129.29861665019854,20168700
2019-08-30,129.87326049804688,131.116780537289,128.37537853324508,131.08851969831468,23940100
2019-09-03,128.15867614746094,129.2514763606266,127.8383770978469,128.69566076721597,18869300
2019-09-04,129.65655517578125,129.71307683886516,128.5731705924535,129.3456716540326,17995900
2019-09-05,131.93638610839844,132.24726970746855,130.72111255068887,131.05084150040312,26101800
2019-09-06,131.04139709472656,132.05881580833838,130.19352900033334,131.9175116466666,20824500
2019-09-09,129.55291748046875,131.6537205890789,128.55432984251377,131.50298658246294,25773900
2019-09-10,128.19639587402344,128.95946734875338,126.71734474415543,128.87468482373725,28903400
2019-09-11,128.2340545654297,128.37537312914318,127.26372746871645,128.03622870093727,24726100
2019-09-12,129.55291748046875,130.40077111180779,128.9405659691363,129.86380097856934,27010000
2019-09-13,129.3645477294922,130.06166757283842,128.65799802353388,129.79789016593057,23363100
2019-09-16,128.431884765625,128.78044465424992,127.80070214645508,127.96085167297976,16731400
2019-09-17,129.43048095703125,129.5529541689385,128.52609103600494,129.02539937116904,17814200
2019-09-18,130.49502563476562,130.63632982739534,128.6203085553972,129.40222529579336,23982100
2019-09-19,132.8972625732422,134.12193691998064,131.95519653742065,132.17186770071928,35772100
2019-09-20,131.3616943359375,133.44365228863472,130.24063341919867,132.84073058233662,39167300
2019-09-23,131.0791015625,131.54071921440732,130.41965804176857,131.16388407771032,17139300
2019-09-24,129.42108154296875,132.53931890438977,128.95004836149025,132.22843527963894,29773200
2019-09-25,131.2863311767578,131.8515765819618,128.14924936492994,129.53408767037075,21382000
2019-09-26,131.4559326171875,132.05885450831983,130.41966825341197,131.3617346067307,17456600
2019-09-27,129.75074768066406,132.2283858897277,128.73331466372676,132.0305457024955,22477700
2019-09-30,130.97544860839844,131.1544434671942,129.79786598451886,130.05222785621746,17280900
2019-10-01,129.1290283203125,132.12479210777667,129.06307678264102,131.56897646793246,21466600
2019-10-02,126.84920501708984,128.4695599919467,125.84120168232033,128.35651665060894,30521700
2019-10-03,128.38478088378906,128.82755314879915,125.50206060506926,127.13183110990826,24132900
2019-10-04,130.1182098388672,130.2406830738794,128.51669979356828,128.82758343835812,22897700
2019-10-07,129.17608642578125,130.17467409436307,129.08188844984676,129.19493177088276,15303700
2019-10-08,127.8100814819336,129.77899580232818,127.76297531103535,129.13839787742444,25550500
2019-10-09,130.23126220703125,130.6646046941468,129.03483387341774,129.49645157688556,19749900
2019-10-10,131.04139709472656,131.5783672838668,130.2406351791531,130.46673621261547,17654600
2019-10-11,131.58778381347656,132.8595787777606,131.41821881812544,132.0022951907184,25446000
2019-10-14,131.46533203125,132.16245177137577,131.43707119717942,131.59722071517555,13304300
2019-10-15,133.3683319091797,133.57557326869113,131.7102860347615,131.94580260785128,19695700
2019-10-16,132.27548217773438,132.82188214829026,131.446459550024,132.63345746033028,20751600
2019-10-17,131.5972442626953,133.22701494314092,130.96606156419662,132.78424263042243,21460600
2019-10-18,129.4492950439453,131.88924258175905,128.64853317835568,131.66314156240998,32273500
2019-10-21,130.41017150878906,130.476123019598,129.072439698111,130.42901685113225,20078200
2019-10-22,128.46954345703125,131.89866332588625,128.36591561587957,130.9189209525508,27431000
2019-10-23,129.2891845703125,129.4870104440162,127.75361189682589,128.95004012631517,29844600
2019-10-24,131.83274841308594,132.2849361712969,130.6363202952217,131.31460911993295,37029300
2019-10-25,132.5769805908203,132.96323120692122,131.13562036467823,131.26750906593338,25959700
2019-10-28,135.83651733398438,137.23077117887058,135.19590489187667,136.03434317103782,35280100
2019-10-29,134.55532836914062,136.1285773302664,134.3857489640111,135.73291121801836,20589500
2019-10-30,136.232177734375,136.59958293417193,134.51761055213072,135.20532914709477,18496600
2019-10-31,135.06402587890625,136.53364684424642,134.70605049939348,136.5053860083583,24605100
2019-11-01,135.39373779296875,136.05318117218664,134.68718823492367,135.90244714985468,33128400
2019-11-04,136.17567443847656,136.59960136084538,135.80826918911828,136.43945182905225,16912000
2019-11-05,136.09088134765625,136.61843608778935,135.57274209402962,136.5713299056799,18250200
2019-11-06,135.71401977539062,136.14737644150603,134.90384247552896,136.00605792276184,16575800
2019-11-07,135.90245056152344,136.4865413190258,135.44084737187669,135.50678452405998,17786700
2019-11-08,137.50399780273438,137.53225864058572,135.43144052836647,135.63869625580327,16732700
2019-11-11,137.64527893066406,137.9373171227263,136.34522310815422,136.9198840061692,14362600
2019-11-12,138.5496826171875,139.02071571611077,137.5981865574973,137.80544227100668,18641600
2019-11-13,138.77574157714844,138.91706010346334,137.8054147372228,138.23877142655405,16919200
2019-11-14,139.48231506347656,139.81204397344354,138.48372722157296,138.5025725699454,19729800
2019-11-15,141.2816619873047,141.30050733528844,139.6801524036144,140.3019051391913,23485700
2019-11-18,141.6302032470703,141.82804343792287,140.34899287356916,141.3758557692715,21534000
2019-11-19,141.6773223876953,142.56286683531036,141.49832752597038,142.1389399587339,23935700
2019-11-20,141.43154907226562,142.58478171593035,140.33504484728581,142.0837888619762,25696800
2019-11-21,141.2992401123047,141.60173404483663,140.37287768540864,141.2236166291717,18576100
2019-11-22,141.40318298339844,142.0743322028531,140.67533419630763,141.85692376149487,15901800
2019-11-25,142.95346069335938,143.06690312574474,141.7151568529082,141.79078033326374,22420900
2019-11-26,143.70970153808594,144.07835704250238,143.03856649287692,143.0763710265862,24620100
2019-11-27,143.98377990722656,144.15392187524418,143.22755972740327,143.99322743088302,15184400
2019-11-29,143.09523010253906,143.96487830859544,143.00069716600424,143.77582685922684,11977300
2019-12-02,141.3653564453125,143.52057432263098,140.20267653289824,143.501664853897,27418400
2019-12-03,141.13851928710938,141.25194727879412,138.6240930309501,139.41813224384907,24066000
2019-12-04,141.6489715576172,141.96089852915804,141.03453629170258,141.92309400717485,17574700
2019-12-05,141.72462463378906,142.0932945621003,141.29925511673795,141.83806708238717,17869100
2019-12-06,143.44497680664062,143.55840479215541,142.045978765054,142.72657552554503,16403500
2019-12-09,143.07635498046875,143.87984186281386,142.65098551134082,142.80223247662772,16687400
2019-12-10,142.85891723632812,143.57731853881157,142.50915689774277,143.0101497469499,16476100
2019-12-11,143.3977508544922,143.55844535394203,142.1027329082931,143.24650388193757,18856600
2019-12-12,144.85342407226562,145.04247550608443,142.75491998236723,143.3504312777115,24612100
2019-12-13,146.07286071777344,146.413159167457,144.4659014257082,144.62659591254433,23845400
2019-12-16,147.0181121826172,147.367858109915,146.34697732625102,146.62109978370296,24144200
2019-12-17,146.22412109375,147.18830252692933,145.9972506319121,146.94252258734528,25425600
2019-12-18,145.92161560058594,146.97086796505727,145.74201163546948,145.85545406926653,24129200
2019-12-19,147.18829345703125,147.2450074630696,145.33555419211962,145.57187216641574,24958900
2019-12-20,148.79519653320312,149.81609152697337,147.73648260057158,148.73848254861016,53477500
2019-12-23,148.79519653320312,149.46633124915178,148.66285909458657,149.46633124915178,17718200
2019-12-24,148.76690673828125,149.07884821814415,148.521126795762,148.86142528073012,8989200
2019-12-26,149.98626708984375,150.04298108714522,148.7857679267206,148.93701486865942,14520600
2019-12-27,150.26040649414062,150.81811337522475,149.5609001937233,150.7235804290026,18412800
2019-12-30,148.96542358398438,150.31717015833533,148.1524890184627,150.28881314983983,16348400
2019-12-31,149.06932067871094,149.13549661064357,147.88773124019278,148.19022505982903,18369400
2020-01-02,151.82958984375,151.93357034468363,149.66492322721317,150.09029275877555,22622100
2020-01-03,149.93896484375,151.19617770421758,149.40961509696342,149.6553949248992,21116200
2020-01-06,150.32656860351562,150.3927445508696,147.94447970171677,148.48329153461876,20813700
2020-01-07,148.95590209960938,150.931516303683,148.71013667343422,150.60067989425875,21634100
2020-01-08,151.3285675048828,151.99971686703032,149.30568631614628,150.23204869357042,27746500
2020-01-09,153.2191162109375,153.34200617143892,152.21713032172246,152.9827982399451,21385000
2020-01-10,152.5101776123047,154.28729354820234,152.35893063399303,153.90919052612892,20725900
2020-01-13,154.3439483642578,154.3723053588524,152.43449566058825,152.90713146876487,21626500
2020-01-14,153.2569122314453,154.6464628468558,152.86934735532085,154.44794943449625,23477400
2020-01-15,154.24940490722656,154.96782051779877,153.67280310735038,153.7200551459834,21417900
2020-01-16,157.07582092285156,157.14199687545099,155.0529397493098,155.35543366341506,23865400
2020-01-17,157.95489501953125,158.3046409067749,156.37627870580366,158.2573744405716,34371700
2020-01-21,157.38771057128906,158.98522177316786,157.32153464046618,157.55785252420685,29517200
2020-01-22,156.63148498535156,158.32352905108053,156.61257551667737,158.23844365389584,24138800
2020-01-23,157.59571838378906,157.6713418599453,156.22507713475247,157.09472547499433,19680800
2020-01-24,156.0076446533203,158.3613765241698,155.44993777757642,158.3424670503659,24918100
2020-01-27,153.398681640625,154.43848622125867,151.4325148850545,152.3305200644923,32078100
2020-01-28,156.40467834472656,156.6882483457103,154.14547932010373,154.81661422070258,24899900
2020-01-29,158.8434600830078,159.51460937852576,156.62208010292088,158.65440861589227,34754500
2020-01-30,163.32403564453125,164.52453468683692,161.44293985569806,164.52453468683692,51597500
2020-01-31,160.91360473632812,162.9648426873359,160.29918387299614,162.7852531721158,36142700
2020-02-03,164.8365020751953,164.94993007628167,161.07430990386203,161.10266690413363,30107000
2020-02-04,170.26235961914062,170.75390501577263,166.66087620777762,167.44545356772943,36433300
2020-02-05,170.05441284179688,174.11908498739666,168.64596691048436,173.95839049164914,39186300
2020-02-06,173.5802459716797,173.75984990152529,170.20561909708994,171.06581980124434,27751400
2020-02-07,173.82601928710938,175.47079730341426,172.49318267512277,172.8429430262262,33529100
2020-02-10,178.372802734375,178.5051402220091,173.22107381930567,173.53301527380845,35844300
2020-02-11,174.34591674804688,180.2633124685266,173.45735903159144,180.2160459982191,53159900
2020-02-12,174.60113525390625,175.67874437299267,171.89765772024018,175.4235169852956,47062900
2020-02-13,173.65585327148438,176.03792733610268,172.86181415957822,173.0603275434798,35295800
2020-02-14,175.20614624023438,175.26286024443658,172.65390066150297,173.22106955093307,23149500
2020-02-18,176.98324584960938,177.42752477655208,175.34792957469273,175.4519100559709,27792200
2020-02-19,177.51402282714844,178.3670852904449,176.746263717562,178.25334748549824,29997500
2020-02-20,174.8031768798828,177.4856045751215,171.65631012999017,177.20124557370298,36862400
2020-02-21,169.2771759033203,173.93114068656777,168.00705551331956,173.61834725384844,48572600
2020-02-24,161.97872924804688,165.44787749750017,154.7181659403322,159.0214301307952,68311100
2020-02-25,159.30575561523438,165.72271383699095,158.90764439039998,165.1160881339019,68073300
2020-02-26,161.2962646484375,164.22512915124068,159.43847946980046,160.86026003967774,56206100
2020-02-27,149.93145751953125,158.31996665846233,149.74188971489195,154.80343832364952,93174900
2020-02-28,153.561767578125,155.17313038454182,144.0737575661736,144.4623810412788,97012700
2020-03-02,163.7796630859375,163.90288871666775,153.84615862334914,156.68972022036928,71030800
2020-03-03,155.931396484375,165.8743863348176,153.79872580292735,164.7369648639986,71677000
2020-03-04,161.65643310546875,161.79860535911507,156.98350737328664,159.7038570188698,49814400
2020-03-05,157.59963989257812,161.9597582663655,157.04988300701586,157.3911109200166,47817300
2020-03-06,153.14476013183594,154.60444876040788,147.86520701596388,154.1305218148439,72821100
2020-03-09,142.7657470703125,149.52394987677073,142.17808229169958,143.12593617364425,70419300
2020-03-10,152.5286102294922,152.63287471129829,144.6235141245197,149.91253931749316,65354400
2020-03-11,145.61875915527344,149.47651594433142,143.2680717176468,148.9362468910333,56371600
2020-03-12,131.80848693847656,145.46705743198055,131.35352137185342,137.72309715695567,93226400
2020-03-13,150.5476531982422,153.46704526627724,133.39148993976292,139.80846559682539,92727400
2020-03-16,128.3583526611328,141.56196287538836,127.9602558230332,132.6995245572196,87905900
2020-03-17,138.9269256591797,139.8084226699975,127.96025125728585,132.69951982237052,81059800
2020-03-18,133.07867431640625,138.38666164416284,127.97923045511283,130.80383086914023,81593200
2020-03-19,135.2681884765625,142.32020684342646,131.75164539050618,135.3250573763045,85922700
2020-03-20,130.18772888183594,139.42930369211481,128.7754214733434,138.38665869750938,84866200
2020-03-23,128.88916015625,133.2398202414943,125.6095939935449,129.8654484471508,78975200
2020-03-24,140.60459899902344,141.79890378670194,133.90328159423055,136.25395446330393,82516700
2020-03-25,139.2586212158203,146.2822184527528,136.9079488094602,141.14485470781415,75638200
2020-03-26,147.96945190429688,148.49077436791936,140.63305855292953,140.66149300884524,64568100
2020-03-27,141.89373779296875,146.8131022590908,141.41981080337092,143.83684134294063,57042300
2020-03-30,151.87460327148438,152.22531899610644,142.1875367282903,144.4908288761412,63420300
2020-03-31,149.4860382080078,156.18735745872982,148.39599759418257,151.08789907794045,77927200
2020-04-01,144.17803955078125,149.52393430986507,142.95531453413534,145.021628839362,57969900
2020-04-02,147.1637420654297,147.3722710107029,142.51926529474,143.94104566900393,49630700
2020-04-03,145.80828857421875,149.1731709979903,144.253809594689,147.0120664279878,41243300
2020-04-06,156.6517791748047,157.8176351324215,149.3627821810192,151.95990642835253,67111700
2020-04-07,154.9646453857422,161.13516930964738,154.74662856677125,160.74654572428523,62769000
2020-04-08,156.5190887451172,157.9787771039358,154.97408255990595,157.0309233879731,48318200
2020-04-09,156.52850341796875,158.642212362805,154.81289114908185,157.68488567514785,51385100
2020-04-13,156.87925720214844,156.936140571891,153.83665499194112,155.77975792648093,41905300
2020-04-14,164.64219665527344,164.6895922363069,159.23943306877445,160.18728683704097,52874300
2020-04-15,162.9171142578125,164.51898947901861,160.41478082759673,162.2725661589912,40940800
2020-04-16,167.80801391601562,168.0355040124014,163.883900147735,165.21090401533556,50479600
2020-04-17,169.2866668701172,170.6136561885665,166.69901600449276,170.13972936582047,52765600
2020-04-20,165.93125915527344,169.42884146949478,165.86491691998498,167.4193963415168,36669600
2020-04-21,159.06878662109375,164.613721103294,157.447950718237,164.4525877384879,56203700
2020-04-22,164.47158813476562,164.926553888929,161.9123858808334,162.45265500207105,34620200
2020-04-23,162.48110961914062,165.93129714778695,161.99770934930336,165.03083885859098,32790800
2020-04-24,165.44784545898438,165.4573187880793,161.80809117902592,163.087684835539,34277600
2020-04-27,164.9739532470703,167.67532784131654,164.26306291230537,167.38149548370984,33194400
2020-04-28,160.95506286621094,166.50948710621904,160.55696597758129,166.433657061275,34392700
2020-04-29,168.1776580810547,168.41462148214717,162.9170821472806,164.18720250599264,51286600
2020-04-30,169.86485290527344,170.9927865594313,167.04023871586077,170.61365089823016,53875900
2020-05-01,165.466796875,169.3245532026523,164.93598675176287,166.63265266160045,39370500
2020-05-04,169.51414489746094,169.6658049540385,164.73696882006053,165.39099015883954,30372900
2020-05-05,171.33401489257812,174.0733112718267,170.51886020205268,171.20131596449716,36839200
2020-05-06,173.02117919921875,174.59461955013938,172.15864346792125,172.58517466921734,32139300
2020-05-07,174.02597045898438,174.92642871255168,173.05915549446175,174.56623962588404,28316000
2020-05-08,175.0496368408203,175.35295700603842,173.79847731704947,175.3339958799369,30877800
2020-05-11,177.002197265625,177.7320341687052,173.3150471152791,173.59939164214202,30892700
2020-05-12,172.9927978515625,177.28657455794107,172.7937566459724,177.0590988944095,32038200
2020-05-13,170.376708984375,174.45248294032083,167.3340921291514,173.0307023368351,44711500
2020-05-14,171.1160125732422,171.26767262333027,166.51891673874835,168.28192504750183,41873900
2020-05-15,173.60887145996094,177.30549477035595,167.77008972494357,169.7226658562342,46610400
2020-05-18,175.26759338378906,176.49031802963836,174.36713545537643,176.06378684913727,35264500
2020-05-19,174.05438232421875,176.8695090149878,173.92168338263468,175.38137174005942,26799100
2020-05-20,176.4686279296875,176.6492240164961,174.83377793793983,175.6607026476636,31261300
2020-05-21,174.34901428222656,177.42861841763434,174.21594577347696,176.22148762180447,29119500
2020-05-22,174.42507934570312,175.32805988927586,173.5030993721259,174.1209289284326,20826900
2020-05-26,172.58108520507812,177.26701047752772,172.13435216853748,177.1149280601144,36073600
2020-05-27,172.80921936035156,172.98031573057037,167.85715639177917,171.27892425897863,39517100
2020-05-28,172.41946411132812,175.03332046336706,171.44997147045677,171.7921496094042,33810200
2020-05-29,174.17794799804688,175.14745550760477,171.47854971997998,173.68368727702386,42130400
2020-06-01,173.77871704101562,173.94029918509904,172.47654567180405,173.50306582205417,22622400
2020-06-02,175.7557373046875,175.84127822950188,172.3719831360549,175.12840818262552,30794600
2020-06-03,176.18350219726562,176.73479025045705,174.49162467347008,175.6702420116775,27311000
2020-06-04,173.8642578125,176.6396969090423,173.2749565224485,175.17594339707023,28761800
2020-06-05,177.93238830566406,178.43614872306114,172.99932449815253,173.5791261393768,39893600
2020-06-08,179.03497314453125,179.21556924712382,175.309040013136,176.73478039775375,33211600
2020-06-09,180.40365600585938,181.25909429194024,177.989394570547,178.69276493031884,29783900
2020-06-10,187.0951385498047,188.69197518428444,181.55375966025008,181.66782874345716,43872300
2020-06-11,177.0484161376953,186.0685895505903,176.85832035143625,183.56880167969496,52854700
2020-06-12,178.44566345214844,182.22862370226562,176.0123877928457,181.10703377682555,43373600
2020-06-15,179.58621215820312,181.3731442603551,174.90027249778666,175.44206065771127,32770200
2020-06-16,183.9869842529297,185.89747045267592,181.98144292740713,183.34064130507775,42556700
2020-06-17,184.62387084960938,186.60089915769962,184.10109650074745,185.37475436642524,25687800
2020-06-18,186.6008758544922,186.76245799607426,184.39572415045265,184.39572415045265,23061600
2020-06-19,185.48878479003906,189.42382696188116,184.7474010839948,188.75848446971048,44441100
2020-06-22,190.64048767089844,190.82106925250457,185.5648413739242,186.09711541174806,32818900
2020-06-23,191.91415405273438,193.85315449194295,191.45790671131317,192.085235928232,30917400
2020-06-24,188.0456085205078,193.18778123366354,186.82897814336556,191.619472943819,36740600
2020-06-25,190.42185974121094,190.6784970410009,185.79296114833386,188.00761269061277,27803900
2020-06-26,186.6103973388672,189.99415200060372,185.23218461473925,189.84206955429684,54675800
2020-06-29,188.61595153808594,188.70149248092682,183.96803843310832,186.0876350915484,26701600
2020-06-30,193.43495178222656,194.28089052562854,187.95061402599853,188.08368255293655,34310300
2020-07-01,194.56602478027344,196.1343478236479,191.78108566908128,193.083257178087,32061200
2020-07-02,196.04881286621094,197.72169095393087,194.85119610163304,195.4975248148834,29315800
2020-07-06,200.26898193359375,200.6777016892989,197.78819326414938,198.49156369076422,31897600
2020-07-07,197.94024658203125,204.04241234730003,197.69312352420133,200.03132911943715,33600700
2020-07-08,202.29351806640625,202.7022232789149,198.3584758537507,199.67016142576213,33600000
2020-07-09,203.70980834960938,205.66782297036744,201.0008956149056,205.62029538664976,33121700
2020-07-10,203.09193420410156,203.48164000033935,200.6301596435578,203.04440663081272,26177600
2020-07-13,196.8186798095703,205.11648332076217,196.27689159753407,203.86182504239108,38135600
2020-07-14,198.03529357910156,198.5105402500345,192.02816869688823,195.9251971998892,37591800
2020-07-15,197.7406463623047,200.86777786204274,194.87966636549174,199.18540043368412,32179400
2020-07-16,193.82461547851562,195.51649259722572,192.29432049997686,195.23134167200274,29940700
2020-07-17,192.8361358642578,194.88919090755047,191.4198952550157,194.3474171263726,31635300
2020-07-20,201.1244659423828,201.7898086092806,192.95971431200763,194.8512019324722,36884800
2020-07-21,198.41554260253906,203.34860679664743,197.731186037843,203.0824697440858,37990400
2020-07-22,201.26698303222656,201.78975731740158,198.07332453951392,198.84322189432683,49605700
2020-07-23,192.512939453125,200.47807930746816,192.14224758300097,196.93274275439686,67457000
2020-07-24,191.3343505859375,192.81711817294266,187.73197198353216,190.497911638035,39827000
2020-07-27,193.7581024169922,193.87215699393317,190.91612168004946,191.4959232851321,30160900
2020-07-28,192.01870727539062,194.56602297793356,191.75257024686763,193.52998850951334,23251400
2020-07-29,193.95767211914062,194.51845971898967,192.00915783651203,192.4749048026826,19632600
2020-07-30,193.80560302734375,194.33789152672946,189.6899792712966,191.0491779037162,25079600
2020-07-31,194.86070251464844,194.9462579677163,189.15774048150277,194.28090079447668,51044000
2020-08-03,205.81985473632812,206.86540338070947,200.02185312701084,201.0483878405726,78983000
2020-08-04,202.73072814941406,204.1374688047289,199.89826191685304,203.56716697112796,49280100
2020-08-05,202.39808654785156,204.3561008212258,201.09591510463036,204.26104567065477,28806400
2020-08-06,205.63925170898438,205.65825113444276,201.07688051454105,201.82776391473723,32656800
2020-08-07,201.96087646484375,205.02146702314252,200.48760848126565,204.21355616358002,27820400
2020-08-10,197.94024658203125,201.39054219594667,196.1343149595848,201.19093220446166,36716500
2020-08-11,193.3113555908203,197.3699520347846,193.08323194975972,196.90421954309804,36446500
2020-08-12,198.833740234375,199.86977468236574,194.61354671761342,195.12680683296387,28013100
2020-08-13,198.3679962158203,200.88681276479966,197.845221875211,199.07136664712925,22588900
2020-08-14,198.55807495117188,199.21391774906647,197.23688964214472,198.42500644894537,17958900
2020-08-17,199.8697967529297,200.73474942577576,198.5771248528308,199.22346805457104,20184800
2020-08-18,201.01986694335938,201.84679161192986,198.85274301626632,200.1073868408774,21336200
2020-08-19,199.80027770996094,202.08698492364027,199.37152465065776,201.50578180907098,27627600
2020-08-20,204.44992065429688,204.85009118082817,199.04759673846627,199.64784525904383,26981500
2020-08-21,202.9635772705078,206.0410886510413,202.8016045176839,203.76391835685175,36249300
2020-08-24,203.6019287109375,205.34553813622844,202.4014026425913,204.6499901784463,25460100
2020-08-25,206.2506561279297,206.38404627811062,203.0397553095794,203.0397553095794,23043700
2020-08-26,210.7097625732422,211.60538860405137,207.0986904162652,207.59414589811615,39600800
2020-08-27,215.88340759277344,220.2376553277193,209.04235998516526,212.36760613351487,57602200
2020-08-28,218.10342407226562,219.75174867918676,215.8834189640669,217.40787607007542,26292900
2020-08-31,214.88294982910156,217.90329550897903,213.72054366354158,216.2835537410724,28774200
2020-09-01,216.54080200195312,216.71229739349377,213.8348646706782,214.86388063523017,25725500
2020-09-02,220.7140655517578,221.86694924784757,216.61707521022916,217.207801074862,34080800
2020-09-03,207.04153442382812,218.48455170958857,204.8120064646057,218.44644645781082,58400300
2020-09-04,204.135498046875,208.0514701428707,195.50321280100798,204.94537631657883,59664100
2020-09-08,193.0926513671875,200.11471725105895,192.6543610562122,196.75136576926477,52924300
2020-09-09,201.3152618408203,204.69767377044025,196.94195338337948,197.79947425284936,45679000
2020-09-10,195.67469787597656,204.60236011002283,194.47418635865475,203.32560902386254,35461500
2020-09-11,194.39793395996094,198.78077809110243,191.73965363926618,197.41827948947508,33620100
2020-09-14,195.71282958984375,199.32390157724174,194.39797317755668,194.59806571185905,30375800
2020-09-15,198.92372131347656,199.87651239728032,197.16105199306432,198.58071594176965,21823900
2020-09-16,195.3698272705078,200.70544896164475,194.97917941167134,200.6768663903581,26328100
2020-09-17,193.3308563232422,194.68381801574102,190.52012532988843,190.60587304442362,34011300
2020-09-18,190.9298095703125,194.0359033488756,186.98525496432242,193.22603963005503,55225300
2020-09-21,192.97830200195312,193.1402892819436,187.109119905432,187.88087836630214,39839700
2020-09-22,197.62794494628906,198.27585050912126,192.54004353083127,195.37935717841205,33517100
2020-09-23,191.1204071044922,198.27587921162157,190.58684629223876,198.08530931715242,30803800
2020-09-24,193.59765625,195.86530407538416,189.7960139318749,190.41533696691582,31202500
2020-09-25,198.00909423828125,199.1714862447696,192.97834281685655,193.9406713310271,29437300
2020-09-28,199.55258178710938,202.53482275392867,198.23772534118714,200.92460337616922,32004900
2020-09-29,197.47549438476562,200.1528498081341,197.04674126220954,199.4668389966685,24221900
2020-09-30,200.40061950683594,201.97271952185693,196.78953191245355,197.92335601931595,33829100
2020-10-01,202.4300079345703,203.88777718640915,201.34382663832886,203.41138162597977,27158400
2020-10-02,196.4560089111328,201.02940932407267,195.83668594256645,198.18055856092133,33154800
2020-10-05,200.44822692871094,200.47680950300756,197.20872797016887,197.4374031029824,21331600
2020-10-06,196.189208984375,200.25761630828012,195.1506702270374,198.96183443460671,28554300
2020-10-07,199.9241943359375,200.19097472900563,196.9610128986642,197.28495844189817,25681100
2020-10-08,200.63876342773438,201.21996661458442,198.48546064844754,200.57206106834602,19925800
2020-10-09,205.62185668945312,205.6694991548574,201.25807145801653,201.25807145801653,26458000
2020-10-12,210.94796752929688,213.29184029670688,206.574659376011,208.4611818961351,40461400
2020-10-13,212.3390350341797,214.57810003901824,210.02374499317224,212.20564485549392,28950800
2020-10-14,210.43344116210938,213.634819812789,208.78511664370075,212.47241351746592,23421700
2020-10-15,209.29010009765625,209.9570509713848,205.81240380006528,206.85095716605545,22733100
2020-10-16,209.29010009765625,211.79593084741057,208.96615460733648,209.7569584400469,26057900
2020-10-19,204.10691833496094,211.80547245913127,203.630522766919,210.0142204709931,27625800
2020-10-20,204.51661682128906,207.10820994137202,203.03026493680252,205.612335379117,22753500
2020-10-21,204.65953063964844,206.67944311393921,203.05883403594683,203.05883403594683,22724900
2020-10-22,204.7453155517578,205.86007959371454,201.7059090724814,203.8306295350943,22351500
2020-10-23,206.0220184326172,206.06966089598714,203.09695727371624,204.87867200393134,18879600
2020-10-26,200.16236877441406,206.12683620625828,198.27584634708583,203.75439552083563,37111600
2020-10-27,203.18272399902344,204.53568576239945,200.4005754314339,201.60108711313487,36700300
2020-10-28,193.11167907714844,198.98087531406676,192.55907307330088,197.8661115530297,51195600
2020-10-29,195.05540466308594,197.57077270816046,193.7691308000109,194.43609623327302,31432600
2020-10-30,192.91163635253906,194.64570878486924,190.19617560413607,193.89301013017186,36953700
2020-11-02,192.7781982421875,195.58892868925656,190.67252380662754,194.64566039738258,30842200
2020-11-03,196.68466186523438,198.29488116733683,193.5309256171822,194.26457884266878,27512000
2020-11-04,206.17445373535156,208.01334801298592,202.3918721219875,203.9163436100231,42311800
2020-11-05,212.74871826171875,213.53953661910697,210.70974588983486,211.5577293870567,36080100
2020-11-06,213.158447265625,213.7682330487648,207.73706304101447,211.7673657242911,25231900
2020-11-09,208.0801239013672,217.35078062651237,207.59420549636687,213.84451507372728,44395000
2020-11-10,201.04843139648438,206.27925942118705,199.81933735619901,204.37367734801214,44045100
2020-11-11,206.32693481445312,207.74658438097188,202.18228732835718,202.36331998035507,29440800
2020-11-12,205.26934814453125,208.76609026899308,204.33561679521472,206.95579271890833,21593900
2020-11-13,206.28883361816406,207.15587716722698,204.04978284604508,206.14592074235856,18621100
2020-11-16,206.97483825683594,207.46077109680175,204.39278212221393,204.72625033518352,24953300
2020-11-17,204.3356170654297,207.40359150295538,203.97355173955768,205.8981941277248,24154100
2020-11-18,201.64169311523438,205.54880785492185,201.498391524417,204.09676961168395,28372800
2020-11-19,202.92176818847656,203.5044929955361,200.54310176428234,201.92827756449884,24792700
2020-11-20,200.9825439453125,203.75286645318923,200.60998313112907,202.71160861053573,22843100
2020-11-23,200.71502685546875,202.79754214361827,198.85222313980768,201.51746313659982,25683500
2020-11-24,204.2974090576172,204.6699699133725,199.5209803548547,200.21833486403702,33979700
2020-11-25,204.30694580078125,205.66344973103548,202.96000405638625,205.49150530360316,21012900
2020-11-27,205.60610961914062,206.59961477704968,204.46931745600483,205.2431110137325,14512200
2020-11-30,204.49801635742188,205.15715124474664,201.41243305795305,204.52667376224022,33064800
2020-12-01,206.54229736328125,207.60266491805436,203.81018007832992,204.91830024990742,30904500
2020-12-02,205.73985290527344,205.83538729489786,203.28477651814012,205.27177229501723,23724500
2020-12-03,204.660400390625,206.7047110734639,204.0967707859038,205.01385141230443,25120900
2020-12-04,204.7750244140625,205.74941981992606,203.6477798118867,204.64128501141468,24666000
2020-12-07,204.70814514160156,205.90225214353387,203.46628552079312,204.7845697389054,24620000
2020-12-08,206.35125732421875,207.24922820799597,203.37077062615214,204.40248092390664,23284100
2020-12-09,202.3295135498047,205.60613649395367,201.76589848690782,205.53927407494194,32440600
2020-12-10,201.1067352294922,203.55226411394892,200.95388603008814,202.30084226889505,26733300
2020-12-11,203.72421264648438,203.7815420297955,199.75978302617932,200.65775387019116,30979400
2020-12-14,204.6221923828125,206.54232595336725,203.36122284871206,203.57138686714595,28798400
2020-12-15,204.55531311035156,205.78762513826916,202.74982388365729,205.54880373486253,27000600
2020-12-16,209.47503662109375,210.26792546149707,205.1189363798678,205.1475937833099,35023300
2020-12-17,209.60874938964844,211.0130202858481,208.17582109364878,210.03862496314824,32515800
2020-12-18,208.8158721923828,209.86669216480047,206.36079582264512,208.8158721923828,63354900
2020-12-21,212.63697814941406,213.98393409003694,207.56441490121594,207.82234604604767,37181900
2020-12-22,213.92666625976562,215.5411013062933,211.93012279193636,212.7325592225708,22612200
2020-12-23,211.13723754882812,213.56365667587485,210.9270735405994,213.13378105049873,18699600
2020-12-24,212.78985595703125,213.6114021119119,211.3091604413567,211.51932442817505,10550600
2020-12-28,214.90106201171875,215.92321005733746,213.04780555492192,214.413857010838,17933500
2020-12-29,214.12728881835938,217.02180339074613,213.58278353644175,216.190709476844,17403200
2020-12-30,211.76771545410156,215.54110542494223,211.56711363086075,215.15898241983697,20272300
2020-12-31,212.47462463378906,213.0286920393946,209.857136802446,211.78681782520988,20942100
2021-01-04,207.95614624023438,213.0287109719447,205.2049187614072,212.57972552709433,37130100
2021-01-05,208.15672302246094,208.7490099968448,206.055097651957,207.54534083146888,23823000
2021-01-06,202.75938415527344,206.8098006575534,202.46324792879471,202.68295955223013,35930700
2021-01-07,208.52931213378906,209.53236504897438,204.1541163901864,204.46934784854162,27694500
2021-01-08,209.7998046875,210.71688521543896,207.32561864837888,208.9018339516953,22956200
2021-01-11,207.7650604248047,209.1215641625514,207.0390340746721,208.7012361864748,23031300
2021-01-12,205.31951904296875,207.392501541839,203.78152328009872,206.81932437348303,23249300
2021-01-13,206.66648864746094,207.0677068608454,204.3642467924793,204.45023357688456,20087100
2021-01-14,203.49493408203125,207.73640430086755,203.22745529133894,206.25570876749887,29480800
2021-01-15,203.14151000976562,204.9183420974723,202.54923750603135,203.97261852880033,31746500
2021-01-19,206.7620086669922,207.2778564550541,203.12237302041416,204.1922881817282,30480900
2021-01-20,214.3087921142578,215.69395347478093,207.57402496133145,207.9656955997527,37777300
2021-01-21,214.91061401367188,216.18114567833973,212.47463268897792,214.65268280655076,30709400
2021-01-22,215.84678649902344,219.7825732306377,215.70349948425073,216.92626393198466,30172700
2021-01-25,219.2667236328125,219.505545055719,214.1941589425185,218.87505300088512,33152100
2021-01-26,221.94149780273438,223.7087673579532,219.7921052743459,221.49251241957313,49169600
2021-01-27,222.48602294921875,229.6888849420293,219.84943979215547,227.35798561441428,69870600
2021-01-28,228.24635314941406,231.7904687002361,224.57806039798888,225.07481292990053,49111200
2021-01-29,221.5880584716797,227.377086987308,221.00533366135892,225.437858347954,42503100
2021-02-01,228.9342041015625,231.65677408115855,222.0370404246548,224.54944639154158,33314200
2021-02-02,228.80044555664062,231.47524811392537,228.0171189555544,230.51041491917857,25916300
2021-02-03,232.13438415527344,234.13092741775498,228.56161101991137,228.85776177893771,27158100
2021-02-04,231.18865966796875,232.36367143508832,229.6219918883106,231.80960404543467,25296100
2021-02-05,231.37017822265625,232.40188845915685,229.66977095597062,231.39883562562832,18054800
2021-02-08,231.62808227539062,232.78396959711438,230.04230480647178,232.27766943528493,22211900
2021-02-09,232.86997985839844,233.81570329400722,230.58684780779984,231.05492843301977,23565000
2021-02-10,231.9624481201172,234.9238246286542,230.1187393980578,234.0449636571625,22186700
2021-02-11,233.55776977539062,234.1882471613524,231.32239050634175,233.83479617171466,15751100
2021-02-12,234.03541564941406,234.331551842112,231.87646094509842,233.0228007069779,16561100
2021-02-16,232.8031005859375,235.12445220145085,232.05797897515586,234.0736321982964,26728500
2021-02-17,233.81805419921875,233.92337823277546,230.6966554202905,231.06050473804564,21653500
2021-02-18,233.42550659179688,233.55955404801415,230.62007961165102,231.52011879342848,16925600
2021-02-19,230.72532653808594,233.492459581592,229.96890466577148,233.3871355719054,25262600
2021-02-22,224.5399932861328,227.81459302124637,222.51969763144905,227.32628051507058,36446900
2021-02-23,223.35272216796875,224.84639771521285,219.0057283470669,220.53771150889756,30228700
2021-02-24,224.5782928466797,225.20065276027566,219.26424384032524,220.2312992194705,26339700
2021-02-25,219.25469970703125,224.6166119371233,218.19188978232248,222.21332760741032,39542200
2021-02-26,222.5005645751953,225.36343789150433,219.78129368104075,221.6866957656996,37819200
2021-03-01,226.86668395996094,227.3741502565887,223.23780465757733,225.8708905631292,25324000
2021-03-02,223.92723083496094,227.21141518766257,223.52508849566448,226.9337360850043,22812500
2021-03-03,217.8854522705078,223.64952050590935,217.59820362700248,222.28989251072855,34029500
2021-03-04,217.09075927734375,222.60588703735615,214.72576809610288,217.1003434861413,44727800
2021-03-05,221.75372314453125,223.35272272073442,216.8322465833186,219.7621508732522,41872800
2021-03-08,217.72267150878906,223.44843187162684,217.47373048782126,221.53346048244356,35267400
2021-03-09,223.84100341796875,225.37298636585098,221.82070802785924,222.9792721410801,33080500
2021-03-10,222.53883361816406,226.92412005427826,222.17498436226296,226.92412005427826,29746800
2021-03-11,227.048583984375,229.00184834323582,224.34846735381257,224.97084181188526,29907600
2021-03-12,225.72727966308594,225.79431068260828,223.31441133153996,224.0612490943871,22653700
2021-03-15,224.8272247314453,225.19107398861252,221.9547675055726,224.97085635878273,26034900
2021-03-16,227.60398864746094,229.85407183469758,225.90923444714625,226.23477615950077,28092200
2021-03-17,226.96241760253906,228.40823044727705,223.3143992028997,226.11025586249227,29562100
2021-03-18,220.91110229492188,224.23357884907625,220.53768345561124,222.6728724798709,34833000
2021-03-19,220.55682373046875,222.58668861860275,219.59933808737588,221.1983373581324,46430700
2021-03-22,225.95706176757812,226.8283626746955,220.35576442572489,220.48024224534427,30127000
2021-03-23,227.47946166992188,230.8019383245051,226.99114920685457,227.3932914605699,31638400
2021-03-24,225.44960021972656,227.8816075865458,225.31555279966682,227.73799056865073,25620100
2021-03-25,222.46226501464844,226.8667058900846,221.72501140908014,225.2964296372037,34061900
2021-03-26,226.42625427246094,226.64648654164532,221.70585594983098,221.70585594983098,25479900
2021-03-29,225.239013671875,226.73268950601536,222.0218601021584,226.5316110159994,25227500
2021-03-30,221.99305725097656,223.90802858077555,221.27494300230194,223.60162615517325,24792000
2021-03-31,225.74642944335938,228.9348588863674,222.51012278869996,223.00801949174152,43623500
2021-04-01,232.04669189453125,232.51585059097783,227.92949998956965,228.33164227655556,30338000
2021-04-05,238.48098754882812,239.333149299018,232.38179326413973,232.4392400726803,36910600
2021-04-06,237.3224334716797,238.7969551907756,236.38410146861867,237.08306201915883,22931900
2021-04-07,239.2757110595703,240.2619203285823,236.6809325553028,237.27456911449357,22719800
2021-04-08,242.48326110839844,243.33542282364596,241.28640394596803,242.02367204884553,23625200
2021-04-09,244.97271728515625,245.10676469606997,241.70768760709836,242.119399437022,24326800
2021-04-12,245.03021240234375,246.715396883333,243.7950474488846,243.88123228080784,27148700
2021-04-13,247.50047302246094,248.1707247107551,245.9110432297693,246.32278429436747,23837500
2021-04-14,244.7238006591797,247.82604540903546,244.31208876364178,246.53346291002805,23070900
2021-04-15,248.46751403808594,248.87922583464066,246.77277503962054,246.96425462818144,25627500
2021-04-16,249.65484619140625,249.9038018578808,246.648355876942,248.4388497054509,24878600
2021-04-19,247.73983764648438,250.36336830219003,246.85896717650718,249.12820358261177,23209300
2021-04-20,247.28025817871094,249.1377827138243,245.92061567212983,246.85896214682066,19722900
2021-04-21,249.50161743164062,249.5973718481958,246.31320282338555,247.93135603668824,24030400
2021-04-22,246.23663330078125,250.65062876395623,244.77166660182715,249.14736906186104,25606200
2021-04-23,250.04745483398438,250.3921649771297,246.33240460091693,246.9164862361913,21462600
2021-04-26,250.4303741455078,251.28255044757523,249.10906841916076,250.53571276740308,19763300
2021-04-27,250.83255004882812,252.00068386501204,249.06119551820086,250.4591165703072,31014200
2021-04-28,243.7375946044922,245.6334270987041,242.19604180812823,245.19296257106504,46903100
2021-04-29,241.77474975585938,245.21213510412278,238.41397963984036,244.59934473684103,40589000
2021-04-30,241.45875549316406,242.32050145587482,238.9884550529176,239.12250247688505,30945100
2021-05-03,241.15235900878906,243.5365037605011,240.44381430171563,242.62688061963894,19626600
2021-05-04,237.25540161132812,240.53001592707363,235.31170659255298,240.30021407384137,32756100
2021-05-05,235.99148559570312,238.8926659005595,235.36912577706485,238.47136988360444,21901300
2021-05-06,239.1129150390625,239.23739286323433,234.28719323134123,235.972362911324,26491100
2021-05-07,241.72689819335938,243.488668753516,240.49173319330328,241.43006529011436,27032900
2021-05-10,236.67135620117188,241.02791993969205,236.61390938515967,240.2044814866749,29299900
2021-05-11,235.76171875,236.11599842229506,232.25733191028016,234.15314965767922,33641600
2021-05-12,228.839111328125,233.9903897227852,227.948656527006,231.8743396289335,36684400
2021-05-13,232.69776916503906,235.1585146453804,231.15621646675106,231.5200657402829,29624300
2021-05-14,237.60009765625,238.58630687070132,235.05319650799913,235.13936672439027,23901100
2021-05-17,234.75636291503906,236.10642140799038,233.16694758064864,236.06812840418084,24970200
2021-05-18,232.74562072753906,235.93404979350285,232.57326570799052,235.8000023827749,20168000
2021-05-19,233.3214874267578,233.42705466326876,228.98366832095294,229.66504486622338,25739800
2021-05-20,236.5460205078125,237.95677572091842,234.03162003124936,234.1275955514667,21800700
2021-05-21,235.28887939453125,238.32152501223842,234.87621677027855,237.59216066425566,21863100
2021-05-24,240.67274475097656,241.03743419435494,237.53453234396076,237.8032462568259,21411500
2021-05-25,241.57484436035156,242.56333074837534,240.71112322411236,241.62283212210016,17704300
2021-05-26,241.35415649414062,242.74571394261974,240.64397558156952,241.29656238462576,17771600
2021-05-27,239.26197814941406,241.34451819821592,239.20439869133438,241.04701456893127,24426200
2021-05-28,239.61708068847656,241.920361705306,239.50192176296875,240.88388744430432,18270200
2021-06-01,237.42893981933594,241.16215911508314,237.00668560397568,241.10457966043438,23213300
2021-06-02,237.3330078125,239.22361157042198,235.9318441224372,238.1295578675878,19406700
2021-06-03,235.80706787109375,236.4116667965383,233.20628353326998,235.3368112456959,25307700
2021-06-04,240.6823272705078,241.50766701250188,237.53452328797448,237.77444746130055,25281100
2021-06-07,243.58065795898438,243.84937190857218,239.7418705148018,239.90501722392213,23079200
2021-06-08,242.39060974121094,245.69196883019157,242.3330156367018,244.87622075345962,22455000
2021-06-09,243.36949157714844,245.23130558654012,243.00481677554484,243.58062603040793,17937600
2021-06-10,246.87237548828125,247.08350993870562,243.4462658042312,244.04127308607627,24563600
2021-06-11,247.49624633789062,248.07204104485643,246.26780619603028,247.59219259730162,18999700
2021-06-14,249.41554260253906,249.47312205072114,246.45005458309473,247.50572661245528,19150500
2021-06-15,247.9471893310547,249.5114994108037,247.29460269889398,249.3003649959735,18038900
2021-06-16,247.00672912597656,250.07774084164856,244.16602059107635,248.94530582063734,27220000
2021-06-17,250.3848876953125,251.20063582773113,245.69198560224893,245.74956506687877,27565500
2021-06-18,248.97409057617188,251.7284152280359,248.32150389448208,249.1660416179004,37202200
2021-06-21,252.04518127441406,252.8992962171979,247.52501743926578,249.34843554518008,26696100
2021-06-22,254.80911254882812,255.077826487449,251.82444020322416,252.13155021525452,24694100
2021-06-23,254.5787353515625,256.0758598739971,253.77259363083766,255.26971815327227,19518700
2021-06-24,255.94154357910156,257.0547953887674,254.77071230407563,255.4329054433391,21446900
2021-06-25,254.33883666992188,256.478971088215,254.0893354162517,255.5000908908424,25611100
2021-06-28,257.8897399902344,258.0624783950666,255.19299417128897,255.46170811912478,19590000
2021-06-29,260.4617004394531,260.7016246346419,257.17955385033815,258.03366875564717,19937800
2021-06-30,259.98187255859375,260.42332491203257,258.73427836023995,259.780344419271,21656500
2021-07-01,260.6536560058594,260.8839738651738,258.7342624112472,258.7438394636373,16725300
2021-07-02,266.4597473144531,266.7956469721209,261.51731582698903,261.82442575900615,26458000
2021-07-06,266.4693908691406,268.11046403566195,263.244794707822,266.8244739642971,31565600
2021-07-07,268.6479187011719,269.37729764258523,265.9799627636496,268.13928056771834,23260000
2021-07-08,266.239013671875,267.4962137332664,263.79177004494005,265.7399527520103,24618600
2021-07-09,266.7381286621094,266.8436812511514,264.2237277535544,264.6076006127589,23916700
2021-07-12,266.1430358886719,268.49427470116905,265.4328405751575,267.9088739041661,18931700
2021-07-13,269.655517578125,271.4501452437147,266.21021085612983,266.3349467923487,26120100
2021-07-14,271.1239318847656,272.2275772639754,269.24290521159406,270.97037689383615,23113700
2021-07-15,269.70355224609375,271.1239138520069,268.5519045345298,270.6344591814496,22604200
2021-07-16,269.43487548828125,272.6498656125402,268.1968584208553,270.70168228808353,26186800
2021-07-19,265.84552001953125,269.07008599748957,263.38869947795985,267.6881207819043,32935600
2021-07-20,268.06243896484375,269.64593236514037,265.1257699569879,266.8244222536532,26259700
2021-07-21,270.0587463378906,270.1739052988615,266.11440548648903,267.6595036922313,24364300
2021-07-22,274.60760498046875,274.8763188626381,271.9972290018453,272.40028518129105,23384100
2021-07-23,277.995361328125,278.30244201944714,274.9531098439966,275.78804130305343,22768100
2021-07-26,277.40032958984375,278.01454955841905,275.08748623115633,277.3523564681326,23176100
2021-07-27,274.9915771484375,277.9090348412776,271.54626855112554,277.76508615374064,33604100
2021-07-28,274.6843566894531,278.4559572251852,272.39066780193826,277.3427056762893,33566900
2021-07-29,274.953125,276.9876774693035,274.5500394694676,274.70359446740275,18168300
2021-07-30,273.42718505859375,275.1066542513288,272.46748837703086,273.676715567838,20944800
2021-08-02,273.3408203125,275.2122112993794,272.3043314785068,274.8187321390319,16267400
2021-08-03,275.54815673828125,275.65373862205524,272.55390723217295,273.9166896548883,17879000
2021-08-04,274.9627380371094,275.99919768889043,273.1776867693029,274.6844177660965,16191300
2021-08-05,277.8514404296875,277.95702231995693,274.56929337977533,275.317855802354,13900200
2021-08-06,277.7937927246094,277.83218879233317,276.02795434835366,276.8820984514025,16589300
2021-08-09,276.70928955078125,279.7995135705784,276.2102578952192,278.07207151949774,16117600
2021-08-10,274.8955078125,277.592253026987,273.70549335133626,277.1603778240849,18616600
2021-08-11,275.385009765625,277.0260831007816,274.3389144756151,275.6345110192113,13955900
2021-08-12,278.12969970703125,278.2832546943312,274.7995509694879,275.0778712144452,14561300
2021-08-13,281.0471496582031,281.0951227722163,277.64020922241923,277.8129768656206,18249000
2021-08-16,282.7265930175781,282.93772741778326,278.33116667356506,281.37341744639224,22507600
2021-08-17,281.2679443359375,281.60384409624606,279.34855060574444,280.605780443635,20075300
2021-08-18,279.5468444824219,283.4795157822408,279.1045176293655,280.8064519186895,21813000
2021-08-19,285.35443115234375,286.0275166816487,277.53718447593633,277.5852494378773,29850500
2021-08-20,292.6524658203125,294.0755466635113,286.5948135303095,288.190963446094,40817600
2021-08-23,292.9313049316406,293.6524553767425,290.23902167406834,291.5851633028545,22830200
2021-08-24,290.97943115234375,293.89287816648005,290.3832847329818,293.287107016583,18175800
2021-08-25,290.3928527832031,292.8735972507259,288.86401745475416,292.59474421285233,20006100
2021-08-26,287.585205078125,290.7967251675743,287.4506055747187,289.4121138382239,17666100
2021-08-27,288.1909484863281,289.2967066286994,285.4121013647465,287.48901815902764,22605700
2021-08-30,291.912109375,292.51788050210155,289.47942948011064,289.53711917376893,16348100
2021-08-31,290.2679138183594,292.7871284221074,289.9025261716433,292.7102186066526,26285300
2021-09-01,290.21978759765625,293.4505570216653,289.89286956645867,291.2197911507648,18983800
2021-09-02,289.5659484863281,291.69093033858195,288.6332593639689,290.5755767585639,16285600
2021-09-03,289.55633544921875,290.96016674016533,288.7101809142856,289.4120818879158,14747900
2021-09-07,288.63323974609375,289.5082391184174,286.7294213995241,289.4313293174563,17180400
2021-09-08,288.6621398925781,289.04674765844067,286.02754588554353,288.2486872778682,15046800
2021-09-09,285.81591796875,290.51783226857776,285.5755345221825,289.2486006282176,19927000
2021-09-10,284.33526611328125,288.3833461664702,284.0179727429177,286.9410448865193,19633400
2021-09-13,285.5660400390625,287.0564356937497,282.7679719235952,286.10449685746556,23652900
2021-09-14,288.2582702636719,289.7967304480166,286.6332755453167,288.0371068920759,21853400
2021-09-15,293.0948181152344,293.57558514343583,290.2102159460255,291.594827334741,28356300
2021-09-16,293.4793701171875,293.565904644582,289.19093725653136,292.07553887775646,19550800
2021-09-17,288.3352355957031,292.78714332382805,288.0083175119213,292.4698499713523,41372500
2021-09-20,282.97943115234375,287.2294241436648,278.3833000222743,284.9313439067863,38278700
2021-09-21,283.460205078125,286.09482813249366,282.7583040538949,284.3159844038209,22364100
2021-09-22,287.09478759765625,288.6717173261203,283.18136680799097,285.3159733040297,26626300
2021-09-23,288.037109375,289.32556135418525,286.085196618995,287.35442848279695,18604600
2021-09-24,287.8351745605469,288.26784720291187,285.50824964587054,286.7582613035244,14999000
2021-09-27,282.8544616699219,285.0659780697312,281.67176431973326,284.7486847699523,23571700
2021-09-28,272.6141662597656,279.59491395300205,271.8737954883022,278.65259987175267,43186200
2021-09-29,273.07568359375,275.7391224791571,272.1237742275419,274.1333769693656,26353700
2021-09-30,271.07568359375,276.7583238245585,270.7872057817873,274.71987639892257,32343600
2021-10-01,277.97943115234375,278.82558560260657,270.4698544217859,271.2679145751983,30086300
2021-10-04,272.219970703125,276.6815040894915,269.46999659801907,276.34496120448296,31350700
2021-10-05,277.652587890625,279.22948850924683,273.1237412861691,273.1237412861691,24993000
2021-10-06,281.8352355957031,282.33525208926756,274.5276001795463,274.78720381326485,28002600
2021-10-07,283.5082702636719,285.2294241243567,282.61405079814455,283.82556353271264,20430500
2021-10-08,283.5082702636719,285.2294241243567,282.4602018561691,284.8255669837104,17685700
2021-10-11,282.9120788574219,286.5082056038626,281.48899837875047,281.6524720234435,19298600
2021-10-12,281.6140441894531,284.07556854608913,281.10443241273595,283.979409290472,17974100
2021-10-13,284.9122009277344,285.84489029012576,282.2006673986754,283.5660588953385,23416300
2021-10-14,291.10443115234375,291.6044182903468,286.3736707555064,287.700592428169,27262900
2021-10-15,292.5082092285156,292.7389973101157,288.96014691464524,290.71014559366176,25384800
2021-10-18,295.4698181152344,296.3544130437195,291.04675544173375,291.8929101341572,22729300
2021-10-19,296.3736877441406,297.40250700469875,295.4025288425853,296.4890671495345,17682100
2021-10-20,295.5851745605469,297.787095667317,294.3351627369978,297.3159240470741,16537100
2021-10-21,298.8063049316406,299.0562838093166,294.57553200250277,295.3544015118529,16918100
2021-10-22,297.2677917480469,299.1235449309406,295.9600905274078,298.46008426452863,17449300
2021-10-25,296.2775573730469,297.49869532423213,294.67178224141855,297.4602257374484,17554500
2021-10-26,298.1812744140625,300.3831953408259,296.7293781263278,299.03705370094167,28107300
2021-10-27,310.73895263671875,313.55624018654,303.8447410132644,303.8447410132644,52588700
2021-10-28,311.87353515625,312.37352223466706,308.9985287602132,311.8542856977465,26297900
2021-10-29,318.8638916015625,319.2292792064878,311.44084815229064,311.6620115299265,34766000
2021-11-01,316.7004089355469,318.7388560634213,313.81580729941845,318.6138519641994,27073200
2021-11-02,320.31585693359375,320.6235548856837,317.30625052903974,317.6043237502232,26487100
2021-11-03,321.1523132324219,322.0176878484429,317.9311688926411,321.05615397648955,21500100
2021-11-04,323.4985046386719,323.59466390839987,316.83508099254163,320.08507064099814,23992200
2021-11-05,323.1330871582031,325.75808532637757,321.5561867864097,325.48885700223303,22570100
2021-11-08,324.02734375,324.661959731768,321.5754437081741,324.3254169521455,20897000
2021-11-09,323.0273132324219,325.6907514710201,321.6619222348102,324.1426666918192,21307400
2021-11-10,318.0753479003906,321.75803853905813,317.2292228620169,321.7003488624345,25500900
2021-11-11,319.64276123046875,320.93121335247633,317.79663226365136,318.50815807964443,16849800
2021-11-12,323.76776123046875,324.25815300827657,320.95047337818704,321.0754775053688,23831000
2021-11-15,323.14276123046875,324.8831355458123,321.18122351578705,324.5562174839805,16723000
2021-11-16,326.4504089355469,327.5657918667416,322.60427303916015,322.7677173822912,20886800
2021-11-17,326.671875,329.62919118101644,325.5929916837979,326.498489337903,19053400
2021-11-18,328.7430114746094,329.87971962558396,324.7453511615108,325.7664394516795,22463500
2021-11-19,330.51544189453125,332.43241492443923,329.638871148073,330.06272241316236,21963400
2021-11-22,327.35589599609375,336.83472639710845,327.08617509182903,331.9700783843757,31031100
2021-11-23,325.28485107421875,326.9898989068096,321.31608766747587,324.67797163532214,30427600
2021-11-24,325.50634765625,325.74717091105794,321.65317557932343,323.9361753313232,21661300
2021-11-26,317.57843017578125,325.52559745058403,316.07569544288083,322.07702143466366,24217200
2021-11-29,324.2733154296875,326.58521266563037,322.4526776155602,322.6453479674589,28563500
2021-11-30,318.4550476074219,325.38112702645924,316.9137728395476,323.01143434180807,42885600
2021-12-01,317.9637451171875,326.8260526046821,317.2990999831267,322.82839247617034,33337600
2021-12-02,317.3953857421875,321.2485575549812,315.76741829949276,318.17565068248877,30766000
2021-12-03,311.1533203125,320.48763300351385,306.3561099885442,319.8036737217345,41779300
2021-12-06,314.21661376953125,315.43037261838606,307.51210127524547,312.05884639145665,30032600
2021-12-07,322.6261291503906,323.4738023613807,317.9830494801912,319.46652904482426,31021900
2021-12-08,322.67425537109375,323.1847994820111,318.6573106513333,323.0017714613644,24761000
2021-12-09,320.87298583984375,324.1385346542755,319.9289478765384,322.13489763920364,22214200
2021-12-10,329.9665222167969,330.4096289397935,322.50099853083947,322.68402662460824,38095700
2021-12-13,326.94158935546875,331.17045910286095,326.6333285862674,328.17460303490924,28899400
2021-12-14,316.2876281738281,322.3563918673137,312.2128880966609,320.98850283752,44438700
2021-12-15,322.365966796875,322.88615320009416,312.58854962938904,316.54766938298826,35381100
2021-12-16,312.9739685058594,324.39864164478854,311.1629725069746,323.38716610207007,35034800
2021-12-17,311.914306640625,312.993219650069,305.6047483392989,309.101507137352,47750300
2021-12-20,308.1671142578125,310.9510161666708,305.9130118209808,308.3019600117902,28326500
2021-12-21,315.2762145996094,315.7000659257097,308.06112911488344,311.42304210587787,24740600
2021-12-22,320.96929931640625,321.36422365049356,313.7927533668709,316.24913921677904,24831500
2021-12-23,322.404541015625,324.0421508973986,320.5164949405719,320.5357502177873,19617800
2021-12-27,329.8797912597656,329.9086888818995,323.1174537066625,323.1463513287964,19947000
2021-12-28,328.7237854003906,331.18981349731865,327.827929831812,330.5540364945737,15661500
2021-12-29,329.3981018066406,331.6618171734092,327.2114075590468,328.771937746174,15042000
2021-12-30,326.8646240234375,330.5347684082041,326.38297747008363,329.3595496421258,15994500
2021-12-31,323.9747619628906,326.9031519971822,323.52201300272316,326.0843763307589,18000800
2022-01-03,322.4623718261719,325.59307446526094,317.67480384527,323.0403535774783,28865100
2022-01-04,316.93304443359375,322.89583055126775,314.1491135080895,322.5393874417457,32674300
2022-01-05,304.76666259765625,314.1009746877151,304.3813512536725,313.89866197929246,40054300
2022-01-06,302.3584289550781,307.0015085378214,300.05614444176234,301.6552144415301,39646100
2022-01-07,302.5126037597656,304.88229679267107,298.7075838733872,302.61855190067536,32720000
2022-01-10,302.734130859375,303.1676245403952,293.505795319919,298.1295907297212,44289500
2022-01-11,303.4180908203125,304.9882339809429,298.5149321522782,301.8768158812795,29386800
2022-01-12,306.5873107910156,311.5386518627093,305.4409895513784,307.9359447652065,34372200
2022-01-13,293.6117248535156,309.1014943499301,292.84110213316677,308.7065406516053,45366000
2022-01-14,298.8135070800781,299.41074404993253,292.6002553313774,293.0819018422109,39846400
2022-01-18,291.5407409667969,298.42828288164026,290.6641404471068,292.9086305265306,42333200
2022-01-19,292.19573974609375,302.38739918282636,291.5888896692159,295.04710904109396,45933900
2022-01-20,290.52923583984375,300.21032076889657,290.0861291978272,297.725037240553,35380700
2022-01-21,285.1636962890625,292.9470927232566,284.7591001939449,291.5792327867731,57984400
2022-01-24,285.4912109375,286.2040385232011,265.9170853754429,281.47429461593225,85731500
2022-01-25,277.900390625,284.16179518047517,274.70228017866594,280.8191672649652,72848600
2022-01-26,285.81866455078125,297.1758975203426,282.2737532824066,296.68460867157836,90428900
2022-01-27,288.8338317871094,296.0199908832467,286.9939382332395,291.55032568742257,53481300
2022-01-28,296.94476318359375,297.1566888577396,283.64168680427184,289.2095201733317,49743700
2022-01-31,299.5649108886719,300.91351540352434,295.124114232146,297.6094269927924,46444500
2022-02-01,297.4263916015625,299.2277450230752,293.9296328904505,299.01581936187534,40950400
2022-02-02,301.95391845703125,303.55298890969146,297.54204794827325,298.26451794449673,36636000
2022-02-03,290.1920471191406,299.8057228648471,288.9493907856898,298.12957287633566,43730000
2022-02-04,294.70989990234375,297.46490411870997,288.95903879189694,289.19021973386526,35096500
2022-02-07,289.90301513671875,296.5400880483696,288.89153993542556,294.9314053394683,28533300
2022-02-08,293.38055419921875,294.34384733210226,288.9397869673649,290.1920562811641,32421200
2022-02-09,299.7863464355469,300.4799184329449,296.10659025234406,298.49553760098786,31284700
2022-02-10,291.2806091308594,297.77319603906335,289.6622835734979,292.879679406839,45386200
2022-02-11,284.2099914550781,293.12045222250043,283.4200840938403,292.06082398149493,39175600
2022-02-14,284.1714172363281,285.86682221750584,280.6554038855894,282.98655633734126,36359500
2022-02-15,289.440673828125,289.7585476106749,286.11730093278925,288.9975672412042,27058300
2022-02-16,289.10284423828125,290.42527991431285,283.48487872602993,288.0120675250117,29982100
2022-02-17,280.6372985839844,286.49655572673316,279.93262997944396,286.0718280004565,32461600
2022-02-18,277.9344787597656,283.65861124098427,276.37072190934305,282.876732815773,34264000
2022-02-22,277.7317810058594,281.4191765053362,274.6235623555302,275.10620482012695,41736100
2022-02-23,270.5404052734375,281.5736347601143,270.37632332672223,280.10638276693766,37811200
2022-02-24,284.3633117675781,284.9135313013762,262.0941791874867,263.0498313930732,56989700
2022-02-25,286.98883056640625,287.2977287820881,281.5253148914239,284.8941789810283,32546700
2022-02-28,288.41754150390625,288.7553971784616,282.82853256098537,284.0930536775572,34627500
2022-03-01,284.7108154296875,289.55653540384833,282.0079998222269,286.1104609698699,31217800
2022-03-02,289.7688903808594,291.0044539337732,283.50420050610404,285.10654759375143,31873000
2022-03-03,285.64715576171875,292.6068524998791,283.8420480314748,292.37519352194875,27314500
2022-03-04,279.7975158691406,285.3961869424116,277.20092613588724,284.07375111161906,32356500
2022-03-07,269.2276306152344,279.6334012626767,268.8608176186458,278.5136671787281,43157200
2022-03-08,266.27386474609375,274.10231170934804,260.6269417825075,268.1561527618495,48159500
2022-03-09,278.4847106933594,279.5465300399745,271.03270963096804,273.6003711570887,35204500
2022-03-10,275.67572021484375,276.65066742284495,270.83963327856327,273.1949308694663,30628000
2022-03-11,270.3472900390625,279.4595798639488,269.7294936979138,277.9633709204393,27209300
2022-03-14,266.8433837890625,275.49232901217977,266.2449118112666,270.60798934145595,30660700
2022-03-15,277.1816101074219,277.8283640849266,269.05392607565614,270.6176832217213,34245100
2022-03-16,284.17022705078125,284.343971257443,273.36868699762886,279.07349465678493,37826300
2022-03-17,284.97137451171875,285.34782025844737,279.32445264555935,283.1083819524722,30816600
2022-03-18,290.00054931640625,290.55076880569743,282.56787290557435,285.11620984529543,43390600
2022-03-21,288.7746276855469,289.7206174710808,284.662504677972,288.5140113733799,28351200
2022-03-22,293.5045471191406,294.4119173522232,288.39818135350095,289.39242369934766,27599700
2022-03-23,289.09320068359375,292.70338668332965,287.3846568062616,290.07781025541306,25715400
2022-03-24,293.5431213378906,293.6396557120755,287.96377622460426,288.75531685150304,24484500
2022-03-25,293.1377258300781,294.8945515047454,288.9001402281707,294.6339351738191,22566500
2022-03-28,299.9140319824219,300.0105369064653,293.7651423882981,293.7651423882981,29578200
2022-03-29,304.46051025390625,304.8562805932184,298.3212830440557,303.01258292097964,30393400
2022-03-30,302.96435546875,304.9818271718414,300.763506705358,302.86785052906407,28163600
2022-03-31,297.60699462890625,304.19990720218783,297.20159145457893,303.0029338565664,33422100
2022-04-01,298.6784973144531,299.36384141537167,294.93318680550044,298.630215389613,27110500
2022-04-04,304.0357666015625,304.17089116064096,298.9583589270999,299.3251718788428,24289600
2022-04-05,300.0877685546875,303.93924580373067,299.11282139815006,302.3947841023135,23156700
2022-04-06,289.10284423828125,296.3424814061848,286.4096909635366,294.59531799298344,40110400
2022-04-07,290.90789794921875,293.1087462850132,286.06217848359114,286.36141443806906,31411200
2022-04-08,286.66070556640625,290.6666326754491,285.99465651807475,290.0102459043335,24361900
2022-04-11,275.35711669921875,282.4519355166767,275.1061332563066,281.66042446883546,34569300
2022-04-12,272.26824951171875,280.6469151575573,270.75274518786716,279.1989878449197,30966700
2022-04-13,277.63519287109375,278.56185797543264,271.53458622971164,272.91496579941685,21907200
2022-04-14,270.1156921386719,278.30131965119733,269.62341681375074,278.08895577007974,28221600
2022-04-18,270.78173828125,272.65439354264834,268.67742404587597,269.22764356722877,20778000
2022-04-19,275.3957824707031,276.2356051160154,268.7449845312876,269.6813121043786,22297700
2022-04-20,276.4189758300781,279.6430533893089,275.4633531849248,279.35345023812204,22906700
2022-04-21,271.0616455078125,283.1180442640561,270.33768184591173,278.5618984401678,29454600
2022-04-22,264.5169982910156,273.3686730601937,263.8895690490661,271.901421279217,29405800
2022-04-25,270.9747314453125,271.35117717297004,261.37013656802014,263.80267294857015,35678900
2022-04-26,260.83929443359375,268.6966984296061,260.6269305710984,267.86656753140664,46518400
2022-04-27,273.3880615234375,280.8690214403735,269.46900616876684,272.30694686810284,63477700
2022-04-28,279.57550048828125,280.8786411356231,271.689109042136,275.28963271284965,33646600
2022-04-29,267.8858642578125,279.81680135936267,266.9012842301464,278.59087064005706,37073900
2022-05-02,274.5946044921875,275.0482895864189,266.63100384066234,268.06926895596354,35151100
2022-05-03,271.9979553222656,274.2663805402377,270.4245363528179,274.10226915929724,25978600
2022-05-04,279.9133605957031,280.78211122173315,267.1233340856761,272.77989016075946,33599300
2022-05-05,267.72174072265625,276.40930377828715,264.8162240963305,275.6274254599327,43260400
2022-05-06,265.1927490234375,269.55582646003774,261.8528418348636,265.26995885904273,37780300
2022-05-09,255.39503479003906,262.90494921949755,254.17879599564424,260.68480600302837,47726000
2022-05-10,260.14422607421875,264.24668604013874,255.86802193263964,262.25820191919195,39336400
2022-05-11,251.5050048828125,261.93973378756925,250.2983985852397,256.4569218413572,48975900
2022-05-12,246.48550415039062,250.8582435521003,241.3405338858611,248.74426727264887,51033800
2022-05-13,252.05517578125,253.90853565823974,246.485492791465,248.41606249500785,34925100
2022-05-16,252.42201232910156,256.59205034843524,246.9005812826205,250.9354652701601,32550900
2022-05-17,257.5572509765625,259.0148107302658,253.34859468900936,256.8718776822424,28828800
2022-05-18,245.83084106445312,255.04176140596195,244.56337491481253,254.4612355715473,31356000
2022-05-19,244.9213409423828,249.30427969315693,243.70225448849024,245.65666082139012,32692300
2022-05-20,244.3601531982422,250.1460116670098,238.4388554517078,248.888200942443,39199300
2022-05-23,252.1875457763672,253.00995497705824,245.20195425137902,247.19508522720383,33175400
2022-05-24,251.19097900390625,252.84545260288888,245.26968020605537,249.51716536945642,29043900
2022-05-25,253.996826171875,255.9899423675997,248.78183714380614,249.75905520569623,28547900
2022-05-26,257.26708984375,258.4377968295687,252.94221495828464,253.75493935952196,25002100
2022-05-27,264.3688049316406,264.46556417266396,258.8732225521041,259.7633662320339,26910800
2022-05-31,263.04327392578125,265.84911459447005,260.1987236575402,263.68184944791426,37827700
2022-06-01,263.5754089355469,268.6742983008573,261.27267518128724,266.2651500668014,25292200
2022-06-02,265.6653137207031,265.733048146593,253.1067488144749,255.86422496941356,44008200
2022-06-03,261.2533264160156,264.5719880166716,259.69561200341536,261.53391933554974,28059000
2022-06-06,260.0245361328125,265.2782340927179,258.5442115825969,263.2270685226695,22400300
2022-06-07,263.65277099609375,264.26232157625736,257.3057561922374,257.9830411761452,22860700
2022-06-08,261.6306457519531,264.13655309709793,260.85660150666956,262.88842705123176,17372300
2022-06-09,256.1930847167969,263.8559299419898,256.0382758855006,259.0859990893106,26439700
2022-06-10,244.7761993408203,252.1197571149294,244.33112762791936,252.1197571149294,31422800
2022-06-13,234.39456176757812,240.9350949240482,233.6882667435192,237.1520369876546,46135800
2022-06-14,236.5521697998047,237.76158615878145,233.66891057036807,235.94261923059773,28651500
2022-06-15,243.58615112304688,247.01122689050288,238.4195274205562,240.24816456305055,33111700
2022-06-16,237.01658630371094,239.3870394621926,235.1298996985269,237.99378942655406,33169200
2022-06-17,239.60958862304688,242.36706412018737,236.10712319916604,236.75536866492723,43084800
2022-06-21,245.5018768310547,246.47908003768092,241.4092008096241,242.1348507017861,29928300
2022-06-22,244.9116668701172,248.82050899795738,242.24126597240473,243.71192046945043,25939900
2022-06-23,250.45558166503906,250.9490329504163,245.3954029023052,247.27241931036113,25861400
2022-06-24,259.0086364746094,259.2795445759663,253.22277759883846,253.30985203926372,33923200
2022-06-27,256.2898864746094,259.589148741076,254.73214265073585,259.50207429528484,24615100
2022-06-28,248.15289306640625,258.2442559262375,247.99808423159308,255.40939111021387,27295500
2022-06-29,251.8101806640625,253.46465404099425,247.45626683639776,249.22685422747804,20069800
2022-06-30,248.4915313720703,251.10388274506582,244.68913309560924,248.70438985080898,31730900
2022-07-01,251.15225219726562,251.33608586530872,246.3436258304713,248.06584848912598,22837700
2022-07-05,254.316162109375,254.4419461766553,246.46946558269872,247.84336124997253,22941000
2022-07-06,257.5670166015625,259.28922459470346,253.8807173042958,255.18689308896802,23824400
2022-07-07,259.68585205078125,260.3244273758523,256.4155857769769,256.5123449826114,20859900
2022-07-08,258.96990966796875,259.395626588486,254.74179480110894,256.1930944319359,19658800
2022-07-11,255.92218017578125,257.87658633518555,253.66781160194918,257.0251525146876,19455200
2022-07-12,245.4341583251953,257.3057954639804,243.8570743997537,257.24774583098747,35868500
2022-07-13,244.5149688720703,245.31802312540924,240.05464064203076,242.06711128352157,29497400
2022-07-14,245.83084106445312,246.85642391031848,237.95512128406688,242.4348047942675,25102800
2022-07-15,248.3851318359375,251.91662221794022,246.49844499125953,247.41759860652465,29774100
2022-07-18,245.9953155517578,252.3713557823353,245.07616196648328,251.3167481398981,20975000
2022-07-19,251.10389709472656,251.2877307699049,245.44382181429663,249.2171954923263,25012600
2022-07-20,253.7549285888672,256.2705208821731,250.50403112190256,251.46187956720985,22788300
2022-07-21,256.24151611328125,256.2899104944366,248.6850833881356,251.35548474975212,22404700
2022-07-22,251.9069061279297,256.7155468615233,250.65880967638628,256.628472424911,21881300
2022-07-25,250.42660522460938,253.00993186101113,248.4721987897753,252.52616526089446,21056000
2022-07-26,243.7215576171875,251.44248161288002,241.46721871135543,251.42311205568572,39348000
2022-07-27,260.0148620605469,261.28232818719346,250.4459740907152,252.68097341491003,45994000
2022-07-28,267.4358215332031,268.81938674780196,259.17308078267786,260.9920476929204,33459300
2022-07-29,271.625244140625,272.8443453449876,267.64869711004144,268.6839646557535,32152800
2022-08-01,268.9838562011719,272.1476784512212,266.88429661951363,268.80002257079224,21539600
2022-08-02,265.8974609375,268.8677947225736,263.53667774646465,267.0391429404589,22754200
2022-08-03,273.299072265625,274.29563016416313,267.6293130218933,267.77446660635644,23518900
2022-08-04,274.4407653808594,274.58588944445677,271.0737689983291,272.65082319177765,18098700
2022-08-05,273.724853515625,274.4408187197017,269.6321769661417,270.0869188049732,16774600
2022-08-08,271.2189025878906,276.63709419104765,270.25136942756865,274.8277823787597,18739200
2022-08-09,273.1346130371094,273.8892877589125,268.5968799256363,270.5610006852255,23405200
2022-08-10,279.7718811035156,280.40077172746834,277.62395639158353,278.81403276129174,24687800
2022-08-11,277.70135498046875,281.7553212542064,277.20793315057733,281.40702349193015,20065900
2022-08-12,282.4326477050781,282.4326477050781,277.6240060475437,279.11401558943726,22619700
2022-08-15,283.9419250488281,284.62886524606995,280.6909986505251,281.55211723691497,18085700
2022-08-16,283.2066955566406,284.4935315241321,280.9910653118464,282.51007032188716,18102900
2022-08-17,282.4600830078125,284.4283433719824,280.6663411966556,280.9281190261752,18253400
2022-08-18,281.3450622558594,283.0321341039528,280.28818642679033,281.36444334293145,17186200
2022-08-19,277.44732666015625,280.45305241376826,276.87527385505905,280.1136910305551,20570000
2022-08-22,269.30279541015625,273.86954199957296,268.7889154719794,273.5010941968334,25061100
2022-08-23,268.0325927734375,270.3789763942887,267.0242141584032,268.0325927734375,17527400
2022-08-24,267.40234375,268.7985510668254,266.74300225801466,267.03389604285996,18137000
2022-08-25,270.3692932128906,270.5341064037505,266.170965672793,268.89550229541334,16583400
2022-08-26,259.9365234375,271.8139618186625,259.8298830917029,270.5922729736932,27549300
2022-08-29,257.16351318359375,259.2674999332414,255.82547868834627,257.76465225492166,20338500
2022-08-30,254.97227478027344,258.9281764138231,252.7325313512988,258.55975823755864,22767100
2022-08-31,253.51792907714844,258.9863846942674,253.38217268617962,257.3187233614418,24791800
2022-09-01,252.48043823242188,252.95555596320528,247.64220877512267,250.9969713685728,23263400
2022-09-02,248.2723846435547,256.68839066109626,246.73074523815598,253.7408682003107,22855400
2022-09-06,245.54786682128906,249.98856152174304,244.27771043015858,248.408159830305,21328200
2022-09-07,250.24066162109375,250.9581464072949,245.5187784892074,246.95376285633063,24126700
2022-09-08,250.65760803222656,252.5095226601968,247.04105284590432,249.67834533210234,20319900
2022-09-09,256.4169006347656,257.16350136081496,252.37374050442193,252.57734543450854,22084700
2022-09-12,258.5403747558594,259.31606213090066,257.09569955467623,257.69683877692836,18747700
2022-09-13,244.32618713378906,252.48040101382477,243.93834353048703,250.96784794774865,33353300
2022-09-14,244.54922485351562,246.49808932194622,242.26099903033722,245.8193814071736,23913000
2022-09-15,237.91722106933594,243.75412313348235,236.5985823888046,242.1737066610615,31530900
2022-09-16,237.2966766357422,237.83964287173066,234.69817634172827,236.83126432370605,39791800
2022-09-19,237.0834197998047,237.68455901162233,233.52503724889056,235.09576347059402,26826900
2022-09-20,235.07632446289062,236.10408413767027,232.35178783208616,234.70789152713547,26660300
2022-09-21,231.6827850341797,240.12789337863492,231.634302730604,236.84099440441966,28625600
2022-09-22,233.6510009765625,236.44341543260455,230.34472154308168,230.63558571998684,31061200
2022-09-23,230.68409729003906,233.79647753038185,228.04681992346752,232.25482322354088,34176000
2022-09-26,230.2283935546875,234.106740937524,229.69511783060327,229.84056473429231,27694200
2022-09-27,229.22003173828125,234.44610429031408,227.36811729613822,232.68144911431068,27018700
2022-09-28,233.73831176757812,234.95998588678188,227.5911198226186,229.60786226959718,29029700
2022-09-29,230.27688598632812,232.6523709038743,227.28086605201818,231.6246111693645,27484200
2022-09-30,225.81675720214844,233.224399677071,225.65192922341265,231.04282940218874,35694800
2022-10-03,233.4183349609375,234.26187075492425,227.52324535563076,228.25043546623195,28880400
2022-10-04,241.310791015625,242.74577547683293,237.52939325058418,237.6360484007584,34888400
2022-10-05,241.6210479736328,242.95908260476142,236.67616375353109,238.50868236825332,20347100
2022-10-06,239.28431701660156,242.72635307461078,238.5959186818319,240.38964536366748,20239900
2022-10-07,227.1160125732422,233.98068874798435,226.07854761763357,233.57344928121,37769600
2022-10-10,222.2777862548828,227.4262900818972,219.83442324055144,225.962219258619,29743600
2022-10-11,218.55458068847656,222.0935668585732,217.29411479408543,220.69735939369207,30474000
2022-10-12,218.88424682617188,220.93007581576018,217.1486927519345,218.54488548684702,21903900
2022-10-13,227.1160125732422,228.91944457503647,212.4655557421077,213.16365940697776,42551800
2022-10-14,221.60877990722656,230.02480190806705,221.3954696052538,228.37649233923707,30198600
2022-10-17,230.30596923828125,231.6924861628052,227.98865719878884,228.64798396705297,28142300
2022-10-18,231.2464599609375,236.5113093692739,228.21164843552518,235.84230688122926,26329600
2022-10-19,229.28787231445312,232.32268360031256,227.16447494797129,229.83083853160068,19985700
2022-10-20,228.96792602539062,233.97099766347205,227.72685605551754,228.59949308712024,21811000
2022-10-21,234.7563934326172,235.60963470412872,227.36814542435465,227.60085162423684,26299700
2022-10-24,239.7303466796875,240.30239936572295,233.96130792884753,236.34648327507583,24911200
2022-10-25,243.03662109375,243.40505400256714,238.35351526216095,239.74001722910089,34775500
2022-10-26,224.28485107421875,231.05256356203466,223.06316209926047,224.13940416091688,82543200
2022-10-27,219.85385131835938,226.58278743700097,218.9133507487669,224.0133730210549,40424600
2022-10-28,228.69642639160156,229.40423538492817,219.17509201652825,219.35931586973052,40647700
2022-10-31,225.07022094726562,227.7753619981535,224.12001509457988,226.65063759786585,28357300
2022-11-01,221.23062133789062,228.57040061346953,220.41617196573657,227.4650722384831,30592300
2022-11-02,213.4060821533203,224.26545245124476,213.34789451187777,222.48141610977814,38407000
2022-11-03,207.73397827148438,213.70663669340686,207.4721856849331,213.3963618064245,36633900
2022-11-04,214.65682983398438,214.85074424296624,206.93891208084915,210.9336199205367,36789100
2022-11-07,220.93975830078125,221.46334350265937,214.55018429237435,215.23859748900023,33498000
2022-11-08,221.90933227539062,224.6047824698309,218.97148537429405,221.74450429023085,28192500
2022-11-09,217.68190002441406,221.67660720318764,217.50738152362032,220.4549185187571,27852900
2022-11-10,235.59024047851562,235.92960183972272,227.85294051339187,228.2698558137152,46268000
2022-11-11,239.59463500976562,240.4478762714851,234.57216684835737,235.59994145666624,34620200
2022-11-14,234.20370483398438,236.491930374749,231.9348751725974,234.63032541196574,31123300
2022-11-15,234.61094665527344,239.4879676468522,232.72994567583086,238.18872473342853,31390100
2022-11-16,235.0387420654297,237.05145015358517,233.76500614633548,236.06939815763067,24093300
2022-11-17,234.9901123046875,236.51666066871482,231.0522311596021,231.19807311445172,23123500
2022-11-18,234.54286193847656,236.99311072037338,232.4134803048627,236.76946659991202,27613500
2022-11-21,235.3498992919922,237.8973712159803,234.51370406585946,234.74705121223045,26394700
2022-11-22,238.2473907470703,238.51963895713513,234.04697919434565,236.8472486173572,19665700
2022-11-23,240.72682189941406,241.40744246425524,237.50844728562427,238.3251919634337,19508500
2022-11-25,240.63931274414062,241.81581080755163,239.9003405690243,240.46428755240743,9200800
2022-11-28,235.0679168701172,239.8225578203936,234.13449861777707,239.26834351489458,24778200
2022-11-29,233.677490234375,236.06938731272962,231.61617814466862,234.71786413074798,17956300
2022-11-30,248.07752990722656,248.26227293636023,233.22049313047097,233.9108463177998,47594200
2022-12-01,247.63999938964844,249.03040883628205,243.97435155588244,246.84269045988094,26041500
2022-12-02,247.9608917236328,248.97209734788092,242.77842766287273,242.90483392955983,21528500
2022-12-05,243.2742919921875,246.79409803519974,241.19352923147437,245.0341875954859,23435300
2022-12-06,238.33493041992188,244.88836862260774,237.03202596367208,243.87716295834053,22463700
2022-12-07,237.60569763183594,239.3461577438851,235.50549890980594,238.0529711038157,20481500
2022-12-08,240.55177307128906,241.85469212330918,236.33191114744716,238.062638200754,22611800
2022-12-09,238.62660217285156,241.43660437225947,237.40148518904434,237.92653108598594,20609700
2022-12-12,245.5203094482422,245.54947783656846,240.32812861638251,240.60037679836978,30665100
2022-12-13,249.8083038330078,256.61453937496145,246.06486835036688,254.44625651294808,42196900
2022-12-14,250.09999084472656,255.32134114124744,247.27053790250687,250.01248566170938,35410900
2022-12-15,242.11721801757812,247.16355744305537,240.49344660406408,246.69684834391964,35560400
2022-12-16,237.91680908203125,242.92424748334844,236.7694646066407,241.6699621291789,86102000
2022-12-19,233.79415893554688,238.42240802601717,232.1023329485857,238.08209035651285,29696400
2022-12-20,235.10679626464844,236.18607121939564,231.82035247090366,232.77322117622552,25150800
2022-12-21,237.66400146484375,238.82106381583225,233.4635897668888,234.99985605475112,23690600
2022-12-22,231.59674072265625,235.29155709825014,227.39631414751827,234.58175331390822,28651700
2022-12-23,232.12176513671875,232.2578892351766,227.46436256281203,229.57429350711575,21207000
2022-12-27,230.4008026123047,232.31625810648032,229.30207698528272,232.09262880735398,16688600
2022-12-28,228.0380096435547,233.0843484187372,227.6879741552064,230.3326834368573,17457100
2022-12-29,234.33865356445312,235.22346762933782,229.12702186965714,229.12702186965714,19770700
2022-12-30,233.18162536621094,233.3177494769252,230.1090927684712,231.6161906747891,21938500
2023-01-03,232.9482421875,238.94745003778394,230.82857855768225,236.3513594820361,25740000
2023-01-04,222.7583770751953,226.42401047503648,219.7052947992431,225.8503455985308,50623400
2023-01-05,216.15631103515625,221.2512697398711,215.62153242856337,220.910952034835,39585600
2023-01-06,218.70376586914062,219.51079264209568,213.27823740876858,216.82719680304174,43613600
2023-01-09,220.83316040039062,224.8391261091335,220.14282198786435,220.18170823285104,27369800
2023-01-10,222.51527404785156,224.90717117777552,221.03734458217542,221.4554347527597,27033900
2023-01-11,229.2437286376953,229.41873899259986,224.71271707723938,224.88772743214392,28669300
2023-01-12,231.9078826904297,233.25940599267489,227.09490487805533,228.74784480479596,27269500
2023-01-13,232.60794067382812,232.74406478160432,228.41724688827324,230.43967280124468,21333300
2023-01-17,233.6969451904297,234.24144161412062,230.52717483814848,231.38282055332843,29831300
2023-01-18,229.2826385498047,235.67078421870966,229.00067244788087,234.88320786751135,30028700
2023-01-19,225.51002502441406,229.00066284863416,224.2946258083473,227.30882179875937,28623000
2023-01-20,233.57054138183594,234.07615156759218,228.0185916995672,228.35890938614477,35389800
2023-01-23,235.865234375,238.3835379806386,233.01633090813738,234.42620586269453,31934000
2023-01-24,235.3401641845703,237.19729766623655,233.7844621578948,235.78743760454404,40234400
2023-01-25,233.94972229003906,236.56526330051295,224.50849637099506,227.98940087225645,66526600
2023-01-26,241.13519287109375,241.43660948835614,235.30127691453504,236.90559786802248,33454500
2023-01-27,241.29075622558594,242.9145276437586,239.99756980206558,242.0977830088241,26498900
2023-01-30,235.9916534423828,238.80165597851493,235.4957610418544,237.74181653285473,25867400
2023-01-31,240.95045471191406,241.08657882687118,236.22498209780977,236.7111417707159,26541100
2023-02-01,245.7537078857422,248.11643670951443,238.67522443009082,241.1351911203326,31259900
2023-02-02,257.2756652832031,257.36317045013345,250.12911325561998,251.6556615153349,39940400
2023-02-03,251.19871520996094,256.8867894598402,249.98331599728726,252.35577763425286,29077300
2023-02-06,249.6624298095703,251.15007723406973,247.72752379068612,250.31389683270552,22518000
2023-02-07,260.1537170410156,261.33021493867875,252.88075890318808,253.31831440266953,50841400
2023-02-08,259.3467712402344,269.09913389839613,258.8411461479816,265.63767911484825,54686000
2023-02-09,256.3228454589844,266.39609026500864,255.5255363984652,266.2210502148411,42375100
2023-02-10,255.81723022460938,256.7798168982394,253.4447686061317,254.29068170390744,25818500
2023-02-13,263.8096923828125,266.9988986544617,259.7551076492649,260.23156430688056,44630900
2023-02-14,264.6361999511719,267.35868256455376,261.82618247447147,265.1223596801926,37047900
2023-02-15,262.5209655761719,263.8953733913227,259.46022127566107,261.54621079213484,28922400
2023-02-16,255.53195190429688,260.00607263961115,255.28826321666222,257.35473852825965,29603600
2023-02-17,251.54519653320312,253.5239473924271,249.53720422274546,252.8416369479222,30000100
2023-02-21,246.29127502441406,249.04009049318063,245.2385381346892,248.05557870006874,28397400
2023-02-22,245.16055297851562,247.91911060638247,244.0200917469653,247.6754219276689,22491100
2023-02-23,248.3382568359375,250.35599131241563,244.15655088158258,249.1083064975943,29219100
2023-02-24,242.92835998535156,244.66342210762315,241.8366395147742,243.649683795455,24990900
2023-02-27,243.84461975097656,246.43747061453573,243.09405452761465,246.08655835575647,21190000
2023-02-28,243.12332153320312,245.1410709516809,242.4507383937105,242.78216630386783,22491000
2023-03-01,240.05284118652344,244.59518672884,239.58494822729267,244.4294802167035,27565300
2023-03-02,244.77064514160156,245.05331745079246,239.4094944705545,240.32576623774196,24808200
2023-03-03,248.8450927734375,249.1667635730139,245.04355582130654,245.8233624681365,30760100
2023-03-06,250.38523864746094,253.55319146823706,249.51770754686837,249.9563441934913,24109800
2023-03-07,247.73391723632812,251.1845574289097,246.99310897042966,249.82963402877948,21473200
2023-03-08,247.29525756835938,248.11404792403098,244.47821715829852,247.62667058752513,17340200
2023-03-09,245.9501190185547,253.0073336989174,245.22879516854297,249.36176055143883,26653400
2023-03-10,242.31427001953125,246.40823683070676,241.3492723748031,244.74141460422547,28333900
2023-03-13,247.5097198486328,251.39899658512076,239.52647621107045,241.1543148292338,33339700
2023-03-14,254.20626831054688,254.47919841708625,249.40072024994075,250.26825127577843,33620300
2023-03-15,258.7388610839844,259.75261418809725,252.6661292714571,253.41670934490338,46028000
2023-03-16,269.22723388671875,269.57813126600007,256.6333912973098,258.51466054625075,54768800
2023-03-17,272.3757019042969,276.1772393298442,269.3442290300633,271.23525555020916,69527400
2023-03-20,265.35748291015625,270.47494508940247,263.0375619626868,269.98756773899805,43466600
2023-03-21,266.86834716796875,268.0575491212291,262.7158825243108,267.94058331388436,34558700
2023-03-22,265.41595458984375,273.9450578612845,265.3087161087697,266.4979179833595,34873300
2023-03-23,270.6503601074219,273.9645197282161,268.2524721711086,270.9232901997897,36610900
2023-03-24,273.4869079589844,273.54539085578926,268.33044774491924,270.2409584505626,28172000
2023-03-27,269.4027404785156,274.35448184903447,268.56443586925224,273.4187255560144,26840200
2023-03-28,268.2817077636719,269.16873798129603,265.18196566074795,268.82756793649463,21878600
2023-03-29,273.428466796875,274.0425670542095,271.3814758548116,271.9175790730678,25087000
2023-03-30,276.8790588378906,277.27871183195333,274.3739618829966,277.054537290587,25053400
2023-03-31,281.021728515625,281.9672416312898,275.85554123239365,276.5671227721079,32766000
2023-04-03,279.9787902832031,280.99251370652144,276.781596204477,279.2866930601582,24883300
2023-04-04,279.9300842285156,283.11755155269356,278.45822466702356,279.9788398181857,25824300
2023-04-05,277.1617736816406,279.90083226436434,275.77763853693574,278.6336629350254,22064800
2023-04-06,284.23846435546875,284.7063275533511,274.91005513471964,276.0602584923825,29770300
2023-04-10,282.0842590332031,282.28894917802717,277.52238471849756,281.90878059048885,23103000
2023-04-11,275.6898498535156,278.7603508575734,274.5299191651681,278.5361465748028,27276600
2023-04-12,276.33319091796875,279.7643463826104,274.8418174679427,277.6003898328518,27403400
2023-04-13,282.52288818359375,282.58137108364906,276.02129123451107,276.4306715348985,24222700
2023-04-14,278.9162902832031,281.19721243469814,276.52812965920475,279.7545649448243,20987900
2023-04-17,281.50909423828125,284.2384247499491,278.93575776704006,282.61057160840295,23836200
2023-04-18,281.0899963378906,284.39442891149264,279.76434427989847,284.2092231464568,20161800
2023-04-19,281.16802978515625,281.75285885875036,277.3567350040731,278.7701115947992,17150300
2023-04-20,278.8870544433594,281.7333512714664,277.88305828682746,278.048779675469,23244400
2023-04-21,278.5458984375,279.04300308117706,275.91404898236954,277.8148324496472,21676400
2023-04-24,274.6565856933594,277.75632784748706,271.6835961405842,274.9685142964532,26611000
2023-04-25,268.4669189453125,274.4908950976734,268.41816336812605,272.45366159943416,45772200
2023-04-26,287.91326904296875,292.00725036990406,285.33993229955405,289.2097093535968,64599200
2023-04-27,297.1344909667969,297.495175228431,287.79635312272336,288.4981777647632,46462600
2023-04-28,299.50311279296875,301.1309363430766,295.65282016140077,296.33516029137365,36469600
2023-05-01,297.8460693359375,300.8093322076719,297.4464163049507,299.2204771506516,21294100
2023-05-02,297.6998596191406,301.3746744145902,296.2377274555762,299.9905392914893,26404400
2023-05-03,296.71533203125,300.819041090019,296.4131604465873,298.8792887083803,22360800
2023-05-04,297.6998596191406,299.9905392914893,295.74059300087464,298.5088929942314,22519900
2023-05-05,302.8074951171875,304.0941782629667,296.5885563264028,298.00196232327136,28197100
2023-05-08,300.8580322265625,302.36891985995953,298.3626625741606,302.30067989163814,21318600
2023-05-09,299.24969482421875,302.2129574604757,298.5771116971217,300.22444953048654,21340800
2023-05-10,304.4256591796875,305.0982423493034,299.90281252520236,300.82881170640417,30078000
2023-05-11,302.28118896484375,303.26570080657984,298.5284068792122,302.2714616451602,31680200
2023-05-12,301.1699523925781,302.8075331032812,298.8597885779878,302.71005168658775,19774700
2023-05-15,301.6475524902344,302.07644689728147,299.82476613385916,301.2966551101867,16336500
2023-05-16,303.8700866699219,305.79035503595617,302.0083012188199,302.0083012188199,26730300
2023-05-17,306.7420959472656,307.16214962437107,303.55743916918806,305.0716298231173,24315000
2023-05-18,311.15753173828125,311.66553123401303,306.46849366987317,307.2597684712648,27276000
2023-05-19,310.9818115234375,311.382338265414,309.0573453697489,309.41878833362847,27546700
2023-05-22,313.756103515625,315.1335157612651,310.65939292099665,311.2357518358931,24115700
2023-05-23,307.97296142578125,315.26051959828607,307.9631830299581,312.63269496953484,30797200
2023-05-24,306.59552001953125,309.18426063109985,305.384161727715,307.4551840291494,23384900
2023-05-25,318.38653564453125,319.3438643558403,312.6033603605029,315.7684598442555,43301700
2023-05-26,325.1954040527344,325.69359534814544,316.3936568169518,316.5304052743781,36630600
2023-05-30,323.5542907714844,327.9795816142876,322.8802372817965,327.4813902004807,29503100
2023-05-31,320.7994689941406,328.1749431768424,319.76394285514135,324.6093167826368,45950600
2023-06-01,324.892578125,325.8206313081567,317.21427212946173,318.396295279445,26773900
2023-06-02,327.6474304199219,329.6988961808169,324.86330044529166,326.5240179212979,25873800
2023-06-05,328.1749572753906,330.734392827561,326.924544875392,327.47159843712996,21307100
2023-06-06,325.9671936035156,327.61813272213266,324.49211655757586,327.5790489490728,20396200
2023-06-07,315.9052734375,326.75845825838536,315.045609330463,323.9841067025186,40717100
2023-06-08,317.74176025390625,319.0898668992322,315.87590553008897,316.4522643486225,23277700
2023-06-09,319.2364807128906,322.36249701135495,316.9114880172706,317.4780685960809,22529000
2023-06-12,324.1794738769531,324.42369526305714,317.64410719983425,320.98503906691633,24260300
2023-06-13,326.5630798339844,329.1909043563213,322.75323214002157,326.738912078587,22951300
2023-06-14,329.5425720214844,331.20328940233077,325.11728161658255,326.61191533447175,26003800
2023-06-15,340.0538635253906,341.75363483053593,329.40581706772855,329.6793438273172,38899100
2023-06-16,334.41717529296875,343.3459224105444,334.04598387273194,343.19939555884866,46552000
2023-06-20,330.23614501953125,334.17299255500126,328.09676330100183,331.4670303403785,26375400
2023-06-21,325.8499755859375,329.92360187076076,324.39442550484875,328.59502188215436,25117800
2023-06-22,331.8577880859375,332.2583147464339,325.6350317853251,326.3970013361719,23556800
2023-06-23,327.2762145996094,330.14826075055646,325.7425268104143,326.6314665032556,23146900
2023-06-26,321.00457763671875,328.3409673865728,320.89710473059927,326.00622657027685,21520600
2023-06-27,326.8365783691406,328.38004429209786,321.68837287006505,324.18919728458985,24354100
2023-06-28,328.0870056152344,330.1677765285819,326.0941508206252,326.924509469394,20259500
2023-06-29,327.30548095703125,328.3409772213773,324.93165630266327,326.97334345829574,16997000
2023-06-30,332.66864013671875,334.8080220472076,329.4058457163647,329.94312088694005,26832800
2023-07-03,330.1775817871094,333.0203226963317,328.7904208148886,331.3498565292041,12508700
2023-07-05,330.3338623046875,333.7529619318794,326.99293022093957,327.3445947298887,18172400
2023-07-06,333.3817138671875,335.0619581701481,327.7450950952517,329.5034771232006,28161200
2023-07-07,329.4253234863281,333.8896972947202,329.21040748776585,331.47678896129895,21214800
2023-07-10,324.1599426269531,327.48137758941004,320.0179571321777,326.8659348779879,32791400
2023-07-11,324.78515625,325.1661261312258,319.441590831674,323.4077439781263,26698200
2023-07-12,329.4058532714844,333.75297652887264,327.91121941871575,328.8197159187511,29995300
2023-07-13,334.7396240234375,335.7946473564409,331.18374612162296,331.711272694216,20567200
2023-07-14,337.25994873046875,343.3068725083686,336.35145234816736,339.55563567406386,28352700
2023-07-17,337.7386779785156,338.9695335941496,334.29027291358,337.689815809939,20363900
2023-07-18,351.1805419921875,358.3020452926389,334.2609086018875,337.83628312548785,64738600
2023-07-19,346.87249755859375,354.0819174710134,344.29353528638507,353.38833709875524,39732900
2023-07-20,338.8523254394531,349.69576227029717,337.38699694372247,345.39747131192405,33778400
2023-07-21,335.823974609375,342.20303681474576,331.9750427010371,341.07962426148026,69405400
2023-07-24,337.1329650878906,338.901155398555,334.397697414045,337.8558806826926,26678100
2023-07-25,342.8673095703125,343.7562790203098,337.09391224924093,339.0867373558683,41637700
2023-07-26,329.9626159667969,336.70314999869004,325.41032580255074,333.5477989926325,58383700
2023-07-27,323.0755310058594,333.44027047963834,321.44411931935497,332.60994176424407,39635300
2023-07-28,330.5487365722656,332.1508430764587,325.4689499409115,325.9573926830905,28484900
2023-07-31,328.15545654296875,329.89431189161485,325.65460173075695,329.1323422402348,25446000
2023-08-01,328.5656433105469,330.7148031903255,325.9866812669901,327.44223102382614,18311900
2023-08-02,319.9300537109375,325.9183675778276,318.81638974847687,325.9183675778276,27761300
2023-08-03,319.1094665527344,322.25503950417715,318.4158860961526,318.4647184532504,18253700
2023-08-04,320.20355224609375,327.393445572908,319.67602568873457,324.20878906184083,23741500
2023-08-07,322.4797058105469,323.4565914550908,319.94957556864017,320.7799343289393,17741500
2023-08-08,318.5135498046875,321.1511529476865,315.53406053871555,319.4025193112215,22327600
2023-08-09,314.7818298339844,319.5490060989431,313.62908227048086,318.9238148724649,22373300
2023-08-10,315.4657287597656,320.6725468432061,313.7561785852674,318.4843023475598,20113700
2023-08-11,313.59002685546875,314.9576606059445,311.83161505156005,312.8573627235517,24355500
2023-08-14,316.54998779296875,316.5695147707091,312.68149972344554,313.9612471638397,18836100
2023-08-15,314.42034912109375,317.5756999823602,313.48254739923874,315.53401288819225,16966300
2023-08-16,313.6567687988281,317.59218190962685,313.0693905863645,314.0483443153716,20698900
2023-08-17,310.2109069824219,315.09587723168505,309.5549947446499,313.7938817302348,21257200
2023-08-18,309.8193359375,311.679342341884,304.99307058455463,307.8711973932979,24755000
2023-08-21,315.1056823730469,315.9769357985516,310.3675491383052,311.23880256380994,24040000
2023-08-22,315.67340087890625,319.2172084832267,314.6944471815671,318.6494284839002,16084600
2023-08-23,320.117919921875,322.2716304158125,316.65241480901244,317.00485374224843,21166400
2023-08-24,313.23583984375,325.97203798658785,313.2260407459276,325.84476921608996,23281400
2023-08-25,316.1824951171875,318.5123799630537,312.09044570865603,314.70426538436715,21684100
2023-08-28,316.88739013671875,319.2858092722639,314.949050654982,318.8061314202153,14808500
2023-08-29,321.49822998046875,322.0562408320529,315.1056626837717,315.1056626837717,19284600
2023-08-30,321.8702087402344,322.86873080054954,319.57946057224274,321.75273907140877,15222100
2023-08-31,320.8619384765625,323.94563727355137,319.9025529034829,322.2716344766663,26411000
2023-09-01,321.74298095703125,325.00288418337306,319.9025429102048,324.33720272503615,14942000
2023-09-05,326.53009033203125,327.8027484399957,321.74302087195747,322.07586164241764,18553900
2023-09-06,325.8741455078125,327.42087936565457,323.23095829944674,326.3636224074877,17535800
2023-09-07,322.9666748046875,326.0699418421109,322.1051906191248,324.3176359252016,18381000
2023-09-08,327.2348937988281,329.0851309217736,322.5261281543159,323.14287386196446,19530100
2023-09-11,330.8276672363281,331.29757584054045,328.37048350695864,330.1423875895978,16583300
2023-09-12,324.7874755859375,329.70184254177326,324.5036005080368,328.7522562072044,17565500
2023-09-13,328.98724365234375,329.76062559468676,324.2001746396606,324.33721264984047,16544400
2023-09-14,331.5716857910156,333.68619984765456,329.48650927999284,332.01219710477335,20267000
2023-09-15,323.2701110839844,330.2989918946616,322.7121002719872,329.8291132111252,37679800
2023-09-18,322.134521484375,323.4463159361462,319.4913343854658,320.9010301881777,16834200
2023-09-19,321.73321533203125,322.4576615829364,317.68036144314755,319.30542861366945,16505900
2023-09-20,314.0190734863281,322.65345520205574,313.7645657537052,322.5751520247809,21436500
2023-09-21,312.8051452636719,318.50266425545,308.3704851953978,312.540838460042,35560400
2023-09-22,310.33819580078125,314.6847536524901,309.4962798834054,314.5574848611761,21447900
2023-09-25,310.8570251464844,310.98429393163934,308.3704739123921,309.92700700519936,17836000
2023-09-26,305.5706787109375,309.23195666524725,303.49527138826676,308.4977412546043,26297600
2023-09-27,306.20697021484375,307.6851701509051,303.1722074325514,305.7272625333357,19410100
2023-09-28,307.0391540527344,308.84042586965904,302.9373343071566,304.4449019920562,19683600
2023-09-29,309.10467529296875,312.746384776468,308.35089159051364,311.06258297495117,24147300
2023-10-02,315.0273132324219,315.1154453625428,308.5466440139972,309.6234991428816,20570000
2023-10-03,306.79437255859375,314.6260036436558,304.6602303826851,314.0777619824239,21033500
2023-10-04,312.2471008300781,313.3043876816742,307.3914982671209,307.420865686593,20720100
2023-10-05,312.638671875,313.24564832750764,308.27254628304615,312.3743651035606,16965600
2023-10-06,320.3724670410156,322.26184092251725,309.6431106472469,309.8878491254301,25673600
2023-10-09,322.8785400390625,323.34841872912307,316.37827265710837,317.9152372482106,19891200
2023-10-10,321.4786682128906,324.13162477364205,320.7738202479149,323.9945568948938,20557100
2023-10-11,325.4238586425781,325.8154342155564,322.21289114367397,324.2393029495446,20063200
2023-10-12,324.19036865234375,326.6083859172805,321.8017188086289,323.6127894514465,19313100
2023-10-13,320.83251953125,326.80411343693316,319.4913278140148,325.3846484410319,21072400
2023-10-16,325.6391906738281,329.06552880865223,323.6421166530187,324.08262791660326,22158000
2023-10-17,325.0714111328125,326.4419405397074,320.51928173209353,322.65339394249423,18338500
2023-10-18,323.1624450683594,328.5271229876209,321.3905409680336,325.4923600401383,23153600
2023-10-19,324.34698486328125,329.78996567974724,323.9456102144574,325.1595033838665,25052100
2023-10-20,319.79486083984375,324.934368448125,318.6005359720502,324.73856573197526,25027700
2023-10-23,322.3890380859375,325.7272737717355,317.5628035384839,318.620060384211,24374700
2023-10-24,323.5736389160156,324.8560661648909,320.7053110922139,324.32742268148115,31153600
2023-10-25,333.500244140625,338.91385810810175,330.5144167677778,337.7586697804962,55053800
2023-10-26,320.9891662597656,334.4399815109655,320.05914822735156,333.3729254857893,37828500
2023-10-27,322.8687744140625,329.63334926048014,321.4884458683103,323.4757210351802,29856500
2023-10-30,330.2109069824219,332.3058824741977,324.84622935304117,326.39299310170355,22828100
2023-10-31,330.99407958984375,331.865362876774,327.64607407506094,331.71852577091533,20265300
2023-11-01,338.78656005859375,340.1081537078223,332.5016633074158,332.6387311841403,28158800
2023-11-02,340.98919677734375,341.4884429030558,337.51389284186956,339.93190993700205,24348100
2023-11-03,345.3749084472656,346.93147136857294,340.02002965992455,342.2716414539088,23637700
2023-11-06,349.0263977050781,350.01515060483416,345.9133317859224,346.0112331411466,23828300
2023-11-07,352.9422302246094,354.83160398439014,350.1032700356418,351.83600759444016,25833900
2023-11-08,355.5560607910156,356.2119431597548,352.9618091115113,354.0680317747925,26767800
2023-11-09,353.0988464355469,357.11256296700316,352.77577495327927,354.6749477041347,24847300
2023-11-10,361.88983154296875,362.3107744686887,353.4708236520889,353.8819674806025,28042100
2023-11-13,358.9627990722656,360.71513487046275,358.1992162461448,360.4703964021509,19986500
2023-11-14,362.47723388671875,364.1218990717547,359.61870535436486,363.20168005612413,27683900
2023-11-15,362.62432861328125,366.01837474315664,360.1130931096354,364.20362862675586,26860100
2023-11-16,369.00048828125,369.17705042836303,363.12463294088235,363.88976551430744,27182300
2023-11-17,362.8009338378906,367.2347751466243,360.00524677898665,366.4892506146671,40157000
2023-11-20,370.246337890625,371.64907620133334,363.9290760622169,364.1448842589367,52465100
2023-11-21,365.95953369140625,369.04949073661675,364.0466874588826,368.5099853561269,28423100
2023-11-22,370.64849853515625,372.5515261398846,367.82338415552084,370.79563367244174,23345300
2023-11-24,370.2364807128906,370.766197129462,367.99014782412655,370.1383806452385,10176600
2023-11-27,371.3940124511719,373.38535117738047,369.0299712724483,369.5989038114079,22179200
2023-11-28,375.40606689453125,375.7003371685908,370.95258715281994,371.1389683050371,20453100
2023-11-29,371.6294250488281,376.97553440384473,370.24629493974936,376.44584793002184,28963400
2023-11-30,371.68829345703125,372.8457964517108,368.3138546072338,371.27628513665223,30554400
2023-12-01,367.3721618652344,370.9525899274523,364.23313921740737,369.579278745005,33040500
2023-12-04,362.1044616699219,362.47719398696046,355.98337139108264,362.06521566015255,32063300
2023-12-05,365.4200439453125,365.9693683802573,358.65155863650625,359.46575623768496,23065000
2023-12-06,361.77099609375,367.0484629860128,361.01568236902807,366.4206763695036,21182100
2023-12-07,363.8800354003906,364.3705058457687,359.33827428643895,361.2118749800961,23118900
2023-12-08,367.0975036621094,367.3231008977417,361.2118585847211,362.16337240300305,20154400
2023-12-11,364.22332763671875,364.51762785490314,359.1224531501872,361.4570971757964,27708800
2023-12-12,367.2445983886719,367.28384440026525,363.3992975227853,363.7818787799653,24838300
2023-12-13,367.23480224609375,370.4424978188213,363.70340938140794,368.8533485777596,30955500
2023-12-14,358.95562744140625,366.63640997800485,357.1899461347514,366.19497468337374,43277500
2023-12-15,363.6641845703125,365.30233890168853,359.29898614385536,359.858129570657,78502300
2023-12-18,365.5476379394531,365.89097325811696,361.65330118213683,362.4086448703857,21802900
2023-12-19,366.14599609375,366.14599609375,362.7911651705603,364.4097116072821,20603700
2023-12-20,363.5562438964844,368.8631367699809,363.46796282422974,367.8527690284867,26316700
2023-12-21,366.4206237792969,367.2740374598463,362.98733108269056,365.45929104730993,17708000
2023-12-22,367.4407653808594,368.02933580590116,365.606411005962,366.55792471126443,17107500
2023-12-26,367.5193176269531,369.75586165985493,366.3814226016606,367.8528339374102,12673100
2023-12-27,366.9405212402344,367.9116430236214,365.70452628978785,366.5677589576593,14905400
2023-12-28,368.1274719238281,369.2849749136942,367.02882298863733,368.2157530058411,14327000
2023-12-29,368.8729553222656,369.9716041347207,366.3617494835299,368.83370931155366,18730800
2024-01-02,363.801513671875,368.7356447522221,359.7796503608471,366.73451711634624,25258600
2024-01-03,363.5366516113281,366.1459576250118,361.48648901542015,361.97695939537715,23083500
2024-01-04,360.9273376464844,365.9889954484458,360.1720240549271,363.6053166389914,20901500
2024-01-05,360.7409973144531,364.9688499798779,359.51482125288123,361.93774634798484,21004600
2024-01-08,367.5487060546875,368.04899543580075,361.9769695664422,362.26142084093584,23134000
2024-01-09,368.627685546875,368.82385571015396,364.115352688409,364.91973118486953,20830000
2024-01-10,375.47467041015625,376.8480113734613,369.14762069750896,369.1966557593691,25514200
2024-01-11,377.29925537109375,383.2339350900792,373.1302570741052,378.64313944413783,27850800
2024-01-12,381.0661315917969,381.2721208089887,377.3189299826169,378.14291678732616,21661200
2024-01-16,382.8317565917969,386.52010359232963,380.2322694497991,386.15716028479716,27202300
2024-01-17,382.0470275878906,382.6748141545887,377.4758397118604,380.5854353256014,22234100
2024-01-18,386.3631286621094,386.48083676243556,382.68460084723523,384.2541120354354,23392100
2024-01-19,391.0716552734375,391.0716552734375,386.0001785110236,388.21711414753673,29331100
2024-01-22,388.9528503417969,392.9845027036078,386.0884900033909,392.39593223013395,27016900
2024-01-23,391.29730224609375,391.7681646348443,386.42202498468174,388.2073445307626,20525900
2024-01-24,394.8875427246094,397.89903829237466,392.81777191847715,393.8869938433054,24867000
2024-01-25,397.1534729003906,399.25270045475327,394.858075159448,396.6139674673759,21021200
2024-01-26,396.23138427734375,398.4287118822507,394.75997317345707,396.66300059602537,17803300
2024-01-29,401.9110412597656,402.16609543170915,396.62375630100183,398.3207945584323,24510200
2024-01-30,400.8025817871094,405.1775691973873,398.7033841260815,404.40264755037606,33477600
2024-01-31,390.00244140625,407.404352059521,389.6394980894709,399.20367116692984,47871100
2024-02-01,396.08428955078125,400.2238610760148,394.1420159186215,394.1714429462631,30657700
2024-02-02,403.3824768066406,404.7852149654356,395.86846668943514,396.11370188933375,28256700
2024-02-05,397.9186706542969,403.32366460035666,396.29030516570674,402.08766948512715,25352300
2024-02-06,397.7616882324219,400.1944322717671,395.23087405866585,398.1442695260025,18382600
2024-02-07,406.15850830078125,406.4037434899342,399.63525825649936,399.67450426882596,22340500
2024-02-08,406.2174072265625,407.63978345515557,404.66753383171147,406.158553169539,21225300
2024-02-09,412.5346374511719,412.79951062359436,407.17870911735395,407.3356632361391,22032800
2024-02-12,407.3454895019531,412.7210259706923,406.8452001103824,412.54446380988065,21202900
2024-02-13,398.5758056640625,402.25433304223213,395.70165679054304,397.22210279914685,27824900
2024-02-14,402.4282531738281,402.77222335184723,397.59311635632974,401.03275815392834,20401200
2024-02-15,399.5487976074219,402.07448469518283,397.3179549607251,401.1015670196542,21825500
2024-02-16,397.0918884277344,401.24895188558764,396.4825852713034,400.9246260176193,22296500
2024-02-20,395.84381103515625,397.51447618664315,391.1462443294289,396.2860326967427,24307900
2024-02-21,395.2442932128906,395.3524118295115,390.3698381114288,393.2689765841808,18518900
2024-02-22,404.5509948730469,405.710638303165,401.52412337910727,403.1161813071161,27009900
2024-02-23,403.2635498046875,408.688344814685,401.9171806983302,408.5016490183945,16295900
2024-02-26,400.51190185546875,405.05222425854834,400.3349831970826,404.3642838981377,16193500
2024-02-27,400.4529113769531,401.2784217577938,396.8855068799419,400.9540958991776,14835800
2024-02-28,400.6888427734375,402.2415823725331,398.3302369307845,401.14090164538175,13183100
2024-02-29,406.5067138671875,407.05705416129825,398.9198455368932,401.59293981884394,31947300
2024-03-01,408.33465576171875,408.6982702714908,403.7943329800158,404.1775917906704,17823400
2024-03-04,407.7646179199219,410.1527047870807,405.2094495475142,406.3101300793095,17596000
2024-03-05,395.7062072753906,407.1061687535314,393.7308905561475,406.8211614689715,26919200
2024-03-06,395.1559143066406,398.1729790488092,391.5197391699057,396.0207434176088,22344100
2024-03-07,402.0843200683594,402.71326755552275,395.30328784063323,399.1163813277323,18718500
2024-03-08,399.21466064453125,403.3422428484954,397.35723965535834,400.92464441897226,18002200
2024-03-11,397.5439147949219,398.68391382966877,394.34015491255184,396.7970416276203,16120800
2024-03-12,408.118408203125,408.4034154899357,399.7748296289143,400.5905029088669,22457000
2024-03-13,407.9415283203125,410.96839994406946,404.3544792559954,410.88979275530687,17115900
2024-03-14,417.8869934082031,420.4421618629372,410.7816654727546,412.99286375239626,34157300
2024-03-15,409.2387390136719,415.31215606424155,405.6713345351322,412.0592402980969,45079900
2024-03-18,410.1231994628906,413.47439659588105,406.64423942002503,407.10613532964646,20106000
2024-03-19,414.1427001953125,414.39822603826195,408.38374152289526,410.62442124737834,19837900
2024-03-20,417.8967590332031,418.6141507133919,413.405563209279,414.7224508048228,17860100
2024-03-21,421.9654541015625,423.39046066082557,419.7935742345306,422.41751294459345,21296200
2024-03-22,421.3462829589844,422.446963535343,418.7223444405752,422.2897491598315,17648500
2024-03-25,415.56768798828125,420.03924040543956,414.3392444656493,417.9066492539799,18060500
2024-03-26,414.3785400390625,418.64369211377476,414.08372560652526,418.2702405050307,16725600
2024-03-27,414.1623229980469,417.13026150811925,411.78407332169564,417.1204243635022,16705000
2024-03-28,413.464599609375,414.59476162825587,411.89218593509474,413.70045116356334,21871200
2024-04-01,417.2481994628906,420.5109524938084,414.9387197575333,416.6388963047316,16316000
2024-04-02,414.17218017578125,415.0959720756304,410.6342569413904,412.8650995128624,17912000
2024-04-03,413.19927978515625,415.960818454912,411.86271762245,412.49169510873463,16502300
2024-04-04,410.6735534667969,421.27748545517426,410.36890189824567,417.66092523693425,19370900
2024-04-05,418.1818542480469,419.1548019931233,411.1060369628787,412.7668951431704,16554800
2024-04-08,417.26788330078125,419.91149627913853,416.00012113110665,417.8378979159273,14272400
2024-04-09,418.92864990234375,420.3634632900146,414.3490096464137,419.0858942448859,12496900
2024-04-10,415.9607849121094,416.7174952724338,412.4621804028437,414.90923013212864,16216600
2024-04-11,420.5502624511719,421.96543178968227,415.076310912024,418.4766641791292,17966400
2024-04-12,414.62420654296875,417.8476407951663,412.53093421008157,416.7371231732088,19253800
2024-04-15,406.5067138671875,419.4594150607099,406.30031376342345,419.2432078029309,20273500
2024-04-16,407.43048095703125,411.1846115754289,406.59516335126955,407.42067380289205,16765600
2024-04-17,404.73773193359375,411.65633410094387,403.25376259314334,410.0544389834795,15855500
2024-04-18,397.2983093261719,404.7869267946629,396.98385055417134,403.54864603373227,21029900
2024-04-19,392.2370910644531,398.48742718931453,390.91036608589934,397.0624207324797,30565800
2024-04-22,394.04534912109375,395.9027700554988,388.9252051027742,393.18052011404563,20286900
2024-04-23,400.5414123535156,401.1605527245356,396.10917826173034,397.2688218184954,15734500
2024-04-24,402.0057067871094,405.3569045099729,399.7650268716559,402.4970842246325,15065300
2024-04-25,392.15850830078125,392.99385593125254,381.3383676792714,387.2348968478242,40586500
2024-04-26,399.3129577636719,405.8777529623426,398.76261744709456,405.0620796331898,29694700
2024-04-29,395.3131103515625,399.31292950505053,392.30588312333157,398.2613746922827,19582100
2024-04-30,382.6158752441406,395.2246348761621,382.4586608840312,394.5661760291184,28781400
2024-05-01,388.129150390625,394.79222617325195,383.5789912516123,385.83931510454033,23562500
2024-05-02,390.9791564941406,393.0331103770738,387.84416635932274,390.80226783236736,17709400
2024-05-03,399.6470642089844,400.12860445610875,394.92982324925293,395.3425934548566,17446700
2024-05-06,406.40838623046875,406.79164496723695,399.3620218492585,401.71081997342634,16996600
2024-05-07,402.2808532714844,407.5189532422579,402.03516456718575,407.50911609687097,20018200
2024-05-08,403.4601745605469,405.1210326153664,399.6962067828019,401.13105042212936,11792300
2024-05-09,405.2094421386719,405.60253803694064,402.04497067197207,403.48962134136315,14689700
2024-05-10,407.5877380371094,408.2167155386998,404.6984363706866,405.81879129865774,13402300
2024-05-13,406.5852966308594,411.13545592488975,403.7353138522874,410.8013229086305,15440200
2024-05-14,409.3763732910156,410.2903281379281,404.45276171039177,404.9146577068904,15109300
2024-05-15,416.5338439941406,417.2525598208021,410.81374213755174,411.433999213995,22239500
2024-05-16,414.4761657714844,418.8376448328751,413.8460838814957,415.2736305334928,17530100
2024-05-17,413.708251953125,416.37634285020215,411.56198942365705,416.00221762948183,15352200
2024-05-20,418.7589111328125,420.1667782061981,413.49168315107727,413.7082803966284,16272100
2024-05-21,422.4015808105469,426.2707657018437,418.27640921908505,420.225753949919,21453300
2024-05-22,423.8587341308594,425.71950537683756,420.5212017999642,423.43539455106486,18073700
2024-05-23,420.3932189941406,426.89110613989686,418.8376788510908,426.2708490423147,17211700
2024-05-24,423.5043029785156,424.39037161476875,417.84327052223153,420.58025544710625,11855300
2024-05-28,423.6618347167969,424.1540984130066,419.99939161518114,422.98250841239616,15718000
2024-05-29,422.5296630859375,424.27226587320916,419.1034967099491,419.1034967099491,15517100
2024-05-30,408.25396728515625,417.7349403773821,407.8305976923989,417.7349403773821,28394500
2024-05-31,408.7068786621094,410.3018082986228,398.25120211572766,410.3018082986228,47995300
2024-06-03,407.12176513671875,409.9867435149057,402.5929630717942,409.1006748520027,17484700
2024-06-04,409.63232421875,409.99659455099004,403.341179685009,406.04863004617806,14348900
2024-06-05,417.4494934082031,417.5183874951578,409.8587651411263,411.3454112041521,16988000
2024-06-06,417.9515380859375,418.7293231019465,414.0724979392672,417.44944957036887,14861300
2024-06-07,417.2919616699219,419.68435613947076,416.4551073364084,419.60560716420275,13621700
2024-06-10,421.2497253417969,421.45646767892094,417.33132559781046,418.12879037210877,13982900
2024-06-11,425.9853210449219,426.1231693068597,418.670289453605,418.89674157876317,14551100
2024-06-12,434.23565673828125,436.53944727057524,426.54650007534946,428.5844790234761,22366200
2024-06-13,434.7475891113281,436.5296113185569,432.57179200487434,434.02890334988575,15960600
2024-06-14,435.7222900390625,436.2834778568933,429.96279885352675,431.49865916361745,13582000
2024-06-17,441.4325256347656,443.9627681496181,433.9008973733048,435.741958721063,20790000
2024-06-18,439.4339599609375,443.1751821409538,438.00641324566425,442.75181252074634,17112500
2024-06-20,438.8038635253906,439.6210080275433,434.4423844149745,439.3945559147101,19877400
2024-06-21,442.8207702636719,443.6083802322018,439.60137620942794,440.45791031268766,34187100
2024-06-24,440.7433776855469,445.74476346815527,439.50286359400394,442.84039572999666,15913700
2024-06-25,443.97265625,444.4353853435752,439.83762902888526,441.3144201727987,16413400
2024-06-26,445.16387939453125,446.5816011478092,441.25530470792563,442.05276943847076,16507000
2024-06-27,445.84326171875,449.11190006347704,444.7799552473841,445.1836151073107,14806300
2024-06-28,440.0345458984375,448.3341049043701,439.50289267468526,446.059848949654,28362300
2024-07-01,449.6632080078125,450.2932899171113,438.7644825324962,441.71806471797646,17662800
2024-07-02,452.17376708984375,452.47896819642483,446.09921948918884,446.1878533998419,13979800
2024-07-03,453.6406555175781,453.88678735468443,450.79538710423196,451.1005881786126,9932800
2024-07-05,460.3255920410156,461.1033770377166,451.8685059547019,452.498587816865,16000300
2024-07-08,459.0260314941406,460.46346308739743,457.2735739768986,459.33123257528905,12962300
2024-07-09,452.4297180175781,460.09916463101644,450.91353744838284,459.77428381745585,17207200
2024-07-10,459.03594970703125,459.2426920705962,451.7602770153543,454.08377755329457,18196100
2024-07-11,447.66461181640625,457.5886345893225,444.5633265323156,455.81649732303464,23111200
2024-07-12,446.5323791503906,449.29889867197954,443.67725577045155,447.3003093014831,16324300
2024-07-15,446.9360656738281,450.185024234339,444.44521246679955,446.28627396172595,14429400
2024-07-16,442.5647277832031,447.27076735934133,439.7489939570935,447.19201839056086,17175700
2024-07-17,436.6575927734375,437.9670310742686,432.38474735385836,435.74198947896895,21778000
2024-07-18,433.55633544921875,437.7701116080265,427.6787055457858,437.46491051123894,20794800
2024-07-19,430.3467712402344,434.3144456334854,425.31585048613374,426.39883667006126,20940400
2024-07-22,436.0865478515625,437.72086686190295,432.1189038234256,434.95434740544323,15808800
2024-07-23,437.9670104980469,441.45224583194545,436.24408758502966,437.0316974699668,13107100
2024-07-24,422.26385498046875,434.64922823221025,420.9741263094996,433.6351660700269,26805800
2024-07-25,411.9262390136719,423.1498448431678,411.0500252919827,422.1653174889069,29943800
2024-07-26,418.6899719238281,422.28352110182095,410.8137524352177,411.72938578526725,23583800
2024-07-29,420.12738037109375,425.46350195400487,418.1287909882396,424.90231413559286,15125800
2024-07-30,416.3763122558594,422.41143955979663,410.9023126509883,421.1020314288797,32687600
2024-07-31,411.87701416015625,415.2539356882569,405.83200193737093,413.9937419087569,42891400
2024-08-01,410.6562194824219,420.8460843318748,406.69843005351635,414.27930323794226,30296400
2024-08-02,402.1695861816406,408.5788691410044,398.08380349930894,406.10769576372263,29437900
2024-08-05,389.0359802246094,394.8348607957488,379.61404618021845,383.1485258419234,40709200
2024-08-06,393.4269714355469,399.39323499306323,392.3341604668248,393.81095153508136,24946500
2024-08-07,392.2652587890625,403.7349973998657,391.32012086399686,402.3173055349637,20650900
2024-08-08,396.4593200683594,399.58025493530266,393.75186986205176,396.2131882314223,20203000
2024-08-09,399.7378234863281,401.736413003281,396.0360207139592,397.7786234799922,19276700
2024-08-12,400.51556396484375,402.4354042920839,397.98532149531104,400.7616957993417,16762900
2024-08-13,407.604248046875,408.5297063190277,403.23294345576085,403.25262318981254,19414300
2024-08-14,410.4100646972656,411.25677385836923,406.0683254390975,408.3819407203729,18267000
2024-08-15,415.2626953125,415.34158622213624,411.9388626649199,414.0495331175792,20752100
2024-08-16,412.73773193359375,415.56841339671666,411.5837455377081,414.8385596674218,22775600
2024-08-19,415.755859375,415.9728470077707,410.75530126947416,413.22105614207504,15234000
2024-08-20,418.9810485839844,420.0265262237166,415.86436096713305,415.92353667507666,16387600
2024-08-21,418.33013916015625,420.55916118279697,415.9432751081222,418.2709333493598,16067300
2024-08-22,409.8578186035156,420.9438744855553,408.93069223741236,418.54713754789856,19361900
2024-08-23,411.0807800292969,413.51694694228206,406.4451490290269,411.2681797994915,18493800
2024-08-26,407.8259582519531,411.5640508373135,405.7054152115458,410.6665125068156,13152800
2024-08-27,408.1711730957031,408.6840392458711,404.6303529004273,407.2045864016282,13492900
2024-08-28,404.9755859375,409.3153084895278,401.7306441001557,409.1969570716752,14882700
2024-08-29,407.46099853515625,416.26866646600354,404.9755288122078,409.25607505150134,17045200
2024-08-30,411.42596435546875,411.7711459201445,406.48458250077,409.9070510926303,24308300
2024-09-03,403.8314514160156,414.1284456363182,401.45446023053216,412.18542969380115,20313600
2024-09-04,403.2988586425781,405.6068015782242,398.830912042889,400.3498254636215,15135800
2024-09-05,402.7958679199219,407.4413416778363,400.5668158804491,402.0363961545014,14195500
2024-09-06,396.19744873046875,405.0248318616353,395.30975302270036,403.45661559720963,19609500
2024-09-09,400.16241455078125,403.0522719406784,396.6413094868822,401.6615826272171,15295100
2024-09-10,408.5262756347656,410.627073483588,402.11531302402886,402.6084639940855,19594300
2024-09-11,417.24517822265625,418.1821469994098,403.9695325309428,409.8084532189213,19266900
2024-09-12,421.15093994140625,421.51586685329676,414.00025068010603,417.51148327493246,17395700
2024-09-13,424.6917419433594,425.914746697553,419.6320082561189,419.9969351521576,15874600
2024-09-16,425.43145751953125,427.5914610863902,422.3542004104568,424.70160374609685,13834700
2024-09-17,429.18927001953125,435.79750485485505,426.3487157034463,434.1997005769437,18874200
2024-09-18,424.90875244140625,430.05724996700025,424.5142376703877,429.04136013434226,18898000
2024-09-19,432.6808166503906,435.4523227974912,430.9153276838819,435.18603209956774,21706600
2024-09-20,429.3076171875,433.22323693457605,428.27201223229315,431.23091793236443,55167100
2024-09-23,427.5717468261719,430.48131937501944,424.4944897103184,428.3311884542686,15128900
2024-09-24,423.2912292480469,427.4139642542688,420.2632749795507,427.06875254523504,17015800
2024-09-25,426.19091796875,427.1870925626301,422.69943076362244,423.94215074360574,13396400
2024-09-26,425.40185546875,429.33719028271923,423.2517246244965,429.1300753187062,14492000
2024-09-27,422.156982421875,425.9345360380006,421.61452834728004,425.60903951360433,14896100
2024-09-30,424.40570068359375,424.52408219664926,419.54323948144145,422.3443332995087,16807300
2024-10-01,414.9273986816406,422.61069983568314,413.0731460704372,422.58111197910216,19092900
2024-10-02,411.4161376953125,417.0281982052677,411.00187763203274,416.7914652693021,16582300
2024-10-03,410.834228515625,413.8029769595959,408.6150490966078,411.9092940444477,13686400
2024-10-04,410.3608093261719,414.00026612845136,409.28574375388894,412.5109404707377,19169700
2024-10-07,403.93011474609375,411.39639773757887,403.3975032576847,410.3016170053712,20919800
2024-10-08,409.02923583984375,409.9662346464486,402.5788433485802,405.2714281620606,19229300
2024-10-09,411.7416076660156,414.62162263212304,408.6248898614367,410.1635185105957,14974300
2024-10-10,410.1437683105469,411.63309377445904,407.49061385739407,409.5421386142519,13848400
2024-10-11,410.6172180175781,411.41612015597997,407.589263932771,410.4396908978323,14144900
2024-10-14,413.3985900878906,418.2314633461143,411.80075573680847,412.0473312101826,16653100
2024-10-15,413.0040588378906,416.69284850861214,409.57174739931537,416.3969398711013,18900200
2024-10-16,410.4199523925781,410.65665522282575,404.85722518493617,409.4829836231505,15508900
2024-10-17,411.01171875,416.71254238623703,409.8971928147913,416.5744456758898,14820000
2024-10-18,412.4320373535156,413.90161766396704,410.5580696214905,411.4260201751563,17145300
2024-10-21,413.0435485839844,413.22107571933117,408.08245074925037,410.41998166329415,14206100
2024-10-22,421.6539611816406,424.68188532771023,412.3136804024992,412.75749822543423,25482200
2024-10-23,418.7838134765625,425.17503084101816,416.74216121867397,424.9580432083023,19654400
2024-10-24,418.9119873046875,420.14486459281426,416.61388718387514,419.5037443233538,13581600
2024-10-25,422.28515625,426.5952907757042,420.72681247783265,420.9142122484759,16899100
2024-10-28,420.74652099609375,426.02324214447043,420.46048501920137,425.7470788183642,14882400
2024-10-29,426.03314208984375,427.2364316805858,419.9673609785876,422.1372373224,17644100
2024-10-30,426.6051940917969,432.4934181148105,426.1810914644013,431.44794042425275,29749100
2024-10-31,400.7838134765625,410.4594334413064,400.73448031809437,409.6703738017444,53971000
2024-11-01,404.74871826171875,409.80845197934053,401.9180365381017,403.40736208449033,24230400
2024-11-04,402.8648986816406,404.7980722358363,400.01450160866744,404.18653972407174,19672300
2024-11-05,405.8237609863281,409.2166418436789,402.4900558335031,402.7760918050739,17626000
2024-11-06,414.42437744140625,414.69069825173966,404.89669627254005,406.77069419877853,26681800
2024-11-07,419.6024169921875,421.0029789570154,414.12845339700306,415.5092700597973,19901800
2024-11-08,416.7520446777344,420.65779206836214,416.00244554535874,419.4939629624982,16891400
2024-11-11,412.2840881347656,418.99092936118404,410.301611581567,416.7322894657105,24503300
2024-11-12,417.23529052734375,418.6259798148705,411.485163708279,412.5207686609151,19401200
2024-11-13,419.3756103515625,423.44901221052845,412.481339102593,415.8643777407356,21502200
2024-11-14,421.0424499511719,422.30491523139983,414.24681513135374,419.17832483529844,30246900
2024-11-15,409.3152770996094,417.00841966551917,407.97392100075103,414.0692593490907,28247600
2024-11-18,410.0649108886719,412.6687324009395,406.4550421174999,409.18708769998454,24727000
2024-11-19,412.06707763671875,412.2150169012381,405.912533336808,407.4511618868994,18133500
2024-11-20,409.798583984375,411.57394553855335,404.9558378403451,411.1596854793811,19191700
2024-11-21,408.0295715332031,414.85856338751086,405.47983232208855,414.5818472703372,20780200
2024-11-22,412.1111145019531,412.5064188915794,406.2407523286384,406.5471154925831,24814600
2024-11-25,413.8801574707031,416.14328803070504,409.9863472135053,413.4749606494442,27691100
2024-11-26,422.9723205566406,424.0100286609721,413.93949178519347,414.67080652096905,23458900
2024-11-27,418.03094482421875,422.22125646736464,417.07231569319254,420.12608556589345,18332400
2024-11-29,418.49542236328125,419.8987878079345,412.90177557031507,415.16493646523105,16271900
2024-12-02,425.92730712890625,427.9236142872225,416.3706625649292,416.6276240398858,20207200
2024-12-03,426.1446838378906,427.3997836787713,422.72522667678595,424.80061260374794,18302000
2024-12-04,432.2917785644531,434.5153999624501,427.55792723241916,427.95323167121506,26009400
2024-12-05,437.4308166503906,439.4469085884485,431.0564531129943,432.7859365018672,21697800
2024-12-06,438.3696594238281,440.8699968788184,436.5907442566123,437.1145294101148,18821000
2024-12-09,440.7909240722656,443.0738395996816,435.33565050126293,437.41103647885797,19144400
2024-12-10,438.1324462890625,444.34871163189086,436.42274787532307,439.1800467406791,18469500
2024-12-11,443.72613525390625,445.07020661100427,438.8440482605507,438.8440482605507,19200200
2024-12-12,444.2893981933594,450.81202644259827,443.8446618873549,443.8446618873549,20834800
2024-12-13,442.0262451171875,446.13747735633456,440.3560560775405,443.1825414368637,20177800
2024-12-16,446.29559326171875,446.87867253224385,440.0595735829624,442.0262333394617,23598800
2024-12-17,449.1319885253906,449.9522746519603,444.2993336430134,445.7224537683285,22733500
2024-12-18,432.26214599609375,447.3432204529913,431.89645846414146,446.02882636391814,24444500
2024-12-19,431.9063415527344,437.98423408144293,431.2046739034814,436.4425256398133,22963700
2024-12-20,431.48138427734375,438.5376604876813,423.6048219518138,428.03227991601136,64263700
2024-12-23,430.14715576171875,432.5190122773264,427.7555144226145,431.61967744219925,19152500
2024-12-24,434.1793212890625,434.4461751355928,429.09959787026054,429.5541964268554,7164500
2024-12-26,432.9736633300781,435.7705018127553,431.5110338839644,433.9322924323696,8194200
2024-12-27,425.4825134277344,430.1175308072659,421.35152651661633,429.5048044431988,18117700
2024-12-30,419.849365234375,422.5374777077036,416.9537232035626,421.0649558192297,13158700
2024-12-31,416.5584411621094,421.7271368293111,415.7282927277236,421.1045179635724,13246500
2025-01-02,413.6726379394531,421.0748471756245,409.98638702094667,420.54116958363784,16896500
2025-01-03,418.38671875,419.0587393010629,414.62138898974536,416.1433125624827,16662900
2025-01-06,422.833984375,429.2281326887413,420.491774572373,422.9822197752049,20573600
2025-01-07,417.4181823730469,425.6011074871905,415.8665816173968,423.9704579117962,18139100
2025-01-08,419.5824890136719,421.96423797941225,416.59790611740993,418.4953792965591,15054600
2025-01-10,414.0382995605469,419.73074959963856,410.15435142162687,419.651700779007,20201100
2025-01-13,412.2989501953125,413.593589604229,407.45640284839305,410.3717995418403,17604800
2025-01-14,410.7967529296875,414.8190138642203,405.90477401390683,412.9116481684101,16935900
2025-01-15,421.3119812011719,423.1304056035061,413.3662329233126,414.2161660512409,19637800
2025-01-16,419.6022644042969,424.45470380326,419.4145196873236,423.67398737859014,15300000
2025-01-17,424.0000915527344,429.3862083308609,423.1501885882937,429.0007661773637,26197500
2025-01-21,423.476318359375,425.8481750206776,420.61032363697626,425.1563998310193,26085700
2025-01-22,440.9688720703125,442.02630472978717,430.88844231911156,432.4301508467356,27803800
2025-01-23,441.47283935546875,441.5123788470024,436.3239289556834,436.81806704057095,18389300
2025-01-24,438.85394287109375,441.4135747027248,436.225124464603,439.94105276246916,15549500
2025-01-27,429.46527099609375,430.0977821935737,418.53493945291683,419.0389699284215,35647800
2025-01-28,441.9571228027344,443.1232814648123,426.3225862891417,429.50483681704293,23491700
2025-01-29,437.1441650390625,441.6408395030523,435.23679935643304,441.45306462654537,23581400
2025-01-30,410.12469482421875,417.9024230144378,408.31616280623206,413.86037732807745,54586300
2025-01-31,410.19390869140625,415.7579084081136,410.0456732964256,414.06796458574274,34161900
2025-02-03,406.10247802734375,410.5398286087579,403.8689641166184,406.77449861931177,25679100
2025-02-04,407.5354309082031,409.0672770356713,404.9362598096777,407.8516865143663,20532100
2025-02-05,408.44464111328125,408.97828849654115,405.5885086845079,407.5156591589932,16316700
2025-02-06,410.9449768066406,413.29707875974475,409.1463070589971,409.1463070589971,16309800
2025-02-07,404.9461669921875,413.7418190108213,403.31551731813784,411.59727657785896,22886800
2025-02-10,407.38720703125,410.5892121947109,406.10246006462063,408.85972888435845,20817900
2025-02-11,406.6163635253906,407.65404147500567,404.50143797348676,404.83747842325164,18140600
2025-02-12,404.24444580078125,405.93438940933225,399.6291833556912,402.4358837314584,19121700
2025-02-13,405.72686767578125,406.18146622486773,401.59585076694265,402.22836193070845,23891700
2025-02-14,403.6416320800781,404.1160155029715,401.1215398904841,403.0091510093491,22758500
2025-02-18,404.83746337890625,405.78620005413757,401.7342617389566,403.2166759889158,21423100
2025-02-19,409.9073181152344,410.6188782021152,402.8707962337448,403.09811062253897,24114200
2025-02-20,412.0760192871094,415.22503211440386,408.52099709977665,411.24420628859417,23508700
2025-02-21,404.2331237792969,413.97725680128366,403.91626425407014,413.27418223243296,27524800
2025-02-24,400.06414794921875,405.38182745676596,395.429748735741,404.5302202614153,26443700
2025-02-25,394.0235290527344,398.0043843099881,392.835237956153,397.19236575081766,29387400
2025-02-26,395.8357238769531,399.6680163656564,390.409100766333,394.13247941305536,19619000
2025-02-27,388.7059020996094,401.7871994813194,388.3494237890168,397.36074580317216,21127400
2025-02-28,393.1224060058594,393.7561854578909,382.80393739721217,388.83460333794534,32845700
2025-03-03,384.7052307128906,394.93461038215554,382.39794340981075,394.93461038215554,23007700
2025-03-04,384.8240661621094,388.755390806373,377.2882188683939,379.66483152587324,29342900
2025-03-05,397.1131591796875,397.7568509049982,385.02212029604283,385.54695570418704,23433100
2025-03-06,393.0234069824219,398.2321421191711,388.8544001591339,390.43881857931865,23304600
2025-03-07,389.4783020019531,390.95377648794664,381.7840095954452,388.49795642753014,22034100
2025-03-10,376.4564208984375,382.6356200973146,373.5450604558272,382.0810781292241,32840100
2025-03-11,376.74359130859375,382.23950999896846,373.2380702422645,375.30770541349494,30380200
2025-03-12,379.5361022949219,381.46711712441265,375.25821149680263,379.2192427611773,24253600
2025-03-13,375.0799255371094,381.5661320778761,373.7728082450696,379.4271716632625,20473000
2025-03-14,384.7745361328125,386.42827981726157,375.8127158813028,376.08007458561946,19952800
2025-03-17,384.9131774902344,388.8840902907555,381.81366607483056,382.93266210354994,22474300
2025-03-18,379.78363037109375,383.5961286419255,377.38722360904,383.2990634136601,19486900
2025-03-19,384.04180908203125,385.8836741890137,380.2590168181109,381.77411012943475,19185500
2025-03-20,383.0712890625,387.9730768170586,379.5459740311176,381.9819995370129,18470500
2025-03-21,387.4482727050781,387.92357710345186,379.07067004050685,379.4865916093534,39675900
2025-03-24,389.25048828125,391.54789342681113,386.0123564410982,391.54789342681113,21004500
2025-03-25,391.310302734375,392.49859404377867,388.81486378638266,390.08239264857633,15775000
2025-03-26,386.17083740234375,391.45881045430576,384.7844825194778,391.15183295239507,16108400
2025-03-27,386.77484130859375,388.4186727261189,383.62582905803845,386.3292434732889,13766800
2025-03-28,375.1096496582031,385.339029849346,373.2578723723651,384.2992410074857,21632000
2025-03-31,371.73291015625,373.39653609737746,363.66228447346174,368.91066922952973,35184700
2025-04-01,378.4666442871094,379.12021808448793,369.59394254927554,371.0000917512926,19689500
2025-04-02,378.4171142578125,381.32844426453147,372.95087209109226,374.2877261088344,16092600
2025-04-03,369.4750671386719,373.80251903809335,365.7517184220645,371.13872318254886,30198000
2025-04-04,356.3343505859375,370.94065262193254,355.97787229621173,360.5825648601157,49209900
2025-04-07,354.3736267089844,367.3856281525139,341.43098078163547,347.4616469003483,50425000
2025-04-08,351.1058044433594,370.00982228854286,346.8377957272636,364.6723484414274,35868900
2025-04-09,386.68572998046875,389.39905670107095,349.66000929830324,350.0957251156184,50199700
2025-04-10,377.6347961425781,380.1599412978202,364.21678559967916,378.33787067807094,38024400
2025-04-11,384.6656494140625,386.25003769690613,375.1987873888056,376.93173851590154,23839200
2025-04-14,384.0318603515625,390.8052198187617,380.46692636349223,389.38915847164185,19251200
2025-04-15,381.9721374511719,388.07212889209285,380.41742551182244,384.7250528209778,17199900
2025-04-16,367.98968505859375,377.892263018399,364.4148689208335,376.9614484928254,21967800
2025-04-17,364.1969909667969,370.6732850580017,363.31567729138493,370.10883089247193,21120200
2025-04-21,355.6213684082031,360.9291658129438,352.20499720618693,359.2853342749941,20807300
2025-04-22,363.2463684082031,364.18709517298703,356.3541524572501,359.83987920585236,19485000
2025-04-23,370.74261474609375,376.68416126561135,369.38593623911186,372.3963282706759,20545500
2025-04-24,383.5268249511719,384.6656455709585,371.53481777720657,372.0398589139721,22232300
2025-04-25,388.0325012207031,388.33947870228997,380.8531326101871,383.2297451406492,18973200
2025-04-28,387.3492126464844,388.9138065441973,382.87325863987553,388.1414067328739,16579400
2025-04-29,390.2012023925781,391.2508732709842,386.5768551213708,387.4878753983452,14974000
2025-04-30,391.4092712402344,392.79562598704683,380.69467558939255,386.49757125114587,36461100
2025-05-01,421.2556457519531,432.7327295827746,420.76051687113977,426.9100091091665,58938100
2025-05-02,431.0394287109375,435.15890492620053,425.8009563081767,427.5339075174203,30757400
2025-05-05,431.9207458496094,435.2182909345157,427.9002714913439,428.652877068793,20136100
2025-05-06,429.0885925292969,433.46554517602334,426.9694566129341,427.9894209087166,15104200
2025-05-07,429.1282043457031,433.8517229596541,426.9100064238295,429.61342097536215,23295300
2025-05-08,433.9012451171875,439.3476626606329,431.41568853142036,433.66356271096413,23491300
2025-05-09,434.4558410644531,436.4462388099119,431.6336001241581,435.71345766523456,15324200
2025-05-12,444.8832092285156,444.9921230759706,435.4955548202822,441.5955462250109,22821900
2025-05-13,444.764404296875,446.2794975271711,441.021200788799,443.41763796979524,23618800
2025-05-14,448.52734375,449.4779827199474,443.7741186799948,443.7741186799948,19902800
2025-05-15,449.5392761230469,452.57502540604634,446.860659567107,447.1979616790238,21992300
2025-05-16,450.6702575683594,450.7595407562394,445.1741794982958,448.4678481067336,23849800
2025-05-19,455.2337951660156,455.948090917999,447.22773658664954,447.30711960117503,21336500
2025-05-20,454.5393371582031,454.70797307292094,450.71983965496236,451.9797648957129,15441800
2025-05-21,448.98370361328125,454.1524094962116,448.229716398419,450.9678549991314,19216900
2025-05-22,451.25555419921875,456.6028569421555,450.30316997101943,451.3448676580097,18025600
2025-05-23,446.6126708984375,450.0948666019555,445.3527455471655,446.414273906322,16883500
2025-05-27,457.0393371582031,457.2972865174385,452.5055441364309,452.86270711658346,20974300
2025-05-28,453.73577880859375,458.8548936312049,453.3091934756473,457.56520718600586,17086300
2025-05-29,455.0452880859375,458.0612067791374,451.7019977235154,457.8925405838875,13974800
2025-05-30,456.71197509765625,458.0215223462663,451.9301930198663,456.07706236471586,34770500
2025-06-02,458.3092346191406,458.44810948050275,453.2695031394806,453.51752207653715,16626500
2025-06-03,459.3013000488281,460.4620419695056,457.20800452370844,457.8131864599202,15743800
2025-06-04,460.19415283203125,461.9997378828715,459.35088242690273,460.3231275179124,14162700
2025-06-05,463.9739685058594,465.92835889810493,460.35289815926444,461.2755213187348,20131700
2025-06-06,466.6525573730469,469.5890928719542,465.06523024972654,466.3648469522318,15285600
2025-06-09,469.0038146972656,469.67841894667356,464.90653697170796,465.9779957450024,16469900
2025-06-10,467.1883239746094,469.0534009468453,463.25968221899245,467.45617352695865,15375900
2025-06-11,468.8748474121094,471.7022694228479,465.9383115986028,466.29544434484353,16399200
2025-06-12,475.0753173828125,476.61305298608835,469.76770597774697,471.255819627256,18950600
2025-06-13,471.1962890625,475.3828499324856,469.0137405811006,472.6348110082228,16814500
2025-06-16,475.3431701660156,476.8808754060361,471.23596219473825,471.44428961660435,15626100
2025-06-17,474.25189208984375,474.9463269378011,470.3232503868908,471.63279762120845,15414100
2025-06-18,476.4344482421875,477.1884355000323,470.70025162122124,474.21220825159133,17526500
2025-06-20,473.616943359375,479.62891980922967,473.09114443804276,478.4086860483398,37576200
2025-06-23,482.1488037109375,483.884936234588,468.76571183115124,474.42052531416374,24864000
2025-06-24,486.2261962890625,487.9524285572733,482.9424282150726,485.07541514458467,22305600
2025-06-25,488.3691101074219,490.64097201284227,485.5119574284625,488.1409520653471,17495100
2025-06-26,493.508056640625,494.09337765578726,488.9048109762518,489.07347716233096,21578900
2025-06-27,492.0100402832031,495.3434002058453,489.12309627390664,493.60726767719865,34539200
2025-06-30,493.4684143066406,496.79187420420715,491.4048797426009,493.101351114434,28369000
2025-07-01,488.1508483886719,494.10330273882704,487.08935037246306,492.53583641461546,19945400
2025-07-02,487.198486328125,489.5893925672679,484.82744098086494,486.107196925814,16319600
2025-07-03,494.8870544433594,496.1668406146565,489.5298515465148,489.8969147231798,13984800
2025-07-07,493.77593994140625,494.7977767455099,491.3056810299541,493.4386378219278,13981600
2025-07-08,492.68463134765625,494.25212791462184,490.1945116420166,493.2997134401056,11846600
2025-07-09,499.52008056640625,502.76415743455226,495.77993553758444,496.33549554664154,18659500
2025-07-10,497.5061340332031,500.4426696344743,493.8056807647675,499.06366987607214,16492100
2025-07-11,499.33154296875,501.0279839194423,493.85526578992295,494.51996982276876,16459500
2025-07-14,499.033935546875,499.9764196247383,497.0597144820079,497.5458219138798,12058800
2025-07-15,501.8117370605469,504.27206541624594,498.805748905247,499.033906939414,14927200
2025-07-16,501.6133117675781,502.70460109528983,497.9128887743687,501.17679603649344,15154400
2025-07-17,507.6451416015625,509.30189104591364,501.6133044647972,501.6728265840105,17503100
2025-07-18,506.0082092285156,510.5618634291492,503.40897568442307,510.4030974050004,21209700
2025-07-21,506.01812744140625,508.0320701704435,501.54385636100875,502.69466780228106,14066800
2025-07-22,501.2660827636719,507.1491147296819,501.2660827636719,506.92092641726225,13868600
2025-07-23,501.8613586425781,502.77408166088094,496.73234393031225,502.73439015336794,16396600
2025-07-24,506.8316345214844,509.5995039044367,503.27998658866585,504.73833906736274,16107000
2025-07-25,509.6392822265625,514.1829458042694,506.3157919577708,508.4090573683804,19125700
2025-07-28,508.4388122558594,510.91900158393673,506.07766717141,510.0063088656235,14308000
2025-07-29,508.50823974609375,513.5182098314434,507.50623361872493,511.4448055642593,16469200
2025-07-30,509.1729431152344,511.86149016920456,505.4030674134904,511.08764202727673,26380400
2025-07-31,529.2723388671875,551.0484106553389,527.6850421089878,550.8301225339796,51617300
2025-08-01,519.956787109375,531.5541546097426,516.7325410439772,530.7605061500977,28977600
2025-08-04,531.3955078125,533.9848111754816,523.9450087012631,524.0839138486996,25349000
2025-08-05,523.5679321289062,533.0422426180032,523.0619638515897,532.9231983823397,19171600
2025-08-06,520.7802734375,527.486715540996,519.8775111011839,526.6930670104376,21355700
2025-08-07,516.7127685546875,523.9053178574718,513.4488005319126,522.6255013664995,16079100
2025-08-08,517.9031982421875,520.502431840537,515.2940341981842,518.4587582353118,15531000
2025-08-11,517.6353759765625,523.4092640243366,515.6015722772428,518.1611446296885,20194400
2025-08-12,525.0462036132812,526.7724058726347,518.5580494708657,519.5997169841131,18667000
2025-08-13,516.454833984375,528.4787877679453,515.2544004746543,527.8934364066101,19619200
2025-08-14,518.3397216796875,521.7822560401938,516.0182983192124,518.4191046945965,20269100
2025-08-15,516.0480346679688,521.9310366989816,514.9667059909838,518.6274679925785,25213300
2025-08-18,513.0023193359375,518.6770238166106,509.9467697824549,517.4567900842618,23760600
2025-08-19,505.7304382324219,511.0777107186651,504.5201046206217,510.91900524319027,21481000
2025-08-20,501.7125549316406,506.9507137373093,500.4426991689255,505.829663283555,27723000
2025-08-21,501.0666198730469,504.43529989468334,499.55619671725805,500.5200933584279,18443300
2025-08-22,504.037841796875,507.5158151187978,499.2481684011306,501.0765850227361,24324200
2025-08-25,501.0865173339844,504.9917771303553,500.9473838488724,503.44159720621536,21638600
2025-08-26,498.8804626464844,501.8019624337255,495.37267961289456,501.18583887731603,30835700
2025-08-27,503.5509033203125,504.09746017877256,496.75395340313815,498.8407434548062,17277900
2025-08-28,506.4326477050781,507.87350408410515,502.3186878124423,503.89867767213724,18015600
2025-08-29,503.501220703125,506.39291066950057,501.3150539612025,505.4588240002719,20961600
2025-09-02,501.9410705566406,502.81553721257154,493.68337117589067,497.32034095368414,18128000
2025-09-03,502.1696472167969,504.5942937991858,499.1587173668126,500.6194673133705,16345100
2025-09-04,504.7731628417969,504.95202275876863,499.983489561643,501.1262461318779,15509500
2025-09-05,491.884765625,508.74796779288187,489.27131242222254,505.86622472604114,31994800
2025-09-08,495.06463623046875,498.04575600626316,491.91457299081776,494.97517595073856,16771000
2025-09-09,495.2732849121094,499.08911442264,494.5677617531993,498.27426777402997,14410500
2025-09-10,497.22100830078125,500.06302518446205,493.59398497162135,499.81459851362206,21611800
2025-09-11,497.8569641113281,500.00337405269875,494.7466575341409,499.08915061774627,18881600
2025-09-12,506.6910095214844,509.32432605160386,500.67909648146514,503.4614629424367,23624900
2025-09-15,512.1166381835938,512.2259313574772,503.80926524972944,505.58800862213144,17143800
2025-09-16,505.83642578125,513.9748550906477,505.3991924428879,513.6270820344445,19711900
2025-09-17,506.81024169921875,508.07226852063866,502.74598524416496,507.4064717390096,15816600
2025-09-18,505.2501220703125,509.84104161182444,504.4650853819943,508.270968235188,18913700
2025-09-19,514.6705322265625,516.0319056285313,507.09849160720086,507.34691829589656,52474100
2025-09-22,511.21240234375,514.48167541423,509.3143886623668,512.3452424901319,20009300
2025-09-23,506.0252380371094,511.35152134239047,504.1173079645634,510.56645428814153,19799600
2025-09-24,506.9394226074219,509.2547456727144,503.72976965544393,507.16798604562155,13533700
2025-09-25,503.8390808105469,506.8003375404676,501.8616142840625,505.10107733704126,15786500
2025-09-26,508.2411804199219,510.70558375978015,503.4316440082871,506.849997214163,16213100
2025-09-29,511.3613586425781,513.5971983462931,505.6773863749633,508.28089264453985,17617800
2025-09-30,514.6903686523438,514.8990082310244,506.45253207823936,510.0099885223437,19728200
2025-10-01,516.4392700195312,517.2342231556227,508.4697238165545,511.56013673304216,22632300
2025-10-02,512.4942626953125,518.3173691617891,507.4661094259624,514.3823296081488,21222900
2025-10-03,514.0940551757812,517.2143082734997,511.75886906280147,513.8456285403139,15112300
2025-10-06,525.2435302734375,527.6880704621805,514.9387971845453,515.3461902238155,21388600
2025-10-07,520.6823120117188,526.4656911148447,518.1583193382712,524.9651845969764,14615200
2025-10-08,521.546875,523.6336952116123,519.7980023635643,519.9868090400763,13363400
2025-10-09,519.1123657226562,521.0302122328587,514.1438325922749,519.0527457511332,18343600
2025-10-10,507.74432373046875,520.2849266906686,506.42270727517143,516.3697201998212,24133800
2025-10-13,510.81488037109375,513.1600134586593,508.45980051307464,513.1600134586593,14284200
2025-10-14,510.3379211425781,512.0371813139038,502.8155546768959,507.01894463812107,14684300
2025-10-15,510.19879150390625,513.93513816427,506.7903850161382,511.71919177145384,14694700
2025-10-16,508.3902587890625,513.5972720757079,504.93217895922305,509.35418580491137,15559600
2025-10-17,510.347900390625,512.2359067167633,504.1173400169688,505.8364635131052,19867800
2025-10-20,513.5376586914062,515.4356724346321,510.1988187679518,511.3713853844849,14665600
2025-10-21,514.4021606445312,515.4257076122852,509.81124074780416,514.2431942660954,15586200
2025-10-22,517.2639770507812,521.9244631183706,514.4518312300626,517.870184130928,18962700
2025-10-23,517.283935546875,520.6526156742948,515.3461954332505,519.1720024577996,14023500
2025-10-24,520.314697265625,522.0437370421222,517.4329845218087,519.499850577073,15532400
2025-10-27,528.1749877929688,531.2157277722118,525.6807743511338,528.4333612309177,18734700
2025-10-28,538.6585693359375,550.2352153811122,537.366762825241,546.5386557673307,29986700
2025-10-29,538.1417846679688,542.8321112501552,533.3521116884923,541.5104645203966,36023000
2025-10-30,522.451171875,531.6031704966998,518.8340654321457,527.1414377363435,41023100
2025-10-31,514.5512084960938,525.9887810857076,511.85824179468614,525.5515477587454,34006400
2025-11-03,513.776123046875,521.6562086548496,511.3514766558802,516.5385956979154,22374700
2025-11-04,511.0931701660156,512.3054631947169,504.64399323613884,508.53933673798264,20958700
2025-11-05,503.96826171875,511.5900049686576,503.39189488693165,510.06960470137113,23024300
2025-11-06,493.9715576171875,502.51744045426454,492.6896676102462,502.47768369906356,27406500
2025-11-07,493.6933288574219,496.2372153715257,490.1457889557352,493.8225155697467,24019800
2025-11-10,502.8155517578125,503.66020845333964,495.66085193460816,496.8930687697553,26101500
2025-11-11,505.4786682128906,506.39289163210333,499.18851875070465,501.6230817360039,17980000
2025-11-12,507.9232177734375,508.4498810705414,495.9788447581273,506.1543908722183,26574900
2025-11-13,500.12261962890625,510.2683558569415,498.13520636364063,507.09842927280135,25273100
2025-11-14,506.96923828125,508.38031503091224,494.30942559248354,495.0944623167857,28505700
2025-11-17,504.296142578125,508.8970088955905,501.7323929449627,505.2501227292945,19092800
2025-11-18,490.6824035644531,499.8145698875434,483.71651040889276,492.2524466910109,33815100
2025-11-19,484.0543518066406,492.0735713081103,479.79134202204426,487.0156083775533,23245300
2025-11-20,476.308837890625,491.38172816347884,473.39183555424523,490.525525238351,26802500
2025-11-21,470.0268249511719,476.796695003642,466.19388806310616,476.3785437287191,31769200
2025-11-24,471.89849853515625,474.7856351712577,465.94500021095376,472.8940649877621,34421000
2025-11-25,474.8752136230469,477.0256407210385,462.82888433135173,471.9681767111092,28019800
2025-11-26,483.3475341796875,486.14507360501653,479.06661039650686,484.1539406114854,25709100
2025-11-28,489.82867431640625,490.44592067381114,484.49242217644115,485.4382224868377,14386700
2025-12-01,484.5820007324219,487.68816317334665,482.5012705124726,486.27447583839387,23964000
2025-12-02,487.82757568359375,491.312058367048,484.16389832530854,484.56211884124775,19562700
2025-12-03,475.6119689941406,482.09308589504883,473.0931871020635,474.2082166599713,34615100
2025-12-04,478.70819091796875,479.1860737742951,474.377470578239,477.6329924690825,22318200
2025-12-05,481.01788330078125,481.2568095233099,476.7568601661199,480.3807061976695,22608700
2025-12-08,488.8430480957031,490.11737199051475,482.2325023858298,482.74025101921535,21965900
2025-12-09,489.8385925292969,489.93815525049575,486.33420957194573,486.93155551686203,14696100
2025-12-10,476.43829345703125,482.10306917330496,472.9737111601482,481.88404333185355,35756200
2025-12-11,481.3265075683594,483.8751552220924,473.750231167373,474.51683677020293,24669200
2025-12-12,476.4084167480469,480.31105063829824,474.22812377070755,477.69270598810584,21248100
2025-12-15,472.7148742675781,478.588710310573,470.42505317808707,477.97146396596463,23727700
2025-12-16,474.2779235839844,475.7712732838117,468.79234263095657,469.8177748762136,20705600
2025-12-17,474.00909423828125,477.8718969329872,472.8940646732686,474.79560024235434,24527200
2025-12-18,481.8342590332031,487.4293375934554,475.7712630284666,476.06992080908344,28573500
2025-12-19,483.7656555175781,485.68709144559693,480.35083955461556,485.1992432324443,70836100
2025-12-22,482.7701110839844,486.5632169440421,480.5499868948874,483.9647726311972,16963000
2025-12-23,484.6915283203125,485.66716398872717,482.59086732909867,482.8298239351052,14683600
2025-12-24,485.8563232421875,486.99128356758627,482.680463867149,483.5267014178325,5855900
2025-12-26,485.5476989746094,485.9558848600665,483.8054577080926,484.5521325365998,8842200
2025-12-29,484.9404296875,486.1848877649252,482.0333622504328,482.71034015280554,10893400
2025-12-30,485.3187255859375,487.5089534635432,483.3474931520442,483.77557941756965,13944500
2025-12-31,481.4758605957031,485.97584057107747,481.15727202744546,485.6771523949816,15601600
2026-01-02,470.84320068359375,482.5112407273309,468.07552715971417,482.24244872265706,25571600
2026-01-05,470.7536315917969,473.9593569778809,467.4184776979013,471.95825856508776,25250300
2026-01-06,476.3885192871094,476.617480129593,467.6673473241013,471.69937935780575,23037700
2026-01-07,481.3265075683594,487.5288974221053,475.83099176167434,477.63296458601815,25564200
2026-01-08,475.9902648925781,480.5201105081445,473.7502403609407,479.10639276886474,18162600
2026-01-09,477.15509033203125,477.6927047258898,470.106493184136,471.9582322108041,18491000
2026-01-12,475.06439208984375,478.85749783991434,473.57104241242143,474.5566738594685,23519900
2026-01-13,468.5832824707031,473.6706125344443,463.88420753037366,472.57548334410274,28545800
2026-01-14,457.34332275390625,466.1242261748137,455.1431293963808,464.3919198839424,28184300
2026-01-15,454.6353759765625,462.19172164087615,453.8787357567712,462.062293141988,23225800
2026-01-16,457.8211669921875,461.1364202404358,454.45617795729186,455.8001683410004,34246700
2026-01-20,452.5048828125,454.77477325819245,447.2881239806389,449.2195254560932,26130000
2026-01-21,442.1410217285156,450.6829992738946,436.7351029497524,450.5934019351739,37980500
2026-01-22,449.1398620605469,450.8323067932568,442.7284117030413,445.6354487179439,25349400
2026-01-23,463.8841857910156,469.01134678020316,448.5325382185013,449.8665935761158,38000200
2026-01-26,468.19500732421875,472.1474075016215,459.9517180089597,463.2470406576191,29291200
2026-01-27,478.4493103027344,480.72916597612596,471.0622242712429,471.5998386603028,29213900
2026-01-28,479.49468994140625,481.59532063648624,475.8807787479093,481.06767161592717,36875400
2026-01-29,431.57806396484375,440.5381621786467,419.1533835040837,438.0392806211351,128855300
2026-01-30,428.38232421875,437.65104604221966,424.5593524472701,437.2229597325442,58566800
2026-02-02,421.49298095703125,428.8303011436502,420.37795134689077,428.33251789753194,42219900
2026-02-03,409.3868713378906,420.178808008447,406.7486263222299,420.1390072256922,61424100
2026-02-04,412.3536682128906,417.9387813848693,407.4256021580933,409.1778088233149,45012400
2026-02-05,391.9246520996094,406.4897635323938,390.5806313349955,405.6335909812077,66289200
2026-02-06,399.3615417480469,400.0086538663787,391.17798428483076,397.4002746193236,53515300
2026-02-09,411.76629638671875,413.05058563481117,399.0927243377603,403.0550898097971,45480500
2026-02-10,411.437744140625,421.80159473973595,410.8702943432265,417.75959730190846,44857900
2026-02-11,402.57720947265625,414.61360447479314,399.23212070980424,414.3348470778888,42491000
2026-02-12,400.05841064453125,404.3990960787573,396.24540458526855,403.20440420967,40802400
2026-02-13,399.5407409667969,403.7420326637702,396.2852191820681,402.65686886295305,34091600
2026-02-17,395.1004943847656,398.7442713079252,392.78083787972264,397.45004705087115,32078800
2026-02-18,397.828369140625,400.77523739702553,394.5629123207548,396.3648852083561,23223400
2026-02-19,397.5988464355469,403.55594539020564,395.8127368785549,399.82403795970674,28234000
2026-02-20,396.37152099609375,399.2552593187824,394.3059873534157,395.2539159508346,34015200
2026-02-23,383.6390686035156,394.50551684604494,382.27203437696886,394.14630950985264,43238300
2026-02-24,388.1593017578125,388.5185091169527,380.88504821898124,383.30981969967445,33884700
2026-02-25,399.7342224121094,400.60233728073825,389.31678308531696,389.68597856263057,43625500
2026-02-26,400.851806640625,406.6093255926281,397.8782360341113,403.8353349281015,34405900
2026-02-27,391.8912048339844,395.9624042352165,389.0374004516944,390.03523926255787,51367200
2026-03-02,397.6886291503906,400.32293811697235,389.78576315389057,392.01092411942045,35474900
2026-03-03,403.0570068359375,405.82103971635513,391.82136299902305,392.2903484387299,38199200
2026-03-04,404.32427978515625,410.14166638677375,399.44483360720756,400.4027502952161,35808000
2026-03-05,409.79241943359375,410.72040218284053,403.525993165685,403.54596943015656,39001300
2026-03-06,408.0761413574219,412.1572983375802,407.6271321747383,408.31564337314285,31123900
2026-03-09,408.5251770019531,409.3234358422322,402.62794618065146,404.044890641513,30131900
2026-03-10,404.8830871582031,409.31349393117443,402.05918625996463,409.1438479339772,31706400
2026-03-11,404.0049743652344,408.1260534422115,400.7220762180728,404.6934855668013,25512100
2026-03-12,400.9914855957031,405.2422886286942,400.84181586601125,403.7555185610488,27263900
2026-03-13,394.69512939453125,403.9251383935716,393.3979511212616,400.13336309353434,26848000
2026-03-16,399.08563232421875,399.7641553863696,393.9367805641587,397.209690545171,27733700
2026-03-17,398.5467834472656,403.5259891234105,396.8903674487218,399.4049101655112,26228300
2026-03-18,390.9432678222656,397.13983817793417,390.1549666521916,396.271723303423,25908500
2026-03-19,388.1792297363281,391.6417315076428,386.2234742615233,389.2569126674818,25138800
2026-03-20,381.0447082519531,386.16362631018524,379.29849030352204,385.95408868282834,50853200
2026-03-23,382.1722717285156,386.3731646745857,380.85511716508233,383.07032058481127,29680100
2026-03-24,371.9344177246094,381.6434000325674,371.04635704379217,381.53362193174286,42733600
2026-03-25,370.2381286621094,376.2451074667104,368.831172255135,376.10542586510894,31181200
2026-03-26,365.1790771484375,373.9101668945663,364.4007640805619,370.01860155518807,36836600
2026-03-27,355.9989318847656,361.6666793192034,355.73951450811694,361.11784971721505,37883400
2026-03-30,358.1842041015625,364.5703662773937,355.51000344849933,361.1178525849577,44797000
2026-03-31,369.3699951171875,372.09407550142714,362.28533367877645,363.7621155862403,45244400
2026-04-01,368.57171630859375,373.1817267376728,367.4042619540212,372.682807332766,29417200
2026-04-02,372.6528625488281,372.83249667260446,363.3629859357669,366.41637016886637,24099100
2026-04-06,372.0741271972656,372.92229624611906,368.70142726638517,372.682794233078,16146600
2026-04-07,371.48541259765625,371.64507045865594,365.7677853538718,369.5396147715723,21443300
2026-04-08,373.52099609375,384.167949815935,370.6073237610428,384.148004001906,33064800
2026-04-09,372.26373291015625,372.6927962909368,366.2567237727329,371.6949574789129,30435300
2026-04-10,370.0684814453125,374.8281921461914,369.23030048358606,372.17393720824543,28111100
2026-04-13,383.539306640625,383.70895264062807,370.2181521550117,372.8025510733858,35745800
2026-04-14,392.2604064941406,393.83700889302276,385.684652281273,387.0816509997633,37504500
2026-04-15,410.3312683105469,413.47445440771634,395.8725939925935,397.1398382929036,45063400
2026-04-16,419.35174560546875,419.9105328997013,411.2492993874727,418.95258572248235,41642400
2026-04-17,421.87628173828125,430.64726300981,419.78081413338697,423.9018933176335,48568200
2026-04-20,417.1664733886719,422.4150847565369,415.40027922801784,420.2398034863272,27582200
2026-04-21,423.2433166503906,426.25677891783357,416.2983670043314,419.33177508554746,32048500
2026-04-22,431.984375,432.7626880248645,422.7543663498755,425.2689090952171,29378200
2026-04-23,414.8514709472656,422.7443793162959,410.5208543154444,418.9825380949446,38308000
2026-04-24,423.7023010253906,424.0316048781353,414.9013556123021,416.0688403922519,27457400
2026-04-27,423.9018859863281,426.1869149113369,416.1686352924954,421.46715688013995,30867300
2026-04-28,428.3222961425781,428.99086152362304,420.9881750222059,423.6524179624475,30438100
2026-04-29,423.5426330566406,425.8975483734993,419.38166246548025,423.6623688360089,38288300
2026-04-30,406.8987121582031,413.5243765293071,397.1498378648014,409.92216255995794,70909400
2026-05-01,413.5443115234375,416.2085240460113,409.5529563541748,411.9078412872606,31372400
2026-05-04,412.72607421875,419.87060358807366,409.91216153093814,410.6505829404435,28066500
2026-05-05,410.4909362792969,415.8792597859335,407.916495085617,414.42242364358015,25700900
2026-05-06,413.0653381347656,417.51572107575487,404.23445872829495,407.11822745622237,30285900
2026-05-07,419.8606262207031,427.05506598481406,417.8549909144547,419.2020489501835,34942400
2026-05-08,414.22283935546875,417.7252633012779,413.105264767488,416.48795292910256,33383800
2026-05-11,411.7681579589844,411.79809190456297,404.6236285818644,406.9885016374445,35657900
2026-05-12,406.8887023925781,414.6020070114768,405.76117016707224,413.58422243338293,38594200
2026-05-13,404.3342590332031,405.4318878236479,400.1633000811369,402.3286237155428,29667100
2026-05-14,408.5451354980469,410.94993067744383,400.013625877668,403.6058516736889,27077500
2026-05-15,421.0081481933594,427.24464052002446,412.01761111071977,413.3746572242232,50771200
2026-05-18,422.6246643066406,424.2012362508279,414.7117792841577,415.71960624154525,32564100
2026-05-19,416.51788330078125,431.7648588737268,415.58987007798993,428.9708919761278,33018700
2026-05-20,420.1499938964844,421.18775475321456,410.4110776678385,413.2749005432513,27864000
2026-05-21,419.0899963378906,426.3399963378906,415.7099914550781,424.75,31393500
2026-05-22,418.57000732421875,424.3999938964844,416.3299865722656,419.5400085449219,22390300
2026-05-26,416.0299987792969,419.7699890136719,413.0199890136719,416.42999267578125,30398000
2026-05-27,412.6700134277344,415.94000244140625,409.5799865722656,411.010009765625,28901500
2026-05-28,426.989990234375,429.489990234375,412.6700134277344,412.9800109863281,47250500
2026-05-29,450.239990234375,450.3299865722656,432.3599853515625,432.54998779296875,79654400
2026-06-01,460.5199890136719,466.32000732421875,458.2699890136719,464.8399963378906,53628900
2026-06-02,441.30999755859375,453.5,440.42999267578125,446.8800048828125,37036800
2026-06-03,427.3399963378906,440.3900146484375,424.25,438.45001220703125,39037000
2026-06-04,428.04998779296875,436.1499938964844,426.4100036621094,435.80999755859375,26899500
2026-06-05,416.6700134277344,429.4700012207031,414.3999938964844,428.3399963378906,34782200
2026-06-08,411.739990234375,417.1600036621094,408.55999755859375,414.1400146484375,32086700
2026-06-09,403.4100036621094,411.9800109863281,398.4800109863281,409.0299987792969,35317300
2026-06-10,397.3599853515625,405.0400085449219,397.1600036621094,398.54998779296875,32576000
2026-06-11,390.3399963378906,396.8500061035156,384.0,395.2099914550781,47224100
2026-06-12,390.739990234375,391.739990234375,382.2699890136719,391.42999267578125,34865800
2026-06-15,399.760009765625,401.75,392.8500061035156,396.79998779296875,32266400
2026-06-16,393.8299865722656,396.8399963378906,390.69000244140625,395.7900085449219,31506800
2026-06-17,378.9100036621094,390.3699951171875,377.32000732421875,390.25,41987800
2026-06-18,379.3999938964844,381.3699951171875,373.2799987792969,377.82000732421875,59714200
2026-06-22,367.3399963378906,381.6300048828125,367.07000732421875,375.739990234375,45171100
2026-06-23,373.94000244140625,377.2200012207031,370.6700134277344,372.3800048828125,40647600
2026-06-24,365.4599914550781,378.8800048828125,364.7799987792969,371.57000732421875,44509900
2026-06-25,352.8299865722656,364.2300109863281,349.20001220703125,362.7699890136719,66179000
2026-06-26,372.9700012207031,376.6099853515625,355.42999267578125,357.1499938964844,186201600
2026-06-29,368.57000732421875,380.5,359.8999938964844,377.5,51229900
2026-06-30,373.0199890136719,374.1499938964844,367.45001220703125,371.0299987792969,44945700
2026-07-01,384.2799987792969,388.8299865722656,374.8900146484375,380.8299865722656,48065800
2026-07-02,390.489990234375,392.20001220703125,383.70001220703125,384.4800109863281,42128900
2026-07-06,386.739990234375,389.1499938964844,381.2200012207031,387.0400085449219,34224500
2026-07-07,388.8399963378906,395.57000732421875,388.2200012207031,392.489990234375,29297500
2026-07-08,383.3399963378906,385.30999755859375,381.3299865722656,384.0299987792969,25908300
2026-07-09,384.3599853515625,384.6499938964844,373.3500061035156,374.45001220703125,31083200
2026-07-10,385.1000061035156,391.9100036621094,381.5,387.79998779296875,24644600
2026-07-13,390.989990234375,393.6499938964844,384.1499938964844,387.75,28914900
2026-07-14,384.92999267578125,388.19000244140625,378.6499938964844,382.82000732421875,27863900
2026-07-15,395.6300048828125,398.9599914550781,386.3999938964844,387.79998779296875,36253700
2026-07-16,401.1000061035156,405.989990234375,392.04998779296875,398.30999755859375,37047400
2026-07-17,393.82000732421875,398.3900146484375,389.3900146484375,394.8599853515625,33049800
2026-07-20,402.2900085449219,403.17999267578125,389.6499938964844,391.4100036621094,27915800
2026-07-21,397.75,401.4700012207031,396.32000732421875,398.80999755859375,24126600
2026-07-22,390.3399963378906,401.0,386.9599914550781,399.5799865722656,28142500
2026-07-23,381.5799865722656,391.7799987792969,377.3900146484375,389.9700012207031,30351800
2026-07-24,381.70001220703125,389.0299987792969,380.6499938964844,387.04998779296875,27659400
2026-07-27,389.1000061035156,394.20001220703125,387.989990234375,390.0799865722656,27856200
2026-07-28,393.3500061035156,400.32000732421875,391.29998779296875,393.1600036621094,32367500
2026-07-29,390.5400085449219,401.25,388.739990234375,393.3999938964844,47209000
2026-07-30,451.1000061035156,458.69000244140625,432.44000244140625,437.8999938964844,110160700
2026-07-31,464.7200012207031,466.8399963378906,449.3299865722656,450.0,60846000
2026-08-03,487.6499938964844,491.6499938964844,475.0,476.1300048828125,66762100
2026-08-04,492.80999755859375,499.44000244140625,479.1700134277344,480.8999938964844,50455500
2026-08-05,487.4599914550781,498.239990234375,485.67999267578125,496.3599853515625,33388900
2026-08-06,499.8599853515625,501.55999755859375,488.5199890136719,488.54998779296875,36441500
2026-08-07,499.989990234375,505.17999267578125,498.7300109863281,499.2099914550781,28846200
2026-08-10,506.05999755859375,513.7260131835938,502.5,503.44000244140625,31137345
