Date,Close,High,Low,Open,Volume
2016-08-11,14.071228981018066,14.129736687612587,13.856698553590626,13.895704001308047,14451300
2016-08-12,14.558795928955078,14.617303629065347,14.071227421541586,14.10048127159672,24909900
2016-08-15,15.143882751464844,15.309656174993618,14.705071130932447,14.714822727602009,29105200
2016-08-16,15.104872703552246,15.20238678068111,14.851336846987731,15.192635186975592,21872700
2016-08-17,15.134127616882324,15.368160288080338,15.075618984101236,15.143878280709865,22552100
2016-08-18,15.377913475036621,15.407167329476307,15.124377589990644,15.163383039231311,16590700
2016-08-19,15.845979690551758,16.04100787686766,15.631450173545566,15.758217192702263,35059400
2016-08-22,15.787469863891602,16.021502540165965,15.514430811608321,15.748463487882686,22145800
2016-08-23,15.777719497680664,16.128769469373424,15.738713118636348,15.865481990603854,23741400
2016-08-24,15.124378204345703,15.836227914394188,14.997610256673378,15.797223393532414,26686900
2016-08-25,15.797224044799805,16.13852059113563,15.485179495371316,15.504681756606217,34837800
2016-08-26,16.099515914916992,16.392056340390162,15.884986393565113,15.933742511168418,24243700
2016-08-29,16.489566802978516,16.821113537438062,16.197026441950094,16.499318396336296,34467800
2016-08-30,16.323793411254883,16.587080851741153,16.09951234414121,16.577329258398002,23620900
2016-08-31,16.08001136779785,16.323795655108174,15.738712993578094,16.284791136300306,21963700
2016-09-01,16.226282119750977,16.382303920138845,15.894735328945112,16.197029194632357,15719500
2016-09-02,16.2847900390625,16.54807563807383,16.15802117664373,16.53832404404728,16099500
2016-09-06,16.58708381652832,16.65534312220483,16.333547924068014,16.38230403957221,22998600
2016-09-07,16.733354568481445,16.91863116130533,16.596835952677868,16.78211068557511,23023500
2016-09-08,17.016145706176758,17.41595182870093,16.460315912981173,16.752858203072538,39212100
2016-09-09,16.39205551147461,17.29893338847965,16.275040091173256,16.899127292584655,31389600
2016-09-12,16.723596572875977,16.77235453123638,15.962991021713023,16.197023642065158,28239200
2016-09-13,16.333547592163086,16.723602088050328,16.050756920190743,16.499320985405983,24345800
2016-09-14,16.50907325744629,16.65534346691275,16.236034169162707,16.460315281006388,18591300
2016-09-15,17.016145706176758,17.025895441912443,16.431062985920722,16.479819104305935,24303700
2016-09-16,17.04539680480957,17.63047946230489,16.908878200033712,17.63047946230489,37447400
2016-09-19,16.528579711914062,17.328192084161348,16.43106559970481,17.191671583097598,23999900
2016-09-20,16.499317169189453,16.84061547162251,16.304289036391673,16.626084153559727,17775800
2016-09-21,17.220922470092773,17.259928850103023,16.80161318461543,16.821116374620555,31384900
2016-09-22,17.15266227722168,17.601224464563664,16.977137296113437,17.445202672451106,25278000
2016-09-23,17.04539680480957,17.298932685055092,16.996640691654335,17.01614388088703,17947600
2016-09-26,16.928380966186523,17.162413651350327,16.752855987332058,16.918629371813893,19567200
2016-09-27,17.552471160888672,17.630482069428883,16.9186322965086,17.09415730570577,28621000
2016-09-28,17.006393432617188,17.708491552981858,16.72360274946061,17.708491552981858,42715600
2016-09-29,17.103906631469727,17.32818773126194,16.91863005080695,17.016144138520335,31870200
2016-09-30,17.337940216064453,17.552469732105493,17.14291203062597,17.308685430270696,21363100
2016-10-03,17.289182662963867,17.57197335277945,17.16241564127435,17.542718566269563,26856100
2016-10-04,17.35744285583496,17.59147743998362,17.22092423168721,17.532967863983075,54502800
2016-10-05,17.259929656982422,17.874265291450705,16.850371947361346,17.113657585032524,67739500
2016-10-06,17.289182662963867,17.44520447116327,17.10390792818124,17.20142016336087,21606800
2016-10-07,17.17216682434082,17.357441554673564,16.869872950779065,17.27943065244751,23849000
2016-10-10,17.06490135192871,17.396448155560314,17.055149756536412,17.27943087077937,18857600
2016-10-11,16.440811157226562,17.035643489324276,16.1190160070995,16.967384193831613,38070200
2016-10-12,16.362804412841797,16.616340331697476,16.255538715653337,16.460316654002092,17901800
2016-10-13,16.431060791015625,16.577330986558795,15.767967253965042,16.148270134362573,28593700
2016-10-14,16.7041015625,16.9771406831328,16.567582932147022,16.606589317920356,23539800
2016-10-17,16.567577362060547,16.743102319174657,16.509069662997916,16.596832141554973,12657800
2016-10-18,16.97713851928711,17.22092281951803,16.772360599857908,16.782110335131733,20185700
2016-10-19,16.791866302490234,16.821121095708698,16.43106648576464,16.577336732002774,18629500
2016-10-20,16.77235984802246,17.064900251215548,16.626087786499394,16.626087786499394,17129700
2016-10-21,16.51882553100586,16.64559255510148,16.382305051295155,16.577333245209477,18710300
2016-10-24,16.63583755493164,16.733351631932795,16.54807507162323,16.64558914862439,13838700
2016-10-25,17.103906631469727,17.17216593489114,16.674845761486754,16.674845761486754,27444000
2016-10-26,17.201419830322266,17.484210514662706,16.7723607960443,16.86987302933598,23610500
2016-10-27,17.09415054321289,17.454950155005516,16.967381704530915,17.37693927732662,21198300
2016-10-28,16.77235984802246,17.2306736423387,16.674845760315925,17.162414338922083,20832400
2016-10-31,16.733354568481445,17.318437273238647,16.733354568481445,17.10390775412922,23267600
2016-11-01,16.557828903198242,16.977138189026757,16.167774402401914,16.77236027358115,27146100
2016-11-02,16.265289306640625,16.59683611389266,16.08976430751582,16.528576805327827,24949700
2016-11-03,16.2067813873291,16.392056119668243,16.148271815080978,16.24578590890121,17255100
2016-11-04,16.265289306640625,16.59683611389266,16.04100818994856,16.05075792552068,18026600
2016-11-07,16.947887420654297,16.996645407263617,16.59683921670225,16.59683921670225,21673200
2016-11-08,16.97713851928711,17.11365713223991,16.6358401269785,16.86987283200899,18062700
2016-11-09,16.77235984802246,16.918630049619004,16.33354738330631,16.528575558719382,33873300
2016-11-10,16.567577362060547,17.318433296414813,16.333544705883806,16.91862727628877,30282200
2016-11-11,17.230676651000977,17.240428247467015,16.479820462457525,16.65534547899255,31043300
2016-11-14,17.269678115844727,17.5329655939789,17.09415499034846,17.32818768427,26313300
2016-11-15,17.64998435974121,17.718243668735422,17.220923454729,17.220923454729,25153900
2016-11-16,17.7865047454834,17.87426725432035,17.484212692782155,17.493964289311467,21629000
2016-11-17,18.7031307220459,18.85915251631295,17.796252880414613,17.893766966813143,45958100
2016-11-18,18.732385635375977,18.849402923466624,18.38133749095743,18.430093609371294,29121600
2016-11-21,19.00542449951172,19.18094949951592,18.868905881698083,18.907910403961978,22744000
2016-11-22,19.24920654296875,19.30771424944211,18.96641774507547,19.151692458895518,22219100
2016-11-23,19.414974212646484,19.434477395705187,18.985913484984565,19.14193522960237,20041300
2016-11-25,19.629512786865234,19.931806685258522,19.29796782011514,19.453989637383458,16308000
2016-11-28,19.492992401123047,19.775783081834348,19.453987880292257,19.678268989867462,22205900
2016-11-29,18.937164306640625,19.697771984512343,18.89815792627083,19.42473290170354,37924400
2016-11-30,19.0444278717041,19.2687089540719,18.878654493448256,19.093183981809666,26031700
2016-12-01,18.020532608032227,19.336968024577,17.727992230989546,19.21020102383887,40713100
2016-12-02,18.32282829284668,18.722634383224115,17.845009443442873,18.001031241642526,25887600
2016-12-05,18.147296905517578,18.527599672030338,17.942517205138937,18.527599672030338,26635500
2016-12-06,18.58611297607422,18.615367759231457,18.118047605117127,18.15705398266011,22267800
2016-12-07,19.93180274963379,20.029316831153583,18.82014519619039,19.015173359229976,44735700
2016-12-08,20.146337509155273,20.468132760369198,19.785537731089875,20.234100019479698,36257400
2016-12-09,19.99030876159668,20.331607088048216,19.62950724850763,20.214589828149368,23978000
2016-12-12,19.522247314453125,20.000064322298627,19.00542392559495,19.795284541835343,28676100
2016-12-13,19.629512786865234,19.9610596135421,19.307717556258485,19.63926438293535,26252400
2016-12-14,19.522247314453125,19.824539327594845,19.288214608156956,19.434484817101232,19489100
2016-12-15,19.785531997680664,19.990309889146292,19.483238167527087,19.60025543402627,19453100
2016-12-16,19.766029357910156,20.477878990729362,19.68801846472348,20.01956522574845,36643400
2016-12-19,19.844043731689453,20.185342146716394,19.68802191795029,19.922054638559032,23555900
2016-12-20,20.136581420898438,20.28285161883724,19.961056439401286,20.21459231712756,23018500
2016-12-21,20.068323135375977,20.312107430927156,19.834290434838035,20.23409653074784,32034500
2016-12-22,22.613433837890625,22.90597427525384,22.203876109626083,22.34039473240535,85870000
2016-12-23,22.681692123413086,22.905973239242684,22.486663934040685,22.496415529501974,27780100
2016-12-27,22.72069549560547,23.052242284805427,22.632933000821566,22.769453470444617,24214100
2016-12-28,22.213626861572266,22.827962500665425,22.194123670508567,22.818210905133572,24026900
2016-12-29,21.7163028717041,22.23312432551022,21.5992856056024,22.018594840904505,19890500
2016-12-30,21.375011444091797,21.843076940111406,21.209238015093984,21.794320815081967,20268900
2017-01-03,21.98934555053711,22.1746221598291,21.50177689655689,21.521280089098536,24962900
2017-01-04,21.804065704345703,22.2721310563713,21.696800030367445,22.106357678371438,20426800
2017-01-05,21.560285568237305,22.00884781828604,21.414013490248017,21.843074408501348,19759400
2017-01-06,21.492021560668945,21.726054230413226,21.433511998288132,21.71630263668309,17782200
2017-01-09,21.784563064575195,21.989340963767273,21.39450859473808,21.39450859473808,21537200
2017-01-10,21.92108726501465,22.1258670764557,21.745562243758574,21.80407182412853,20644300
2017-01-11,22.223377227783203,22.31113786286189,21.999094262810566,22.04785223777269,20907700
2017-01-12,21.75531005859375,21.92108345430383,21.16047764098534,21.901580264237566,27592300
2017-01-13,21.628538131713867,21.7553051185058,21.44326158800921,21.7163006071568,14025700
2017-01-17,21.199485778808594,21.521281030108845,21.043463951507068,21.336004412715702,20053800
2017-01-18,21.765060424804688,21.78456361376983,20.99470305994627,21.140973257331897,19493400
2017-01-19,21.17022705078125,21.74555812940919,20.955697543128636,20.965449138011923,31259000
2017-01-20,21.41400909423828,21.774810627323138,21.34574979715026,21.355501391009454,19978700
2017-01-23,21.34575080871582,21.75530847057906,21.1994806137489,21.41401010903862,16070300
2017-01-24,22.281885147094727,22.515917849331384,21.706554056623816,21.71630565170783,29461400
2017-01-25,22.97423553466797,23.383793297659608,22.613435755322296,22.818213706854667,31611800
2017-01-26,22.935222625732422,23.39353634494702,22.710941562707806,23.20825979465762,19379100
2017-01-27,23.374040603637695,23.500809495239157,22.86697061701228,22.944981527256715,18626100
2017-01-30,23.578821182250977,23.637328901880046,22.847468177143575,23.227771144622825,30508100
2017-01-31,23.51055908203125,23.549563603856292,23.0912497778338,23.354537274877778,22712500
2017-02-01,24.134645462036133,24.23215955305998,23.70558457748716,23.82260185870109,28728200
2017-02-02,24.173648834228516,24.680718696584496,23.85185181591652,23.92011297308735,45499700
2017-02-03,23.988374710083008,24.612461902564338,23.89086062127616,24.280915116576995,25054400
2017-02-06,23.73483657836914,24.115139442828458,23.60806771693179,23.920113143586455,18900000
2017-02-07,23.988374710083008,24.07613720401651,23.608069949728968,23.97862311520967,19879300
2017-02-08,23.608068466186523,23.773841848762917,23.315528078075914,23.6470748432287,21559200
2017-02-09,23.842103958129883,24.27116296312309,23.81284917418314,24.134644357891297,27887400
2017-02-10,23.452043533325195,24.144391753579526,23.30577335888239,24.095633788814474,28578400
2017-02-13,23.305774688720703,23.598316914225084,23.22776380057146,23.471548058528633,16876400
2017-02-14,22.545169830322266,22.788954097320048,22.116108999626796,22.77920250344897,60685200
2017-02-15,22.447660446166992,22.681693168238525,22.22337932000595,22.4964165657927,28215800
2017-02-16,22.408653259277344,22.75970325976448,22.281886236838478,22.467162832642984,23819800
2017-02-17,22.769454956054688,22.798707882940242,22.43790814522271,22.43790814522271,22108700
2017-02-21,23.17900848388672,23.383786374793758,22.993731920737723,23.0327382961065,20256300
2017-02-22,23.159509658813477,23.461801685159568,23.061995561948923,23.266775351357154,16013300
2017-02-23,22.896217346191406,23.37403427454885,22.652433085197224,23.325278166320537,20172900
2017-02-24,22.662187576293945,22.681690766049368,22.07710490311711,22.38914849949768,22019600
2017-02-27,23.169261932373047,23.17901352833748,22.574427598029782,22.77920739342941,17999800
2017-02-28,22.857215881347656,23.354536063322538,22.74019860208969,23.198514264262954,21447500
2017-03-01,23.939620971679688,23.968875761476152,23.471555494497487,23.55931800396001,27989300
2017-03-02,24.08588409423828,24.62220868802681,23.773838699022324,24.261407187894143,45941900
2017-03-03,24.934255599975586,25.041521277229947,24.358924556399984,24.57345591090871,37862400
2017-03-06,25.070775985717773,25.2755557605218,24.544202876085322,24.86599807084031,25527800
2017-03-07,25.002517700195312,25.109783389462745,24.651469566102456,24.924506797071718,20313000
2017-03-08,24.748981475830078,25.18779396260565,24.41743653684329,25.002517372641897,24921100
2017-03-09,24.524696350097656,24.856243094737017,24.23215598008707,24.6027072394289,21786600
2017-03-10,24.553953170776367,25.109781035925117,24.19315161519349,24.651467255522537,28919000
2017-03-13,25.061025619506836,25.178041036510802,24.661219534878008,24.758731762405805,23768200
2017-03-14,24.944011688232422,25.06102898085804,24.622216458420436,24.953763284278455,14587500
2017-03-15,25.4705810546875,25.499833976397788,24.31991901594854,24.52469690762597,29779900
2017-03-16,25.3925724029541,25.577847123213154,25.187792633290787,25.54859419892305,19147300
2017-03-17,25.158536911010742,25.26580258921232,24.76848243563198,25.217046477262393,19126500
2017-03-20,25.558345794677734,25.948402172927224,25.1682912763549,25.34381627458184,26918800
2017-03-21,24.885499954223633,25.78262618642688,24.797737463904998,25.646105723749855,28397500
2017-03-22,25.412073135375977,25.499835626037093,24.992763871089856,25.090277956260707,25092500
2017-03-23,25.8118839263916,25.831387118974238,25.392576445425817,25.704620087040734,47118300
2017-03-24,27.723148345947266,29.127346305686814,27.459860879759894,28.971322656892255,107481800
2017-03-27,28.04494857788086,28.45450631253418,27.37210332953753,27.4013581177009,48190000
2017-03-28,27.976686477661133,28.337486196089916,27.908427172008476,28.015690998065544,24776400
2017-03-29,27.791410446166992,27.966935441309992,27.6451402368567,27.88892453901606,23060600
2017-03-30,28.249725341796875,28.278980128745047,27.62563809964939,27.693897409268434,25092700
2017-03-31,28.181461334228516,28.63002535968983,28.181461334228516,28.376489494851068,32337800
2017-04-03,27.927928924560547,28.31798529406241,27.59638212643993,28.230222796917154,21629100
2017-04-04,27.879173278808594,27.96693577743488,27.4598639764667,27.762155993997997,13957900
2017-04-05,27.55738067626953,28.19121955745122,27.528125887318936,27.927932036676317,22389900
2017-04-06,27.90842628479004,28.064448081300863,27.323343617911185,27.54762471790468,19423700
2017-04-07,27.810911178588867,28.142457949015178,27.64513779337571,27.742651877605766,20325500
2017-04-10,26.952795028686523,27.781662125718334,26.894287310050995,27.74265759993693,27422100
2017-04-11,26.504228591918945,26.855278568477303,26.016660006666356,26.816272188892352,38619300
2017-04-12,26.026411056518555,26.748012324389453,25.997156272442492,26.738260729697434,24621900
2017-04-13,26.075170516967773,26.552987558648585,25.704619170740912,25.88989391389097,26077500
2017-04-17,26.45547103881836,26.54323353435582,26.162930626977865,26.240941527463768,14108600
2017-04-18,26.46522331237793,26.660251498556054,26.231190604920155,26.328704698009215,14407100
2017-04-19,26.582239151000977,26.865027959666946,26.377459380653562,26.76751573180549,21231900
2017-04-20,27.264835357666016,27.38185264062785,26.816273136153317,26.816273136153317,23633000
2017-04-21,26.6407470703125,27.333095425146684,26.484725272588904,27.303840640601056,28361700
2017-04-24,25.909393310546875,27.06980701889425,25.860637197896963,27.050303829863694,44041000
2017-04-25,26.31894874572754,26.348203526789252,25.714364816529343,26.045909702263835,22881400
2017-04-26,26.123924255371094,26.396961457759108,25.733867920657165,25.919144493653636,24670700
2017-04-27,26.943038940429688,26.962542130032322,26.426217435445622,26.494476739128306,24626900
2017-04-28,26.982044219970703,27.498867563817956,26.82602242936143,27.32334258440091,28105100
2017-05-01,27.58662986755371,27.67439049674415,27.03080014983799,27.157569016307455,23938000
2017-05-02,27.079561233520508,27.576881442359543,26.767517618545423,27.576881442359543,25335300
2017-05-03,27.30384063720703,27.40135472575379,26.865028168709873,26.865028168709873,15061300
2017-05-04,27.099063873291016,27.469615193555903,27.030802706467703,27.245334082344876,15544600
2017-05-05,27.49887466430664,27.5183759982234,26.933295062328018,27.10881822714047,15639600
2017-05-08,27.362350463867188,27.37210205946917,26.60174460617948,26.874781843328226,32326800
2017-05-09,28.09369659423828,28.181459073485403,27.36234384046309,27.41110180667051,31073400
2017-05-10,28.591022491455078,28.688536583730453,28.083950699564422,28.200967982280194,29267500
2017-05-11,28.308231353759766,28.581268557880556,27.9766845831047,28.44474995582016,22494600
2017-05-12,28.21071434020996,28.39599089514411,27.96693008474313,28.376487708324458,15902700
2017-05-15,28.113203048706055,28.464253006501913,28.015688964882045,28.356987328302857,21899900
2017-05-16,28.298480987548828,28.356988696696,27.8596685191287,28.200966899019186,14940800
2017-05-17,26.328704833984375,27.80116225344655,26.289698452576648,27.63538885231699,38027900
2017-05-18,26.796770095825195,27.196576203301266,26.41646717893982,26.474974890785273,26863000
2017-05-19,27.128314971923828,27.459861748742178,27.040552480417414,27.089310453435697,19173200
2017-05-22,27.362350463867188,27.547627060451465,26.96254434381937,27.498870942368242,18032700
2017-05-23,27.58662986755371,27.60613119630356,26.874778360280523,27.38185010630551,21800800
2017-05-24,28.26922607421875,28.395994946707695,27.732901379638985,27.762154304116024,22216800
2017-05-25,28.698286056518555,28.92256715021619,28.464253368321923,28.474004962820924,20714000
2017-05-26,29.02008628845215,29.029837884649165,28.161964422382738,28.54226923435916,17784800
2017-05-30,29.936716079711914,30.10248949635902,29.137101925343824,29.195611502932316,34690000
2017-05-31,30.00497055053711,30.326765735625624,29.56615808908618,30.239003243335436,26402900
2017-06-01,29.995222091674805,30.063481401719624,29.527156657144598,29.985470495964588,20534800
2017-06-02,30.43403434753418,30.599807763515706,29.770942543534872,30.034228201918754,20206300
2017-06-05,30.43403434753418,30.970360980381145,30.29751572022944,30.52179685363774,24360800
2017-06-06,30.785079956054688,30.98010813273764,30.102485057517416,30.268258449719966,33125800
2017-06-07,31.691959381103516,31.740715497719176,30.911850355693158,30.911850355693158,32635800
2017-06-08,31.643207550048828,32.04301371220975,31.087377701748323,32.02351051895144,29156500
2017-06-09,29.83919906616211,32.11126869625628,28.81530387736673,31.85773093795918,53064200
2017-06-12,30.42427635192871,30.902093277708694,28.48375200814752,29.312618863041894,46550900
2017-06-13,30.755826950073242,31.43842370672984,30.004970889736292,30.9606048611143,33767900
2017-06-14,30.287765502929688,30.99961718039259,30.082987552649552,30.98986558372303,28935000
2017-06-15,29.800193786621094,30.199999909621273,29.33212835382967,29.712431285481866,33670600
2017-06-16,29.117591857910156,30.229247459636518,29.078585484552477,29.868445945782984,42881700
2017-06-19,30.42427635192871,30.47303245989402,29.57590630987769,29.75143127443489,24915000
2017-06-20,30.063478469848633,30.794831337451104,29.965964382182996,30.61930635163827,25793300
2017-06-21,31.214139938354492,31.350662270169956,30.287760720154388,30.40477800178391,30579000
2017-06-22,31.097122192382812,31.59444420719236,30.970355185025063,31.243394248468658,23050800
2017-06-23,30.941097259521484,31.28239744910922,30.8533347787535,31.09711903423651,45323800
2017-06-26,31.691959381103516,32.140521605732815,31.15563465862472,31.643203264487852,34750700
2017-06-27,30.872840881347656,31.857727729781157,30.82408476961681,31.701705940330715,33221500
2017-06-28,31.438425064086914,31.477427725121732,30.65831418566565,31.272649805239364,28415900
2017-06-29,30.68756866455078,31.584695011187904,29.878204819426934,31.48718277388578,53948400
2017-06-30,29.117591857910156,31.35065651462855,28.97131981774511,31.32139987468404,73308000
2017-07-03,28.415494918823242,29.527152494004234,27.849915466860665,29.34187592148633,36830400
2017-07-05,29.75143814086914,29.80019426008704,28.815305400486302,28.815305400486302,40444600
2017-07-06,29.35162925720215,29.722180564295673,29.176104268605958,29.195607458433656,27143800
2017-07-07,29.449142456054688,29.74168285491936,29.234611094289196,29.468643785366236,22023100
2017-07-10,29.74168586730957,29.82944836784331,29.01033293614622,29.41013905638805,24907900
2017-07-11,30.590057373046875,30.609558705154228,29.75143871484755,29.790443238989017,28530500
2017-07-12,30.66806411743164,30.989859302597125,30.385273451111946,30.98010770790405,22258600
2017-07-13,30.356016159057617,31.05811603954046,30.073227376028083,30.76557380269716,23773000
2017-07-14,30.999614715576172,31.155636530029902,30.482791292743972,30.570553795865038,28887600
2017-07-17,30.931350708007812,31.06787117808138,30.65831348771382,30.882594592934332,22320500
2017-07-18,31.106874465942383,31.11662606055611,30.619305894814993,30.85333858576496,14045000
2017-07-19,31.02886390686035,31.545685407530566,30.86309051647472,31.25314500563899,19984100
2017-07-20,31.204387664794922,31.223890853467765,30.63880821276757,31.136128364366414,23179300
2017-07-21,31.214139938354492,31.301902434594982,30.833838887856686,31.106876111781244,21146600
2017-07-24,30.882593154907227,31.214138069836544,30.716819767479326,31.204388335217093,17415500
2017-07-25,29.15660285949707,30.06348078267994,28.91281855154153,30.034225996151676,51216400
2017-07-26,29.068838119506836,29.30287081391608,28.94207110750761,29.107844498538306,26387400
2017-07-27,29.48814582824707,30.52179063863581,28.932317976056204,29.517400610966853,38967000
2017-07-28,28.55201530456543,29.23461016690514,28.23996986643496,29.215106978285778,31854900
2017-07-31,27.420862197875977,28.815307000142585,27.177077868399554,28.698291563552928,41112700
2017-08-01,27.63538932800293,28.220472039703342,27.138069116053916,27.51837204169218,28221600
2017-08-02,27.918176651000977,28.6982875111237,27.518370555909627,28.23997184607271,27226000
2017-08-03,27.138072967529297,27.693900971554285,26.923543415427687,27.684149374650538,30288400
2017-08-04,27.225830078125,27.596381387315216,26.591991284550744,27.1673223682374,23947500
2017-08-07,27.879173278808594,27.898676469598133,27.108813981961557,27.235582862166922,16589300
2017-08-08,28.122953414916992,28.610521952817876,27.898672333864916,27.898672333864916,21903300
2017-08-09,27.86942481994629,28.1717168714987,27.6548952768973,27.801165504427377,14181800
2017-08-10,26.806520462036133,27.67439194433699,26.748012752873272,27.59638104547766,26147600
2017-08-11,27.313594818115234,27.342849605427077,26.18243574769795,26.757766878677206,23375900
2017-08-14,28.51300811767578,28.63002538614271,28.005936387529744,28.103450467931115,25254600
2017-08-15,28.94207191467285,29.068838930207484,28.415496942621516,28.766546923989072,23973600
2017-08-16,29.92696189880371,30.09273530113379,29.215110312370644,29.27361988490595,37879500
2017-08-17,28.883563995361328,29.77093867746066,28.87381240040208,29.56615890316959,26152500
2017-08-18,29.624670028686523,29.839201422672048,29.02008595091788,29.21511229280944,31178100
2017-08-21,28.825056076049805,29.839199690759884,28.55201884126376,29.770940382063372,26247700
2017-08-22,29.69293212890625,29.780694636473605,29.02983845392038,29.107849365099494,18821200
2017-08-23,29.69293212890625,29.975720984457965,29.12735255787598,29.224864801904744,21200400
2017-08-24,29.468645095825195,29.868451193351834,29.361381270098967,29.790440292857042,18056800
2017-08-25,29.536903381347656,29.63441560251378,29.30286884275505,29.54665311552315,13929800
2017-08-28,30.307262420654297,30.43402943125564,29.66367205314424,29.67342364779457,22531000
2017-08-29,30.697315216064453,30.74607318663028,29.93670947450158,29.985465585141004,23151900
2017-08-30,30.824087142944336,30.89234644859378,30.599804175904826,30.86309166334691,17467900
2017-08-31,31.175138473510742,31.223896453938316,30.697321424881142,30.824090314066066,25694000
2017-09-01,31.789472579956055,32.06251353703338,31.33116060602347,31.33116060602347,26034000
2017-09-05,31.272647857666016,31.925991677365946,30.86309018348078,31.643201013318915,28866600
2017-09-06,31.448177337646484,31.88698985842156,31.262902593254132,31.272652329336456,29290200
2017-09-07,31.974750518798828,32.0820162087867,31.64320371331511,31.662706904208658,25353300
2017-09-08,31.643207550048828,32.19903553842245,31.50668891709443,31.98450413243482,19649300
2017-09-11,32.608585357666016,32.608585357666016,31.99425162390902,32.08201411728189,31012100
2017-09-12,33.43745422363281,33.681238514467374,32.72560454077827,32.85236969371803,38685800
2017-09-13,33.72998809814453,33.93476597003344,33.174160320244724,33.70073517926107,41588100
2017-09-14,33.720245361328125,33.98352912560942,33.447204422307365,33.573973296857964,23007000
2017-09-15,33.78850555419922,34.12980208712922,33.52521806314469,33.778752099056526,37417300
2017-09-18,34.54910659790039,34.90990627130397,34.14930054903353,34.2565662216312,41330100
2017-09-19,35.056182861328125,35.20245120848725,34.61737038014439,34.61737038014439,26392200
2017-09-20,35.075679779052734,35.690013422996365,34.46134241525658,35.13418561951259,42243000
2017-09-21,35.01717758178711,35.34872438689975,34.5198592340448,35.03668077265883,22464900
2017-09-22,35.17319869995117,35.319470768697315,34.714883023076275,34.714883023076275,21559800
2017-09-25,34.00302505493164,35.25120290429092,33.68123178960352,35.1439372425641,35607200
2017-09-26,33.33019256591797,34.49060459129125,33.24243006182395,34.354085967112454,55112600
2017-09-27,36.16783905029297,36.226348621688444,35.026926587127186,35.35847338532842,84593900
2017-09-28,37.016204833984375,37.503773402566424,35.90454909279378,36.226346133587356,52569900
2017-09-29,38.35214614868164,38.381399073022145,36.86993722449629,37.03570875556321,48711400
2017-10-02,39.015228271484375,39.36627817350801,38.38139147714376,38.615422265257976,54244800
2017-10-03,39.366294860839844,39.532070149224005,38.85922297850872,38.93723575418453,27322300
2017-10-04,38.57643127441406,39.424799647508344,37.94259056862832,39.142008949859104,37908400
2017-10-05,38.391151428222656,38.86897030423149,38.27413600302075,38.810460731703884,22501000
2017-10-06,38.68368911743164,38.68368911743164,37.84507428958622,38.030349009717234,25150300
2017-10-09,39.94161605834961,39.97087270182749,38.634932151877436,38.73244809704877,27279300
2017-10-10,40.936256408691406,40.95575959773935,39.4540475197242,40.41943491840621,48214100
2017-10-11,40.575462341308594,41.02402459209629,39.785599814601454,39.82460619810999,53023600
2017-10-12,39.57106399536133,40.71197257911501,39.28827335294534,40.18539766975822,66789800
2017-10-13,39.395538330078125,40.14639058552972,39.31752558050503,39.766087730992446,35371200
2017-10-16,40.45844268798828,40.53645172701007,39.50280499103654,39.863608421053186,33696800
2017-10-17,39.385780334472656,40.370670725065644,39.24926175831574,40.11713303804376,41233700
2017-10-18,40.61445236206055,40.906992680808905,39.79533723765397,40.01961827268944,43528000
2017-10-19,40.28291702270508,40.46819174213645,38.81045784246386,40.15614815159255,47676000
2017-10-20,40.46818542480469,41.12152542806152,40.40967586576652,40.95575392389872,36293700
2017-10-23,40.52669906616211,41.14103275860965,40.370677279529794,40.80948599703437,26844200
2017-10-24,40.56571578979492,40.96552198917076,40.39994421144953,40.70223815531091,26299400
2017-10-25,40.03913497924805,40.555956507581165,39.30778207544689,40.2829192805151,31061100
2017-10-26,39.59056854248047,40.156149899873164,39.30778158363731,40.146396444826706,27453500
2017-10-27,39.834354400634766,39.922116900223806,39.04449562418676,39.58082035729606,31094700
2017-10-30,40.61445236206055,40.8192302131992,39.66856840225063,39.71732450206669,29119500
2017-10-31,43.20833969116211,43.461873779353546,41.150799174460964,41.19955530066847,61972200
2017-11-01,43.276588439941406,44.202969490997724,42.69150390881754,43.67639452894216,38842900
2017-11-02,43.237579345703125,43.63738540960032,42.63299538270433,42.98404533536584,25813000
2017-11-03,42.62324905395508,43.88117702133141,42.27219904260787,43.656895896271465,27694600
2017-11-06,42.1746826171875,42.91578522991023,41.39457362488644,42.75976343145002,28841000
2017-11-07,42.8572883605957,43.14007909201413,42.2527042298611,42.49648857352791,32422900
2017-11-08,42.993797302246094,43.042553416013575,42.36971011837497,42.7597627483679,19519600
2017-11-09,42.41846466064453,42.603739374038234,41.521340297029255,42.603739374038234,32501100
2017-11-10,43.666648864746094,43.73490818091074,42.623252209253636,42.67200833224928,33840800
2017-11-13,44.466251373291016,44.729538843193815,43.09130817703387,43.227830499091304,30522300
2017-11-14,44.661285400390625,44.85631359477337,43.68614814833033,44.44675773443768,29899200
2017-11-15,44.23222351074219,44.60277668430978,43.51062035377931,44.06644825420412,22434500
2017-11-16,45.03183364868164,45.139099329796196,44.16396218490461,44.59302118950983,24192600
2017-11-17,45.012332916259766,45.39263582834866,44.59302362348145,45.382886093102904,22613300
2017-11-20,46.455535888671875,46.670067264298766,45.24636783660975,45.35362980456997,26975000
2017-11-21,48.17176818847656,48.396049246975316,46.95284696629702,47.15762483885861,35756600
2017-11-22,47.91823959350586,48.6495924657385,47.41116782237553,48.61058608645469,28711800
2017-11-24,48.444820404052734,48.63984860416863,47.810979683639474,48.093770387814835,14203300
2017-11-27,46.8553466796875,47.1868935116043,45.9192157612825,46.76758417359618,44469700
2017-11-28,46.738319396972656,47.64519715674379,46.63105372562406,47.24539111253252,30633200
2017-11-29,42.65250015258789,46.416526389392665,42.19418450630328,46.319014163305845,81370100
2017-11-30,41.336055755615234,43.43260173881926,40.819234349461276,43.06204864693503,63895700
2017-12-01,40.94601821899414,41.49209274436218,39.0152430276169,40.69248042948437,73138600
2017-12-04,38.9079704284668,41.23854742145719,38.098604878009276,40.90700067016237,73640500
2017-12-05,40.18539810180664,41.004513396328484,38.43990183897932,38.781202048277514,56540700
2017-12-06,40.54621505737305,40.70223689327093,39.29803665033604,39.80510854696764,39735300
2017-12-07,42.125919342041016,42.155172261825776,40.86799171336182,41.13127915098205,43189000
2017-12-08,42.135684967041016,43.471625845473135,41.80413811164344,42.945050771632175,44717800
2017-12-11,41.94064712524414,42.6622502519554,41.277557286449955,42.34045320738263,32824000
2017-12-12,40.819236755371094,41.78462033394961,40.672964712627646,41.62859855762113,28492300
2017-12-13,41.004512786865234,42.028405959835894,40.92650375608835,41.17028802202673,28565600
2017-12-14,41.18980407714844,41.66761930453696,40.83875402935467,41.23856020159672,24582800
2017-12-15,41.3458137512207,41.50183553549557,40.84849175644579,41.24829781114094,58721700
2017-12-18,42.62324905395508,42.642752245680306,41.921152751114136,42.2917022343331,35075500
2017-12-19,42.88652801513672,43.23757795651931,42.22343450804798,42.993793688320594,51048300
2017-12-20,44.61252212524414,45.636415331689015,43.744650705306555,45.49014699925564,84338200
2017-12-21,43.31559371948242,44.44675647077153,43.247334411367156,44.4174998245412,50486100
2017-12-22,43.02304458618164,43.82265665066839,42.847519623747715,43.0815541469438,30372500
2017-12-26,41.19953918457031,42.125920099554826,40.48768960480501,42.11616664621621,41966200
2017-12-27,41.423828125,41.99915922617444,40.985015637688434,41.17029408780512,24175100
2017-12-28,40.77048873901367,41.97965681556658,40.711979166334025,41.76512915544782,28999700
2017-12-29,40.09763717651367,40.79973709052934,39.75634067378544,40.78023390182303,44642100
2018-01-02,42.5842399597168,42.6329997958527,40.165900137534706,40.507200391219854,37097000
2018-01-03,43.86166763305664,43.92992693452489,42.954789805146525,43.39360225733738,43376700
2018-01-04,45.71443176269531,45.81194399216263,43.89092256886086,44.846560272935555,52229500
2018-01-05,44.661285400390625,45.499904032339025,44.25172954005494,44.983082479100155,47381100
2018-01-08,44.41749572753906,44.94407067287491,43.7934085567053,44.18346489840288,32217400
2018-01-09,41.901641845703125,44.41749359745842,41.706613684207085,44.14445640327563,62982900
2018-01-10,42.23318862915039,42.2916944737367,40.36092348548022,40.90700159402002,53348000
2018-01-11,41.75537109375,42.90603319053905,41.56034292618606,42.43796782029734,39402200
2018-01-12,41.74562454223633,42.27219579899907,41.618855665676236,41.755374277424096,28458500
2018-01-16,41.852882385253906,42.76951363642886,41.365313837132014,42.06741373678044,38174800
2018-01-17,43.15957260131836,43.276591748400996,41.91139812459713,42.13567924339214,38077100
2018-01-18,42.89629364013672,43.539884141996005,42.81828086664891,43.110821327520625,25152100
2018-01-19,41.68710708618164,43.101056491554786,41.58959487333624,42.857272239588816,41469200
2018-01-22,41.813873291015625,41.813873291015625,40.64370821170589,41.41406729190213,37879400
2018-01-23,42.8572883605957,43.54963500384451,41.667619573148436,42.17469145435786,41334100
2018-01-24,42.00891876220703,42.85728721390956,41.67737191489686,42.6720087369736,31305700
2018-01-25,41.94064712524414,43.608134476466006,41.79437878486353,43.130315636908776,40519200
2018-01-26,42.5842399597168,42.720762293102794,41.960152743650866,42.14543119331954,27177500
2018-01-29,42.21369934082031,42.3404645257328,41.32632444716286,42.17469295168385,29455000
2018-01-30,40.63396453857422,41.73587059444165,40.43894007829593,40.946011858696394,38861900
2018-01-31,42.632999420166016,42.867030264201816,41.706618339545734,41.91139625804036,45114600
2018-02-01,41.43357849121094,42.993796418830144,41.053271883991606,41.96990317133923,35713500
2018-02-02,39.80510711669922,41.16054746483127,39.60032916191391,40.95576951004596,40657400
2018-02-05,38.42041015625,40.49744987550617,38.04010349399336,39.14200965725763,45796800
2018-02-06,42.78901290893555,42.8377690153153,39.5418048900799,39.5418048900799,66972800
2018-02-07,40.96550369262695,42.47696901700953,40.702219976358286,42.18442494141778,51354800
2018-02-08,39.00548553466797,41.96014987356612,39.00548553466797,41.46283156973441,53794100
2018-02-09,39.40530014038086,40.165906082558124,36.587153795797114,40.029387448819,65189300
2018-02-12,41.14104080200195,41.61885970939793,39.86361333665689,39.99037850568041,47941100
2018-02-13,41.570098876953125,41.85288583105791,40.93625822426859,41.00451752903731,30296800
2018-02-14,42.36972427368164,42.54524931776821,40.88751485686966,40.88751485686966,36765900
2018-02-15,42.41846466064453,42.82802046494205,41.209292996801224,42.64274575154835,35072300
2018-02-16,43.11081314086914,43.98843807667897,42.057666937750426,42.213688735244055,49404600
2018-02-20,43.78366470336914,44.14446444999967,42.80852743799213,42.925542868278406,36215900
2018-02-21,43.4326057434082,44.41749254176844,43.41310255573686,44.24196757257906,31618700
2018-02-22,43.149810791015625,43.71539201742132,42.94503292070417,43.666632193188036,24359600
2018-02-23,45.37312698364258,45.63641444070573,43.90067163471836,44.05669341817955,48476700
2018-02-26,46.78707504272461,47.03085930433938,45.53890081360982,45.802188262536085,41966100
2018-02-27,47.372161865234375,47.77196792542913,46.24099926386572,46.475033803423706,44731100
2018-02-28,47.59645080566406,48.23028779016742,47.14788484080456,47.58669734998591,45031400
2018-03-01,46.4360237121582,47.59643914319819,45.60715873557465,47.55743276975008,61278800
2018-03-02,47.888980865478516,48.02549945657459,44.80754795269342,45.207353992268764,52492900
2018-03-05,50.73638153076172,51.058178555537026,47.508680148121556,47.586689180888044,70984100
2018-03-06,52.40386962890625,53.28149079098327,51.8870444340574,52.07232286460529,73096300
2018-03-07,52.628150939941406,53.63254097141684,51.809035619947466,52.01381351998274,61670000
2018-03-08,53.847076416015625,54.090860711676896,52.94994827365849,53.232738949390324,51685900
2018-03-09,53.23273468017578,54.44190632641668,52.28685049851603,54.37364330684126,65504600
2018-03-12,57.89389419555664,59.6491404016754,54.948979421802036,55.09525148891743,138651600
2018-03-13,57.952392578125,61.84318714988464,57.06501805124539,60.62426589209109,142315800
2018-03-14,58.293697357177734,58.566738287368786,56.128895424056196,57.845135163092934,80306900
2018-03-15,57.377071380615234,58.65450241578012,56.782237110193826,58.28394924865885,50963700
2018-03-16,59.07380676269531,59.181068718036926,57.737866269632114,58.50822546434398,69323100
2018-03-19,58.64475631713867,59.47362524967382,57.28931607247291,58.85928771235895,71373300
2018-03-20,59.62963104248047,59.72714325781751,58.31319381631499,58.605734182178686,53890500
2018-03-21,59.55162811279297,60.18546877654475,59.09331244146927,59.82466533663524,51220200
2018-03-22,57.455081939697266,58.80077231494273,56.66522318976119,58.57649120571069,74274700
2018-03-23,52.862178802490234,57.33805802896779,52.34535735424347,56.25565530389406,118369500
2018-03-26,54.17861557006836,55.300020940128704,51.40922621292622,54.86120852582134,70260700
2018-03-27,51.09718322753906,54.090853692175386,50.395083356794785,53.69104764796882,67785100
2018-03-28,50.20981979370117,52.0235719957276,49.43946045572362,50.638878854419225,62987500
2018-03-29,50.84364318847656,51.370218067493035,49.868506176899025,50.863146375090416,61458800
2018-04-02,48.815372467041016,50.43410016627532,48.327803838116786,50.258575162274326,59875500
2018-04-03,50.2683219909668,50.482853365639635,49.068903679561146,49.53696908987653,52436400
2018-04-04,52.06257629394531,52.16984198479151,48.03525847860715,48.38630847779349,60272800
2018-04-05,48.6008415222168,50.902166066857184,47.967000810906136,50.76564744469266,89203500
2018-04-06,47.25514221191406,49.22491956856158,46.08497696679587,46.53354285265724,79392200
2018-04-09,46.767581939697266,48.591091288064796,46.7285755566635,47.908494464387616,50532900
2018-04-10,49.22492218017578,49.488209653284976,47.43066970109508,48.025503949246996,50346500
2018-04-11,49.22492218017578,50.51210290214097,48.864122481405246,49.029894009000124,38942200
2018-04-12,51.282466888427734,51.60426023883645,49.82951078426398,49.849013975175616,46656300
2018-04-13,50.93141174316406,52.16008660741953,50.29757484194917,52.07232411711556,43598900
2018-04-16,50.3658332824707,51.17519515046008,50.04403625023862,50.95091406126175,30879500
2018-04-17,50.96065902709961,51.38972169659373,50.45359105018342,50.56085299770442,33325300
2018-04-18,52.66716384887695,52.92070162957428,49.41995857958871,50.170814745725295,55393600
2018-04-19,50.14155197143555,52.75491990941015,49.71249295171327,51.584758270194286,52635000
2018-04-20,49.36144256591797,50.77539220816677,48.9031306249417,50.21956431815601,38510800
2018-04-23,47.801231384277344,49.614987376118236,47.596453441934955,49.54672806200411,43693000
2018-04-24,45.93871307373047,49.01039295405474,45.285369229820105,48.42531213490339,61915400
2018-04-25,46.416526794433594,47.13812992127306,44.93432160174438,46.377524135570305,43781200
2018-04-26,48.89337158203125,48.932377957186965,47.61594441442938,48.05475311544679,39041400
2018-04-27,46.338523864746094,50.11230408642506,46.0167267777,49.839266839127895,50049800
2018-04-30,44.83680725097656,46.50429094199788,44.19321685866027,45.88995719468675,54743800
2018-05-01,45.626670837402344,45.70467987968843,44.28098044932495,44.456505444285185,34154900
2018-05-02,44.74905014038086,45.5779190780072,44.54427219996928,44.768553332780094,31640800
2018-05-03,45.46089172363281,45.704676004870436,44.202967659534906,44.60277373197049,30489600
2018-05-04,46.397037506103516,46.51405294807679,44.992837323008956,45.16836234589578,28632200
2018-05-07,47.2746467590332,47.888984181355454,46.91384706903253,47.06011540396924,33996900
2018-05-08,47.3624153137207,47.64520600527653,46.68957195919274,47.32340893146748,25205500
2018-05-09,49.74174880981445,49.76125200093183,47.77197486505308,47.84023417403722,36489100
2018-05-10,51.3507194519043,51.37022264025424,50.31707278847433,50.51210095212092,37146300
2018-05-11,50.531612396240234,51.487246462400314,50.395093775339284,51.07769059969746,27646400
2018-05-14,51.68226623535156,52.37461268272084,51.545747636698785,51.672516501099004,33376300
2018-05-15,52.66716384887695,52.82318566782393,51.37998291260098,52.46238590898159,43307300
2018-05-16,55.09524917602539,55.495055260190036,54.100608833013894,54.207874515081755,59011900
2018-05-17,53.34001159667969,55.036748432825156,52.58915542165766,54.6174390919706,54832200
2018-05-18,52.06257629394531,53.291251291097524,51.536001295165796,52.267354220186235,46088800
2018-05-21,54.100608825683594,55.06599624431052,53.174227785958436,54.78320557705229,70858100
2018-05-22,57.56235122680664,58.99580418834769,56.85050147389163,57.58185441837528,111262700
2018-05-23,58.478973388671875,58.5082263114747,56.70422415481203,57.581845317572444,64066800
2018-05-24,59.961185455322266,60.44875403410408,58.07917044363624,58.68375443976683,74725000
2018-05-25,59.82465362548828,60.55600637748619,59.103054326634386,59.33708512415634,54715900
2018-05-29,61.06309127807617,62.38927848383563,59.82466657034059,59.83442002559506,75591900
2018-05-30,61.014339447021484,63.05238023537882,59.4053614435198,62.11624561741871,84737600
2018-05-31,56.158145904541016,58.752010449448704,55.74858638700147,57.75737015811304,101882200
2018-06-01,57.279563903808594,57.86464476793131,55.465808017233414,57.347823213961135,74761500
2018-06-04,57.63060760498047,57.68911717670929,55.21226777132147,56.00213025032087,64350500
2018-06-05,57.932899475097656,58.64474916716741,57.36732184736342,58.313202378546265,41711300
2018-06-06,57.94264602661133,58.10842127174036,56.85049349109849,57.78662423582378,36749000
2018-06-07,58.14742660522461,58.77151375716783,57.10403020059714,58.36195423879706,42264700
2018-06-08,59.86366653442383,60.06844443457682,56.772483684005444,57.17228974995536,57144900
2018-06-11,59.86366653442383,60.994825432222584,59.55162295708988,60.17571011175777,42251500
2018-06-12,59.044551849365234,60.312229360908056,58.449717611217096,60.30247962644708,43633300
2018-06-13,58.55698013305664,59.74664854522422,58.527727211397675,58.80076439982195,33281400
2018-06-14,57.708614349365234,59.064054334316694,57.21129234116473,59.044551145774236,43421900
2018-06-15,56.78223419189453,57.630602446837536,55.87535637045953,57.074774584648715,45854100
2018-06-18,56.99677276611328,57.14304112108442,55.456054132080915,56.167903875196615,36975600
2018-06-19,57.77687454223633,57.98165244531753,55.69008169403076,56.20690317890796,43486600
2018-06-20,57.484344482421875,59.60039063433811,57.338072399726116,58.63500679207755,57497600
2018-06-21,57.962154388427734,60.292735443604194,57.62085785307409,59.93193199782663,70419900
2018-06-22,55.680328369140625,58.9080335931728,55.60231933343671,58.70325568961549,63497500
2018-06-25,51.83829116821289,54.25663087356449,51.10693829974496,54.15911864570998,72196300
2018-06-26,53.23273468017578,53.40825965656322,52.277100764206885,53.057209703788345,42277100
2018-06-27,50.96065902709961,53.97383256761299,50.86314681304323,53.632536098563136,53007500
2018-06-28,51.81878662109375,51.98456186792699,50.50235298028136,50.70713088532276,36878900
2018-06-29,51.13618850708008,52.51113167794996,51.09718584992246,52.35510988976093,32582200
2018-07-02,53.12546920776367,53.17422531920256,50.04403609468001,50.239064260288416,38934200
2018-07-03,50.2000617980957,53.42776721706456,48.854371442290905,53.1937326561125,52190200
2018-07-05,51.526248931884766,51.984564598544594,50.64862397867512,51.321471016086896,51136400
2018-07-06,51.906551361083984,52.0820763501121,50.6876298927516,51.23370804971163,31841000
2018-07-09,52.95969772338867,53.14497243493223,51.789532448740694,52.46237571473317,32579700
2018-07-10,54.35414505004883,54.51016684144363,52.99870131998116,53.30099516824424,34852800
2018-07-11,52.83293151855469,53.63254369053441,52.43312543256483,53.03770942897199,38699200
2018-07-12,54.07135009765625,54.276127985131005,52.99869711210979,53.29124120261959,29647700
2018-07-13,54.948974609375,55.183009152292264,53.944584577363486,54.12985928894388,28799000
2018-07-16,54.75395584106445,55.75834597722462,54.666193343351694,55.192764609775004,25735200
2018-07-17,55.54381561279297,55.70959087587275,54.12011615271165,54.44191322347359,24729100
2018-07-18,56.02163314819336,56.70422993538343,55.50480790025561,55.826604963302884,33729700
2018-07-19,54.82221603393555,56.12890006551873,54.28588758377381,55.826606186323325,39392100
2018-07-20,53.65205001831055,54.744202657605136,53.46677528659865,54.685696805408355,32588100
2018-07-23,52.940208435058594,53.22299916365452,50.9216743872325,52.17959876090908,42781500
2018-07-24,51.84803771972656,54.0225967219298,51.62375663354902,53.632540394754095,39011500
2018-07-25,52.06257629394531,52.871941983164206,50.99967656078814,51.32147363332673,39749200
2018-07-26,52.423370361328125,53.37900802018007,52.12108023237255,52.267348569651816,28862500
2018-07-27,52.618408203125,53.27175213326515,51.789542979956245,53.10597685671923,30109700
2018-07-30,51.6920166015625,52.90118825556789,51.116685557454375,52.84267868977875,25747800
2018-07-31,51.47749328613281,52.871939769031094,51.45799009589994,52.44287702361428,29301700
2018-08-01,50.98992156982422,52.24784936397364,50.87290243558733,51.350721267422244,28200000
2018-08-02,52.072322845458984,52.21859117915829,50.10254544884844,50.41458902456369,28708000
2018-08-03,51.49699401855469,52.072325083479285,50.96066561238116,51.9748091369691,22958900
2018-08-06,51.360477447509766,51.49699978791904,50.219568644418636,50.92166865853836,28776900
2018-08-07,51.72127151489258,52.1113241142187,51.38972475954636,51.62375557517149,21918600
2018-08-08,52.06257629394531,52.19909491143926,51.155698369331695,51.526251559567655,18074700
2018-08-09,50.96065902709961,51.535990017678294,50.63886574483154,51.34096558956554,34538400
2018-08-10,50.09280014038086,50.658381538243106,49.7515035863974,49.97578471042274,31340800
2018-08-13,50.06354904174805,50.7656490868524,50.00503946470482,50.32683655866218,24609500
2018-08-14,49.36144256591797,50.48285180076949,48.76660829629341,50.44384542115569,32050200
2018-08-15,46.309268951416016,48.62034315803128,45.96796868707322,48.59109023131885,57746200
2018-08-16,45.928958892822266,47.10887768722958,45.79244028516846,47.001612004114996,33663000
2018-08-17,45.93871307373047,46.18249736835239,44.485757041048466,45.06108812515031,34464200
2018-08-20,46.874847412109375,47.40142242102224,45.31462929664911,46.22150723871458,33022900
2018-08-21,48.6983528137207,49.11766212784348,47.654956256211484,47.68421290314443,38572900
2018-08-22,48.99089431762695,49.390700418816216,48.63009087715252,49.127412929761846,26740400
2018-08-23,48.464324951171875,48.99089999025241,48.171784502745005,48.80562152102762,26832000
2018-08-24,49.439456939697266,49.556472362506945,48.67884739180128,48.67884739180128,24785500
2018-08-27,50.775386810302734,51.1459399375346,49.89776196155693,50.07328693130609,29134100
2018-08-28,51.03868103027344,51.25321240392653,50.19031271060026,51.11669007169525,26198800
2018-08-29,50.54135513305664,50.863148425526326,50.02452996658618,50.794889129552374,31450800
2018-08-30,51.4482307434082,52.345358792017684,50.12204743827036,50.27806922239556,32416600
2018-08-31,51.214202880859375,51.90654935535435,50.92166248373433,51.389727863104994,29937300
2018-09-04,50.63887405395508,50.99967376898884,49.449205504026345,50.84365196898615,28975100
2018-09-05,48.308292388916016,50.317072416003356,47.849976765717116,50.11229451962407,39125100
2018-09-06,43.53987121582031,47.245391299754395,42.964540201641015,47.001607034760674,94413400
2018-09-07,43.74465560913086,45.30487364910591,43.53987768885661,44.017692836163185,47114300
2018-09-10,43.78366470336914,44.25173014436769,43.286342614908925,44.12496125830971,33078300
2018-09-11,42.51597213745117,42.66224417685567,41.297050875255294,42.564731963820996,48980700
2018-09-12,40.70222473144531,41.131283721998145,39.66857805256678,40.21465617496819,66916000
2018-09-13,42.53548812866211,43.383860260833195,41.24830718588608,41.24830718588608,59922100
2018-09-14,43.198570251464844,43.45210796570676,42.3794549867302,43.013295552482376,40610300
2018-09-17,42.49647903442383,43.218078446583355,42.17468198748695,42.50622876924629,28205300
2018-09-18,44.202964782714844,44.729535968829545,42.789015299588804,42.837771408692596,36507400
2018-09-19,43.93968200683594,44.914819172119756,43.72515064012051,44.641778236340194,29264700
2018-09-20,44.91481399536133,46.045972827922164,44.76854194948644,45.246360742138776,75144100
2018-09-21,43.62763214111328,44.466246858050134,42.71100095678415,43.296085403774505,97053400
2018-09-24,44.037200927734375,44.515019848072704,42.769523164187675,43.10106999956331,36918900
2018-09-25,43.530120849609375,44.3297329979155,42.92553687110173,43.978683036248825,32547500
2018-09-26,43.24732971191406,43.64713578165299,42.86702683092495,43.18882386551752,30299800
2018-09-27,43.871421813964844,44.38824331074084,42.95479051646417,43.13031550024715,26952400
2018-09-28,44.10544967651367,44.4760028084262,43.38385032052126,43.53987210450768,28080400
2018-10-01,44.0274543762207,44.934332440943,43.89093201778131,44.31024139049609,26693400
2018-10-02,44.622283935546875,45.529161977501936,43.76416573745157,43.783668931024714,32397000
2018-10-03,44.0274543762207,45.26587558044836,43.59839154654758,45.12935694186288,29505100
2018-10-04,43.062049865722656,43.637380845779546,42.428209326390466,43.39359659524447,34579600
2018-10-05,42.49647903442383,43.52037230402227,41.74562297809083,42.98404761231385,35367100
2018-10-08,41.99916076660156,42.75976662593662,41.550598527499005,42.20393869490663,27426600
2018-10-09,41.219058990478516,41.969915246630435,40.93626824728091,41.74563408749737,31576400
2018-10-10,40.575462341308594,41.687118232327435,40.292671640651946,40.46819664658687,48452000
2018-10-11,40.92650604248047,41.85288332891698,40.39993110587139,40.91675258818054,48197000
2018-10-12,41.41408157348633,42.662256104593304,40.87775309228862,42.49648455211658,32851100
2018-10-15,41.28731155395508,41.49208948488142,40.59496499519264,40.985017665549464,27697300
2018-10-16,42.135684967041016,42.27220360399522,41.248310106984825,41.638366543871584,28827400
2018-10-17,41.29705047607422,42.311193849182985,41.063019679112166,42.25268800986869,27759000
2018-10-18,40.273162841796875,41.1605374838756,40.11714104933863,40.994765956824374,33560800
2018-10-19,39.44429397583008,40.946005908818776,39.26876901120269,40.63395863404029,28641400
2018-10-22,38.771453857421875,39.68808521610853,37.67930122308903,39.551566601798584,34441200
2018-10-23,37.71830368041992,38.13761293495276,36.47987910538721,37.201482202910874,46364200
2018-10-24,34.54910659790039,37.34774893996839,34.51985367622928,37.0552085636992,53096500
2018-10-25,35.86555099487305,36.23610423410439,34.18831726122549,34.70513887288885,39625700
2018-10-26,34.519859313964844,35.017177662858536,33.447206132656646,34.4028401684636,41257400
2018-10-29,33.798248291015625,35.29996016466039,32.97913306174143,35.241450605479216,34176400
2018-10-30,35.11469268798828,35.15369907292168,33.63248725905512,33.77875562277496,35319500
2018-10-31,36.782169342041016,37.094212888793756,34.90990434167208,35.67051374175282,44055400
2018-11-01,39.12250518798828,39.200517953038435,36.587149841512314,37.03571208099057,43981400
2018-11-02,39.31753921508789,39.92212335452729,38.65444549317865,39.19077031299685,33645700
2018-11-05,38.92747497558594,39.23952229974358,37.806069435070924,39.102999967988836,22904000
2018-11-06,38.81045913696289,39.55156547911355,38.57642829617552,38.75195328669262,19316600
2018-11-07,39.912357330322266,40.02937272765751,38.96647325891032,39.31752317076846,22957200
2018-11-08,39.434547424316406,40.399934898733065,39.3370351912798,39.658828536183194,15609300
2018-11-09,38.13762283325195,38.99574475360178,37.455025935697634,38.89822878546325,26102800
2018-11-12,36.50913619995117,37.572035919194484,35.92405535553514,37.28924895231026,24822400
2018-11-13,36.9089469909668,37.77682235200402,36.50914082862879,36.723672234711444,25870500
2018-11-14,37.08445739746094,38.00108852054203,36.67490165980093,37.65978835263973,23706400
2018-11-15,38.917720794677734,39.17125479926807,36.684655984084195,37.006453006680566,30046100
2018-11-16,38.45940399169922,38.7226914421213,37.377004988656395,37.49402039333755,25445700
2018-11-19,35.914306640625,38.34239630578805,35.758281109836844,38.22538087755033,31039100
2018-11-20,35.221954345703125,36.070326381331796,33.20342065515095,33.25217677079723,38728600
2018-11-21,35.475494384765625,36.29460982790538,35.46574092909598,36.08007844141415,22728400
2018-11-23,35.4949951171875,36.56764453562455,35.026925993660726,35.03667944865466,11257800
2018-11-26,35.6607666015625,36.8504351590734,34.64662303515495,36.81142877886084,26569700
2018-11-27,36.0800895690918,36.51890221322734,35.12445521067137,35.1927145419975,21397300
2018-11-28,37.74755859375,38.0303492630864,35.09518804643995,36.36286561123889,42293700
2018-11-29,36.967445373535156,37.747554268653616,36.79192040715193,37.34774822741461,23631300
2018-11-30,37.601280212402344,37.66953949783098,36.02155575572,36.81141798406117,28176000
2018-12-03,39.03473663330078,39.239518249870976,38.176618669955644,39.200511873395435,35830000
2018-12-04,35.96306228637695,38.878720537369865,35.80704047749292,38.57643037507456,36616300
2018-12-06,36.73341751098633,36.74317096636235,34.25657178450037,34.77339332383018,37494400
2018-12-07,34.432090759277344,36.68465497615026,34.334574821842864,36.68465497615026,30619800
2018-12-10,33.934776306152344,34.83190453030699,33.67148879645001,33.96403295379937,33979700
2018-12-11,34.33457565307617,35.358468841884175,34.22730997922769,34.705128784592894,26238800
2018-12-12,35.13418197631836,35.69976317446657,34.519848396077265,35.04641950487647,26642500
2018-12-13,34.14931106567383,35.46574502422125,33.89577326693558,35.38773596912368,23825400
2018-12-14,33.34968948364258,34.568610855706616,33.21317088514785,33.58372030396129,28922100
2018-12-17,33.03765106201172,34.34433512542825,32.76461010259031,33.31068830157973,30891000
2018-12-18,33.261932373046875,34.07129436061206,33.12541375248312,33.53496961417439,46135400
2018-12-19,30.629058837890625,32.745108464067364,30.492540227141124,30.872843134187068,106669600
2018-12-20,30.502290725708008,32.0820137272898,30.092733048255432,30.81433431616206,60427600
2018-12-21,29.566162109375,31.253149161806775,29.36138417280402,30.892349408821683,54630500
2018-12-24,28.298480987548828,29.595413343191442,28.278977797857593,29.117596355315378,23771800
2018-12-26,30.121984481811523,30.14148767023141,27.684141727118423,28.610522717872367,45711000
2018-12-27,31.136131286621094,31.214140328781053,29.478397292373096,29.653922287049543,39858300
2018-12-28,30.785079956054688,31.477426449418758,30.619306563852135,31.204389233974464,29873400
2018-12-31,30.941097259521484,31.59444099853927,30.67780981721753,31.19463310841497,21392100
2019-01-02,31.93574333190918,32.25754039376025,29.98546892996053,30.229253230204108,26004300
2019-01-03,30.22925567626953,31.35066503607255,30.09273705226294,31.028867948182572,29145500
2019-01-04,31.886985778808594,32.218532560992465,30.765576560284387,30.87284224273403,28557300
2019-01-07,33.1546630859375,33.593475547221985,32.481819791869974,32.86212268503218,44841500
2019-01-08,32.901126861572266,33.729991895300145,31.994249075569744,33.69098551916282,33434100
2019-01-09,34.55885314941406,35.38772181234344,34.051781474644315,34.10054129940961,54147900
2019-01-10,35.01717758178711,35.05618396353055,34.20781561980388,34.383336897942755,24437400
2019-01-11,35.11469268798828,35.81679273737507,34.1395553837749,34.539361529708245,30469800
2019-01-14,33.80800247192383,34.05178675413794,33.408196397886805,33.856762304249,34612000
2019-01-15,33.14492416381836,34.35409254064651,32.8133772760066,34.14931456519478,30633600
2019-01-16,32.7451057434082,33.476458571532355,32.696345912317646,33.19366791855967,24890900
2019-01-17,33.03765106201172,33.34969468433327,31.84798242700242,32.40381036175353,29398500
2019-01-18,34.870914459228516,35.29022387094618,33.21318372808901,33.37895531326125,44872400
2019-01-22,33.027889251708984,34.373579357475215,32.71584570832152,34.373579357475215,37021900
2019-01-23,33.388694763183594,33.82750346682543,32.60858213481432,33.26192590309568,31011600
2019-01-24,35.68027114868164,36.50913630053,34.22731504925604,34.43209669323377,65094800
2019-01-25,37.9913444519043,38.33264470410971,36.56764503144481,37.14297612873367,61032300
2019-01-28,37.13322067260742,37.99133859884684,35.738774392652566,36.031314763863854,44213000
2019-01-29,36.46038055419922,38.01084890378254,36.32386193672765,37.32825209657135,30331000
2019-01-30,37.28925704956055,37.796325240907684,36.65541623059547,37.34776291479455,32848100
2019-01-31,37.26975631713867,37.854837327262636,36.35312468946229,36.694425045246554,34130500
2019-02-01,38.61542892456055,38.868966661901695,37.27949209578787,37.3575048518476,36839900
2019-02-04,38.488670349121094,38.62518897568832,37.55253571578922,38.56667939865083,30851500
2019-02-05,38.391151428222656,39.32728598939779,38.19612323965062,38.264386267526135,25094000
2019-02-06,40.48770523071289,40.91676434689074,39.366295734534795,39.39555238598948,47472600
2019-02-07,38.400901794433594,40.029379040323676,37.942586146136215,39.79534820874633,40396400
2019-02-08,37.62079620361328,37.815820674169615,36.51889008967398,36.8601866330009,35573200
2019-02-11,37.62079620361328,37.9035831738613,36.431127589982296,37.640295674786245,30356500
2019-02-12,39.395538330078125,39.756337997222126,38.264379500236615,38.41064782590722,43587900
2019-02-13,40.64371871948242,41.228799550474356,39.78559694348814,39.8343530594286,50101700
2019-02-14,41.18003845214844,42.08691623435976,40.282914123857054,40.36092315595282,41759200
2019-02-15,40.94601821899414,41.34582437643305,40.39018651733155,41.21905548167816,28968400
2019-02-19,40.91675567626953,41.433580917437666,40.46819346079417,40.66322164313008,25575900
2019-02-20,41.16053771972656,42.18443097109157,41.08252868297692,41.258053665479835,28048700
2019-02-21,40.497440338134766,41.80412412883047,40.39017466787687,41.414071542263954,24048800
2019-02-22,41.5115966796875,41.5115966796875,40.789997124018115,41.033781461446324,22834300
2019-02-25,41.68710708618164,42.89627861266796,41.63835097975894,42.72075365366426,25233700
2019-02-26,41.89189147949219,42.07716992050375,41.23855136815452,41.297057217018754,18051500
2019-02-27,40.29267501831055,41.696871463647554,39.990381100558906,41.560352829777074,29522200
2019-02-28,39.86360549926758,40.1268929613931,38.81045565076549,39.200511976844666,25777900
2019-03-01,40.54621505737305,41.5018492672293,40.08789928698691,40.604720920926006,26755800
2019-03-04,40.03913497924805,41.10203468156653,39.62957541879572,40.83874718981573,27047800
2019-03-05,38.99574661254883,39.658836628231455,38.527677382878494,39.24928070208742,28798800
2019-03-06,36.986961364746094,38.46917063849687,36.58715518510538,38.40091131903532,44890400
2019-03-07,36.889442443847656,37.35750785831625,36.21659538816829,36.606651760152076,31567800
2019-03-08,37.689048767089844,37.854820281365356,35.660761901596025,35.97280546246389,34080900
2019-03-11,38.05959701538086,38.56666871636172,37.86457258564808,37.94258161357068,25164700
2019-03-12,38.274147033691406,38.42041914723962,37.864591067523406,38.19613424783786,18623500
2019-03-13,37.86458206176758,38.732453638773656,37.679303599359436,38.420410009285035,22786300
2019-03-14,37.455020904541016,38.64468951705156,37.386761595939916,37.776817976391904,19757300
2019-03-15,38.556922912597656,38.84946330686556,37.47452010593878,37.620792162999194,30702000
2019-03-18,38.62518310546875,39.40529208147375,38.176620909247504,38.61542965085136,22296600
2019-03-19,39.366294860839844,40.029388574668715,38.89822936634663,38.93723575418453,32407300
2019-03-20,39.13225173950195,39.736835682561306,38.634929749682435,39.49305141457013,41714400
2019-03-21,42.89629364013672,43.110821327520625,40.61447209357129,40.66322821707428,84985400
2019-03-22,40.585205078125,42.39896068009174,40.516945778683485,42.38921094582274,46605600
2019-03-25,39.541812896728516,40.93625939668915,39.06399774966278,40.31217218101369,34516000
2019-03-26,39.31753921508789,40.614473727598416,39.10300779921904,40.14640450754748,24689600
2019-03-27,38.254638671875,39.83436017356285,38.04010725959934,39.376048138047395,26856700
2019-03-28,38.36189651489258,38.94697733045055,38.04985291728124,38.42040608438962,24584500
2019-03-29,40.302433013916016,40.48770779219878,39.220029837962464,39.2492827714139,35716900
2019-04-01,41.19953918457031,41.696857429116406,40.68271775319952,41.21904237139502,28073000
2019-04-02,41.38481140136719,41.72611157058253,40.71196823554337,41.033765219101916,21438100
2019-04-03,42.80852508544922,43.73490246076553,42.46722482941135,42.46722482941135,39097200
2019-04-04,41.82363510131836,42.25269786221701,41.1995478707603,41.30681356098496,37038400
2019-04-05,42.242942810058594,42.457474182398734,41.65786198348952,42.2234396198592,21119400
2019-04-08,41.8333854675293,42.06741630177992,41.07277595658217,41.13128552507135,24546800
2019-04-09,40.6827278137207,41.5408459270984,40.243915301281284,41.48234007200878,29055900
2019-04-10,41.121524810791016,41.384812242731904,40.47793455044185,40.65345950506911,23252200
2019-04-11,41.22880172729492,41.66761423363413,41.082533371750785,41.15079268164206,18163900
2019-04-12,40.96550369262695,42.125919102181385,40.77047926870238,41.78461892060849,21740400
2019-04-15,40.780235290527344,41.18004137298926,40.17565129945511,41.121531804877876,16932300
2019-04-16,41.696868896484375,41.86264417015919,41.033778961345774,41.20930025133447,19337500
2019-04-17,42.07717514038086,42.95479646089507,41.69686847631917,42.28195307651549,22092000
2019-04-18,42.32094955444336,42.44771469293851,41.72611535741056,42.12592140002812,16193600
2019-04-22,42.32094955444336,42.48672106779209,41.47257764071496,42.06741183774775,19447900
2019-04-23,41.706607818603516,42.3892044279131,41.657851715049745,42.2916885009533,21489400
2019-04-24,41.96015548706055,42.32095895481921,41.326318494238286,41.755377553372746,19637000
2019-04-25,41.68710708618164,43.53986888906404,41.62859752656291,42.53547524146454,28346200
2019-04-26,41.05327224731445,41.22879723070664,39.75634178097554,40.45844171454427,26092400
2019-04-29,41.063026428222656,41.550595008524795,40.69247326563417,41.08252961781711,13452800
2019-04-30,41.01426696777344,41.306807348115484,40.54620161525561,40.81923880759449,16342700
2019-05-01,40.85825729370117,41.86264759451577,40.84850383688235,41.375078909482845,17673300
2019-05-02,41.50183868408203,42.125925868528626,40.594960831729,40.95576053776474,17046800
2019-05-03,42.25270080566406,42.30145692647541,41.35557255935027,41.43358532853129,16577000
2019-05-06,41.08252716064453,41.23854894821533,39.980621193508554,40.370677522361966,25776000
2019-05-07,39.25902557373047,40.88750677883122,38.74220400150171,40.643722456858626,35094100
2019-05-08,38.761695861816406,39.4832988806331,38.59592435686738,38.868961527302226,26190100
2019-05-09,38.293636322021484,38.644686291153405,37.25023986924217,38.127861072218955,27844400
2019-05-10,37.97183609008789,38.31313629581133,36.71391209941239,38.040095387262035,30368100
2019-05-13,36.45063018798828,37.035711029845196,36.138586576350825,36.431126997279286,33092100
2019-05-14,37.55253219604492,37.650048148634035,36.47013302120499,37.07471704784457,24004000
2019-05-15,37.455020904541016,37.73781159437603,36.82118021626988,36.957702553325404,17532300
2019-05-16,36.38237380981445,37.04546746789734,36.17759215080829,36.7431735673481,29479200
2019-05-17,35.163448333740234,36.353113173441514,34.90991058177625,35.69977304309811,31096300
2019-05-20,33.75925064086914,34.32483203286349,33.47646366472538,33.886019525256394,34489500
2019-05-21,34.75388717651367,34.98792172753647,34.27607205962775,34.4125906644523,32501300
2019-05-22,33.86652374267578,34.56862390844295,33.76901148403222,34.32483954197982,20902400
2019-05-23,32.97913360595703,33.05714635281928,32.140515176450386,33.04739289953525,32186700
2019-05-24,33.1546630859375,33.505713054965085,32.7548570034012,33.3106848810772,19706000
2019-05-28,32.12102127075195,33.45696204787962,32.06251541355315,33.30094022892684,26758400
2019-05-29,32.462318420410156,32.58908357866116,31.370162073417642,31.516434141988153,28796100
2019-05-30,32.491573333740234,33.466710597585624,32.20878263446024,32.59883902793978,20957600
2019-05-31,31.799222946166992,32.66709441147446,31.711460454177868,31.789469491583198,18607300
2019-06-03,31.87723731994629,32.39406262366883,31.662709641279104,32.13077510362609,21174500
2019-06-04,33.63248062133789,33.70073992157286,32.277036911315065,32.530574643490276,25076000
2019-06-05,32.511070251464844,34.519853966481705,32.21852987273589,34.32482580737816,27070300
2019-06-06,32.63784408569336,32.97914062623633,32.12101882734548,32.433062441514274,21088100
2019-06-07,33.14492416381836,33.18392683543709,32.39406786730777,32.715861297324174,21430400
2019-06-10,34.0712890625,34.6563735566037,33.66173326449497,33.73974229846375,21728000
2019-06-11,33.97378158569336,35.09519089947954,33.88601908531137,34.909912443199026,19208600
2019-06-12,32.1405143737793,33.25216994983653,31.916233311930245,33.16440747173451,28746500
2019-06-13,32.55008316040039,32.803617214225035,32.18927969169332,32.2575427229555,16586700
2019-06-14,31.84798240661621,32.02350740904141,31.43842654752636,31.643204477071286,19715000
2019-06-17,31.623695373535156,32.03325115605698,31.340904731401878,31.730961046058308,20050000
2019-06-18,33.43745422363281,34.022535033694524,32.08201416176916,32.08201416176916,33727300
2019-06-19,33.096153259277344,33.82750611575402,32.871872163006856,33.82750611575402,20436400
2019-06-20,33.30094528198242,34.38334472279206,33.174176372393234,33.97378878084044,21691500
2019-06-21,32.42331314086914,33.047400377577,31.916241331080663,32.862125641633526,38858200
2019-06-24,32.36479949951172,33.232674656318494,32.19902797553306,32.37455295377687,27306000
2019-06-25,31.86747932434082,33.03764453685796,31.79922002793048,32.5208193670834,39590500
2019-06-26,36.11907958984375,36.67490744715117,34.81239570848792,34.97816723231338,100271600
2019-06-27,37.123470306396484,37.377008043757264,35.60225504179063,35.93380181536423,51612400
2019-06-28,37.63054656982422,38.42040908028615,37.1039715628496,38.381402697579865,61402700
2019-07-01,39.11275100708008,40.67296893222904,38.75195130936181,40.13664425294989,60928000
2019-07-02,38.61542892456055,39.03473818874918,38.059601057120354,38.63493211357548,29774500
2019-07-03,38.60568618774414,38.781211200841675,38.19612658389869,38.63493911664252,13479700
2019-07-05,38.439903259277344,38.57642557995257,37.8353192899843,37.981591345067024,18408000
2019-07-08,39.40530014038086,39.60032835423122,37.97184704641252,38.0596095566525,28148500
2019-07-09,40.32192611694336,40.380435694453254,39.083505011739724,39.13226113307116,28254700
2019-07-10,41.8333854675293,42.90603485085957,40.99476691844964,41.18004163888581,51625500
2019-07-11,42.39897155761719,42.45748113780043,41.38482782023039,42.14543748319738,30392400
2019-07-12,43.403343200683594,43.5886215984438,42.28193796094738,42.66224076919932,33257800
2019-07-15,43.296085357666016,44.14445352706813,42.623238430336286,43.578872267565025,26623300
2019-07-16,41.989402770996094,43.00354247732943,41.862633912759684,42.954786368731625,31238900
2019-07-17,42.29170227050781,42.662255473897204,41.5408461277848,41.930902522916114,19539300
2019-07-18,43.55937957763672,43.81291734811581,42.418470770041125,42.525736463716626,26456600
2019-07-19,44.388240814208984,44.85630617135382,43.5203693986788,44.00793794401961,39328400
2019-07-22,46.016719818115234,46.2507543660127,45.15860182214805,45.34387653767104,46042800
2019-07-23,45.782691955566406,45.96796668309025,45.080591986249615,45.61691669843186,29354400
2019-07-24,46.79683303833008,47.030863869077436,45.65592064891451,45.7826895188169,33169900
2019-07-25,46.58230209350586,47.48917994043102,46.40677710894918,47.19663953945423,28127800
2019-07-26,46.309268951416016,46.933356186970066,45.91921256926806,46.74807773151578,19676200
2019-07-29,45.65592575073242,45.80219782618442,44.71004142781054,45.704681869265286,21939500
2019-07-30,46.280006408691406,46.494537763526424,45.051335285211024,45.71442881847119,21301600
2019-07-31,43.77391052246094,45.626672783926715,43.335098016339735,45.548660018459216,34493900
2019-08-01,42.51597213745117,44.81729607565338,41.77486964677117,43.88116543905155,37906500
2019-08-02,42.98404312133789,43.30583641480074,41.17028760591183,41.57984338301957,31954100
2019-08-05,40.89725875854492,41.453086745546145,40.3316810348655,41.34582476267093,35172900
2019-08-06,41.56034469604492,42.11617257936785,40.65346684012792,41.60910081004897,26857000
2019-08-07,40.711971282958984,41.882136470990595,39.68807813837604,40.96550527577042,35604600
2019-08-08,41.570098876953125,41.69686403160753,40.63396436039775,41.043523908863186,18567500
2019-08-09,40.48770523071289,41.189805347962064,39.85386443376806,40.99477712429796,22900300
2019-08-12,41.08252716064453,41.345814624642664,39.95136827079304,40.029377304652016,23969200
2019-08-13,43.071815490722656,43.9591940611346,41.45308761872036,41.56035332370879,33040200
2019-08-14,40.99476623535156,42.07716905532042,40.62421308080074,41.813881581285855,24657200
2019-08-15,41.18980407714844,41.50184773744205,40.468200787810815,41.287316326044994,16104000
2019-08-16,42.467220306396484,42.78901733754287,41.492083198466126,41.579845686973975,17914100
2019-08-19,43.89091491699219,44.24196483363807,43.23757490978648,43.55936818681024,22613400
2019-08-20,43.13032531738281,43.85192860605579,42.94505055670846,43.734909443663085,13191000
2019-08-21,43.071815490722656,43.88118128665072,42.808531676474125,43.695906527032236,14973800
2019-08-22,43.666648864746094,44.31999281641967,42.954799053419244,43.3936116000875,20599000
2019-08-23,41.89189147949219,43.85191925321131,41.59935107561184,42.79876933541839,27519900
2019-08-26,42.350215911865234,42.6817627636033,42.086928377850846,42.65250983310853,12282800
2019-08-27,41.38481140136719,42.710998267210364,41.29704892583779,42.62323579168096,19122100
2019-08-28,42.07717514038086,42.18443711655601,40.721731195845486,41.05327802000068,11545700
2019-08-29,43.55937957763672,44.09570804601424,42.81827689747036,42.89628966372652,18674100
2019-08-30,44.14445877075195,44.78804913430782,43.92992740961567,43.99818671182213,16391500
2019-09-03,43.871421813964844,44.202968592237916,43.33509340804296,43.49111520253305,17108100
2019-09-04,45.64616775512695,46.319010996775226,45.246361703738366,45.29511781344864,26978100
2019-09-05,47.810970306396484,48.40580452615007,46.69931461957631,46.70906807358858,33075500
2019-09-06,47.75246810913086,48.26928961567296,47.489180628481186,47.64520242591954,19565700
2019-09-09,47.90849685668945,48.756865270843115,47.64520933784447,48.30830300311622,19474400
2019-09-10,48.162017822265625,48.69834245042698,47.29414645162865,48.14251463507852,23111300
2019-09-11,49.22492218017578,50.112296825164705,48.60083500829605,48.776359990368846,31012900
2019-09-12,49.18592071533203,49.849014331656335,48.85437390716988,49.53697071454529,19671300
2019-09-13,49.24442672729492,49.683239194578064,48.815367714758665,49.25417646218874,14733000
2019-09-16,48.90312957763672,48.990892069961696,47.801223556190415,48.29854186612995,17495300
2019-09-17,49.57597732543945,49.644236634506676,48.688602587712204,48.932386897196096,13776500
2019-09-18,49.22492218017578,49.897765464886184,48.45456294995107,49.73199393729131,15247100
2019-09-19,48.581336975097656,50.02453964319889,48.5130776659198,49.89777076050288,16633600
2019-09-20,47.937744140625,49.19567200925125,47.557441231471294,49.08840632310981,23195000
2019-09-23,48.36680603027344,48.94213715559472,48.24979060203025,48.30830017607854,16198500
2019-09-24,47.30390548706055,48.65934936420233,46.85534325311031,48.503327555878194,24959000
2019-09-25,48.24003219604492,48.464313276472964,46.67006091319587,47.26489512295634,23571800
2019-09-26,47.39167404174805,48.50333375292414,46.93336201365699,48.15228370937946,33341000
2019-09-27,42.135684967041016,44.77830635337986,41.84314449930289,44.758806879404005,75941400
2019-09-30,41.78464126586914,42.38922920687992,41.52135740880361,41.930913381887265,31423100
2019-10-01,41.24829864501953,42.26244212323456,40.71197398322309,42.02840758216462,28087300
2019-10-02,40.936256408691406,41.609099691507204,40.72172504901697,40.780234616160804,26408500
2019-10-03,42.37946319580078,42.40871984225127,40.72172915798379,40.95576373032109,23627100
2019-10-04,43.442359924316406,43.51061922822715,42.213688734069905,42.62324455753438,21860000
2019-10-07,43.062049865722656,43.61787765935445,42.964537653449604,43.19856845084591,14911600
2019-10-08,41.5798454284668,42.750010694678735,41.5603422400471,42.51597615349521,20664600
2019-10-09,41.813873291015625,42.30144176407366,41.76511718768027,42.10641363088,12784000
2019-10-10,42.20393371582031,42.70125573429259,41.55059362549168,41.804127642074434,15572600
2019-10-11,43.97869110107422,44.68079115315889,43.17907880613495,43.28634450518718,27483700
2019-10-14,43.74465560913086,44.20297128580932,43.68614603768683,43.842167841684336,12443300
2019-10-15,45.304874420166016,45.3926369188991,43.920181351103224,44.08595289323611,17767700
2019-10-16,44.037200927734375,45.39264119828797,43.95919187698028,44.84656668344833,16646900
2019-10-17,44.36873245239258,44.973316336558824,44.154201127105175,44.63201988255829,11718700
2019-10-18,42.38921356201172,43.86166903779546,42.15517900673029,43.71540069561599,26215300
2019-10-21,44.095703125,44.173712162697036,42.82802185378275,42.86702823255778,15473700
2019-10-22,43.549625396728516,44.563768935425706,43.51061901758176,44.173712583664305,13802400
2019-10-23,43.549625396728516,43.70564719346246,42.857278906212436,42.954791134226255,13959200
2019-10-24,45.928958892822266,45.987468461753785,44.446753678421196,44.758797273016484,25760200
2019-10-25,46.83584976196289,47.06988438284519,45.75344661510872,46.104496686505115,19855300
2019-10-28,47.479434967041016,47.53794454562912,47.03087269075996,47.29416021462589,15240000
2019-10-29,46.91385269165039,47.94749577388882,46.865096574161406,47.586696040646345,12183600
2019-10-30,46.689571380615234,47.13813361140863,46.084983622742435,47.021118185952375,12932800
2019-10-31,46.367774963378906,46.68957203772924,45.304875224237534,46.10448746250682,15445800
2019-11-01,47.17713165283203,47.33315343247537,46.07522574168381,46.29950681743033,18311700
2019-11-04,48.35704803466797,48.65934186916929,48.025501278065896,48.16201987433979,16021500
2019-11-05,47.46967315673828,48.48381660853161,47.40141385900726,48.38630066902106,13682600
2019-11-06,46.494537353515625,47.099121315620316,45.93870950257452,46.95285298212956,21803600
2019-11-07,47.19663619995117,47.85972971250152,46.806579879679404,47.3136516080916,19253600
2019-11-08,46.016719818115234,46.81633196699776,45.78268899007071,46.37752323445104,18518800
2019-11-11,45.10984802246094,45.577917180852296,44.7100418945523,45.558413989264864,14635900
2019-11-12,45.73393630981445,46.494542137820936,45.51940493479592,45.63642035760002,15170700
2019-11-13,45.14884948730469,45.392633775810495,44.67103436495101,45.34387766207994,15423600
2019-11-14,45.63642120361328,45.66567784974659,44.63203105623104,44.97332759567551,11797400
2019-11-15,46.5237922668457,47.31365469296165,46.162992564974324,46.41652658578456,17859200
2019-11-18,46.63105392456055,47.20638493891442,46.28975744140684,46.757822783954495,12631200
2019-11-19,45.421897888183594,46.98211610321007,45.12935371799419,46.91385678879351,18384000
2019-11-20,44.43700408935547,45.34388202749361,44.10545727627428,45.00258547866889,24660700
2019-11-21,44.41749572753906,45.03183316376422,43.92017742573496,44.173711443941315,14192900
2019-11-22,44.72953414916992,45.22685611341382,44.61251874811063,44.78804370962583,11253700
2019-11-25,46.338523864746094,46.36777679271265,44.79780518104691,44.95382699662437,18803600
2019-11-26,45.55841064453125,46.48478799787537,45.382885652984264,46.465288527572966,12849300
2019-11-27,46.96260452270508,47.06987020330234,45.93871126947729,46.17274210000497,15409400
2019-11-29,46.328765869140625,46.75782860982528,46.260506564005006,46.748075154889825,7343600
2019-12-02,45.23661804199219,46.7578335452693,45.197611657839396,46.387280335524835,16053800
2019-12-03,44.10544967651367,44.271224914416415,43.4423561646082,43.998184002550616,20321400
2019-12-04,45.14884948730469,45.44138988954105,44.59302160709969,45.031834070380754,16921700
2019-12-05,45.46089172363281,46.22150121059418,45.10009202895995,45.54865421367247,13003800
2019-12-06,46.738319396972656,47.12837570735799,46.14348519756872,46.26050060274326,20468100
2019-12-09,45.29512023925781,46.582300947778926,45.275617050358655,46.38727277864025,16540500
2019-12-10,46.280006408691406,46.728568587116555,45.55840702946014,45.87045060748223,19263100
2019-12-11,48.035255432128906,48.11326819137965,46.504290370437474,46.56279993987553,22081300
2019-12-12,49.702735900878906,50.053785828913654,48.093758304003835,48.132764678197155,36590800
2019-12-13,49.92702865600586,51.01918135002266,49.439460024052394,49.75150365091434,30039700
2019-12-16,51.6237678527832,52.949955189573416,51.3799835252807,51.44824283939311,38629600
2019-12-17,51.68226623535156,52.65740333413178,51.340969738719615,52.64765359987922,28344800
2019-12-18,51.72127151489258,52.384365025585,51.067927738245885,51.68226513900414,39099100
2019-12-19,53.174224853515625,53.91533113236657,52.55989115903069,53.64229021496488,55792900
2019-12-20,53.69105529785156,54.53942361597434,53.271746006397656,53.53503349543987,44285000
2019-12-23,54.02260208129883,54.71494859686049,53.769064327526294,53.85682682385476,23693800
2019-12-24,54.04210662841797,54.25663802178569,53.67155713786914,54.07136327651128,8621900
2019-12-26,53.73981475830078,54.26638976915827,53.544786563184665,54.07136157404216,13537400
2019-12-27,52.6866569519043,54.14936261937395,52.55013835145025,53.86657568408467,17176700
2019-12-30,51.88704299926758,52.540386775494056,51.35071835063114,52.433121101796225,15271500
2019-12-31,52.44287109375,52.559890221915545,51.467734011487025,51.594502873739984,13296400
2020-01-02,54.012847900390625,54.110363850474684,53.154726138916615,53.48627292949614,20173200
2020-01-03,53.174224853515625,53.93483432074189,52.65740338105448,52.813425168204226,16815800
2020-01-06,52.238094329833984,52.7939221811655,51.83828826624723,52.413619306028444,18768700
2020-01-07,56.821250915527344,56.94801980608221,53.98360152141413,54.00310471379592,49908200
2020-01-08,56.08989715576172,56.93826555330496,55.64133489681735,56.64572511137835,29730800
2020-01-09,55.88511276245117,57.02602147012122,55.07574712277158,56.869999671127374,22376100
2020-01-10,55.261016845703125,56.0703824121381,54.870964243443396,56.04112948992814,19122800
2020-01-13,56.02163314819336,56.34342649138741,55.446302048685716,55.59257039746366,16163000
2020-01-14,56.08989715576172,56.850503048741615,55.05625029311059,56.362934405579416,26454300
2020-01-15,54.7734489440918,55.699829930062364,54.45165563645737,55.612067442552465,21638600
2020-01-16,56.245906829833984,56.40192861316816,55.34877878577294,55.38778516156967,22732700
2020-01-17,56.22640609741211,56.67496827910553,55.59256548251927,56.57745605520797,20549200
2020-01-21,57.503841400146484,57.70861931769301,55.84610742984638,55.94361966110095,24821700
2020-01-22,57.6988639831543,58.752013901693374,57.38682038948044,58.04016422113406,22604400
2020-01-23,57.728111267089844,59.05429818509465,57.562336042413015,58.83001712099861,26146100
2020-01-24,56.32392501831055,58.5277372510199,55.816856929928576,58.508234059950844,28555300
2020-01-27,54.03235626220703,54.59793766727074,53.26199692214583,53.77882220742731,27310100
2020-01-28,55.06599426269531,55.36828438867311,53.86657605352637,54.85146290630882,18544900
2020-01-29,53.92509460449219,55.768103597174445,53.915344867747116,54.5979417553693,19278300
2020-01-30,53.66180419921875,53.70081058381684,51.89680807447119,52.832938985703954,30783800
2020-01-31,51.7700309753418,53.8275709384598,51.38972808544852,53.77881482537017,28550800
2020-02-03,52.44287109375,52.76466811642611,51.682265359937766,51.926049630503506,20471900
2020-02-04,54.1201171875,54.62718900212565,53.574038990244674,53.91533925847427,19998600
2020-02-05,55.358543395996094,55.83635857631501,54.43216224332127,55.602327714076125,19795300
2020-02-06,57.221046447753906,57.698861553006786,55.98262186008474,56.63596566422098,23358700
2020-02-07,55.46580123901367,56.55795378784073,55.35853555906716,56.52870086416549,20891100
2020-02-10,55.90461730957031,55.914367044808394,54.8027112350066,54.900223466800256,15929000
2020-02-11,55.82660675048828,57.37707510423048,54.92948227906681,56.440944250611544,26776900
2020-02-12,57.79638671875,59.66864850067343,57.43558696866437,57.57210559194793,47180800
2020-02-13,57.854896545410156,59.12257426406957,57.3965808339523,57.542849193882134,23679700
2020-02-14,57.04552459716797,59.05430851187348,56.81149003900832,58.66425215489177,20920200
2020-02-18,56.31417465209961,56.59696533965417,55.21226854808402,55.65108104259052,21513200
2020-02-19,58.49848556518555,58.752019614754374,57.104038992923435,57.123542184406176,23335500
2020-02-20,57.53308868408203,58.498476046194234,56.25565774872913,58.391210370420346,20797100
2020-02-21,55.57307052612305,57.26980716677319,54.500417376886574,57.17229493495769,27038900
2020-02-24,53.64229202270508,54.081104476305704,51.30196513659,51.98456187331842,33321100
2020-02-25,50.80465316772461,54.071365439876395,50.268328382700794,53.47653107617857,41894200
2020-02-26,51.06793975830078,52.92070213071299,50.590124560686874,51.340980733933776,28075600
2020-02-27,49.322444915771484,51.53600324581266,48.747113777518216,49.37120103531427,36349200
2020-02-28,51.253211975097656,51.60425823833847,47.186887964063324,47.4404257162326,40121300
2020-03-02,53.23273468017578,53.330246902678645,50.804641653384834,51.877294700180585,33272700
2020-03-03,50.512107849121094,54.02260411452981,49.82951104308162,53.242491353425656,36893200
2020-03-04,53.91533279418945,54.00309528465708,50.911908649166676,51.7017710633753,28222000
2020-03-05,52.384361267089844,54.22736961727892,52.0138081624418,52.12107382851248,26223000
2020-03-06,50.1903076171875,51.867540896006126,48.756854892980954,50.90215725224268,30313700
2020-03-09,44.827056884765625,47.391664962971404,43.803159880622694,44.34923803484205,31260800
2020-03-10,46.67007064819336,47.06012332687898,44.16396814519131,46.95286135114155,31652900
2020-03-11,42.632999420166016,45.16835464305534,41.78462738093994,45.05133922103743,38483800
2020-03-12,37.84507751464844,41.482338962999854,37.055215013374045,38.42040863338706,40117200
2020-03-13,41.921146392822266,41.95039931604651,37.39650703487661,40.5364497491793,35264800
2020-03-16,33.61299133300781,38.166881742609576,33.59348813632493,36.421384697963134,36879100
2020-03-17,36.45063018798828,38.157120316566434,33.174168545941704,34.6076214443004,34869000
2020-03-18,33.82749938964844,35.65100816084627,30.35601237527321,33.4081902043871,36519000
2020-03-19,35.387725830078125,36.37261265260679,32.813364511931134,33.7982513344598,31015200
2020-03-20,35.21220397949219,37.63054372677093,34.94891649589671,36.83093154097123,37667400
2020-03-23,37.29899978637695,38.488668420896836,34.80264708897809,36.07032848897297,45286000
2020-03-24,42.19418716430664,43.31559271435942,40.11714388310876,40.78023747785876,45588000
2020-03-25,41.44331741333008,43.76414423003512,39.03472812860273,42.81826026577824,54091000
2020-03-26,43.676395416259766,44.61252622125244,42.2526960186851,43.78366110180431,62450700
2020-03-27,42.39897155761719,44.15421804472277,41.25806264294738,42.17469041336211,39791500
2020-03-30,43.41311264038086,44.43700605192898,42.07717559331052,43.07181235662912,33763900
2020-03-31,41.01426696777344,44.04694016513774,40.867994917676036,43.296087886205825,36723700
2020-04-01,38.89822006225586,41.24830042949112,38.35214564255661,39.54181042822497,37452800
2020-04-02,40.06838607788086,40.55595465818126,38.537421033325856,38.80070851307043,31457700
2020-04-03,40.195159912109375,40.81924717675629,39.54181599953284,39.951375591865826,28522400
2020-04-06,45.217105865478516,45.52914943699212,42.26244167027344,42.27219140444764,37899100
2020-04-07,45.38289260864258,47.1673920030693,44.89532393958502,46.894354738750266,34646400
2020-04-08,47.08937454223633,47.47942717592375,45.636418531143704,45.90945946656328,27694400
2020-04-09,44.98308181762695,48.571587150028364,44.22247224270432,48.0742650756728,39799400
2020-04-13,45.0220832824707,45.236614659415906,43.28634023585081,43.78366229697773,30449900
2020-04-14,46.4360237121582,47.177129928262275,45.46088669507049,45.83143980312252,25738000
2020-04-15,45.27561569213867,45.49989677797142,44.50525649306999,45.24636276959395,22389400
2020-04-16,44.39799880981445,46.026479988598616,43.549630424618634,45.850954982026586,26589000
2020-04-17,44.56377029418945,45.72418221028871,43.734901451387266,45.616916524291106,23388300
2020-04-20,42.32094955444336,43.959180099767146,42.22343361730942,43.413102011375,30463300
2020-04-21,40.380428314208984,41.99915579759514,40.16589695573577,41.930896496236016,32482200
2020-04-22,42.81827163696289,43.10106230011862,41.68711270419294,42.038162669509994,21346600
2020-04-23,42.68174743652344,43.60812834134918,42.34044725061264,42.730503543124264,22273100
2020-04-24,43.062049865722656,43.21807163727101,41.911387905608876,42.71099994977575,16581800
2020-04-27,44.15421676635742,44.26148246699422,43.4716236165845,43.881179506448255,16667200
2020-04-28,44.183467864990234,46.50429172237252,44.15421121949413,45.06108911295601,25234900
2020-04-29,48.59107971191406,48.89336980877575,45.178100126476636,45.42188438257931,35743000
2020-04-30,46.69932174682617,48.34730606025281,46.19224993652977,48.249790104511185,28585400
2020-05-01,43.93968200683594,45.75343400958725,43.413107044817934,45.20735957773429,28194000
2020-05-04,43.35459899902344,43.578880108536495,42.525733867351136,43.091311508763795,21377100
2020-05-05,44.28097915649414,45.78269130515283,43.98843874671919,44.319985536424966,21007500
2020-05-06,44.93431854248047,45.94845828108745,44.77829303823796,44.924565088538934,22011900
2020-05-07,45.43164825439453,46.319023073964765,45.187863922426295,45.94846984781401,16372100
2020-05-08,47.05037307739258,47.255151010456814,46.11424219493882,46.11424219493882,17437100
2020-05-11,47.00160598754883,47.51842742746771,46.2604997553625,46.553043842719134,17353500
2020-05-12,44.554012298583984,47.35265842490356,44.50525618805932,47.313652048542714,26738900
2020-05-13,42.44771957397461,44.73929414211825,41.882141952972916,44.72954068735699,35117500
2020-05-14,44.59302520751953,44.641781325186635,41.45308212769425,41.98941058159236,27543500
2020-05-15,43.305850982666016,43.666650772420596,42.16494203133914,42.20394469952732,28803900
2020-05-18,44.778297424316406,45.00258224870755,43.83241689123921,44.69053864936308,20307800
2020-05-19,43.9981803894043,45.08058305435837,43.900668177365304,44.64177066047801,17389500
2020-05-20,45.48039627075195,45.870452620322055,44.94407157998284,45.35362739916371,17876500
2020-05-21,44.095703125,45.412136789906505,43.647137208793225,45.343877486976716,17445300
2020-05-22,43.82265853881836,44.18346193261848,43.14006556644562,44.027440150382894,13385400
2020-05-26,44.661285400390625,45.52915695954774,44.31998885011089,45.07084498057972,24303900
2020-05-27,48.22053146362305,48.347300331138484,42.80852117636873,44.80755153402176,56071500
2020-05-28,45.31462478637695,47.57694268854717,44.924568436408414,47.4891801957969,38289300
2020-05-29,46.71882247924805,46.826088164991965,45.06108851741743,45.46089461528366,26337000
2020-06-01,45.1878662109375,46.48479698836684,45.16836301700987,46.309275682725946,21809100
2020-06-02,45.65592575073242,45.68517867788146,44.43700418814377,45.33413239253279,23035600
2020-06-03,47.70370101928711,48.19126952710412,46.2702521358048,46.845583123822976,34662100
2020-06-04,49.946529388427734,50.68763203577149,47.39166720449192,47.6452049637421,34830800
2020-06-05,52.384361267089844,53.45701048809172,51.28245540634439,51.35071469932528,34110700
2020-06-08,52.36486053466797,53.28148802612168,50.9314078751843,53.14496943376183,22850600
2020-06-09,51.82855224609375,52.169848834640526,51.14595534914638,51.34098356539617,17840800
2020-06-10,51.16544723510742,51.974809131871076,50.287822315866826,51.60425597487471,18766700
2020-06-11,47.313663482666016,49.81976611177287,47.00161983607437,49.1664221693222,29897600
2020-06-12,47.479434967041016,49.224931669789,46.18250426042777,49.039656917373875,24293600
2020-06-15,48.01575469970703,48.49356981806896,45.92895808285424,46.18249582389988,18092300
2020-06-16,49.75149154663086,50.8533974283166,48.6203327444981,49.888010135187,20987200
2020-06-17,49.6929931640625,50.22931790539902,49.28343730626663,50.02453997650109,13905100
2020-06-18,49.22492218017578,49.77100031549703,48.776359990368846,49.244425369278645,13220200
2020-06-19,49.566219329833984,51.438480729137744,49.48820657826996,49.88801263040374,28081500
2020-06-22,49.878265380859375,50.122049661860935,48.990890746807835,49.82950554877673,15952200
2020-06-23,48.6008415222168,49.62473490830416,48.33755401381945,49.42970671098908,23194200
2020-06-24,47.08937454223633,48.85437042836705,46.826087061574455,48.41556168045033,19346500
2020-06-25,47.96699905395508,48.08401819997,46.10448709153097,47.04062166038364,14971900
2020-06-26,47.28440856933594,48.12302350945659,46.94310828779688,47.92799902840973,16929700
2020-06-29,47.92799377441406,47.92799377441406,46.397028702932886,47.479427845560124,24666200
2020-06-30,50.239070892333984,51.16545201137558,49.70274615600044,50.49260493719687,47852100
2020-07-01,48.464324951171875,50.278080939213524,48.376562444658454,50.239074554128976,25218400
2020-07-02,48.59107971191406,49.48820398884268,48.24977952145879,49.244419732740006,18562400
2020-07-06,49.65398406982422,50.151306121249746,49.22492504415684,49.4882125325845,16321000
2020-07-07,47.86947250366211,49.332177912753615,47.791459762981496,49.263918624584186,19797900
2020-07-08,48.47406768798828,48.513074067440414,47.74271481259973,48.327799344822424,15311900
2020-07-09,48.73735046386719,49.137156515017104,47.51842912257443,48.61058160281397,18510800
2020-07-10,49.439456939697266,49.44920667499256,48.17177931967492,48.76660988887185,18128700
2020-07-13,48.230289459228516,50.98017631878987,48.152280410370814,50.034295677214,23296400
2020-07-14,48.47406768798828,48.55208044689254,46.75782791047851,47.85973395095612,17455200
2020-07-15,49.254173278808594,49.39069559746985,48.18152395686855,48.961632892811565,15911400
2020-07-16,48.8543701171875,49.03964855787298,48.006001831471664,48.581332903360114,14014000
2020-07-17,48.24003219604492,49.1761628934453,48.05475377145235,49.059147486233435,15003800
2020-07-20,49.936771392822266,50.04403707199433,48.30829417587305,48.425309589582156,17604200
2020-07-21,50.239070892333984,51.35072674724256,49.95628020086332,50.33658312808432,16650200
2020-07-22,50.3658332824707,50.48284869425834,49.7514958608431,50.29757398227351,11412600
2020-07-23,51.33121871948242,52.85243400488459,50.287822271882874,50.45359752086244,33399900
2020-07-24,48.776363372802734,50.00503461266247,48.41556364901227,50.00503461266247,25348000
2020-07-27,50.30731964111328,50.424335043421166,49.2346703936104,49.341932342478636,15991700
2020-07-28,48.84461975097656,49.99528187987994,48.79586363768804,49.985528425310434,15614400
2020-07-29,49.13715362548828,49.3711881459892,48.54231945074043,49.13715362548828,14714800
2020-07-30,49.478458404541016,49.488208138867606,47.888983879901346,48.50332129835643,17644300
2020-07-31,48.815372467041016,49.439459716887484,48.035259684879506,49.361446950729956,17433200
2020-08-03,49.13715362548828,49.36143469271489,48.77635397124135,49.13715362548828,15143500
2020-08-04,50.024532318115234,50.20005729311429,49.039645487156385,49.0981513322542,15753100
2020-08-05,49.78075408935547,50.00503520245721,49.37119824452271,49.81976047072619,13198600
2020-08-06,47.48918533325195,48.786115955473214,47.11863213268012,48.75686302800951,32204700
2020-08-07,47.53794479370117,47.95725414280314,46.85534791935934,47.479435214807744,13637300
2020-08-10,47.92799377441406,48.43506183337395,47.069872016434104,47.635449645206194,15881500
2020-08-11,46.572547912597656,48.50332271261096,46.44578276339151,47.79146933086956,21532800
2020-08-12,47.2746467590332,47.518431037113935,46.47503462451663,47.17713453574206,17176600
2020-08-13,44.99283218383789,46.05573193664429,44.78805425381136,45.987472626635444,41051700
2020-08-14,44.466251373291016,44.934320466353505,44.17371098001665,44.466251373291016,18167300
2020-08-17,44.095703125,44.79779934368539,43.62763773925873,44.75879668476338,17303800
2020-08-18,43.296085357666016,44.037187859241506,42.95478516732197,43.93967564477323,20118100
2020-08-19,42.954795837402344,43.58863654845139,42.75976764016776,43.19858015398221,19455500
2020-08-20,41.921146392822266,42.57448647718304,41.19954328785009,41.61885254671111,22445400
2020-08-21,41.59934616088867,41.98940246654826,41.34581216610677,41.784620860158036,15476700
2020-08-24,42.672000885009766,42.730510454305524,41.82363258941328,42.04791369193404,14972200
2020-08-25,43.97869110107422,44.40775389728313,43.491122447094,43.76416342282339,21524900
2020-08-26,43.8421745300293,44.68079324939636,43.57888699814519,44.46626184122698,15328900
2020-08-27,43.5106201171875,43.71540175295668,42.584239048232355,43.44236081188215,13777000
2020-08-28,44.554012298583984,44.6515282394861,43.30583801385927,43.510615909974526,13459100
2020-08-31,44.37848663330078,44.680780465607754,44.017686957216974,44.22246485014134,13241800
2020-09-01,44.622283935546875,44.651540585833494,43.939690759756026,44.39800278923648,14079800
2020-09-02,46.640811920166016,46.99185817137216,45.12934635367755,45.27561841490322,24636200
2020-09-03,45.1781120300293,46.64081795203986,44.710042861514815,46.5725549200808,20632800
2020-09-04,45.32437515258789,45.782690812207576,43.773906905636224,45.04158448091391,20608500
2020-09-08,43.91041946411133,45.080584649240116,43.42285094696205,43.871416809827345,20893600
2020-09-09,44.0274543762207,44.73930422016921,43.34485746343939,44.73930422016921,17529100
2020-09-10,43.7544059753418,44.8075559574003,43.578880978332045,44.33949053865872,13744700
2020-09-11,44.944068908691406,45.32437178099944,43.84216294852372,44.10545041085686,18365500
2020-09-14,47.810970306396484,48.35704841564709,47.099120677465194,47.14787678796817,26715400
2020-09-15,47.830482482910156,48.42531681444547,47.4891859253998,48.142526112592044,14456000
2020-09-16,48.96163558959961,49.94652619785549,47.742714147596914,47.88898620857845,23542200
2020-09-17,49.712501525878906,50.01479544273126,47.5964552674737,47.937751851134614,20556900
2020-09-18,49.478458404541016,50.87290104412035,48.72760238639655,50.219560968506045,25549000
2020-09-21,47.92799377441406,48.542327518103086,46.699318847329764,48.376555983414875,21257500
2020-09-22,48.464324951171875,48.54233400148735,47.567196693495376,48.045015611147036,10845300
2020-09-23,48.6105842590332,50.326827684471304,48.40580635527103,49.74174317676848,19160000
2020-09-24,48.24003219604492,49.10790359591732,47.86947906671249,48.2887883057288,13842300
2020-09-25,47.91823959350586,48.36680179571047,46.592052456680854,48.33754887117415,17773000
2020-09-28,48.48381805419922,48.53257416548192,46.933349908351296,48.40580530026463,18904000
2020-09-29,49.44920349121094,50.10254730952707,48.357050935647855,48.47406635092351,35676600
2020-09-30,45.79243469238281,48.04500260311601,45.66566955495972,47.73295904663166,55392600
2020-10-01,46.72856903076172,46.982106765219825,45.88020077745047,45.92895688950691,24460000
2020-10-02,45.39262771606445,46.33851181954796,45.343871608842655,45.69492153260365,20277500
2020-10-05,46.416526794433594,46.54329566533506,45.811942803743015,45.8216962583486,16933700
2020-10-06,46.14348602294922,47.615945087132076,46.045973803534984,46.36776710348413,17926200
2020-10-07,47.20639419555664,47.78172532272646,47.11863169412892,47.216143931335985,13889300
2020-10-08,48.659339904785156,48.75685212108628,47.02110937592845,47.77196534497549,14569700
2020-10-09,48.64959716796875,49.34194372783639,48.084019493099824,48.990897439910896,13933700
2020-10-12,49.41995620727539,49.57597801873283,48.83487534427334,49.32244397005952,13108800
2020-10-13,50.560855865478516,51.438480721174244,50.35607797243376,50.59986224125449,22179400
2020-10-14,50.346336364746094,50.95092040744778,50.07329541009587,50.716885834869494,15899400
2020-10-15,50.64863204956055,50.677888699231694,49.06891060190691,49.49796969192844,14000600
2020-10-16,50.326839447021484,51.243467220850945,50.29758651674778,50.85341451107096,14225400
2020-10-19,51.32147216796875,52.65740909796944,50.024537899100324,50.67788176112103,24176200
2020-10-20,52.1990966796875,52.8524405824949,51.438490802253725,51.81879374097061,17343400
2020-10-21,51.98456954956055,52.61840654737586,51.857800662056086,51.974816093677546,12922200
2020-10-22,53.02796173095703,53.48627368332551,51.760284120822895,51.965062039105824,14842600
2020-10-23,51.53600311279297,52.774427889221414,51.07769112644952,52.74517496154194,16175700
2020-10-26,50.84364318847656,51.57499594715972,50.12204388302658,51.09718089460412,11678900
2020-10-27,50.66812515258789,51.019175119903075,50.25856933728885,50.73638445513773,8964800
2020-10-28,48.75685501098633,49.58572005823196,48.33754576030362,49.48820783615112,15463700
2020-10-29,49.22492218017578,49.644231446254906,48.152272818489116,48.47406613905393,12420700
2020-10-30,49.08840560913086,49.17616810380163,48.07426205290266,48.766608555387,15955700
2020-11-02,48.47406768798828,49.52721761407727,48.21078020646603,49.52721761407727,13103200
2020-11-03,49.81000900268555,50.30732732837674,48.76660879650608,48.88362793654777,11429500
2020-11-04,50.66812515258789,51.19470010356066,49.663735083766234,50.44384405565941,13554400
2020-11-05,53.222999572753906,53.41802407135679,51.467749326496985,51.565265295652296,16373600
2020-11-06,53.788570404052734,54.032354715840476,52.979208423241204,53.105973587076384,13922600
2020-11-09,54.568668365478516,56.39217732527553,54.48090588228052,55.065990343551384,20968500
2020-11-10,54.03235626220703,54.549177827635006,53.00846286736612,53.75931901554372,14502100
2020-11-11,54.9587287902832,55.524306386711324,54.461406774952934,54.5784259078853,14765500
2020-11-12,54.85145950317383,55.5535593751673,54.50040956717709,55.192755985474726,13785600
2020-11-13,56.48969268798828,56.74322669809411,55.339030608582824,55.3780369854769,14318800
2020-11-16,60.321990966796875,60.370747085396204,58.12793215114628,58.235197843976856,31397200
2020-11-17,60.44874954223633,60.65352743734318,58.80076548770741,59.48336219124968,17703600
2020-11-18,59.22983932495117,60.497517030020326,59.122573630240474,59.97094201226971,18734500
2020-11-19,60.29273986816406,60.42925849232388,58.16694029805204,58.54724324245541,12723600
2020-11-20,59.87343215942383,61.082600337423685,59.82467231817327,59.95144120968819,14115700
2020-11-23,62.58430099487305,62.896344577358526,60.75104215788114,61.05333600584961,20612600
2020-11-24,62.36002731323242,62.691574124005434,61.326380498504015,62.691574124005434,22625600
2020-11-25,61.85294723510742,62.408775090670474,61.053335101846436,62.07722832420717,12468500
2020-11-27,62.6330680847168,63.18889601291726,61.93096436298776,62.243011701485116,7500200
2020-11-30,62.49653625488281,63.62769891781395,61.999221665906624,62.95485190487367,20373500
2020-12-01,65.41219329833984,66.92365122039719,63.52042509272586,63.627690760448615,36160400
2020-12-02,67.39173889160156,67.66477614319602,65.10016774176844,65.92903295259653,23298900
2020-12-03,68.16207885742188,69.35174720644086,67.82078239000782,68.81541887214378,20462300
2020-12-04,71.51656341552734,72.53070706348784,68.78618353844008,69.3420114816802,31860800
2020-12-07,70.8047103881836,71.5750696439352,69.70280806625611,71.46780396024154,17460600
2020-12-08,71.37032318115234,71.721373311623,70.19040758029077,70.20990705877938,15431100
2020-12-09,69.63456726074219,72.75500405249628,69.02022592007536,71.33130430127672,18367300
2020-12-10,69.50777435302734,70.16111445321711,67.93780295783905,68.39611860533832,15610600
2020-12-11,68.77640533447266,69.54676438907768,67.67450330026011,68.63013330947348,15322000
2020-12-14,69.76131439208984,70.404901058941,69.26399234972334,69.62479578276668,13573700
2020-12-15,71.3312759399414,71.54580727902206,70.53166386499865,70.99972547780625,11538300
2020-12-16,71.17525482177734,72.50144187250466,70.82420487071978,72.34542380520443,13889300
2020-12-17,70.46341705322266,71.90661596138163,69.97584844700826,71.760343891576,11988100
2020-12-18,69.68330383300781,71.62382478941264,69.29324746275041,70.89247188506994,23912500
2020-12-21,69.69306182861328,69.91733923432086,67.91831229604018,68.2596088523606,13180400
2020-12-22,68.68866729736328,69.99534758474144,68.02557369847851,69.73206381210926,11154200
2020-12-23,68.2108383178711,69.29324111227653,68.15233247159159,68.71791378464603,8524000
2020-12-24,68.82518768310547,68.8836935363729,68.02557544972161,68.56189646398867,4848500
2020-12-28,68.90319061279297,70.31713642279404,68.71791218428177,70.00509285039422,8345200
2020-12-29,68.46437072753906,69.62478618655496,67.42097439168866,69.23472988237519,9403400
2020-12-30,70.13186645507812,70.8437198928377,68.62040824130273,68.66916063804655,11620300
2020-12-31,73.31080627441406,73.79837481642541,70.57067344901607,70.59017291722608,23214500
2021-01-04,72.20890808105469,76.65553105186243,71.91636396362536,74.57849162517323,31155900
2021-01-05,75.33910369873047,76.73355022088936,74.13968164468484,74.53949147593558,33418200
2021-01-06,75.19283294677734,76.49951327341162,74.20794225420393,74.46148001896383,22390900
2021-01-07,77.14311981201172,78.08900427426904,76.10947655537979,76.11922257272725,27945300
2021-01-08,75.4951171875,82.06754700647821,75.15382066923404,80.48782212802503,51272100
2021-01-11,76.71405029296875,77.80620675705106,74.51999134830596,74.68576290526185,19920800
2021-01-12,77.48438262939453,77.64040811542313,75.88515859612463,77.22109892135208,18231000
2021-01-13,77.92321014404297,78.39127179128582,76.59702307734531,76.98707197014578,15067700
2021-01-14,79.27864837646484,80.16601925953418,77.57215846931824,78.02072063786068,17639300
2021-01-15,78.71308135986328,79.84423672060903,77.55266563176215,78.9081058373242,14322600
2021-01-19,83.37421417236328,83.54973913136698,78.94709126389658,79.25913480882484,26602500
2021-01-20,81.42394256591797,85.0807064536089,81.1606588394745,83.7935258627299,21191700
2021-01-21,82.89641571044922,82.98417448766045,80.45857270294036,81.91152505229783,14696200
2021-01-22,80.23429107666016,82.8379057271165,80.18553867838709,81.98954108803902,14229500
2021-01-25,79.25914764404297,81.42395334242202,76.92857041301122,81.12166320173696,19283400
2021-01-26,77.53315734863281,79.94174731405587,77.0455887706834,79.75646887372915,13678000
2021-01-27,73.22306060791016,75.66090400180315,72.48196157275618,75.40737364542777,23513400
2021-01-28,76.44100189208984,78.18649831301133,74.81252460945075,75.28058628316793,18351400
2021-01-29,76.32398223876953,77.39663906652093,75.03680148517397,76.41174845181561,17934400
2021-02-01,78.4302749633789,79.07386156196348,76.52876064971375,77.61115595461938,14900200
2021-02-02,79.5906982421875,79.70770994080577,77.93296059460224,79.23964826692031,11386200
2021-02-03,77.14311981201172,80.47808791298891,77.00660117206817,79.81499418767405,17456000
2021-02-04,79.2298812866211,79.31764004560331,76.99681666282436,77.18209507361556,11519700
2021-02-05,79.08362579345703,79.98075023602719,78.713076334058,79.73696593491314,10958000
2021-02-08,81.92127990722656,81.9700323043859,79.61020201832467,79.71746770766443,12394800
2021-02-09,81.2484359741211,81.9115296066201,80.35131148300681,81.27768890148465,10362500
2021-02-10,80.30254364013672,82.34058417323664,79.2786540859339,81.91152144211958,9869200
2021-02-11,84.32984924316406,84.48586729120528,81.91150626103486,82.30156254069502,18750400
2021-02-12,85.82183837890625,86.12412857008596,83.33523521492808,83.96907596650166,14273900
2021-02-16,85.55851745605469,87.0017234753417,84.88567799166636,87.0017234753417,10312800
2021-02-17,83.91056823730469,85.14898934363602,82.78915884639247,84.53465551856402,10033500
2021-02-18,86.3386459350586,86.52392437808709,83.82279025062331,84.36886468518371,19168100
2021-02-19,88.69847106933594,89.21529254982639,86.60192478457732,88.00612461059347,21886500
2021-02-22,84.13482666015625,88.26940582513976,83.78377671372594,87.30402219230919,16077000
2021-02-23,86.03636932373047,86.9822462781477,80.3903233280414,83.12070336994888,23203200
2021-02-24,90.21969604492188,90.29770881127159,85.54879511526318,86.10462305601779,21281700
2021-02-25,85.92909240722656,90.78527147805502,85.4025174285151,89.24455292253329,22546200
2021-02-26,89.2542953491211,90.62924219692678,86.03634746311083,87.50879909084067,22787600
2021-03-01,92.40398406982422,93.36936761531427,90.26843166219919,92.18945273978089,19908900
2021-03-02,88.82523345947266,92.54051081056073,88.63996247241028,91.24357670259637,18679600
2021-03-03,86.89447784423828,91.00955808285798,86.19237785892031,88.31817728570793,26424100
2021-03-04,82.23332977294922,87.51857211989685,79.81498601081687,86.60194068300446,31971100
2021-03-05,86.71894073486328,87.09924360050476,81.22892165827298,85.35374733629376,30329100
2021-03-08,82.9354248046875,87.48931390617163,82.75989980481604,86.36790459808773,22708300
2021-03-09,87.07974243164062,87.93786036612461,84.15433125171593,85.81206127779112,22301400
2021-03-10,83.28646850585938,87.77209795926088,83.18894883797833,87.77209795926088,23407800
2021-03-11,87.0895004272461,87.97687884496551,84.6906638224455,85.41226326298559,20716500
2021-03-12,85.58780670166016,86.32891321204397,84.28112615096225,85.392782196684,21916400
2021-03-15,86.64092254638672,86.69943582645602,83.99830212082799,85.58777278159951,16144400
2021-03-16,89.15677642822266,92.3259716860654,87.86959588262549,88.49368296899351,28539000
2021-03-17,92.40398406982422,93.11582991256263,87.8598420853208,89.05926386706079,24616700
2021-03-18,87.5868148803711,91.15582027230862,87.18701253411089,90.65849826333086,27081000
2021-03-19,88.25967407226562,90.37572010704812,86.67994905806998,88.11340199766676,24963400
2021-03-22,89.01052856445312,90.1221844539444,87.42105749712609,89.54685703732477,19365800
2021-03-23,83.27671813964844,89.00076872654455,82.85740884720967,88.75698442721286,32043800
2021-03-24,80.93637084960938,84.98319088003082,80.85835810422516,84.89542468154735,24232800
2021-03-25,81.99928283691406,82.33083335056922,78.48879043653683,79.12263109875782,23630200
2021-03-26,85.80230712890625,85.94857917465846,81.94076529545639,82.06753787363745,23949100
2021-03-29,84.43712615966797,86.05585747472757,83.63751395720776,85.57804233220665,21772800
2021-03-30,84.38837432861328,85.05146792336328,83.13044644564462,84.11533710248796,13897000
2021-03-31,86.016845703125,86.86521768805584,84.55414000202722,85.26599338336541,25372300
2021-04-01,90.11241912841797,92.03343288391342,88.9812565697332,90.68774642175549,39700600
2021-04-05,91.41909790039062,92.31622219559054,90.1709236740768,91.59462286594758,19795100
2021-04-06,91.16558074951172,93.71068960432207,90.35622247438013,91.50687730404997,22847000
2021-04-07,91.62387084960938,92.70627350559924,90.23917810689065,91.90666146997387,17621500
2021-04-08,92.92081451416016,93.99346382885871,91.4483554201463,92.63802386433593,17815600
2021-04-09,92.93055725097656,93.00856255526902,90.99002930249577,91.99441920241948,14080200
2021-04-12,93.21334838867188,94.54928884481738,92.39423682586528,92.8232995147861,18818300
2021-04-13,89.85888671875,94.41277526450523,89.12753388181993,93.89595378342757,27102100
2021-04-14,88.41568756103516,90.22944333636619,87.28453228506997,89.3810787393189,19117400
2021-04-15,88.02561950683594,89.67360352594552,87.22600741182582,89.46882563523987,16017000
2021-04-16,88.40592956542969,89.0592696110964,87.8403482842382,88.19139822154979,12358700
2021-04-19,86.21186828613281,88.42542606800946,84.36885245719634,88.41567261460415,21361600
2021-04-20,85.30500030517578,86.73844565203456,84.37861555808608,86.18261777966312,17396900
2021-04-21,87.26502990722656,87.33328921673768,84.18360008395891,84.8954461060453,14781300
2021-04-22,82.60387420654297,86.16312659889316,81.81401542764057,86.0071010703804,34044100
2021-04-23,83.89105224609375,84.31036154028403,82.46735282481444,83.12069296422294,18118600
2021-04-26,85.65603637695312,86.10460597462345,83.96905341761824,84.3201033568439,14757700
2021-04-27,87.23576354980469,87.94761690200393,85.84131720758339,87.10899840585934,17681000
2021-04-28,83.89105224609375,85.57804287798668,83.22795865155345,85.48053064578795,19433500
2021-04-29,85.87059020996094,85.89984313927299,83.42300088789278,85.53904709148121,16463300
2021-04-30,83.93004608154297,86.28012995669943,83.43272410004792,84.76866454457176,14548100
2021-05-03,82.90616607666016,84.84669456906137,81.78476418612205,84.80768818612947,16300400
2021-05-04,82.31131744384766,83.3157073598682,79.9904866308166,82.0480262885636,17850500
2021-05-05,83.03292846679688,83.81303371034954,81.94077219817605,83.36447152137292,13172100
2021-05-06,82.6916275024414,83.00367107099115,81.20941497205101,82.75988680057087,13716900
2021-05-07,83.84229278564453,84.17383583512702,82.87690168100968,83.77403348488603,12746100
2021-05-10,78.83983612060547,82.88665673131065,78.79108372752826,82.83789689852749,24862900
2021-05-11,78.674072265625,78.75208502980412,74.91004195060933,75.34885072963019,23227800
2021-05-12,74.89053344726562,77.98171631791183,74.5102305673921,77.1723507265068,23472600
2021-05-13,75.27082824707031,76.8993052696358,74.62723424886073,76.03143392516893,20153800
2021-05-14,77.71842956542969,78.15724575627462,75.16357493840705,76.8310586083229,18241100
2021-05-17,78.3912582397461,78.42051115767859,75.78764438789187,77.13333069071771,15011500
2021-05-18,76.91880798339844,78.90808846224132,76.84080267341453,78.54729251441303,20893800
2021-05-19,77.9427261352539,78.27426925235662,74.26646171939697,75.29035143960297,27300000
2021-05-20,79.11286163330078,79.46391154626558,77.5428904780151,78.4985280054648,17123000
2021-05-21,78.71308135986328,79.95150241512462,78.37178480445323,79.73697102609346,13076900
2021-05-24,80.83885955810547,81.54095939514727,79.33714767103383,79.39565351088567,15730400
2021-05-25,79.21040344238281,81.62873969740633,77.72819063085892,81.49222107525372,26272100
2021-05-26,80.19527435302734,80.39030624009047,79.00560588091254,79.5516877249835,12609800
2021-05-27,81.84326171875,82.64287388828141,80.28304375865287,80.4098089105118,22286500
2021-05-28,82.04805755615234,82.62339247197511,81.15093296303681,82.12607033112963,11330300
2021-06-01,82.05780029296875,83.62777184567463,81.54097874575005,82.8086526948379,11067200
2021-06-02,82.24304962158203,82.71111864715631,81.37517830139856,82.29180944664145,10314200
2021-06-03,79.99050903320312,81.9797899559089,79.85399041063864,81.59948701594968,14742100
2021-06-04,81.67748260498047,82.27231680949711,80.79010430523402,80.90712343126701,12591100
2021-06-07,81.95052337646484,82.13580180752649,80.59508339272242,81.12165832334048,9006400
2021-06-08,78.52780151367188,82.86716673786987,78.02073341739131,82.85741328225674,29666500
2021-06-09,76.70429229736328,78.55704694285214,76.56776625093077,78.17674404701339,21434900
2021-06-10,77.3088607788086,78.83007213008953,76.57750802304584,77.42587989802442,22683300
2021-06-11,77.36737823486328,78.75207864785524,77.24061308312507,78.07923163082353,12675700
2021-06-14,78.48880004882812,78.92761630243228,77.3966510223444,77.52341619443061,14303000
2021-06-15,80.13677215576172,80.84862555647099,77.9329600896862,78.63506003567176,22308600
2021-06-16,78.48880004882812,81.04366248095178,78.12800400531071,80.67311298121012,18116400
2021-06-17,78.63507843017578,79.41519131702472,77.38690376298376,77.71844690408446,16003900
2021-06-18,75.03679656982422,77.30886778929114,74.2371844486018,76.93831837106316,39881500
2021-06-21,75.15382385253906,75.36835522730922,73.82763666278395,74.9392924777689,19810100
2021-06-22,75.72916412353516,76.33374447083419,75.13432979236825,75.6804042840466,16771800
2021-06-23,77.05532836914062,77.88420083439803,76.12895112406001,76.15820404594807,16662200
2021-06-24,78.57654571533203,78.88858927549434,77.93295168766304,78.43027366907042,15721000
2021-06-25,79.99050903320312,80.7803678408558,79.07387761909274,79.54194678196167,19603800
2021-06-28,81.30694580078125,81.5214771982032,80.11728453820832,80.57559282213761,18365500
2021-06-29,80.86812591552734,81.7554968727854,79.83448289462937,81.46296018521177,18530800
2021-06-30,82.86715698242188,83.27671279347706,81.35569144771539,82.7403843934958,40670800
2021-07-01,78.11825561523438,80.2050490001217,77.92323111634514,80.19529554326492,53299000
2021-07-02,78.332763671875,78.87883805771166,76.9285638914887,78.60580086479334,22685500
2021-07-06,79.06411743164062,79.51267960248241,77.77693676409729,78.78132678138492,21126500
2021-07-07,76.2752456665039,79.77598522596558,76.01195441245682,79.65897350390702,23026900
2021-07-08,75.19283294677734,75.94368534586161,74.0714236361886,74.35421432770796,23114500
2021-07-09,76.78230285644531,76.98708078051196,74.8222823947902,75.48537600402315,15441100
2021-07-12,77.5819091796875,77.74768814916406,75.77790694230534,76.79205046984644,12639300
2021-07-13,76.49950408935547,77.52340104125436,76.15820758529111,77.30886968449796,14263400
2021-07-14,76.53852081298828,78.75208654087731,76.37274926570689,77.37713944473829,15952300
2021-07-15,75.00753784179688,76.50924974634101,74.44195658429874,76.39223062557087,16616800
2021-07-16,73.1450424194336,75.68039761559339,72.97926344360403,75.2415888576892,19132100
2021-07-19,72.72572326660156,72.82323548405212,71.38002937078578,72.00411649011573,23436900
2021-07-20,73.51559448242188,74.03241601910328,71.93586950639957,72.80374847745917,14855800
2021-07-21,75.27082824707031,75.31958063378909,73.46681882526131,73.47657227848705,15945800
2021-07-22,73.65210723876953,74.35420717225725,72.60871079308806,74.33470770286303,19042200
2021-07-23,74.05192565917969,74.14943789691448,73.03778201938283,74.04217220349415,12345200
2021-07-26,74.40296936035156,75.5536315233877,73.63261010004119,73.92514678844998,12023900
2021-07-27,72.37467956542969,72.93050743644552,70.70719595238221,72.93050743644552,23940500
2021-07-28,73.67162322998047,74.12018547840539,72.53070697755975,72.6964859665245,14348300
2021-07-29,75.16357421875,75.2025805979876,74.06166446447949,74.18843705692825,14529400
2021-07-30,75.6511459350586,76.16796746189105,74.16893322142309,74.23719252799141,12528900
2021-08-02,75.70964813232422,77.51365038144993,75.54387660147455,77.07484163750527,14904200
2021-08-03,78.8495864868164,79.05436438501442,76.00218794086433,76.90906574128739,25807600
2021-08-04,79.94175720214844,81.02415273454935,77.56241986674627,78.44979091972702,29176900
2021-08-05,79.46390533447266,81.00462344985556,79.14211580583031,80.09774581887238,14821000
2021-08-06,79.96123504638672,80.81935293932244,79.03485786014595,79.18112246029607,14612600
2021-08-09,78.21574401855469,80.00024665419889,78.08897887689515,79.69795654116933,13363300
2021-08-10,74.02267456054688,77.83545746003117,73.8861484966971,77.83545746003117,40705000
2021-08-11,73.16454315185547,74.15918726516628,71.88711579661201,74.14943381001832,31624900
2021-08-12,68.50337982177734,70.40489415055659,67.09918004686007,70.38539468244073,72492400
2021-08-13,69.15673065185547,69.46877426825428,68.14258703863268,68.30836602211538,25301400
2021-08-16,69.16646575927734,69.97583123200796,68.18157533390279,68.45461249585898,18135900
2021-08-17,69.02020263671875,69.67354270713935,67.87929401708176,68.42536841149831,17545800
2021-08-18,68.86418151855469,70.0928488515552,68.82517514358089,69.47851518505495,14004300
2021-08-19,68.53263854980469,69.05921351000946,67.3234705521342,68.39611994231154,18022600
2021-08-20,68.48388671875,69.26399199088276,67.85004607034412,68.39612050480767,14603100
2021-08-23,69.95634460449219,70.09286322504279,67.18695837080081,69.07871958687632,22265000
2021-08-24,70.19037628173828,70.8827227748567,69.90758561164098,70.3463943592056,18092700
2021-08-25,72.19915008544922,75.11480786303032,70.38539452676126,70.98022873900331,36552100
2021-08-26,70.96073150634766,71.41904718545314,69.91733498911654,71.40930116994069,20315100
2021-08-27,72.1601791381836,72.30645125951364,70.35617614767084,70.65846640929955,14994200
2021-08-30,71.34103393554688,72.89149835628061,71.01923690643795,72.2771646604682,12810700
2021-08-31,71.86759948730469,72.76473125092633,71.49705007691466,71.84810001926542,14807400
2021-09-01,71.88711547851562,72.47219630979433,71.20451497560178,72.47219630979433,14007100
2021-09-02,72.15038299560547,72.1698899014208,70.51215257324021,71.38977734231173,14803300
2021-09-03,71.97486114501953,72.86223940525842,71.77008326335788,72.16013955972986,9222500
2021-09-07,71.80909729003906,72.63796235835038,71.34103563627293,71.92611642333353,12028400
2021-09-08,70.47314453125,71.41902856885025,69.34198953102305,71.38002219784869,17375500
2021-09-09,71.0582504272461,71.44829935539836,69.64429702372168,69.84907494291355,14638100
2021-09-10,71.6725845336914,73.74962410106733,71.63357815274503,71.93586830544638,18240600
2021-09-13,72.50145721435547,73.34982934888407,71.69209146483237,72.70623515585399,15796700
2021-09-14,71.66282653808594,72.2771676994346,71.09725264946348,71.9553706567954,13945100
2021-09-15,71.984619140625,72.09188481488846,69.97583913115577,71.13624720046099,15258800
2021-09-16,72.77448272705078,73.09627977164178,70.97048048994994,71.47755597349443,12867700
2021-09-17,72.45269775390625,72.64772222022559,71.49706001364584,72.55996344229384,20449600
2021-09-20,70.5707015991211,70.95100461841342,69.42003908339575,70.79497905167375,23228300
2021-09-21,70.34639739990234,71.31178115009654,69.87833570756244,71.10700322973453,16026800
2021-09-22,72.1308822631836,72.72571640512794,70.83394831830793,71.22400459101473,16996100
2021-09-23,72.19915008544922,72.93050289331677,71.42879090173075,71.7798408446836,17304500
2021-09-24,72.20890808105469,72.64771681749274,71.25327041186402,71.47755522718731,14804300
2021-09-27,73.31080627441406,73.99339925734773,71.6823291296255,71.81884772621223,18435200
2021-09-28,71.28250885009766,73.12551707214281,71.24350247971998,72.64770205449894,27311500
2021-09-29,69.85882568359375,71.49705641317995,68.47413269922018,69.39076401211548,38169200
2021-09-30,69.31201171875,70.89393782802581,69.19482897172264,70.50333612137587,16923300
2021-10-01,69.32174682617188,69.88811872786212,68.45266224776336,69.66352040474176,17813800
2021-10-04,68.96044158935547,69.8881137291373,68.70654947053228,68.94090741477422,19525700
2021-10-05,68.84326171875,69.53657594275602,67.97417716681957,69.53657594275602,14512100
2021-10-06,68.29644012451172,68.7260952329574,67.40782118752487,68.15973066499171,17899300
2021-10-07,68.88230895996094,69.98575124694155,68.47218075950127,68.74559955980772,15236100
2021-10-08,68.4721908569336,69.27292065452859,68.06205514588862,69.26315356733345,13666200
2021-10-11,67.59335327148438,68.70656303910768,67.55429236471262,68.2573737863918,12700200
2021-10-12,65.15210723876953,67.79842240271084,64.12677884881842,67.75936149308248,36911700
2021-10-13,64.82007598876953,65.83563701863085,64.67360692925976,65.17161663180248,17532400
2021-10-14,66.20671081542969,66.48012965577148,65.23997033694381,65.69892658327667,15541600
2021-10-15,66.08953857421875,66.85120759283195,65.89424150025336,66.48989981087956,11786100
2021-10-18,65.67941284179688,66.04071318790729,64.73220635044754,65.43528776464936,11849300
2021-10-19,65.98210906982422,66.29458879250534,65.07396371170343,65.78681203693762,16930300
2021-10-20,66.6656494140625,67.57379468062766,65.43526482073177,65.62079474823838,19457800
2021-10-21,67.0269775390625,67.085565170881,66.07977109076617,66.35318997272681,11140700
2021-10-22,65.92352294921875,67.46638742436113,65.50362761386941,66.90002303606795,17892100
2021-10-25,67.14417266845703,69.44871431412425,66.92934137859035,67.98396364696833,23341300
2021-10-26,67.31993865966797,68.17925631303075,66.86098228851617,67.73983412156144,14267900
2021-10-27,66.63636779785156,67.07579733309248,65.8649317894154,66.90978664638999,13541900
2021-10-28,67.94489288330078,68.69679483870283,67.5542912720075,67.6617069013658,16966000
2021-10-29,67.47615814208984,67.91558767487994,66.44107037836598,66.78284393713284,11440900
2021-11-01,69.03856658935547,69.30222583614938,67.3199314662727,67.34922528255962,11988400
2021-11-02,69.09716033935547,69.18504178652121,68.39407896160657,68.83350109764677,9761100
2021-11-03,69.57563018798828,69.65375198183843,68.60889720193175,69.05808634141363,10266900
2021-11-04,70.5423812866211,70.77674672834758,69.37058387841357,70.6693310967495,15936600
2021-11-05,71.20640563964844,72.00713565007386,70.65956781304764,71.28452745776472,13019300
2021-11-08,72.80785369873047,73.26680999212742,71.40169845419082,71.59699551728912,18742300
2021-11-09,73.81363677978516,74.47765712596988,72.80784289882249,73.33515383109602,20127300
2021-11-10,71.68489074707031,73.38399918654905,71.47981912755354,72.41726597358257,15228300
2021-11-11,72.79808807373047,73.19844925518788,71.88994264980904,72.28053674388316,12192600
2021-11-12,75.48348236083984,76.18655637641356,73.18870050754788,73.25705523614977,26553200
2021-11-15,74.9756851196289,76.44043543829872,74.79991478338431,75.93265860587289,12650700
2021-11-16,75.0049819946289,75.33699595446365,73.99918792678352,74.76085693155554,11807600
2021-11-17,73.68670654296875,74.77062239547135,73.42305475862472,74.68274095072518,11600500
2021-11-18,75.21005249023438,75.67877592887288,73.9699003433822,75.09287721815448,16848200
2021-11-19,81.07879638671875,81.88929320052175,77.07514774940226,77.07514774940226,47216100
2021-11-22,81.88932800292969,85.60979231839897,81.69403089375977,81.69403089375977,34775200
2021-11-23,83.40288543701172,85.64883142099622,82.34826343578146,83.04157768193137,31823300
2021-11-24,84.18408203125,85.1117616988425,82.62168318859017,82.75839262169133,21666100
2021-11-26,81.45964813232422,82.07484805083317,80.05349285452999,81.17646216906076,16487200
2021-11-29,84.11573028564453,84.2426726351205,82.1822639777214,82.39708777296406,18889800
2021-11-30,82.0260238647461,84.8774029063047,81.97719587049852,83.56889610165602,27301000
2021-12-01,83.14899444580078,86.95734675822398,83.00251792414886,84.51609623104314,31633400
2021-12-02,80.93233489990234,81.6256491565072,79.43829076734912,80.68820984686802,22994500
2021-12-03,79.70195007324219,82.44591328794999,78.74497658638204,81.74283194251893,19167200
2021-12-06,80.51245880126953,81.27413540732103,78.6375797327747,79.90703329275335,15094900
2021-12-07,83.81303405761719,84.99459868901742,82.34828340627864,82.43616486930756,21716900
2021-12-08,83.99855041503906,84.31103020517465,82.0553169529492,83.4321859173661,12908500
2021-12-09,82.93416595458984,84.50633194218081,82.64121290158191,83.29547372661888,11964300
2021-12-10,83.52983856201172,83.66654801128635,82.1529695298948,82.35803370380677,11955900
2021-12-13,82.36780548095703,85.32660043739361,82.22132893408155,84.57469842358928,13054400
2021-12-14,81.33270263671875,82.77791876216494,80.96163524237019,81.26434792065177,12082500
2021-12-15,83.64701843261719,83.77396078830205,80.13161142789502,81.51824750202698,13971500
2021-12-16,80.74681854248047,84.29151222826358,80.19997326539416,83.86184967843292,16503200
2021-12-17,81.04952239990234,81.33270837217977,79.03793422798682,79.70195470950833,23165900
2021-12-20,80.10232543945312,81.29365710191264,79.00864977563982,80.2097410778786,22346800
2021-12-21,88.54904174804688,88.99823096284562,85.29729417232147,86.8987539642494,58363600
2021-12-22,88.21702575683594,88.35374264089309,86.83039724097924,87.88501926012604,18593900
2021-12-23,92.2011489868164,92.76752090245671,88.22679338931538,88.56856697630334,36400100
2021-12-27,92.2109375,92.6991877234565,90.55088972029074,91.51762307670462,17110100
2021-12-28,90.75592803955078,91.68360021953396,89.89660312324969,91.5468907919597,13683800
2021-12-29,93.91001892089844,94.47639080366395,91.70313391581352,91.7910153544642,32234600
2021-12-30,91.6836166381836,93.26554987639817,91.23442737426976,92.18163389930591,19327800
2021-12-31,91.0579605102539,92.29943450143111,90.94065288620247,91.88886900432185,13660600
2022-01-03,93.5995864868164,93.68756163054371,91.38057085112474,91.80091393993578,18705500
2022-01-04,94.17634582519531,94.42073120355596,91.43923406238598,93.45296719350175,19725000
2022-01-05,92.27989959716797,96.23893736097794,92.23101954927414,93.23788588828224,28613100
2022-01-06,93.50184631347656,94.53803792074463,92.00620900621612,92.96419550326212,22320300
2022-01-07,92.32877349853516,95.00724205054283,91.83023280156769,93.93194064598951,14857900
2022-01-10,91.78136444091797,93.52138699634519,88.99537285171995,92.14305745560479,20290000
2022-01-11,92.08440399169922,92.15283159664946,89.59167770446906,90.38348391290046,14924900
2022-01-12,92.97396850585938,94.06881762181933,91.67383657904121,93.02284856189443,13339200
2022-01-13,93.47251892089844,95.90659511571964,93.15970594589349,94.3327527376496,23679800
2022-01-14,95.17341613769531,95.24184372647153,92.27989494965456,92.31899749439066,18385000
2022-01-18,90.78429412841797,93.79511668950192,90.46170359964265,93.38455099363377,19900500
2022-01-19,87.97871398925781,92.65136005006627,87.75387621641082,91.61516869410148,19043800
2022-01-20,83.15943908691406,88.30130847464262,83.02258389992171,88.25242842583893,24701300
2022-01-21,80.08995819091797,83.22786483696565,79.68916268214035,82.32852864006469,29716300
2022-01-24,81.0870590209961,81.17504162830022,75.89631638958048,78.46724767781218,29757100
2022-01-25,78.90715026855469,80.56896781838675,77.86118117254398,79.10265558334092,22128400
2022-01-26,80.12905883789062,82.88572491211696,78.79960211831572,81.38031046618514,21018700
2022-01-27,76.95207977294922,81.82023300658695,76.62948923897116,81.63450516482305,22694000
2022-01-28,77.48970031738281,77.49947781923541,73.82392021777432,75.63237770002014,24434600
2022-01-31,80.4223403930664,80.46144295020557,76.26778878717013,77.18668023481501,21898200
2022-02-01,79.62073516845703,80.53962636856929,78.6138688320182,80.3538911367045,15237400
2022-02-02,82.61202239990234,82.79775018677988,80.68626472792626,81.05772775973001,19862800
2022-02-03,80.12905883789062,83.26696540954894,79.8748960202533,80.81333474147418,19598200
2022-02-04,79.3470230102539,80.34411928108369,78.04689133262686,79.39590305692032,15657500
2022-02-07,79.05378723144531,80.19750904630443,78.67254662649226,79.53278049904398,11799800
2022-02-08,82.23078918457031,82.5044995963693,79.18085718584732,79.32748989446802,18315700
2022-02-09,86.14095306396484,86.78612652633967,81.68335909407392,82.70000307113504,22386900
2022-02-10,88.9758071899414,92.51450943435064,86.49285881347699,87.18691225200659,33820700
2022-02-11,87.74410247802734,92.45585088601905,86.95228901400014,89.22996185905829,31000000
2022-02-14,87.84188079833984,91.07754081402977,86.7177065687825,89.92404153242266,23499100
2022-02-15,93.84397888183594,94.33274960517883,88.96604915112766,88.96604915112766,27069700
2022-02-16,93.90261840820312,94.32296148126747,91.46854256829724,92.31900621604561,15573600
2022-02-17,91.62496185302734,93.84397762576148,91.39034653916747,92.90553874446978,17943300
2022-02-18,88.76075744628906,92.55361519439498,86.90342739212612,92.40698250047842,19530500
2022-02-22,88.5359115600586,91.85955333342255,86.67858167570391,87.82230315919965,24825700
2022-02-23,85.34913635253906,89.80673016127454,85.11452850725264,89.41571211376456,19135400
2022-02-24,86.83499145507812,86.94252158975152,81.90818263584873,82.24054308262258,24472300
2022-02-25,88.07646942138672,88.44793988762235,85.31980326050055,85.98453164118472,15008700
2022-02-28,86.86432647705078,87.73433769712489,85.20250913620218,86.46353093667683,17269800
2022-03-01,84.32274627685547,87.82233977631368,82.75868110139216,86.57108763594303,20794800
2022-03-02,91.20460510253906,91.95730861233632,85.07541705370483,85.21227223730432,28398700
2022-03-03,87.17713165283203,90.11953299402423,86.40487314662985,89.56233476271987,22099800
2022-03-04,80.07040405273438,85.45665074746854,78.71161491007936,85.45665074746854,28211500
2022-03-07,73.99988555908203,81.10661615173946,73.93145795518524,79.9237918797809,26715500
2022-03-08,75.42711639404297,78.44771647664373,72.26965362066808,74.53754992329077,28343200
2022-03-09,77.65587615966797,78.68228995600947,75.79854636784601,78.17397180801856,19647900
2022-03-10,74.01943969726562,75.99407014232236,72.1523319501727,75.99407014232236,21692000
2022-03-11,71.1845703125,74.9774285719854,71.008612547686,74.93833347584862,22786500
2022-03-14,67.84135437011719,70.85218277194761,67.41123389612805,70.13857448174261,24893400
2022-03-15,71.46804809570312,71.87861366932782,66.80517171880594,68.47677397636811,22851000
2022-03-16,77.88072204589844,77.91982459711427,74.43977957744477,74.75259252912237,35742800
2022-03-17,78.71162414550781,78.77028169643458,75.46618724738411,76.44372857161473,21612200
2022-03-18,77.6265640258789,79.37635652082855,76.3068772056164,77.32352112871293,28601200
2022-03-21,76.59037017822266,78.09578488775834,73.83370362129348,77.2159961019194,30878200
2022-03-22,77.34308624267578,77.93938715491942,75.76924382944911,75.95497164316203,16768000
2022-03-23,73.95098876953125,76.46326920226369,73.39379061777494,76.11135379504422,28059800
2022-03-24,76.45350646972656,76.7760968983278,73.6284126246883,74.19538838561496,23348000
2022-03-25,76.34599304199219,76.54150582548704,73.44269346503198,76.51217331442524,22491000
2022-03-28,78.06645202636719,78.37926495691465,75.5346160770201,76.8249703477845,26605300
2022-03-29,80.20729064941406,80.69606144567362,77.47994871131965,80.25616325420972,41290700
2022-03-30,77.38218688964844,84.3031748778379,76.83475859112217,82.40674948416532,70087000
2022-03-31,76.14070892333984,78.16421958542826,75.10451729154143,75.92564859416282,34588600
2022-04-01,74.46910095214844,77.13779214107954,72.39671058825232,76.66856900768938,33536100
2022-04-04,75.92562866210938,76.42417679813597,74.79168466692796,75.17292516564005,24305700
2022-04-05,72.93436431884766,76.26777660863851,72.63132887197094,74.98719976352827,21171400
2022-04-06,72.12300872802734,73.20808036035388,69.86489031061517,71.53648533548453,28080100
2022-04-07,71.63421630859375,73.0027754489837,70.51004246262889,72.0154567712531,22658600
2022-04-08,70.61620330810547,71.31120525046595,69.33387651695703,70.96859971102637,20562600
2022-04-11,70.5085220336914,71.36993873119349,68.60949791591476,69.05978799046731,21127900
2022-04-12,70.44001007080078,72.03557739163075,70.0582485187725,71.25248002747273,18658500
2022-04-13,70.85111999511719,72.1921842763422,70.34210720217713,70.83154573964386,18892000
2022-04-14,68.6486587524414,71.27205007729255,68.6095027663104,71.02733076515435,18543500
2022-04-18,69.64710998535156,70.57704028079796,68.57034662529787,68.76611906594766,17476700
2022-04-19,71.19373321533203,71.85936992753511,69.27512756915179,69.46111660392954,15139000
2022-04-20,71.65380859375,74.61981280546772,71.35035904929562,72.25092428771795,19042600
2022-04-21,69.42196655273438,72.91655772315382,69.15767300495882,72.4075448848216,17645300
2022-04-22,67.94387817382812,69.4807152631527,67.84598446751193,69.14789309180837,18682400
2022-04-25,68.63885498046875,68.68779434742346,66.49511205270791,66.97475967099976,20072100
2022-04-26,65.66307830810547,67.69914448856757,65.62392232753047,67.23907105211089,18628700
2022-04-27,65.06597137451172,67.0335167191317,64.46885566031482,64.73314922923836,17123600
2022-04-28,68.6976089477539,69.31429895580845,65.64350909496717,66.2210505832249,21058400
2022-04-29,66.74964904785156,69.82332333682962,66.58323422208535,67.6404235550214,16843500
2022-05-02,69.10872650146484,69.24576870739537,66.15252074294034,66.72027129221831,15342800
2022-05-03,69.75479125976562,70.44000231145435,68.71717635089941,68.98147737672245,13539100
2022-05-04,72.06493377685547,72.33901816608169,68.67801995468669,70.25400519273745,17201900
2022-05-05,69.78417205810547,71.02734309352145,68.87381576020925,70.78262373890679,16603600
2022-05-06,68.86399841308594,70.39105167705365,67.43483882791243,69.0597783024352,15159800
2022-05-09,66.49512481689453,69.89182970794177,66.05463308855421,67.7382955061092,21770900
2022-05-10,67.45443725585938,69.09894392421559,66.1818937987845,68.10049238010774,17662700
2022-05-11,65.54560852050781,69.38280488992022,65.40856632647447,67.20970404100322,17237300
2022-05-12,66.27978515625,67.4446516046075,64.4786543984201,64.60590576666627,27022900
2022-05-13,70.40084075927734,71.09584261909073,66.58321849322319,67.64040757642091,22872000
2022-05-16,68.98149108886719,70.51832829735334,68.83465798624916,69.99952447391254,13394700
2022-05-17,72.90678405761719,73.1515033808301,70.62599817289498,70.72388440853193,17671500
2022-05-18,69.54922485351562,72.65226364264282,68.60949621261754,71.63423050520323,20635100
2022-05-19,67.93406677246094,70.1854794405272,67.59146130865075,69.26534011889969,17558000
2022-05-20,67.44464111328125,69.19683221148959,64.71357280724078,69.10872937929969,20313300
2022-05-23,68.12005615234375,68.71717180138549,67.07265791796951,67.31737720140498,12356200
2022-05-24,65.2127914428711,66.96498225005057,64.61567584781174,66.9160354104926,18764500
2022-05-25,66.43641662597656,67.39571236506124,64.50802681374974,64.5373919429524,16241200
2022-05-26,69.10872650146484,69.53943484481229,64.9484985414191,64.98765452429069,14902500
2022-05-27,71.77127838134766,71.88874633780311,70.12676433217436,70.24423228862982,13078700
2022-05-31,72.28028106689453,72.90676927810092,70.41062970004526,71.91810132163407,15453000
2022-06-01,71.99642181396484,73.79755229638918,71.01754460354107,72.92635217657126,13595400
2022-06-02,73.7779769897461,73.81713297379545,71.58528669242409,71.58528669242409,11373200
2022-06-03,68.46268463134766,70.17572000341862,67.65021463393032,70.17572000341862,30306600
2022-06-06,68.9618911743164,70.61619592232385,68.53119031331413,69.24576643965874,13198700
2022-06-07,69.26535034179688,69.37302742749203,66.68111522159327,67.19991892453898,14328000
2022-06-08,67.1509780883789,68.91296013176338,66.32872478029333,68.36478379146557,16363000
2022-06-09,64.62545776367188,67.23906509058912,64.60588350923969,66.50490732343867,15073700
2022-06-10,61.29729461669922,64.17519249386304,60.96447619002418,63.47039965287577,26626900
2022-06-13,57.597137451171875,59.67235617244059,57.34263100957454,58.75221290313284,24278600
2022-06-14,57.46009826660156,58.60538291541858,56.5007989605328,58.10615713534668,17036000
2022-06-15,57.87123107910156,58.81095622487634,56.33439385354659,58.07679817187412,19726200
2022-06-16,53.84803771972656,55.796005156810686,53.10409262731544,55.796005156810686,22706200
2022-06-17,54.572410583496094,55.13037035709995,52.467822852098664,54.71924367512685,24139800
2022-06-21,55.6002311706543,56.696572726290235,55.14994849849748,55.61980916519859,15502800
2022-06-22,55.14994430541992,55.93304535704888,54.425573498837906,54.777969905601026,13513800
2022-06-23,55.03247833251953,55.629594032325556,53.79909094804013,55.414239849675454,13366600
2022-06-24,57.20558166503906,57.7537542359688,55.923254935399356,55.942832927302575,15647600
2022-06-27,57.53841018676758,58.78158488553818,57.1370706174102,58.321515064253894,16159900
2022-06-28,56.637840270996094,59.310174809226474,56.588897153601785,57.734181783934595,19393600
2022-06-29,54.83671188354492,56.30502796982081,54.151496963125325,56.02115263028512,17351400
2022-06-30,54.112327575683594,55.2184597990733,53.0747201880812,53.828456040541795,29572400
2022-07-01,52.516761779785156,52.820211313316484,50.31428814243551,52.16436540035,43681700
2022-07-05,55.531700134277344,55.68832032852579,50.989710766952385,51.07780985959964,33745900
2022-07-06,56.15818405151367,56.892341953253265,55.267405946767774,55.64916745821313,23565000
2022-07-07,57.60691833496094,58.05720465838336,56.61825406417771,57.85163762055401,22945500
2022-07-08,58.004154205322266,59.269379311874296,56.984127588810615,57.10182555786106,19283000
2022-07-11,56.6996955871582,57.48432994339001,56.601613954234395,56.99393300306616,13941800
2022-07-12,58.04338073730469,58.926096704884294,56.98412157620916,57.297975311030434,21523100
2022-07-13,57.729522705078125,58.27876482941376,56.258332029582476,56.27794835422752,13987600
2022-07-14,58.210113525390625,58.51416096593379,56.219103206312006,56.82719434596671,14803800
2022-07-15,60.34825134277344,60.514988262018825,58.259162895530764,60.29921239291257,20317800
2022-07-18,59.28899002075195,61.13288353869584,58.98494257500339,60.89749136433701,13233000
2022-07-19,61.201534271240234,61.55461689444555,60.20112415191332,60.2893957430725,19103700
2022-07-20,62.0842399597168,62.30001576923003,60.66208835792974,61.0249847178258,15176200
2022-07-21,62.4177131652832,62.45694581292117,60.74055676378782,61.397686775283326,12924700
2022-07-22,60.112850189208984,61.71154131728682,59.83822539341957,60.112850189208984,22201700
2022-07-25,58.9947624206543,60.64249669091579,58.55340435872134,60.1717122638991,14479400
2022-07-26,58.514163970947266,59.52438049149369,58.406276043232246,59.151681503027746,11044800
2022-07-27,60.701332092285156,61.19172902790411,58.465123263120866,59.328222917411104,14589800
2022-07-28,60.877872467041016,61.10345459799934,59.033979026968005,61.05441565499649,10120300
2022-07-29,60.671913146972656,60.897495302044135,59.60284761293622,60.17170614715301,14199700
2022-08-01,61.33884048461914,62.76099213473907,60.80921097495829,61.299607837659565,13347200
2022-08-02,61.27019500732422,62.08425198385999,59.71073258524811,60.56402221500848,11535800
2022-08-03,63.01600646972656,63.29062755747267,61.24076820903364,61.299617188449965,12290100
2022-08-04,63.60447311401367,63.74178364021863,62.427523608581886,62.88849786778245,11338400
2022-08-05,61.2603759765625,62.00578131263212,60.613052259150045,61.65269496832874,15047100
2022-08-08,60.269779205322266,61.41730614490683,59.80880492629356,60.799408750406556,11454300
2022-08-09,58.01395797729492,59.37726083611648,56.63103879241595,57.86683740258012,33107200
2022-08-10,60.22074508666992,60.37767195613994,58.249347313681604,58.84763217273346,17418400
2022-08-11,61.123069763183594,62.86888154267852,60.80921604420544,60.80921604420544,18298500
2022-08-12,63.79083251953125,64.16353148646623,61.034800470637684,61.45654212292396,16194000
2022-08-15,63.457359313964844,63.869298419317836,62.662918687325615,63.457359313964844,9689100
2022-08-16,62.63349914550781,63.32005188338045,62.00579164720608,62.88850765508778,9275400
2022-08-17,60.4365119934082,61.603658992254054,59.59302873954926,61.603658992254054,14728400
2022-08-18,61.77040100097656,62.201948981434484,60.07362795823021,60.56402492115454,11303900
2022-08-19,59.34783172607422,61.054414599668284,59.12224959901509,60.65228928770524,14050300
2022-08-22,57.19009780883789,58.46512922313935,56.85662770896531,58.41609027286469,13096800
2022-08-23,56.74872970581055,58.15126513515046,56.65064808122964,57.229316571247026,12769100
2022-08-24,57.19009780883789,57.44510259512535,56.2583427878911,56.7683561018981,9961300
2022-08-25,60.02458953857422,60.09324481467339,57.454910477832776,57.4745230640623,12171600
2022-08-26,56.52315139770508,60.044201517115496,56.50353507146446,59.89708094102668,15754000
2022-08-29,55.9150505065918,56.88603797340204,55.43446366029388,56.20929162718544,11607600
2022-08-30,55.21868896484375,56.68987963215627,54.512519988707055,56.37602592244411,12743700
2022-08-31,55.44426727294922,56.06216835833925,54.738098345363134,54.91464151261743,14172200
2022-09-01,56.20929718017578,56.29756877678809,53.73769621646282,54.19866678416564,17594500
2022-09-02,55.24811553955078,57.670673637075474,54.92445179558261,57.18027674604349,12809700
2022-09-06,54.16925048828125,55.60120878585429,54.071172587900875,55.24812609962571,12133300
2022-09-07,53.943668365478516,54.64984122133941,52.97268068866979,54.247715843181304,17030600
2022-09-08,54.326168060302734,54.8459875777808,52.707860532869894,53.443455883911575,18415300
2022-09-09,56.3367919921875,56.57218413983412,55.09118347321818,55.09118347321818,13925600
2022-09-12,56.82719802856445,57.02335755964502,55.93467571650811,56.356417398830196,10711500
2022-09-13,52.59016418457031,55.15984671630271,52.11938359453721,54.63021714947864,22361800
2022-09-14,52.089962005615234,53.18845007072055,51.45244450613276,52.85498001184891,19984900
2022-09-15,51.67802429199219,52.42342967976487,50.98166158766539,51.687834325253945,15620800
2022-09-16,51.83494567871094,51.991872521448116,50.50106938616041,50.89338462228784,24901700
2022-09-19,51.09934997558594,51.75648369629986,50.883577907016715,50.971849489159446,19251400
2022-09-20,49.82432556152344,50.59915358121405,49.61835975621779,50.54030460479892,19373800
2022-09-21,49.13777160644531,51.50148469387933,48.765072628037686,48.78468895449573,31117300
2022-09-22,48.70622253417969,49.40258527106341,48.40217509318477,48.84353307481235,21317000
2022-09-23,49.13777160644531,49.18681429330627,47.519463958689975,48.33352092882423,24591700
2022-09-26,47.941200256347656,49.49085245871296,47.872544992147176,48.97103296078612,19266800
2022-09-27,49.60854721069336,49.6772024704741,48.45121034377366,48.8631419024581,17297500
2022-09-28,50.02048110961914,50.206830574680914,49.13776524052396,49.14757527319792,17784300
2022-09-29,49.04949188232422,49.333922956698004,48.274667693467165,49.07891823785222,25582100
2022-09-30,49.13777160644531,51.06013044358442,48.85334422638301,49.56932330565877,38917700
2022-10-03,50.726654052734375,52.07034044542757,49.66739500464486,50.03028764529868,24632400
2022-10-04,52.92363739013672,53.757314441238705,51.64860608181625,52.531322079116755,24275500
2022-10-05,53.67884826660156,54.13982258456717,51.168014602641236,51.86438109655976,20418300
2022-10-06,53.570953369140625,54.05154395100206,52.2763059234881,53.35518128915269,17149400
2022-10-07,52.0032958984375,53.71347965217101,51.61014908743586,52.6421585289837,21977700
2022-10-10,50.499515533447266,52.219526244742774,49.8999683427607,52.16055309916963,17227400
2022-10-11,52.78958511352539,53.841248508129674,49.46750997418001,49.77219518705131,32813700
2022-10-12,51.846038818359375,52.84855982931596,51.492207432218706,52.681471119493565,18131900
2022-10-13,53.91987609863281,54.96170869776413,49.870480738403664,50.47002414482565,27605000
2022-10-14,51.81654739379883,54.4899326600337,51.69860111417674,54.2933630259811,20403000
2022-10-17,52.58318328857422,54.0476511644453,51.94432068346874,53.664331351786586,18261700
2022-10-18,51.64946365356445,54.19507965139444,50.77471595052504,54.067306377559504,19774800
2022-10-19,52.12123489379883,52.514381678036585,51.16786012840953,51.1973448249634,14786100
2022-10-20,52.77975845336914,54.15576478449814,52.25883836969616,52.58318504911476,15711800
2022-10-21,55.0894889831543,55.3155470994902,52.42593025450936,52.57336125397133,20199200
2022-10-24,55.2762336730957,55.83646545446779,54.126281661793136,55.26640294046759,15293600
2022-10-25,54.91256332397461,56.05268443180706,54.39164705252003,55.70868382788901,17313000
2022-10-26,54.4997673034668,56.45566304769773,54.01816266708603,55.11897219329187,23511300
2022-10-27,51.315284729003906,55.26639508560645,51.22682689455291,54.42113216736916,27335800
2022-10-28,53.113929748535156,53.50707279019584,50.57814082025709,50.94180291418345,19171100
2022-10-31,53.172889709472656,53.98866784378153,52.25882676951633,52.9861470790125,15932500
2022-11-01,53.91987609863281,54.48993480864938,53.182728693892464,54.14593418616745,11729700
2022-11-02,52.53404235839844,55.30571647072672,52.504553910853964,53.801936872362134,17302700
2022-11-03,52.563533782958984,53.438281602424695,51.02043855662202,51.80672852078635,12769200
2022-11-04,55.19759750366211,55.934744908224545,53.880560657537536,54.31301911845695,18882700
2022-11-07,55.59074401855469,55.84628680120447,54.50959224746576,55.46297075256702,11411300
2022-11-08,56.50481033325195,56.87829567165265,55.51211634338105,56.39669477501593,14190100
2022-11-09,55.0108528137207,55.67920006913354,54.55873290612347,55.25656860617173,19952500
2022-11-10,59.23716735839844,59.345282913656945,57.06504051860263,57.59578381364106,24982500
2022-11-11,61.448604583740234,62.097294112723105,58.853846467808744,59.610651543176324,17579400
2022-11-14,60.721282958984375,61.674661394670146,59.94482393593312,60.87854090977865,13988200
2022-11-15,62.0186653137207,63.33570587752039,61.35031804969944,62.41181208643633,16325000
2022-11-16,57.86115264892578,60.328141257531,57.12400528568385,59.49270532959492,25901900
2022-11-17,57.733394622802734,57.979110459426416,55.541606060712546,56.31806900428164,14212300
2022-11-18,57.57612991333008,58.637620253929036,57.10435226270201,58.53933543048817,9703700
2022-11-21,56.18046569824219,57.02572873042029,55.8462920285282,57.02572873042029,9968400
2022-11-22,57.61543655395508,57.67440969245711,56.0035415948199,56.56377328795041,8955700
2022-11-23,57.920135498046875,58.047908778907754,56.76035648549671,57.24196115992557,8996800
2022-11-25,57.40904235839844,58.11670509911792,57.38938464345337,57.664585154032835,4360500
2022-11-28,54.794620513916016,56.77017379215853,54.519420032195264,56.33771535669372,15512600
2022-11-29,54.17542266845703,55.551432753194184,53.831422021935666,54.75531215068294,12874200
2022-11-30,56.66205978393555,56.69154447744768,51.708428810335214,52.661807226696546,31461400
2022-12-01,54.53907775878906,56.92743176021309,54.15575798144904,56.838977676202354,21764200
2022-12-02,53.74296569824219,54.470282442707784,52.465244154439034,53.40879202530974,15946500
2022-12-05,53.113929748535156,54.322851069228534,52.779756100994454,53.438272664172075,13806900
2022-12-06,52.76009750366211,53.69381830463622,52.327639040274114,52.93701318171302,17988000
2022-12-07,52.89769744873047,53.31050194491348,51.54134517459427,52.20969245464251,11367300
2022-12-08,54.25404739379883,54.74547897571852,53.12375325565338,53.625015568833696,13609100
2022-12-09,53.92970657348633,54.902742860460776,53.58570592872688,53.742963901949174,9932200
2022-12-12,54.40148162841797,54.43097007667403,52.425928064253654,52.602843756486386,13250600
2022-12-13,54.293365478515625,56.89795074062107,53.71347603348469,56.20994574238215,14210500
2022-12-14,53.654502868652344,55.13862466839414,53.13358656631344,54.29336545589205,11235300
2022-12-15,51.1482048034668,52.79941537547466,50.96145838503416,52.64215740429895,17785000
2022-12-16,51.17768096923828,51.63962782288284,50.735391827379146,50.85333809809168,22951400
2022-12-19,50.833683013916016,51.393914706121095,50.22430516504443,51.275968429311874,16470000
2022-12-20,49.81150817871094,51.07940262952791,49.585450088533015,50.46019775249452,16942000
2022-12-21,50.312767028808594,50.86317178337139,49.88030856050431,50.05722424056644,20400800
2022-12-22,48.582923889160156,49.113670869074596,47.60006077790759,48.65172400700182,40959600
2022-12-23,49.33972930908203,49.68372990090025,48.150465835281594,48.160292816765576,17425700
2022-12-27,49.16282272338867,49.4478539802702,47.68852777316467,48.759848920300485,15159100
2022-12-28,48.27824783325195,50.214489877898615,47.993220304562186,48.98591066161545,12518700
2022-12-29,49.78202819824219,50.05722872551776,48.494475911168934,48.55344905958198,13204300
2022-12-30,49.235286712646484,49.27469160585968,48.397953400082166,48.713185030072786,11989800
2023-01-03,49.61948013305664,50.200689215260994,48.81169852834656,49.80665151615194,12422800
2023-01-04,53.39241409301758,53.707645753076456,51.94431607109486,52.25954773115374,25077300
2023-01-05,53.89480972290039,54.564677894573684,53.087028179033936,53.087028179033936,18030900
2023-01-06,55.92412185668945,56.436374256390344,53.22494647323823,54.60408783842199,21069800
2023-01-09,55.52022933959961,56.662945039826056,54.82080933296484,55.97337437844542,15715900
2023-01-10,56.35755920410156,56.426515890143456,55.02767596431357,55.32320515561562,10571300
2023-01-11,57.19489288330078,57.598783630807596,56.071876010807784,56.49546920427314,12143000
2023-01-12,56.41667175292969,57.372219858935175,55.589187686190215,57.24415581966917,14888100
2023-01-13,56.08173751831055,56.12114241613369,55.283805247752525,55.88471678705275,12520600
2023-01-17,56.00292205810547,57.726846705989104,55.707392870039776,56.308304348559275,10962700
2023-01-18,55.66799545288086,57.18505024865744,55.520232717930995,56.65309538397869,10035300
2023-01-19,55.52022933959961,56.23935179460043,54.45631967497958,54.87991292020521,12034200
2023-01-20,57.58893966674805,57.6973012577855,55.91426907311902,56.6136928631268,13826400
2023-01-23,60.898868560791016,60.98752769197765,57.98297409176445,58.04207767398389,20175400
2023-01-24,60.34721755981445,60.80036636482503,59.96302920427811,60.28811397149062,10183200
2023-01-25,60.623046875,60.75110715238603,59.51973231542807,59.766007282819665,10787200
2023-01-26,61.8642692565918,62.11054421681538,60.376770150298746,61.64754984693826,12219500
2023-01-27,62.91832733154297,63.38132171279526,61.03678673952208,61.21410501586815,15895800
2023-01-30,60.790504455566406,62.337110756966666,60.77080200969323,61.824858437835886,16169000
2023-01-31,59.40151596069336,59.44092085376472,57.77610357900256,58.21939547355441,23856300
2023-02-01,61.6672477722168,62.28786171648525,59.49017805272012,59.71675056237357,20902200
2023-02-02,62.228755950927734,62.96758084116083,60.93827754768287,62.612948050449425,15877600
2023-02-03,61.48008346557617,62.839522354500104,60.97768417937484,61.0761926644001,12187100
2023-02-06,59.0862922668457,60.26841291273784,58.849870392382044,60.03198728041624,11484300
2023-02-07,61.204254150390625,61.46037845549642,58.81046123703703,59.19464957362456,12713100
2023-02-08,59.352264404296875,61.40127384227496,59.33256195687121,60.53438494483365,9510500
2023-02-09,59.28330993652344,60.89887310733113,58.800609351168575,60.28811224570187,10094700
2023-02-10,58.928672790527344,59.8546652977067,58.36716617604464,59.59854098988525,11429700
2023-02-13,59.224205017089844,59.381820850991865,57.96327834587365,58.92867579825578,11466200
2023-02-14,61.1451416015625,61.38156719664251,58.15043743912154,58.633137973391946,12496200
2023-02-15,60.9185791015625,61.0170875902551,59.55914016202847,60.41617979665752,10457400
2023-02-16,59.155242919921875,60.43587192310376,58.95822220608061,59.87436533126357,12683400
2023-02-17,58.13074493408203,59.28331380068168,57.638194971469424,58.94837967579079,10874900
2023-02-21,56.741756439208984,58.820317965090645,56.63339859973936,57.470732066231506,12667500
2023-02-22,56.130985260009766,57.697294067404,55.98322254707519,56.869810098255016,12260300
2023-02-23,57.87461853027344,58.859718420150436,56.58413632170575,58.25880688606821,16094600
2023-02-24,57.3131103515625,57.50027797277423,56.49547566119272,56.84026286808727,9867400
2023-02-27,57.03728103637695,58.6725465859792,56.96832434965968,58.28835449988036,8514000
2023-02-28,56.95846939086914,57.86476314910891,56.54472928404873,56.78115112855826,10493300
2023-03-01,56.485626220703125,57.67759615148504,56.367415289498226,56.99787859973468,9141400
2023-03-02,55.58919143676758,55.85516887879256,53.90467139513417,54.67304816685647,16625500
2023-03-03,55.9339714050293,56.022630546796215,54.613937381976186,55.61873973604867,13769200
2023-03-06,55.98323059082031,57.776112155270475,55.69755071043283,56.42652255117428,14472200
2023-03-07,54.732147216796875,55.884712199577486,54.48587226240537,55.658139692480205,13278300
2023-03-08,56.04233169555664,56.07188348950732,54.52527697512456,55.007977570846705,11515700
2023-03-09,54.77155685424805,56.70235565231534,54.71245326104987,55.796061725408954,10200000
2023-03-10,54.111534118652344,55.667989900457094,53.717492682372395,54.830656545684256,14180700
2023-03-13,53.096885681152344,53.737198356228085,51.97386864768846,53.165842372962686,17365200
2023-03-14,53.46137619018555,54.594238908754754,52.89986950405599,54.15094692549534,14657000
2023-03-15,53.323448181152344,53.46136153884686,52.09207354765539,52.53536916728572,14643600
2023-03-16,55.72710418701172,55.86501757953681,52.811209220355764,52.890015262716624,14791800
2023-03-17,55.815757751464844,56.85996495279144,55.382315167181325,55.95367113019788,26655200
2023-03-20,56.781150817871094,57.00772331672694,55.244397563395346,55.855158375870126,10610200
2023-03-21,57.75640106201172,58.633139263564225,56.741745734877675,57.51012611740226,14613700
2023-03-22,57.303260803222656,59.5098862875151,57.22445476335042,57.52983709276806,16949300
2023-03-23,60.426029205322266,60.85947181702231,58.24895928536978,58.298213529767374,23903100
2023-03-24,60.248714447021484,60.485140094974845,59.59854861247248,59.60839795878553,18735600
2023-03-27,58.89912796020508,60.50483820161294,58.288363274681714,60.27826566002518,15901000
2023-03-28,58.3967170715332,58.977926125047375,56.95847221295835,58.90896943716075,20496300
2023-03-29,62.59324645996094,63.46013163738654,59.96302786061112,60.00243275718259,51939800
2023-03-30,62.14995193481445,63.144901165844956,61.5490404033219,63.07594447447937,23038300
2023-03-31,59.44092559814453,60.74125711042834,59.00748301333584,59.4507749432698,35416500
2023-04-03,58.7218017578125,58.91882247635788,57.00772639168267,58.91882247635788,23610800
2023-04-04,56.41667175292969,59.20450251727596,56.101440085396355,58.790762362835174,21303200
2023-04-05,56.1703987121582,56.25905785657125,55.17544567398311,55.97337797370054,19456200
2023-04-06,57.80403137207031,58.38641502183012,56.06674967275707,56.21481478041462,21496500
2023-04-10,62.45322036743164,62.94676564888871,60.212524337762346,60.39020094032303,43280100
2023-04-11,62.74935531616211,63.46006182304997,62.22619845162087,62.81845136372596,23090200
2023-04-12,61.16013717651367,63.52915629716405,61.041687350116774,63.52915629716405,16694100
2023-04-13,62.18671417236328,62.551936677461654,60.005244626533354,60.71594737085287,23286500
2023-04-14,61.82148742675781,62.40387105110628,60.972588879525944,62.36438652206016,14953000
2023-04-17,61.732643127441406,61.959673499243415,61.17987107080288,61.41677445663413,11546800
2023-04-18,61.130523681640625,62.63090190740436,60.686332140221765,62.51245208484332,12175200
2023-04-19,59.86704635620117,60.419814681942874,59.60053144252494,60.192784295948705,11652600
2023-04-20,60.66659164428711,61.15026772914521,59.09711732915043,59.106990344498676,14382200
2023-04-21,60.34085464477539,60.65672336282506,59.94601686448723,60.36059691033501,9606200
2023-04-24,58.741764068603516,60.09408099656318,58.58382971214608,59.3241477140626,13402600
2023-04-25,57.38945388793945,58.57396350564109,57.28087330621106,58.36667535804268,15987300
2023-04-26,60.23227310180664,60.39020745830086,58.573960475891354,58.810863893358714,25385000
2023-04-27,61.10091018676758,61.16013321340239,59.35375935745554,59.96575448054362,13524600
2023-04-28,63.529151916503906,63.60812097229124,61.49574391540202,61.62406674833052,18094700
2023-05-01,61.545101165771484,63.272509821359556,61.505620401101595,63.06522168639748,12823400
2023-05-02,61.10091018676758,61.77213210194232,60.45929978491024,61.426648129614584,12237600
2023-05-03,60.123695373535156,61.377301034972,60.034857058458456,60.69620979635216,10818100
2023-05-04,59.728858947753906,60.17305053330263,59.12673676006824,59.76834348101431,13357900
2023-05-05,60.43955612182617,60.94297442928003,59.33401571996253,59.82756101290455,12312700
2023-05-08,60.084205627441406,60.55800867825267,59.5314372842209,60.459301121378125,11510400
2023-05-09,60.1434326171875,60.59749340501585,58.78124648825054,59.10698820481344,11895200
2023-05-10,59.215576171875,61.50562642698113,59.0181572673757,61.1206578687539,14548700
2023-05-11,60.81465148925781,61.012070359169414,59.29453108602578,59.807818641615235,15536600
2023-05-12,60.13356399536133,61.38716964369505,59.37350746542449,61.189754514878956,12131400
2023-05-15,63.805545806884766,64.03257999415479,61.00220791179615,61.4266572377233,22227200
2023-05-16,62.90728759765625,64.3780543445818,62.482838310678844,63.716705406774054,15259000
2023-05-17,64.08192443847656,64.4767622123462,62.621030699882226,63.74631722577507,15947700
2023-05-18,66.69770812988281,67.70453717679658,64.23985477022899,65.12823777097833,30688000
2023-05-19,67.28997802734375,67.50713920828458,65.57244214402883,66.69772505353569,16812100
2023-05-22,65.37500762939453,65.88829137972922,63.923983378334675,64.90120087216773,37491000
2023-05-23,65.15784454345703,66.68783026539333,64.86171438777765,64.99990645218732,15896200
2023-05-24,65.67113494873047,65.86855758287055,64.04243398886628,64.11153002808943,15806600
2023-05-25,68.71138763427734,68.97789882288565,66.63849856774186,68.84957973665273,29021500
2023-05-26,72.97562408447266,73.62710010478683,68.89894173912937,68.97790328065773,33410000
2023-05-30,70.76453399658203,73.80476759917947,70.65595341817809,73.42967584799587,24454700
2023-05-31,67.31958770751953,68.94828898918152,67.04320349601906,68.01055576717565,30403600
2023-06-01,68.19808959960938,68.88905757523835,67.22087196181151,68.05003202638548,18153000
2023-06-02,68.27704620361328,69.6392358760037,67.4084092985794,69.08646009016154,13468200
2023-06-05,66.89513397216797,68.6028042107235,66.6384958103215,68.6028042107235,12441100
2023-06-06,66.66810607910156,67.9513194570353,65.95739957764691,66.1646877187538,12476600
2023-06-07,66.19429016113281,67.78350655602,66.07584411439551,67.52686843415367,14610800
2023-06-08,64.47676849365234,65.66127439975129,63.18368200088876,65.64153589804177,25856800
2023-06-09,64.5853500366211,65.54282929816567,63.637743791529914,65.07889542662097,14649300
2023-06-12,66.57925415039062,66.66809621538019,64.94068776415979,64.9900377727956,14731100
2023-06-13,66.99385070800781,67.99080692531521,66.7273319929974,67.67493819223576,11911900
2023-06-14,68.22771453857422,68.31654909018197,66.64836333265954,66.66810936473105,11085800
2023-06-15,67.93157958984375,68.62254004629574,67.4775187854747,67.70454542220715,11842600
2023-06-16,66.78656768798828,69.58990196803637,65.2072163703725,69.24442169139738,32259700
2023-06-20,66.03636169433594,66.74706812103643,64.92094451263519,66.45093793294339,13261600
2023-06-21,64.95055389404297,66.33247448382492,64.49648566494044,65.88828679866678,10427200
2023-06-22,65.39476776123047,65.7994786180591,64.66432265262647,64.68406115571072,8639500
2023-06-23,64.43729400634766,65.10851613270154,64.00297159196984,64.60509765520962,12663600
2023-06-26,64.6050796508789,65.8389429561356,64.56560265230618,64.78275626807202,13815900
2023-06-27,65.92778015136719,65.97713016138306,62.96650843789247,64.42739826590076,18305200
2023-06-28,66.20417022705078,66.85565367711166,64.54585761796429,64.80250329807045,27100100
2023-06-29,63.49954605102539,67.07280953781995,62.729612750427535,66.96422895918101,51141900
2023-06-30,62.29529571533203,64.25960413234175,62.088007568593724,63.66735120867452,31549600
2023-07-03,63.07508850097656,63.48966473014527,62.4433473774859,62.62102398011582,12921300
2023-07-05,61.25884246826172,62.927024185217014,61.21935794153513,62.680251541353414,16553000
2023-07-06,60.43955612182617,60.99232820548388,59.71898044598503,60.20265648986699,15607300
2023-07-07,59.979698181152344,60.81041465859292,59.95991876829218,60.751076420012424,15028100
2023-07-10,61.78947067260742,62.13560473660766,59.91047173353545,60.15770873387681,16953100
2023-07-11,62.89708709716797,62.96631315074917,61.62134712935934,61.90813916310849,13454500
2023-07-12,63.08499526977539,63.98493404694128,62.43228972573282,63.7574802269753,13953600
2023-07-13,63.81681442260742,63.93549090104687,62.84764581724243,63.470684125168965,11384700
2023-07-14,63.371795654296875,64.81565896567123,62.97621490780694,63.5893654421201,13860200
2023-07-17,64.43984985351562,64.94420785842064,62.639961174954436,63.09487631108433,11333600
2023-07-18,64.2222900390625,64.40030099335141,63.04543942209277,63.65858994132679,10393100
2023-07-19,64.24205780029297,65.03321917676719,64.08383005204256,64.90465111467255,9463900
2023-07-20,63.97505569458008,64.82555167337445,63.53991611145497,63.68825983707265,12745100
2023-07-21,64.9244384765625,65.42880407514605,63.62891145059593,64.5684165887476,24540200
2023-07-24,64.75631713867188,65.90349287359996,64.4991885508999,64.63764066468305,10272700
2023-07-25,64.95411682128906,65.27057993736416,64.36074942178274,64.67721253785784,8610900
2023-07-26,66.63532257080078,67.12979663793516,64.28162872746834,64.28162872746834,14920600
2023-07-27,70.28453826904297,71.54049898445659,69.18680531967028,69.70106253572186,25068300
2023-07-28,70.41310119628906,71.33282322448697,69.87907586579044,70.78890630043831,11932900
2023-07-31,70.60099029541016,70.97678778287637,70.0867407049262,70.33397768103985,11193800
2023-08-01,69.97797393798828,70.29443704749274,69.1175863222688,70.2153193838477,13141100
2023-08-02,67.41659545898438,69.07802869922467,66.59576666072397,68.97913539047572,14004400
2023-08-03,68.41542053222656,68.62309869950325,66.41774896241688,66.82321370469778,11075200
2023-08-04,69.13735961914062,70.14608327853044,68.36597382657828,68.73188730977807,11255500
2023-08-07,68.61321258544922,69.45382445901879,68.06929568822311,69.07801937340186,10537500
2023-08-08,66.90233612060547,68.00006904378078,66.2199595615844,67.94072703099108,14767800
2023-08-09,65.96283721923828,67.21880556893827,65.88372710313608,67.03090300991022,10043200
2023-08-10,64.71676635742188,66.71443820820086,64.21240071162646,66.31885745748045,12775300
2023-08-11,63.65858840942383,64.58819444160665,63.36190097772357,64.18272966636277,11823100
2023-08-14,67.5253677368164,67.72316186240829,63.49045811563482,63.65858500865653,21954000
2023-08-15,64.60797119140625,66.8825469425702,64.59807959931504,66.84298811927943,13808500
2023-08-16,63.510250091552734,64.50908981509232,63.38168200585355,64.28162842544602,9895400
2023-08-17,62.857540130615234,63.99482813752034,62.699308591718115,63.77725835683525,9933300
2023-08-18,62.887210845947266,63.15422728996587,61.0675461616461,61.621358464707384,9576500
2023-08-21,63.253116607666016,63.48057797984429,62.165275257638115,62.9762123598489,11311900
2023-08-22,62.70919418334961,64.36073934863627,62.59052147652948,63.58936109549944,8876000
2023-08-23,64.46952056884766,64.89476849768548,62.47184144451211,62.867422141466356,10747400
2023-08-24,62.986106872558594,65.50792392285891,62.6696437635622,65.40903061599923,12661600
2023-08-25,63.01577377319336,63.67836718552672,61.937820199553,62.758645156065796,9409000
2023-08-28,64.58819580078125,65.37935727191434,63.94538559369495,64.99366812963258,9904900
2023-08-29,65.94303894042969,66.2891691579226,64.15304585491427,64.18271308140326,9955000
2023-08-30,67.33747863769531,67.94073763722137,65.78483028114688,66.44743130272654,16892200
2023-08-31,69.16702270507812,69.76038997179096,67.21879401756044,67.21879401756044,18420900
2023-09-01,69.61205291748047,69.8395142897335,68.78134017375609,69.4340419659574,10772000
2023-09-05,69.51316833496094,70.37355596602264,68.76156560708208,69.13737074355942,11144300
2023-09-06,69.63184356689453,69.87908060689333,68.87034925845589,69.35493174423232,9192800
2023-09-07,69.09779357910156,69.51314989283526,68.3362994588493,68.68242972029404,12043200
2023-09-08,69.40438079833984,69.82962880053486,68.84068066008835,68.99890843912051,9805000
2023-09-11,69.25602722167969,70.0768558723659,68.54398345458199,70.04718863958257,9310400
2023-09-12,69.5329360961914,70.89768925592615,69.0186864217772,69.1868057821554,11062100
2023-09-13,70.06698608398438,71.06582598727532,69.58240352588507,70.26478027254916,14525500
2023-09-14,70.99658203125,71.43172159145152,70.49221640875051,70.8779055479928,11170300
2023-09-15,69.10768127441406,70.83834021808352,68.87033587476017,70.50210153066337,16416100
2023-09-18,69.7208251953125,70.26474954465286,69.13734957063241,69.86916888559382,12735700
2023-09-19,69.92851257324219,70.27464286620052,69.19669316169104,69.83951087437055,10399000
2023-09-20,68.9098892211914,71.51081945355836,68.88022199172721,70.16584972064179,15522100
2023-09-21,67.14957427978516,68.5242114692774,67.08034821790694,68.23741562861771,14978600
2023-09-22,68.11873626708984,68.97912375270526,67.04078655696293,67.83194043855137,15487200
2023-09-25,67.82205963134766,68.42531855035935,66.8627788078348,67.53526378910645,14900000
2023-09-26,67.18914031982422,68.28687337964155,66.84300242820156,67.21880755737457,12752500
2023-09-27,67.45613861083984,68.08906469379599,66.01227551252899,67.3671369171776,20852300
2023-09-28,64.47941589355469,66.34852727987035,63.1245617667455,65.2409101887651,46749800
2023-09-29,67.27812957763672,67.97039768765048,65.62658826908519,65.62658826908519,24315500
2023-10-02,67.20889282226562,68.51430364054113,66.3188382768339,67.48579700416148,14880500
2023-10-03,67.0803451538086,68.88023022550175,66.36830138125754,66.42763584727862,12481500
2023-10-04,67.35723876953125,67.74292782801187,66.378182509163,67.55502532180269,12912800
2023-10-05,68.286865234375,68.77144766173971,67.5847054857504,67.85172568200477,14045000
2023-10-06,69.30221557617188,69.66873945328689,67.36064495211835,68.06396842631676,15113400
2023-10-09,68.82674407958984,69.29231873510425,67.93520447538621,68.95551908332845,8588700
2023-10-10,68.42058563232422,69.45080818933788,68.24227773673222,68.83663486948522,9007600
2023-10-11,69.54988098144531,69.6093144398385,68.28191681797361,69.06449010335498,11165300
2023-10-12,69.09420776367188,70.05508899484431,68.64844170439068,69.72818985395133,11408700
2023-10-13,68.55926513671875,69.40127166068862,68.44039069330184,69.2130632390209,10287900
2023-10-16,68.4305191040039,69.37158428339433,67.49935446417403,68.36117753876107,11294100
2023-10-17,68.35124206542969,68.97531590266051,66.98421994487896,67.4299858918066,11843000
2023-10-18,68.48994445800781,68.89609326178774,67.34085471902173,67.37057144951042,11201000
2023-10-19,66.89507293701172,69.12391814401653,66.54836519412115,69.02485986857093,18111000
2023-10-20,66.58798217773438,67.87575472226686,66.50873254364161,66.92478178613699,11506100
2023-10-23,66.25118255615234,67.51915417304599,65.60729998939325,66.1917491026452,9762000
2023-10-24,67.43000793457031,67.70737417512127,66.49884336329504,66.65734267656029,8450700
2023-10-25,65.87476348876953,68.54937492314328,65.28040623198233,67.8460512875511,11924300
2023-10-26,63.92327117919922,66.80591424047819,63.2793849132188,65.82521703289159,16697900
2023-10-27,65.03274536132812,65.64691114417928,64.26998084321387,64.30960566108512,9980300
2023-10-30,65.44879150390625,66.91487946486346,64.55725203830126,65.73606575158236,10667700
2023-10-31,66.24127960205078,66.43939614495379,64.64641649139806,65.45870640955906,8268400
2023-11-01,68.74748992919922,69.00504747745676,66.37005365970725,66.37005365970725,16777500
2023-11-02,69.77770233154297,70.36215132948668,69.09418752041654,69.65882789031997,11926000
2023-11-03,71.89759826660156,72.50186359753289,70.48104295013896,70.62963414847101,14457900
2023-11-06,72.23439025878906,72.30373180295935,71.34285072112723,71.89759063215098,10073900
2023-11-07,72.11552429199219,72.44241582864666,71.03576873861351,71.79853329201765,8248400
2023-11-08,71.60041046142578,72.0957093800108,71.0456780910623,71.9372176560477,9917600
2023-11-09,72.87828826904297,75.38449978355649,72.80894671733296,72.85847963612396,22435900
2023-11-10,74.65145111083984,75.09721709955606,72.87828013483679,73.74010294503782,12306000
2023-11-13,74.07691192626953,74.49296124263793,72.6999814094819,73.45283795171693,9116000
2023-11-14,76.44442749023438,76.72179365440681,75.19627975145842,75.28542992237335,12972700
2023-11-15,76.41471099853516,76.7713267985996,75.5925130396276,76.7713267985996,9954000
2023-11-16,75.94914245605469,76.75153192888479,75.76093398614456,76.16707521268354,12989000
2023-11-17,76.83076477050781,77.20719678033292,75.75101677059429,75.87979176688826,9376900
2023-11-20,77.88081359863281,78.1680879112326,76.40481721068949,76.61284187340053,11424100
2023-11-21,75.98875427246094,77.19728476494633,75.59251365166324,77.11803512925455,12016700
2023-11-22,76.37509155273438,77.71239711820282,76.12744209403053,76.47414982468356,8579500
2023-11-24,76.14726257324219,76.28594567331697,75.65196362792878,75.9590465555712,4349600
2023-11-27,76.78125,77.55391519961678,75.93924324548587,76.14726791017789,11005600
2023-11-28,75.4043197631836,75.52318668199533,73.29434126232302,74.37409697339332,19225700
2023-11-29,75.96894073486328,78.2770276534122,75.6618503058106,76.72178955231837,14062900
2023-11-30,75.4043197631836,76.27604325100798,74.26513059270744,76.09773531512768,21701600
2023-12-01,75.21609497070312,75.82036026315647,74.38398884762728,75.29534461245545,14354700
2023-12-04,73.59151458740234,74.88919534194065,72.64054156602369,74.7108874280783,11659300
2023-12-05,72.99715423583984,73.27452041036851,72.35326415487748,72.7792215108069,8800500
2023-12-06,72.44242858886719,74.69109026779934,72.24431201310937,74.59203197992043,8883900
2023-12-07,72.95753479003906,73.51226717995063,72.30373656679018,73.32405116580406,10641300
2023-12-08,74.25521087646484,74.64154341746985,72.73959743749728,72.78913035102572,12007100
2023-12-11,77.0586166381836,77.77184838252353,76.2463266088326,76.46425937045456,18547600
2023-12-12,77.42512512207031,77.52418338727092,76.37508634949253,76.69207733273119,10262100
2023-12-13,79.03981018066406,79.51529295741429,77.29635569803418,77.56382137291084,11629900
2023-12-14,81.41722869873047,81.6252533121769,80.03039038476017,80.05019901370996,17342800
2023-12-15,80.64457702636719,82.20971593270899,80.347394639347,82.11065765625628,19547800
2023-12-18,80.79315948486328,81.09034186755281,80.05021108580141,80.82287621159985,12416600
2023-12-19,81.39743041992188,81.49648870178571,80.40683248595862,80.90213145294025,14316400
2023-12-20,77.95014953613281,80.85260162462312,77.890708524168,80.69410233626637,29085000
2023-12-21,84.6762924194336,85.21120851215044,82.32857321349883,84.20080221098917,53969700
2023-12-22,85.67681121826172,86.66740912940067,84.81499587247471,85.34001155615238,22531800
2023-12-26,86.24143981933594,87.04382915579585,85.61736594223267,85.88482401594514,11203900
2023-12-27,85.84520721435547,86.66739762766355,85.40934177284664,86.65749709138292,9186300
2023-12-28,85.19140625,85.93435456031978,85.03290698278782,85.93435456031978,9606200
2023-12-29,84.65081787109375,85.44436035453303,84.34332375345747,85.14678003129781,8549200
2024-01-02,81.67503356933594,83.4009870960014,81.08980193408959,83.32163134511957,13597100
2024-01-03,81.59569549560547,81.9230247649311,79.92926235952764,80.54425058560395,12915600
2024-01-04,82.04206848144531,83.57955437101579,81.94287755226269,82.79593316524229,19134200
2024-01-05,82.77608489990234,82.8554406650516,80.35579460510854,80.82200026563252,15483700
2024-01-08,84.26397705078125,84.81945987602154,83.15302653586629,83.21253957979879,16219800
2024-01-09,82.65705108642578,83.51010656251117,82.23052334838309,82.4586616921143,12138700
2024-01-10,81.7147216796875,82.3495526306939,81.00054253564171,82.29003959396888,10748600
2024-01-11,82.71656036376953,82.77607339546904,81.15923963612185,82.13132870464098,10579300
2024-01-12,81.72464752197266,82.37932123296525,81.05013865357829,82.08174089746275,10187500
2024-01-16,83.92671203613281,84.53178643865654,81.6651259397799,81.87342912573014,13713500
2024-01-17,82.6074447631836,83.29187487125773,81.96269253056978,83.01413731081632,10245400
2024-01-18,84.13502502441406,85.1269493975233,83.36132522423404,84.53179628721423,15077700
2024-01-19,86.80329895019531,87.081036547632,84.92856259971569,85.36500415235253,18156800
2024-01-22,88.51933288574219,89.22359831393001,87.2992700903544,87.55716499006303,14371200
2024-01-23,86.82315063476562,88.45982758012006,86.17839819353104,88.28128086666716,16850900
2024-01-24,87.36869812011719,87.85473893016731,85.91056812218463,87.69603497022085,19752800
2024-01-25,88.47965240478516,89.31287282616204,87.78530836012317,88.43006072604216,15892400
2024-01-26,87.33893585205078,87.78529875078958,85.59314700085282,86.5354720394266,14934500
2024-01-29,88.35070037841797,88.84666254683117,87.30917679763738,87.78530380913818,12108100
2024-01-30,85.46420288085938,88.07296111308614,85.06743164005914,87.36869575536215,12980400
2024-01-31,85.0575180053711,86.21806774672757,84.10527148160816,84.27389681473872,11396700
2024-02-01,84.91862487792969,85.49394268623128,83.93662211395316,85.37490906692666,10459000
2024-02-02,85.7816162109375,85.91056364465985,84.2540518911835,84.38299932490582,10450000
2024-02-05,86.27758026123047,86.51563997788658,84.91864122507883,86.03951297679241,8409300
2024-02-06,83.91680908203125,86.48589740785263,83.04391826832305,86.12880399138493,12990300
2024-02-07,84.4822006225586,84.59131291364835,81.8040077287508,83.46051968579327,16374800
2024-02-08,84.19453430175781,85.33524879340192,83.84736230024406,84.81945147226462,12524500
2024-02-09,84.8690414428711,84.92856204749333,83.28196406227953,84.37307928844986,12161500
2024-02-12,85.0079116821289,86.20814677582823,84.7004175628639,84.83928636303403,10366000
2024-02-13,80.87158966064453,82.87528105131204,80.11772504856691,81.80400095537786,21207900
2024-02-14,81.16917419433594,82.50827059976261,80.83191596838219,81.51634621533063,12870900
2024-02-15,80.97077178955078,82.04205176917817,80.8517457258908,81.57584617242655,11527600
2024-02-16,78.85798645019531,80.68312363612975,78.61000536072929,80.30619510454301,15553100
2024-02-20,80.0582046508789,80.11771768369934,78.51080525529649,78.68935192153918,12627200
2024-02-21,80.8319091796875,80.84183054167767,79.29443105361304,80.13756519601282,9913300
2024-02-22,85.21623229980469,85.61299602170347,83.20261932903215,84.31357742658429,17510900
2024-02-23,85.30548858642578,86.11886619814322,84.36316354194423,85.85104997077724,10232800
2024-02-26,88.73753356933594,91.60419375801014,88.18205846691014,88.95575809322627,28920100
2024-02-27,91.10824584960938,92.0009792371652,89.75922819014322,91.14792372992096,21422700
2024-02-28,88.98551940917969,90.05679936548391,88.57883442089337,89.729462561983,14190700
2024-02-29,89.87826538085938,90.096489947301,88.10271989764516,89.91794326273805,17027000
2024-03-01,94.38160705566406,95.28425431372581,91.17768795178819,91.17768795178819,23446200
2024-03-04,94.99659729003906,96.59359619344623,93.85589027427623,96.14723323665056,20913200
2024-03-05,93.70708465576172,94.59981799000631,92.52669238227269,93.48886011097066,12887500
2024-03-06,94.78827667236328,95.65125347390797,93.79635244576163,94.28240076559895,14232400
2024-03-07,98.18067169189453,98.88493704499601,96.68286386240108,98.13107244920181,24843300
2024-03-08,96.83164978027344,101.02748519654992,96.53406947271867,99.07339317746815,22379000
2024-03-11,93.74676513671875,95.68101444147143,92.77467601959842,95.12553927042075,15673300
2024-03-12,96.63327026367188,96.71262602950232,92.88379735768096,94.56015196388269,14993700
2024-03-13,93.39958190917969,94.57004514502823,92.34813716056922,94.55020999178534,16732600
2024-03-14,90.69164276123047,92.69532659936223,89.57077098078541,92.54654400250212,16718900
2024-03-15,92.49694061279297,93.93522781504808,91.27687039874661,91.73316223460783,29579500
2024-03-18,93.02265930175781,96.2960125068572,92.93338974762072,96.0381100708248,23140300
2024-03-19,93.24088287353516,93.39959439181257,90.26511001586914,91.83235220384086,21054700
2024-03-20,95.47271728515625,95.89924505210251,92.83419492037652,94.22289050353521,39807400
2024-03-21,108.96287536621094,112.58340032638668,107.9015167407351,112.45445290063438,89554100
2024-03-22,109.3199691772461,110.44084083989208,106.18549252570534,108.42723585099732,37281400
2024-03-25,116.18408966064453,120.42953198964642,109.2703836985872,109.34973189047614,55766100
2024-03-26,117.84060668945312,121.47104559430907,117.21568955392411,118.03898851699087,44295100
2024-03-27,118.28697204589844,119.14002754406289,116.13449814443356,118.33657128770544,29320700
2024-03-28,117.05081939697266,118.7784313806664,116.51466238649819,118.58978901454304,21047800
2024-04-01,123.41519927978516,126.47326918200545,118.15292319968083,118.35149651115839,44309400
2024-04-02,121.8762435913086,122.79962398832362,120.05926803991012,121.83652740943742,25026400
2024-04-03,127.0987777709961,127.3668600653118,120.46633545364514,121.33013766289655,40130100
2024-04-04,123.2066879272461,129.61077193551608,122.76982512530417,129.25333391341775,36009900
2024-04-05,122.7003402709961,124.7953215707705,120.3372766309182,123.51450308121026,23326500
2024-04-08,122.0748062133789,128.77675792052037,121.73723005972737,128.14131421651683,27955800
2024-04-09,121.75708770751953,125.24210481203293,120.40676790563076,124.00100260993567,19212900
2024-04-10,121.33014678955078,123.59392354205605,119.07630855065388,119.14580997013299,22242300
2024-04-11,126.60234832763672,126.65198786783579,121.21100036639544,122.02516306150525,21745300
2024-04-12,121.64787292480469,125.09317392962559,120.96278964444103,124.35844352999366,24808200
2024-04-15,120.50606536865234,123.89178832758795,119.75147308854726,122.7499727560668,17732600
2024-04-16,120.90320587158203,121.67765999009202,117.51748308493305,118.67915290006827,17452400
2024-04-17,115.50193786621094,123.53434773167243,115.37285838834141,121.15142997393475,25546500
2024-04-18,111.13325500488281,116.782754607984,110.6864612457113,115.17428343981064,32146900
2024-04-19,106.00997924804688,110.09072377470808,104.96745797395349,108.87941442410717,33787500
2024-04-22,108.34326171875,109.44536109199309,105.87098065169835,106.83407718282851,19820900
2024-04-23,111.65948486328125,112.0864243347187,108.13475906428539,108.92905994887788,17887500
2024-04-24,110.98432159423828,113.13887318907817,108.4524776587397,111.91763286991994,20505900
2024-04-25,110.78575897216797,112.25521987251138,107.30074154722652,108.59149098611962,18342800
2024-04-26,114.02252960205078,114.24096478578504,110.80559504864597,111.20274923951861,20630700
2024-04-29,113.54595947265625,113.93318275575383,111.31197549705323,112.99987147080749,14419100
2024-04-30,112.15592193603516,115.45228905376072,112.12613669545206,113.36723888699161,14845600
2024-05-01,108.91913604736328,112.92045627080053,107.97590131875167,109.73329886234946,16686200
2024-05-02,111.53040313720703,111.60983549119794,108.65104469326928,110.94459899538182,15439200
2024-05-03,113.88353729248047,114.65799144501777,112.64243506577478,114.21119009835162,15564400
2024-05-06,119.27487182617188,120.50605054624535,117.17989090461303,118.92736475804064,22538700
2024-05-07,118.36144256591797,120.54578714657842,118.3316573229009,119.29475391425116,12508300
2024-05-08,118.47065734863281,119.61247294594473,117.37848887189024,117.45792123476642,10867900
2024-05-09,116.97140502929688,118.77844964238753,116.60404360320165,118.4706587015862,11524800
2024-05-10,120.37698364257812,120.98264212812809,118.33164962093596,119.18552854892161,13922400
2024-05-13,122.12446594238281,123.22656538738202,120.78407697754484,122.0549645168012,16643200
2024-05-14,123.92157745361328,124.14994360511054,120.80392914674634,122.11453284533316,13887700
2024-05-15,126.90020751953125,127.03921035137819,124.54708274106085,125.33146019224638,14265100
2024-05-16,126.97965240478516,129.20371308399572,126.1456353313964,127.01936858567323,15874700
2024-05-17,124.39816284179688,128.11153868891537,123.97122336063794,127.44630969446149,13774700
2024-05-20,128.08175659179688,130.0873821386165,125.73855485744384,126.22506483510143,19123200
2024-05-21,126.59243774414062,127.9030490775757,122.40247506326173,123.31592456072788,15717800
2024-05-22,125.38111877441406,126.95980485456197,124.3485207416636,126.88037248856101,11190100
2024-05-23,125.37117767333984,131.01074642582637,123.77264499388659,130.83203497944012,20747400
2024-05-24,128.56826782226562,129.47177873268424,125.69883249389846,126.91014948388137,14048900
2024-05-28,131.7256317138672,132.35115212026395,128.34983952257332,130.82210560466618,14143000
2024-05-29,130.64340209960938,132.15258682826752,128.97535263105553,129.07464688103423,11242500
2024-05-30,125.39103698730469,130.7327380697693,124.80523281636329,129.37249492172634,12639700
2024-05-31,124.1102294921875,126.41371504855901,120.14863308782131,125.45061845568567,24153800
2024-06-03,127.25765228271484,127.92288123825647,124.25915272596421,127.21794367872764,16134300
2024-06-04,125.7385482788086,126.94986526498133,124.52723129263588,126.44349343508733,12995500
2024-06-05,132.75823974609375,132.9170893290576,126.74137054249597,127.88318619289615,22301800
2024-06-06,129.14413452148438,133.17523194086849,128.26045523331922,132.8872877536708,15505000
2024-06-07,130.0079345703125,131.59653622890337,128.69732343055665,129.283135158269,12139500
2024-06-10,133.86032104492188,134.70426141859892,128.78669483900987,128.78669483900987,14652100
2024-06-11,134.10855102539062,134.88299761175963,130.84196144298588,134.35677147359027,14125000
2024-06-12,139.74810791015625,140.70128106712951,135.85601322368106,137.52404731066756,16973600
2024-06-13,142.12110900878906,143.1934232369259,139.26160440042423,141.77359429729268,16312900
2024-06-14,140.35379028320312,141.47575171257827,138.65595551619188,140.79066075659435,14028500
2024-06-17,146.77769470214844,147.691143993195,141.1281957448687,144.54371101149508,23909000
2024-06-18,152.3577117919922,156.41859478757038,150.43151864294163,150.65989236898213,42192600
2024-06-20,143.16363525390625,156.2895344200848,141.89274770787705,155.89237259309155,41285000
2024-06-21,138.54672241210938,141.58495350560023,134.73405986167967,136.6701763794624,49893500
2024-06-24,138.02047729492188,141.81329259593133,136.908454658056,141.42606934558182,32410100
2024-06-25,140.11544799804688,140.12538651025937,136.7694418193771,139.07293442736452,31160600
2024-06-26,141.34664916992188,143.04448366013625,138.54671531066356,142.02180150041983,55490300
2024-06-27,131.28875732421875,136.41203109322535,130.14694930426714,134.82341413921316,68172700
2024-06-28,130.59371948242188,134.45602841417335,129.8192730236254,131.87454526824231,38140600
2024-07-01,130.58384704589844,131.13985855108356,126.36409090088617,129.57110314706713,24749000
2024-07-02,131.6461944580078,131.76535057633615,128.4987609644808,128.98527850140098,20776000
2024-07-03,135.84608459472656,135.84608459472656,131.48731928717518,131.71569299155897,14507100
2024-07-05,130.6632537841797,136.15388904567888,129.97816290323968,135.84609810500712,30104600
2024-07-08,129.8732147216797,132.43709203078845,129.27695854247318,130.4694557374617,20500700
2024-07-09,130.3203887939453,134.36495901931517,130.0620192242271,130.92657696746633,21850900
2024-07-10,135.53758239746094,135.6468955205346,131.87064191658217,132.26815107476997,22460200
2024-07-11,129.41607666015625,135.57732450374172,129.25708816174492,135.50776987882873,25401500
2024-07-12,132.71533203125,133.58982182883588,129.90301736202525,130.926578776196,20726900
2024-07-15,130.0520782470703,134.50408986990226,129.21733175407334,133.0730872170937,20416000
2024-07-16,126.69320678710938,130.15146070747528,126.44476924512571,129.6048950824264,21312600
2024-07-17,118.75314331054688,122.2610801383619,118.48483410512904,121.81389560209486,31414100
2024-07-18,116.71595001220703,120.87976549291503,113.37694896096309,119.74689094856924,30404900
2024-07-19,113.54589080810547,116.47745062875018,113.13844961977705,115.96070390242156,18038900
2024-07-22,114.55951690673828,114.85764498657736,112.92976725549859,114.63901873892364,23837800
2024-07-23,113.53595733642578,115.612891560076,113.11858408311504,114.41045475979764,14707700
2024-07-24,109.59076690673828,113.32726964741322,109.31251807380616,110.77333202841187,25261000
2024-07-25,106.77845764160156,110.00814584254556,104.38352356431513,106.13252606678275,29068400
2024-07-26,108.72620391845703,109.93857269231684,107.10638637577534,109.3125128481482,18547900
2024-07-29,107.17594909667969,110.33607478659081,106.47038742015923,109.8491393498931,13517700
2024-07-30,101.91901397705078,108.56720497318108,101.53145202121209,108.31876743319668,23915100
2024-07-31,109.13363647460938,110.64413330167187,107.07657405587632,109.16344776475293,26503600
2024-08-01,100.87557983398438,107.18589176917894,99.32532444465683,106.51014136401359,31643700
2024-08-02,92.12063598632812,97.079454699798,90.50082596923967,96.55276833272006,36039400
2024-08-05,89.85488891601562,91.67345355409807,84.37933091595319,87.08232502067159,36977600
2024-08-06,88.44376373291016,90.29213962644951,86.60532746379319,88.64251073108584,26460000
2024-08-07,86.25751495361328,92.99513967169025,86.03888871032504,92.79638509519555,29483800
2024-08-08,91.49457550048828,92.26969940012134,87.47982400691856,87.92701612096897,24760700
2024-08-09,92.4982681274414,93.93920284879988,90.87845048956588,91.21632949162498,21627200
2024-08-12,94.04851531982422,95.92670253134328,92.05107535869476,92.518139150862,18886600
2024-08-13,96.83102416992188,97.168895606571,94.3168373184254,96.01614929020705,23565500
2024-08-14,99.78245544433594,101.31282399182868,97.45707616847291,100.36876438916977,22459000
2024-08-15,106.28158569335938,107.3747170284691,102.10783769612965,102.86309000537474,29128000
2024-08-16,107.3150863647461,108.78584005685936,104.69158633597121,106.16234002808447,18383300
2024-08-19,107.9510726928711,108.04051414606731,104.10526458480342,106.5797002581268,15744600
2024-08-20,107.3150863647461,108.50759120255182,105.49652918646105,107.65296538905714,16075500
2024-08-21,107.65296936035156,107.72253157649459,105.54621604304263,107.48403363282037,13658900
2024-08-22,103.6083984375,110.30627269252714,103.3102703434839,108.26908174074596,17967000
2024-08-23,102.20719909667969,103.75745445113834,99.68307286303299,102.3960140470518,25465100
2024-08-26,98.29183197021484,101.55133128211976,96.99995372945915,100.04082679307814,26752300
2024-08-27,97.2483901977539,97.87445006227247,96.06582509417355,96.48319833718593,17234600
2024-08-28,94.26713562011719,97.06951061453263,92.12063175288239,96.75151088402137,25564300
2024-08-29,94.97270202636719,97.36764353954963,94.39632511675747,95.95651255710654,18984300
2024-08-30,95.63851928710938,97.79496303195897,94.39633150902868,96.31426974165377,18819400
2024-09-03,88.0263900756836,93.29326131980595,87.75807328951916,93.04482378239324,28897200
2024-09-04,88.7319564819336,90.16295919953484,87.26120284643093,87.80776849043485,16356500
2024-09-05,88.8313217163086,90.1331319341135,87.21151176660813,87.54938316474829,13890700
2024-09-06,85.84013366699219,89.08970084417308,84.72713837152233,88.81145202030561,23587100
2024-09-09,85.73081970214844,87.41025983473403,84.47870000706867,87.30094671476031,20526400
2024-09-10,86.30719757080078,86.64507655865224,84.33957655239655,86.4264503162269,17019000
2024-09-11,90.08345031738281,90.2623256430913,85.54201255092426,87.64875796292223,20879600
2024-09-12,86.66495513916016,87.4798300103,83.59427062116043,86.55564200922693,30900000
2024-09-13,90.64989471435547,90.89833226506057,87.32083305124944,87.53945172723155,21267200
2024-09-16,86.63514709472656,87.68851993353542,85.38301965689818,86.69476968357606,26494300
2024-09-17,88.17545318603516,89.01019966373072,86.99288809425457,87.50963483067869,17744800
2024-09-18,86.8040771484375,88.64251347445159,86.16807763653763,87.44007666033738,20130600
2024-09-19,88.69219970703125,89.82507425641604,87.03263879823042,88.79157320436622,25208900
2024-09-20,90.33189392089844,90.40145613103279,87.77795623209092,87.84751844222528,28711000
2024-09-23,92.98519897460938,94.20751496538557,92.00138847287502,92.1007619691199,23394100
2024-09-24,93.41252136230469,94.40627158956325,92.18027320338359,94.13796236415696,23043200
2024-09-25,95.17146301269531,95.57890427542127,93.34296609765725,93.57153200289356,54762900
2024-09-26,109.19326782226562,114.0825245045915,106.85795639906992,112.39314463760037,107965900
2024-09-27,106.8281478881836,110.27646234006686,106.36108407504034,109.8093985269236,42960200
2024-09-30,103.06182861328125,106.08283002207602,101.62089390796129,105.4170192317123,39544700
2024-10-01,99.6830825805664,103.5487703468349,98.32164962547334,102.75377471636514,34309800
2024-10-02,99.2259521484375,101.48176926168799,98.70920540020767,99.9613251453572,26334900
2024-10-03,101.18363189697266,101.88919353737522,98.77875854545213,98.84832074713376,22176700
2024-10-04,101.6109619140625,103.58852276633196,100.76627572745194,103.0022137646807,21911200
2024-10-07,102.3819808959961,104.05335366751004,100.2927497511062,101.63582908432078,21749300
2024-10-08,102.01387786865234,102.41182702453251,100.74044664203488,101.65572438738508,18858300
2024-10-09,101.17817687988281,101.76515355198823,99.8052603568751,101.72535788012954,18442700
2024-10-10,105.14771270751953,106.03314555803443,100.33254254099887,100.84987869942803,27605600
2024-10-11,106.37140655517578,107.09766436659407,104.45130881266483,104.50105530573084,19133900
2024-10-14,107.78411865234375,108.15222296549982,106.25202686088132,107.25683922420745,15021900
2024-10-15,103.78473663330078,108.92820768322697,102.18299689198942,107.30657390107713,23419100
2024-10-16,108.67948913574219,109.06748744459514,105.06811734170763,105.4760096911628,20450900
2024-10-17,111.4750747680664,113.55434734000667,110.44041009461954,110.76871109686138,26584800
2024-10-18,110.57970428466797,112.32072524590578,109.29632220812564,111.17662423904255,16700400
2024-10-21,108.52032470703125,110.56975265167436,107.13745724667997,110.52995697631007,14829400
2024-10-22,107.26678466796875,107.9631899928422,105.8242275277671,107.68462786289282,13758100
2024-10-23,104.51100158691406,106.55047867987727,103.0087471264542,106.01324845712509,15174700
2024-10-24,106.30175018310547,106.97826140067689,105.0084250487985,106.232109657337,13206300
2024-10-25,107.3563232421875,109.31620890242517,107.16729569308015,107.78410964869612,12265000
2024-10-28,105.84412384033203,107.62494045527994,105.77448330635077,106.23212218540598,12381000
2024-10-29,107.62493896484375,108.19201404519481,105.05817487893941,106.04309315739151,15164600
2024-10-30,103.54597473144531,106.25201981900786,103.1082299113253,105.71478960983747,14321800
2024-10-31,99.13871002197266,101.96413469928673,98.56168410666234,101.67562174163157,19830300
2024-11-01,99.21829223632812,100.09377425495698,98.86013877637807,99.4869035361665,13623400
2024-11-04,101.2080307006836,103.25745849262006,100.48177296233563,100.97920748195115,15765800
2024-11-05,104.94874572753906,105.07808357630124,101.26773286587225,101.47665447896962,12071900
2024-11-06,111.2562026977539,111.74368638514012,106.4509835799168,107.82390007490677,20304500
2024-11-07,112.82811737060547,113.27580546559886,110.79858333215307,111.98247249522986,13569800
2024-11-08,111.32585906982422,113.71354654072714,110.00268128262499,111.56462553983974,13045700
2024-11-11,108.09252166748047,110.93784770155143,106.2221630326306,110.38071588317676,14479700
2024-11-12,103.56587982177734,104.55079818187184,101.54629660663177,104.46126359924938,21859700
2024-11-13,99.40731811523438,102.80976859725938,99.30783272381967,102.27254596557023,18416200
2024-11-14,98.67111206054688,101.76515539376064,98.05429052094611,100.7702863500327,18459700
2024-11-15,95.84568786621094,97.69614504606659,95.14928251475948,97.04948618696841,18518300
2024-11-18,97.00967407226562,97.56679825901877,95.03983019871339,96.05460078486834,14236400
2024-11-19,97.22856140136719,97.67624946449759,96.01481987345942,96.50230361179568,14160300
2024-11-20,97.86528778076172,98.02446290883157,96.03472447133494,97.47728939266986,10490600
2024-11-21,102.23275756835938,102.76003701161545,97.55686793652855,99.5864019449052,18915200
2024-11-22,102.11335754394531,103.17786711194242,101.12843932071863,101.83479542749724,12063700
2024-11-25,103.94392395019531,105.85407074618621,103.27735590357202,103.31715157726957,22837900
2024-11-26,101.27767181396484,104.1826876036153,99.79531147198185,103.46638067679773,19275700
2024-11-27,97.6961441040039,100.52157633889564,96.1441507127353,100.42209094539747,17046400
2024-11-29,97.44741821289062,97.69613546977932,95.60691202996396,96.74106211415653,13729400
2024-12-02,98.04434204101562,99.57643360682891,97.0295714202584,97.09921194597719,16525600
2024-12-03,99.32772064208984,103.14802167691934,99.1187990559251,100.60115938053193,23479700
2024-12-04,102.67048645019531,102.87941563728981,99.28793763621793,100.25295427205342,16306200
2024-12-05,100.35245513916016,103.71511017542767,100.09378703167825,103.34700585286683,13448900
2024-12-06,100.65089416503906,101.66566478808397,99.51674412063454,100.36238124633994,12381000
2024-12-09,102.29244232177734,103.96382274219971,99.85501602085887,100.13357815922109,14141900
2024-12-10,97.5966567993164,104.46125507974972,96.77091362797866,104.42145940507996,23548500
2024-12-11,101.53634643554688,102.13327401782541,97.79564377069853,98.98948375475659,15248400
2024-12-12,97.7359390258789,101.45675495406351,97.25840610467003,100.8797290498746,19334900
2024-12-13,101.97408294677734,102.67048828202164,99.15860156668464,100.25295606074661,23926000
2024-12-16,107.70452117919922,110.55979038097094,104.00360724648296,105.06811678388269,42741200
2024-12-17,108.04277801513672,109.9230799246546,107.12750030483936,109.18687894813269,35811500
2024-12-18,103.36690521240234,111.46513940857056,102.20291013971766,109.68432273630765,63024300
2024-12-19,86.64314270019531,90.53308436398932,84.17587168455105,89.61780665141963,91396800
2024-12-20,89.65760040283203,89.78693064523324,83.11136031363075,84.97176814647015,49578400
2024-12-23,89.25965881347656,90.63257546893465,87.94643187644087,89.53822095311307,26041500
2024-12-24,88.82190704345703,89.23975022032246,87.77729910129347,89.12037079278859,13021300
2024-12-26,89.35914611816406,90.1649876950919,87.6479699778118,88.04591915305056,14468200
2024-12-27,88.17523956298828,89.03082753762449,87.13063163366384,88.5433438372731,19422600
2024-12-30,84.98255157470703,86.71587839213575,84.25535779507652,86.65610352249679,22022900
2024-12-31,83.83696746826172,86.06836741909574,83.76722885719141,85.11205315445258,18691500
2025-01-02,86.99480438232422,87.31357582707344,84.41474158879187,84.65382587243684,18860000
2025-01-03,89.52505493164062,89.85378251735189,87.1741127059438,87.61241868692903,17484600
2025-01-06,98.8790054321289,101.13032524180727,95.11351569016253,95.20316658872835,42903300
2025-01-07,101.51883697509766,106.33029194839695,100.77171574072142,103.01307944385016,53570000
2025-01-08,99.02842712402344,103.08280448370681,97.92268715319071,102.42533418748853,33516900
2025-01-10,98.95868682861328,100.39316192308443,96.49817413199908,97.74337609591927,20512600
2025-01-13,94.69512176513672,95.63151612590475,92.52348911577323,95.47212661764208,22699100
2025-01-14,96.98629760742188,97.03610872932677,95.01389422168444,96.67748993191996,18613400
2025-01-15,102.7939224243164,103.53107991247208,98.96865776123711,99.05831626120899,27568100
2025-01-16,102.20618438720703,104.39774459050814,101.4789906343772,103.91958365157198,16243800
2025-01-17,105.3440933227539,105.47359159978241,102.10656799604989,104.2383532954708,18908900
2025-01-21,108.96015167236328,109.81685124536773,104.82608716555337,105.02531644295033,23533600
2025-01-22,108.81074523925781,110.2452129113282,107.34638633225818,108.75097036950989,20004300
2025-01-23,104.43759155273438,105.77245221567577,102.9533127112006,104.38778802657386,22677600
2025-01-24,102.7939224243164,105.31421016634191,102.32572523585598,105.0950533887553,19743800
2025-01-27,90.76028442382812,95.7311287038858,88.02084001055293,94.49589044193067,50696200
2025-01-28,87.91126251220703,93.0912998694829,87.7020694850977,92.25452776104555,34793600
2025-01-29,88.66835021972656,90.10281782158805,87.42314816249008,89.53500598749262,25342800
2025-01-30,92.14495086669922,92.80242119120635,89.95339831856231,90.31201711372799,22497100
2025-01-31,90.88977813720703,93.90814643240904,90.79016350174314,91.29820802275135,20492100
2025-02-03,89.5748519897461,91.04917454692158,87.68214337179072,88.30973006307066,18607900
2025-02-04,90.31202697753906,91.09898806387663,88.45916553351823,88.70820596846607,12827500
2025-02-05,93.24073028564453,93.2905414089182,89.87370659536852,90.04305225432242,15660000
2025-02-06,94.17713165283203,96.239186147151,93.22081729605767,94.51582299580775,16141100
2025-02-07,91.94572448730469,95.56178858608139,91.23844301884404,95.2230896687795,15602800
2025-02-10,95.5617904663086,95.89052564542278,92.8123820957262,92.83230958542977,16217900
2025-02-11,93.71887969970703,95.47211854162907,93.20087144178187,93.88822533782857,12124000
2025-02-12,91.32809448242188,92.28440869269579,87.01471299224646,89.25607656010683,22874700
2025-02-13,95.2928237915039,95.70124610182195,91.66678851880309,91.70663589543825,16579900
2025-02-14,99.13800811767578,100.31347921674487,97.62384569181063,98.03227563306413,21284500
2025-02-18,106.3801040649414,107.46591662099645,101.65829994758526,102.24603167606784,29641900
2025-02-19,103.95941925048828,106.77855824161131,103.22226183659257,105.3540469309114,17875900
2025-02-20,102.78395080566406,104.4475387988288,101.94717113717564,103.58088309945212,14488000
2025-02-21,98.46060943603516,103.26211567047842,97.37479693413187,103.24218818230759,18650800
2025-02-24,95.04378509521484,100.31347344805167,94.91427921879628,99.83532012005885,14883700
2025-02-25,92.86219024658203,95.56178740657941,92.40395679950859,95.13343759299399,18608200
2025-02-26,97.33495330810547,99.33724034026527,95.1334369872207,95.63151780914333,21335200
2025-02-27,91.46755981445312,99.50658379879498,91.13882465521553,97.4644494339542,22386300
2025-02-28,93.2706069946289,94.09742293887798,89.52504488593989,90.65070474731205,23359100
2025-03-03,90.19246673583984,95.830737099697,89.0468794449167,95.44223470713925,20281800
2025-03-04,90.84993743896484,93.23076312201779,86.46683235559195,89.85377581090553,23611500
2025-03-05,93.97789001464844,94.685171501352,90.08290176593039,91.79630108561403,14010300
2025-03-06,88.92735290527344,92.93192725344115,88.68827622183545,90.58098499932048,18708100
2025-03-07,92.60317993164062,92.98171859750073,89.14649801932919,89.94343032653018,19133900
2025-03-10,86.74576568603516,91.01930044012491,85.43083250016991,89.2461261681772,21897900
2025-03-11,88.70819854736328,90.75032538302989,85.7396334670788,87.56261112241795,21962100
2025-03-12,95.27290344238281,96.61772020412596,91.88595217569267,92.1150727084865,23584700
2025-03-13,94.51581573486328,97.74338499115146,93.63919620852532,93.88823662397353,18824700
2025-03-14,100.40312957763672,102.385489053382,98.37095898135055,98.37095898135055,24623600
2025-03-17,102.7142333984375,104.04908642712938,100.57248422542904,100.67209887531325,17095100
2025-03-18,101.32955932617188,102.91345262459127,99.90504793194411,101.50886871845613,18434100
2025-03-19,101.66826629638672,103.20235631129805,100.1042926448393,100.43302784805839,16633100
2025-03-20,102.60465240478516,104.28816806559803,100.96098412293884,101.190104651969,29204400
2025-03-21,94.35643005371094,98.1219197689273,93.34034094318936,97.82306824227742,63239600
2025-03-24,96.56790924072266,98.04222417257996,94.96408843504534,95.73112953336016,35406600
2025-03-25,93.81849670410156,96.01004911192578,92.89206614258931,95.81081983852707,22191700
2025-03-26,91.77635955810547,96.2690502126377,90.62081612862312,95.63150743772826,27107200
2025-03-27,90.81010437011719,91.85606959677928,89.26605069252138,90.74036575489575,15658700
2025-03-28,88.10054016113281,90.54113320245783,87.26376040974885,90.12274712682104,17118000
2025-03-31,86.66918182373047,86.86867051049708,83.8862712663042,85.7814442306095,21089500
2025-04-01,88.48455810546875,88.66410097128664,86.03081067929477,88.30501523965086,15337100
2025-04-02,88.37483978271484,89.7014616873925,86.47966672031906,86.90857426807176,14520400
2025-04-03,74.15108489990234,83.13819098362164,74.02141799312531,82.70928338735072,44839500
2025-04-04,64.55552673339844,71.1586982986341,63.6977116631705,70.4704569869439,50737700
2025-04-07,68.19625854492188,72.27586124349742,61.3836133493477,63.77751210382956,50181800
2025-04-08,65.37344360351562,72.7845619913617,63.35857658856257,71.41804084337186,40822100
2025-04-09,77.67211151123047,78.36035283767754,63.53811978954464,66.0317627282051,63132600
2025-04-10,69.87198638916016,72.86436254955235,67.32846360882435,72.31575720947801,44882300
2025-04-11,69.37325286865234,69.99167236764173,66.66016409500473,68.864546821092,30807800
2025-04-14,70.83950805664062,74.58995460990005,69.79218106850001,74.48023355257027,32634700
2025-04-15,70.85945892333984,72.61498816700508,70.3707063465826,70.93925743668942,19132700
2025-04-16,69.15380859375,70.2709573881299,66.99929430172234,67.75736499076972,28475000
2025-04-17,68.62516021728516,70.30089110382369,66.82973154956323,70.26099184342922,20694100
2025-04-21,66.57038116455078,67.82718106209086,65.48315500326956,67.58779314208482,19826100
2025-04-22,70.03157806396484,70.22109766204483,67.2686206693574,67.36836502255505,20351200
2025-04-23,72.74465942382812,75.20838349930625,72.31575190125494,73.50273012628422,26385500
2025-04-24,77.22325134277344,77.3928174967228,73.41295938282018,74.3804955471287,23875600
2025-04-25,79.57725524902344,80.09593804362565,76.70457688278609,77.35292657103581,19746200
2025-04-28,78.36035919189453,79.40769395316359,76.72452740420272,78.56982462214704,16882400
2025-04-29,76.68460845947266,77.99128429856802,76.27565442250724,77.7419196679779,17098000
2025-04-30,76.75444030761719,76.95393660422904,73.31321099862284,73.43290877658995,19779300
2025-05-01,77.57234954833984,79.6869644538294,77.44268267399568,79.19821188591145,15349200
2025-05-02,80.51486206054688,81.46244471774389,78.89897633574209,79.37775982790828,18899700
2025-05-05,80.21562194824219,80.943770103353,78.84910848276829,79.2081942017263,12513600
2025-05-06,80.30540466308594,81.01359944977244,78.34040974298091,78.8391391090987,13173800
2025-05-07,82.41004180908203,82.65940648794151,79.99618593411769,80.78417923251436,14889700
2025-05-08,84.93360900878906,85.99091278540156,83.14815703978859,84.03589466543605,17580500
2025-05-09,85.64179992675781,86.05075401428313,84.46479842045694,85.35253600631037,13017600
2025-05-12,92.05545806884766,93.96060009893799,91.716318176734,92.5741332091324,27765300
2025-05-13,96.68366241455078,97.16244589101323,92.31479648560361,92.31479648560361,28009100
2025-05-14,95.07776641845703,97.40184709991787,94.08030768238005,96.0552793282152,28044400
2025-05-15,95.20742797851562,95.3670250201461,91.93576472514894,93.77109265387037,24196100
2025-05-16,97.7509536743164,97.9404732646012,95.45679559510044,95.65629190329655,22609300
2025-05-19,98.39930725097656,98.76836211822807,95.45679937123249,95.46677608953847,14380100
2025-05-20,97.85070037841797,98.37935229035033,96.7235747475057,97.67115750172337,12331300
2025-05-21,95.59642791748047,98.56885787355638,95.0179077170405,96.91308056608179,15764300
2025-05-22,94.58900451660156,96.9729300538475,94.13017445608618,95.16753235334049,13245200
2025-05-23,93.13272094726562,93.60152014078336,90.69891930003955,92.02554118873284,16545000
2025-05-27,96.13507080078125,96.45425729377592,93.950641330914,94.93812335455279,17612600
2025-05-28,95.9355697631836,96.96295091762003,95.35704194087783,96.45424489386805,10500300
2025-05-29,96.55400085449219,99.37680306472767,95.86575194729413,98.33944515025726,14628700
2025-05-30,94.21994018554688,96.36447773721454,91.9856350110213,95.79592662909849,23758200
2025-06-02,97.93048858642578,98.98779229890124,94.16009618306457,94.33963904084393,16850300
2025-06-03,101.99015045166016,102.66842266126459,96.71359309944447,98.11003677921897,22757600
2025-06-04,102.98760986328125,103.64593625225615,101.44154584796573,102.11981806236142,14595900
2025-06-05,106.01988983154297,108.75292463400172,105.26181906231861,106.02986654969237,28833700
2025-06-06,108.28411102294922,110.76778859602584,107.76543586178802,107.80533512187823,20710100
2025-06-09,110.66803741455078,112.24402395410688,108.30406521522244,109.23170209128968,20159700
2025-06-10,113.84993743896484,114.6279540212347,110.94733652741913,111.24656957675042,22949400
2025-06-11,115.7351303100586,116.96200784426675,114.43843858212125,115.30622276997023,21614100
2025-06-12,115.88475799560547,116.18399866490807,113.23151406514185,113.82001868543527,17076500
2025-06-13,115.30621337890625,116.8024012885201,113.3711488572759,113.51079245337277,17453000
2025-06-16,119.53543090820312,120.65258724183299,117.02183867004209,117.510591236628,21374100
2025-06-17,120.03417205810547,123.19612180883276,119.04669011084657,119.29605477702346,20837700
2025-06-18,121.51040649414062,122.66746212433851,119.87457499696824,120.15386218770422,20180000
2025-06-20,123.285888671875,123.84447069545367,120.07407057381874,122.45799615889665,29290400
2025-06-23,121.7697525024414,124.19357730014748,119.50551712980777,123.3557080859994,23399200
2025-06-24,127.5849380493164,127.77445762575292,124.64243050098402,124.79205081869677,26420600
2025-06-25,126.92662048339844,127.17598516018312,125.30076553036454,126.28824751963016,39407000
2025-06-26,125.6797866821289,129.52000847430935,123.47540403526999,129.20081440887657,62678100
2025-06-27,124.44294738769531,127.21588130807261,123.07642625275862,124.82197894752909,36888600
2025-06-30,122.93678283691406,124.76213405553902,121.54033915692767,124.58259118796926,22799700
2025-07-01,120.58277130126953,123.67489148429964,118.77737364417884,122.03905996527712,24825800
2025-07-02,121.43061828613281,122.68741836112156,117.75997001775757,120.19377164646461,29303800
2025-07-03,121.97921752929688,123.31580844894964,121.52038746986359,122.01911678794396,13247900
2025-07-07,119.72782897949219,121.31528499999378,118.71945296689152,120.9858119896976,19148400
2025-07-08,124.22061920166016,125.24896744168727,121.7545760769209,122.2537748433161,26238200
2025-07-09,122.04412078857422,125.94785907032757,121.08566000429907,124.61998843097138,20464000
2025-07-10,122.9127197265625,124.15073052288626,121.82446246502775,124.08084300092852,15378400
2025-07-11,124.33045196533203,124.61000207471105,121.04572294579015,121.9342962008174,15820600
2025-07-14,118.41993713378906,120.24700652653048,116.83248102655125,120.18709749227783,32117700
2025-07-15,119.91752624511719,121.19547384673282,118.92911483717519,120.74619801144152,24958900
2025-07-16,116.2434310913086,118.8991647056827,114.62602426191371,118.8392632880948,30614800
2025-07-17,113.07849884033203,114.01698727627726,110.77219552014574,113.74742331270647,34702400
2025-07-18,114.20669555664062,114.61604220989247,113.0984736626769,114.05693440015412,19349900
2025-07-21,113.0485610961914,115.73424540104419,112.48945327289732,113.40797721643679,22189800
2025-07-22,109.04498291015625,112.81892447472298,107.95672560695013,112.67914942545524,27917600
2025-07-23,109.65401458740234,110.11327658756643,108.70553225946323,109.26464011732476,17810000
2025-07-24,111.55095672607422,112.54935423233503,110.0733250652541,110.88202460783144,20293100
2025-07-25,111.08171081542969,111.32132408873275,108.65560452387639,110.8121392179412,16372300
2025-07-28,111.07173156738281,111.82052975772471,109.68395953065601,111.54097965207745,12932300
2025-07-29,111.78059387207031,113.35806390099553,110.49266005988471,111.8704536165884,16653300
2025-07-30,114.55613708496094,114.70589824655639,112.22987649456549,112.4195668565619,16378800
2025-07-31,108.96510314941406,112.09008459969269,106.76863168400975,112.01021858829448,29224300
2025-08-01,104.71192932128906,106.32933604843181,103.21433303891678,105.32095241882728,24003300
2025-08-04,107.59729766845703,107.70712200532613,105.2910018285433,105.85010200375424,14780600
2025-08-05,108.8852310180664,110.46270092669104,106.65880881562745,109.12485190706133,17836000
2025-08-06,108.6056900024414,108.78540187561332,106.57894408771713,107.7271028542505,13021900
2025-08-07,111.69073486328125,115.09526649306555,110.61246369851297,113.95709391375526,18986500
2025-08-08,118.6994857788086,119.13878314447827,111.49105414772517,111.99025292974292,28962200
2025-08-11,123.52174377441406,127.07603654786557,121.45506118959038,124.76974068836964,35065800
2025-08-12,127.5452880859375,128.34400917952718,122.84283649992132,124.50017248594189,25961200
2025-08-13,124.07086181640625,128.39393270997178,123.1523378864635,127.37556292998269,18438200
2025-08-14,125.08921813964844,125.53849394784956,121.20545264631986,123.00256349629244,12235900
2025-08-15,120.67631530761719,123.18228768822827,119.24860649818505,122.97262511557769,18986700
2025-08-18,123.35201263427734,123.48180156547888,120.4666445046171,121.15553359135552,12208800
2025-08-19,121.85443115234375,124.04091673506925,121.11561143776433,122.74300441444808,11491200
2025-08-20,117.02217864990234,118.71945909477704,113.2781877501083,118.50978890127986,25795000
2025-08-21,115.60446166992188,117.5413554958466,115.42474979311268,116.81252187957338,13174900
2025-08-22,117.49142456054688,120.50658182466812,116.32330124948184,117.4614738526481,17038300
2025-08-25,116.23343658447266,117.89078011156825,115.91394968513922,117.4914195831093,8674800
2025-08-26,116.31330871582031,118.17032867464809,115.62441200352886,115.90396208469977,12584300
2025-08-27,117.56130981445312,118.53974275087499,116.25341148033833,116.66275050899809,15349300
2025-08-28,121.80449676513672,122.37358304369694,118.53974024437943,118.68949377781485,17295500
2025-08-29,118.81929016113281,122.57325932584722,117.87080795343223,122.40353357674881,16774000
2025-09-02,118.2901382446289,118.37000425496856,114.06691350045408,115.67433407250353,13771900
2025-09-03,118.5297622680664,119.24860974654652,117.1120395283801,119.16873611178893,14101300
2025-09-04,124.01095581054688,124.21063988608049,118.33007144918999,118.65954446094398,18589100
2025-09-05,131.1594696044922,131.199414034169,125.45862863219739,127.56524026756098,28416000
2025-09-08,131.24935913085938,132.048065047315,128.19424958649523,130.34081363140146,19492600
2025-09-09,135.02328491210938,137.77885655892658,131.34917414868275,131.54885060407466,20705000
2025-09-10,139.77566528320312,142.01208141209625,138.11832159574675,139.79563750100124,25791300
2025-09-11,150.32872009277344,156.00958911647803,147.3734567659708,147.4832811012248,52446400
2025-09-12,156.97804260253906,158.02636307745186,152.96449541817447,153.30394692911,32288300
2025-09-15,157.51719665527344,160.08307061489938,156.2991503410368,156.70849702117212,20101400
2025-09-16,158.5655059814453,159.3043104174347,156.9181408856495,157.72684046252309,16911600
2025-09-17,159.73362731933594,160.33265670052228,155.0111960038449,157.15775984752375,18843600
2025-09-18,168.61936950683594,170.17686732028199,162.33945532634624,162.72882977970775,28212800
2025-09-19,162.46925354003906,163.43770052829086,159.1246303839003,162.48922575966463,37309900
2025-09-22,164.35621643066406,166.99198561989894,161.3310727669174,164.116610744404,25851200
2025-09-23,166.14334106445312,168.71920858882498,164.96522402570736,165.41449987934877,43316500
2025-09-24,161.4508819580078,165.7340009418912,158.0463424992856,164.81547698165915,57096400
2025-09-25,156.5786895751953,158.6952875059447,154.40217499460977,157.13778976563194,32209200
2025-09-26,157.0179901123047,158.6653400092037,154.9313276127379,158.26598707490635,24045000
2025-09-29,163.63735961914062,165.53432418899598,159.71366438585363,159.74361509493687,26506500
2025-09-30,167.05186462402344,168.6792420689891,163.6972486634261,163.84700218358574,20092500
2025-10-01,181.85809326171875,182.09771413913674,165.234781462133,165.33462730297458,41674800
2025-10-02,183.45553588867188,185.88163443855487,180.9196130072508,184.66360353559105,25122200
2025-10-03,187.64645385742188,191.66252977109554,184.7392938585731,185.0290190063793,29399300
2025-10-06,190.7733917236328,200.80357346188558,189.2448728863467,194.8194216803748,36392300
2025-10-07,185.508544921875,195.1091545749832,183.06094212713188,194.659597366786,27828200
2025-10-08,196.34793090820312,196.75753390743984,188.61550432998132,188.80532109762163,26833900
2025-10-09,192.1420440673828,196.42784488465193,189.31480790372422,192.78141800674848,19721500
2025-10-10,181.42254638671875,193.25097266774603,179.43448552901378,192.77144599253631,26990300
2025-10-13,192.5816192626953,193.21099322764917,187.80629175017626,190.60354324747644,20928400
2025-10-14,186.877197265625,192.27192938001048,186.0679912594366,186.77730413476536,15912400
2025-10-15,191.75242614746094,192.69150995714887,187.23683911809295,192.29189171692144,17793100
2025-10-16,202.3320770263672,206.13835127779654,195.009238414688,199.7645964769483,42041300
2025-10-17,202.18223571777344,203.19124324088818,195.3589082800716,199.08525899267423,23283100
2025-10-20,206.5679473876953,214.54014501568494,205.2991841710047,209.4551226526565,23268400
2025-10-21,202.09230041503906,205.66880360125717,200.64372051197603,204.10034584918608,13717300
2025-10-22,198.27606201171875,205.3791149328187,192.21198612505606,202.05236708431582,21949800
2025-10-23,206.5080108642578,208.79576638190142,195.00924861508634,196.50778282356887,19397900
2025-10-24,218.8059844970703,219.60520580985403,209.77480957720812,212.18245825606303,25821800
2025-10-27,219.88491821289062,224.7601389743725,215.52917831725236,224.59030693239927,23873100
2025-10-28,221.6931610107422,222.6821838614765,217.34740558020835,218.7160619863478,14957500
2025-10-29,226.40853881835938,232.17288931669233,225.87905796140856,228.83615687073262,23217300
2025-10-30,223.79107666015625,227.17776311116435,220.52428330279926,225.87904575494093,14795100
2025-10-31,223.55133056640625,231.0240166529935,218.60617088033933,227.52743694148873,16320000
2025-11-03,234.47064208984375,237.3877867616639,231.57348214179623,233.65145134169782,21199300
2025-11-04,217.8169403076172,228.44654231148695,217.18755106429575,221.92292463372553,23696200
2025-11-05,237.2678985595703,239.6455775368606,224.51037401926067,225.44945782521154,28617400
2025-11-06,238.0970916748047,246.16919725077392,234.6504662673761,237.6075650439538,32016800
2025-11-07,237.6875,242.3129803885886,226.17875320871005,233.80130196266433,30613800
2025-11-10,253.05245971679688,256.8187796646657,247.5678194595284,247.71768201485662,27870600
2025-11-11,240.8743896484375,249.745717054219,238.55664941872303,248.09732027604838,22622500
2025-11-12,244.66065979003906,248.94647582623355,240.60462995668857,244.66065979003906,17263100
2025-11-13,236.71844482421875,249.25618377004466,229.93508685096947,243.3619554618112,32324600
2025-11-14,246.58877563476562,254.9206213200665,231.00401536889746,231.223801583089,36171100
2025-11-17,241.7135772705078,260.32536273582633,239.22602011195923,246.6787220907077,30304400
2025-11-18,228.27670288085938,238.69650305197035,225.29961929538163,235.2498775452143,33843900
2025-11-19,225.69921875,234.12098849287156,216.14856366096723,226.68825676423654,35256600
2025-11-20,201.17320251464844,230.37464792480472,199.40494325591976,230.01499913179805,47420700
2025-11-21,207.16734313964844,211.79282335800798,192.4017880891994,204.33012218338308,36679700
2025-11-24,223.71116638183594,225.88904399410598,212.15248061108522,213.20145759092787,33052800
2025-11-25,224.31057739257812,225.9689588202089,215.78891453351923,219.00576901598282,17441600
2025-11-26,230.03497314453125,233.6014916824619,225.77914171330642,229.3955991936823,17817600
2025-11-28,236.2489013671875,237.8673286271781,233.24184830473496,235.3897411716471,12914700
2025-12-01,240.22503662109375,242.1231739022173,231.2737853490881,232.06300667817794,18238200
2025-12-02,239.25596618652344,244.13118688757797,234.10100508841109,238.51668385661696,18166200
2025-12-03,233.93118286132812,237.56762524908828,227.86710713906936,236.1589994404211,19188200
2025-12-04,226.4285125732422,233.93118359214208,223.1117647886667,230.05497023211262,23513900
2025-12-05,236.98818969726562,240.3349221728646,226.46848083891243,228.72626687779925,21161000
2025-12-08,246.6787109375,248.98645119445882,241.3739022442043,243.25207000901648,20495400
2025-12-09,252.17333984375,255.26031671675238,242.59271460344473,244.25109615270216,17067100
2025-12-10,263.4522705078125,264.491262663534,250.33511268187462,254.88066906443308,21960700
2025-12-11,258.2074279785156,262.59315276624574,251.304191918892,261.2744353346599,18867000
2025-12-12,240.90435791015625,255.57002057311084,239.08614433698853,255.42015800645552,25936900
2025-12-15,237.2678985595703,249.86557580442513,235.76936446340463,246.8685076120937,27483600
2025-12-16,232.28277587890625,239.16604206892998,230.3546692738233,235.569569287941,22577300
2025-12-17,225.29962158203125,237.21795602868477,221.4733625059069,236.3288263643656,41957100
2025-12-18,248.30711364746094,263.3923483958844,244.76057974925737,256.2793111195796,65006100
2025-12-19,265.66015625,268.11774380012747,251.50398976688,251.50398976688,62312100
2025-12-22,276.3197021484375,279.71637344249024,268.0278254169774,276.8791524562695,30961900
2025-12-23,276.0,281.584533429657,272.05387848972947,275.6503664329825,20767600
2025-12-24,286.39984130859375,289.01727609637965,276.9790638742252,277.7283309541374,18592600
2025-12-26,284.51171875,290.5857641088608,283.14306235836034,290.55579464363353,17878500
2025-12-29,294.2011413574219,294.33107166805104,278.3402494382078,280.16918631071405,26642900
2025-12-30,292.4621276855469,298.6585525437395,291.8424882497347,294.53094747936166,23056400
2025-12-31,285.24627685546875,293.00183505456795,284.01697147079557,293.00183505456795,17573800
2026-01-02,315.23907470703125,315.4189641311382,294.6908407625547,294.96070539878707,42604300
2026-01-05,311.970947265625,325.3432774893249,309.3724325039071,324.9435130260007,34608600
2026-01-06,343.23297119140625,344.3523237814261,317.8775305225872,318.09740553134617,48732400
2026-01-07,339.355224609375,346.1013528628384,336.9865889026152,340.5145629025716,32781100
2026-01-08,326.8323974609375,343.4628667412315,321.1756405999752,342.7032929471581,33897700
2026-01-09,344.8920593261719,345.6016435437512,326.00290610415817,332.55914097380867,33387500
2026-01-12,345.6716003417969,348.27011505365033,339.1253696927705,340.3546446314014,23152600
2026-01-13,337.93603515625,351.0285263851163,335.027700830214,346.07134975032386,23881300
2026-01-14,333.1587829589844,338.9054845247233,328.0117433088152,334.64791847425715,20277200
2026-01-15,336.4368896484375,347.57048308145306,336.0770803103486,345.1318804013174,25370200
2026-01-16,362.54193115234375,365.60017353473944,351.83808281395886,352.89747237125545,47901900
2026-01-20,364.7906494140625,381.34114876665075,361.14274901993673,364.4708256342844,49744900
2026-01-21,388.88677978515625,393.9738868432153,366.5196432679402,372.6361277659507,56712800
2026-01-22,397.3518981933594,397.5517956550272,376.70377750604916,396.412465523718,39607600
2026-01-23,399.4207458496094,412.19341373986845,390.5158531620237,396.93218392852526,35404200
2026-01-26,388.8667907714844,397.77168311633346,384.07953006531557,395.2731172676128,29193900
2026-01-27,410.0046691894531,416.2111289816921,399.3707883450681,404.37789377881177,36212100
2026-01-28,435.03033447265625,438.6882388600938,416.7608205840813,422.1977027938172,42725700
2026-01-29,435.5400390625,444.4549054636323,417.4604191603535,439.11797215172794,42675700
2026-01-30,414.6419982910156,455.2386907026428,406.896444277963,446.213872214534,51022900
2026-02-02,437.5488586425781,442.17620767974205,409.7648173720168,411.9435595687579,37771200
2026-02-03,419.19940185546875,442.04627418529253,407.2962300497463,441.9063703526014,42763300
2026-02-04,379.182373046875,412.7631064514113,363.6912637248487,410.3544851484294,58074900
2026-02-05,382.6703796386719,390.70574573939183,365.7900535127613,369.4079721128486,38899500
2026-02-06,394.4635925292969,396.42245965517907,372.65610203071327,377.7531825675145,37196000
2026-02-09,383.2799987792969,391.5852291681203,370.46734586775284,380.47161322303185,31009600
2026-02-10,373.035888671875,382.57042468123126,365.8500107072858,375.7743071367975,35433800
2026-02-11,410.1046142578125,413.9224303228854,386.34826035041203,395.16320828074083,48475000
2026-02-12,413.7325439453125,438.51830622069866,410.9241582290314,422.00779323564984,45639100
2026-02-13,411.4238586425781,420.63857089338137,392.4847169378131,404.95756887926956,33807600
2026-02-17,399.5506591796875,413.42270159621324,395.07321821669467,400.72000141223486,28549500
2026-02-18,420.70855712890625,427.60459321919745,394.37366527315834,399.27084855466524,32306600
2026-02-19,417.110595703125,420.0788931999249,407.5060925636198,415.57147057513606,21651300
2026-02-20,427.92437744140625,430.3229944902613,414.91182733874604,414.94180890810406,29894900
2026-02-23,420.7285461425781,431.4524027339767,415.06178485521286,422.0677739009512,25426600
2026-02-24,417.7702331542969,436.0197382131025,411.0440825999938,428.9737943955014,33389200
2026-02-25,428.75390625,436.63939483015685,422.7573481206294,426.25534036276224,27296300
2026-02-26,415.3216247558594,433.7510496751504,401.7294198641812,424.5963003584035,35433500
2026-02-27,412.1334533691406,417.72024319947496,400.94986968460194,401.57951318695996,28653900
2026-03-02,412.43328857421875,417.37042672265255,396.77226412439063,401.2397011646354,30049200
2026-03-03,379.46221923828125,389.86625202405895,374.3351567775591,386.3282739254194,39010900
2026-03-04,400.5400695800781,407.6460064740802,387.3876157362462,393.41418564005653,32644900
2026-03-05,396.8222351074219,404.2979554687848,380.08184311044465,398.3713643086784,29960100
2026-03-06,370.08758544921875,390.9556136587371,367.23924459596833,379.9219681112347,34458800
2026-03-09,389.0966796875,389.7762822955878,357.46484133968016,363.75121121460063,35547200
2026-03-10,402.8787536621094,415.0717677060177,393.414215117463,393.7839979982904,33745400
2026-03-11,418.4498291015625,422.507497721878,405.55723503454624,410.53435883479557,30191400
2026-03-12,405.1174621582031,413.49265954288353,396.4424490795891,409.7647884145985,31720900
2026-03-13,425.8855895996094,429.1037439249959,412.76311569050233,413.51268551318486,39261000
2026-03-16,441.54656982421875,454.5990761239972,437.4989051179596,445.90408477349564,43067600
2026-03-17,461.4251403808594,462.464552294265,444.88464697556566,452.2803956477197,43017900
2026-03-18,461.46514892578125,471.0696217040618,458.03709329569284,464.4934096077029,58973700
2026-03-19,444.01513671875,456.95772024409706,420.8684186267436,424.7262202254473,74591900
2026-03-20,422.65740966796875,448.8423930033044,415.1217262287037,443.6653716790131,64224900
2026-03-23,404.1180419921875,444.0151239422344,401.2896484027503,425.90552375147496,54807300
2026-03-24,395.3031311035156,404.7477229826018,388.68693307608254,401.0498330246347,44975100
2026-03-25,381.8708190917969,388.6969182975011,371.1669711800078,382.78030075097894,55328700
2026-03-26,355.256103515625,374.0353343184194,349.79924385156124,369.80774961984406,54515900
2026-03-27,357.0151062011719,368.48853245801337,353.8569150607854,359.6535760842338,45806700
2026-03-30,321.75048828125,362.75418985689373,318.3510173743371,362.6042190325812,73833200
2026-03-31,337.7880554199219,337.7880554199219,311.442100475299,321.6205585497994,73551800
2026-04-01,367.7934265136719,377.831890789038,342.94724262880413,348.85633726392524,74429800
2026-04-02,366.18365478515625,366.88355931551865,340.1476822566628,341.28749103387474,51498700
2026-04-06,377.701904296875,385.0207551752209,370.55297966973916,373.742491438278,41414900
2026-04-07,377.52191162109375,379.1916681868341,364.04400448577076,374.07246056759936,40224100
2026-04-08,406.6674499511719,415.9360131047082,398.8186512936144,415.06615180551705,49216600
2026-04-09,421.4451904296875,423.87480942392403,398.378730785287,407.5473035457694,43101000
2026-04-10,420.52532958984375,423.7948158346493,409.98694159720065,420.2253879207372,36377600
2026-04-13,426.4944152832031,426.8143734072892,408.43719439316766,416.4059702509256,37015800
2026-04-14,465.5884094238281,465.7083860920208,424.79466402959326,434.2832257109763,52534900
2026-04-15,456.15985107421875,463.87866509856457,439.25244786438594,457.5596296769996,40370100
2026-04-16,457.1596984863281,462.2688980280435,444.31166844744615,452.89033559558965,33626400
2026-04-17,455.0000305175781,470.8975794478363,452.1304767239016,466.77821786855947,33405000
2026-04-20,448.3510437011719,464.4885454042651,435.83294982510625,458.17951836169027,32013600
2026-04-21,449.3109130859375,457.7496178840842,441.232138291909,451.250617253604,27734000
2026-04-22,487.4050598144531,491.90436792911254,458.4894929052389,462.85881612563526,45998100
2026-04-23,481.64593505859375,493.54409928872667,471.7274468681773,482.2058465155727,38178000
2026-04-24,496.64361572265625,506.9120254195625,489.28473167521884,495.8437509516432,35379600
2026-04-27,524.4793090820312,531.2782508923513,509.9415370994553,510.4814625795857,41298800
2026-04-28,504.21246337890625,518.7502360925458,488.15493538178663,503.4625787071371,44816600
2026-04-29,518.3803100585938,530.938376549403,508.72176108467283,525.9191288334299,36248500
2026-04-30,517.0804443359375,535.4176508639232,502.5026998725388,529.6585268720199,36554400
2026-05-01,542.1266479492188,545.8260301905997,510.13153798121783,511.701303890077,40215300
2026-05-04,576.3613891601562,592.7088511115685,557.6742601074695,560.5137893132991,46043700
2026-05-05,640.1015625,651.6397659140443,605.3768617682681,609.6862575628963,64268500
2026-05-06,666.487548828125,667.567338856077,627.4835362552068,660.2684733246462,55725800
2026-05-07,646.5305786132812,682.9849944681508,635.3222803012311,649.7300987842582,47527500
2026-05-08,746.6951293945312,747.0950922801325,676.1060129154682,676.3459662365216,65130900
2026-05-11,795.2077026367188,818.5440789846186,767.8818886525323,792.858027429677,70972900
2026-05-12,766.462158203125,782.6396632639393,706.491338412229,774.5809049006259,73743000
2026-05-13,803.5064086914062,814.8246750281264,779.3500902617413,813.0349112689491,54875100
2026-05-14,775.8906860351562,811.8751422431137,775.5107395840645,787.4988861690728,42142700
2026-05-15,724.5485229492188,749.474742504196,718.8894202889641,732.4573405930316,48519000
2026-05-18,681.4351806640625,756.8835994856332,663.1480150050809,750.3446270815475,60042500
2026-05-19,698.632568359375,725.8384071571451,652.1097534544188,665.4776931146919,61792100
2026-05-20,731.87744140625,735.566876482725,700.5522415362531,734.8470164803746,48827400
2026-05-21,761.9827880859375,764.7824063528074,732.0874224003402,736.2467558691484,42461500
2026-05-22,750.884521484375,780.0800437126234,747.0851180015923,756.703633887413,36002900
2026-05-26,895.7422485351562,916.6590146524127,820.1738531212661,820.373834573117,76560800
2026-05-27,928.2672119140625,956.0129448076547,888.0134539398174,955.5130216924548,72295700
2026-05-28,923.3779907226562,949.3439674852925,904.6408825248693,929.6870178621832,49694300
2026-05-29,970.8507080078125,980.849170500169,940.3654056327412,956.8528605185135,60498600
2026-06-01,1035.3408203125,1046.8090278226243,1009.344817098473,1009.5647539871434,46552100
2026-06-02,1063.936279296875,1076.3944455023225,1017.0435307945203,1049.8384727869006,47555400
2026-06-03,1079.4039306640625,1089.1225286874078,1038.3403000869419,1078.844080247331,40324200
2026-06-04,995.8468627929688,1036.2106509339512,971.5305947237666,1006.9451317330635,54917200
2026-06-05,863.8771362304688,961.7420884378228,863.8771362304688,944.2547879371384,77250500
2026-06-08,949.134033203125,962.8019137156274,916.3590453651269,938.1257167401803,54097800
2026-06-09,935.74609375,988.9979132065755,854.218593891356,988.0280306394972,73448600
2026-06-10,891.7428588867188,957.3327470461569,883.1141810553139,904.9908214103338,55712600
2026-06-11,995.7168579101562,996.616743925406,895.3622969166971,904.2309280744469,59418900
2026-06-12,981.4590454101562,1012.4642868369024,960.0423562021971,971.6605645390866,40785200
2026-06-15,1087.8226318359375,1097.3011540611717,1051.338254618575,1055.7275939797146,44994600
2026-06-16,1020.60302734375,1110.2292562771695,1019.8431344598333,1099.5308285965202,45499800
2026-06-17,1043.029541015625,1093.5018817580628,1013.9840809607729,1061.136863835972,46149200
2026-06-18,1133.8155517578125,1149.2532401330302,1092.6219382580323,1107.8994950196334,64642500
2026-06-22,1211.1937255859375,1213.3734440603093,1168.390250085504,1196.036022632204,53140800
2026-06-23,1051.6082763671875,1124.8269953923468,1038.3402975244019,1079.833915576653,60243300
2026-06-24,1048.3487548828125,1083.1533378357715,990.9475500402298,1082.05353141983,68935700
2026-06-25,1213.3734130859375,1254.8069810301963,1136.1352941340788,1232.810364629667,82143900
2026-06-26,1132.1558837890625,1198.525684121708,1121.187599491604,1138.9048461164418,86405300
2026-06-29,1145.1038818359375,1148.6133517516635,1023.492584008156,1128.526353776065,60694100
2026-06-30,1154.112548828125,1168.500350785656,1124.4871000242297,1144.55396024363,42152600
2026-07-01,1032.121337890625,1096.8313592555164,1032.0412720759573,1081.8436734177803,51328100
2026-07-02,975.4099731445312,1064.47629125389,950.1338925088278,1041.3398351432643,61316900
2026-07-06,984.75,1019.0,980.8499755859375,1007.0,37115800
2026-07-07,938.3800048828125,942.02001953125,891.6599731445312,923.010009765625,52367500
2026-07-08,948.7999877929688,959.0,900.4099731445312,902.6400146484375,42979000
2026-07-09,991.6400146484375,1035.5,987.1300048828125,1016.510009765625,41110700
2026-07-10,979.2999877929688,998.0,954.1300048828125,964.97998046875,31768100
2026-07-13,937.0,943.5,902.5999755859375,929.0,35536200
2026-07-14,983.1199951171875,994.7999877929688,950.0700073242188,988.3800048828125,30835200
2026-07-15,904.280029296875,978.4000244140625,873.6300048828125,975.8099975585938,54779200
2026-07-16,853.2000122070312,887.7100219726562,840.510009765625,866.77001953125,46718000
2026-07-17,848.9500122070312,903.9600219726562,804.0,822.530029296875,63346300
2026-07-20,865.4600219726562,901.0,858.9000244140625,885.5700073242188,37705200
2026-07-21,970.8200073242188,982.8800048828125,916.5700073242188,925.3499755859375,49369000
2026-07-22,959.47998046875,982.6199951171875,936.0599975585938,938.25,31588600
2026-07-23,990.2100219726562,1011.77001953125,964.4000244140625,975.1300048828125,40196300
2026-07-24,920.9500122070312,967.1400146484375,904.0,959.030029296875,40803100
2026-07-27,900.2000122070312,935.0,854.7899780273438,932.4500122070312,47591200
2026-07-28,820.530029296875,848.3599853515625,789.0900268554688,839.6099853515625,61039300
2026-07-29,739.0,841.7999877929688,737.8800048828125,833.0,69846000
2026-07-30,874.6599731445312,882.5,789.0,793.1400146484375,63075300
2026-07-31,823.030029296875,930.8800048828125,818.0,919.6500244140625,54538600
2026-08-03,829.5,836.6199951171875,770.0999755859375,786.3599853515625,42607100
2026-08-04,892.6699829101562,902.4299926757812,858.5,866.8200073242188,37478600
2026-08-05,893.1900024414062,928.97998046875,881.2000122070312,885.2999877929688,34720300
2026-08-06,881.469970703125,913.3300170898438,827.0,843.1099853515625,35784100
2026-08-07,877.5700073242188,904.7999877929688,847.02001953125,903.5999755859375,34568500
2026-08-10,861.0,894.989013671875,854.4600219726562,863.6649780273438,26187104
