Date,Close,High,Low,Open,Volume
2016-08-11,1.4635530710220337,1.4696818763213173,1.4390379667221376,1.4419798026175727,681064000
2016-08-12,1.5454330444335938,1.5537681650768191,1.4863516827846512,1.5174858477128506,1425744000
2016-08-15,1.543962001800537,1.5567098735963267,1.523124143434126,1.5471489697494845,573304000
2016-08-16,1.53464674949646,1.5442075389458834,1.52998886305344,1.5417560874426817,287652000
2016-08-17,1.4990991353988647,1.5380782631479095,1.4870867821459082,1.5346461622184933,595212000
2016-08-18,1.5223886966705322,1.5248401474577802,1.4910092849340533,1.4968929538589384,331684000
2016-08-19,1.5263111591339111,1.537833247410456,1.5150342042615415,1.5216532737630206,291560000
2016-08-22,1.5326855182647705,1.5348919533057164,1.512828304279582,1.5309694670647132,244748000
2016-08-23,1.5450884103775024,1.5551581059763195,1.5406675255612046,1.5482812521149454,339764000
2016-08-24,1.521264910697937,1.551228529822572,1.5141424715461471,1.5504917742327877,298448000
2016-08-25,1.511195182800293,1.5224929213916605,1.4922838348259797,1.5217561658175558,406032000
2016-08-26,1.5234752893447876,1.5320713560984458,1.5030901972002542,1.5151248077680017,300024000
2016-08-29,1.5224926471710205,1.5357551820172122,1.5200366785870574,1.5296152020009983,274652000
2016-08-30,1.513650894165039,1.5286326411427718,1.509475595607669,1.520527746271198,285544000
2016-08-31,1.5065288543701172,1.5207738508215367,1.502108086284877,1.5165986679507384,388544000
2016-09-01,1.55098295211792,1.5566317630047921,1.5065287521657411,1.5077567952672823,428492000
2016-09-02,1.5357553958892822,1.555894903222981,1.5183176768881614,1.5541756898410024,323148000
2016-09-06,1.5502458810806274,1.5502458810806274,1.533299333475438,1.5411586443621277,306812000
2016-09-07,1.52740478515625,1.552947515659883,1.5185631338117869,1.5453337901183883,397988000
2016-09-08,1.538456916809082,1.5409130026077478,1.5084934195861075,1.5259311368836437,315808000
2016-09-09,1.4618289470672607,1.5301065443793949,1.4490575810790018,1.5215104776998456,697760000
2016-09-12,1.4920381307601929,1.494985387278397,1.4077963203634616,1.4424264087834107,598260000
2016-09-13,1.470424771308899,1.505546021985956,1.4620742911808993,1.4883537743488233,471768000
2016-09-14,1.4834418296813965,1.4883538840665953,1.461583228656677,1.4738633060633668,319048000
2016-09-15,1.539684534072876,1.5414037468116304,1.4824589921773226,1.4858975347674157,515212000
2016-09-16,1.5433694124221802,1.55343910942709,1.5256859878003786,1.545088626127588,902444000
2016-09-19,1.5637543201446533,1.6028051773161076,1.5524565812521967,1.5595790204422217,417128000
2016-09-20,1.5495095252990723,1.58168353264465,1.540913456695821,1.58168353264465,331112000
2016-09-21,1.5929806232452393,1.5959278790249665,1.5539297769453622,1.5541753620749055,336212000
2016-09-22,1.5969101190567017,1.6072255136366451,1.5878228842723991,1.6023134600170612,308732000
2016-09-23,1.5951910018920898,1.6035414818353357,1.5880685647055985,1.5988751301623538,276132000
2016-09-26,1.5802092552185059,1.5865949370193084,1.5603154544295152,1.5770164143181047,230040000
2016-09-27,1.634242057800293,1.636698143628991,1.573332604867574,1.5740693603486124,402752000
2016-09-28,1.640136480331421,1.6413645231785567,1.619260220380557,1.6366980540495297,319788000
2016-09-29,1.6553637981414795,1.6605215546292205,1.6222074613637762,1.6374347943445342,336684000
2016-09-30,1.6828714609146118,1.6993268369125043,1.6546270609435088,1.6644511695127762,429932000
2016-10-03,1.681152105331421,1.70718612147165,1.6782049664951288,1.6828714355621224,242596000
2016-10-04,1.6774684190750122,1.7118528052137567,1.6649426374207623,1.6836085173065176,281624000
2016-10-05,1.6757491827011108,1.708905642430113,1.6705915424177455,1.6917133910395974,305440000
2016-10-06,1.6538904905319214,1.6659249838862293,1.627365300737281,1.6556097038682511,360212000
2016-10-07,1.641856074333191,1.6693636080818461,1.6371896041216842,1.6649427230742124,286260000
2016-10-10,1.6479960680007935,1.659293806448434,1.632523030015112,1.650452036995864,287876000
2016-10-11,1.624172568321228,1.6450488320467047,1.6116467866634154,1.6425928630209836,388540000
2016-10-12,1.6315405368804932,1.6401366032293374,1.604033007451571,1.617541128444415,419920000
2016-10-13,1.605015516281128,1.6160676696662912,1.5644910319439513,1.6123836575754478,390116000
2016-10-14,1.6207338571548462,1.6357156052107098,1.6111553336979958,1.6246634537518354,330636000
2016-10-17,1.6114013195037842,1.6357160119138487,1.609190935507466,1.6204886749236367,195328000
2016-10-18,1.6359610557556152,1.6452939932963364,1.627119405583555,1.633750672490751,269372000
2016-10-19,1.6325228214263916,1.6401365468522986,1.6165586151039812,1.6249092131131009,199060000
2016-10-20,1.6634690761566162,1.6688724190320234,1.6283479330296569,1.6516801667139198,312084000
2016-10-21,1.6588027477264404,1.6617498872963719,1.64308412349449,1.6575747045899294,279508000
2016-10-24,1.7366586923599243,1.738623490899547,1.6698546051117338,1.670100307402735,339836000
2016-10-25,1.7651481628417969,1.7757091429003395,1.7253605622836878,1.7337110420139354,397460000
2016-10-26,1.7722707986831665,1.791673429611794,1.7486928691405816,1.7504120821904217,333792000
2016-10-27,1.7359216213226318,1.7892174636556761,1.7287991835132506,1.7857790373261395,388664000
2016-10-28,1.732974648475647,1.7707974588376874,1.7297818069904511,1.7442723862607532,290856000
2016-10-31,1.7477104663848877,1.7592537870550338,1.7376406564656273,1.7386231140788189,252388000
2016-11-01,1.6958881616592407,1.763674571103353,1.6772222878503134,1.7540960490876025,473224000
2016-11-02,1.6887657642364502,1.7319919098653984,1.6858185084029256,1.7089052676904648,295848000
2016-11-03,1.6691179275512695,1.6980990879806297,1.6366983402387827,1.6966254597289139,309664000
2016-11-04,1.6595392227172852,1.688029209681038,1.6352245348665824,1.6580655946251863,328780000
2016-11-07,1.7504122257232666,1.761464377442855,1.7069404914196147,1.7081685343023723,487580000
2016-11-08,1.7477104663848877,1.7626922130323026,1.7315006769991335,1.7570432867035026,429884000
2016-11-09,1.7182379961013794,1.7413247541494858,1.6877833330902248,1.7003089940413452,456532000
2016-11-10,1.6644511222839355,1.7560610550611635,1.6396452664172936,1.755815469920792,869280000
2016-11-11,2.160569906234741,2.1802181305168276,1.9279838229258677,1.9527898056277582,2175344000
2016-11-14,2.0542232990264893,2.1659726305095,2.0537321286936887,2.1635165446202547,1348796000
2016-11-15,2.116852283477783,2.147798125389713,2.0613458145824817,2.070187584082432,626092000
2016-11-16,2.2504589557647705,2.2732998879269513,2.120780680082304,2.145095356772767,987984000
2016-11-17,2.2691259384155273,2.3280705955180396,2.226390839502222,2.2671610228220116,832988000
2016-11-18,2.292949676513672,2.3167729628519083,2.2546355754564016,2.2691261559501665,576060000
2016-11-21,2.283616304397583,2.317263929054057,2.2693711946808492,2.310878246752644,436436000
2016-11-22,2.300072193145752,2.3022825771966424,2.268880645654702,2.2914761250449063,330368000
2016-11-23,2.3113863468170166,2.3428704202241324,2.2818698960489026,2.3052369396303893,443236000
2016-11-25,2.3160600662231445,2.339181276895966,2.2976120771381314,2.3224553096800475,195564000
2016-11-28,2.3148300647735596,2.330326149609626,2.3022854140792948,2.3089267273381306,278736000
2016-11-29,2.29367733001709,2.3229479579333376,2.2759675457086375,2.312125090423061,444568000
2016-11-30,2.267849922180176,2.3160602038291955,2.26539015887924,2.302285670089519,440500000
2016-12-01,2.155687093734741,2.2671118322424944,2.0850935794953926,2.2653900449336306,1035524000
2016-12-02,2.175610303878784,2.1842192384593537,2.093702038453582,2.121496699203367,478292000
2016-12-05,2.2599782943725586,2.277934140799128,2.1891387199681516,2.213489809008673,602284000
2016-12-06,2.2971203327178955,2.305483434201044,2.252353625376215,2.268095782265944,498796000
2016-12-07,2.3384430408477783,2.344100307813604,2.265389772225389,2.2835916891393184,480804000
2016-12-08,2.2993342876434326,2.3765691290577786,2.288757726367787,2.341395400858748,381544000
2016-12-09,2.25850248336792,2.3187652627520303,2.231199726982871,2.31704347575751,382312000
2016-12-12,2.2036516666412354,2.2125066747956397,2.153227686062824,2.2100469112123107,601332000
2016-12-13,2.24251389503479,2.270062717036893,2.214965307608533,2.2159491187092293,387796000
2016-12-14,2.372386932373047,2.388620990839144,2.2523530462728143,2.276212228348121,983980000
2016-12-15,2.4279770851135254,2.458231519786162,2.3760771535661647,2.383456209596381,746548000
2016-12-16,2.4697911739349365,2.4769241570289457,2.403870897162531,2.455524738595176,1089528000
2016-12-19,2.499800443649292,2.5199699881871207,2.435110024444749,2.452328134287639,744656000
2016-12-20,2.5868735313415527,2.6104866457356266,2.561046489549614,2.57236125836038,848056000
2016-12-21,2.603107213973999,2.606058882167203,2.5509614668538565,2.5984337588827495,576136000
2016-12-22,2.634592056274414,2.677882807654476,2.620325617998224,2.6274588371363192,718612000
2016-12-23,2.7002665996551514,2.7017425516459297,2.613930914625599,2.616636513840735,647692000
2016-12-27,2.885727643966675,2.8867114552187307,2.735685402961697,2.756347081286045,1194272000
2016-12-28,2.6872291564941406,2.9499257476602536,2.673454861384335,2.941808718816851,2295764000
2016-12-29,2.7408511638641357,2.7423271155334836,2.528578490536404,2.580232342021163,2175368000
2016-12-30,2.62549090385437,2.7529038603708096,2.6146682749661743,2.738883492639519,1212932000
2017-01-03,2.5091471672058105,2.616390360672771,2.444456752900813,2.5679340088401847,1501996000
2017-01-04,2.567687749862671,2.5949905081166054,2.497340079223391,2.5433366601693703,1199220000
2017-01-05,2.5025057792663574,2.6028618201830502,2.485533741389581,2.5711316720815462,984296000
2017-01-06,2.5359578132629395,2.5642443851563477,2.4892232527142544,2.529808405519207,822856000
2017-01-09,2.638772964477539,2.6564829745176217,2.5457962327826964,2.5457962327826964,916248000
2017-01-10,2.6188504695892334,2.685754351289237,2.59818878353108,2.6518105046290836,880920000
2017-01-11,2.586627960205078,2.6122089368068,2.5617849595450077,2.6072896445396734,525664000
2017-01-12,2.544320583343506,2.5753129873046032,2.4995538818778806,2.5637523826738877,625616000
2017-01-13,2.5440752506256104,2.582692552212353,2.5349741726247936,2.5482565670688433,457820000
2017-01-17,2.4870095252990723,2.5384173066144453,2.4737271331629276,2.533498015063537,580612000
2017-01-18,2.5322675704956055,2.5391547178811065,2.4378148948752294,2.46560955449923,654424000
2017-01-19,2.586627960205078,2.618604180957231,2.533006478156046,2.5352201714050504,644872000
2017-01-20,2.5583407878875732,2.6269666700563827,2.536449461524009,2.6092566590430595,492024000
2017-01-23,2.5849056243896484,2.60482932855618,2.5507157176411894,2.5531754805409395,369904000
2017-01-24,2.6400036811828613,2.646153089910302,2.5802327888926944,2.594991135262594,428052000
2017-01-25,2.651318311691284,2.688459893959086,2.6154066111036545,2.6823104855582245,522760000
2017-01-26,2.697068929672241,2.704447985446898,2.624507549922916,2.654024007597496,458800000
2017-01-27,2.7492148876190186,2.7521665570508524,2.6773914787883255,2.70395626909886,471996000
2017-01-30,2.706169366836548,2.7305204583569456,2.654269679451095,2.728306765414349,496004000
2017-01-31,2.6855080127716064,2.7069074362496477,2.6614027559804834,2.6798507451503153,362756000
2017-02-01,2.802835464477539,2.8070167794378063,2.7022333783973207,2.719943153183032,590004000
2017-02-02,2.8382556438446045,2.8468648149194142,2.756347594743852,2.786847860422171,483240000
2017-02-03,2.81341290473938,2.8508005576340194,2.8016064627010318,2.8397318569521035,372744000
2017-02-06,2.885481595993042,2.885973501622842,2.804065232576084,2.804065232576084,506768000
2017-02-07,2.930248737335205,2.9742774646626557,2.899994308037366,2.919671943672788,746224000
2017-02-08,2.9174585342407227,2.934676408451014,2.8626069377800265,2.9122931719776353,449580000
2017-02-09,2.8626060485839844,2.9285263250108167,2.843420557323971,2.9236067998640345,842568000
2017-02-10,2.7947182655334473,2.968865272876172,2.769629204418292,2.9499256179330873,1651092000
2017-02-13,2.665830135345459,2.803573576118803,2.6614025151319773,2.7890613031584186,1180724000
2017-02-14,2.675668716430664,2.7093667151400602,2.614421891252086,2.656236919298027,850632000
2017-02-15,2.6810801029205322,2.70075773697465,2.65057984050942,2.6786205745956937,373020000
2017-02-16,2.638035535812378,2.691903078890702,2.5989261016064082,2.690673197388687,647176000
2017-02-17,2.6375434398651123,2.6419710602619375,2.5775267228442647,2.6245071179613686,563740000
2017-02-21,2.7319962978363037,2.735931777858841,2.661894460360288,2.662140530488657,551952000
2017-02-22,2.727809429168701,2.753422685299107,2.7088456328767934,2.7440639774920776,433772000
2017-02-23,2.4748785495758057,2.620184426073657,2.4549299359358927,2.5982654717006426,1592888000
2017-02-24,2.4987683296203613,2.5120674862519317,2.356910345720961,2.3906508812967555,1029904000
2017-02-27,2.571420192718506,2.5864433033853595,2.501230137778538,2.5169921554096977,715400000
2017-02-28,2.499260663986206,2.5908774085511657,2.4820210613213884,2.5810259386033034,625360000
2017-03-01,2.531524181365967,2.5704366038153617,2.4901488908809335,2.556152157106279,504804000
2017-03-02,2.438182830810547,2.5327549662143096,2.435473817588905,2.5187169038556902,754332000
2017-03-03,2.424144983291626,2.43251840357658,2.369716694515599,2.4275929036804826,864692000
2017-03-06,2.4054276943206787,2.4160178367351186,2.3438574156919465,2.3879417107634335,883568000
2017-03-07,2.431779623031616,2.451235947557968,2.3926210630228404,2.405427692240396,603400000
2017-03-08,2.4273464679718018,2.4948275295840374,2.4251299813252016,2.4800505604867773,638712000
2017-03-09,2.426853895187378,2.4492653767794295,2.398777771874124,2.411338254085188,478060000
2017-03-10,2.4411375522613525,2.465026842784753,2.422912902181984,2.4532055052696786,499740000
2017-03-13,2.508373260498047,2.5182244957066215,2.450743428835497,2.451482336065933,774136000
2017-03-14,2.506649971008301,2.5305390407562243,2.474387008527805,2.5211805644448515,522016000
2017-03-15,2.5256123542785645,2.5364486403620106,2.4706915470359947,2.5182239880794843,615036000
2017-03-16,2.5566437244415283,2.5571364857613816,2.522164524367886,2.5362025850572696,523100000
2017-03-17,2.6123037338256836,2.613535167519602,2.556644011271599,2.5741299939301006,1119688000
2017-03-20,2.6955459117889404,2.699486592574576,2.6137806608734,2.6297890600262996,748568000
2017-03-21,2.6083626747131348,2.7081066756432284,2.600481782058514,2.6783065952285847,913484000
2017-03-22,2.6615593433380127,2.666238696434738,2.5933393873543498,2.5972798334168785,616764000
2017-03-23,2.6374247074127197,2.6736281129826005,2.6278198516807945,2.6536792593221348,533940000
2017-03-24,2.6467835903167725,2.6916068013640646,2.6209241809848844,2.6837259056263516,439500000
2017-03-27,2.6659932136535645,2.6699336610431588,2.5509799228403383,2.6002361023902445,506644000
2017-03-28,2.6522016525268555,2.681755361618182,2.6418578895756917,2.667224770366213,432444000
2017-03-29,2.643580675125122,2.6719029377241146,2.641364189030993,2.65958883902441,349992000
2017-03-30,2.69431471824646,2.7090916853282603,2.645058552760331,2.6507229589450527,525532000
2017-03-31,2.682739734649658,2.7063828838261763,2.6696869613410694,2.684710075371682,440808000
2017-04-03,2.6691949367523193,2.7004726042867815,2.6455517831303115,2.6832330004973897,445232000
2017-04-04,2.482020854949951,2.5716672510971565,2.471184567729061,2.5465465215371452,1271280000
2017-04-05,2.463550090789795,2.5211799232172014,2.450497080657409,2.4633037100857216,747048000
2017-04-06,2.481527805328369,2.4935955236463143,2.4236516107578203,2.468721180007149,635120000
2017-04-07,2.470938205718994,2.5054176433142326,2.4559150909792837,2.4879316612737292,429068000
2017-04-10,2.407890796661377,2.478327029416072,2.403703968452938,2.4716775683250187,756332000
2017-04-11,2.4165103435516357,2.435720287237883,2.372918575364226,2.37784407548092,618148000
2017-04-12,2.39656138420105,2.430794442258566,2.3913895036201556,2.4165102342073284,414092000
2017-04-13,2.351738214492798,2.3940985475602243,2.351738214492798,2.372425971953983,506892000
2017-04-17,2.443847179412842,2.4440933252005506,2.359372669585664,2.3645445495907644,497292000
2017-04-18,2.445324659347534,2.4514818268689726,2.4037032403390812,2.429562639313347,370116000
2017-04-19,2.454930067062378,2.486946402863791,2.448280372245928,2.4628109606718427,380828000
2017-04-20,2.4938433170318604,2.4985226725836154,2.4482811955934056,2.469461485958621,404016000
2017-04-21,2.5041868686676025,2.506895882488209,2.4716777633322677,2.483499106717471,341896000
2017-04-24,2.5354630947113037,2.548515864630358,2.514775579425913,2.535709240442674,371820000
2017-04-25,2.5795488357543945,2.5940794277920953,2.5285686906869396,2.549995125064971,388440000
2017-04-26,2.5618162155151367,2.5955565134355374,2.5598458745621926,2.5930938808343194,327004000
2017-04-27,2.6017134189605713,2.610086838701698,2.5512258152267857,2.5692043231930226,319700000
2017-04-28,2.5687122344970703,2.6017138623593685,2.5630475919419107,2.59481802085429,348248000
2017-05-01,2.6263415813446045,2.631513696847482,2.5724060534462483,2.579548274976923,307732000
2017-05-02,2.5485165119171143,2.6007283094700258,2.525858650666583,2.5994968758847645,629972000
2017-05-03,2.5674805641174316,2.577085418222555,2.5268441912265933,2.5416209259840086,336904000
2017-05-04,2.557629108428955,2.5847199430591252,2.5497479803499616,2.57363727551225,209788000
2017-05-05,2.557875156402588,2.5650173770727904,2.530537942148709,2.54605381704411,228428000
2017-05-08,2.5310311317443848,2.571174745044671,2.519702082044593,2.5696971654518155,365240000
2017-05-09,2.535216808319092,2.5842268209493495,2.5283209696343723,2.5366946222497546,847672000
2017-05-10,2.9871437549591064,3.000196765711264,2.8080975500374663,2.8147470108994423,2129096000
2017-05-11,3.1154561042785645,3.212244733816736,2.9531569817891117,2.9566049024707577,1939792000
2017-05-12,3.149688720703125,3.1918029050630983,3.0977235371048293,3.1186574389481483,962620000
2017-05-15,3.3078014850616455,3.3102643524987374,3.186384891902223,3.1908181002633813,1087540000
2017-05-16,3.3693716526031494,3.384887529056603,3.28440484262376,3.3587815108643055,1120700000
2017-05-17,3.145503282546997,3.3213479816379774,3.14131645366749,3.3026305594980885,1271368000
2017-05-18,3.2772626876831055,3.2861288694259905,3.129001404949158,3.1893402471947496,1156032000
2017-05-19,3.352950096130371,3.4076818690815256,3.333719924778073,3.3783436844681947,1018372000
2017-05-22,3.424448013305664,3.438747267979009,3.3857410169212865,3.3965889543749386,836608000
2017-05-23,3.3783445358276367,3.4463897204251923,3.345801196894864,3.4441708991560205,681248000
2017-05-24,3.416311502456665,3.4779466221783353,3.404230836538623,3.4752345207913518,815996000
2017-05-25,3.4086687564849854,3.4523064330806963,3.3637983492650685,3.4515667476823078,608228000
2017-05-26,3.4969308376312256,3.58174074503539,3.380317273730341,3.4005335423902956,779140000
2017-05-30,3.571631908416748,3.6066404689891876,3.526761503316545,3.5427865304355315,989652000
2017-05-31,3.558812379837036,3.624145464777477,3.5021079400433868,3.6165026750790763,887316000
2017-06-01,3.559058427810669,3.5755767363194138,3.5136949745751664,3.574590410731282,503340000
2017-06-02,3.5413076877593994,3.582233264386071,3.535390674601021,3.5560999855360116,487456000
2017-06-05,3.649045705795288,3.6618658225670244,3.5134486243272063,3.525036010434045,817376000
2017-06-06,3.6325275897979736,3.6904645196567025,3.619214427939358,3.6443613808282262,758728000
2017-06-07,3.6764116287231445,3.6951487581976874,3.6414030661651595,3.656935048962533,612612000
2017-06-08,3.9431686401367188,3.9446477758382437,3.7422380123881336,3.783410228405534,1161744000
2017-06-09,3.688246488571167,4.154208193910968,3.519366115183547,4.061509086280469,3692928000
2017-06-12,3.6973683834075928,3.7400199792317794,3.503587693641226,3.59653344070329,1697532000
2017-06-13,3.7326226234436035,3.815706731560428,3.590861671820395,3.8065845728409085,1672504000
2017-06-14,3.7405123710632324,3.798202897645878,3.6611264426951515,3.73558168342812,1184640000
2017-06-15,3.756537914276123,3.786862198017779,3.611818424245223,3.6231594063523045,963824000
2017-06-16,3.738046169281006,3.813980765847472,3.7040237024677047,3.7661518591279917,924960000
2017-06-19,3.8785746097564697,3.8837519368537095,3.778479148971218,3.7821771054010727,778176000
2017-06-20,3.872904062271118,3.9875454157562062,3.8687130605937354,3.920732972521884,1095444000
2017-06-21,3.93158221244812,3.9352804055034305,3.8386364567564684,3.9005182372133542,682652000
2017-06-22,3.9044606685638428,3.953029256234932,3.88054621734052,3.9397158626720343,469132000
2017-06-23,3.792532444000244,3.9278831201352147,3.7774932709902846,3.912104496823268,1088588000
2017-06-26,3.751113176345825,3.8608236069724775,3.656934727149721,3.8253217671888624,1063960000
2017-06-27,3.61379075050354,3.7422383321067527,3.608120377150917,3.7336094519789897,999492000
2017-06-28,3.741251230239868,3.745935511774331,3.5933268719463807,3.6813418956965127,994948000
2017-06-29,3.6162562370300293,3.7158584370447887,3.5521556483239505,3.712900165368525,1064424000
2017-06-30,3.5639894008636475,3.6470735195796826,3.5378561221156817,3.63351371740465,731060000
2017-07-03,3.435049295425415,3.5908629113377395,3.4165588016934203,3.5760706103998974,709072000
2017-07-05,3.526762008666992,3.555607155662121,3.4794261356520813,3.498409671825689,820188000
2017-07-06,3.537363052368164,3.584205879878552,3.445650048669037,3.4976702042012024,746284000
2017-07-07,3.6182284355163574,3.6364725216570046,3.571139201879183,3.594067570875428,654972000
2017-07-10,3.7893271446228027,3.796723293180096,3.6655638595565008,3.691697137236971,958492000
2017-07-11,3.8430733680725098,3.8507161573913433,3.7511137262958276,3.793025629895059,757956000
2017-07-12,4.006528377532959,4.018608805891109,3.859836991516875,3.9027349735098906,1145208000
2017-07-13,3.960179567337036,4.099967876946383,3.913830025925479,4.018609539311494,1369132000
2017-07-14,4.066687107086182,4.068166008244337,3.969549869489897,3.976452975690766,941948000
2017-07-17,4.049427032470703,4.129552873332304,3.9877919149582803,4.100707495383947,930792000
2017-07-18,4.091588020324707,4.10613391968997,3.9766997266893727,3.988533758416855,776640000
2017-07-19,4.070383548736572,4.127087748612837,4.058303117386156,4.100707829643317,687044000
2017-07-20,4.129551410675049,4.129797815629098,4.041043597609581,4.090844672158438,699596000
2017-07-21,4.144345283508301,4.173930347630496,4.094790595002775,4.1090900818483895,648332000
2017-07-24,4.096270561218262,4.161110836425801,4.085669499746062,4.1514958655279095,652524000
2017-07-25,4.076545715332031,4.090845198560805,4.032908050688438,4.073340569563103,496556000
2017-07-26,4.123635292053223,4.189461637384372,4.0888729062361335,4.133989945224576,640404000
2017-07-27,3.987546682357788,4.160125250230541,3.8844926810288216,4.148537626540423,782856000
2017-07-28,4.052878379821777,4.077286114603497,3.9268965200926926,3.9517968298129325,513348000
2017-07-31,4.006528377532959,4.102432589397028,3.959932439580095,4.066437709322956,559672000
2017-08-01,4.055344581604004,4.057070357598832,3.969302186936513,3.9971610079276854,431384000
2017-08-02,4.052878379821777,4.090352634714849,3.9759581595657423,4.086408273297855,478444000
2017-08-03,4.104406833648682,4.1081047910442585,4.035375317419268,4.0523866738208945,442420000
2017-08-04,4.122402191162109,4.192912572467104,4.104404753259891,4.127086236806401,589096000
2017-08-07,4.249125003814697,4.249617813880185,4.1418795645058974,4.151495003646262,717412000
2017-08-08,4.198585033416748,4.303610966622981,4.159384994714744,4.287092891726921,755336000
2017-08-09,4.243208885192871,4.245674346755499,4.133744837053488,4.152481968738491,530784000
2017-08-10,4.061509609222412,4.256769696940887,4.051401355492976,4.244442386207858,1328088000
2017-08-11,3.8450448513031006,3.919993124872822,3.7698501727080753,3.874136632401297,1497196000
2017-08-14,4.1517415046691895,4.155439461200298,3.924924256068309,3.93651164109645,1279020000
2017-08-15,4.116732597351074,4.183051759260188,4.082463488395804,4.156918718738203,764532000
2017-08-16,4.071616172790527,4.155193574635667,4.039319709895831,4.131772396618513,596632000
2017-08-17,3.9808895587921143,4.080245356768138,3.9786709725266807,4.063234471191188,525444000
2017-08-18,3.9816296100616455,4.052140501393427,3.9357731017924107,4.03512914401503,601204000
2017-08-21,3.923691749572754,4.017377160659298,3.8798076680545575,4.006036415141319,623672000
2017-08-22,4.011043548583984,4.016965770877216,3.9409645456509406,3.9602116504407814,450456000
2017-08-23,4.091240406036377,4.102344515279784,3.9690952043589016,3.9777321521283993,579520000
2017-08-24,4.076186180114746,4.127758868536408,4.0497835164619875,4.123316850290575,469700000
2017-08-25,4.042135715484619,4.110487664981904,4.035719777955031,4.100370514663828,357200000
2017-08-28,4.07075834274292,4.073966310674227,4.005614378935982,4.06113490960157,389496000
2017-08-29,4.064095973968506,4.085810943349243,4.003887270231886,4.012030501412811,324096000
2017-08-30,4.088278770446777,4.0993828776275105,4.053485775773115,4.083836751052391,384400000
2017-08-31,4.181061744689941,4.1850095809923396,4.1011124117319016,4.108514840125334,612684000
2017-09-01,4.2062296867370605,4.241763027562376,4.185008425187449,4.193645373682579,445432000
2017-09-05,4.093954563140869,4.1598388803364,4.035966856824408,4.154903616200155,695364000
2017-09-06,4.091487407684326,4.140592491450574,4.056694873972055,4.126774126781559,397672000
2017-09-07,4.110487461090088,4.142812357188386,4.070265954477423,4.108266451135546,352868000
2017-09-08,4.0391740798950195,4.113694868928455,4.014991946187767,4.098889548180518,498856000
2017-09-11,4.170200824737549,4.180811685044766,4.07939407530513,4.084823051736434,567444000
2017-09-12,4.185255527496338,4.194878964163865,4.1201115398196215,4.194878964163865,411488000
2017-09-13,4.204007625579834,4.232877925067333,4.127759555472201,4.160084444846371,580960000
2017-09-14,4.1800737380981445,4.258049133364543,4.14059256105081,4.165021321671949,513712000
2017-09-15,4.444350242614746,4.444350242614746,4.260269035104378,4.265450921166393,1364792000
2017-09-18,4.627938747406006,4.718005688820663,4.561561172766136,4.568470355692921,1684460000
2017-09-19,4.623003005981445,4.684692395564746,4.555638015591068,4.577599611482914,874280000
2017-09-20,4.5857415199279785,4.67408066041645,4.5455200190515335,4.626703357350354,724920000
2017-09-21,4.460390090942383,4.508261121943649,4.382661321073634,4.482104596185672,1075600000
2017-09-22,4.416961193084717,4.498638279534807,4.407091133271735,4.449039946445701,491232000
2017-09-25,4.219552993774414,4.387348155146531,4.198825455860749,4.386114104183552,874580000
2017-09-26,4.243243217468262,4.409064532840637,4.203515419514735,4.354037696855157,1125620000
2017-09-27,4.336271286010742,4.349596407240156,4.2627374385029295,4.333557031485099,713720000
2017-09-28,4.335036277770996,4.347373965426331,4.287658502912653,4.343425660637264,435244000
2017-09-29,4.411284923553467,4.434973343384746,4.373777670504763,4.418934441495049,619092000
2017-10-02,4.416961193084717,4.49049504483526,4.367609952714213,4.4613776388751285,503480000
2017-10-03,4.426089286804199,4.455947015448963,4.381919484035338,4.423127940808316,390332000
2017-10-04,4.463102340698242,4.485310550686096,4.39573737431475,4.432257656898726,427848000
2017-10-05,4.460636138916016,4.490987588596641,4.430778403891061,4.487532997964961,437364000
2017-10-06,4.473714351654053,4.487039470734371,4.416960225862189,4.432999599030392,318800000
2017-10-09,4.5746378898620605,4.607703591995316,4.491727247865102,4.510480873474691,563492000
2017-10-10,4.661991119384766,4.761187777227535,4.620782646523738,4.723680517653766,974876000
2017-10-11,4.7115888595581055,4.713069532949091,4.632626514945159,4.678523154191402,529508000
2017-10-12,4.713809967041016,4.764641871539029,4.686666484024716,4.7150435477905255,528292000
2017-10-13,4.80165433883667,4.8117714872007,4.729107946538963,4.775991534980275,628728000
2017-10-16,4.884072303771973,4.8870336505873215,4.768343039663124,4.831513104326579,576640000
2017-10-17,4.879630088806152,4.908007148435938,4.845084185022525,4.863344095500636,478596000
2017-10-18,4.875435829162598,4.889254192567472,4.770317430217601,4.888514326515958,567316000
2017-10-19,4.880864143371582,4.885798936306451,4.748848901647853,4.797953503581448,570772000
2017-10-20,4.858656883239746,4.925034450128829,4.8497733129049205,4.897891436365665,451620000
2017-10-23,4.851746559143066,4.906773381119188,4.8315122616098165,4.880370239666877,428696000
2017-10-24,4.902579307556152,4.904306602980218,4.834967693347943,4.860877124708925,407244000
2017-10-25,4.778707027435303,4.915904650176435,4.717264726082027,4.863098355682998,828160000
2017-10-26,4.828797817230225,4.840395168035618,4.782407472703444,4.806342981512302,322744000
2017-10-27,4.9810471534729,4.981293775427688,4.854953677993826,4.880863573476666,572192000
2017-10-30,5.0299072265625,5.085427311322194,4.9652564778346635,4.981049231930078,504056000
2017-10-31,5.103193759918213,5.1298435312197075,5.056063063057213,5.06173866470539,411908000
2017-11-01,5.1128153800964355,5.181167315021661,5.048658371741765,5.165868281800248,502576000
2017-11-02,5.081724643707275,5.12786837054264,5.025217145580886,5.083205316935321,342308000
2017-11-03,5.14958381652832,5.14958381652832,5.0669202530208235,5.112816895637146,353640000
2017-11-06,5.1727776527404785,5.181414128159518,5.100477881188919,5.112815568743943,389944000
2017-11-07,5.23199987411499,5.2534682242757045,5.183388985396631,5.195480052078543,427700000
2017-11-08,5.161180019378662,5.231259248075691,5.11380271815011,5.227557565489611,522988000
2017-11-09,5.066425323486328,5.0913477917094525,4.944280614060956,5.065191742967513,978564000
2017-11-10,5.333418846130371,5.395848582946882,5.222131115803474,5.257911080764572,1253256000
2017-11-13,5.246806621551514,5.358834210595927,5.231507583591469,5.333418491993811,582376000
2017-11-14,5.285053730010986,5.300352767925329,5.2122602242267675,5.255936327697299,529292000
2017-11-15,5.1814141273498535,5.231259533456734,5.127621357791847,5.230025482309857,501948000
2017-11-16,5.2216362953186035,5.285546692219255,5.212753196798798,5.255442335399168,441768000
2017-11-17,5.215467929840088,5.313924241864783,5.200415985373731,5.278637995891355,515664000
2017-11-20,5.282586574554443,5.294677643418057,5.194246938064573,5.231013859378572,396100000
2017-11-21,5.331197261810303,5.3427950861461415,5.290482506927567,5.322314162365672,399176000
2017-11-22,5.307244777679443,5.358359259350775,5.274650158608363,5.358359259350775,356640000
2017-11-24,5.357369899749756,5.358358014868807,5.299094656703821,5.323540850819323,180752000
2017-11-27,5.287735462188721,5.367246693934093,5.284525265853096,5.366012256640127,422896000
2017-11-28,5.203039169311523,5.302304702692142,5.142047788870571,5.292921377164338,512752000
2017-11-29,4.850179672241211,5.188472152809102,4.722023267140362,5.185756012818744,1396788000
2017-11-30,4.95611047744751,5.004755602315434,4.855857766217551,4.918824437844286,823768000
2017-12-01,4.881291389465332,4.941789189353718,4.752641429319346,4.921540834628558,811548000
2017-12-04,4.609175682067871,4.945986835177047,4.555839129019398,4.939813234896601,1240844000
2017-12-05,4.635845184326172,4.758322042474608,4.459044114595156,4.50398499760678,981488000
2017-12-06,4.673377990722656,4.695107578798248,4.564235050733378,4.585471052136598,467032000
2017-12-07,4.740788459777832,4.780544315834879,4.694612681270943,4.740047608922165,542600000
2017-12-08,4.728442668914795,4.809682413084032,4.72004698635999,4.7906684951877,466876000
2017-12-11,4.8067193031311035,4.809682707027843,4.726714462613752,4.742517713464227,372748000
2017-12-12,4.712393760681152,4.786472756082513,4.688935671176263,4.76326145997816,455016000
2017-12-13,4.597322940826416,4.754616458388995,4.58991490318919,4.753382020939242,554280000
2017-12-14,4.604485034942627,4.675353821963455,4.558309242815931,4.590903864201869,438164000
2017-12-15,4.730172157287598,4.750420516997268,4.583496359015741,4.648438809323871,670036000
2017-12-18,4.886725425720215,4.889688359129098,4.741037269406493,4.770668487414191,477704000
2017-12-19,4.842524528503418,4.882527187648366,4.8141277506400355,4.877341701368436,373100000
2017-12-20,4.859562873840332,4.8909225860625005,4.804003753747096,4.881786521877626,288820000
2017-12-21,4.837092399597168,4.887959619591962,4.828696715554806,4.86301983180473,300904000
2017-12-22,4.82178258895874,4.831165917139893,4.722517027508524,4.800299792777093,466276000
2017-12-26,4.875366687774658,4.8830215216898765,4.736592503739777,4.766470988250175,355080000
2017-12-27,4.868697643280029,4.9378379155627075,4.847462116296688,4.862030927425496,329488000
2017-12-28,4.874378204345703,4.923270133044771,4.868205073793837,4.892404009305769,240248000
2017-12-29,4.778074264526367,4.900551069370233,4.778074264526367,4.900551069370233,279964000
2018-01-02,4.922528266906738,4.9262325212577105,4.802768051762325,4.8343745490267915,355616000
2018-01-03,5.246500492095947,5.276873030919499,5.031178464326242,5.0398209418013105,914704000
2018-01-04,5.274155139923096,5.384285709129352,5.251931497244063,5.3277389582428585,583268000
2018-01-05,5.318851470947266,5.356137524209264,5.212177856164972,5.288972987072824,580124000
2018-01-08,5.481823444366455,5.555901948622903,5.397373497373646,5.442314845965731,881216000
2018-01-09,5.48034143447876,5.526764011442247,5.398854895983358,5.487255415261424,497000000
2018-01-10,5.5233073234558105,5.526764314036415,5.333665957208936,5.387990162186952,582664000
2018-01-11,5.533183574676514,5.587260975240034,5.511700313636926,5.555900802128249,406032000
2018-01-12,5.506021499633789,5.555654268535847,5.465525263383712,5.521331161491889,359916000
2018-01-16,5.435153961181641,5.617881358656475,5.3507044795640475,5.532444232660265,702348000
2018-01-17,5.54898738861084,5.558864301690892,5.355889051648854,5.449721845317526,538408000
2018-01-18,5.542074203491211,5.596398410676426,5.498614555155242,5.529727471644802,408632000
2018-01-19,5.682082176208496,5.706281108604967,5.605287537749139,5.632202609560371,609380000
2018-01-22,5.770482540130615,5.772211035255632,5.632449252459123,5.689983649183062,550944000
2018-01-23,5.899380207061768,5.9220974386965155,5.805300141382632,5.823819531545379,475228000
2018-01-24,5.822585105895996,5.938394759156828,5.767025993334276,5.902589945397093,579972000
2018-01-25,5.836166858673096,5.920122754728152,5.8213512508338745,5.8769098979758745,409884000
2018-01-26,6.008523464202881,6.008770257563276,5.867033157046664,5.879873476482648,516356000
2018-01-29,6.095442771911621,6.126556163999323,5.941359397629485,5.993955117261491,455116000
2018-01-30,5.993460178375244,6.0848241102499605,5.8870338459000475,5.95370478502649,570832000
2018-01-31,6.06951379776001,6.155198176737527,6.036178331753405,6.068772946829248,478576000
2018-02-01,5.938641548156738,6.096676409437072,5.878391007501542,5.889749623333987,519224000
2018-02-02,5.766286373138428,5.876170184094178,5.708258372948014,5.852218038699163,718464000
2018-02-05,5.276871204376221,5.759123164476467,5.062042837691957,5.605286647689737,1165204000
2018-02-06,5.570224285125732,5.573187218233309,5.037351292123833,5.047228677775093,1114800000
2018-02-07,5.6497344970703125,5.802089811251349,5.597879640627276,5.668995208734599,802932000
2018-02-08,5.371200084686279,5.80826407928095,5.370952820335988,5.77517587039458,1144000000
2018-02-09,5.7307281494140625,5.898886734378586,5.371199687913183,5.8830834821942375,1674604000
2018-02-12,5.630720615386963,5.814682886868104,5.556642120188144,5.811719483311583,1093172000
2018-02-13,5.744309425354004,5.7904852159964895,5.5620756092920765,5.594423436273443,625524000
2018-02-14,5.961360931396484,5.9902517722482,5.692949091348327,5.704060916985158,744988000
2018-02-15,6.086799621582031,6.132975411384869,5.963829181989082,6.044574880316106,698900000
2018-02-16,6.021116256713867,6.173224311591797,6.011979722715716,6.059637210328734,637656000
2018-02-20,6.15050745010376,6.219400471784907,6.0398828041022865,6.043587059178459,686240000
2018-02-21,5.96358060836792,6.2218686341425675,5.959876824976251,6.214954653955677,892292000
2018-02-22,5.9831013679504395,6.06908595216146,5.917624671658032,5.997432289076396,534364000
2018-02-23,6.0764970779418945,6.0764970779418945,5.992242084319867,6.042893953409047,415300000
2018-02-26,6.092559814453125,6.127151209647181,6.030294831831411,6.122703811875432,469312000
2018-02-27,6.0797119140625,6.150130385346816,6.0567331409142895,6.065874883803376,455436000
2018-02-28,5.97939395904541,6.130113894779751,5.967780868176108,6.090580750527572,523116000
2018-03-01,5.73750114440918,6.031034996811385,5.636444334778007,5.9771709264830095,1040120000
2018-03-02,5.844488143920898,5.850912528953584,5.481524056473077,5.63002056840413,913428000
2018-03-05,5.822499752044678,5.862032917789265,5.6710379514404385,5.794332265415345,620776000
2018-03-06,5.983349800109863,6.002622487963582,5.864750311666506,5.907742614445411,636808000
2018-03-07,5.9754414558410645,6.02757595760045,5.879326406215545,5.880561610998472,581208000
2018-03-08,5.959134578704834,6.002868183974079,5.914906608712613,6.002868183974079,411912000
2018-03-09,6.061672210693359,6.074520034382291,5.990512459467834,6.006572474715116,505524000
2018-03-12,6.171131610870361,6.251186182577723,6.094783125334736,6.102937080439439,605060000
2018-03-13,6.120479106903076,6.288248295020169,6.0792163846093725,6.21387633344253,619772000
2018-03-14,6.145928382873535,6.190650241531687,6.083663411876089,6.163471023940503,505496000
2018-03-15,6.160754680633545,6.241797516988848,6.1187506393607825,6.159519475569246,401952000
2018-03-16,6.1889214515686035,6.207946717769669,6.139504771773921,6.177061410716089,399456000
2018-03-19,5.954687118530273,6.161000737351498,5.855854233128718,6.132092418807679,713772000
2018-03-20,6.166685104370117,6.205476955227042,5.957653142664343,5.957653142664343,554696000
2018-03-21,6.141482353210449,6.226478692508028,6.111090936678486,6.160260203224655,438688000
2018-03-22,5.975688457489014,6.124679321622564,5.938379240415697,6.078227892491126,551196000
2018-03-23,5.756278991699219,5.991748304328897,5.745160264654728,5.9892774237332,735620000
2018-03-26,6.040672302246094,6.041907507254022,5.828675588945288,5.8805626821817985,611424000
2018-03-27,5.572203159332275,6.177060956923708,5.432107556325861,6.121467314056925,1409000000
2018-03-28,5.469168663024902,5.667822640949197,5.361687957221231,5.5378575360755535,945904000
2018-03-29,5.722181797027588,5.81879073560349,5.453108871312396,5.537363877539234,916628000
2018-04-02,5.461757183074951,5.79778944981991,5.37404303062302,5.651763826874527,922092000
2018-04-03,5.5680036544799805,5.69154489459939,5.469170756638939,5.628539069498361,667432000
2018-04-04,5.589992523193359,5.600369939066566,5.287563426422367,5.31251870810874,789168000
2018-04-05,5.469911098480225,5.661399892464157,5.398504383685218,5.6483046477489145,701240000
2018-04-06,5.293741703033447,5.475347468322936,5.264585964188444,5.367372361645052,662988000
2018-04-09,5.3224029541015625,5.484489069391184,5.302388959677883,5.356747398332987,499524000
2018-04-10,5.631256580352783,5.6581883844427345,5.49536094111408,5.552437213274264,761676000
2018-04-11,5.589992523193359,5.657693144322585,5.557377652942625,5.616430427510846,460244000
2018-04-12,5.796554088592529,5.814344149524457,5.638668417093566,5.682896387062029,593920000
2018-04-13,5.7199578285217285,5.868454318867843,5.671776832869516,5.8600534187104,503036000
2018-04-16,5.719710826873779,5.75306700922149,5.625572299221727,5.7266291042846555,350792000
2018-04-17,5.869196891784668,5.8904460934350125,5.716252971795476,5.771846621525627,447224000
2018-04-18,5.840288162231445,5.911447940393819,5.751338792982789,5.818792013608508,391364000
2018-04-19,5.65917444229126,5.759489918543883,5.6038282326469,5.726133742007625,471996000
2018-04-20,5.651021957397461,5.734782597827774,5.619889708986493,5.650527592750426,386200000
2018-04-23,5.531681537628174,5.719958133507901,5.505737995704806,5.668812361040737,427508000
2018-04-24,5.465463638305664,5.653245873112171,5.400233890919394,5.557378239507013,414596000
2018-04-25,5.353288173675537,5.474852876017845,5.196143822824847,5.435813617197795,588492000
2018-04-26,5.564789772033691,5.57294372515703,5.448908157916776,5.514879209123028,375824000
2018-04-27,5.5922160148620605,5.690308044076227,5.549965039834614,5.670541470223973,400848000
2018-04-30,5.556883811950684,5.658187570873458,5.537611601019302,5.608523949501842,327844000
2018-05-01,5.61223030090332,5.614948128368746,5.490171241475929,5.548730126055674,253788000
2018-05-02,5.591722011566162,5.653245194599308,5.565531054308875,5.608770757760308,268248000
2018-05-03,5.756772994995117,5.782963952791854,5.578379465520611,5.6235956858680325,443144000
2018-05-04,5.90675163269043,5.909963824397111,5.710815478939001,5.728111170786887,400660000
2018-05-07,6.144445896148682,6.201522160099138,6.001385051852191,6.011268575294066,687616000
2018-05-08,6.186944484710693,6.189662312359762,6.0957707218406165,6.144693033340903,506616000
2018-05-09,6.319875717163086,6.322099651854573,6.179780084683126,6.206959309418752,596760000
2018-05-10,6.427356243133545,6.436497985127587,6.354960791030304,6.372750852816729,994080000
2018-05-11,6.288990020751953,6.418955643960541,6.190404542976496,6.245750776113595,1214456000
2018-05-14,6.309498310089111,6.386835533099713,6.2857786963626925,6.327041427073991,523140000
2018-05-15,6.067356109619141,6.248714900336522,5.967040608795675,6.245996601499489,963528000
2018-05-16,6.078474044799805,6.140491591104779,5.991995111059349,6.028810429912492,553828000
2018-05-17,6.120479106903076,6.214123280156427,6.064144152159315,6.080204642737312,519784000
2018-05-18,6.076744079589844,6.235617964779235,6.071802318835874,6.172365217962953,483716000
2018-05-21,6.034740447998047,6.177801273600722,5.942084548563364,6.174095188430463,640624000
2018-05-22,5.99669075012207,6.073286172243902,5.9361553467973005,6.048083941326286,518264000
2018-05-23,6.12006139755249,6.121297837896558,5.939826874995442,5.940568644889118,442956000
2018-05-24,6.123769283294678,6.16604686288962,6.063196915090579,6.116352528081645,437372000
2018-05-25,6.163079738616943,6.17939726015594,6.100776731775564,6.136378382604383,292112000
2018-05-29,6.146020889282227,6.214010960221167,6.099293630790483,6.14503201996083,352684000
2018-05-30,6.254803657531738,6.263456852340025,6.154920796565376,6.179644412402086,390996000
2018-05-31,6.235024452209473,6.309442394267159,6.2122790477876615,6.222909980268595,493868000
2018-06-01,6.369273662567139,6.375454920453975,6.271121436515737,6.279774631680784,421968000
2018-06-04,6.548025131225586,6.570028768377533,6.371251906378245,6.403392278366956,642024000
2018-06-05,6.553464412689209,6.591044274303789,6.506489585670984,6.551239103160533,391712000
2018-06-06,6.5554399490356445,6.5586541267538285,6.447151019627137,6.463468535997784,371356000
2018-06-07,6.499815464019775,6.563602020220037,6.409574175641179,6.551734644284208,369448000
2018-06-08,6.4844865798950195,6.527010792002189,6.408337979971783,6.427127912611173,360456000
2018-06-11,6.443444728851318,6.5134120623230585,6.430588485380875,6.471876724140297,265372000
2018-06-12,6.491903305053711,6.504017779962381,6.419710654500263,6.469899664971444,319160000
2018-06-13,6.487452507019043,6.568298345834007,6.478304641110039,6.493386194154102,338208000
2018-06-14,6.598954677581787,6.6555715606578225,6.517614180349786,6.5324486317815955,430016000
2018-06-15,6.558162212371826,6.613048469734068,6.510940281947076,6.541844689144236,432260000
2018-06-18,6.55396032333374,6.5715138172033205,6.486959584133824,6.514155144658017,356268000
2018-06-19,6.432318687438965,6.518109337887466,6.3049927016297485,6.450861045769104,594932000
2018-06-20,6.485226154327393,6.538134184208658,6.435037160608371,6.473358782829117,369780000
2018-06-21,6.35666561126709,6.535416591080686,6.3490012845776205,6.517121329739927,359516000
2018-06-22,6.2043681144714355,6.390783883407651,6.189039933407088,6.377432969323854,434160000
2018-06-25,5.911889553070068,6.101766141284527,5.823379381222565,6.098057763376705,665816000
2018-06-26,5.982844352722168,6.073332713500561,5.931419386754138,6.02512192579646,478884000
2018-06-27,5.8278279304504395,6.092616603467039,5.822388443238685,6.026357660368959,453892000
2018-06-28,5.9549078941345215,5.966775268239401,5.810275038522449,5.817939364650027,338012000
2018-06-29,5.8570027351379395,6.032539522219198,5.8557662949112945,6.019930849915605,392300000
2018-07-02,5.989026069641113,5.9927344469603625,5.767008669583508,5.787529237669018,357572000
2018-07-03,5.855519771575928,6.029573507698457,5.8471136748373285,6.023639820092612,222732000
2018-07-05,6.001140594482422,6.006084940429795,5.871836398792618,5.910652225971076,306216000
2018-07-06,6.114870071411133,6.123276168934231,5.9554032041949405,5.9766655474698736,296352000
2018-07-09,6.1623382568359375,6.198682150756022,6.083717724780583,6.189040085660409,303880000
2018-07-10,6.261233329772949,6.283236970522963,6.134401516993033,6.174700891949751,360016000
2018-07-11,6.119812965393066,6.203131201326417,6.109181561317353,6.168518424251351,367508000
2018-07-12,6.211291313171387,6.259255014559469,6.155169085771474,6.165058722643337,345508000
2018-07-13,6.164068222045898,6.229832974492567,6.122038216375358,6.229832974492567,246988000
2018-07-16,6.136380195617676,6.189288724431544,6.124018618991294,6.136380195617676,197036000
2018-07-17,6.272111415863037,6.2871929709993255,6.06171424327838,6.087179634450596,362136000
2018-07-18,6.222909927368164,6.278537941006047,6.171979631458935,6.264692830334168,277640000
2018-07-19,6.2310686111450195,6.264692991141211,6.189039079277233,6.204120158833194,235752000
2018-07-20,6.202885627746582,6.2674139515510445,6.192007121605458,6.228598117488264,222352000
2018-07-23,6.166294574737549,6.178161950133588,6.014739146335825,6.176431310870159,301584000
2018-07-24,6.148987770080566,6.300790287758488,6.131433807610705,6.214257858821427,354620000
2018-07-25,6.227115154266357,6.239724300854502,6.100530432566396,6.158383775624101,319112000
2018-07-26,6.300540924072266,6.3373790061141255,6.190274248871453,6.20708643669972,325124000
2018-07-27,6.2308220863342285,6.344055865179182,6.176924705176644,6.337133309027177,295420000
2018-07-30,6.035755157470703,6.250850067126715,6.0008947967490665,6.244916378672736,340340000
2018-07-31,6.053802967071533,6.128468031541822,5.986555130624442,6.025370966995068,283988000
2018-08-01,6.0936055183410645,6.140333236707062,6.029818983211789,6.085199895430065,283556000
2018-08-02,6.196208953857422,6.200164430540458,5.963560623032491,6.0224023469844825,269668000
2018-08-03,6.232799530029297,6.256534276607299,6.203873338146573,6.220685057336201,214288000
2018-08-06,6.280517101287842,6.283978379739529,6.173711668170743,6.220191827825918,207508000
2018-08-07,6.352709770202637,6.371252602861012,6.3025212324926825,6.329222590857342,258132000
2018-08-08,6.389052867889404,6.43404995717187,6.319085532312254,6.353945886167342,262100000
2018-08-09,6.340595722198486,6.409574196651297,6.3329313948633015,6.406854687899559,204280000
2018-08-10,6.299306392669678,6.331694335781546,6.247634320592188,6.258759924707362,256396000
2018-08-13,6.332188129425049,6.452839127921763,6.306228545338702,6.307959184277792,375208000
2018-08-14,6.463470935821533,6.477563620207169,6.3544401963372685,6.437511348221425,466220000
2018-08-15,6.405370235443115,6.5181093397136065,6.326749240272591,6.484237858456508,591136000
2018-08-16,6.364824295043945,6.477563888544107,6.304746120358458,6.475091479399227,801260000
2018-08-17,6.0528130531311035,6.254309899799555,6.0258641260586865,6.253568129968853,1143188000
2018-08-20,6.127477169036865,6.2599950599797145,5.90199850904991,6.012265666288376,854388000
2018-08-21,6.26296329498291,6.267413442545277,6.124017021882193,6.143795822264557,673988000
2018-08-22,6.497837543487549,6.502782362275347,6.226867981497645,6.23032926033633,749856000
2018-08-23,6.597225666046143,6.662495759442093,6.445423137541601,6.459268251708762,720684000
2018-08-24,6.73023796081543,6.744824844240702,6.601181319621181,6.605631467323773,531512000
2018-08-27,6.821220397949219,6.895390782287352,6.728507181744651,6.759905786011847,505776000
2018-08-28,6.783639430999756,6.83803147745245,6.6637302066621995,6.815285601111715,475384000
2018-08-29,6.889019966125488,6.914004340322926,6.755192460651555,6.775971488084471,420108000
2018-08-30,6.872199535369873,6.96892158076988,6.8353412912755545,6.857851907460349,346608000
2018-08-31,6.943194389343262,6.956057664812607,6.8422670058694015,6.852162050917383,306592000
2018-09-04,7.01790189743042,7.055501850537219,6.901637450444376,6.930085003777478,391720000
2018-09-05,6.887289047241211,7.035711437732241,6.806398978892806,7.0003375439705895,393156000
2018-09-06,6.7462873458862305,6.873435753245805,6.713387216582884,6.870961991910118,322796000
2018-09-07,6.725013732910156,6.850430552376574,6.6094914867958945,6.654265481017739,295420000
2018-09-10,6.796009063720703,6.825693728801579,6.703740075108271,6.747524661213974,220140000
2018-09-11,6.748266696929932,6.837319746683039,6.728971547071906,6.749750576286906,243112000
2018-09-12,6.634476661682129,6.727982773823479,6.479127925219623,6.708440387526192,419092000
2018-09-13,6.712151527404785,6.802688940436022,6.682961800038493,6.700277660031751,305536000
2018-09-14,6.838062286376953,6.90411025548557,6.765582914854368,6.802441158943348,386936000
2018-09-17,6.776218891143799,6.8615620013963285,6.7569242142825265,6.812582661877284,205528000
2018-09-18,6.7042341232299805,6.8828356280431455,6.697555486850269,6.780177131055425,299520000
2018-09-19,6.727982997894287,6.745793798852906,6.635713999386602,6.685682758461638,224860000
2018-09-20,6.586981296539307,6.648328976373774,6.533054429241362,6.606028740721624,430584000
2018-09-21,6.516974449157715,6.6443705539703535,6.483827087597518,6.598854386601227,435128000
2018-09-24,6.572632789611816,6.576095960818055,6.398978816525128,6.486053037634149,293912000
2018-09-25,6.6396708488464355,6.664655225404641,6.5530910878733595,6.63868143865924,280388000
2018-09-26,6.602812767028809,6.684939948246591,6.586981260005063,6.644618533251586,268548000
2018-09-27,6.614685535430908,6.65921229030042,6.583269761194571,6.637938322912727,214428000
2018-09-28,6.951605319976807,6.973868701782201,6.718582458478351,6.746535538948417,709396000
2018-10-01,7.157911777496338,7.224701442580999,6.990689200657039,7.029279026081492,622060000
2018-10-02,7.086668968200684,7.2420172061980805,7.064405589517653,7.130453550034417,383964000
2018-10-03,7.092853546142578,7.16434350227602,6.988957930209659,7.15692221834448,320552000
2018-10-04,6.908812522888184,7.080982219808453,6.831880075555084,7.056740010822628,391220000
2018-10-05,6.675539016723633,6.946162256589947,6.618148985182396,6.884072409171846,426636000
2018-10-08,6.574365615844727,6.707698204267434,6.433611742656048,6.592423650802323,408612000
2018-10-09,6.568675994873047,6.648328942870429,6.50089644123862,6.5538334262312885,273500000
2018-10-10,6.077643871307373,6.508563283682194,6.075417345038092,6.462799416557249,684940000
2018-10-11,5.816421031951904,6.1239024834928335,5.794899830998788,5.990569459579847,725436000
2018-10-12,6.098672389984131,6.1728838261079435,5.928234312350573,6.073193540733258,608236000
2018-10-15,5.822606086730957,6.085313590991073,5.821616676578489,6.085313590991073,449760000
2018-10-16,6.081109523773193,6.0922412160191906,5.88593429342707,5.935160879579813,408712000
2018-10-17,6.012587547302246,6.181294510431479,5.963608197714108,6.143199146203947,329668000
2018-10-18,5.925265312194824,6.120193290794971,5.864907039094482,6.081851165619273,524020000
2018-10-19,5.6689887046813965,5.999970213076318,5.63262540611847,5.980428301828371,613608000
2018-10-22,5.719700336456299,5.821122198384283,5.617041829694844,5.721184687713873,368844000
2018-10-23,5.468371391296387,5.545798274216757,5.360764905817128,5.452786649064465,626436000
2018-10-24,4.932815074920654,5.4765354157844905,4.918962387487407,5.43002983030951,884288000
2018-10-25,5.141345977783203,5.1885937156855,4.791069435808922,4.835348944358587,951720000
2018-10-26,4.90510892868042,5.067136276704087,4.777218352825311,4.905603397827116,664784000
2018-10-29,4.5916900634765625,5.049572695252985,4.353966966959288,5.046109524275561,758016000
2018-10-30,5.021620750427246,5.031515796486237,4.5916910961498605,4.614696653597426,807192000
2018-10-31,5.215312957763672,5.258850318489827,5.046605979838474,5.186123227515129,745772000
2018-11-01,5.395398139953613,5.404798245307036,5.125269318126723,5.251675563438202,566528000
2018-11-02,5.3164873123168945,5.4916256842249105,5.199975632344682,5.385998461794121,452960000
2018-11-05,5.238563537597656,5.326627632203481,5.0780200891475795,5.30337437424298,379332000
2018-11-06,5.22100305557251,5.314756422387694,5.183897095582508,5.230650397568283,299012000
2018-11-07,5.288534164428711,5.37808217000393,5.223970539329089,5.287544754086382,483812000
2018-11-08,5.095584392547607,5.2301536072223564,5.042151998909643,5.229411431666337,511352000
2018-11-09,5.087667465209961,5.177957615027754,4.973135119078118,5.006777418100709,413240000
2018-11-12,4.688658714294434,5.018403505298805,4.666889809413798,4.9963873659009055,617116000
2018-11-13,4.93034029006958,5.051551751775536,4.780186342799276,4.7863709813956286,644712000
2018-11-14,4.877896785736084,5.117598664554438,4.770043561495217,5.103251041983183,526580000
2018-11-15,5.006530284881592,5.0785151716487364,4.836091788136995,4.8719606142460865,840708000
2018-11-16,4.0675129890441895,4.221624597657671,3.9977541439452753,4.040054850732546,1963520000
2018-11-19,3.5794501304626465,4.0029480374640105,3.577718545029702,4.0022063338398715,1697820000
2018-11-20,3.6877992153167725,3.8159370406636093,3.297696040674896,3.316248780002668,1692032000
2018-11-21,3.579697608947754,3.8416629117220666,3.552486945159913,3.824841761239901,1025496000
2018-11-23,3.586871862411499,3.700414819052545,3.532203057648499,3.5450663335822483,411968000
2018-11-26,3.7860054969787598,3.7963950124615544,3.625462004393743,3.7078364244259916,814832000
2018-11-27,3.802826166152954,3.8839636950579135,3.7241623984982883,3.760030992984124,738060000
2018-11-28,3.9596593379974365,3.9648540955246956,3.7879841613545278,3.9203273328214707,804524000
2018-11-29,3.8965160846710205,3.9990298066187497,3.8663067589381757,3.9618872084978345,549172000
2018-11-30,4.046820640563965,4.05746803205743,3.855906969630096,3.9061734352238338,729564000
2018-12-03,4.210496425628662,4.325391352126382,4.143639451874544,4.273886762475256,890804000
2018-12-04,3.8903260231018066,4.170877038586875,3.8752211229519062,4.165924565853092,812112000
2018-12-06,3.9195451736450195,3.924497410513186,3.7343268862961385,3.7499267512291925,692308000
2018-12-07,3.6550889015197754,3.9339068454543518,3.6058130711508896,3.9237544176548105,681676000
2018-12-10,3.760326623916626,3.78508851645278,3.6065557860673674,3.610270140791863,629472000
2018-12-11,3.6694509983062744,3.8601167249023183,3.5904608002472256,3.8519453332461033,671912000
2018-12-12,3.6870322227478027,3.7831078945760064,3.5860040774109314,3.675146475244547,654136000
2018-12-13,3.6867847442626953,3.797965325831158,3.650880253578719,3.7338323010654992,471384000
2018-12-14,3.626365900039673,3.7288796474623247,3.602842122772373,3.645184685706574,471820000
2018-12-17,3.5552990436553955,3.6684604100559453,3.497356383112273,3.5964037205874115,662868000
2018-12-18,3.638498544692993,3.722440974942913,3.5718892969335556,3.5991271888681555,564372000
2018-12-19,3.4297568798065186,3.658308377154698,3.378252290415726,3.6048227511923643,745364000
2018-12-20,3.3453187942504883,3.511222851201115,3.2856428206917148,3.4213375498695466,749588000
2018-12-21,3.208386182785034,3.404747300038811,3.1809005712858642,3.371814015403391,863740000
2018-12-24,3.146728992462158,3.2185381893953644,3.082843468010501,3.13211952945496,463840000
2018-12-26,3.2957956790924072,3.2967860793022954,3.0818536480594196,3.1927865005623923,695100000
2018-12-27,3.2480056285858154,3.2779674822041622,3.099682433294884,3.2435485909181923,637044000
2018-12-28,3.309414863586426,3.402024141408632,3.2267105335135886,3.268557898708085,628728000
2018-12-31,3.3057005405426025,3.385185710467524,3.274995771165083,3.3527478587170454,465140000
2019-01-02,3.3730528354644775,3.429014470259344,3.22027259921947,3.2348820671794463,508752000
2019-01-03,3.169262647628784,3.3468047509537686,3.161834173940892,3.3128810650449374,705552000
2019-01-04,3.372309684753418,3.4104426909025465,3.211605559520312,3.242310091713328,585620000
2019-01-07,3.55084228515625,3.587737410041579,3.378252408279678,3.4295095174791683,709160000
2019-01-08,3.462441921234131,3.6345365657870636,3.389889803420566,3.63230781142824,786016000
2019-01-09,3.5305380821228027,3.5778331236526753,3.4631858982590753,3.5136998590466484,617260000
2019-01-10,3.5961556434631348,3.6048222344457934,3.45080392460482,3.5112228156861867,523156000
2019-01-11,3.6852986812591553,3.708079538497349,3.546137301225491,3.5738703955257685,874764000
2019-01-14,3.7251648902893066,3.750421983358888,3.609527289244213,3.6330510639730837,730168000
2019-01-15,3.711050510406494,3.7972214553578696,3.6927266924338165,3.7578501011768437,617012000
2019-01-16,3.6855452060699463,3.7712209394716223,3.680097770331083,3.7382878985429806,470104000
2019-01-17,3.7568602561950684,3.796726816295886,3.6253750649879635,3.652613195956674,493436000
2019-01-18,3.8858695030212402,3.91186951761545,3.7551272202076875,3.8066318131092554,651336000
2019-01-22,3.6838133335113525,3.867298334059227,3.653603998599175,3.855660303850537,661552000
2019-01-23,3.6966888904571533,3.827678875022303,3.6654891602247064,3.739031685104363,591020000
2019-01-24,3.908402442932129,3.925983108591916,3.7764220564709214,3.7811268114937553,708972000
2019-01-25,3.965602159500122,3.9836782623502893,3.746460406726317,3.848974150204566,1154572000
2019-01-28,3.4173760414123535,3.507261357582652,3.24379600096317,3.3812238348954637,2511528000
2019-01-29,3.258652687072754,3.419604521098029,3.2440432219899566,3.371318852816988,1153932000
2019-01-30,3.402024030685425,3.4163857793900756,3.255186443907979,3.3346718522928787,974228000
2019-01-31,3.5595085620880127,3.595165565429852,3.3770139904824843,3.398804447009973,842852000
2019-02-01,3.5837745666503906,3.6347839467533984,3.530536904544244,3.5780794122343567,625048000
2019-02-04,3.693965435028076,3.7311080411348154,3.5775849071350003,3.599622847127747,528592000
2019-02-05,3.7130320072174072,3.7496794138921903,3.6721750452817186,3.7058510150750936,542424000
2019-02-06,3.7885546684265137,3.852935391867206,3.7407644439233034,3.746211880112754,702464000
2019-02-07,3.6503844261169434,3.744479293492757,3.6075466655780306,3.7422507749665708,637120000
2019-02-08,3.6689553260803223,3.6796027167569387,3.5689176026199427,3.583279347624817,461604000
2019-02-11,3.626365900039673,3.679108374140384,3.5780802271071166,3.6248800635033493,495180000
2019-02-12,3.7432408332824707,3.7588409338348012,3.6503840927126143,3.664746075053052,591060000
2019-02-13,3.785583257675171,3.858630572041273,3.7590880500417443,3.7727071129005743,605372000
2019-02-14,3.8264400959014893,3.8546686207910352,3.7415070393100787,3.7845927447064582,827264000
2019-02-15,3.8960213661193848,4.057715641424069,3.873240509966178,4.0349350214177715,1516748000
2019-02-19,3.878688097000122,3.959164132900291,3.8663073863818664,3.885373888543268,551892000
2019-02-20,3.925983428955078,3.9930878868882407,3.896764732411786,3.907907325588882,540988000
2019-02-21,3.857145071029663,3.9631254384785057,3.8425356068869903,3.9386115010375433,448548000
2019-02-22,3.941830635070801,3.960649654890205,3.895278521746518,3.9088975865337567,401740000
2019-02-25,3.929450273513794,4.0926304027463685,3.9207834448772534,4.025278463314607,656020000
2019-02-26,3.890078544616699,3.980706770363881,3.856650060045319,3.924745147447787,488464000
2019-02-27,3.848231554031372,3.9022121456582624,3.7912792893798266,3.875717168040082,500256000
2019-02-28,3.8236923217773438,3.864343657827061,3.801383929851289,3.8420350295106753,324944000
2019-03-01,3.8779757022857666,3.9201139220134413,3.815263728497613,3.8735138360064068,357188000
2019-03-04,3.886155366897583,3.939200158721884,3.8296401297034093,3.9163958269743024,409992000
2019-03-05,3.879711389541626,3.917883695502126,3.8162557224446934,3.870539918606182,362924000
2019-03-06,3.7689125537872314,3.8792160687277097,3.7661860276044097,3.8707885167124703,403524000
2019-03-07,3.6997547149658203,3.755030560397522,3.6536503391344715,3.74536338040612,450104000
2019-03-08,3.733961343765259,3.744619944571655,3.58920327157,3.6105204731827922,422416000
2019-03-11,3.9942283630371094,4.017032460304873,3.710413468340198,3.757509503280867,859728000
2019-03-12,4.028435230255127,4.074787111462643,3.9458931773160653,4.021990285337991,579576000
2019-03-13,4.179637908935547,4.208886955020743,4.058427830892932,4.065864197328034,768900000
2019-03-14,4.103789329528809,4.200707952374391,4.096105224995038,4.188809953562058,519384000
2019-03-15,4.209135055541992,4.251768992766471,4.143448335689288,4.146918545379427,661484000
2019-03-18,4.187817573547363,4.294403118729659,4.160799108934964,4.240614399309603,486992000
2019-03-19,4.355380535125732,4.399750057369177,4.265402805229695,4.282257909627242,854972000
2019-03-20,4.322908401489258,4.437673521455852,4.2882058347189105,4.3843807498112275,719148000
2019-03-21,4.5593791007995605,4.585653881326078,4.341003170959589,4.345960748082415,824312000
2019-03-22,4.399749755859375,4.580697097140036,4.385868915737095,4.532114156712057,747644000
2019-03-25,4.307540416717529,4.423296963469352,4.2413582249487405,4.3590980863019135,525212000
2019-03-26,4.384133815765381,4.505095692844781,4.327866298455655,4.449076385380852,703508000
2019-03-27,4.374960899353027,4.45601533427444,4.305556721575917,4.4096634610220855,474372000
2019-03-28,4.393551826477051,4.459238062152531,4.340506796604897,4.400987718648294,480264000
2019-03-29,4.45081090927124,4.47510284912212,4.409912078172584,4.460230117103884,456896000
2019-04-01,4.518232345581055,4.548472808317169,4.470888573432599,4.542523810574591,483824000
2019-04-02,4.536078929901123,4.580448440193339,4.499393994882644,4.542276137523133,440920000
2019-04-03,4.675384044647217,4.734378080160501,4.5806964924996185,4.585654069826234,783504000
2019-04-04,4.6664605140686035,4.708846710366831,4.603748535573981,4.660015569360256,457376000
2019-04-05,4.733138561248779,4.750490082301822,4.673153576189871,4.709590777561988,481744000
2019-04-08,4.753959655761719,4.778994803887443,4.678606001599154,4.702649728924929,424192000
2019-04-09,4.691248893737793,4.731652256662603,4.649110425769231,4.72049794241267,439972000
2019-04-10,4.761643409729004,4.787422242324242,4.686042489364285,4.690504119471046,444772000
2019-04-11,4.747762203216553,4.795601918392759,4.698435593307482,4.764121827522224,374600000
2019-04-12,4.709838390350342,4.79039736695356,4.701162866442991,4.786431210547088,471708000
2019-04-15,4.578217506408691,4.707111674658761,4.538557835067221,4.702154097545933,440092000
2019-04-16,4.665222644805908,4.684061066446714,4.58466411500011,4.617383379369773,394964000
2019-04-17,4.642416000366211,4.720991644764169,4.620107380238761,4.700170392053346,351004000
2019-04-18,4.617877006530762,4.683067772083667,4.590115332177181,4.649109362959098,380988000
2019-04-22,4.671666145324707,4.687282088559057,4.56285001675358,4.594329640256938,279936000
2019-04-23,4.726197719573975,4.757430076453827,4.675136000252518,4.684802944457456,346856000
2019-04-24,4.738591194152832,4.779242281427009,4.675879222350462,4.736607879880067,318204000
2019-04-25,4.632997035980225,4.720744153643242,4.553429966754181,4.698435532353966,499296000
2019-04-26,4.414373874664307,4.483778541684182,4.295642587770011,4.479316438242559,868988000
2019-04-29,4.445109844207764,4.472871519131866,4.350174087910344,4.422305273533989,391920000
2019-04-30,4.486504077911377,4.51203469825504,4.393799384304464,4.412885533510473,362920000
2019-05-01,4.4733686447143555,4.580945636173187,4.473120434851008,4.538807165867905,354280000
2019-05-02,4.540788650512695,4.582431161421947,4.439904372692867,4.4830342512147485,394684000
2019-05-03,4.5363264083862305,4.559130502393794,4.474853598350998,4.5492158228019575,336824000
2019-05-06,4.457998275756836,4.470144005852346,4.312992252718154,4.350173126673046,422176000
2019-05-07,4.290931701660156,4.409662946539725,4.242844256793309,4.409662946539725,555220000
2019-05-08,4.311009883880615,4.391072900167956,4.251520384477504,4.2634183789142295,419168000
2019-05-09,4.21855354309082,4.251768743017239,4.099822736698089,4.242101798416919,660248000
2019-05-10,4.184597015380859,4.25325802493,4.065121998578764,4.1878194892914475,569500000
2019-05-13,3.927550792694092,4.075779091969789,3.911686876259981,4.052726782997496,656912000
2019-05-14,4.016536235809326,4.051734268737782,3.9285411534881876,3.9672091586483504,524880000
2019-05-15,3.9555599689483643,3.991997164948317,3.90177149084388,3.961013019664122,502320000
2019-05-16,3.9706811904907227,4.0133156069485825,3.90772169606782,3.950107902666952,781088000
2019-05-17,3.8799591064453125,4.057932163280862,3.8405474063361402,3.9287902508678076,1022068000
2019-05-20,3.7614758014678955,3.8363335181039435,3.736688387279552,3.7813056382624497,572064000
2019-05-21,3.843522310256958,3.8593862295952137,3.7835370794879246,3.822205338551734,361848000
2019-05-22,3.7726292610168457,3.830879363878543,3.7617226877732,3.804852797618077,325868000
2019-05-23,3.6516671180725098,3.7104129301364273,3.5919296489392836,3.7104129301364273,591844000
2019-05-24,3.597879409790039,3.705704114217534,3.5911867278095704,3.670506072343846,357584000
2019-05-28,3.5527658462524414,3.6481970641758896,3.5507827684198823,3.6154778164753076,428356000
2019-05-29,3.4786527156829834,3.540125071095557,3.4439503813001386,3.5051749996643733,559800000
2019-05-30,3.452099084854126,3.51761227090889,3.413882980768825,3.4818777842735584,394300000
2019-05-31,3.361522674560547,3.470463243115982,3.3597855892986193,3.4032129575069305,389720000
2019-06-03,3.3198323249816895,3.411401795892144,3.2905498980071615,3.372689410740046,478644000
2019-06-04,3.5486316680908203,3.5538429225767647,3.3617700925003065,3.38385591913027,641836000
2019-06-05,3.5059494972229004,3.627794187677335,3.469718728804367,3.6223346757717674,511616000
2019-06-06,3.567988872528076,3.592556323518667,3.507686925854797,3.5101685439330685,408140000
2019-06-07,3.610671281814575,3.6449167079298492,3.5548360649678163,3.5739442379149793,348856000
2019-06-10,3.6833810806274414,3.751872169648638,3.666754525432909,3.666754525432909,402780000
2019-06-11,3.740952730178833,3.7809059201648365,3.701496053023524,3.74318609127667,383872000
2019-06-12,3.628042221069336,3.7037299087080866,3.612904730873607,3.6975258640966544,358892000
2019-06-13,3.6791625022888184,3.6975259065653265,3.632508985583392,3.650128093826062,308080000
2019-06-14,3.5893301963806152,3.6104234768649275,3.5446622539774637,3.5861042821856657,394428000
2019-06-17,3.599008321762085,3.6359836257979934,3.564762655565564,3.587593020809871,276040000
2019-06-18,3.7938101291656494,3.849148828276231,3.64938334735258,3.660302133322271,581920000
2019-06-19,3.7997658252716064,3.8404633110835,3.773709314767348,3.8290482492070192,331644000
2019-06-20,3.824085235595703,3.9042396397667134,3.8096922792094254,3.8903429595785717,350168000
2019-06-21,3.766017198562622,3.858331447746775,3.759565133744916,3.809196547210423,434428000
2019-06-24,3.78835129737854,3.817881983735955,3.7402089492520556,3.7873587448378245,282948000
2019-06-25,3.7590675354003906,3.868256322630335,3.7563378985506546,3.793313189180885,311868000
2019-06-26,3.952134609222412,4.013181328461342,3.873469252695081,3.8863733833757985,584072000
2019-06-27,4.050652503967285,4.069760442698096,4.001765621336326,4.037748373830597,445440000
2019-06-28,4.075469017028809,4.103758900994328,4.02881572346617,4.094576959535593,397668000
2019-07-01,4.123610973358154,4.316676431741512,4.0861391515964955,4.282430761166285,709756000
2019-07-02,4.025835990905762,4.1280764589695265,4.012683843586055,4.10698294598494,400228000
2019-07-03,4.038740158081055,4.05487043601337,3.9789347351642497,4.049162668133274,246636000
2019-07-05,3.976205587387085,3.984891013500101,3.9129255133405683,3.980424290544868,396552000
2019-07-08,3.9012625217437744,3.9355081894863546,3.871235794174561,3.9166482702461005,329788000
2019-07-09,3.903743267059326,3.931784883171469,3.8464192260403345,3.859075097090213,342860000
2019-07-10,3.9719860553741455,4.029309855757994,3.933273675640064,3.947170354520997,452076000
2019-07-11,4.126340389251709,4.1670378866870355,4.007721594463587,4.044944921060779,682560000
2019-07-12,4.15934419631958,4.230317138074098,4.154132941084615,4.154132941084615,506392000
2019-07-15,4.150906562805176,4.196567285208484,4.12261716355152,4.180437480835474,289840000
2019-07-16,4.14619255065918,4.173241382538583,4.090605348098259,4.136018058733451,341444000
2019-07-17,4.2114577293396,4.218406070489946,4.1186472030368435,4.147929633119086,348204000
2019-07-18,4.223119735717773,4.285903283176077,4.165299423048929,4.22187916368047,442192000
2019-07-19,4.179941654205322,4.267788943467835,4.17398586566886,4.261337115323473,344896000
2019-07-22,4.251410007476807,4.264314135155811,4.1938377091150825,4.201282562002257,315940000
2019-07-23,4.3591108322143555,4.36109593748177,4.274985725013915,4.290619967285724,428176000
2019-07-24,4.433558464050293,4.439266234603265,4.32635518284258,4.402290919251441,366236000
2019-07-25,4.302530765533447,4.404771252642297,4.279204123683019,4.392115142493998,392700000
2019-07-26,4.34446907043457,4.391122351603324,4.329579836157786,4.329579836157786,274160000
2019-07-29,4.338265419006348,4.354395699492456,4.2501701091487964,4.337272866461397,248160000
2019-07-30,4.353899002075195,4.366058598546031,4.277466779509722,4.291859974102234,197772000
2019-07-31,4.1868896484375,4.323375787221284,4.144703092569086,4.322382761447272,359416000
2019-08-01,4.092591285705566,4.287641841421078,4.040478249148422,4.197312925156903,421212000
2019-08-02,4.000027656555176,4.0692635084057995,3.9526300865301973,4.000027656555176,428348000
2019-08-05,3.74194598197937,3.817881688657887,3.6950444464837853,3.8166408797478337,589156000
2019-08-06,3.7806577682495117,3.862052978983206,3.733011941311789,3.816640513205052,361272000
2019-08-07,3.8188748359680176,3.830786414031856,3.702489640001422,3.7198604941277384,372560000
2019-08-08,3.927319288253784,3.9285600974046897,3.819123238892397,3.8764472963674,309300000
2019-08-09,3.826070785522461,3.8898468953295846,3.775695080435501,3.8863727250932496,341816000
2019-08-12,3.758324384689331,3.8260709437598064,3.7364865732577073,3.773958151399416,279200000
2019-08-13,3.8724758625030518,3.9183848455555395,3.7178748114695592,3.7568352172905617,351956000
2019-08-14,3.7240779399871826,3.7955469109122046,3.6804025629374726,3.7843798694139164,419880000
2019-08-15,3.6918182373046875,3.7627909438749896,3.657572811239916,3.7429384749498853,477200000
2019-08-16,3.959578275680542,4.00871292879299,3.893072300336485,3.9543670210070996,1007960000
2019-08-19,4.238008975982666,4.25389123267945,4.056607145910567,4.072737422351326,815112000
2019-08-20,4.165797710418701,4.233048008507014,4.144704190238062,4.232551495488512,463188000
2019-08-21,4.249176979064941,4.304267667180546,4.210216571039822,4.2318061266537566,427244000
2019-08-22,4.255381107330322,4.301289854666067,4.216172207597368,4.258855277687403,303488000
2019-08-23,4.031047344207764,4.233294687427818,4.011194876201635,4.178948538511534,568056000
2019-08-26,4.10574197769165,4.133783827937213,4.067526111562413,4.109712660140971,318208000
2019-08-27,4.015166759490967,4.146689221855993,3.9858843249287412,4.143959583603636,290968000
2019-08-28,4.004734039306641,4.0573951981108545,3.9495888054715174,3.9888365276554643,255612000
2019-08-29,4.148309707641602,4.180601728956362,4.09266748050093,4.0961450900854235,357976000
2019-08-30,4.160978317260742,4.244193164669285,4.142844997659137,4.194512616324888,290616000
2019-09-03,4.078010559082031,4.1212324007118895,4.055157838265876,4.088195119488883,296140000
2019-09-04,4.192028045654297,4.19948026916108,4.138621628327595,4.138621628327595,227728000
2019-09-05,4.464773654937744,4.470983604443548,4.292382765536366,4.294121570349542,695676000
2019-09-06,4.437697410583496,4.498307311494924,4.399691971411544,4.441423285392116,376976000
2019-09-09,4.4836506843566895,4.570094847258105,4.467256175256386,4.4687467143896855,417524000
2019-09-10,4.550223350524902,4.5768019505612365,4.441174715633058,4.4508622737446295,352812000
2019-09-11,4.578787803649902,4.626977784910106,4.535814234353625,4.5648773717461,361512000
2019-09-12,4.577298641204834,4.679888581131553,4.56934988826807,4.6252403716790145,327840000
2019-09-13,4.5194220542907715,4.5477399368594575,4.475703193108127,4.510728029877859,324592000
2019-09-16,4.476449489593506,4.510977329835103,4.433972892892536,4.444405724580882,231832000
2019-09-17,4.497810363769531,4.502033242595779,4.43670346411562,4.48315465741563,223048000
2019-09-18,4.4707350730896,4.506505179870407,4.384291359052513,4.490855935824604,258152000
2019-09-19,4.39522123336792,4.495078856815174,4.384539664785912,4.4766967988047615,245476000
2019-09-20,4.289649963378906,4.4178254630479215,4.279465873580673,4.394227465347032,350244000
2019-09-23,4.3430562019348145,4.388513864421871,4.286172175945748,4.289898524535677,249712000
2019-09-24,4.285675525665283,4.403914718861197,4.250154162024822,4.374355039009405,317268000
2019-09-25,4.427264213562012,4.4468880685788506,4.240465903650763,4.28517829278737,308432000
2019-09-26,4.405156135559082,4.426270529177949,4.354233799381316,4.417576506449211,234564000
2019-09-27,4.266548156738281,4.414098746594768,4.205937791199742,4.363424677428959,362056000
2019-09-30,4.323929786682129,4.3341143508758595,4.261084070387128,4.2923830327616175,186184000
2019-10-01,4.3221893310546875,4.496070704367189,4.317469922551285,4.347029594926277,366008000
2019-10-02,4.298343658447266,4.312254094391925,4.226058665558821,4.3003307282140195,293372000
2019-10-03,4.503772258758545,4.509982207751677,4.272510290120743,4.302815239189767,450588000
2019-10-04,4.520167827606201,4.549479248546061,4.440927590168033,4.506008647850153,265524000
2019-10-07,4.578787803649902,4.678396635156155,4.576303730268716,4.584997750208593,480984000
2019-10-08,4.402423858642578,4.487128752025181,4.384290543295214,4.487128752025181,444436000
2019-10-09,4.488867282867432,4.538299551257255,4.450365319380643,4.47917972567834,292412000
2019-10-10,4.546496391296387,4.597418723099208,4.481415359062825,4.486631772251904,309124000
2019-10-11,4.62002420425415,4.703238559929826,4.611578446526381,4.630457031874789,446404000
2019-10-14,4.633437633514404,4.6543032887412705,4.580279486712769,4.611329704263812,200040000
2019-10-15,4.877864360809326,4.95039809137239,4.709696384956442,4.723607294423642,664124000
2019-10-16,4.8242106437683105,4.9486602675172895,4.812784279880855,4.843834501041377,428944000
2019-10-17,4.826197147369385,4.9136343731653165,4.7717967319464405,4.86867372326133,263436000
2019-10-18,4.731805801391602,4.859236045172796,4.6575337167856095,4.826695280734293,307440000
2019-10-21,4.868922233581543,4.882336139163956,4.7742810462507475,4.793159630661487,261868000
2019-10-22,4.858986854553223,5.030880725953008,4.851286366161707,4.92580670192421,328720000
2019-10-23,4.846070766448975,4.860229471534852,4.745219604513323,4.777015098409995,279916000
2019-10-24,4.890036106109619,4.9235699189172255,4.853272476100206,4.887303293197778,232020000
2019-10-25,5.080810546875,5.101676207157545,4.962819596834486,4.9705200867657355,423092000
2019-10-28,5.136701583862305,5.189114005398343,5.095218050520256,5.124529473635931,330792000
2019-10-29,5.040567874908447,5.12924737996355,5.021192759747854,5.122788692384218,211236000
2019-10-30,5.04255485534668,5.073108540589757,4.974492740633953,5.067395122739208,205960000
2019-10-31,4.993371486663818,5.0425550187031005,4.9136347421803634,5.021689363981352,209732000
2019-11-01,5.032371997833252,5.064664021687049,4.933010903968749,4.958099442770782,283640000
2019-11-04,5.228857040405273,5.241277413110653,5.090249187050157,5.1133501800834935,376716000
2019-11-05,5.206748962402344,5.254690221348743,5.158807229667227,5.228608152456501,300868000
2019-11-06,5.157565116882324,5.208238712291003,5.070127414387124,5.182653649313797,269012000
2019-11-07,5.175201416015625,5.2586645050238925,5.130489029983029,5.244008799548261,280340000
2019-11-08,5.1612935066223145,5.192840741833197,5.120803979343094,5.158312900529175,189100000
2019-11-11,5.171226501464844,5.194327486835891,5.074349521650779,5.160544937102273,243436000
2019-11-12,5.206748962402344,5.262639448449089,5.174456471002572,5.209481301935524,283504000
2019-11-13,5.180913925170898,5.203021375248964,5.114590627359494,5.175448773617128,300188000
2019-11-14,5.211220741271973,5.213456550501658,5.12999344609169,5.1898580791915965,518080000
2019-11-15,5.072115898132324,5.260652561120242,4.983932909683737,5.208984947465319,1053628000
2019-11-18,5.273073196411133,5.299651800518444,5.061683321264874,5.064663926606224,574588000
2019-11-19,5.166507720947266,5.26562005658897,5.108381899695247,5.242022061927123,414564000
2019-11-20,5.245748519897461,5.329459888793397,5.130986930145402,5.143655568076796,472588000
2019-11-21,5.220907688140869,5.296918559994119,5.199296763276489,5.241276812771336,288388000
2019-11-22,5.23854398727417,5.289962850869842,5.214945520920422,5.243511661537723,224100000
2019-11-25,5.494896411895752,5.499864561715449,5.353555723910621,5.366472629168528,506476000
2019-11-26,5.390318393707275,5.481978514484049,5.383859705352823,5.47725863087291,385244000
2019-11-27,5.425119876861572,5.470113709339363,5.398770112423443,5.435809325871139,215784000
2019-11-29,5.387832164764404,5.422633919033561,5.363967833757931,5.3942956186363,141556000
2019-12-02,5.20164155960083,5.394295337032082,5.186478142091579,5.380871533007133,372036000
2019-12-03,5.162117004394531,5.166094076664347,4.980898491762538,5.018186152052847,465232000
2019-12-04,5.205868244171143,5.268014509863485,5.177281018849271,5.245641816283171,273424000
2019-12-05,5.188964366912842,5.243404457640698,5.15838813326808,5.227743668078507,184884000
2019-12-06,5.274228096008301,5.307041784962979,5.248126782890336,5.258070411204777,232236000
2019-12-09,5.274228096008301,5.328917103461136,5.242658071800371,5.251358509506359,211880000
2019-12-10,5.319223880767822,5.370929624486733,5.251608422137787,5.304308434137687,256388000
2019-12-11,5.40274715423584,5.408216340025426,5.327177562670897,5.329663470004647,233796000
2019-12-12,5.57004451751709,5.588191212847948,5.364962157672717,5.373911044033196,404348000
2019-12-13,5.568056106567383,5.692100172596282,5.5141129163060345,5.573027920940821,454704000
2019-12-16,5.596891403198242,5.669229732850712,5.587445146174056,5.6155354687860095,320976000
2019-12-17,5.674947738647461,5.697568877641855,5.606089579480036,5.6155358371238275,321196000
2019-12-18,5.70527458190918,5.765680746547363,5.701297035911866,5.709749024819734,343548000
2019-12-19,5.853184700012207,5.866608507947781,5.734858233064986,5.739830048903232,445360000
2019-12-20,5.950380802154541,5.9757363006490145,5.900415150709161,5.919556117371874,603044000
2019-12-23,5.936707973480225,6.0110348480351705,5.926018998728903,5.978967449642864,355060000
2019-12-24,5.931735515594482,5.948887942345335,5.886990136964135,5.92129499046584,138864000
2019-12-26,5.945905685424805,5.973995536815829,5.91632372070032,5.935216236710832,182852000
2019-12-27,5.888234615325928,5.974493664872303,5.861884374139636,5.961069858692072,254644000
2019-12-30,5.775126934051514,5.871578037548779,5.743805359915575,5.866357775192789,258056000
2019-12-31,5.849205017089844,5.85865127331278,5.720686527252954,5.739827488138359,231004000
2020-01-02,5.963803291320801,5.963803291320801,5.884505079799994,5.934967621143992,237536000
2020-01-03,5.868347644805908,5.912098763641108,5.819376262428301,5.8442348634514465,205384000
2020-01-06,5.8929572105407715,5.898177473983396,5.749026818972195,5.775128136185318,262636000
2020-01-07,5.964301109313965,6.010040762284661,5.876301978898439,5.921295812236685,314856000
2020-01-08,5.975486755371094,6.01675195985036,5.920052401950536,5.960074415808599,277108000
2020-01-09,6.041111946105957,6.113450263336091,5.987417691261928,6.0617445441120035,255112000
2020-01-10,6.073428630828857,6.178580171148254,6.059259482818248,6.148252865091414,316296000
2020-01-13,6.263844966888428,6.288952010758555,6.13383483053505,6.1564564415880145,319840000
2020-01-14,6.147010803222656,6.246444720752033,6.133835447619546,6.221088751738677,359088000
2020-01-15,6.104503154754639,6.182061762177155,6.0786502856138,6.15968906872303,263104000
2020-01-16,6.188027381896973,6.193993464647111,6.134581559774977,6.157948519655376,284192000
2020-01-17,6.196728706359863,6.214626957169051,6.149248960200199,6.20716923413062,253792000
2020-01-21,6.163417816162109,6.196976854432715,6.129361406762414,6.160186089168899,217916000
2020-01-22,6.217360496520996,6.303867986192193,6.189767541283975,6.20866005785512,239240000
2020-01-23,6.285721778869629,6.294173769700094,6.168638520500725,6.2573834759438345,244516000
2020-01-24,6.226557731628418,6.450781528296051,6.172366094269509,6.401064334103999,373512000
2020-01-27,5.971012592315674,6.021972504994483,5.772890101483585,5.922289664238681,470536000
2020-01-28,6.164164066314697,6.196479916088812,5.98369087701763,6.036888255320021,310976000
2020-01-29,6.103757381439209,6.185790426975521,6.063983338200734,6.149745481810295,258848000
2020-01-30,6.110468864440918,6.123892669348195,5.951126138120667,6.0060631260830695,290504000
2020-01-31,5.8772969245910645,6.076662168956458,5.835534813466124,6.064730001738358,370420000
2020-02-03,5.974245071411133,5.993634486380616,5.8529353441116,5.859149875876774,255564000
2020-02-04,6.14328145980835,6.162422897112003,6.065971787601257,6.115937429917117,271544000
2020-02-05,6.233519077301025,6.274286917530958,6.150242834852348,6.26409483893888,208220000
2020-02-06,6.320274353027344,6.320274353027344,6.186784499679763,6.267823274549807,218284000
2020-02-07,6.254152297973633,6.302377865506805,6.228796323255419,6.280253618296713,189752000
2020-02-10,6.537041187286377,6.5377865327702835,6.2718006088987535,6.2767724236215585,529608000
2020-02-11,6.659344673156738,6.7739424891195545,6.58327770993193,6.645175522806371,638556000
2020-02-12,6.774937152862549,6.781400607181102,6.673265764706395,6.712045068202593,374644000
2020-02-13,6.731185436248779,6.7983035102749065,6.689671780436804,6.717016286330041,528016000
2020-02-14,7.203746795654297,7.332513775197744,7.109533125809277,7.1408547082051,1041924000
2020-02-18,7.372285842895508,7.390681460600546,7.081192901778724,7.10058231335741,620164000
2020-02-19,7.822970867156982,7.8406206663356475,7.494590248906968,7.494590248906968,694332000
2020-02-20,7.673819541931152,7.863241105185788,7.366816899872005,7.7749935395709695,810052000
2020-02-21,7.310138702392578,7.586814012616332,7.2253713193783815,7.561706970337183,768180000
2020-02-24,6.793332099914551,7.006866948451461,6.662079222439039,6.716519314840207,856916000
2020-02-25,6.5141706466674805,6.930301930876322,6.412499271487127,6.86840412228699,1055496000
2020-02-26,6.653378963470459,6.847275480502582,6.51292874628162,6.514419911465364,747732000
2020-02-27,6.28301477432251,6.641191518128375,6.190734478134659,6.3402234247130185,906416000
2020-02-28,6.717552661895752,6.777000110355166,6.0141338073688475,6.0307988288926,1133252000
2020-03-02,6.875746726989746,6.90460012185315,6.491950746144979,6.887437432968634,890744000
2020-03-03,6.613581657409668,6.991159391430268,6.528265881212004,6.931463350129404,652792000
2020-03-04,7.076722621917725,7.086174529178954,6.646164359026675,6.720784754418788,597408000
2020-03-05,6.797643661499023,7.044138573937588,6.753120114977706,6.877486969671298,540328000
2020-03-06,6.617311477661133,6.675764049860248,6.417329367295338,6.618306340364054,515412000
2020-03-09,6.104921340942383,6.452153634610945,5.924340679442209,5.96712263032955,614160000
2020-03-10,6.49393892288208,6.49393892288208,6.1186000774535065,6.381013713552842,580648000
2020-03-11,6.130539894104004,6.382507276245163,6.03353389422231,6.354151552200165,499964000
2020-03-12,5.380359172821045,5.873100416742841,5.367673605207644,5.607950277656812,816540000
2020-03-13,5.990501880645752,5.994978999609034,5.462440477167129,5.7333111558750876,634836000
2020-03-16,4.885130405426025,5.62386990228448,4.825434365934162,5.283353073561972,726972000
2020-03-17,5.404237270355225,5.493532962867673,4.750814071544446,4.997308990591307,833632000
2020-03-18,5.044816970825195,5.221915344621923,4.494120840313374,4.977161561552436,874268000
2020-03-19,5.297283172607422,5.390806930894805,4.810262418937481,5.02342686677516,765512000
2020-03-20,5.117696762084961,5.728835253713744,5.102275202274465,5.447268674676942,804636000
2020-03-23,5.290318012237549,5.384588507711456,4.937862326875791,5.11670186259857,643876000
2020-03-24,6.197946071624756,6.284505766219802,5.672372028631309,5.6960015590237685,1101644000
2020-03-25,6.10939884185791,6.512347277962248,6.060646761736831,6.312862785818038,793432000
2020-03-26,6.398425102233887,6.522294267647864,6.2183416952223975,6.3163425364120025,696108000
2020-03-27,6.286247253417969,6.544681468954972,6.185509929720243,6.21834277196547,638828000
2020-03-30,6.606118679046631,6.615321989617182,6.307638034053594,6.3516639125853,602252000
2020-03-31,6.556621551513672,6.850127441216497,6.41111206661912,6.646165375488359,949960000
2020-04-01,6.0459699630737305,6.5051325489684855,6.0014468918111765,6.358877293798993,656912000
2020-04-02,6.354400634765625,6.367583396823031,6.0270670594457165,6.0750723908705835,675764000
2020-04-03,6.066864013671875,6.358379663037295,5.929562996468458,6.316841179647941,663212000
2020-04-06,6.676013469696045,6.712826240772359,6.291222162421738,6.348679878999139,727884000
2020-04-07,6.4429497718811035,6.921016220631699,6.399918753132553,6.897386212673465,784520000
2020-04-08,6.639946937561035,6.664820405786756,6.482000959912944,6.551895173160466,542444000
2020-04-09,6.54045295715332,6.7884404027807115,6.477523263677439,6.765557136655976,525564000
2020-04-13,6.712080001831055,6.720785644616619,6.392457189784047,6.480757551993029,398408000
2020-04-14,7.062795162200928,7.096871470661911,6.812568872966926,6.840178335247063,530948000
2020-04-15,6.985437870025635,7.0682662463296895,6.849629373283734,6.894898714057057,366148000
2020-04-16,7.330183506011963,7.437139095357745,7.12746583956745,7.140648603185694,745620000
2020-04-17,7.270985126495361,7.433656833323329,7.137166341338153,7.412265620583258,539120000
2020-04-20,7.139901638031006,7.300335006334705,7.095627159726841,7.144627829354325,449388000
2020-04-21,6.703621864318848,7.08318925121462,6.643925834474063,7.0220011645795735,735160000
2020-04-22,7.1175150871276855,7.16029750557425,6.850126632313321,6.89564456745756,483356000
2020-04-23,7.064286231994629,7.291380147551621,7.039164167732887,7.159551578055297,424160000
2020-04-24,7.203081130981445,7.2050708569107,6.979469430727479,7.054089846138695,352328000
2020-04-27,7.389382839202881,7.549069967899464,7.312772698085706,7.3373975726820175,479388000
2020-04-28,7.247105598449707,7.566479794148547,7.241633616006236,7.53663153895252,442904000
2020-04-29,7.423706531524658,7.47643805187387,7.306552786236492,7.381670378607925,379160000
2020-04-30,7.26999044418335,7.423707914343984,7.256061414449958,7.369732449705098,375916000
2020-05-01,7.033692359924316,7.1859172806554765,6.985437955761158,7.072743452911202,342096000
2020-05-04,7.245364665985107,7.259045096885763,6.986432764934915,6.986432764934915,317556000
2020-05-05,7.306305885314941,7.468729006510758,7.245365903013493,7.349336910956672,368896000
2020-05-06,7.407041072845459,7.511758322789601,7.34784270723366,7.385650337882286,323464000
2020-05-07,7.583144664764404,7.646322956404003,7.494844309602577,7.546083299397135,373732000
2020-05-08,7.772928714752197,7.779146962839616,7.620952397339861,7.6547801034035805,339216000
2020-05-11,8.02464771270752,8.071409584799568,7.739349814452519,7.7679541359634445,469060000
2020-05-12,7.762979030609131,8.131104815572956,7.753278525773543,8.082353219891191,493060000
2020-05-13,7.740594387054443,8.037582066189483,7.556282400344233,7.8773977576349425,625852000
2020-05-14,7.98982572555542,7.995297708511398,7.648562619276084,7.802031483373316,602312000
2020-05-15,8.447744369506836,8.457444400932566,7.834117990428447,7.849788147818248,987660000
2020-05-18,8.705927848815918,8.871335982321789,8.636531315491272,8.716126021314118,774460000
2020-05-19,8.760899543762207,9.041470783714418,8.71836571880114,8.74572658115145,717320000
2020-05-20,8.924567222595215,8.997197432107013,8.843728564013752,8.945460766522393,587536000
2020-05-21,8.73080062866211,9.006645597090985,8.693241603113934,9.005651208985324,761068000
2020-05-22,8.980533599853516,9.046946047215028,8.66911916021186,8.780551415125013,1038764000
2020-05-26,8.67359447479248,9.135245028089948,8.628076531061675,9.110371082978151,770780000
2020-05-27,8.482069969177246,8.589024607829826,7.956246272031052,8.581314301909094,1175892000
2020-05-28,8.444011688232422,8.716125833839921,8.336806580777488,8.369639419944306,734896000
2020-05-29,8.830543518066406,8.830543518066406,8.44202141149652,8.511169349529405,745256000
2020-06-01,8.761646270751953,8.795971650904905,8.645487840751274,8.788509941773912,389876000
2020-06-02,8.780549049377441,8.792488351879058,8.614146503329726,8.751696604772091,391320000
2020-06-03,8.725081443786621,8.821341654091105,8.655933498137044,8.777564844600539,365440000
2020-06-04,8.72607707977295,8.902011297144291,8.637486770862257,8.687753825722185,424280000
2020-06-05,8.878870964050293,8.955515591607057,8.667848578409801,8.753949903758494,481748000
2020-06-08,8.764400482177734,8.84875892563933,8.645700047300858,8.836316752947287,387736000
2020-06-09,9.004287719726562,9.067744029316774,8.710897571535652,8.759422705552621,468488000
2020-06-10,9.32356071472168,9.456196549107496,9.111293827443436,9.125478874094505,632180000
2020-06-11,8.755692481994629,9.218547656773927,8.745489651692493,9.107810685610414,583652000
2020-06-12,8.891312599182129,9.144888210962371,8.663119704419731,9.120252574923361,570908000
2020-06-15,9.131449699401855,9.139910604567905,8.703432128605263,8.774603216221042,400004000
2020-06-16,9.026683807373047,9.224020423826694,8.797993526540031,9.18246298281425,535716000
2020-06-17,9.193413734436035,9.256122973976474,9.028427490860382,9.07172781257394,408304000
2020-06-18,9.175491333007812,9.239693745078002,9.07246826176813,9.184449654577259,254408000
2020-06-19,9.218544960021973,9.401447821597749,9.184702291926113,9.19988217763818,524160000
2020-06-22,9.482819557189941,9.48729919395034,9.230488519718287,9.25711573123115,398468000
2020-06-23,9.406426429748535,9.598038937764816,9.364122850339776,9.506960557763616,375108000
2020-06-24,9.192916870117188,9.512436887422146,9.102335902683947,9.432556171138103,449372000
2020-06-25,9.44624137878418,9.461172555518514,9.1399106647532,9.312610716944958,376072000
2020-06-26,9.112785339355469,9.456194784156569,9.082923937413547,9.456194784156569,592084000
2020-06-29,9.157578468322754,9.162058106058364,8.858961583091999,9.12746835403248,342248000
2020-06-30,9.453954696655273,9.482322883877854,9.223771215786138,9.271051844249367,367892000
2020-07-01,9.486056327819824,9.531595986934233,9.369596194012617,9.476849291492085,326648000
2020-07-02,9.567928314208984,9.692600650706597,9.534084693053664,9.594554582855501,364056000
2020-07-06,9.793879508972168,9.863059004757494,9.667713977846143,9.696829246456272,315892000
2020-07-07,9.8262300491333,10.023565712221714,9.805326973795573,9.900386604188158,357800000
2020-07-08,10.168892860412598,10.177852135345317,9.919548208152843,9.94766768707391,365480000
2020-07-09,10.460540771484375,10.52125935945527,10.186310859679175,10.332384614793433,494548000
2020-07-10,10.430929183959961,10.606117275097947,10.330892492239586,10.539924201198593,497676000
2020-07-13,10.005897521972656,10.742485046509767,9.978772887106153,10.546145179705201,457076000
2020-07-14,10.329154968261719,10.354786403074998,9.740381896577532,10.028547344013683,542676000
2020-07-15,10.18009090423584,10.3848916779029,10.00938150824188,10.366228896039699,403984000
2020-07-16,10.088019371032715,10.159686933380636,9.849872362524458,9.96882151149735,344964000
2020-07-17,10.154460906982422,10.201244122022572,10.041235900917167,10.178350410253335,266284000
2020-07-20,10.462285041809082,10.482690699140393,10.109917234833206,10.226875749369688,284852000
2020-07-21,10.280874252319336,10.511307409960915,10.239316810486173,10.464523249805001,277036000
2020-07-22,10.390618324279785,10.55361298706139,10.244047103356172,10.319696888255717,367292000
2020-07-23,10.083041191101074,10.498366900172412,9.984995131598533,10.401814053155686,411660000
2020-07-24,10.147493362426758,10.316958282802545,9.731918901066056,9.829466600023125,473292000
2020-07-27,10.373446464538574,10.393602461072307,10.170635352239847,10.185069107587438,292132000
2020-07-28,10.168394088745117,10.334126413834573,10.16217347835774,10.326412591156744,271636000
2020-07-29,10.417243003845215,10.467758773160696,10.29928965550237,10.342837732498475,284508000
2020-07-30,10.565057754516602,10.574016079653706,10.247777173412945,10.32715949631909,308880000
2020-07-31,10.565804481506348,10.71685531257527,10.384892248538662,10.514541633004042,386080000
2020-08-03,10.95948314666748,11.047575106546473,10.665843280404173,10.683013803473292,412720000
2020-08-04,11.175980567932129,11.175980567932129,10.855714414158966,10.99905050765909,310336000
2020-08-05,11.234703063964844,11.31931114003303,11.114759114908493,11.192150790094022,249924000
2020-08-06,11.283231735229492,11.305628025623456,11.127204783408471,11.297415830981054,244316000
2020-08-07,11.147857666015625,11.451700283827373,10.986604966220375,11.26033652411239,342516000
2020-08-10,11.113517761230469,11.35564602075613,10.806439976810287,11.281987829661926,427796000
2020-08-11,10.799967765808105,11.08539531581935,10.745967215021588,11.022685151886076,354512000
2020-08-12,11.387499809265137,11.41412607866207,10.907721944778629,10.940072354232733,464412000
2020-08-13,11.390236854553223,11.6677019727211,11.303389402079686,11.49276161637444,374460000
2020-08-14,11.510680198669434,11.650781152441137,11.387749768397919,11.47683657284962,366436000
2020-08-17,12.280113220214844,12.352527856575652,11.762760176683678,11.796602846193656,621300000
2020-08-18,12.204214096069336,12.438379802232884,12.030519221573105,12.392591435062732,503448000
2020-08-19,12.082528114318848,12.258213621054422,12.042214226825553,12.239799549527746,622624000
2020-08-20,12.085018157958984,12.317939398909461,11.823977434765848,11.919784161685799,921388000
2020-08-21,12.625015258789062,12.749687580406652,12.139015904821967,12.145486175613579,999868000
2020-08-24,12.661596298217773,12.85296007261866,12.449826868277539,12.824342222900356,490564000
2020-08-25,12.691207885742188,12.702405554694398,12.515770144609954,12.572507468754125,289076000
2020-08-26,12.714102745056152,12.809162381604702,12.619291819047708,12.74023159092039,321244000
2020-08-27,12.570019721984863,12.790747463917562,12.50855404867162,12.722562809357813,317604000
2020-08-28,13.08712387084961,13.087372581370376,12.584203668831243,12.616554072790118,537160000
2020-08-31,13.312829971313477,13.51240499533192,12.977632707337218,13.12196361348135,500840000
2020-09-01,13.761387825012207,13.933392246926287,13.37854573615063,13.421858060233896,511316000
2020-09-02,14.28462028503418,14.663230147107154,13.840045378460548,14.640328637897767,874012000
2020-09-03,12.959360122680664,13.8246113357648,12.823199748148971,13.769101909402469,945128000
2020-09-04,12.5680570602417,13.118173789760052,11.654265141820803,12.72861072124861,1463684000
2020-09-08,11.861614227294922,12.495866656616476,11.653764883482358,11.683883999642944,795728000
2020-09-09,12.660158157348633,12.754001367320672,12.178991882881057,12.346516275086678,736200000
2020-09-10,12.258646965026855,13.008896928842086,12.114520712963447,12.933224521841012,698684000
2020-09-11,12.112030982971191,12.597926004409656,11.844439994967425,12.431646509399577,636928000
2020-09-14,12.816729545593262,13.257569871709805,12.576769791725022,13.024579895343457,1201744000
2020-09-15,12.934967041015625,13.24138939468092,12.772421205731272,13.222720077777511,727556000
2020-09-16,12.460522651672363,13.036278499769432,12.4597762967511,12.901362978238856,556384000
2020-09-17,12.409741401672363,12.535447115383795,11.98284068441075,12.07991998724421,792512000
2020-09-18,12.136675834655762,12.578013731233012,11.937041086164525,12.539431169954202,698460000
2020-09-21,12.46325969696045,12.468487029467878,11.853152604133797,11.873564364275431,721044000
2020-09-22,12.58324146270752,12.593447344321817,12.103072204677165,12.5207622481134,646452000
2020-09-23,12.071457862854004,12.672106440614145,12.027150399322249,12.521259187948008,647012000
2020-09-24,12.294739723205566,12.515284736210981,11.962180709019703,12.020179888363417,731240000
2020-09-25,12.818220138549805,12.827928447559664,12.192929643192095,12.39380921782391,588016000
2020-09-28,12.978775978088379,12.995454064553032,12.695005420616106,12.984003310472113,573808000
2020-09-29,13.16870403289795,13.384768065727984,12.877466113660384,12.88169735695408,621460000
2020-09-30,13.472139358520508,13.563742542883896,13.093529512118515,13.100748073599721,689184000
2020-10-01,13.555777549743652,13.703387740885159,13.40269029134298,13.698658927613552,525004000
2020-10-02,13.005908966064453,13.461186360734684,12.994706996717781,13.167957222470799,552496000
2020-10-05,13.583657264709473,13.585399709035006,13.165717512425775,13.178910712130937,479820000
2020-10-06,13.677251815795898,14.081003232270978,13.60606038275203,13.770348670376706,784420000
2020-10-07,13.903768539428711,14.05834944334115,13.803701921805605,13.93936472563544,418084000
2020-10-08,13.779060363769531,14.023750816263338,13.698659142162176,14.01429129045017,378900000
2020-10-09,13.703387260437012,13.764622541474697,13.601827927722326,13.707619453210627,346892000
2020-10-12,14.164639472961426,14.285117857821534,13.852492225225067,13.929159770375568,434744000
2020-10-13,14.186793327331543,14.28661116418,13.958283407222073,14.234835409119126,344604000
2020-10-14,14.034455299377441,14.280887264715126,13.899788560818896,14.228862717598037,276100000
2020-10-15,13.909744262695312,13.945339502121929,13.70836613749125,13.751180888345079,267224000
2020-10-16,13.75192642211914,14.060589716200548,13.73300832168819,13.976205093854658,242392000
2020-10-19,13.439530372619629,13.923184432811734,13.348922328803374,13.843032003278086,298068000
2020-10-20,13.58664321899414,13.740228038744753,13.448740396598476,13.524910369339894,229212000
2020-10-21,13.466413497924805,13.732013260286454,13.419367506297078,13.566231333022323,219596000
2020-10-22,13.30336856842041,13.553036570252154,13.17467555271184,13.464171929657988,290480000
2020-10-23,13.531631469726562,13.534618788168892,13.233921352971006,13.391986202058305,233484000
2020-10-26,13.084568977355957,13.633690573268522,12.98226233213433,13.369086871327628,336896000
2020-10-27,13.338966369628906,13.384021132448181,13.134600935706988,13.248607109488976,250520000
2020-10-28,12.572535514831543,13.20280555303319,12.554613504100049,13.141072705641232,376520000
2020-10-29,12.967825889587402,13.13584785804943,12.695007521608149,12.78312583190054,320080000
2020-10-30,12.479940414428711,12.880703607368117,12.24694946697932,12.794577470093719,416820000
2020-11-02,12.526485443115234,12.781380795725333,12.341536637952245,12.603152981885287,299652000
2020-11-03,12.963342666625977,13.048473643303717,12.54839028330013,12.653684234543976,272900000
2020-11-04,13.734750747680664,13.76785813556174,13.279473362811475,13.331497901537697,410228000
2020-11-05,14.098925590515137,14.277153437233792,13.930654840153293,14.101415339384825,319028000
2020-11-06,14.499191284179688,14.525825518344906,13.835068378723031,14.048891455608413,383348000
2020-11-09,13.571954727172852,14.628129287975106,13.552041489090445,14.489728912361791,582976000
2020-11-10,12.714920043945312,13.54781121416907,12.573781115211155,13.54781121416907,644068000
2020-11-11,13.360125541687012,13.377052414591688,12.892401270410012,12.997446446842183,404744000
2020-11-12,13.398707389831543,13.706623391136638,13.258564550225856,13.4208615944081,365812000
2020-11-13,13.23964786529541,13.609794327141808,13.00292326551335,13.56847323205472,346312000
2020-11-16,13.456957817077637,13.590628474298281,13.099257223591238,13.115685579151505,413776000
2020-11-17,13.36435604095459,13.53760531971783,13.246367406234198,13.494044215080645,312028000
2020-11-18,13.370828628540039,13.547065230799866,13.128130360392811,13.407171172523759,510924000
2020-11-19,13.382280349731445,13.429326347476689,13.043497889673867,13.15576163324894,565936000
2020-11-20,13.031299591064453,13.436294899913538,13.008646866876623,13.395969898317098,341088000
2020-11-23,13.08332347869873,13.324776855880762,12.959360212033532,13.11443868783319,361356000
2020-11-24,12.901861190795898,13.105229608148392,12.829424883595962,13.085813935486797,346500000
2020-11-25,13.177665710449219,13.212265811659313,12.963842630406676,12.976288525531565,259916000
2020-11-27,13.204050064086914,13.34966996860032,13.113691752498204,13.317309884312802,167276000
2020-11-30,13.343695640563965,13.354648825249436,12.916297341464292,13.207784992620201,286952000
2020-12-01,13.332244873046875,13.470396474680498,13.171191763899333,13.4340539339607,296948000
2020-12-02,13.486080169677734,13.614523477807763,13.177168059878014,13.292916687996875,283360000
2020-12-03,13.342161178588867,13.605100097734832,13.275431014926465,13.532891248388985,199520000
2020-12-04,13.503759384155273,13.505502343250445,13.33494026054711,13.394449728247713,202244000
2020-12-07,13.552063941955566,13.676063849403539,13.445743434248142,13.546586206055725,223244000
2020-12-08,13.296343803405762,13.544093756670273,13.228118603208381,13.530398944947187,271920000
2020-12-09,12.878779411315918,13.360086828024684,12.816530607506692,13.247043357447485,401300000
2020-12-10,12.920113563537598,13.01622611811567,12.797856623609862,12.817278981162264,207764000
2020-12-11,12.96094799041748,12.96767096745661,12.77146224084269,12.915132393146711,209264000
2020-12-14,13.255261421203613,13.334939820019592,13.024941019943634,13.035398774169177,270156000
2020-12-15,13.306800842285156,13.409884262465082,13.133749266893034,13.385731699431595,193016000
2020-12-16,13.189278602600098,13.383245733797809,13.159398488926833,13.368554535432228,223116000
2020-12-17,13.28763198852539,13.325728231536273,13.12553583695301,13.313028850638311,231384000
2020-12-18,13.218658447265625,13.351123325763458,13.017968362309006,13.325227800290302,342064000
2020-12-21,13.278667449951172,13.316265976199928,12.915383468107274,13.022202644085827,302332000
2020-12-22,13.224884986877441,13.283647883438702,13.001536398216391,13.26572057425923,185580000
2020-12-23,12.956963539123535,13.221645381169145,12.952731046047212,13.20272169186044,179144000
2020-12-24,12.941527366638184,13.079719802401335,12.88674905910573,12.984852485701106,97884000
2020-12-28,12.848154067993164,13.010001354735067,12.711954400513704,13.010001354735067,212564000
2020-12-29,12.891228675842285,13.01995972337383,12.790634778448547,12.873052511880598,170372000
2020-12-30,13.092918395996094,13.160644950214424,12.844919508521023,12.93804292692024,225396000
2020-12-31,13.002531051635742,13.0981449376047,12.863093382639896,13.083703548789822,192424000
2021-01-04,13.06079387664795,13.597628037496744,12.9104007529022,13.051581365786737,560640000
2021-01-05,13.350872993469238,13.389466944056863,13.034400129063407,13.04709855703658,322760000
2021-01-06,12.563799858093262,13.19176559346477,12.535414800402618,13.169355987451675,580424000
2021-01-07,13.29036808013916,13.323982965116926,12.834707343598083,12.915381167862042,461480000
2021-01-08,13.223389625549316,13.367059793296423,12.989583303848809,13.308795569096715,292528000
2021-01-11,13.566753387451172,13.904889317137515,13.30879451781324,13.36481806161411,518344000
2021-01-12,13.430553436279297,13.699219880759559,13.291365574551167,13.697227113464349,291476000
2021-01-13,13.477365493774414,13.570240994686895,13.331205784944276,13.435783333016113,210028000
2021-01-14,13.147197723388672,13.545092022114554,13.12752745599619,13.520441735796062,283120000
2021-01-15,12.807817459106445,13.271695346356372,12.796861987374657,13.17483621037775,277780000
2021-01-19,12.972900390625,13.041373506221632,12.79237828621631,12.963935787634238,226188000
2021-01-20,13.312032699584961,13.376522184971396,13.004274570708622,13.059052877089373,258572000
2021-01-21,13.811763763427734,13.942984337506825,13.199733528843137,13.364568036299605,337780000
2021-01-22,13.657388687133789,13.786119751969078,13.572481408125672,13.684778315815404,246820000
2021-01-25,13.598377227783203,13.772922949913667,13.183302194742383,13.726360770124714,251112000
2021-01-26,13.381253242492676,13.589910611709367,13.33369468135409,13.52591884373518,163980000
2021-01-27,12.86583423614502,13.179567840926634,12.742332042000513,13.176828497975235,371272000
2021-01-28,12.998546600341797,13.28613673623266,12.90841044886563,12.944017154210293,228316000
2021-01-29,12.937541961669922,13.281155615738037,12.859606529711234,13.022449229079449,271552000
2021-02-01,13.183799743652344,13.217413681369504,12.85089267680462,13.000788099819756,217204000
2021-02-02,13.502265930175781,13.517453895988597,13.232105357802928,13.344900937302837,220440000
2021-02-03,13.476119041442871,13.87575623581958,13.462175370601546,13.581194289613904,245408000
2021-02-04,13.609332084655762,13.618544596229361,13.284144388776067,13.476617397100561,201340000
2021-02-05,13.536375999450684,13.682038927768824,13.491307924573183,13.669838214950548,169152000
2021-02-08,14.380719184875488,14.415578363671342,13.672078622183603,13.672078622183603,434624000
2021-02-09,14.205924034118652,14.524637598261522,14.165337313462569,14.283111941148748,287560000
2021-02-10,14.704910278320312,14.845094516583352,14.283859846653357,14.40512039530339,485352000
2021-02-11,15.189455032348633,15.210869206423117,14.865014860197656,14.920042971123856,450828000
2021-02-12,14.901121139526367,15.229794795729902,14.715618993153976,14.989514339884593,374756000
2021-02-16,15.268637657165527,15.310718485509026,14.889915901123095,15.003706913820904,321960000
2021-02-17,14.846091270446777,15.162315316732863,14.720597275681127,15.11002559817303,274756000
2021-02-18,14.769399642944336,14.81347132948943,14.516419860562522,14.66980118375889,233868000
2021-02-19,14.866509437561035,15.116002383057575,14.7870798988498,14.964115141640802,271724000
2021-02-22,14.298052787780762,15.072428084036344,14.267426101767738,14.715368455188019,325884000
2021-02-23,14.085162162780762,14.181523573742238,13.335685999500365,14.018679913027913,391780000
2021-02-24,14.440726280212402,14.448445641095974,13.700712460905951,14.06598916049394,448320000
2021-02-25,13.254016876220703,14.316977835811675,13.163134143029106,13.989050761356713,824436000
2021-02-26,13.659379005432129,13.798815708495557,13.307299430514368,13.697225432091273,500932000
2021-03-01,13.78611946105957,13.869034920751616,13.49877912411454,13.819235683276025,353184000
2021-03-02,13.352368354797363,13.864551312583613,13.342159459835498,13.844133522659883,264116000
2021-03-03,12.753284454345703,13.397434477893151,12.747308053363994,13.372286481645268,377592000
2021-03-04,12.320531845092773,12.922851894147273,12.035183354685007,12.749301630930296,573344000
2021-03-05,12.411415100097656,12.499559425069663,11.632308704404133,12.499559425069663,542840000
2021-03-08,11.546659469604492,12.421130283015424,11.520016409854058,12.399965910204045,543112000
2021-03-09,12.474233627319336,12.570378398131114,12.014927537191268,12.085666683941009,521824000
2021-03-10,12.422425270080566,12.932293687337854,12.41171496237117,12.793306731118925,384376000
2021-03-11,12.945744514465332,12.99830122675379,12.687696596615787,12.902404444000641,299916000
2021-03-12,12.80875015258789,12.841379915385886,12.543727990467413,12.601763379126412,243964000
2021-03-15,13.142768859863281,13.158211962080784,12.720327373768852,12.817468886000968,221988000
2021-03-16,13.242402076721191,13.462838518161057,13.068542937398949,13.307411714289238,272128000
2021-03-17,13.292217254638672,13.403805133986928,12.941759670722005,12.991825039852959,243864000
2021-03-18,12.675740242004395,13.13554423645725,12.67026061604295,13.088219157514716,293896000
2021-03-19,12.798537254333496,12.874009196386721,12.56614486370807,12.703139313327759,299208000
2021-03-22,13.137786865234375,13.34527153839692,12.859314092199842,12.8652925575449,297804000
2021-03-23,13.022709846496582,13.295453056393745,12.973391315699493,13.205534747108478,222048000
2021-03-24,12.59653377532959,13.110887048313957,12.590307315590085,13.102916077650947,245840000
2021-03-25,12.489177703857422,12.66801854798427,12.226895852352571,12.453559661763387,295144000
2021-03-26,12.792060852050781,12.808998568705801,12.328022905586126,12.508357423671487,363968000
2021-03-29,12.900660514831543,13.0144907889492,12.653322911949298,12.773130700711981,273520000
2021-03-30,12.824442863464355,12.927562839023832,12.658305758509186,12.794802331642357,200204000
2021-03-31,13.299193382263184,13.420993698216213,12.934787261773293,12.967665973766012,314776000
2021-04-01,13.760986328125,13.819021709994194,13.461589927459961,13.522366547343738,308276000
2021-04-05,13.936090469360352,13.962492820296003,13.682525472140757,13.816531631922624,255672000
2021-04-06,13.810553550720215,14.00259509902504,13.722877637600922,13.94829577953062,191744000
2021-04-07,14.091520309448242,14.191152220575374,13.661107830911533,13.829735341708554,251284000
2021-04-08,14.264381408691406,14.418313585584368,14.196630537167836,14.200367553011299,244416000
2021-04-09,14.347073554992676,14.355044524089577,14.122901094858856,14.161757312554487,195172000
2021-04-12,15.153100967407227,15.296073878996914,14.087282859260705,14.237230012870905,869324000
2021-04-13,15.621870994567871,15.642295831040608,15.070156216327348,15.175517625052338,676212000
2021-04-14,15.22085189819336,15.662721441224473,15.171533365001741,15.567572446035657,385500000
2021-04-15,16.077945709228516,16.15466239598031,15.574053711645691,15.604939921944846,598480000
2021-04-16,15.854015350341797,16.106334673297113,15.806938268733886,15.99399807287851,335208000
2021-04-19,15.305292129516602,15.749404144258904,15.177015463688035,15.479400214978964,404420000
2021-04-20,15.115489959716797,15.440042098301998,14.90800531574817,15.266930774723033,334132000
2021-04-21,15.304047584533691,15.306040089728736,15.046746466607148,15.063185347093299,216776000
2021-04-22,14.795670509338379,15.381758649575245,14.729165313862191,15.318491630862203,277788000
2021-04-23,15.209147453308105,15.278640941311782,14.845489127080329,14.879363615592718,227500000
2021-04-26,15.421113967895508,15.422110695504312,15.069411647383998,15.129191549679522,197796000
2021-04-27,15.325218200683594,15.612906665769394,15.29806806262324,15.52124478193989,164572000
2021-04-28,15.220601081848145,15.475162801608885,15.159576467603044,15.30802899668714,209416000
2021-04-29,15.268427848815918,15.37976679134769,15.016108481125764,15.343400960325498,173196000
2021-04-30,14.954334259033203,15.308527889547474,14.941880391047532,15.118728737053257,201912000
2021-05-03,14.782221794128418,15.190714804224188,14.733153148096715,15.069412383191088,203912000
2021-05-04,14.298503875732422,14.583701921742202,13.958757564248552,14.583452977403262,405324000
2021-05-05,14.40536117553711,14.75905695265572,14.334622020113388,14.654940249491606,292024000
2021-05-06,14.469626426696777,14.517699301220953,14.165747975379443,14.44197839525225,193380000
2021-05-07,14.757810592651367,14.91572777547651,14.617826904664591,14.753825582724902,229328000
2021-05-10,14.213319778442383,14.751584051485553,14.197627731992897,14.732902772330645,268904000
2021-05-11,14.253669738769531,14.301991547121727,13.69946450914894,13.774188670983172,285584000
2021-05-12,13.707932472229004,14.207838345963491,13.65886383403718,13.958009406177771,303408000
2021-05-13,13.615026473999023,14.029000041847352,13.409534306407398,13.98217189732555,285404000
2021-05-14,14.190653800964355,14.275341444847527,13.697971040090284,13.838951467039104,258616000
2021-05-17,14.113438606262207,14.11717467222545,13.802585945986333,14.104969746666484,216980000
2021-05-18,13.964237213134766,14.35130955439113,13.952530178000735,14.214564048719183,186256000
2021-05-19,14.014054298400879,14.027753839066552,13.493474603613123,13.516638780467643,344000000
2021-05-20,14.558797836303711,14.629785947641448,14.218054711848684,14.249936698274063,321592000
2021-05-21,14.936650276184082,15.166054390870835,14.814849979402481,15.108018052622167,672992000
2021-05-24,15.5546236038208,15.687134227606302,15.120225159949756,15.156590993193284,554816000
2021-05-25,15.590239524841309,15.760361630715945,15.42559704511767,15.708054812680162,435408000
2021-05-26,15.642294883728027,15.735700308133453,15.528963462870717,15.676419257223476,370440000
2021-05-27,15.431076049804688,15.692113190945143,15.403179081309112,15.642047824221699,581476000
2021-05-28,16.184799194335938,16.21767885890233,15.444032817878627,15.444032817878627,644536000
2021-06-01,16.20471954345703,16.32801538481645,15.84479739278684,16.210200118763833,472804000
2021-06-02,16.716588973999023,16.856573649229006,16.175834195760046,16.19252297327209,594168000
2021-06-03,16.907377243041992,17.195565429117057,16.522049469970472,16.63936684781397,580008000
2021-06-04,17.51364517211914,17.596089458232893,17.032669494095202,17.049605310936567,617120000
2021-06-07,17.554243087768555,17.7470324200021,17.12956115972956,17.5066700158796,575756000
2021-06-08,17.39284324645996,17.55673796608518,17.18759905493115,17.46283462472556,323848000
2021-06-09,17.29841423034668,17.514418168620654,17.196268545386232,17.455372530301904,381656000
2021-06-10,17.36493682861328,17.43170722377166,17.116796462616325,17.29019648734641,287772000
2021-06-11,17.763809204101562,17.877416579612827,17.38362394384522,17.419250155413216,416308000
2021-06-14,17.956640243530273,17.97731876578179,17.601868346834245,17.84427977971432,321376000
2021-06-15,17.72718048095703,17.95414617159391,17.666889838521403,17.85324549808425,243032000
2021-06-16,17.748855590820312,17.8928582145457,17.52388380440414,17.729423980176904,307124000
2021-06-17,18.592937469482422,18.770074396069546,17.69504416542192,17.713230770641097,809656000
2021-06-18,18.574504852294922,19.308217023143403,18.519943127082154,18.71925451472753,968856000
2021-06-21,18.363731384277344,18.472605819565104,17.76131527148521,18.371703230531587,672384000
2021-06-22,18.82164764404297,18.898383795362612,18.32262411331532,18.407830114038756,580144000
2021-06-23,18.991559982299805,19.086731742850937,18.842575405432253,18.942231092149555,332356000
2021-06-24,19.139297485351562,19.353058520618433,19.022451210045137,19.161471913925485,320924000
2021-06-25,18.96540069580078,19.278817427102744,18.829371801358914,19.21404094846536,278364000
2021-06-28,19.916114807128906,20.00954166257775,19.25241006107168,19.294514111263886,495436000
2021-06-29,19.957719802856445,20.029470225090638,19.589243331185592,19.81396615542745,367632000
2021-06-30,19.933549880981445,20.09299819265169,19.795278090307768,19.93031096241236,326568000
2021-07-01,20.142332077026367,20.385490527597725,19.949996529159517,20.055632059782717,480136000
2021-07-02,20.416379928588867,20.434568434216665,20.217817481948444,20.369791959842154,342764000
2021-07-06,20.627153396606445,20.77015813867355,20.280104352666278,20.666018525350328,446708000
2021-07-07,20.30152702331543,20.8030424068204,20.261914895907818,20.78161688378112,418428000
2021-07-08,19.834150314331055,20.06360610828988,19.632846891325155,19.788060334527767,503300000
2021-07-09,19.981138229370117,20.011035507147476,19.68615897824223,19.89369121039719,296624000
2021-07-12,20.44179916381836,20.46197778555114,20.11816760088611,20.17023741661217,321984000
2021-07-13,20.18020248413086,20.390724653675633,20.044671567024327,20.330183088232943,290708000
2021-07-14,19.77310562133789,20.34736936190273,19.684662607285635,20.287576714298133,380100000
2021-07-15,18.90087127685547,19.77858591455297,18.79349276060635,19.74345771305895,550564000
2021-07-16,18.09839630126953,19.090963266733112,18.010700300983057,18.964900147522947,688224000
2021-07-19,18.71502113342285,18.97636621146561,17.80392103012152,17.85350083008128,749060000
2021-07-20,18.5478458404541,18.77306667414846,18.101390096554123,18.665439136855753,434687000
2021-07-21,19.343090057373047,19.459687314986905,18.677393504431258,18.816910290790638,371017000
2021-07-22,19.52646255493164,19.81845190203204,19.209557858116415,19.57429744133103,323826000
2021-07-23,19.490583419799805,19.632094138275786,19.18364454445937,19.5882451844346,195672000
2021-07-26,19.227495193481445,19.374983858977348,18.848803969588506,19.244436793032506,203943000
2021-07-27,19.141788482666016,19.554360946532352,18.676397315586588,19.198591207828677,248863000
2021-07-28,19.435773849487305,19.57828058191226,18.92952549207066,19.2524080782056,202191000
2021-07-29,19.59423065185547,19.784572307365167,19.261380330589333,19.45172198609903,190781000
2021-07-30,19.43178939819336,19.562336470219837,19.1966028063269,19.35106731996473,183497000
2021-08-02,19.68192481994629,19.892197976723832,19.29426570330478,19.632097922483993,217444000
2021-08-03,19.74669647216797,20.15229309655213,19.15374627337289,19.671954243501315,301811000
2021-08-04,20.204120635986328,20.247969602176056,19.759656839937854,19.92109911933117,231309000
2021-08-05,20.565866470336914,20.661536241718938,20.271883215334118,20.429339555669177,211435000
2021-08-06,20.295799255371094,20.499096555119213,20.140336838007727,20.453255584823058,178497000
2021-08-09,20.22504425048828,20.4373093965313,20.073567760929837,20.37552283364435,146443000
2021-08-10,19.867284774780273,20.359581522672396,19.76663117132434,20.251953978228443,179238000
2021-08-11,19.631093978881836,19.9798878561772,19.363022159673235,19.973908022072912,185925000
2021-08-12,19.836389541625977,19.959960768948545,19.552372068752263,19.80151033623967,151652000
2021-08-13,20.1184139251709,20.144325279245585,19.78257563330717,19.83639035283201,183063000
2021-08-16,19.8812313079834,20.217069532094754,19.385942869614865,20.065593064053427,210876000
2021-08-17,19.390932083129883,19.70185695099313,19.200590439736775,19.617148941747843,204585000
2021-08-18,18.974369049072266,19.566321363540087,18.934506018766548,19.432782492944614,285913000
2021-08-19,19.729759216308594,20.424357250217014,18.69732897160498,19.42680621302626,766555000
2021-08-20,20.744251251220703,20.793082144793182,19.864295359597282,19.922094106648743,675741000
2021-08-23,21.88231658935547,21.921181725380446,20.877791484608885,20.898719011758836,575807000
2021-08-24,21.717884063720703,21.883312266770652,21.460773905230095,21.67802292246047,297299000
2021-08-25,22.136430740356445,22.392544826376568,21.64712400159845,21.662071688084197,347701000
2021-08-26,21.99193572998047,22.262997548429166,21.714894075614353,22.123480715517967,237940000
2021-08-27,22.557971954345703,22.643675947875877,22.090588763919488,22.10753036152277,304722000
2021-08-30,22.60979461669922,22.963570482185514,22.473267719877327,22.751305343048546,262580000
2021-08-31,22.311771392822266,22.62075674664323,22.04763890496798,22.62075674664323,259850000
2021-09-01,22.367589950561523,22.622753028655936,22.283865100248764,22.41144663929597,201767000
2021-09-02,22.322736740112305,22.51909280352411,22.222067304803737,22.444337387679806,187834000
2021-09-03,22.768274307250977,22.91080616281464,22.12737809725463,22.2519691858628,280532000
2021-09-07,22.587865829467773,22.82409003815894,22.448322522567985,22.758305960984877,198107000
2021-09-08,22.26592254638672,22.53603592576677,21.905105352001236,22.439353122725205,254434000
2021-09-09,22.104450225830078,22.464269311558628,22.05860118166775,22.239008815072744,196856000
2021-09-10,22.404470443725586,22.55198511877038,22.197150672313043,22.2748946360381,248376000
2021-09-13,22.079532623291016,22.888876529423555,21.786493788006073,22.60979183386128,297500000
2021-09-14,22.16924476623535,22.336694491367744,22.013754920994057,22.202135861768,199755000
2021-09-15,22.26791763305664,22.29383355511717,21.894144334606132,22.236022722228473,166538000
2021-09-16,22.16924476623535,22.204130125637935,21.855274630502613,22.11043774594107,156033000
2021-09-17,21.82836151123047,22.247983887075033,21.758590795663608,22.227052672404977,294503000
2021-09-20,21.04393768310547,21.36289062011508,20.594412745883098,21.07682877794372,349440000
2021-09-21,21.17650032043457,21.35491372577289,20.88146906785273,21.3469404733302,204688000
2021-09-22,21.869224548339844,21.888161496452156,21.126660825026075,21.29610478128571,268726000
2021-09-23,22.408456802368164,22.461282925863888,21.818392405906536,22.067574601135654,248555000
2021-09-24,22.00876808166504,22.076546431149566,21.789488429342764,21.997804384215325,217655000
2021-09-27,21.589147567749023,21.72769282238247,21.255244302712523,21.63898325171852,245215000
2021-09-28,20.63128662109375,21.348932496688196,20.58344330923957,21.144603190689022,343069000
2021-09-29,20.44988250732422,20.94824684688675,20.400044932702517,20.87149907318932,218394000
2021-09-30,20.648231506347656,20.99708693414732,20.620323224212417,20.70006144475727,221009000
2021-10-01,20.67414665222168,20.790762583446227,20.136908439010178,20.682119903644967,240978000
2021-10-04,19.667457580566406,20.474807562999107,19.491036496532875,20.436931753376157,345635000
2021-10-05,20.38410186767578,20.580457952473463,19.789054624206987,19.884741262731815,279282000
2021-10-06,20.63228416442871,20.65221729292301,20.01431155448803,20.054181613694748,297202000
2021-10-07,21.00606346130371,21.252255254335836,20.903399740291803,21.02300615012372,256919000
2021-10-08,20.762855529785156,21.136628803152057,20.707038964304342,21.031972742875528,151258000
2021-10-11,20.627300262451172,20.994096456605053,20.44390216537423,20.507693882375722,163388000
2021-10-12,20.603378295898438,20.988115251158046,20.460846442919173,20.759864289713306,162134000
2021-10-13,20.870502471923828,20.921336231312484,20.645241941754325,20.849571259430128,180652000
2021-10-14,21.67486572265625,21.683835156792203,21.052906376708478,21.2183637297649,243589000
2021-10-15,21.790485382080078,21.859259915283243,21.5911407550322,21.73865543684794,226994000
2021-10-18,22.14930534362793,22.218079867426876,21.573195134718436,21.677853093300257,189494000
2021-10-19,22.217082977294922,22.30579062746577,21.964910365115337,22.203126935634774,161473000
2021-10-20,22.03069496154785,22.359615354512936,21.910090500609137,22.232033823134188,146276000
2021-10-21,22.617767333984375,22.63670618326787,22.010760294577082,22.024714435687386,187590000
2021-10-22,22.651662826538086,23.054340668722542,22.487203532004013,22.74834566009866,249384000
2021-10-25,23.090221405029297,23.278602340486742,22.695516863119877,22.897851941944545,230235000
2021-10-26,24.636140823364258,25.176369464220407,23.845735742786594,23.910523636621996,485898000
2021-10-27,24.37101173400879,25.007921262227864,24.202563973433747,24.393937207117244,245990000
2021-10-28,24.859413146972656,24.868384481883496,24.442781235893953,24.796619505924756,234204000
2021-10-29,25.483362197875977,25.62489787147844,24.91821758575926,24.91921376694326,292503000
2021-11-01,25.74251365661621,25.809293921603484,25.144476013269458,25.565096437115333,265740000
2021-11-02,26.31463050842285,26.59072475298332,25.715596794688107,25.7375260859474,294112000
2021-11-03,26.510990142822266,26.69638250653968,26.149178650654214,26.582755112755702,239910000
2021-11-04,29.703514099121094,31.26239704427072,27.02929029769168,27.139927249878582,1153631000
2021-11-05,29.654674530029297,31.297282321186877,29.313792339899493,30.088251003295557,851260000
2021-11-08,30.70323371887207,30.998264961741995,29.809166754618374,30.05037569360793,503101000
2021-11-09,30.556713104248047,32.204307519629445,29.86598118563401,32.17639923609389,646746000
2021-11-10,29.36263656616211,30.749087223860624,28.683864422453304,29.259974750868533,636206000
2021-11-11,30.29058837890625,30.489934904320453,29.679594643475284,30.368334246239346,332172000
2021-11-12,30.29058837890625,30.579640650645906,29.53307424388538,29.911832261950494,413054000
2021-11-15,29.926782608032227,30.543757233968925,29.151327703396426,30.45205912496515,384909000
2021-11-16,30.104196548461914,30.290585092245067,29.608822634811435,29.661650656013027,264484000
2021-11-17,29.1652774810791,30.409195964278993,28.705785120196275,30.31849214904719,428508000
2021-11-18,31.571380615234375,32.65283033546003,31.218538566380822,32.26111820971524,781711000
2021-11-19,32.87710189819336,32.97976560905506,31.800634810586825,32.13752850967371,533867000
2021-11-22,31.851465225219727,34.533662437419686,31.795648655207987,33.40735781762492,754335000
2021-11-23,31.642152786254883,32.25414458908274,30.778984519657556,31.431842568314533,532163000
2021-11-24,32.567115783691406,32.74752344863697,30.82682705345173,31.358084433513884,435162000
2021-11-26,31.399944305419922,32.60299466798655,31.24744493690994,32.49335390329238,283069000
2021-11-29,33.266815185546875,33.30269671767384,31.93119862998533,32.26012091262168,454964000
2021-11-30,32.5691032409668,33.24389046679486,31.759761224855104,33.06049048348585,622066000
2021-12-01,31.336008071899414,33.184171666297914,31.2811809672,33.11439240625947,484368000
2021-12-02,32.02482604980469,32.37571869369958,30.927293561836475,31.11569943003582,472890000
2021-12-03,30.596343994140625,32.027822639120906,30.035115336865402,31.899227266863253,544325000
2021-12-06,29.942405700683594,30.145761817550646,27.949700565814876,29.78589864714848,658938000
2021-12-07,32.32487869262695,32.346812573827144,30.55447261848209,30.859510618013076,593053000
2021-12-08,31.72577667236328,32.188316185516875,31.322051376993954,31.898232211155804,475551000
2021-12-09,30.393980026245117,32.103581165831095,30.33217500414839,31.634061878266106,488507000
2021-12-10,30.10289764404297,31.206411727993792,29.76695906181619,31.051899183722014,488825000
2021-12-13,28.072315216064453,30.19859933646938,28.02745685315274,30.153740973557664,598344000
2021-12-14,28.247758865356445,28.58768456683166,27.16418223461943,27.61176761656936,667035000
2021-12-15,30.363079071044922,30.403950320139508,27.750332756169268,28.31056319651723,698297000
2021-12-16,28.297605514526367,31.06187376372511,28.004532628837605,31.053899534566042,707366000
2021-12-17,27.71345329284668,28.830923474166912,27.672582039666786,27.896873879142326,713758000
2021-12-20,27.631710052490234,28.055370925868335,27.059518227197945,27.21901421962327,461847000
2021-12-21,28.983440399169922,29.028298765292003,27.314710320233896,28.284647712043096,524385000
2021-12-22,29.30741310119629,29.46192565947625,28.359407778692482,28.800017170257917,395184000
2021-12-23,29.546655654907227,29.964336743268632,29.33831421297981,29.66129326312554,343022000
2021-12-27,30.847545623779297,30.989098625583328,29.546655113197424,29.566592584176444,403686000
2021-12-28,30.226512908935547,31.231338018752773,29.917487766927692,31.213395052745707,420591000
2021-12-29,29.906522750854492,30.451801065304423,29.273522212886757,30.177667453136895,343139000
2021-12-30,29.492828369140625,30.36108570963226,29.44697370362588,29.73306863749012,308864000
2021-12-31,29.31838035583496,29.935432431024672,29.23863236196779,29.580552622443367,266530000
2022-01-03,30.026142120361328,30.61428422261977,29.69119982289277,29.721106030264906,391547000
2022-01-04,29.1977596282959,30.372049319821922,28.25972307978426,30.18165084016446,527154000
2022-01-05,27.51706886291504,29.323362739600288,27.446293309746405,28.857832469761814,498064000
2022-01-06,28.089262008666992,28.348443450993756,26.979768076203065,27.55295615903355,454186000
2022-01-07,27.161195755004883,28.332496683528657,26.97179355482779,28.05238144846275,409939000
2022-01-10,27.313709259033203,27.382492201861595,25.563238883232685,26.497288278632688,594681000
2022-01-11,27.729393005371094,27.976613053159404,26.754474366015295,27.23694931853577,404089000
2022-01-12,27.91082191467285,28.504943670380957,27.52105256494921,27.97860664853236,383413000
2022-01-13,26.49130630493164,28.390305541960913,26.414547239565,28.2896237954508,540171000
2022-01-14,26.857158660888672,27.111356726681148,26.127463390407048,26.217180131117058,395832000
2022-01-18,25.821426391601562,26.554112344866216,25.688845811972694,26.177302480368454,424270000
2022-01-19,24.988054275512695,26.459405643733195,24.97310212443453,25.9968681512823,488315000
2022-01-20,24.07394790649414,25.498448638286458,24.00217414256686,25.22431503185262,435181000
2022-01-21,23.300395965576172,24.744832480283538,23.18974544304943,23.432976571387393,718958000
2022-01-24,23.298398971557617,23.30637320074799,20.822222081779014,22.259680516494218,913982000
2022-01-25,22.25369644165039,22.87074846480711,21.930717378924925,22.47499743870543,664616000
2022-01-26,22.70029067993164,23.981244082392827,22.229776879057887,23.166817365748525,755959000
2022-01-27,21.874895095825195,23.919436763705882,21.606741215717612,23.493781409014357,573353000
2022-01-28,22.768075942993164,22.786018910319385,21.228937446273747,21.942682333906376,543774000
2022-01-31,24.40888786315918,24.431816145631064,22.979403852664547,23.108993615367613,564680000
2022-02-01,24.560413360595703,25.065816744698257,23.814767780089298,25.02494549207549,518925000
2022-02-02,25.16250991821289,25.735698020360548,24.475678597564364,25.712771637079914,543419000
2022-02-03,23.87258529663086,24.99802967321124,23.705115075622988,24.38097948355901,410178000
2022-02-04,24.242414474487305,24.55741930721573,23.557577711661764,23.89650713053911,354829000
2022-02-07,24.650127410888672,25.10269624776117,24.125782912567686,24.29524762592509,376868000
2022-02-08,25.0289306640625,25.150546207819467,23.90448265925914,24.282288838178633,410359000
2022-02-09,26.620899200439453,26.64083667175982,25.27315770145827,25.541309655752155,524282000
2022-02-10,25.742673873901367,26.840206412140088,25.519380273324217,25.91313678658992,513200000
2022-02-11,23.873580932617188,26.06964442204501,23.698136487325115,25.83438755548586,605472000
2022-02-14,24.19057846069336,24.79666354683214,23.680189818886806,23.85862696314563,440424000
2022-02-15,26.411563873291016,26.461405654812495,24.705951642944154,24.870431043038703,699869000
2022-02-16,26.427509307861328,26.498286759029188,25.471529825588878,26.176304019794223,732676000
2022-02-17,24.42982292175293,25.703798143147747,24.088900885684307,25.549285582156386,810595000
2022-02-18,23.567548751831055,24.907316200447443,23.02725575627355,24.590316828988254,761255000
2022-02-22,23.316341400146484,23.988218678165815,22.92757016662024,22.9624597952012,633422000
2022-02-23,22.316497802734375,24.07893155363586,22.230770094894353,23.72704258537858,566511000
2022-02-24,23.673215866088867,23.725052161803507,20.82421601122137,20.948822381611812,735801000
2022-02-25,24.08092498779297,24.14073550496428,23.307369674838906,23.646299107713094,528866000
2022-02-28,24.30820655822754,24.587325461796915,23.632342229680074,23.91644455057124,477319000
2022-03-01,23.403064727783203,24.3002319386135,23.059151897859554,24.21450233159208,412056000
2022-03-02,24.147842407226562,24.336280413234043,23.34524228336605,23.685225970986814,389642000
2022-03-03,23.64334487915039,24.2535209394166,23.399074019480082,24.189710547156224,365095000
2022-03-04,22.86766815185547,23.609451053409828,22.4150202714538,23.31433339065873,431415000
2022-03-07,21.28838348388672,22.964376798114145,21.2664496692882,22.749018838877227,450821000
2022-03-08,21.44990348815918,22.306343532359403,20.588477275477324,21.245514318732305,557467000
2022-03-09,22.945432662963867,23.150818288505107,22.18071764381372,22.320299923146024,492742000
2022-03-10,22.59049415588379,22.720105999777736,21.816805180949956,22.46387173081111,428066000
2022-03-11,22.034154891967773,23.076041459647897,21.980314929450074,22.9534068346535,367209000
2022-03-14,21.266448974609375,22.195671367540292,21.095958926406958,21.80384262804617,385354000
2022-03-15,22.904552459716797,22.969359327340563,21.25847247473295,21.45388764879963,491996000
2022-03-16,24.423017501831055,24.523716417538445,23.102962788581674,23.429984670978083,671422000
2022-03-17,24.692214965820312,24.76798684900342,23.834776570421486,24.04813969626861,471941000
2022-03-18,26.374187469482422,26.489842995481,24.55063805480904,24.72511591515251,730719000
2022-03-21,26.65435218811035,27.071108036211722,25.889637069261166,26.42802919116261,591727000
2022-03-22,26.44498062133789,27.156854192669332,25.994327541568634,26.647374967141474,547007000
2022-03-23,25.55762481689453,26.53270962394399,25.498800590929083,26.048157589776604,502120000
2022-03-24,28.066129684448242,28.235623263570396,25.829812434294954,26.08804154718275,877379000
2022-03-25,27.609498977661133,28.27351518468518,27.189753699361987,27.80292125310054,579016000
2022-03-28,28.134923934936523,28.165831710193313,27.12494158890915,27.673304055239864,425494000
2022-03-29,28.57062339782715,28.85975839254765,27.896636856560235,28.60950676132991,488984000
2022-03-30,27.60750389099121,28.411102336887122,27.421060745065915,28.21967492416321,463487000
2022-03-31,27.20470428466797,28.163838026854247,27.188753110757293,27.699226807551824,523440000
2022-04-01,26.632417678833008,27.414082328036937,26.188743757490492,27.29344253044728,517235000
2022-04-04,27.278488159179688,27.475898220814116,26.53371392218008,26.648371079518313,397120000
2022-04-05,25.853740692138672,27.237605758755578,25.743071345725753,27.172798887898374,436615000
2022-04-06,24.334278106689453,25.224617033059545,23.931482507749063,24.859708318326327,703833000
2022-04-07,24.135875701904297,24.648344247170577,23.40805109513817,24.36818131196346,557992000
2022-04-08,23.050121307373047,23.851726811207488,22.993291917921837,23.84574416968649,524781000
2022-04-11,21.851703643798828,22.25350288523599,21.595469340905495,22.147819689580633,575207000
2022-04-12,21.439931869506836,22.65729475827579,21.218593162457935,22.46985514903304,662258000
2022-04-13,22.136844635009766,22.432960597266536,21.391074129015756,21.6632614326222,516943000
2022-04-14,21.194664001464844,22.70913934444599,21.09994772609378,22.437948470033938,569097000
2022-04-18,21.718101501464844,22.02219119866503,21.016198500677564,21.13683828693259,525701000
2022-04-19,22.13186264038086,22.3063404800413,21.25049567770769,21.655286167385736,512781000
2022-04-20,21.417997360229492,22.602457585796717,21.1368379554735,22.449913552276662,468974000
2022-04-21,20.12287139892578,22.3252899842491,19.940416029363888,21.64432421395311,656209000
2022-04-22,19.456857681274414,20.424965416989473,19.441902979823055,20.24251007228569,624713000
2022-04-25,19.84270668029785,19.885577840769354,19.039108228053102,19.14479141968029,641566000
2022-04-26,18.732023239135742,19.729043844449905,18.614374777282016,19.659252706344454,653143000
2022-04-27,18.36013412475586,19.10989247416375,18.23550655747405,18.542587544483734,499460000
2022-04-28,19.723060607910156,19.977301919519842,18.434910207307524,18.910488306653104,570327000
2022-04-29,18.491741180419922,20.068030059623467,18.461829879065967,19.344193301516768,500435000
2022-05-02,19.474803924560547,19.515680231778166,18.33620622488366,18.48575893149055,572049000
2022-05-03,19.54360008239746,19.76593718597662,19.075997486229383,19.342202225014407,475751000
2022-05-04,20.27341651916504,20.33921986356432,18.695132726502678,19.863641752299557,648855000
2022-05-05,18.787857055664062,19.86563575823811,18.444882087815973,19.807809899114023,626331000
2022-05-06,18.619359970092773,19.453866151773262,17.936401353934347,18.680179051563016,633297000
2022-05-09,16.899499893188477,18.200610175903677,16.776865264300895,17.980269856071814,644455000
2022-05-10,17.542577743530273,18.143781837571737,16.974276274336525,17.636297548198513,761474000
2022-05-11,16.5804500579834,17.700105173473105,16.518636414884845,17.295314714048374,670167000
2022-05-12,16.12681007385254,16.73798466846581,15.520622598818264,16.17067961115199,708728000
2022-05-13,17.653247833251953,17.874586549641382,16.543564832253985,16.73798356385744,670437000
2022-05-16,17.212566375732422,17.73500542241008,17.055038053763205,17.456837299175664,521446000
2022-05-17,18.122844696044922,18.316266948710442,17.581463204511554,18.020150928461515,585830000
2022-05-18,16.887540817260742,18.06402585924725,16.81376185923218,17.65225609455197,545161000
2022-05-19,17.072980880737305,17.634303190844598,16.684141563200637,16.88653775929863,621310000
2022-05-20,16.644262313842773,17.358128675360334,15.708059831340721,17.280361950120188,739105000
2022-05-23,16.847658157348633,16.86460770868563,16.130800340603695,16.225516631801014,639889000
2022-05-24,16.105871200561523,16.547552147553244,15.732985873904111,16.460811455935517,588550000
2022-05-25,16.924428939819336,17.060023452980932,15.952333251945635,15.972274124910482,781132000
2022-05-26,17.79781150817871,18.03809265565369,15.974260672186306,15.988218897337006,996575000
2022-05-27,18.754959106445312,18.824750258238716,18.046076875849245,18.131821105909538,738379000
2022-05-31,18.616374969482422,19.142801878516646,18.295333740361873,18.9234560653081,664100000
2022-06-01,18.265417098999023,18.99623300147652,18.06800706571725,18.668214653926945,544514000
2022-06-02,19.533628463745117,19.56054844841514,18.143782516021254,18.237502324193954,648656000
2022-06-03,18.664222717285156,19.27440066641679,18.46681270771289,19.025145546199308,598779000
2022-06-06,18.73002815246582,19.27938709229923,18.508689459205605,19.081977060607624,422406000
2022-06-07,18.869611740112305,18.94339066834296,18.133809698571795,18.416963933581936,388914000
2022-06-08,18.596372604370117,19.12689931949138,18.4836845843309,18.74695362356912,363252000
2022-06-09,17.99803352355957,18.880583584037574,17.991052933850728,18.42983530392258,395574000
2022-06-10,16.92700958251953,17.648007580932866,16.82229882218963,17.55127599699547,465248000
2022-06-13,15.603680610656738,16.266839478389468,15.562793756532253,15.955702996068341,604153000
2022-06-14,15.792157173156738,16.021519942748558,15.369330314017972,15.68744737975274,469680000
2022-06-15,16.481243133544922,16.82129863210318,15.881906301777965,16.05043807467459,563936000
2022-06-16,15.557808876037598,15.897865381945072,15.358362760963734,15.816091666385807,545749000
2022-06-17,15.83603572845459,15.950717118320277,15.285563915858456,15.604677679322638,630334000
2022-06-21,16.520137786865234,16.960913567479754,16.361577575315028,16.42939011174875,483089000
2022-06-22,16.314708709716797,16.615872682415247,16.135206727012413,16.18107890643938,437135000
2022-06-23,16.18007469177246,16.539076588017778,15.809104036780468,16.47325935179828,463680000
2022-06-24,17.078580856323242,17.092542032153197,16.264840218394806,16.45431467756385,472153000
2022-06-27,16.822296142578125,17.282020263994987,16.579968879448046,17.26407044859053,427968000
2022-06-28,15.937752723693848,17.15437435755345,15.900854507260869,16.853210426478878,461149000
2022-06-29,15.498971939086914,15.776202177014092,15.128002076209375,15.770219221628231,482352000
2022-06-30,15.117032051086426,15.523902477901675,14.820854376855518,15.318472470620367,686070000
2022-07-01,14.482791900634766,15.021296837715987,14.352155016267275,14.857751323588166,577610000
2022-07-05,14.922571182250977,14.92955177197515,14.01608834866183,14.135756008662238,651397000
2022-07-06,15.088111877441406,15.27658874989287,14.748055399282007,14.968444218161782,529066000
2022-07-07,15.814096450805664,15.900855482165372,15.346395028402622,15.41320992490336,492903000
2022-07-08,15.794151306152344,15.99260071355022,15.3463940472355,15.387280900081658,467972000
2022-07-11,15.1100492477417,15.484010989302513,14.996364558759826,15.483013354753316,437321000
2022-07-12,15.040244102478027,15.388277846313347,14.835811736826283,15.225729017833062,458483000
2022-07-13,15.122016906738281,15.332433178961859,14.424952733218012,14.549606661502255,521918000
2022-07-14,15.329439163208008,15.43015935632636,14.687222157849106,15.066170162964447,456235000
2022-07-15,15.718360900878906,15.738305033694623,15.402238169306203,15.615646381948205,385935000
2022-07-18,16.056425094604492,16.850220940420993,15.957700144549596,16.256868850127862,670517000
2022-07-19,16.94495391845703,17.062627235975032,16.12722460067231,16.440354390374548,702366000
2022-07-20,17.7576961517334,17.883348644030917,16.7544828947443,16.900078566553773,760538000
2022-07-21,18.00002670288086,18.093766321144624,17.496425663382336,17.835484504614854,557049000
2022-07-22,17.27105140686035,17.917256187628578,17.089554175506528,17.843461655137467,536671000
2022-07-25,16.976865768432617,17.076589278551587,16.602904032037294,16.971878546789405,480748000
2022-07-26,16.48722267150879,16.872153555435744,16.432374656838412,16.842235937778984,397865000
2022-07-27,17.740747451782227,17.886343144331377,16.866174710818715,16.984844729606653,569776000
2022-07-28,17.9342098236084,18.089778068252926,17.39171718778261,17.925235866496404,474646000
2022-07-29,18.112712860107422,18.19348797443547,17.643016231379985,17.763681512135797,435460000
2022-08-01,18.389944076538086,18.79382347486427,17.940192505913,18.13166037008038,476469000
2022-08-02,18.474708557128906,18.885568560892924,18.041910100984115,18.071827728649904,489527000
2022-08-03,18.840694427490234,18.915487551007924,18.08678689420816,18.133657657387115,418146000
2022-08-04,19.161800384521484,19.22063704890321,18.708060200093033,18.796814489472666,409652000
2022-08-05,18.936426162719727,19.17576145516048,18.614320486775554,18.757920901412877,386068000
2022-08-08,17.74374008178711,18.18850639909418,17.194266811220928,17.45354724017541,981859000
2022-08-09,17.038698196411133,17.398698836090517,16.677700873007122,17.20423899397108,668263000
2022-08-10,18.046897888183594,18.067839657584745,17.269056663137828,17.64900236749365,597422000
2022-08-11,17.892324447631836,18.655207729285816,17.826507193274058,18.080802254514673,509327000
2022-08-12,18.657203674316406,18.66617953381499,17.903296146751718,18.109723796605994,478094000
2022-08-15,18.97930908203125,19.110943606719005,18.56147037086015,18.649226086629287,457666000
2022-08-16,18.826730728149414,19.08900306515244,18.449777011947884,18.867617579479603,451240000
2022-08-17,18.284236907958984,18.63626023321667,18.09476431039142,18.47171804037453,446799000
2022-08-18,18.721027374267578,18.812771727418596,18.13266064622917,18.25033399183685,415447000
2022-08-19,17.79958724975586,18.468729162588712,17.72080548388627,18.35504444387847,441588000
2022-08-22,16.98683738708496,17.509386725743322,16.919024871308032,17.441574209966397,409593000
2022-08-23,17.13343048095703,17.416644561805427,16.923014238335547,16.94196263706093,369986000
2022-08-24,17.174320220947266,17.357810823683003,16.84822587028311,16.96490062655106,522661000
2022-08-25,17.8634090423584,17.897315311031562,16.78639903354692,16.79736826116041,770691000
2022-08-26,16.214984893798828,17.874377717185446,16.192047853448514,17.807563767738106,769127000
2022-08-29,15.757250785827637,16.292763675866333,15.723345478382457,15.975645245910211,496132000
2022-08-30,15.425174713134766,15.994592953755117,15.139966300020541,15.915812157547325,530181000
2022-08-31,15.05221176147461,15.49697709866868,14.917585283969304,15.34140885146709,573710000
2022-09-01,13.898415565490723,14.340188956278503,13.233262343519234,14.169661891977615,1178865000
2022-09-02,13.60921573638916,14.13176414907431,13.553370076539666,14.060961579559567,743157000
2022-09-06,13.427720069885254,13.74085083822802,13.314035378216058,13.6929833994128,535751000
2022-09-07,13.680096626281738,13.803790627120508,13.313006348581766,13.529469898732927,512657000
2022-09-08,13.955413818359375,13.97336992015191,13.335949711141568,13.425726414837639,624873000
2022-09-09,14.351430892944336,14.438215695022928,14.091076486708564,14.121999030627672,486612000
2022-09-12,14.469139099121094,14.511035078989412,14.16289794182431,14.333475654409431,484159000
2022-09-13,13.098536491394043,13.887581309355834,13.06661601426547,13.767878093148786,714956000
2022-09-14,13.095544815063477,13.25714401689083,12.881076192438005,13.22123276604588,588507000
2022-09-15,12.897037506103516,13.200285874328177,12.758381195489553,12.982825342829914,523625000
2022-09-16,13.16537094116211,13.179336268504516,12.585807002502516,12.710497968812046,670751000
2022-09-19,13.348916053771973,13.429716127163072,12.97783599693244,12.979830907792524,569685000
2022-09-20,13.143426895141602,13.449668111931604,13.024721595787252,13.182330992088998,524818000
2022-09-21,13.228216171264648,13.99631305335464,13.07758944681726,13.180335452104883,807679000
2022-09-22,12.529945373535156,13.116491960905076,12.397274767166287,13.037686800354493,759162000
2022-09-23,12.48505687713623,12.579822277960686,12.22669736982,12.38929449653901,663309000
2022-09-26,12.197770118713379,12.62770532564667,12.183804789833953,12.460120427776888,547343000
2022-09-27,12.382311820983887,12.70451323216134,12.227695289178223,12.47607929062904,553854000
2022-09-28,12.704512596130371,12.791297397761815,12.323457052729534,12.379318359284666,542414000
2022-09-29,12.189787864685059,12.469095333793417,11.916465127536608,12.417223851541646,532763000
2022-09-30,12.108989715576172,12.601768874936441,12.045147807986924,12.057118225117197,565638000
2022-10-03,12.481066703796387,12.64665666780186,12.075072388322885,12.316474670852143,547478000
2022-10-04,13.134448051452637,13.187317472632325,12.847159945252836,12.847159945252836,584182000
2022-10-05,13.176344871520996,13.288068453828838,12.589799156184034,12.87908219169331,507131000
2022-10-06,13.097538948059082,13.62223854641482,13.070605273695971,13.187316594180706,644157000
2022-10-07,12.046144485473633,12.638675790831929,11.992278089651654,12.474083761565735,672478000
2022-10-10,11.641149520874023,12.094026663340596,11.379797153136787,12.00724185114814,698699000
2022-10-11,11.557356834411621,11.81671332375179,11.255105480239216,11.532418070127365,667482000
2022-10-12,11.471569061279297,11.705987738753207,11.316952527256786,11.550374224944592,492590000
2022-10-13,11.930432319641113,12.048140628446744,10.786267640804748,10.943877022867374,850103000
2022-10-14,11.19924259185791,12.081056814485887,11.176299693003378,12.02719042306738,713432000
2022-10-17,11.85860824584961,11.918460323463654,11.488526149600807,11.489523129293081,580774000
2022-10-18,11.93741512298584,12.461116834509994,11.589277945577948,12.313482956867912,659362000
2022-10-19,12.02120590209961,12.3194674213086,11.804742384541735,11.849631206949502,523131000
2022-10-20,12.16385555267334,12.737433909462094,12.075074868699629,12.083055464879127,652398000
2022-10-21,12.435179710388184,12.467101136617279,11.857611660936854,12.068089492311048,609494000
2022-10-24,12.567852973937988,12.678578622776968,12.034175742763328,12.477078338119243,517457000
2022-10-25,13.228216171264648,13.267120266355917,12.632691937809854,12.662618457515958,505482000
2022-10-26,12.864118576049805,13.354901886783574,12.676583621317251,12.837185850244591,532953000
2022-10-27,13.143426895141602,13.803791001482493,13.089560488943963,13.596305021274278,583113000
2022-10-28,13.799798011779785,13.815759201014696,13.028709325811903,13.071603238162181,521040000
2022-10-31,13.463632583618164,13.803790122164811,13.264127212017728,13.743938035026355,486341000
2022-11-01,13.509516716003418,13.89057223464228,13.485575885802234,13.776853766844887,432817000
2022-11-02,13.186317443847656,14.174867488215076,13.17833780130498,13.815757888249985,672628000
2022-11-03,13.3878173828125,13.746927925913246,12.923967850168117,13.010752644399744,500065000
2022-11-04,14.121002197265625,14.193821673388257,13.663136398930058,13.95142241289194,612576000
2022-11-07,14.265644073486328,14.376369715229352,13.919502771881342,14.19282459299917,410061000
2022-11-08,14.565900802612305,14.854185888099915,14.18085444989022,14.764408236163073,595292000
2022-11-09,13.741943359375,14.175868382440134,13.724985188452262,14.126988780724597,454414000
2022-11-10,15.711064338684082,15.734007244331483,14.511038213082168,14.763413029153785,700819000
2022-11-11,16.28663444519043,16.348481436653724,15.443724222491777,15.767920535169456,655487000
2022-11-14,16.25471305847168,16.499108168761815,15.882635102124247,16.177903764636575,527852000
2022-11-15,16.62479591369629,16.955973916165302,16.34149766989013,16.68065721766376,545876000
2022-11-16,15.87066650390625,16.321548716407033,15.833758273609781,16.122044306055884,649547000
2022-11-17,15.6382417678833,16.225786282199604,15.496592636887353,15.676147926956387,710894000
2022-11-18,15.370905876159668,15.962440257527843,15.082619839364542,15.926528055174298,492072000
2022-11-21,15.279130935668945,15.438735202574657,15.042716425610418,15.109551164252508,404739000
2022-11-22,15.998346328735352,16.018297335588166,15.084610763309893,15.290101757838611,472866000
2022-11-23,16.47816276550293,16.486144313073122,16.008328349427657,16.05820398423219,427241000
2022-11-25,16.229774475097656,16.446237020144476,16.132017196689414,16.277656134662113,167934000
2022-11-28,15.787870407104492,16.31656076749582,15.686123298163908,15.986377823696634,303741000
2022-11-29,15.600335121154785,15.892610948250487,15.481629846314512,15.787870048545495,298384000
2022-11-30,16.885478973388672,16.892463422668655,15.562418742832724,15.662196453752513,565298000
2022-12-01,17.09700584411621,17.22671675054564,16.598114521801012,16.961307724170528,470977000
2022-12-02,16.83858299255371,16.895457726979757,16.408538823613274,16.622065055941654,371389000
2022-12-05,16.573177337646484,16.957324046486256,16.43548278731988,16.642024612809784,352255000
2022-12-06,15.951555252075195,16.53625550550943,15.783927508680161,16.493351572776334,352694000
2022-12-07,16.084260940551758,16.150114595724432,15.632264273659429,15.737031971375904,372388000
2022-12-08,17.130939483642578,17.140917543492012,15.923620885545601,16.236925874832792,515456000
2022-12-09,16.963308334350586,17.544018774553155,16.93736690492108,17.121956228129644,465338000
2022-12-12,17.496126174926758,17.49911978299442,16.759763296368646,16.999231007459425,457328000
2022-12-13,18.031932830810547,18.748341354532826,17.67173314781312,18.48991481040543,656589000
2022-12-14,17.634815216064453,18.211534767204142,17.38137864220524,17.94712099776623,496888000
2022-12-15,16.914413452148438,17.281597547820855,16.662973286290804,17.107983556218308,478542000
2022-12-16,16.534257888793945,17.003217021729515,16.37361555870543,16.826609420854215,478232000
2022-12-19,16.217966079711914,16.57217862044,16.10920846876325,16.53526189450194,354039000
2022-12-20,16.04933738708496,16.27383892516191,15.816855115740298,16.02838403707244,403260000
2022-12-21,16.46441650390625,16.590138515163844,16.066300925017234,16.078275356146534,325025000
2022-12-22,15.304991722106934,16.102221001275094,14.849005155476785,16.058317929250357,565045000
2022-12-23,15.172287940979004,15.304992495444772,14.850004092190744,15.162309883054668,349326000
2022-12-27,14.089694023132324,15.066523670848282,14.024837595300793,15.040581290027674,464902000
2022-12-28,14.004880905151367,14.23037967097622,13.85321747946532,13.896122364527548,351066000
2022-12-29,14.570624351501465,14.650446912717559,14.195458504097823,14.370070713593025,354923000
2022-12-30,14.5816011428833,14.59656727894766,14.201445300640174,14.302221216588292,310490000
2023-01-03,14.2832612991333,14.96275213841312,14.06474698864116,14.818073166185235,401277000
2023-01-04,14.716300964355469,14.820070487005857,14.209427782320121,14.534705251277302,431324000
2023-01-05,14.23337459564209,14.531711494421922,14.116633408077806,14.458873382334806,389168000
2023-01-06,14.826058387756348,14.976723649540899,14.002887570575863,14.441911689218768,405044000
2023-01-09,15.593354225158691,16.020404880758452,15.107433401083721,15.250116982837364,504231000
2023-01-10,15.873729705810547,15.926611700930899,15.437698272766157,15.472620524555069,384101000
2023-01-11,15.96552562713623,15.992466195096986,15.528496936448766,15.804883260537807,353285000
2023-01-12,16.47439193725586,16.600112025362304,15.45765118323187,16.06430389569738,551409000
2023-01-13,16.861534118652344,16.884483841910928,16.129162184625386,16.241910621869895,447287000
2023-01-17,17.662755966186523,17.688699300985697,16.861536645437063,16.861536645437063,511102000
2023-01-18,17.338478088378906,17.8333769022018,17.24368747395342,17.627834203643413,439624000
2023-01-19,16.72783088684082,17.158874241400532,16.693907773124163,16.998229980422312,452932000
2023-01-20,17.799449920654297,17.816412427942808,16.787698117134013,16.973284656262667,564967000
2023-01-23,19.15045166015625,19.202336426570977,17.778499909823832,18.023952936401,655163000
2023-01-24,19.2222900390625,19.451781589199925,18.778276881927304,18.78526133289635,496204000
2023-01-25,19.280160903930664,19.327057588077132,18.538808102919397,18.87107002531869,449537000
2023-01-26,19.75809669494629,20.121289984084356,19.235258296776955,19.657320791237296,489535000
2023-01-27,20.319852828979492,20.582270274395025,19.361981955830526,19.418854801464647,542142000
2023-01-30,19.119522094726562,20.09535278848975,19.107547661178327,19.905775353099752,488611000
2023-01-31,19.493688583374023,19.643355663941833,18.907990025151328,19.12750161644277,498017000
2023-02-01,20.896568298339844,21.14501488817615,19.567520729990026,19.647343286751223,660477000
2023-02-02,21.660869598388672,21.900337276933485,20.65410773302951,20.953441855430544,564276000
2023-02-03,21.05322265625,21.696793177822467,20.742911306722025,20.953443971002155,429366000
2023-02-06,21.04224395751953,21.522176520252494,20.73991434273434,20.759870457178742,452197000
2023-02-07,22.123842239379883,22.209652016752774,21.10310954039303,21.334595540764557,664150000
2023-02-08,22.15576934814453,22.82727757872674,21.95920561326959,22.337365045310303,559651000
2023-02-09,22.2874755859375,22.968961841072108,22.07095764976335,22.555880179506847,523876000
2023-02-10,21.21785545349121,22.029052780138088,20.764863390521825,21.641914381705053,550737000
2023-02-13,21.73969078063965,21.999114525410953,20.915522011552234,21.49024509179642,474919000
2023-02-14,22.920072555541992,22.99789874171555,21.318629492503824,21.530159368940577,675474000
2023-02-15,22.713531494140625,22.804329348665444,22.056991258302702,22.499008003095835,420575000
2023-02-16,21.95322036743164,22.50000383331045,21.878385888019974,22.083928543019674,412026000
2023-02-17,21.340579986572266,21.69179883261227,20.92849556480954,21.583041248476633,465888000
2023-02-21,20.609207153320312,21.44634583081081,20.5722885301492,20.953441579866375,410015000
2023-02-22,20.707988739013672,21.05721318053683,20.37572680694439,20.661093956622445,513184000
2023-02-23,23.61153793334961,23.835042267919597,22.97395461774742,23.388035501899783,1117995000
2023-02-24,23.234373092651367,23.421957916477858,22.89612587509221,23.17350941362294,589716000
2023-02-27,23.448894500732422,23.827053916300855,23.401999726272685,23.617520428698207,452994000
2023-02-28,23.16452980041504,23.772180806302725,23.15455174201123,23.320184085898383,455963000
2023-03-01,22.647676467895508,23.204439895549427,22.45809718193452,23.140580708274207,460026000
2023-03-02,23.262310028076172,23.328163685156042,22.382265528634285,22.43814303132255,389415000
2023-03-03,23.837034225463867,23.8470122834048,23.07871895003249,23.268298244670323,412393000
2023-03-06,23.50178337097168,24.194243164611763,23.43493056523591,23.8380361602402,437429000
2023-03-07,23.24031639099121,24.07560247170694,23.193411743392723,23.551677824513874,515154000
2023-03-08,24.13149070739746,24.150452811132357,23.376040646874685,23.438911384313315,513573000
2023-03-09,23.38801383972168,24.403929057492398,23.33512096029611,24.125499097663184,501257000
2023-03-10,22.917978286743164,23.578623466893095,22.679467330163575,23.36106942050816,474866000
2023-03-13,22.918975830078125,23.250296778148737,22.251346912588748,22.70541520633813,421890000
2023-03-14,24.01372718811035,24.169407892174178,23.411961279895785,23.447888767567775,474910000
2023-03-15,24.178388595581055,24.23626848807537,23.312165981923513,23.712343919246344,524486000
2023-03-16,25.48870277404785,25.535605516897093,23.845073897032023,23.977802891862606,583253000
2023-03-17,25.672325134277344,26.3449448193976,25.61544073749828,25.9287988632653,848547000
2023-03-20,25.846965789794922,25.970712430849073,25.07854201438664,25.562549518958868,432747000
2023-03-21,26.145355224609375,26.337960836204616,25.329031245204536,26.126395026788483,547408000
2023-03-22,26.413803100585938,27.532507969585293,26.183275210273973,26.37088997719431,797295000
2023-03-23,27.135326385498047,27.442696318613994,26.635352731683053,27.05948178238723,564889000
2023-03-24,26.724164962768555,27.1113709568097,26.301033385062095,26.97564975875482,454920000
2023-03-27,26.476673126220703,26.94471262702747,26.311012675719404,26.782046292352977,361026000
2023-03-28,26.355924606323242,26.45871435039119,25.7970717555382,26.392849502534016,356104000
2023-03-29,26.928749084472656,27.022556480928984,26.542542341100866,26.770076147029812,393694000
2023-03-30,27.326927185058594,27.442690778412167,27.046502452400244,27.17324320124841,364516000
2023-03-31,27.720125198364258,27.777007695296096,27.049500279209546,27.08442846214019,433933000
2023-04-03,27.907739639282227,27.942667821784,27.280027855037655,27.452673959085395,398716000
2023-04-04,27.396787643432617,27.94266851512213,27.25108667754047,27.908737736009,368592000
2023-04-05,26.825960159301758,26.9427192704289,26.3409552107088,26.77406658654195,515015000
2023-04-06,26.981639862060547,27.02455108460632,26.372888285157632,26.529566401792227,397654000
2023-04-10,27.52252960205078,27.564443419953324,26.614393073942708,26.768077072918704,395279000
2023-04-11,27.113367080688477,27.733095757858216,27.070453958606574,27.667230920271166,314378000
2023-04-12,26.440750122070312,27.4117573972983,26.393845475280525,27.313958486817846,446259000
2023-04-13,26.408809661865234,26.831941201476347,26.275085187583688,26.679254629480894,353615000
2023-04-14,26.70320701599121,26.827951053263416,26.16630857297882,26.44972742157741,395660000
2023-04-17,26.94670867919922,26.95070019905627,26.3788735796498,26.510603252147177,321471000
2023-04-18,27.610349655151367,28.05244337278638,27.30098493529646,27.476625156577658,604812000
2023-04-19,27.873809814453125,27.94266877758147,27.176241641344223,27.304977218888993,358660000
2023-04-20,27.048500061035156,27.97260451308213,26.94471292728332,27.614338469088974,427713000
2023-04-21,27.063472747802734,27.127342787585114,26.66728625337911,26.896814866617028,345103000
2023-04-24,26.986631393432617,27.309967410410923,26.61639072563291,26.957691440868356,339282000
2023-04-25,26.18726921081543,27.191209883551597,26.17130312906319,27.02255529680181,378527000
2023-04-26,26.90080451965332,27.274039268907778,26.65031901312097,26.94671176186849,406337000
2023-04-27,27.170255661010742,27.438705899036655,26.57048635253724,27.30697619433551,377161000
2023-04-28,27.692184448242188,27.70116489389645,27.015571252856407,27.1692571711631,292216000
2023-05-01,28.850805282592773,28.99850296142685,27.723119847489293,27.782996461743867,570329000
2023-05-02,28.15223503112793,28.776954560836412,28.025496178380074,28.621273856351937,402730000
2023-05-03,27.745073318481445,28.30891697061435,27.415749094927655,27.782995617159955,383387000
2023-05-04,27.505565643310547,27.80195650009337,27.184224452575453,27.594382208198148,321850000
2023-05-05,28.621273040771484,28.696118323225086,27.674216876393494,27.769021662211923,361494000
2023-05-08,29.091310501098633,29.16016946274796,28.291951910306917,28.46359870886539,344979000
2023-05-09,28.51249885559082,28.913676170511692,28.3917482221622,28.839828282414175,314869000
2023-05-10,28.82585906982422,29.05339288631877,28.402727410108433,28.945612307547268,369350000
2023-05-11,28.51948356628418,28.89072351358173,28.18816453314951,28.836833229798795,322149000
2023-05-12,28.281972885131836,28.721072500751447,27.988574237391727,28.470585077894096,274222000
2023-05-15,28.893714904785156,28.90968288930767,28.09435634331566,28.449626392092515,293926000
2023-05-16,29.153182983398438,29.808839206478215,28.77296450239682,28.781944947212995,449405000
2023-05-17,30.116207122802734,30.137164031905737,29.369739532230806,29.523423532319487,432535000
2023-05-18,31.613134384155273,31.76282685759254,30.25791527609372,30.34773114084469,748725000
2023-05-19,31.199983596801758,31.51533653819643,30.852696589930833,31.47142600851462,473908000
2023-05-22,31.112165451049805,31.455460948812917,30.617180758045432,30.837727010931786,372000000
2023-05-23,30.625165939331055,31.223937817936044,30.568283438861428,30.936527392343383,356253000
2023-05-24,30.47547149658203,30.544330458079507,29.744969965607368,30.14814207840876,721419000
2023-05-25,37.9022331237793,39.39916178020132,36.55998587698389,38.44412056648187,1543911000
2023-05-26,38.86626052856445,39.089800933075296,37.47311881105836,37.81242284228532,714397000
2023-05-30,40.02886962890625,41.85212836748926,39.86720258532556,40.5118797580755,923401000
2023-05-31,37.756526947021484,40.21248609510539,37.74455048395033,39.40713938095961,1002580000
2023-06-01,39.68857192993164,39.967997415586815,38.26149953067262,38.410192719285774,635873000
2023-06-02,39.2464714050293,40.4170698367897,38.97802122010776,40.014895164925456,482731000
2023-06-05,39.090789794921875,39.48398018738729,38.62773924122982,38.82932526473996,396094000
2023-06-06,38.57485580444336,39.07982029424169,38.06989131464503,38.75049794421731,388729000
2023-06-07,37.40212631225586,39.422192605920955,37.28335823198355,38.839328591013164,511998000
2023-06-08,38.435123443603516,38.78843525380602,37.43208020342754,37.650652361661095,417772000
2023-06-09,38.694618225097656,39.6337866781629,38.492013810296655,38.96109737948555,427717000
2023-06-12,39.40522384643555,39.45313084322556,38.54290551877419,39.123774523483576,388701000
2023-06-13,40.942237854003906,41.0210866253636,39.66273283742683,40.107864800357326,613208000
2023-06-14,42.91340637207031,42.916398894689806,40.47315646710425,40.74463080916541,740465000
2023-06-15,42.570068359375,43.20483334915505,42.065051672698964,42.51916882992291,568622000
2023-06-16,42.60898971557617,43.635988226566326,42.578047952217986,43.36551525859182,655709000
2023-06-20,43.72282409667969,43.90447325497645,42.591030025374586,42.914401391724816,451153000
2023-06-21,42.961307525634766,43.53020280046162,41.998187390967416,43.416422222584046,551603000
2023-06-22,42.941349029541016,43.341566542076215,42.15188658669768,42.170846843287116,417737000
2023-06-23,42.126930236816406,42.72576209923424,41.93330719856048,42.381435491620046,358140000
2023-06-26,40.55300521850586,42.68086025771663,40.0220380144833,42.37844793444695,594322000
2023-06-27,41.794578552246094,41.858453292545065,40.369357466339395,40.71967293420545,462175000
2023-06-28,41.03706359863281,41.76364890830749,40.43922910988901,40.58095133712179,582639000
2023-06-29,40.74262237548828,41.51910947373688,40.52105392093283,41.47719132326854,380514000
2023-06-30,42.219749450683594,42.467268355429134,41.420308161971434,41.59896098123988,501148000
2023-07-03,42.330528259277344,42.81458581035407,42.11994000015232,42.434326127886784,198209000
2023-07-05,42.2347297668457,43.09305457985884,42.003178561095986,42.053080590984536,323618000
2023-07-06,42.02114486694336,42.09699732253943,41.265616640980895,41.76264953628558,303582000
2023-07-07,42.42036437988281,43.129984404943556,42.097994303095824,42.23971652222752,355881000
2023-07-10,42.097984313964844,42.72775789742395,41.56801476475212,42.57405800948138,353908000
2023-07-11,42.32255172729492,42.67486603723535,41.985211451319245,42.39840417547179,298244000
2023-07-12,43.81663131713867,43.849568091588466,42.69381892243994,42.949321638490275,481277000
2023-07-13,45.88760757446289,46.06525908080091,44.405494267990946,44.43144469055369,478204000
2023-07-14,45.380592346191406,47.99449947378626,44.97238720530781,46.49242471309176,772075000
2023-07-17,46.370662689208984,46.40559448511717,45.17399644703976,46.19900003919172,510488000
2023-07-18,47.40165328979492,47.80287207706954,45.64507706670889,46.6101959109385,569164000
2023-07-19,46.98545837402344,47.72501862546396,46.65111069572906,47.37170688757378,427502000
2023-07-20,45.431495666503906,46.99545027981004,44.974385975713794,46.41657614955658,537865000
2023-07-21,44.22284698486328,45.776822685139486,44.01425371443011,45.698971418551594,963769000
2023-07-24,44.52526092529297,45.02129625877823,43.95437445925072,44.64402903720118,382516000
2023-07-25,45.590187072753906,46.093204951452925,44.835656447425045,44.85362300335587,348081000
2023-07-26,45.36363220214844,45.96346547824142,44.54323172992032,45.93152619996518,364237000
2023-07-27,45.810760498046875,47.302852779891246,45.66105061247082,46.42855649018283,455976000
2023-07-28,46.65909957885742,46.93556140812505,46.290817578046465,46.57725828817055,331194000
2023-07-31,46.63814163208008,47.03836291442901,46.41557565297474,46.66309454574556,251055000
2023-08-01,46.41657638549805,46.8088138287661,45.93751010661882,46.369666884333206,237858000
2023-08-02,44.182926177978516,45.750870737209425,43.302641133046315,45.74188936339505,530142000
2023-08-03,44.42845153808594,45.03027980086514,43.714841517541664,43.714841517541664,324176000
2023-08-04,44.59312438964844,45.55325186395774,44.30668368202593,44.897531651391645,362666000
2023-08-07,45.32868576049805,45.4514476815981,44.47634628529056,45.023281025881936,322154000
2023-08-08,44.57716369628906,45.15403903929904,43.970344091683025,44.76579541158173,353843000
2023-08-09,42.47126007080078,44.2258412871121,42.05207472701769,44.18791316298273,586449000
2023-08-10,42.30558776855469,43.48928271463046,41.753661535765616,42.07803041712352,492705000
2023-08-11,40.77556610107422,41.936306917018776,40.55998646089097,41.66982393739307,533085000
2023-08-14,43.66793441772461,43.71484392430669,40.23262877049562,40.40728777661957,690286000
2023-08-15,43.85456848144531,45.17998944739272,43.62501611478745,44.473365790467945,676512000
2023-08-16,43.40145492553711,44.58814245881994,43.32160863340614,44.43344502691715,527451000
2023-08-17,43.25972366333008,43.97632609118521,42.91738827793847,43.884505920253574,452395000
2023-08-18,43.21480941772461,43.49326626137414,41.57899634242321,42.55209903416188,583768000
2023-08-21,46.87568283081055,46.97349186656967,44.13602090022551,44.407491420923556,692573000
2023-08-22,45.57920837402344,48.09331176452581,45.24486061801989,48.04141091720703,755293000
2023-08-23,47.02439498901367,47.108231304990525,45.120103708429646,45.77682532419549,779046000
2023-08-24,47.0713005065918,50.16826807045973,47.06731047667301,50.11836604551162,1156044000
2023-08-25,45.92852783203125,47.71205208326433,44.936457196698406,46.92059466008382,925341000
2023-08-28,46.74394226074219,46.88866080793937,44.80072902830529,46.39162792536596,685192000
2023-08-29,48.689144134521484,48.98556752704201,46.30079556232575,46.57526237156326,701397000
2023-08-30,49.168209075927734,49.829918115562,48.33083976005429,48.94863563426867,735206000
2023-08-31,49.259037017822266,49.64728061160453,48.86280955740575,49.283989932424504,528570000
2023-09-01,48.41468048095703,49.7031706927899,48.0483934780796,49.66524637506185,463830000
2023-09-05,48.45360565185547,48.75601791251672,47.76694364415611,48.1292368066892,382653000
2023-09-06,46.973365783691406,48.45859385625443,46.49326248710991,48.350797071158595,468670000
2023-09-07,46.15488815307617,46.25769697950561,45.067915458548406,45.440221930466876,433330000
2023-09-08,45.48714828491211,46.519223480678896,45.18671002535055,45.8564621249465,473069000
2023-09-11,45.093875885009766,46.077038527672016,44.22948732817348,46.06206706824175,473966000
2023-09-12,44.78644943237305,45.58795561962286,44.44807996157311,44.654695251427476,349256000
2023-09-13,45.400306701660156,45.84447779885845,44.4201329496468,44.51695245570367,398355000
2023-09-14,45.49612808227539,45.90137033130358,45.04696523433204,45.86444047531069,370097000
2023-09-15,43.8182487487793,45.514082288276775,43.726417212467545,45.25656332752661,506831000
2023-09-18,43.88412857055664,44.15961559349167,41.921789942113186,42.66839815481211,500271000
2023-09-19,43.43896484375,43.88413352477652,42.92192782259573,43.751381753727316,373064000
2023-09-20,42.16035079956055,43.8212539488895,42.144381748538365,43.518816723640995,367108000
2023-09-21,40.940616607666016,42.02160003234205,40.90368675780257,41.50556449339025,450736000
2023-09-22,41.53252029418945,42.0365810200349,41.154224400495224,41.494589042058344,479236000
2023-09-25,42.14338302612305,42.45679753767784,41.10032682953403,41.513557426280826,419091000
2023-09-26,41.83295822143555,42.74026599878411,41.577434392681035,41.92279078773523,402282000
2023-09-27,42.388919830322266,42.79217068875673,41.55148521974545,42.2511801171412,444935000
2023-09-28,43.008758544921875,43.36509217094579,42.03657334360293,42.38092828086827,424663000
2023-09-29,43.417999267578125,44.06179864340564,43.22635545841842,43.74538760189782,397830000
2023-10-02,44.69861602783203,45.09088199561907,43.77932952657343,43.94801356401108,433298000
2023-10-03,43.43596649169922,45.045965740925496,43.16547120468859,44.7245629218231,470850000
2023-10-04,43.958988189697266,44.06079943552314,43.21138241263282,43.6605451941074,361821000
2023-10-05,44.60478591918945,44.816392949836604,43.80627636575413,43.967973455641534,393483000
2023-10-06,45.676788330078125,45.70373848025028,43.9440208476475,44.11070969679084,434436000
2023-10-09,45.188697814941406,45.520080342411596,44.28538419676615,44.75850060605626,409675000
2023-10-10,45.71271896362305,46.17285906419018,45.004041982640686,45.22562871384522,368582000
2023-10-11,46.718833923339844,46.77173662374477,45.96424128846508,46.10996930434229,378137000
2023-10-12,46.857582092285156,47.52034710135052,46.24372943331202,46.68989566086201,481325000
2023-10-13,45.3763427734375,47.02826348384449,45.195680068516225,46.87255194030723,474115000
2023-10-16,46.0091667175293,46.13892190023753,44.82836714020883,44.97908693457242,375099000
2023-10-17,43.85618209838867,44.670664500769895,42.40089687991119,43.918066921379186,812333000
2023-10-18,42.11742401123047,43.13852165493323,41.74711648202066,42.51168892025405,627294000
2023-10-19,42.022613525390625,43.21638582989178,41.80401951663401,42.731290656514126,501233000
2023-10-20,41.3099365234375,42.39092011000652,41.00150997673177,41.81199826924351,477266000
2023-10-23,42.89497756958008,43.1674718539468,40.86875871685224,41.152230295210934,478530000
2023-10-24,43.58169937133789,43.61563646063165,42.611512883812075,42.99679194298043,401463000
2023-10-25,41.701202392578125,43.56872058494652,41.477620479123594,43.31718712471628,398379000
2023-10-26,40.250911712646484,42.177318286010724,39.80574303401105,41.77506880872993,541001000
2023-10-27,40.424591064453125,41.129277807792626,39.940493500515544,41.0534191026933,416784000
2023-10-30,41.084354400634766,41.68822738791205,40.405620307517786,41.01049469201982,388028000
2023-10-31,40.70405960083008,40.80287807912132,39.15694672159714,40.37467609597359,517969000
2023-11-01,42.246192932128906,42.30208841819016,40.79290267934758,40.80787414060049,437593000
2023-11-02,43.42498016357422,43.802274576848916,42.81412036631429,43.24731024822228,409172000
2023-11-03,44.921199798583984,45.22463078266812,43.641585445769095,43.93803330221259,424610000
2023-11-06,45.665802001953125,45.84946127643141,44.815387407221024,45.2006701825068,400733000
2023-11-07,45.86943054199219,46.13193749816825,45.073913725971586,45.63386992886557,343165000
2023-11-08,46.48727035522461,46.77972399420801,45.882396057118896,46.01415021384401,346719000
2023-11-09,46.862571716308594,48.1401869158154,46.662943389487246,47.378607266813916,540496000
2023-11-10,48.244991302490234,48.38173722144184,47.194952159011976,47.411547124751294,421245000
2023-11-13,48.52946472167969,49.02454332437156,48.00943495548385,48.230024106474055,384136000
2023-11-14,49.56352996826172,49.74119990193618,48.94867974988804,49.58748734734276,416954000
2023-11-15,48.796966552734375,49.86696898933371,48.11024794590893,49.84201782618033,475497000
2023-11-16,49.38786315917969,49.432781344923285,48.240006851203624,48.588356005845505,339756000
2023-11-17,49.206207275390625,49.62442581647781,48.9157487529458,49.43178439121729,325205000
2023-11-20,50.31513595581055,50.453877068941594,49.08942192234672,49.22017851068948,414120000
2023-11-21,49.85099792480469,50.42292897370047,49.130342262240724,50.03265822480747,565747000
2023-11-22,48.625282287597656,50.24126692176278,47.60119189596065,49.759168450104845,899420000
2023-11-24,47.687034606933594,48.829902895158824,47.656090292901155,48.37974251431558,294645000
2023-11-27,48.152164459228516,48.43962634923761,47.56326300329972,47.710986210138174,395662000
2023-11-28,47.73195266723633,48.233020614585215,47.38460109717888,48.146180818273855,401491000
2023-11-29,48.05036163330078,48.67120510025969,47.770884217997974,48.288918833586436,382005000
2023-11-30,46.68291473388672,48.02041980667685,46.33556313621097,47.934577593167546,526247000
2023-12-01,46.677921295166016,47.11211268040661,46.10099843511436,46.43837031596677,369317000
2023-12-04,45.42525100708008,45.99119649745045,44.92618209165027,45.99119649745045,437543000
2023-12-05,46.483375549316406,46.51731180808335,45.19067140687653,45.385325095795785,371718000
2023-12-06,45.42226028442383,47.30292009715476,45.331422145943435,47.13122440124437,380590000
2023-12-07,46.513328552246094,46.54627094695391,45.52308801166316,45.618918355579105,350823000
2023-12-08,47.42171096801758,47.65629461849747,46.467405912391875,46.51232804934258,359224000
2023-12-11,46.54426956176758,47.446664942684954,45.74868658721169,47.40673880790064,509728000
2023-12-12,47.572444915771484,47.581427820158346,45.96430321028968,45.96430321028968,372387000
2023-12-13,48.00267791748047,48.50778063121328,47.52353004634861,47.54449269431196,447792000
2023-12-14,48.26421356201172,48.58364549785844,47.33786247122784,48.30414350597482,391232000
2023-12-15,48.803253173828125,49.31634111544804,48.034618938742405,48.10848894942567,479948000
2023-12-18,49.9881477355957,50.34351507731144,49.062794375670336,49.31235079913167,412587000
2023-12-19,49.51598358154297,49.61181391094036,48.80824198487287,49.33630266590499,464444000
2023-12-20,48.025630950927734,49.91028133379936,48.01265353097003,49.56688996732464,397894000
2023-12-21,48.903072357177734,49.00788558509217,48.33308260166921,48.72438912714479,300425000
2023-12-22,48.74336242675781,49.29537882848635,48.38100372795406,49.107712672335644,252507000
2023-12-26,49.19156265258789,49.51199224313979,48.87312841671405,48.88111364335506,244200000
2023-12-27,49.329322814941406,49.591856680513665,48.997911127361846,49.42315780443188,233648000
2023-12-28,49.43413162231445,49.79548883206165,49.324326187941345,49.55491912329638,246587000
2023-12-29,49.43413162231445,49.90829110638661,48.664499712290464,49.72461566156116,389293000
2024-01-02,48.08253479003906,49.20753405733888,47.510553413556266,49.156625856562634,411254000
2024-01-03,47.48459243774414,48.098499031561545,47.23603372218609,47.40074185532866,320896000
2024-01-04,47.912841796875,48.41395003873669,47.42370949212884,47.68224884044641,306535000
2024-01-05,49.0098876953125,49.459090025386296,48.22029079492016,48.37601604637922,415039000
2024-01-08,52.16028594970703,52.18225008334284,49.39120958940494,49.424151981929796,642510000
2024-01-09,53.045711517333984,54.22861030764682,51.59828353362604,52.30802433098523,773100000
2024-01-10,54.25356674194336,54.50312317370562,53.39409433002728,53.52087170860792,533796000
2024-01-11,54.724727630615234,55.247799966123495,53.46496957614301,54.9014155282273,596759000
2024-01-12,54.61292266845703,54.872463461679565,54.23359967517569,54.52308221048439,352994000
2024-01-16,56.28196334838867,56.734158722808395,54.80259436306696,54.920385030235444,449580000
2024-01-17,55.95354461669922,56.37080221365978,54.642874592370525,56.24702168282456,474394000
2024-01-18,57.005672454833984,57.497797746406825,56.00744677307047,57.15840086229008,491650000
2024-01-19,59.38544464111328,59.394427545023596,57.12346261571884,57.88610696898355,543501000
2024-01-22,59.548160552978516,60.22396136186126,58.96519705770333,59.94246019662586,452955000
2024-01-23,59.76676940917969,59.803702511682395,58.48105267598879,59.46430561582059,294654000
2024-01-24,61.25312423706055,62.73748534909312,59.831651069260054,60.19700279855746,560271000
2024-01-25,61.50767135620117,62.607717226695215,60.742030169454694,62.239368666397,482777000
2024-01-26,60.92271041870117,61.67337885004867,60.465526677085045,60.85183724757184,390309000
2024-01-29,62.35416793823242,62.37812361839996,60.79893365210522,61.12335395532468,348733000
2024-01-30,62.6626091003418,63.38033503951524,62.1495212272499,62.78838877955169,410735000
2024-01-31,61.4178352355957,62.15851930991276,60.592302887690344,61.33098779929159,453795000
2024-02-01,62.9151725769043,63.07888305643791,61.54061686379006,61.98981538927627,369146000
2024-02-02,66.04261779785156,66.48183193924027,63.57699522405565,63.8604917267368,476578000
2024-02-05,69.20897674560547,69.37368488045085,67.085752030502,68.10393877262449,680078000
2024-02-06,68.1019515991211,69.630233381063,66.18236704818828,69.50645284574946,683111000
2024-02-07,69.974609375,70.09539685563645,67.48004326560577,68.19776917750116,495575000
2024-02-08,69.51742553710938,70.66837949372972,69.33175856710787,69.9496558671256,414422000
2024-02-09,72.00502014160156,72.05692221360141,70.08742326576261,70.40785287358678,436637000
2024-02-12,72.11981201171875,74.4786183227707,71.1235816589561,72.47118484090161,613710000
2024-02-13,72.0000228881836,73.31967588505927,69.49647717607553,70.2750920169868,602580000
2024-02-14,73.76887512207031,74.1042774694229,71.8103584587589,73.07211558631658,504917000
2024-02-15,72.52908325195312,73.84374789733648,72.27154539670707,73.73794078168315,420122000
2024-02-16,72.4841537475586,74.2699807907232,72.37235296886776,73.96851471281462,495327000
2024-02-20,69.32877349853516,71.82832841143384,67.61381946264177,71.81934169951924,704833000
2024-02-21,67.35228729248047,68.76577530674938,66.13045996080022,67.88533642606332,673755000
2024-02-22,78.39864349365234,78.43557278359845,74.08830459872463,74.89187650428926,865100000
2024-02-23,78.67715454101562,82.24780364536768,77.4323654765101,80.64665337566204,829388000
2024-02-26,78.9516830444336,80.50292689292228,78.36571885591441,79.55859846095663,503973000
2024-02-27,78.56135559082031,79.33898034064636,77.0250924240117,79.24014935736925,391705000
2024-02-28,77.52519989013672,78.7929431019633,76.98815248522881,77.48227691873889,393110000
2024-02-29,78.97163391113281,79.84807446200602,78.2109848648127,78.95366810218512,507289000
2024-03-01,82.13300323486328,82.15396968894088,79.29404786978826,79.85804776923267,479135000
2024-03-04,85.08575439453125,87.5393930852347,83.57045019844777,83.98071640863849,615616000
2024-03-05,85.81550598144531,85.94827947163024,83.2729084960246,85.12270452666515,520639000
2024-03-06,88.54676818847656,89.56900130568565,86.87965493223747,87.8699456446009,582520000
2024-03-07,92.5089111328125,92.60674140930558,89.44720809741612,90.00224735235656,608119000
2024-03-08,87.37678527832031,97.23173191783087,86.35654773150235,94.97363874493585,1142269000
2024-03-11,85.6258316040039,88.6436045203793,84.0206076407832,86.27969890435133,678364000
2024-03-12,91.75421142578125,91.80112730309294,86.00116720286299,87.89688852723692,668075000
2024-03-13,90.73100280761719,91.34593606356815,88.28223713442729,90.89771415316476,635713000
2024-03-14,87.79207611083984,90.48941185201531,86.45039611721776,89.42225831640668,602318000
2024-03-15,87.68525695800781,89.39130424407391,86.10799224334774,86.77982614282709,642086000
2024-03-18,88.30220794677734,92.2453818170238,86.93457169204753,90.23186761392955,668976000
2024-03-19,89.24357604980469,90.38759254394184,84.86315541638959,86.5502309225731,672171000
2024-03-20,90.21588134765625,90.25381771221527,88.07059173697641,89.6418701073994,479063000
2024-03-21,91.27703857421875,92.48794810720764,90.24881917443113,92.14054972284487,480372000
2024-03-22,94.1261215209961,94.61427521165601,90.67708804781446,90.9835569272488,586719000
2024-03-25,94.83787536621094,96.59882785449742,93.34845614456138,93.77871131394467,552136000
2024-03-26,92.40109252929688,96.20850660908965,92.34219634403308,95.68540977780971,513648000
2024-03-27,90.0940933227539,93.0789259717654,88.96904130951937,92.95114873658731,586067000
2024-03-28,90.19991302490234,91.1422825108375,89.03892009399118,89.8445252112995,435212000
2024-04-01,90.20690155029297,92.06568455405531,89.0499070749777,90.14301673764523,452441000
2024-04-02,89.29747772216797,89.93836697964663,87.46864171818919,88.29520668047454,433064000
2024-04-03,88.81031036376953,90.21787822523544,88.24728931215489,88.33114383542578,370067000
2024-04-04,85.756591796875,90.47742601324012,85.73163346290652,90.24981545155312,434965000
2024-04-05,87.85597229003906,88.32815477151372,85.77756814573236,86.71593914747515,399678000
2024-04-08,86.98247528076172,88.67654220104028,86.58216705957724,88.54676191015398,283220000
2024-04-09,85.20654296875,87.4836082761363,82.87857850073121,87.29094090122678,501700000
2024-04-10,86.8886489868164,87.24902545092569,83.56439945092491,83.78102746556362,431929000
2024-04-11,90.45945739746094,90.58224601063488,86.77583708331596,87.2689793680449,431637000
2024-04-12,88.03366088867188,90.01923104025528,87.37879585703206,89.54404775764081,426805000
2024-04-15,85.85243225097656,90.45646450816476,85.78055803275619,88.94408228829708,443077000
2024-04-16,87.26398468017578,87.96576550123054,85.91532070970885,86.28367890740496,370453000
2024-04-17,83.88982391357422,88.62163290761173,83.80496405819224,88.18737923912188,495400000
2024-04-18,84.52471923828125,86.0410998135889,82.25964198597137,84.82320627802973,447260000
2024-04-19,76.06837463378906,84.17834237736079,75.47540651529913,83.00637428065669,875198000
2024-04-22,79.3806381225586,79.93467971860302,76.26802794241385,77.9690792079323,596341000
2024-04-23,82.2806167602539,82.62601974052421,80.1253496885507,80.62947459576492,438559000
2024-04-24,79.53936767578125,83.93675724779338,79.04621772256601,83.80498148732187,512208000
2024-04-25,82.4892578125,83.1790583894206,78.08787011237102,78.73175253009703,424641000
2024-04-26,87.58345031738281,88.17842147858853,83.2429613231266,83.67321658546781,551011000
2024-04-29,87.60540771484375,87.8399947565515,85.11870586410434,87.44368500312586,388971000
2024-04-30,86.25275421142578,88.66557903150859,86.15093302077396,87.0893041357892,363709000
2024-05-01,82.89754486083984,85.85143274518,81.11462711525115,84.93003072487383,559863000
2024-05-02,85.66874694824219,86.08801954331209,83.05626359727954,84.30310641773906,377898000
2024-05-03,88.63561248779297,89.12675929539812,86.8896334546632,87.6373400551101,398341000
2024-05-06,91.98082733154297,92.06069095925291,88.90115758999175,89.23557796278553,376203000
2024-05-07,90.39756774902344,91.62244547206083,88.85723403089521,90.94062670307744,437342000
2024-05-08,90.25581359863281,91.03646035901207,89.26552291616532,89.32841761603471,325721000
2024-05-09,88.59369659423828,90.91467725150264,88.07858911055452,90.37261598217049,378013000
2024-05-10,89.72274017333984,91.24311191356409,89.07286375704587,90.14900450939767,335325000
2024-05-13,90.24282836914062,90.84079255928056,88.3760562473726,90.32168664844454,289680000
2024-05-14,91.19818115234375,91.49266969851776,88.78036057605543,89.44421267221655,296507000
2024-05-15,94.4665298461914,94.69813133508781,91.44076747625896,92.31226052004403,417735000
2024-05-16,94.19599914550781,95.65347613046144,93.94043705092355,94.74604980958085,323952000
2024-05-17,92.31922912597656,94.57632459586712,91.64739527694968,94.20597095996422,359691000
2024-05-20,94.61627197265625,95.03554461976276,93.27859039868353,93.58805245494568,318764000
2024-05-21,95.2212142944336,95.23519004733342,93.01902406434208,93.43729892728764,328946000
2024-05-22,94.78598022460938,95.8541316008462,93.08792212863494,95.29410365838704,548648000
2024-05-23,103.61968994140625,106.13633099300849,101.34461998726044,101.85174564222405,835065000
2024-05-24,106.28507232666016,106.29105867121642,102.82206339543845,104.2685576920773,429494000
2024-05-28,113.70423889160156,114.74044777454472,109.69318217417998,110.0535586136133,652728000
2024-05-29,114.62664794921875,115.29249558889101,110.70943029840856,112.85472018181774,557442000
2024-05-30,110.30909729003906,115.61890828928476,109.47354532396147,114.4519291639937,484553000
2024-05-31,109.44361114501953,112.52228313915187,106.75526253688238,112.32561724375552,613263000
2024-06-03,114.80133056640625,114.80133056640625,111.80950641949946,113.42471506551881,438392000
2024-06-04,116.23585510253906,116.39857553569502,113.8479889155611,115.51610755402032,403324000
2024-06-05,122.2284927368164,122.23747225440593,117.26508152569082,118.16652151115385,528402000
2024-06-06,120.78898620605469,125.37005594832782,118.1156108470622,123.83371299207869,664696000
2024-06-07,120.6791763305664,121.48178833918006,117.81812979264019,119.56310374577737,412386000
2024-06-10,121.57960510253906,122.88733960177423,116.80786391189227,120.16206002224595,313434100
2024-06-11,120.71105194091797,122.66782593913159,118.54461678500223,121.56962984389475,222551200
2024-06-12,124.99398803710938,126.67122400488891,122.36831828276222,122.85750988511934,299595000
2024-06-13,129.396728515625,129.5864183097163,126.9507630154097,129.1770893049594,260704500
2024-06-14,131.6630096435547,132.6214215295718,128.10886970168357,129.74617063783822,309320400
2024-06-17,130.7644805908203,133.5099557271365,129.3667902512595,132.77118307637525,288504400
2024-06-18,135.35690307617188,136.10566894087242,130.47495024767164,130.92420671975586,294335100
2024-06-20,130.5648193359375,140.5283944338281,129.30689796657785,139.56998250489207,517768400
2024-06-21,126.36172485351562,130.41504917764772,124.09546355999291,126.91082285827493,649445800
2024-06-24,117.9156494140625,124.25519890170064,117.84576490444155,123.03720520530106,476060900
2024-06-25,125.88250732421875,126.29183629953359,119.12365113611966,121.00055473590018,414192600
2024-06-26,126.19200897216797,127.90917229563556,122.39825886605338,125.92244899462368,362975900
2024-06-27,123.78597259521484,126.2019962793405,122.71773358253314,123.8957921998042,252571700
2024-06-28,123.33672332763672,127.49986001719877,122.54802231076043,124.37501298465715,315516700
2024-07-01,124.09547424316406,124.6345790000873,118.63447360818265,123.26683813440599,284885500
2024-07-02,122.46814727783203,123.20693510758652,120.83084647254137,120.93068040128533,218374000
2024-07-03,128.06890869140625,128.06890869140625,121.16029766804549,121.45980705227005,215749000
2024-07-05,125.62294006347656,128.6379747149119,125.47318537524079,127.17038486367325,214176700
2024-07-08,127.9890365600586,130.55481479101948,126.83094936680692,127.28020581947078,237677300
2024-07-09,131.163818359375,133.59980576329167,128.43829962119838,130.1355144487565,285366600
2024-07-10,134.6880340576172,134.87772388494272,132.20212541064316,133.80947706102873,248978600
2024-07-11,127.19036102294922,135.92595502009132,126.84093848175796,135.52661932549566,374782700
2024-07-12,129.02735900878906,131.70294212873284,127.01067837288572,128.04896049446677,252680500
2024-07-15,128.2286376953125,131.1737800395054,126.97070905664152,130.34514408452472,208326200
2024-07-16,126.1520767211914,128.82765950066548,124.37500690887067,128.22865593379024,214769500
2024-07-17,117.79584503173828,121.64949400158038,116.52793817127537,121.15031675281162,390086200
2024-07-18,120.8907470703125,122.19859669151471,116.36820224234275,121.64949865015035,320979500
2024-07-19,117.73595428466797,121.3999137142076,117.17687816504188,120.15197050658449,217223800
2024-07-22,123.33672332763672,123.86585002604772,119.66277824004172,120.15196984200875,258068900
2024-07-23,122.38826751708984,124.4848179409612,121.89907597271183,122.57795729865761,173911000
2024-07-24,114.06200408935547,119.75262181556741,113.25333936427286,118.9739065074374,327776900
2024-07-25,112.0952377319336,116.43807811661003,106.12508231687993,112.85398925547956,460067000
2024-07-26,112.87395477294922,116.00878722251285,111.3963944118867,115.99880916186419,293399100
2024-07-29,111.4063720703125,116.08865698961546,111.1168559757427,113.50292255867154,248152100
2024-07-30,103.55931854248047,111.8057214597651,102.37127421675278,111.33649361290321,486833300
2024-07-31,116.82743072509766,118.1452582531107,110.6975352036146,112.71421539482289,473174200
2024-08-01,109.03028869628906,119.96227450650746,106.63423649015627,117.3365974252001,523462300
2024-08-02,107.0934829711914,108.54110155423277,101.20319756374683,103.58926418951675,482027500
2024-08-05,100.28470611572266,103.239842127859,90.5407717150732,91.90851250035082,552842400
2024-08-06,104.07846069335938,107.5327664843651,100.38455194570304,103.6691316762756,409012100
2024-08-07,98.74724578857422,108.62097103799087,98.52760658313275,107.6325946135043,411440400
2024-08-08,104.79727172851562,105.3263983879788,97.3595262295921,101.83215768316434,391910000
2024-08-09,104.57762908935547,106.42458330646772,103.25980151433504,105.46616394434741,290844200
2024-08-12,108.84062194824219,110.88725205298917,106.08516856402251,106.14506740637984,325559900
2024-08-13,115.94889068603516,116.03874655153282,111.39639661656214,112.25498209343158,312646700
2024-08-14,117.88570404052734,118.40484504167927,113.88230026594151,118.33496052966188,339246400
2024-08-15,122.65784454345703,123.03721654252207,117.27671395628101,118.56459228097263,318086700
2024-08-16,124.37499237060547,124.79429938850936,120.9805859038701,121.73933737686731,302589900
2024-08-19,129.78607177734375,129.78607177734375,123.21689800857207,124.07548340044629,318333600
2024-08-20,127.04061126708984,129.6662885004724,125.68284852553639,128.18871285893894,300087400
2024-08-21,128.28855895996094,129.13716641620366,126.45159025428316,127.11050029285343,257883600
2024-08-22,123.53639221191406,130.53485987199215,122.89744589722252,129.80606530219129,376189100
2024-08-23,129.1571044921875,129.38673697357257,125.01393980516215,125.65288601497598,323230300
2024-08-26,126.25191497802734,131.04401222890846,124.1653576328901,129.35680584239554,331964700
2024-08-27,128.08889770507812,128.98741074794592,123.67616460225028,124.84424526829238,303134600
2024-08-28,125.40331268310547,128.118838213882,122.43819852070378,127.90917706049713,448101100
2024-08-29,117.3965072631836,124.22525631015377,116.51795800585043,121.16030816238968,453023300
2024-08-30,119.17357635498047,121.54965726206557,117.02711271158417,119.33330911013266,333751600
2024-09-03,107.82228088378906,116.01877002584149,107.11345013644421,115.81910218205195,477155100
2024-09-04,106.03522491455078,113.0836048738263,103.94866777615402,105.2365459269591,372470300
2024-09-05,107.0335922241211,109.4695798052194,104.58762658147727,104.817243866478,306850700
2024-09-06,102.66080474853516,107.97205088494898,100.78389323668084,107.86223127024085,413638100
2024-09-09,106.29480743408203,106.37467762407766,103.51938307487873,104.70741977949132,273912000
2024-09-10,107.92211151123047,109.21997530676359,104.77729355808466,107.63258781478571,268283700
2024-09-11,116.71762084960938,116.99715887318843,107.24323176128858,109.20999122026392,441422400
2024-09-12,118.95413208007812,120.60155948017247,115.19999582839206,116.6577172050991,366052700
2024-09-13,118.9141845703125,119.77284345041441,117.41652479583126,118.8942191250157,238358300
2024-09-16,116.59780883789062,117.99562620382233,114.1815861384539,116.60779536966285,248772300
2024-09-17,115.40966796875,118.61466685067687,114.65085910577872,117.98564481894722,231925900
2024-09-18,113.19313049316406,117.51636932909096,113.04336298957726,115.70919560695407,310318900
2024-09-19,117.68611145019531,119.47331975028854,117.06707598202318,117.16691844656921,293506400
2024-09-20,115.81903076171875,118.43494609535816,115.2099818009,116.87737463970251,382462400
2024-09-23,116.07862091064453,116.80747774675662,114.68080357526898,116.36816938577523,206228500
2024-09-24,120.68143463134766,121.60998405209612,115.19999404233639,116.33821493002908,354966800
2024-09-25,123.31731414794922,124.74508350925583,121.42027681497308,121.82963321276459,284692900
2024-09-26,123.84648895263672,127.47082313052574,121.609985658202,126.6021852727835,302582900
2024-09-27,121.21060180664062,123.83649592385486,119.07394109309165,123.77659196922,271009200
2024-09-30,121.25054168701172,121.31044564232414,117.96567356169257,118.12541998168962,226553700
2024-10-01,116.8174819946289,122.24899812496832,115.60937048809984,121.58003752425157,302094500
2024-10-02,118.6645736694336,119.19374556676668,114.9603627706106,116.25833761189251,221845900
2024-10-03,122.65834045410156,124.16598683922703,120.15225416683853,120.73135113827638,277118000
2024-10-04,124.72510528564453,124.84492081095192,121.63992977952229,124.74507834860822,243678100
2024-10-07,127.52074432373047,130.43618698242878,124.7550615549546,124.79500006476454,346250200
2024-10-08,132.68267822265625,133.27175410957346,129.2180905372518,130.0567764001493,285722500
2024-10-09,132.44305419921875,134.31014727855833,131.1750464230449,133.9007832398008,246191600
2024-10-10,134.5996856689453,134.7893916948541,130.79563194093248,131.70421594134592,242311300
2024-10-11,134.58970642089844,135.5681732923908,133.4514855032485,133.80093033986074,170209500
2024-10-14,137.8546142578125,139.38222619629536,136.08737124143596,136.25710420849128,232347700
2024-10-15,131.3946990966797,138.3538265330219,128.5391603262797,137.654906403531,377831000
2024-10-16,135.50827026367188,136.40686011825153,131.37472950963348,133.77097927850218,264879700
2024-10-17,136.71636962890625,140.6701983777905,136.65646567187503,139.12261346955344,306435900
2024-10-18,137.78469848632812,138.68328825202838,137.06582057977474,138.45365135367973,176090200
2024-10-21,143.4857940673828,143.4857940673828,137.78469595874105,137.91449801128798,264554500
2024-10-22,143.3660125732422,144.19471969756572,141.55883840121794,142.68708060728292,226311600
2024-10-23,139.34226989746094,142.20778753302577,137.24555525009052,141.80841766733155,285930000
2024-10-24,140.19093322753906,141.12946905874685,138.24397870268353,140.60029719391386,172354900
2024-10-25,141.3191680908203,143.90513885209074,140.58033236044267,140.71011917970793,205122100
2024-10-28,140.30079650878906,142.91670449778834,139.83152847847435,142.77692350375753,173586700
2024-10-29,141.0296173095703,142.03803599122583,138.68327775945374,140.07110842835752,157593600
2024-10-30,139.1226043701172,140.1110653014331,136.59655278062618,139.32228929215535,179418100
2024-10-31,132.55288696289062,137.39532698555524,131.9039070664443,137.38534807029694,270039600
2024-11-01,135.1887664794922,137.09579048755296,134.36007470728345,134.4898615442038,207127800
2024-11-04,135.83773803710938,138.7432015157854,135.3584911981984,136.99593186321135,187528200
2024-11-05,139.69171142578125,140.1509851869076,137.11573499930586,137.2355428961246,160537400
2024-11-06,145.38284301757812,146.2614750565614,141.73854326176877,142.73698322061895,242043900
2024-11-07,148.64773559570312,148.6976454021817,145.94195679227957,146.16161478672652,207323300
2024-11-08,147.39968872070312,149.53634951772108,146.03181568484314,148.53790960818029,175665800
2024-11-11,145.0333709716797,148.6177817068004,143.3460203778287,148.44803352101476,182325600
2024-11-12,148.0586395263672,149.41651833977537,145.78219787373922,146.55100082856893,198634700
2024-11-13,146.0417938232422,149.0970171738845,145.67236073742527,148.83742831045777,191903300
2024-11-14,146.53102111816406,148.76753177848803,145.32291747893564,147.40965302668107,194463300
2024-11-15,141.75848388671875,145.0134075079149,139.86145428913719,144.6439744081883,250132900
2024-11-18,139.9313201904297,141.32914493468758,136.9360010405669,139.2823404686185,221205300
2024-11-19,146.7806396484375,146.90046279249913,140.77004260660007,141.09952959154865,227834900
2024-11-20,145.6623992919922,147.32979212988033,142.50732548898966,147.18003223590216,309871700
2024-11-21,146.44119262695312,152.65149063112756,140.4805046221909,149.11701974284432,400946600
2024-11-22,141.7285614013672,146.93044074143577,140.87989650374584,145.7023485163706,236406200
2024-11-25,135.80780029296875,141.82839170792872,135.60811535874635,141.76848775116036,344941900
2024-11-26,136.70639038085938,139.08268223719327,135.45834049580736,137.4851722903331,190287700
2024-11-27,135.12884521484375,137.00591700209634,131.59437486042492,134.7993582371888,226370900
2024-11-29,138.03431701660156,139.1326070072914,135.83775227020575,136.56660913585418,141863200
2024-12-02,138.41372680664062,140.23087948399635,137.60499293345052,138.6134117376161,171682800
2024-12-03,140.04119873046875,140.3207607312636,137.73480460641824,138.04431859051348,164414000
2024-12-04,144.91355895996094,145.56253876730494,140.07111960214385,141.77845844597738,231224300
2024-12-05,144.84368896484375,146.3214777724878,143.7353435501018,144.89361745373108,172621200
2024-12-06,142.22760009765625,145.482733396531,141.09928024490165,144.38438282581114,188505600
2024-12-09,138.6029815673828,139.74128080496888,136.92549436926976,138.76274660606958,189308600
2024-12-10,134.8685760498047,141.60850970621567,133.5904709096604,138.80268748950093,210020900
2024-12-11,139.10223388671875,139.9609519122756,135.00835767243856,137.15514511831444,184905200
2024-12-12,137.13519287109375,138.2335586289744,135.59749604609573,136.8755860719742,159211400
2024-12-13,134.04978942871094,139.39181692680097,132.34233289302693,138.7327975455873,231514900
2024-12-16,131.80313110351562,134.19954557462145,130.2254857362255,133.9798724705664,237951100
2024-12-17,130.195556640625,131.39376410572794,126.67082193579633,128.89749220508244,259410300
2024-12-18,128.71775817871094,136.49613412730267,128.08869283192976,133.6603731199009,277444500
2024-12-19,130.485107421875,133.8301176053825,129.3568029702355,131.56349862817564,209719200
2024-12-20,134.4990997314453,135.0782365234782,128.02876854092193,129.61639349168385,306528600
2024-12-23,139.46170043945312,139.58151660116854,134.91848306333998,136.0767567466981,176053500
2024-12-24,140.01089477539062,141.6883821217358,138.44322876231024,139.79122163679293,105157000
2024-12-26,139.7213134765625,140.63995487774488,137.52459740894255,139.49166074428362,116205600
2024-12-27,136.8056640625,138.81267619141968,134.50910636621433,138.34337590905767,170582600
2024-12-30,137.28494262695312,140.060795108374,133.82011682531788,134.628906293037,167734700
2024-12-31,134.08973693847656,137.8641141320975,133.63043143330796,137.82416524884428,155659200
2025-01-02,138.10372924804688,138.6728864930968,134.42922472124587,135.79717669922962,198247200
2025-01-03,144.2545623779297,144.6839138332244,139.5216253508109,139.80120658589456,229322500
2025-01-06,149.2071533203125,151.93309314343088,147.599568879649,148.36840963752263,265377400
2025-01-07,139.9309844970703,152.90161576007478,139.80117351290727,152.80175881286766,351782200
2025-01-08,139.9010467529297,143.7353162901366,137.35484666292894,142.36736432306787,227349900
2025-01-10,135.70733642578125,139.71135128077043,134.01985409411643,137.24503329388114,207602500
2025-01-13,133.03131103515625,133.29093305056014,129.31685741876072,129.79615256902926,204808900
2025-01-14,131.56349182128906,136.1766120600162,129.85605059334506,135.84710238324766,195590500
2025-01-15,136.03684997558594,136.24652830000477,131.0942190240699,133.45070049814615,185217300
2025-01-16,133.3708038330078,138.54307117698642,133.2909213149963,138.4332346192246,209235600
2025-01-17,137.504638671875,138.29345383465838,135.25799411499426,136.4861555399997,201188800
2025-01-21,140.6199951171875,141.61850390997927,136.8855667471737,138.95248726154946,197749000
2025-01-22,146.85069274902344,147.56960504936464,143.45575377479585,144.4442829463215,237651400
2025-01-23,147.00045776367188,147.0104373660888,143.50567717742842,144.83369562852502,155915500
2025-01-24,142.40728759765625,148.74782312135466,141.66840100577613,148.14871188401736,234657600
2025-01-27,118.24340057373047,128.20851331467108,116.52596435964819,124.61389107098998,818830900
2025-01-28,128.7976531982422,128.80763280108368,116.07664583818587,121.62835222502514,579666400
2025-01-29,123.5155258178711,126.70077107762197,119.8709750783515,126.31135328562937,467120600
2025-01-30,124.464111328125,124.81358785050304,117.92387627755191,122.91641979157204,392925500
2025-01-31,119.89093780517578,127.6593341751579,119.01225290264883,123.59540412169352,388161100
2025-02-03,116.48603057861328,118.39317826666118,112.84147223806173,114.57887527254843,371235700
2025-02-04,118.47305297851562,121.01924546805154,116.52595653802958,116.78557092036435,256550000
2025-02-05,124.64384460449219,124.8135892575584,120.57991444298676,121.57842315704723,262230800
2025-02-06,128.4880828857422,128.57796024161053,125.02326434711814,127.22996749994309,251483600
2025-02-07,129.64637756347656,130.17558600299384,124.81359867926386,129.0273069895586,228186300
2025-02-10,133.3708038330078,134.79866384787866,129.76618710141213,129.89598286165247,216989100
2025-02-11,132.60195922851562,134.27944654160947,130.82461495038982,132.38228609427233,178902400
2025-02-12,130.94444274902344,132.04280851778788,128.8875170693692,129.826117774307,160278600
2025-02-13,135.08822631835938,136.29642846871295,130.97437562399168,131.36379338160384,197430000
2025-02-14,138.6429443359375,139.04234173663804,135.29793396994222,136.2764682668825,195479600
2025-02-18,139.19212341308594,143.2261075780513,137.72431422880837,141.05934526698334,219176600
2025-02-19,139.02236938476562,141.14919790373787,137.01537227663152,139.30195061666387,167536000
2025-02-20,139.9010467529297,140.45022955446439,136.58599074078032,139.8211642330671,143903600
2025-02-21,134.22950744628906,141.2490371129211,133.83011008980694,139.83114145453473,228217600
2025-02-24,130.08570861816406,138.383313247837,129.88600993089565,136.35634186179794,251381100
2025-02-25,126.44114685058594,130.0058224050398,124.25441810041912,129.78614928447132,271428700
2025-02-26,131.084228515625,133.53057192522448,128.29839578499454,129.79615892181477,322553800
2025-02-27,119.9708251953125,134.80865788512716,119.83103458283094,134.7986782828192,443175800
2025-02-28,124.73370361328125,124.90344826210318,116.2264129341289,117.84399213493025,389091100
2025-03-03,113.88990020751953,123.51552349340123,112.11255593535711,123.32581202011416,411381400
2025-03-04,115.8170166015625,119.13206502689525,109.94578846070081,110.48498404782327,398163300
2025-03-05,117.12506866455078,118.10360288358513,114.33922859376143,117.40464986998916,284337900
2025-03-06,110.40510559082031,115.17797591196373,110.05562907278994,113.3606904001891,321181900
2025-03-07,112.5219497680664,113.31077256873955,107.39959517379882,111.08409477767312,341755500
2025-03-10,106.82047271728516,111.68320560403939,105.30273510444512,109.7361165287707,366487400
2025-03-11,108.59780883789062,112.0726148635708,104.6137536218378,106.83044416478043,354865700
2025-03-12,115.57803344726562,116.59661034457649,112.72203506897391,113.96030532134075,323857500
2025-03-13,115.41825103759766,117.59520049683546,113.63075517539951,116.86621875800482,299033100
2025-03-14,121.49972534179688,121.70943054003341,117.98465480860956,118.44401014075397,277593500
2025-03-17,119.36272430419922,122.71802281178023,117.86482345684047,122.56823120330081,255501500
2025-03-18,115.2684555053711,118.85342762738914,114.37970167383446,117.83485847417,299686900
2025-03-19,117.35552978515625,120.2814296141779,115.51810848491796,117.10587965509883,273426200
2025-03-20,118.3641128540039,120.0317738155389,116.30699831746894,116.38688818380663,248829700
2025-03-21,117.5352783203125,117.82487338576216,115.25847035053427,116.77634740953133,266498500
2025-03-24,121.24009704589844,122.04896105750126,119.17298658297102,119.71223179694545,228452500
2025-03-25,120.52111053466797,121.12026937928964,118.75358318150825,120.38130705821351,167447200
2025-03-26,113.60079956054688,118.6736845133834,112.55226594608844,118.5638454632065,293463300
2025-03-27,111.27406311035156,114.28983351449122,110.50514401476981,111.19417323533278,236902100
2025-03-28,109.51652526855469,112.71205173921601,108.91736643615505,111.33397804410711,229872500
2025-03-31,108.22832489013672,110.80471613819729,103.50494855407659,104.98287310192077,299212700
2025-04-01,109.995849609375,110.04577506451116,106.32099936404416,108.36812587384452,222614000
2025-04-02,110.26546478271484,111.82328673498283,106.64054773013802,107.1398479774266,220601200
2025-04-03,101.65753936767578,105.48217369637304,101.45781468579652,103.36514539947606,338769400
2025-04-04,94.17801666259766,99.98987163475934,91.98109847139008,98.7715853475697,532273800
2025-04-07,97.50334167480469,101.6075898958186,86.49876870613649,87.33758937851368,611041300
2025-04-08,96.16523742675781,105.70186824827938,94.3278084260022,103.66472218207363,476243400
2025-04-09,114.16999816894531,114.93891720962625,97.39350654873371,98.75160385221358,612918300
2025-04-10,107.4194564819336,110.70485307181585,99.01124202201945,109.21694044618194,437812400
2025-04-11,110.7747573852539,111.39389245819964,107.32958859529616,108.34815778630501,313417300
2025-04-14,110.55506134033203,114.1300529879136,108.91735711650354,113.9503045917023,264705000
2025-04-15,112.04297637939453,113.46099492172469,110.3453585264742,110.81470199440513,228966900
2025-04-16,104.3437728881836,106.64055727885454,100.30942561460589,104.40369410395131,397016900
2025-04-17,101.34796142578125,104.3237942331935,99.90998190333623,104.30381795694564,292517500
2025-04-21,96.7743911743164,99.30084956133582,94.90700524452377,98.63178134580184,288501100
2025-04-22,98.75160217285156,99.67031279819463,97.14385476914264,98.6417555090913,241004800
2025-04-23,102.5662612915039,104.6533403969428,101.87722447592722,104.37372584399631,247526000
2025-04-24,106.28105163574219,106.39089830035945,102.96569827687256,103.33518320501399,220815000
2025-04-25,110.85465240478516,111.76337496991529,105.58204256681438,106.70047033928225,251064700
2025-04-28,108.57784271240234,110.21554702841466,105.8716284785824,109.53649833991803,207708500
2025-04-29,108.867431640625,110.04578062718967,107.2896485179105,107.51932238432487,170444300
2025-04-30,108.76756286621094,108.76756286621094,103.93434018163836,104.32379376082015,235044600
2025-05-01,111.45380401611328,114.7791455573913,111.14424029465428,112.92174799120272,236121500
2025-05-02,114.33976745605469,115.23850951002053,113.21135153306962,114.02021557227994,190194800
2025-05-05,113.66072082519531,114.50952981770942,112.50234808238875,112.75199823422925,133163200
2025-05-06,113.38111877441406,114.57943650755207,110.6649237860017,111.32400387233044,158525600
2025-05-07,116.89618682861328,117.5153219594032,112.12287705585727,112.8918038042742,206758800
2025-05-08,117.20574951171875,118.51391379663416,115.68787240644632,118.08451525459601,198428100
2025-05-09,116.48675537109375,118.06454606438504,115.04876814493281,117.18577270674557,132972200
2025-05-12,122.82787322998047,122.82787322998047,120.11167839159091,121.79931583574867,225023300
2025-05-13,129.7481689453125,131.03637225526788,124.29581818961599,124.8051066300396,330430100
2025-05-14,135.1505889892578,135.25045513495294,131.49570747587302,133.01358451331882,281180800
2025-05-15,134.6413116455078,136.1092556474961,132.47435031815246,134.10205882491402,226632600
2025-05-16,135.2105255126953,136.15920834538713,133.27325299959534,136.02938538145307,226542500
2025-05-19,135.38027954101562,135.67984750647184,132.20472197026768,132.20472197026768,193154600
2025-05-20,134.19192504882812,134.3916420789913,132.43437861355363,134.10203943343691,161514200
2025-05-21,131.6155548095703,137.2077087161811,130.40724144628157,132.87378601013486,270608700
2025-05-22,132.6441192626953,134.0621302833829,131.36591171623223,132.04495280891254,187344000
2025-05-23,131.10626220703125,132.49431639064062,128.97925335315108,129.81807417545411,198821300
2025-05-27,135.3103485107422,135.47012822500798,133.1234112887049,133.96223193245194,192953600
2025-05-28,134.62135314941406,137.05794120889544,134.60137686964083,135.83964717915475,304021100
2025-05-29,138.99522399902344,143.28920975153582,137.71701641280157,142.05093948600498,369241900
2025-05-30,134.94090270996094,139.42460961066672,132.73398869983464,138.5258751739265,333170900
2025-06-02,137.187744140625,137.9266987725352,135.21050414256473,135.30038976970178,197663100
2025-06-03,141.02235412597656,141.80126124338923,137.7569264491721,138.58576663563605,225578800
2025-06-04,141.7213897705078,142.19073325311263,139.34471555965237,141.99101618842522,167120800
2025-06-05,139.7941131591797,143.79849635697653,138.63573272598583,141.9710553039475,231397900
2025-06-06,141.52166748046875,143.0695013401578,141.31195466595716,142.31055518995854,153986200
2025-06-09,142.43038940429688,144.79706763378053,141.74135264446394,142.98960322751378,185114500
2025-06-10,143.75852966308594,144.08805440763362,141.33192260937975,142.4903028059026,155881900
2025-06-11,142.6400146484375,144.79714515361243,141.6812848999734,144.41764573923192,167694000
2025-06-12,144.80714416503906,144.80714416503906,141.66133988719625,141.78117540604916,162365000
2025-06-13,141.78115844726562,143.38901749969733,140.6626531024409,142.2904745799642,180820600
2025-06-16,144.49754333496094,145.98555166191812,143.00951976951112,143.159329390418,183133700
2025-06-17,143.9282989501953,145.02684191909495,143.58875484653294,144.29781716982143,139108000
2025-06-18,145.28648376464844,145.4562558084884,142.92962233744194,143.81843788371728,161494100
2025-06-20,143.65866088867188,146.00552584195606,142.46024490398213,145.2565234707711,242956200
2025-06-23,143.97824096679688,144.58743022935184,141.84108794116847,142.31046402404658,154308900
2025-06-24,147.70326232910156,147.76319531946535,145.3064608232896,145.36637857516104,187566100
2025-06-25,154.10476684570312,154.24458003760031,149.0614802461701,149.07147669890958,269146500
2025-06-26,154.8137969970703,156.5115326130379,153.795149532093,155.77251147358507,198145700
2025-06-27,157.5401611328125,158.49889084686143,155.05346784206984,155.83242906789442,263234500
2025-06-30,157.7798614501953,158.4489684480595,155.7525627920192,158.1893045239527,194580300
2025-07-01,153.09609985351562,156.9909063970138,151.2885097592641,156.08211312403307,213143600
2025-07-02,157.04083251953125,157.39037305932783,152.7665268185242,152.77650803107835,171224100
2025-07-03,159.1280517578125,160.76586971787668,157.56014800239086,158.15934077500395,143716100
2025-07-07,158.02952575683594,159.09809459400483,157.1307137305003,157.98957042846925,140139000
2025-07-08,159.78717041015625,160.00687898854957,158.17931139836438,159.11806346268276,138133000
2025-07-09,162.66334533691406,164.2012901564699,160.9456320255445,161.0055497766517,183656400
2025-07-10,163.88174438476562,164.28120626813552,161.39505073108006,164.10145299216728,167704100
2025-07-11,164.7006378173828,167.66668863474402,163.25256951238498,163.50223698698784,193633300
2025-07-14,163.85177612304688,165.2698855378492,161.80449980139463,165.15003478890583,136975800
2025-07-15,170.4729461669922,172.17068192225182,168.97494134085255,170.96229989605533,230627400
2025-07-16,171.14205932617188,171.52155877211666,168.67534340451815,170.83247408910898,158831500
2025-07-17,172.7698974609375,173.92835823409905,170.60278554683865,171.79120519874627,160841100
2025-07-18,172.18067932128906,174.01822826089457,171.03219980516573,173.40903901870553,146456400
2025-07-21,171.1520538330078,173.1493936504508,170.77255439137573,172.52022673163836,123126100
2025-07-22,166.80783081054688,171.1620321483939,164.3610926233022,171.1120956061046,193114300
2025-07-23,170.55284118652344,171.03219846298632,167.74658125695927,169.30450383433347,154082200
2025-07-24,173.5089111328125,173.59878776513457,171.07215417768242,172.21063723590794,128984600
2025-07-25,173.2692413330078,174.4876199263022,172.7299662493585,173.3790956402227,122316800
2025-07-28,176.51490783691406,176.7645753161742,173.73860668662087,173.78854323017163,140023500
2025-07-29,175.27651977539062,179.1413820135887,174.78718135767542,177.72327281792994,154077500
2025-07-30,179.03155517578125,179.65072563032518,175.80584046425426,176.27521653092245,174312200
2025-07-31,177.63340759277344,183.05619299307685,175.69598557745124,182.65671589592668,221685400
2025-08-01,173.4889373779297,176.3051785902702,170.66269971388826,173.85844036702034,204529000
2025-08-04,179.76058959960938,179.9603205403546,174.28788258302183,174.9270307365029,148174600
2025-08-05,178.02288818359375,180.0202279532499,175.6660266458598,179.38107983649965,156407600
2025-08-06,179.1813507080078,179.66070799076476,176.01556896990587,176.09546439011424,137192300
2025-08-07,180.52955627441406,183.63542017290519,178.56217541570945,181.32849521637667,151878400
2025-08-08,182.4569854736328,183.05619350177665,180.16004168373897,181.30852119793246,123396700
2025-08-11,181.81784057617188,183.59547178906817,180.01025048518693,181.80785936297346,138323200
2025-08-12,182.9163818359375,184.234618174838,179.22130626788388,182.7166509044063,145485700
2025-08-13,181.34844970703125,183.72528876478472,179.11143905360885,182.37707840680864,179871700
2025-08-14,181.77789306640625,182.7765629312542,179.22130065055427,179.51090820642335,129554000
2025-08-15,180.2099609375,181.65802908835272,177.80316308129093,181.63806666422465,156602200
2025-08-18,181.76788330078125,182.69665413107447,180.34977402519155,180.3597704757432,132008000
2025-08-19,175.4063720703125,182.25724785967336,175.25657768801665,182.1873336556069,185229200
2025-08-20,175.1667022705078,175.76591033294957,168.57548977611862,174.93701244991922,215142700
2025-08-21,174.7472381591797,176.66468235557974,173.57879631630271,174.61742144674352,140040900
2025-08-22,177.7532501220703,178.35244288234992,170.97227338198675,172.38040151215634,172789400
2025-08-25,179.57083129882812,181.6680441727565,176.33515059315872,178.11278178635797,163012800
2025-08-26,181.52822875976562,182.14739921043056,178.57215920342722,179.82049655621498,168688200
2025-08-27,181.35845947265625,182.24727507184866,178.86178472902657,181.7379436715125,235518900
2025-08-28,179.9303436279297,184.22462699678687,176.17535050737845,180.5794881684096,281787800
2025-08-29,173.94830322265625,177.91302365652732,172.91967451951007,177.87308356836775,243257900
2025-09-02,170.55284118652344,172.15071909272382,166.99757884564528,169.77387989783634,231164900
2025-09-03,170.39305114746094,172.18067877773825,168.6553752976972,170.83246833565184,164424900
2025-09-04,171.4316864013672,171.6314173426514,169.18467902530818,170.34313981864827,141670100
2025-09-05,166.7978515625,168.80517258283567,163.8517783946414,167.8065026792569,224441400
2025-09-08,168.0861358642578,170.73262035939155,167.12742125141602,167.32715219255022,163769100
2025-09-09,170.53286743164062,170.75257602974241,166.51822538667548,168.86509051949957,157548400
2025-09-10,177.09413146972656,179.05151589898875,175.2366048852674,176.4050468150653,226852000
2025-09-11,176.94432067871094,180.050359799309,176.2551971559751,179.4511179779685,151159300
2025-09-12,177.59349060058594,178.37249577533527,176.22522541777622,177.5435512454145,124911000
2025-09-15,177.52359008789062,178.62219505337407,174.28771156721004,175.44623766911022,147061600
2025-09-16,174.65725708007812,177.2739150624347,174.1578939390572,176.77455192141375,140737800
2025-09-17,170.0730743408203,172.97937117956877,168.1954794867923,172.42008695754546,211843800
2025-09-18,176.01551818847656,176.87442336525442,172.73969733735942,173.7583871307785,191763300
2025-09-19,176.4449462890625,177.8531538116004,174.95683884616588,175.54609885389235,237182100
2025-09-22,183.37612915039062,184.31493427279133,174.48747153493287,175.07671637070237,269637000
2025-09-23,178.2027130126953,182.18763613663097,175.9855548133895,181.73821238324945,192559600
2025-09-24,176.74456787109375,179.5509859124944,175.17656050171237,179.54100413716742,143564100
2025-09-25,177.46365356445312,180.0303718676576,172.90946471941734,174.25773588995062,191586700
2025-09-26,177.96302795410156,179.54101721374016,174.70717071687335,177.94304916264082,148573700
2025-09-29,181.6183624267578,183.76561762390497,180.09031258631592,180.2001578366391,193063500
2025-09-30,186.3423309326172,187.11135435179565,181.2488213615314,181.848063160254,236981000
2025-10-01,187.0015106201172,187.9003581593927,183.665753326035,185.00405809785752,173844900
2025-10-02,188.64939880371094,190.80665113886596,187.82045419605362,189.35850113919957,136805800
2025-10-03,187.38101196289062,190.11752734214045,185.14387494216948,188.9490194719917,137596900
2025-10-06,185.30364990234375,186.9914995955013,183.09647356463947,185.2637075602064,157678100
2025-10-07,184.80430603027344,188.8191899838309,183.76563739379807,185.99279275388864,140088000
2025-10-08,188.86911010742188,189.35849142592937,186.30237648821537,186.33235229407293,130168900
2025-10-09,192.32470703125,195.05122522476873,190.816620752273,191.9851285494953,182997200
2025-10-10,182.92669677734375,195.37081685366852,181.81811007166195,193.26350393527704,268774400
2025-10-13,188.0801239013672,189.8678370807686,185.72312947730666,187.73056363822363,153482800
2025-10-14,179.80067443847656,184.56460262310264,179.47109296765566,184.5346420566055,205641400
2025-10-15,179.60093688964844,184.63451030281777,177.06416377208902,184.56460739230218,214450500
2025-10-16,181.57839965820312,183.04652832403656,179.5410050089342,181.99786281424815,179723300
2025-10-17,182.98660278320312,183.8654866543178,179.52102189247293,179.950466813544,173135200
2025-10-20,182.4073486328125,184.96408521149223,181.4985041529273,182.89672994644732,128544700
2025-10-21,180.9292449951172,182.55715836486127,179.5709767314294,182.55715836486127,124240200
2025-10-22,180.0503692626953,183.2063479075077,176.53484855405173,180.9092744574391,162249600
2025-10-23,181.92796325683594,182.7968501503985,179.5609718650331,180.19017423035882,111363700
2025-10-24,186.02272033691406,187.23118563906056,183.26624175096782,183.60580497197222,131296700
2025-10-27,191.24607849121094,191.75542334831323,188.18996363054165,189.74798924630224,153452700
2025-10-28,200.77392578125,202.8912204382634,191.66554775855593,192.8040950113927,297986200
2025-10-29,206.77627563476562,211.9197249544373,204.51915980095313,207.715080745974,308829600
2025-10-30,202.63156127929688,205.89740027142088,201.1534507471854,204.88867704045037,178864400
2025-10-31,202.23207092285156,207.70508615602077,201.81260775338424,206.18701808603035,179802200
2025-11-03,206.61647033691406,211.07078042213968,205.29814450690722,207.81493866642379,180267300
2025-11-04,198.43690490722656,203.71017785907821,197.67786326579136,202.7414122562426,188919300
2025-11-05,194.96136474609375,202.66153586727006,194.40206522559174,198.51682788141107,171350300
2025-11-06,187.84043884277344,197.3682807609907,186.14260723026618,196.16981228388872,223029800
2025-11-07,187.9103240966797,188.08012095739036,178.68210397488247,184.66446402160466,264942300
2025-11-10,198.7964630126953,199.68532876518447,193.5431531870904,194.8614791513322,198897100
2025-11-11,192.91395568847656,195.17107140540628,191.05632435423007,194.91140808059743,176483300
2025-11-12,193.5531463623047,195.64048052491762,190.88654915774768,195.4706988945922,154935300
2025-11-13,186.62197875976562,191.1961465947379,183.61581837719615,190.8066439854392,207423100
2025-11-14,189.92774963378906,190.76667594021126,180.34996953708986,182.62706393415107,186591900
2025-11-17,186.36231994628906,188.75925679396335,184.08522536919267,185.73311754704963,173628900
2025-11-18,181.1289825439453,184.5646030780414,179.42115405263684,183.14641371605563,213598900
2025-11-19,186.28240966796875,187.62069907956393,182.5971076589588,184.5546024199349,247246400
2025-11-20,180.40989685058594,195.7503316108911,179.62090987236718,195.70039225393623,343504800
2025-11-21,178.6521453857422,184.32490281868388,172.70971237567008,181.00913979899244,346926200
2025-11-24,182.31747436523438,183.26626122561635,176.25519889972114,179.2613745727385,256618300
2025-11-25,177.59349060058594,177.93305383278917,169.33402110596253,174.68719385821646,320600300
2025-11-26,180.03038024902344,182.67701383620675,178.01296428701193,181.3986455127995,183852000
2025-11-28,176.7745361328125,179.0616124091028,176.27517303639212,178.7819702942556,121332800
2025-12-01,179.69081115722656,180.07033197943204,173.45875435362808,174.5373804488289,188131000
2025-12-02,181.22886657714844,185.4235136530611,179.7707195907086,181.52847225165078,182632200
2025-12-03,179.36123657226562,182.21759414523953,178.88185225801445,180.8493441127912,165138000
2025-12-04,183.1566162109375,184.2952268834804,179.74078419330877,181.3987504426599,167364900
2025-12-05,182.1877899169922,184.43504894381925,180.6896172324408,183.66598269849337,143971100
2025-12-08,185.323974609375,187.7709870845105,182.17780264974235,182.41751577930148,204378100
2025-12-09,184.7446746826172,185.4937610485011,183.09669077375298,185.33395229946427,144719700
2025-12-10,183.55612182617188,185.2540478736652,181.8182359713298,184.74467463147755,162785400
2025-12-11,180.70957946777344,181.09911899111663,176.40483245042134,180.060377409269,182136600
2025-12-12,174.80679321289062,182.59729422559735,174.40727135263347,180.88937065842447,204274900
2025-12-15,176.0752410888672,178.20265125135413,174.8167814768023,177.7232402429772,164775600
2025-12-16,177.50350952148438,178.27257580423,174.68693742218818,176.0452813318811,148588100
2025-12-17,170.7317657470703,175.91544580087532,170.10252832729947,175.88548356566727,222775500
2025-12-18,173.9278564453125,175.93540231223645,171.6106906687844,174.3173807251694,176096000
2025-12-19,180.76951599121094,181.2289470656948,176.12517166919682,176.45477147838753,324925900
2025-12-22,183.4662322998047,183.935660967629,182.1278683380167,183.6959478478248,129064400
2025-12-23,188.97950744628906,189.099356383118,182.67718160782493,182.7471036477755,174873600
2025-12-24,188.38023376464844,188.67987134928,186.36269028434322,187.71105179508496,65528500
2025-12-26,190.2978973388672,192.45526970950266,187.7709805748158,189.68863982420257,139740300
2025-12-29,187.99070739746094,188.53004285167208,185.68352392965699,187.4813341773615,120006100
2025-12-30,187.31153869628906,188.75978454971104,186.70228116711607,188.01069817319677,97687300
2025-12-31,186.27281188964844,190.32786369396138,186.26282955778902,189.33907943283364,120100500
2026-01-02,188.6199493408203,192.69496568024334,188.03065649528438,189.60873357074172,148240500
2026-01-05,187.89083862304688,193.39413642527967,185.9232371396652,191.52640398377517,183529700
2026-01-06,187.0119171142578,191.935904267691,186.5924305704924,190.2879203285983,176862600
2026-01-07,188.87962341308594,191.13686475404677,186.3327268208183,188.34028795646717,153543200
2026-01-08,184.81459045410156,189.31910643994627,183.48622397884648,188.87963997886857,172457000
2026-01-09,184.63479614257812,186.1129888751533,183.44624341374129,184.8545293482555,131327500
2026-01-12,184.71470642089844,186.89204340473577,182.79704721562317,182.99680052530172,137968500
2026-01-13,185.58364868164062,187.88084992986475,183.17658082293008,184.7746378408776,160128900
2026-01-14,182.91688537597656,184.23528457453645,180.57973978602013,184.0954557419801,159586100
2026-01-15,186.8221435546875,189.46890929684608,186.103019420931,186.27281050248445,206188600
2026-01-16,186.0031280517578,190.20800608356458,185.85331687968656,188.84966224271636,187967200
2026-01-20,177.8530731201172,182.1578200140757,177.39362681050815,181.67839380225757,223345300
2026-01-21,183.09669494628906,185.15418310637224,178.18267486272933,178.8318922054109,200381000
2026-01-22,184.6148223876953,185.94320399708803,183.70592730123704,184.52493568425237,139636600
2026-01-23,187.44137573242188,189.3690325020707,186.59242035942677,187.27158465782284,142748100
2026-01-26,186.2428436279297,188.88960930416175,185.76343263076708,186.93200550896393,124799600
2026-01-27,188.29034423828125,189.76853699604698,185.47377232125424,187.01190478720812,143711600
2026-01-28,191.2866973876953,192.1156881225865,189.60873601436586,191.03700193406064,148552700
2026-01-29,192.27548217773438,193.244301759811,185.83334250366076,191.10690928022157,171764400
2026-01-30,190.8971710205078,194.25307849059112,189.23918956869622,190.97707539362895,179489500
2026-02-02,185.38389587402344,190.0681850900544,184.6547894061738,186.97195532434574,165794100
2026-02-03,180.12030029296875,186.04308409913696,176.01530661894333,186.01312186532803,204019600
2026-02-04,173.97779846191406,179.36123157735668,171.70057725198066,179.24138264216026,207014100
2026-02-05,171.6706085205078,176.604592702014,170.82163795446576,174.71688060291817,206312900
2026-02-06,185.1841278076172,186.77218713146127,174.3872995354016,176.47474973392875,231346200
2026-02-09,189.80848693847656,193.42408742490235,183.7259094221984,184.03552934237337,196387400
2026-02-10,188.31031799316406,192.24552080983682,187.89083145679504,191.1468699498802,136764800
2026-02-11,189.8184814453125,193.0245624433192,188.54004197866425,192.2155516352278,144192700
2026-02-12,186.7122802734375,193.3741533411549,186.28279615580217,192.79485804306626,189932500
2026-02-13,182.58731079101562,187.27160018883805,181.36879569323744,187.25162028422807,161888000
2026-02-17,184.7446746826172,186.92201173748992,178.9617194034806,181.5285959992061,162276900
2026-02-18,187.75099182128906,190.13807962880853,186.53247684939709,188.52005804720127,164749100
2026-02-19,187.6710968017578,188.20044994409497,185.43383529156333,186.8321237354349,126554500
2026-02-20,189.58877563476562,190.09814888521723,185.71349722992974,186.342734664171,178422300
2026-02-23,191.31666564941406,193.71373598373438,189.3490641935772,191.16683922839312,171584800
2026-02-24,192.61508178710938,193.53395924081437,187.171708627792,191.2567378902843,175123600
2026-02-25,195.32176208496094,197.38924768090467,193.5539140704845,194.2131137016724,250637100
2026-02-26,184.66476440429688,194.0533071271398,184.09546670933034,194.03334246429932,360807900
2026-02-27,176.97415161132812,182.36756729714082,176.1651407824763,181.0292033274304,311636500
2026-03-02,182.25770568847656,183.2365228635074,174.42725972943845,174.79680413295333,209095300
2026-03-03,179.83065795898438,180.67961330625172,176.70446619030554,178.27256086028186,178099400
2026-03-04,182.8170166015625,184.47499807110998,179.84065106191534,180.22019302825058,177731200
2026-03-05,183.1166534423828,183.83577756501342,177.6633132926684,180.94929874286032,198779700
2026-03-06,177.60337829589844,182.5373473445644,176.60459654479845,179.6209064601764,189021900
2026-03-09,182.427490234375,182.68718325690133,175.34613090826778,176.61458806542097,177213600
2026-03-10,184.544921875,186.21288569214076,181.7882742872215,182.17779858894656,179118500
2026-03-11,185.8134307861328,187.40157611978597,184.23526832414757,185.6935753620157,145280400
2026-03-12,182.9268035888672,184.72471123223085,181.53842231669145,183.83574790315467,155762700
2026-03-13,180.0401611328125,185.87335881208497,179.73052445930352,184.70472270189353,160988400
2026-03-16,183.0067138671875,188.66012868968363,181.19882333613754,182.7570048934839,217307400
2026-03-17,181.71820068359375,185.1841623368753,181.4684917186082,184.8445618023411,182497800
2026-03-18,180.1899871826172,183.16652908726184,180.12007659614625,182.26756764801692,156683100
2026-03-19,178.3521270751953,179.77047215436778,175.5853475010711,177.80276430906588,170968500
2026-03-20,172.4989471435547,178.05247199547227,171.52009228430225,177.79278016290237,241323500
2026-03-23,175.43553161621094,178.16234927411983,174.55655117338722,177.0536408486584,182836300
2026-03-24,174.99603271484375,176.01484951930743,173.777451794472,174.6264683383626,147667800
2026-03-25,178.47198486328125,181.00903649280792,176.64412864426953,176.89383761026875,162602100
2026-03-26,171.04066467285156,176.30451888215924,170.9407749866337,175.86504388946904,186152200
2026-03-27,167.32498168945312,170.77096223786808,166.81556566439232,169.80209026823204,196212700
2026-03-30,164.97772216796875,169.25273855906806,164.07877596313077,168.58352034150624,185627000
2026-03-31,174.1969757080078,174.41672082635512,166.7656493784466,166.77563225072552,226181300
2026-04-01,175.54541015625,177.16351944386196,174.54657425208924,175.79511913229018,168132000
2026-04-02,177.18348693847656,177.28337661769746,171.170490985778,171.97954556798163,143143200
2026-04-06,177.43319702148438,177.58301630024127,175.55538077559635,176.953760088437,107564300
2026-04-07,177.89266967773438,178.0225079733855,173.4578360976707,175.52541836668527,132534900
2026-04-08,181.8680419921875,185.0443328296099,180.09011531444295,184.28522303450282,147732700
2026-04-09,183.69590759277344,183.86570786090292,180.40972906189933,181.6283100364998,116428500
2026-04-10,188.41041564941406,189.77881591864653,184.08545448929232,184.09543736125556,160459500
2026-04-13,189.08961486816406,189.43921351677633,185.52377876103736,185.81343445538195,133648200
2026-04-14,196.28123474121094,196.28123474121094,190.54792650193752,190.61783708872017,161307000
2026-04-15,198.63848876953125,200.166706463506,195.5121427945441,196.31119931453722,185338400
2026-04-16,198.1190948486328,199.6173486077875,195.58204328148997,197.20015246424893,134012900
2026-04-17,201.44520568847656,201.46518667284232,199.03802288778024,199.66727910555997,160324400
2026-04-20,201.82476806640625,201.9346406188145,197.6096795882359,199.7471876833392,119381400
2026-04-21,199.64732360839844,202.51397775047528,198.76834314349978,201.89470437258373,107945300
2026-04-22,202.26426696777344,202.26426696777344,198.76834136586132,200.75603026628932,107501000
2026-04-23,199.4075927734375,203.59271751351986,196.99041179336916,202.22431724671497,113561800
2026-04-24,208.0275421142578,210.70441481695215,199.57738430538978,199.72721882416832,214134400
2026-04-27,216.3578338623047,216.5775789683675,207.13858324348888,209.4059296471886,187172400
2026-04-28,212.92184448242188,214.4800260296235,207.95762889823203,209.24613572912838,180275400
2026-04-29,209.00640869140625,212.47237042757808,207.33835459433345,212.4523894424142,123711800
2026-04-30,199.33767700195312,210.05518135667162,198.46867945247158,209.68560172993963,225239200
2026-05-01,198.21897888183594,202.76368521944246,196.89052532216473,201.0456862731779,128647000
2026-05-04,198.24893188476562,201.49514834231712,194.51329562325486,199.26774870200734,125368100
2026-05-05,196.271240234375,200.00689171848026,195.80178617585554,199.06798360144137,113406600
2026-05-06,207.5880584716797,208.0275486883452,198.37879062945476,199.65729931010404,188362800
2026-05-07,211.2537841796875,213.95063795079753,206.25960488465944,208.0974592073836,168307900
2026-05-08,214.94947814941406,217.5464575316693,212.642169707093,212.7820061205359,136421400
2026-05-11,219.18453979492188,222.04121091513153,213.64099781886503,213.79081709888328,160685800
2026-05-12,220.52297973632812,223.48952345691538,214.6698009927987,218.29558003818886,159176600
2026-05-13,225.56710815429688,227.57476278227756,221.3120728008497,224.6681467194947,150405400
2026-05-14,235.465576171875,236.26463268418732,229.03307065698914,229.58243343997336,180782900
2026-05-15,225.05770874023438,231.23050718880455,223.97896415639156,229.49252726355346,180977600
2026-05-18,222.0612030029297,229.7322553439391,218.1157890335498,229.60240180074675,146280900
2026-05-19,220.35317993164062,224.21866983705235,217.6563261548179,219.36432694236115,140948200
2026-05-20,223.20985412597656,225.8667612103758,220.2433103590018,222.9201831873553,184201600
2026-05-21,219.25445556640625,227.13526994336974,217.6762930684293,222.03121805596584,203381800
2026-05-22,215.07933044433594,220.75271088945502,214.54994865072538,220.64283833374193,169275700
2026-05-26,214.60987854003906,217.92600574795006,211.75320730356688,216.28791550863897,187202600
2026-05-27,212.35250854492188,213.90069192498567,208.53694826896,213.87072806866348,167601200
2026-05-28,214.00057983398438,215.2691056248748,210.97410844231206,211.03403615445995,143996000
2026-05-29,210.8942108154297,217.6063892667686,210.88422794322287,214.33020874183248,289410600
2026-06-01,224.09881591796875,224.60821672379726,215.44889364463796,215.47885750139108,212850700
2026-06-02,222.56060791015625,232.00958636747916,221.09231801448135,226.91551751623658,193362900
2026-06-03,214.5,222.56061267075634,214.2602739078757,221.46188713313538,160907000
2026-06-04,218.66000366210938,221.60000610351562,210.97000122070312,213.91000366210938,169022200
2026-06-05,205.10000610351562,214.8699951171875,204.3300018310547,214.52999877929688,219655500
2026-06-08,208.63999938964844,210.47000122070312,206.0,210.17999267578125,138372800
2026-06-09,208.19000244140625,211.39999389648438,199.33999633789062,210.6199951171875,180962500
2026-06-10,200.4199981689453,207.22000122070312,199.9199981689453,204.42999267578125,161746600
2026-06-11,204.8699951171875,205.66000366210938,199.5399932861328,201.49000549316406,158643200
2026-06-12,205.19000244140625,207.07000732421875,203.44000244140625,204.86000061035156,112001800
2026-06-15,212.4499969482422,212.7100067138672,208.33999633789062,208.9199981689453,149936700
2026-06-16,207.41000366210938,211.49000549316406,207.2899932861328,211.17999267578125,125694100
2026-06-17,204.64999389648438,209.2100067138672,203.0800018310547,208.52999877929688,128363500
2026-06-18,210.69000244140625,211.38999938964844,206.5,207.3300018310547,241272000
2026-06-22,208.64999389648438,213.99000549316406,207.72000122070312,211.44000244140625,122041400
2026-06-23,200.0399932861328,203.77000427246094,200.0,202.1699981689453,153496200
2026-06-24,199.0,201.6699981689453,196.5800018310547,200.1199951171875,151810700
2026-06-25,195.74000549316406,200.8000030517578,192.1300048828125,200.0800018310547,149550000
2026-06-26,192.52999877929688,195.5500030517578,191.22000122070312,193.1199951171875,179304100
2026-06-29,194.97000122070312,196.17999267578125,189.8000030517578,193.85000610351562,148835700
2026-06-30,200.08999633789062,200.6300048828125,195.11000061035156,197.24000549316406,166476700
2026-07-01,197.5800018310547,199.85000610351562,193.4499969482422,196.1999969482422,146147600
2026-07-02,194.8300018310547,200.05999755859375,192.35000610351562,197.13999938964844,142068700
2026-07-06,195.5500030517578,197.5500030517578,193.99000549316406,194.4199981689453,108999000
2026-07-07,196.92999267578125,198.41000366210938,191.13999938964844,192.3699951171875,124154600
2026-07-08,204.1199951171875,205.16000366210938,195.05999755859375,195.17999267578125,147419100
2026-07-09,202.77999877929688,204.58999633789062,198.9600067138672,204.4600067138672,132037400
2026-07-10,210.9600067138672,211.0,201.9199981689453,202.0,148421000
2026-07-13,203.52999877929688,210.57000732421875,203.0,208.5399932861328,121411000
2026-07-14,211.8000030517578,212.5500030517578,203.8000030517578,208.1999969482422,124379600
2026-07-15,212.5,213.80999755859375,206.0399932861328,211.9600067138672,124797200
2026-07-16,207.39999389648438,211.0800018310547,205.85000610351562,210.1699981689453,122986100
2026-07-17,202.80999755859375,206.64999389648438,197.97000122070312,202.63999938964844,144281900
2026-07-20,203.27999877929688,207.74000549316406,202.27999877929688,205.8699951171875,88701500
2026-07-21,207.2899932861328,208.64999389648438,204.00999450683594,207.5399932861328,108685600
2026-07-22,212.05999755859375,214.38999938964844,204.9499969482422,205.80999755859375,137645600
2026-07-23,208.75999450683594,210.8699951171875,205.9600067138672,209.4600067138672,110505300
2026-07-24,206.83999633789062,211.91000366210938,204.80999755859375,207.4499969482422,114836800
2026-07-27,196.50999450683594,208.75,195.44000244140625,208.1999969482422,154353700
2026-07-28,197.00999450683594,198.6999969482422,192.74000549316406,195.0,134111500
2026-07-29,190.00999450683594,197.07000732421875,190.00999450683594,195.85000610351562,147680800
2026-07-30,195.0399932861328,197.25,191.52000427246094,193.4499969482422,129010200
2026-07-31,200.75,202.0,194.9499969482422,198.44000244140625,139961200
2026-08-03,206.63999938964844,208.74000549316406,196.85000610351562,197.69000244140625,128406900
2026-08-04,211.94000244140625,213.05999755859375,209.0500030517578,211.3000030517578,134922000
2026-08-05,219.22000122070312,222.22000122070312,216.39999389648438,216.86000061035156,158187400
2026-08-06,218.99000549316406,223.6300048828125,217.0,221.52999877929688,113940600
2026-08-07,223.9600067138672,224.75999450683594,220.66000366210938,221.5399932861328,105669400
2026-08-10,217.5500030517578,224.1378936767578,216.77000427246094,223.4499969482422,108135773
