Date,Close,High,Low,Open,Volume
2016-08-11,35.554927825927734,35.66689920991064,35.42573310807827,35.42573310807827,9473700
2016-08-12,35.39126205444336,35.4860067712271,35.313743948496665,35.42571527611746,6301200
2016-08-15,35.64967727661133,35.86500512030735,35.31376636614827,35.31376636614827,12774900
2016-08-16,35.58937454223633,35.70134590569748,35.52047136247331,35.5721479258853,8109100
2016-08-17,35.494625091552734,35.64104966831248,35.37404207871569,35.64104966831248,9876400
2016-08-18,35.43434524536133,35.59799649004133,35.27069728632308,35.27069728632308,8544600
2016-08-19,35.58937454223633,35.60660115858736,35.322366917257,35.34820848460411,9109900
2016-08-22,35.50324630737305,35.64966762433401,35.40850155609654,35.40850155609654,9834700
2016-08-23,35.744407653808594,35.86499067199843,35.62382463561876,35.63243630021482,10631800
2016-08-24,35.374053955078125,35.71857978083159,35.29653580856568,35.615220061720485,9830300
2016-08-25,35.399879455566406,35.48601252371432,35.313749673059085,35.41710606919599,7567200
2016-08-26,35.53770065307617,35.813323275275195,35.37405269875826,35.408505937238345,9228200
2016-08-29,35.58076858520508,35.77025482418402,35.53770039459739,35.72718991921797,9168500
2016-08-30,35.58076858520508,35.65828672840062,35.442958917928735,35.64967177602243,6840300
2016-08-31,35.50324630737305,35.58937610727464,35.39127493898797,35.546311207323846,9694700
2016-09-01,35.451568603515625,35.537698408634505,35.12426942990925,35.29653232578847,10652500
2016-09-02,35.529083251953125,35.67550456339889,35.339593756537546,35.53769491736241,9020200
2016-09-06,35.529083251953125,35.6324396650702,35.37404698945695,35.6324396650702,8308300
2016-09-07,35.529083251953125,35.58076310133223,35.270690576339874,35.43433850424534,10415300
2016-09-08,35.07259750366211,35.31376361843136,34.96923778106795,35.25347208973904,16732100
2016-09-09,34.47828674316406,35.08982020038513,34.47828674316406,34.73668273511397,14477500
2016-09-12,35.03813171386719,35.098423220966055,34.17682071457968,34.41798674297515,14927200
2016-09-13,34.60748291015625,34.90894050397728,34.426608353863635,34.77113084885319,13395200
2016-09-14,34.66776657104492,34.93477415479539,34.469665442058684,34.469665442058684,11626900
2016-09-15,35.19317626953125,35.3395975968886,34.52996624914688,34.60748438881886,18403700
2016-09-16,33.522216796875,34.40936920904458,33.34134230643233,34.11652338781542,50703500
2016-09-19,33.78923797607422,34.06485729717682,33.63420169724882,33.70310817034521,19801900
2016-09-20,33.651424407958984,34.10791823946987,33.642812742642654,34.06485334160601,12121300
2016-09-21,34.03040313720703,34.090697942351,33.75478382358341,33.75478382358341,10994000
2016-09-22,34.03040313720703,34.28018416694137,34.004564853317746,34.17682774574286,9679300
2016-09-23,33.78923797607422,33.95288592121592,33.61697507897472,33.92704763662552,14017300
2016-09-26,33.616981506347656,33.67727303901365,33.38442704364648,33.591143216817116,9840900
2016-09-27,33.84953689575195,34.01318816230462,33.47056106781298,33.50501431189167,10644600
2016-09-28,33.970115661621094,34.02179552119319,33.728949554901554,33.78924108158144,8103500
2016-09-29,33.69450378417969,34.125159519151055,33.66005382247028,33.80647519525214,8795200
2016-09-30,33.83229064941406,33.970100260150645,33.66864276342696,33.80645237416354,12861900
2016-10-03,33.58251953125,33.815070625089966,33.4705481739501,33.7633940645215,10403500
2016-10-04,33.47916793823242,33.763402232685706,33.38442317341466,33.62559256176216,9199300
2016-10-05,33.7203369140625,33.88398486951919,33.49639414802527,33.685883675342666,8269200
2016-10-06,33.47916793823242,33.79785547182702,33.27245507466797,33.6858840874386,9789100
2016-10-07,33.470523834228516,33.72127254992661,33.384060352166614,33.58292899960532,11442000
2016-10-10,33.3927116394043,33.72127886988553,33.3667732495985,33.60022865296377,9475400
2016-10-11,32.865257263183594,33.418634555709474,32.69233036378651,33.34081613163312,14964000
2016-10-12,32.89984893798828,32.986315699132724,32.54534346322027,32.79609212298463,8944900
2016-10-13,32.8825569152832,33.0209004403382,32.52805142618165,32.73556836294906,14117600
2016-10-14,33.211116790771484,33.36675363485677,33.02089324836301,33.08141832124405,11601200
2016-10-17,33.10736846923828,33.32353044153934,33.038195054884376,33.32353044153934,9419000
2016-10-18,33.21976852416992,33.45322383743902,33.167891764578854,33.37540539968265,7121900
2016-10-19,33.159244537353516,33.40999321158141,33.1246611292706,33.30623639059292,8310900
2016-10-20,32.93443298339844,33.159239947484245,32.86525958006778,32.96037136046273,11197000
2016-10-21,32.79608917236328,32.96037105620297,32.657745665348436,32.84796922438237,13413400
2016-10-24,33.090065002441406,33.219760167161766,32.960366539352115,32.960366539352115,13550500
2016-10-25,33.167877197265625,33.22840225578581,32.943067009874966,33.090058793687064,11627100
2016-10-26,33.12465286254883,33.409984873651034,32.98630936963311,32.98630936963311,9723100
2016-10-27,33.04684829711914,33.34082875511774,32.98632319974035,33.211130233094366,7588900
2016-10-28,33.00360870361328,33.24571235809283,32.882558525558494,33.116013853965576,7803300
2016-10-31,33.21976852416992,33.297586961926285,33.02954824171974,33.12466003212971,10485300
2016-11-01,33.254356384277344,33.35811650380221,33.0554877694095,33.35811650380221,12018200
2016-11-02,32.8825569152832,33.28029743588992,32.83932518214786,33.25435575731286,9488400
2016-11-03,33.12465286254883,33.18517793455139,32.8479658767174,32.8479658767174,12393100
2016-11-04,33.098724365234375,33.358121403779506,33.00361255755054,33.1246660481111,14288900
2016-11-07,33.79908752441406,33.850967587333784,33.479168715667655,33.487813743635904,9506900
2016-11-08,33.83367156982422,34.023891855483264,33.70397307191912,33.85960995005731,7574700
2016-11-09,34.196815490722656,34.36110066283128,33.19382430193783,33.34081612443664,19497300
2016-11-10,34.22275161743164,34.63778204569064,33.98064806050407,34.283276682071374,26707200
2016-11-11,34.11035919189453,34.421632953387814,33.87690387077457,34.18817763226785,12217700
2016-11-14,33.98065948486328,34.30057826242608,33.81637758251909,34.05847792247258,15417100
2016-11-15,33.86825942993164,33.911494467163905,33.44458377136559,33.626159053608184,13594300
2016-11-16,34.32652282714844,34.41298629915426,33.65209521169687,33.80773210000338,12597000
2016-11-17,34.80207443237305,34.83666113646114,34.30057711820465,34.412982257306126,13316600
2016-11-18,34.46485137939453,35.009580251671885,34.30056623628071,34.82800176200037,12890600
2016-11-21,34.490806579589844,34.6118567661907,34.300582973005525,34.55997999957331,8073100
2016-11-22,34.66372299194336,34.68966136489635,34.4216227153984,34.66372299194336,10993100
2016-11-23,34.6723747253418,34.6723747253418,34.447567753391986,34.62914299593255,11070100
2016-11-25,34.81937789916992,34.88854802906983,34.620509240448094,34.620509240448094,4013100
2016-11-28,34.845314025878906,35.04418267170417,34.62915202410748,34.69832544789213,12118300
2016-11-29,35.06147003173828,35.22575523594696,34.69831951408297,34.879894772910625,10157400
2016-11-30,34.75019454956055,35.191166782958994,34.75019454956055,35.1565800786984,14374600
2016-12-01,33.46187973022461,34.74155843065826,33.254362749821894,34.68103333186799,22740200
2016-12-02,33.288944244384766,33.57427963541137,32.54534652053723,33.25435753667791,19120300
2016-12-05,33.69532775878906,33.8163779300097,33.323528919542944,33.37540567956905,13681500
2016-12-06,34.12764358520508,34.13628861036805,33.61750134299571,33.72990316195934,13524700
2016-12-07,34.86259841918945,34.90583014875545,34.1449424729592,34.15358749952458,15170600
2016-12-08,34.88853454589844,35.009587998589005,34.6550825616328,34.86259616950655,10109700
2016-12-09,35.03553771972656,35.25169972197189,34.828020746288075,34.94042591099936,11219100
2016-12-12,35.026885986328125,35.19117120301556,34.888542450279274,34.888542450279274,10891400
2016-12-13,35.2430419921875,35.45055891026186,34.9922966432416,34.9922966432416,12493100
2016-12-14,35.346797943115234,35.528373163593486,35.12198770011148,35.33814961926248,25102400
2016-12-15,35.32951354980469,35.57161390514809,35.22575672585322,35.407331992360774,17783500
2016-12-16,33.80772018432617,34.77612788099612,33.513739865402954,34.77612788099612,46224200
2016-12-19,33.634796142578125,33.8855414635486,33.36675417379759,33.74719796639039,15135100
2016-12-20,33.72127151489258,33.81638332126358,33.54834125770625,33.68668480378125,14006400
2016-12-21,33.574283599853516,33.77315224509533,33.38405998337423,33.77315224509533,11966400
2016-12-22,33.686683654785156,33.9287873259364,33.37540986214085,33.660745271521535,11226300
2016-12-23,33.531028747558594,33.7385455973123,33.4013336025349,33.53967706958123,8143600
2016-12-27,33.565635681152344,33.7558592999463,33.513755612834785,33.52240394007292,5073700
2016-12-28,33.444576263427734,33.652089882728966,33.40134453427077,33.608858153572,8264100
2016-12-29,33.45322036743164,33.58291884969558,33.38405026236178,33.38405026236178,5711800
2016-12-30,33.24570846557617,33.600213930531375,33.150596680134846,33.50510214509005,10820200
2017-01-03,33.46271896362305,33.584243226232644,33.24571040573796,33.375916864984134,11051300
2017-01-04,33.62764358520508,33.78388668190488,33.46271498161445,33.46271498161445,9545500
2017-01-05,33.540836334228516,33.80992809119489,33.34118889310659,33.56687629702657,12064700
2017-01-06,33.37592315673828,33.63633281303311,33.3151610139791,33.63633281303311,14829700
2017-01-09,33.8793830871582,34.24395927332865,33.39328592064908,33.445365867753,15587900
2017-01-10,33.55820083618164,33.914094712968094,33.55820083618164,33.85333258604999,11316600
2017-01-11,33.94880676269531,33.96616783825624,33.54082976522991,33.54082976522991,10403100
2017-01-12,34.02693176269531,34.13109491033228,33.497430519336696,33.879364268196746,11526900
2017-01-13,34.07902145385742,34.13978689463227,33.879373983929995,33.99221935781513,9455300
2017-01-17,33.94013214111328,34.096378544732715,33.75784577398638,33.914092177605816,11081400
2017-01-18,34.01824188232422,34.148448270915125,33.87935661309406,34.09636505322156,10394000
2017-01-19,34.035621643066406,34.18318918524778,33.94013734717631,33.9574984292734,12232400
2017-01-20,34.60851287841797,34.74739817884567,34.24394020652779,34.252619089116564,25439100
2017-01-23,34.4435920715332,34.79948590684175,34.22658355460635,34.51303307508046,13251200
2017-01-24,34.80817794799805,34.89498337435344,34.50436723397527,34.591169349042225,12216500
2017-01-25,34.85157012939453,35.05121757326353,34.677962648681884,34.99913433566355,13164800
2017-01-26,34.834228515625,34.938391737744276,34.67798202680152,34.90366955994147,10556500
2017-01-27,34.92100524902344,35.05989054792719,34.83420317894112,34.89496529025609,9232700
2017-01-30,34.92100524902344,34.938366325297245,34.55643258113361,34.81684210266731,10589600
2017-01-31,34.81685256958008,34.938376828743586,34.43491539930881,34.90365466575752,10766700
2017-02-01,34.58248519897461,34.91233914634805,34.469639817530656,34.91233914634805,11837000
2017-02-02,34.70399856567383,34.72135964284968,34.443589030609836,34.52171222225772,10120300
2017-02-03,35.0946159362793,35.0946159362793,34.677960001151405,34.78212315711162,12941200
2017-02-06,34.80817794799805,35.1033097750295,34.79082017401541,35.1033097750295,7871300
2017-02-07,34.782127380371094,34.98177483323904,34.75608741604101,34.86025058464876,8848700
2017-02-08,34.738731384277344,35.02518096739725,34.73004918738067,34.77345354928821,8883300
2017-02-09,34.92100524902344,35.11197377674861,34.73871891507853,34.73871891507853,10977100
2017-02-10,35.40711975097656,35.51996182540064,34.90365826955939,35.00782476927278,13168700
2017-02-13,35.667518615722656,35.75432069467162,35.41578795096877,35.49391114653766,12779800
2017-02-14,35.67620086669922,35.73696298995645,35.372390250413076,35.51995446081281,9623000
2017-02-15,35.945289611816406,36.006051729963396,35.49391151180513,35.55467362995212,9243600
2017-02-16,36.10154724121094,36.23175371278832,35.910578632574286,35.98870185326309,10132700
2017-02-17,36.5095329284668,36.5095329284668,36.023432407530095,36.05815458287319,18545300
2017-02-21,36.691810607910156,36.78729491162591,36.396678810646975,36.448762061206864,12394700
2017-02-22,36.900123596191406,36.908805790444596,36.57027306288208,36.683115097878314,11602800
2017-02-23,37.290748596191406,37.316791873978005,36.89145365719901,36.94353690148451,15484000
2017-02-24,37.4730339050293,37.49039498595779,37.047699011787714,37.09978225457321,11426700
2017-02-27,37.0650634765625,37.551160541788136,36.90881704522914,37.551160541788136,13876500
2017-02-28,36.96958541870117,37.108470790964354,36.82201784807178,36.99562539122287,14450300
2017-03-01,37.256038665771484,37.325483014286455,37.056391130724144,37.10847439211037,11402200
2017-03-02,37.2299919128418,37.26471408077796,37.00430444383312,37.17791197222574,9431600
2017-03-03,37.05638122558594,37.229988739179426,36.969579124433146,37.1258255555385,8917100
2017-03-06,36.95222473144531,37.099792303664856,36.71785504235909,36.85674041611887,9196000
2017-03-07,36.97825241088867,37.10845885419027,36.908811402738586,36.9608946423167,9492900
2017-03-08,36.9869384765625,37.14318490035818,36.90013306818282,37.0477006067844,9217100
2017-03-09,36.8393669128418,37.004295515098995,36.67444162187199,37.004295515098995,10308400
2017-03-10,37.04770278930664,37.05638167501201,36.76124989171005,36.995619541210544,12244500
2017-03-13,36.960906982421875,37.13451121640189,36.917502612638366,37.10847124356259,12440800
2017-03-14,37.1431884765625,37.18658952928719,36.813334515536354,36.96090206834597,10291000
2017-03-15,37.36886978149414,37.49907622950654,37.01297590971944,37.23866664476926,18393200
2017-03-16,39.6952018737793,40.78892677340163,39.62576086261382,40.26810428886657,67535400
2017-03-17,39.63444519042969,39.91221589581403,39.157026997505845,39.27855126720049,31688700
2017-03-20,39.261192321777344,39.886178098563455,39.200430183621826,39.6431262346532,21452600
2017-03-21,38.92265701293945,39.408757398871835,38.80981163005929,39.330634181691416,21974500
2017-03-22,38.87926483154297,39.452167451141214,38.74037944834608,39.17439668474744,14339700
2017-03-23,39.01813888549805,39.11362317958788,38.77508705200907,38.783769248537844,16190500
2017-03-24,38.757720947265625,39.139654730208115,38.6969588297813,38.992087222541144,13110200
2017-03-27,38.92265701293945,39.00078023011987,38.50600095840654,38.63620411284859,8933100
2017-03-28,38.792442321777344,39.08757404507032,38.76640235866797,38.91396987595809,14008800
2017-03-29,38.644893646240234,38.827180083837035,38.60149258652032,38.644893646240234,10636200
2017-03-30,38.78377151489258,38.844533648993554,38.51467969866828,38.58412402980537,7792500
2017-03-31,38.72299575805664,38.931322055602884,38.59278933862514,38.627511491978446,10652800
2017-04-03,38.72299575805664,39.10492951108262,38.54070941988198,38.78375787078153,16044300
2017-04-04,38.705657958984375,38.835864456722135,38.52337151118254,38.723019046101996,9161300
2017-04-05,38.61884689331055,39.03550295379921,38.54940256091842,38.83585546510389,9445100
2017-04-06,38.349761962890625,38.65357269347467,38.3150397904557,38.65357269347467,11557800
2017-04-07,38.44524383544922,38.53204594972532,38.184834181332505,38.27163629560861,13446600
2017-04-10,38.358055114746094,38.75035407080313,38.32318335741795,38.5411268523881,11668600
2017-04-11,38.50627136230469,38.75037044116922,38.1488440125781,38.26217560899538,15422400
2017-04-12,38.51498031616211,38.71548796172047,38.384212869880685,38.645747762443534,8457000
2017-04-13,38.358055114746094,38.75035407080313,38.34061923608202,38.52369097372403,11838300
2017-04-17,38.61087417602539,38.67189809459276,38.35805889878676,38.462670855537375,10999300
2017-04-18,38.81138229370117,38.86368993550261,38.48010721340042,38.541131132725006,10446700
2017-04-19,38.52369689941406,38.828819834638374,38.4278045403423,38.741640427908145,10712000
2017-04-20,38.82010269165039,38.90728210390615,38.506263458638735,38.58472326689165,10880900
2017-04-21,38.7329216003418,39.0031727550842,38.70676944282141,38.87240531637404,11556000
2017-04-24,39.09035110473633,39.22111855105433,38.89855973695108,39.20368266984164,10848900
2017-04-25,38.985740661621094,39.21240047510646,38.881125370269906,39.21240047510646,12436800
2017-04-26,38.95958709716797,39.26471005699007,38.91599905306612,39.011894745422936,10122400
2017-04-27,39.02933883666992,39.17753888289596,38.924726843713,39.12523454919514,8221000
2017-04-28,39.19496154785156,39.19496154785156,38.81138215269712,39.00317351305143,12962700
2017-05-01,39.27342987060547,39.38676145591496,39.11651023727075,39.238558101963335,9118300
2017-05-02,39.343162536621094,39.534950560048344,39.20367882614946,39.22983098262728,11649600
2017-05-03,39.13393783569336,39.36931723585813,39.02932587747153,39.27342155517387,10695900
2017-05-04,39.639564514160156,39.90981232355573,39.186241638867806,39.19495791555153,15505200
2017-05-05,39.735469818115234,39.90982199848698,39.5436784290407,39.848798070245934,8443400
2017-05-08,39.718021392822266,39.84878548680843,39.595970249326776,39.64827788225342,7559600
2017-05-09,39.64828109741211,39.822636562419454,39.561105027685386,39.66571697646823,6530600
2017-05-10,39.69186782836914,39.71802330887105,39.4826439376766,39.68315155190436,6906100
2017-05-11,39.36930847167969,39.58725194269775,39.20367263090521,39.58725194269775,8996400
2017-05-12,39.29958724975586,39.36061118503675,39.160100168479474,39.23855998891992,7965100
2017-05-15,39.50879669189453,39.54366844939015,39.30828907462546,39.43905650245712,9694000
2017-05-16,39.48265075683594,39.55239095726055,39.360602911927096,39.543674679290355,7944500
2017-05-17,38.55856704711914,39.482648766429364,38.532414888972596,39.482648766429364,18489200
2017-05-18,38.50627136230469,38.71549866910926,38.00936024989347,38.41037897747262,12777600
2017-05-19,38.62831115722656,38.81138291814581,38.506259991059494,38.541131752821514,11519200
2017-05-22,38.90727996826172,38.924715849755806,38.602157030446755,38.64574839695915,9805800
2017-05-23,38.846256256103516,39.09035194723341,38.811384492926564,38.95086822007999,6873700
2017-05-24,39.08163833618164,39.12522638035013,38.79395125867135,38.92471871673141,7653600
2017-05-25,39.404197692871094,39.49137378970169,39.08164214393198,39.22112589419389,7597600
2017-05-26,39.45648956298828,39.62212875044537,39.282137424376,39.41290152833521,6899700
2017-05-30,39.59596633911133,39.63083809095207,39.32571857622882,39.32571857622882,10769800
2017-05-31,39.569828033447266,39.709311764062136,39.456496463086914,39.595980193701784,14757600
2017-06-01,39.91853713989258,39.92725341771481,39.54367400800511,39.68315773204085,8138900
2017-06-02,39.805206298828125,40.16263355601748,39.64828669073969,39.99699766994829,11794600
2017-06-05,40.03185272216797,40.10159622491163,39.813909264423884,39.831345140109796,8617300
2017-06-06,39.7616081237793,39.96211572177687,39.75288852246654,39.8662200606577,7449500
2017-06-07,39.57855224609375,39.79649580840582,39.35188907897849,39.77034031955108,7688700
2017-06-08,39.59596633911133,39.979548958252884,39.500074009879235,39.57853378874425,12889500
2017-06-09,39.255985260009766,39.81392013204013,38.95086566610384,39.578544059915075,12188400
2017-06-12,39.09906768798828,39.09906768798828,38.1314012147825,38.924715525608065,16189900
2017-06-13,39.212398529052734,39.439061656843585,38.89855932168342,39.29085833089506,10705800
2017-06-14,39.06418991088867,39.47392138518364,38.78522252711415,39.369309447656576,12024600
2017-06-15,38.95086669921875,39.07291454001826,38.68061553348108,38.83753513609595,10394600
2017-06-16,39.30829620361328,39.31701248179106,38.82010148679667,39.0118928622522,15930900
2017-06-19,39.86622619628906,39.88366207604452,39.412903299309065,39.46521093857546,12787700
2017-06-20,39.962127685546875,40.380578883888965,39.75290042359857,39.89238415637927,15299600
2017-06-21,40.3892936706543,40.572365424552856,40.17135015633103,40.23237407429721,30757300
2017-06-22,43.8502311706543,45.201480194319586,40.38929068077869,40.38929068077869,63193900
2017-06-23,44.41687774658203,45.192755930931376,43.649715837376185,43.79791911924191,42812500
2017-06-26,44.338443756103516,45.07073433954201,44.25998393196527,44.45177535220435,29453400
2017-06-27,44.242530822753906,44.85277329231646,44.04202320035765,44.242530822753906,17876400
2017-06-28,44.3471565246582,44.538947929710154,44.29485219641127,44.521512045109525,15981600
2017-06-29,43.763065338134766,44.364588336640004,43.57127395068905,44.25125675991711,13929100
2017-06-30,43.710750579833984,44.04202565184535,43.658446264895524,43.74562234016236,13146400
2017-07-03,43.03076171875,43.702028043945475,42.99588996341562,43.63228453327672,10883200
2017-07-05,43.11794662475586,43.614857600746426,43.07435858442506,43.414349954781315,15775300
2017-07-06,42.58616638183594,43.083077386945575,42.51642617833073,42.934877376025455,14411900
2017-07-07,43.02204895019531,43.10050874938237,42.56872936106358,42.56872936106358,10889400
2017-07-10,43.25743103027344,43.44050612343236,42.908723376582046,42.95231141759917,10098500
2017-07-11,43.48409652709961,43.49281280555488,43.0743616030566,43.178973572292534,9751100
2017-07-12,43.98101043701172,44.00716259965594,43.553839602345796,43.60614725318899,14461400
2017-07-13,43.893821716308594,44.18150874664316,43.806645642267,44.06817718994584,11959900
2017-07-14,44.0768928527832,44.155352642628976,43.82407760488528,43.82407760488528,9875900
2017-07-17,44.138145446777344,44.260656984538436,43.963135640457665,44.02438974028917,8093600
2017-07-18,44.14690017700195,44.36566578408512,43.8931312716419,44.05064277578964,14104800
2017-07-19,44.6281852722168,44.71569018260925,44.06814583426903,44.155650744661486,13312800
2017-07-20,44.74195098876953,44.85570672159952,44.48818203750475,44.75070014587228,8772500
2017-07-21,44.45317077636719,44.759444629726055,44.32191341472618,44.51442487941931,8791900
2017-07-24,44.41817092895508,44.540682482675734,44.28691355711644,44.45317423001812,7639100
2017-07-25,44.776939392089844,44.82944433544402,44.44441809847402,44.549424647084386,10536200
2017-07-26,44.776939392089844,44.79444103987457,44.64568204085138,44.75944108240311,5724500
2017-07-27,44.14690017700195,44.94320685326073,43.91938207630044,44.890701905845404,16508800
2017-07-28,44.015647888183594,44.18191191772002,43.78813308210598,43.919390468578065,8996400
2017-07-31,43.691864013671875,44.19064929310062,43.66561321099605,44.17314764528407,10066600
2017-08-01,43.89311981201172,43.945624745719044,43.59559853053164,43.88437065877586,6066200
2017-08-02,43.551856994628906,44.02439150203711,43.38559633673263,43.980635710608105,8720700
2017-08-03,43.95439147949219,44.11190300551702,43.51686020455625,43.68312088731637,9490100
2017-08-04,43.71811294555664,43.9368785267551,43.63935720280128,43.9106277252026,7025300
2017-08-07,43.43810272216797,43.83188152164342,43.34184531139635,43.75312576174833,8280300
2017-08-08,42.96555709838867,43.6043555075348,42.851801404133255,43.35058664232307,14684300
2017-08-09,42.93056869506836,43.219337592620434,42.75555552237993,42.86056209075354,15872400
2017-08-10,42.09050750732422,42.84306183777355,42.04675504724899,42.84306183777355,13391100
2017-08-11,42.213008880615234,42.388018678676914,41.985490802178376,42.160503938337975,11704600
2017-08-14,42.746795654296875,42.84305304957678,42.41427435545472,42.4230235104356,9229100
2017-08-15,42.72929763793945,42.93056158486308,42.676792693399264,42.781799244381574,10663500
2017-08-16,43.096832275390625,43.15808638924175,42.668050140333904,42.85181581998613,9881200
2017-08-17,42.48428726196289,43.14933668694153,42.48428726196289,43.02682512268845,9661600
2017-08-18,42.5455436706543,42.77306182130161,42.27427639470425,42.396784627468655,10248400
2017-08-21,42.790550231933594,42.843051836528446,42.475527251972686,42.571784644527185,7293400
2017-08-22,43.10557174682617,43.184327495238506,42.86930783968727,42.98306354665101,9233000
2017-08-23,42.93930435180664,43.254327295985554,42.82554532460924,42.93055519806726,6895400
2017-08-24,43.04433059692383,43.10558471544014,42.773063311522776,42.93932401348146,7365500
2017-08-25,43.08807373046875,43.26308353871367,43.00931798151929,43.26308353871367,7853300
2017-08-28,43.08807373046875,43.219331086652446,42.91306058412571,43.219331086652446,6211300
2017-08-29,43.271846771240234,43.37685334986746,42.65930227606667,42.77306135013722,7245900
2017-08-30,43.57810592651367,43.70936661896415,43.193079680409326,43.3155878797108,6957400
2017-08-31,44.041900634765625,44.20816132091358,43.61311850782782,43.648121811679644,12958100
2017-09-01,44.295654296875,44.52317237245638,44.05938706673952,44.05938706673952,8716800
2017-09-05,44.56693649291992,44.69819721229217,44.16440851605653,44.21691013332643,15610700
2017-09-06,44.63692855834961,44.82944334161573,44.45316626783082,44.698185993287126,15615600
2017-09-07,45.26698303222656,45.31073548990436,44.65443861044179,44.79444847786986,11516800
2017-09-08,45.1357307434082,45.398248857144296,44.960717554884496,45.32824224649524,10356500
2017-09-11,45.93202209472656,46.03702863719989,45.336979457214746,45.398233551832334,16526300
2017-09-12,46.17705154418945,46.2820581163862,45.914533444648214,46.063292477085376,13352400
2017-09-13,46.20328903198242,46.36080051391525,45.89701856050069,45.958272654797035,14463000
2017-09-14,46.194549560546875,46.50082009622605,45.783269122836145,46.168295415989746,21901600
2017-09-15,42.650535583496094,44.36565679435262,42.42301752889615,44.32190434942111,66367900
2017-09-18,42.29176712036133,42.93056226765204,42.08175067695843,42.773050769624405,29434700
2017-09-19,42.03799819946289,42.44052609946895,41.897988349978256,42.431776944294086,23070700
2017-09-20,41.97676086425781,42.16927239787602,41.73174102622639,42.00301167836497,21257300
2017-09-21,41.97676086425781,42.16927239787602,41.845500117523144,41.845500117523144,15656300
2017-09-22,42.143001556396484,42.37926878537933,41.93298512904578,41.93298512904578,15341900
2017-09-25,41.97676086425781,42.47554636089044,41.68798855668132,42.45804470545252,15663600
2017-09-26,41.93299102783203,42.1867599396337,41.906740222507146,42.09050253597801,18679900
2017-09-27,42.143001556396484,42.318014689505766,41.95923926877579,42.04674416628149,14499200
2017-09-28,42.0730094909668,42.22176852389311,42.0117520407103,42.17801606350883,12997700
2017-09-29,42.309268951416016,42.659295273514985,41.96799512332364,42.16925909019611,44896600
2017-10-02,42.70303726196289,42.87805038011348,42.50177334442386,42.6330340175612,26097300
2017-10-03,42.606788635253906,42.84305589259262,42.475531273242346,42.83430673703116,12710800
2017-10-04,42.790550231933594,43.04431577637059,42.66803869898372,42.869305976923826,15204500
2017-10-05,42.79930877685547,42.904315347181615,42.44053326831735,42.84306123631647,13886100
2017-10-06,42.3530158996582,42.61553391735531,42.195504421420395,42.56302897857681,16340400
2017-10-09,42.31801986694336,42.51053467072675,42.15175586800378,42.31801986694336,10173000
2017-10-10,42.35315704345703,42.57278553260742,42.16866991687425,42.30923201587991,15630500
2017-10-11,42.414649963378906,42.581569748967,42.30922923387271,42.30922923387271,12588300
2017-10-12,42.3707275390625,42.59035602725043,42.26530680308644,42.40586890147612,11715600
2017-10-13,42.704566955566406,42.792417016869415,42.45858410290596,42.49372211666815,10142300
2017-10-16,42.92420196533203,42.96812700264046,42.59915266773103,42.704573427524366,9378100
2017-10-17,43.2140998840332,43.310736954489556,42.79241359125847,42.889050661714826,14191300
2017-10-18,43.556724548339844,43.71485398089121,43.187746935680345,43.486441821637136,12064100
2017-10-19,43.35465621948242,43.635780377302176,43.21409414057255,43.43372259832325,10048600
2017-10-20,43.266815185546875,43.74121355736713,43.187748790243496,43.5215850538872,15501500
2017-10-23,43.31953048706055,43.627009074524665,43.24046408581759,43.293172785802724,14633400
2017-10-24,43.90812683105469,44.04868892904317,43.26681204952817,43.3370947741548,17562400
2017-10-25,43.662139892578125,44.49672873710082,43.60942785406378,43.82905632097688,20635800
2017-10-26,44.057464599609375,44.18923964745254,43.72362844613166,44.022323246345636,16952900
2017-10-27,44.69879150390625,44.777857894853454,43.95205262245712,44.18046813020008,15099500
2017-10-30,44.52308654785156,44.5845822552749,44.136541622438465,44.47916152130128,9049800
2017-10-31,44.71636199951172,45.05019489211033,44.32103004641882,44.56701288333671,14453100
2017-11-01,44.487937927246094,44.95354916498429,44.42644222985668,44.89205346759487,10128000
2017-11-02,44.17167663574219,44.54065420651073,44.03111454956,44.400092120328544,10389800
2017-11-03,44.083831787109375,44.31224394736634,44.06626110535655,44.24196457161992,15814500
2017-11-06,44.277103424072266,44.40887850284788,43.94326719223095,44.01354656399167,9678000
2017-11-07,44.356170654296875,44.43523704356981,43.995980070112296,44.30345861102666,6796500
2017-11-08,44.40009307861328,44.575796527949336,44.10139822012136,44.21560596487947,7977900
2017-11-09,43.258026123046875,44.11896934712422,42.643065719773176,44.048686626171985,16195400
2017-11-10,43.328304290771484,43.37222931451582,42.82755164730416,43.04718011729034,9944200
2017-11-13,43.39859390258789,43.42494825076734,43.099899001915674,43.13503701573327,6566700
2017-11-14,43.2228889465332,43.33709670350356,42.959335419979595,43.32830968690166,8498900
2017-11-15,42.8890495300293,43.11746502712903,42.80998314276626,42.94176157195954,9425100
2017-11-16,43.2228889465332,43.59186321345526,43.055969143746154,43.14382255344063,11738500
2017-11-17,42.994468688964844,43.24923852207242,42.91540230459575,43.04718072896575,10035100
2017-11-20,43.064754486083984,43.1877459036097,42.97690107980506,43.08232516733977,11525100
2017-11-21,42.722129821777344,43.13502905587681,42.60792208196649,43.04717901064656,18313300
2017-11-22,42.678218841552734,42.89784737815702,42.537653360911094,42.660648156472526,10618900
2017-11-24,43.05598068237305,43.16140480225916,42.774856398541694,42.9417762460618,6008300
2017-11-27,42.9417724609375,43.24046740508792,42.82756468342735,42.99448116496871,13395600
2017-11-28,43.05598068237305,43.22290052989315,42.91541854045737,42.9417762460618,13930600
2017-11-29,42.62549591064453,42.924190778266585,42.344371723619616,42.915403762335686,14377600
2017-11-30,43.09989547729492,43.33709464530741,42.950546363539765,42.950546363539765,24701100
2017-12-01,43.58308410644531,43.92570406192589,42.95933991306963,43.091115014496246,15899500
2017-12-04,42.520084381103516,43.76757281211697,42.48494301230346,43.76757281211697,13473900
2017-12-05,42.15989303588867,42.73971220649484,42.14232235177754,42.55522169896058,17858900
2017-12-06,42.53763961791992,42.68698871721744,41.84361621343611,42.39707753395636,12974500
2017-12-07,42.62549591064453,42.88026575240606,42.43222177534066,42.71334596236557,13482800
2017-12-08,43.57429122924805,43.65335761997763,42.78363067321705,42.959334136089986,14732300
2017-12-11,44.338600158691406,44.36495450480439,43.53915259770493,43.583077624981485,15852800
2017-12-12,44.26832580566406,44.549450054915425,43.881780800759785,43.92570583634305,17464000
2017-12-13,43.96963119506836,44.37374688742895,43.934489825837325,44.21561742842015,17196900
2017-12-14,44.09260940551758,44.277099862988884,43.87298094062431,44.04868438279181,22259300
2017-12-15,42.43223190307617,42.590364714928945,41.290164201790375,42.590364714928945,75176000
2017-12-18,41.91388702392578,42.91539208663746,41.88753268583245,42.54641794827579,25156800
2017-12-19,42.010536193847656,42.4761475079932,41.94025682155432,42.133527608809516,28664300
2017-12-20,42.080814361572266,42.21258942708004,41.98417730277462,42.063243682585025,11432200
2017-12-21,41.5361328125,42.26530090005084,41.492207791250216,42.26530090005084,18396800
2017-12-22,41.606422424316406,41.6415637876471,41.378006913931785,41.43950262412806,11197300
2017-12-26,41.66791534423828,41.799693772271446,41.50978257110433,41.61520330277209,7650200
2017-12-27,41.62397766113281,41.703044023656346,41.42191992385348,41.50976994831802,8132200
2017-12-28,41.746978759765625,41.773333102990826,41.5537046394091,41.5537046394091,7777600
2017-12-29,41.5361328125,42.06324312129037,41.5361328125,41.755761270013245,9750000
2018-01-02,40.96510314941406,41.99296278007239,40.56098421778464,41.790904989889924,25380000
2018-01-03,41.91388702392578,42.230152486100785,41.67668792729453,41.75575429283828,24165000
2018-01-04,42.3267936706543,42.335577333790624,41.922678141101834,42.15987726095151,19815100
2018-01-05,42.58156967163086,42.722131761138684,42.41464988634593,42.537641295757204,14496400
2018-01-08,43.029605865478516,43.1086722421605,42.11595070187875,42.43221620860668,15075000
2018-01-09,43.267738342285156,43.53231820630219,43.14426459904941,43.43530480448899,14153700
2018-01-10,43.03842544555664,43.45293595401563,42.8444020417733,43.09134275439658,13476600
2018-01-11,43.17071533203125,43.232450507751075,42.720926635427126,43.100158923028744,11687800
2018-01-12,43.66460037231445,43.94682266750117,43.26773231374273,43.37356357174085,15978200
2018-01-16,43.735164642333984,44.14967524338863,43.602873022839546,43.96446630323329,17152600
2018-01-17,44.33488464355469,44.352523751963204,43.96447009560769,44.01738742083324,23183100
2018-01-18,44.299598693847656,44.69647015297201,44.18494619136388,44.26432048318875,17119200
2018-01-19,44.60829162597656,44.62592737238136,44.334890456272994,44.53773518309189,14011500
2018-01-22,44.722938537597656,44.74939888449953,44.33488821430434,44.475997728621564,16840000
2018-01-23,45.084529876708984,45.21682151239643,44.59946615304843,44.75821477014695,14141400
2018-01-24,45.37556838989258,45.86063209495682,45.163902453770696,45.29619408438636,17205600
2018-01-25,45.50785827636719,45.904729818027725,45.45494431368981,45.45494431368981,13904300
2018-01-26,46.52207946777344,46.52207946777344,45.64896218324526,45.73715771741335,14909200
2018-01-29,45.80769729614258,46.55734397647956,45.75478335553348,46.451509366632095,12234900
2018-01-30,44.94341278076172,45.85180823952928,44.7582072135208,45.63132446015233,16863500
2018-01-31,45.49905014038086,45.7283518777886,44.8552376636135,44.8552376636135,16806800
2018-02-01,45.53430938720703,45.84298532127596,45.207990983402325,45.29618651050442,11674100
2018-02-02,44.21140670776367,45.34028253882622,44.132032415622376,45.199173059943405,17562200
2018-02-05,42.41225051879883,44.71410120270845,42.385793547728746,44.13202428896352,19725800
2018-02-06,43.567596435546875,43.66460647308218,41.28338433169013,41.741990999511366,25921200
2018-02-07,43.100181579589844,43.96447785831848,43.05608548294056,43.39122187324482,15138000
2018-02-08,41.309852600097656,43.32066415420378,41.283395615748816,43.29420716985494,21255400
2018-02-09,42.094764709472656,42.465179225469065,40.498460861510424,41.96247645429337,23191000
2018-02-12,42.46517562866211,42.76503369171236,42.085943273501044,42.52691081537992,16261600
2018-02-13,42.76502990722656,42.93259634715824,42.1300356265338,42.34169814388802,12633100
2018-02-14,43.61170196533203,43.67343716818821,42.45636549243635,42.50046158528844,14271400
2018-02-15,44.66118240356445,44.70527847531237,43.59404199141773,43.832164816034,14132500
2018-02-16,44.722938537597656,45.10217098813448,44.5289150581091,44.581829023280434,11098800
2018-02-20,43.999752044677734,44.37016662404493,43.796907327247496,44.27315320172694,14144900
2018-02-21,43.59405517578125,44.39661603584829,43.59405517578125,43.98210543456328,13050800
2018-02-22,43.735164642333984,44.14967524338863,43.576416044666914,43.735164642333984,9513200
2018-02-23,44.537723541259766,44.59945873048855,43.76161969397799,43.91155041375896,8866800
2018-02-26,45.12861251831055,45.20798680320534,44.53771768078326,44.61709196567805,12956000
2018-02-27,44.740570068359375,45.331468372431765,44.5730035998423,45.04042815602694,14339600
2018-02-28,44.68765640258789,45.41966425694031,44.68765640258789,45.031613967646386,14947900
2018-03-01,43.84099197387695,44.943410822733135,43.585229993506644,44.943410822733135,16539800
2018-03-02,44.37897872924805,44.44953515969735,43.35593403794356,43.50586477049045,17291000
2018-03-05,45.23444747924805,45.410835154145815,43.964458911436175,44.00855835339692,18771500
2018-03-06,45.41965866088867,45.67542065301677,45.172717903973535,45.47257597921998,13907100
2018-03-07,45.61369323730469,45.69306754617093,45.00515574789146,45.031616093724246,11727300
2018-03-08,45.97528076171875,46.00173773989683,45.39320369159142,45.807710928415844,15864400
2018-03-09,46.71610641479492,46.742563392964655,46.037015939141526,46.169304194305816,16218600
2018-03-12,46.65436553955078,47.13060791016961,46.4515175172411,46.7249185941807,14108400
2018-03-13,46.37214660644531,47.16588613392724,46.16048071386099,46.95422360565815,12864400
2018-03-14,46.14284896850586,46.87485679261387,46.019378579937225,46.63673388709617,10885500
2018-03-15,46.18693542480469,46.45151525432938,45.95763380303398,46.05464719219988,14155200
2018-03-16,46.0987434387207,46.469154528550085,46.081104334779056,46.21339593218388,21011500
2018-03-19,45.816532135009766,46.37215222660722,45.42847851229349,46.239860607169284,25777400
2018-03-20,41.49503707885742,42.1123921922348,40.94823837355275,41.274553350102266,68601000
2018-03-21,41.46859359741211,42.385807014831784,41.45977236137618,41.706716505645055,34597700
2018-03-22,40.472007751464844,41.468595517779775,40.33089824719763,41.20401561781824,25610100
2018-03-23,39.50187683105469,40.815958342331335,39.47541648838124,40.55137846580653,21398900
2018-03-26,40.992347717285156,41.13345721479859,40.03103821412618,40.17214771163962,20754800
2018-03-27,40.022216796875,41.292202161988676,39.68708050835169,41.12463569988477,18925300
2018-03-28,39.66944122314453,40.004577510155265,39.25493064090272,39.93402108580964,22156900
2018-03-29,40.34852981567383,40.82477556519615,39.6958963777008,39.960479592534526,14256400
2018-04-02,39.69589614868164,40.436721744448285,39.1755543211275,40.260337421330526,15343300
2018-04-03,39.590065002441406,39.97811858883828,39.060905302847,39.97811858883828,15734600
2018-04-04,40.136871337890625,40.23388475269185,38.840428821346435,38.866885801995515,18505900
2018-04-05,40.53375244140625,40.72777931682889,40.17215904177471,40.33090769179019,12313000
2018-04-06,39.53715133666992,40.348529997151104,39.334303307234286,40.136864097195165,13893600
2018-04-09,39.59889221191406,40.26034361836486,39.58125310402414,39.784097798284485,15200000
2018-04-10,40.4102783203125,40.630762162463625,40.09278104932425,40.17215536707132,14868900
2018-04-11,40.225067138671875,40.560203474412965,40.004583327005676,40.0398615443081,14911400
2018-04-12,40.46318435668945,40.71894298529916,40.26033968226048,40.2956145302758,13970300
2018-04-13,40.639564514160156,41.03643255414662,40.22505400696598,40.84240915095531,12493600
2018-04-16,40.78125762939453,41.08235717437696,40.382743028940666,40.76354549401387,11639000
2018-04-17,41.32147979736328,41.5605886378529,41.08237095687367,41.10008309819648,10762700
2018-04-18,41.693416595458984,41.87938896107194,41.33918062246274,41.33918062246274,11312900
2018-04-19,41.463172912597656,41.7199938904639,41.35690344453922,41.61372442240546,8563200
2018-04-20,40.940677642822266,41.28605595670061,40.71928094128532,41.153219962725785,15675600
2018-04-23,40.559871673583984,41.153216541057255,40.48902649167025,41.07351360000101,14904400
2018-04-24,40.320762634277344,41.06465562073299,40.09936595233513,40.67499867668299,13357000
2018-04-25,40.51558303833008,40.59528595976477,39.89567180253188,40.22333786698807,12637500
2018-04-26,40.70157241821289,40.92296913943238,40.64843936719757,40.81669965915587,12175800
2018-04-27,40.320762634277344,40.843258938790775,40.26762959268818,40.843258938790775,14420800
2018-04-30,40.44473648071289,40.75469380294748,40.3473247970622,40.43588210156087,13896600
2018-05-01,40.692710876464844,40.692710876464844,40.19678109201675,40.19678109201675,8838000
2018-05-02,40.303043365478516,40.807830819004955,40.26762247009946,40.63956720841458,10715200
2018-05-03,39.904537200927734,40.196779049987526,39.39975306126029,40.17021253050348,15370200
2018-05-04,40.48016357421875,40.66613595357014,39.6742798854512,39.78940709191652,10571800
2018-05-07,40.798980712890625,40.949532214903456,40.54215974832157,40.68385349114496,9006000
2018-05-08,40.683860778808594,40.72814282619741,40.33848242994959,40.63072772713546,9830600
2018-05-09,41.25062561035156,41.339182919398844,40.71927162133349,40.94066827219649,11822400
2018-05-10,41.560585021972656,41.71113314275015,41.277197541954244,41.44545780251354,10974200
2018-05-11,41.463172912597656,41.7554181725652,41.303767021387266,41.7199938904639,9498100
2018-05-14,41.463172912597656,41.85282988097557,41.348045684891154,41.45431853119507,9689500
2018-05-15,41.45431900024414,41.46317338174691,40.95838917995094,41.18864025972372,11304900
2018-05-16,41.38346862792969,41.56058665445965,41.13550541773497,41.56058665445965,9874200
2018-05-17,41.2152099609375,41.67571549649633,41.10893711394627,41.34804595230829,10162300
2018-05-18,41.0203857421875,41.43661267438879,40.949540545486045,41.34805195570448,13517300
2018-05-21,41.80854415893555,41.8793927111768,41.17092407998885,41.20634497786457,13416300
2018-05-22,41.06464385986328,42.100781791291595,41.011510833491364,41.8351065246991,18505100
2018-05-23,41.53400802612305,41.59599881060204,40.754690963501474,40.807827369445356,9204400
2018-05-24,41.14435577392578,41.56943696906712,40.86096831049822,41.321473783129264,12497700
2018-05-25,41.6225700378418,41.77311813769778,41.16206460224651,41.17092236002908,11354300
2018-05-29,40.96723175048828,41.44544929165899,40.772405009386716,41.22405265721824,12427800
2018-05-30,41.66683578491211,41.82624159317162,41.117773211042504,41.294891151135715,11906500
2018-05-31,41.37461471557617,41.773126056976885,41.36575695611436,41.56058712532923,13062400
2018-06-01,41.932525634765625,41.9413833928945,41.53401435333348,41.6934202172043,10863200
2018-06-04,41.90596008300781,42.12735674590546,41.826257149234856,42.04765381213251,12178400
2018-06-05,41.737709045410156,41.99452666357581,41.454321524627154,41.91482709046096,13430900
2018-06-06,42.28676223754883,42.33989865234011,41.71112956783396,41.994517023564214,13299100
2018-06-07,42.22476577758789,42.5347197100058,41.99451138929645,42.4461624088134,13714100
2018-06-08,42.667564392089844,42.84468239493613,41.98566227699084,41.98566227699084,14515400
2018-06-11,42.67642593383789,42.853543966407535,42.481599138432216,42.64100502992035,12521100
2018-06-12,42.90666961669922,43.030651194895185,42.64984870286778,42.69412735533139,14713600
2018-06-13,42.747257232666016,43.10148977648629,42.58785140556145,42.60556353948908,18053300
2018-06-14,40.64842224121094,41.64027818847684,40.435879991960306,41.631420431542324,37001300
2018-06-15,40.984947204589844,41.170922960041686,40.019657665152906,40.621856829842635,28120400
2018-06-18,41.19749450683594,41.26833968755417,40.2587713700414,40.57758312888653,21474100
2018-06-19,40.97608184814453,41.10006339973671,40.53328866203306,40.595279437829156,22764900
2018-06-20,37.92081832885742,39.66542502970567,37.69942167659728,38.531871872927276,59129000
2018-06-21,38.16878890991211,38.82412461428201,38.06251944210054,38.23963747395014,32635100
2018-06-22,39.054378509521484,39.231496554153935,38.221928091468385,38.25735237604402,29735100
2018-06-25,39.21377182006836,39.38203542864922,38.514161004700625,38.585006172857334,24640500
2018-06-26,39.328895568847656,39.71855240513973,39.29347129875447,39.373174217341976,20717500
2018-06-27,38.47874069213867,39.62114828361417,38.469882933804456,39.47059679613729,26360100
2018-06-28,38.824127197265625,38.98353309871106,38.399045919493034,38.53188191853376,20918400
2018-06-29,39.018951416015625,39.43517486991939,38.744418321455335,39.001239276536396,22144900
2018-07-02,39.80712127685547,39.82483341554908,38.76212874164762,38.93038899186938,20655500
2018-07-03,39.603450775146484,39.842559664825146,39.426332703727525,39.842559664825146,16783300
2018-07-05,40.214473724365234,40.267610118501885,39.84252910013958,39.98422277292702,21916200
2018-07-06,40.73698043823242,40.905240663004925,40.090502675797644,40.25876290057014,20764300
2018-07-09,41.38346862792969,41.43660504936229,40.790127124036495,40.85211792658518,25125700
2018-07-10,41.61371612548828,41.94138222398178,41.339183061307615,41.472022403579345,27422000
2018-07-11,42.18934631347656,42.29561576266622,41.365750481205716,41.46316555056494,22802600
2018-07-12,42.640995025634766,42.6852736788273,42.286759043605116,42.32218331745702,24857900
2018-07-13,43.06607437133789,43.22548021874278,42.35760581522979,42.48158739026814,25771400
2018-07-16,43.08384704589844,43.226096511096614,42.63042793542136,43.226096511096614,22949600
2018-07-17,43.47505187988281,43.555067445953604,42.8082566264582,42.93272453112476,18823100
2018-07-18,43.243900299072266,43.5639626078099,43.03052768757818,43.37726072487845,19234700
2018-07-19,43.066070556640625,43.31500969394161,42.861587138086534,43.03051072973634,16656500
2018-07-20,43.13721466064453,43.306134929981866,42.994965120282416,43.11054393166931,17232900
2018-07-23,43.27055740356445,43.27055740356445,42.71934104068022,43.22610507279072,17990200
2018-07-24,43.27055740356445,43.65285355291034,43.17276363246042,43.34168384599878,19885500
2018-07-25,43.519493103027344,43.5372747122232,43.119415374858484,43.13719698405434,16354900
2018-07-26,43.4483757019043,43.7150931123192,43.35057852673646,43.43059408901052,15229900
2018-07-27,43.23500061035156,43.67063823062373,43.0127355493772,43.55506284079395,14856100
2018-07-30,42.434844970703125,43.19054821178176,42.19479829823078,43.19054821178176,20167300
2018-07-31,42.3903923034668,42.74601775429448,42.132564021191506,42.58598664057158,18808100
2018-08-01,42.09700012207031,42.870484956480226,41.91919079100631,42.59487506693807,22933600
2018-08-02,42.58597183227539,42.73711039185001,41.45686531873842,41.82137975291221,14227400
2018-08-03,43.092750549316406,43.10163965938225,42.58598648817265,42.603764708304325,14295800
2018-08-06,43.27055740356445,43.35057295555535,42.87048303510544,42.93271697648775,13529300
2018-08-07,43.10164260864258,43.51950203173772,43.092753497968495,43.51060952956777,11608000
2018-08-08,43.02162551879883,43.226108971999764,42.906046735165,43.04829624136981,10849400
2018-08-09,43.15497970581055,43.30611830062901,42.91493306272069,42.91493306272069,14708000
2018-08-10,42.95938491821289,43.31501032439321,42.87936937139708,43.00383724611162,10502200
2018-08-13,42.68378448486328,43.199441098549535,42.64822464958862,42.97717601847704,12152100
2018-08-14,42.879390716552734,42.986077034916676,42.62156233830103,42.7815935115954,11513700
2018-08-15,42.53264236450195,42.90604604043255,42.257032466913394,42.76379653653103,14091000
2018-08-16,42.76380157470703,43.07497473280545,42.7104601241444,42.79936480274618,11874300
2018-08-17,42.994956970214844,43.11942487050065,42.666005606388644,42.861596567625234,11412000
2018-08-20,43.04829788208008,43.20832900659677,42.906048370453675,43.03051966068567,11936700
2018-08-21,43.03940200805664,43.243885436918035,43.00383878786457,43.19054399812527,10187600
2018-08-22,43.386138916015625,43.483936084789654,42.88826735352333,42.97717202068391,11639400
2018-08-23,43.52839279174805,43.86623666559423,43.27945698549086,43.38614327510166,11026700
2018-08-24,43.79509353637695,43.9106722844876,43.53726871727663,43.56393943165036,14011700
2018-08-27,43.85734558105469,44.18629693759155,43.82178235561939,43.92846864042943,12253300
2018-08-28,43.243900299072266,43.946258877524684,43.20833706665775,43.91069564511017,15475700
2018-08-29,43.46616744995117,43.65286934162592,43.24390232419646,43.24390232419646,17307700
2018-08-30,43.01274490356445,43.46616423430132,42.95051094427697,43.46616423430132,15154900
2018-08-31,43.190555572509766,43.23500791391471,42.98606869735379,43.01274281539376,17844100
2018-09-04,43.190555572509766,43.41282067103072,42.817148443416514,42.99496120053253,17289000
2018-09-05,42.710453033447266,43.11053080372743,42.48818798234668,43.039404359457386,16437700
2018-09-06,42.417057037353516,42.87047959272515,42.248136837378986,42.63043295602755,18456100
2018-09-07,42.5059700012207,42.66600111086812,42.07922150599278,42.19479689179714,20513900
2018-09-10,43.43947982788086,43.60840003682784,42.67488754997129,42.67488754997129,20390600
2018-09-11,43.49281692504883,43.608395683577605,43.13719493252992,43.13719493252992,14877200
2018-09-12,43.86624526977539,43.981824084563385,43.226120623560846,43.34169943834884,17058700
2018-09-13,43.52839279174805,44.23075126396911,43.45726972917285,43.812891825040836,22124400
2018-09-14,43.78621292114258,43.96402563160873,43.51060305034528,43.51060305034528,20066100
2018-09-17,43.7239875793457,44.39967194219318,43.66175362716881,43.8395663726011,29225000
2018-09-18,43.59062576293945,44.04404841870565,42.10589667830346,42.2392536894437,33451100
2018-09-19,43.94624710083008,44.04404426801411,43.261670322037475,43.49282448779424,20904800
2018-09-20,44.835296630859375,45.41318699466929,44.06181537082494,44.15072001533656,26973500
2018-09-21,45.43097686767578,45.44875847943971,44.764181688258844,45.19093358760186,50751900
2018-09-24,45.555458068847656,45.8755169757981,45.08425373324696,45.17316181142464,23906100
2018-09-25,45.982200622558594,46.16890247493423,45.315405385649086,45.68880909040035,18665800
2018-09-26,45.90217590332031,46.32892436284827,45.83994196494094,46.008862170328484,18131000
2018-09-27,45.955528259277344,46.248919802623426,45.63546938221265,45.8399528556829,17993500
2018-09-28,45.8399543762207,46.2400288336963,45.777720420991336,45.822172761655715,16234200
2018-10-01,46.053314208984375,46.22223780480358,45.466534656891156,45.53766109544561,19217800
2018-10-02,44.657501220703125,46.05332570660943,44.56859654180946,45.91996868826894,22406800
2018-10-03,44.230743408203125,44.54191311075815,44.088493916821484,44.088493916821484,21207600
2018-10-04,43.981807708740234,44.25741419096816,43.71508694446167,44.168509530538905,19034000
2018-10-05,43.875118255615234,44.24852529248828,43.670634822456705,43.937352196511505,16900200
2018-10-08,43.88400650024414,44.1329422396847,43.475039673593194,43.80399095663895,16295800
2018-10-09,43.4483757019043,43.919579964849696,43.41281586761262,43.66175166513375,19009800
2018-10-10,42.14146041870117,43.54617395719336,42.11478630295094,43.39503533109123,20885400
2018-10-11,41.59022903442383,42.57708625583322,41.33240419138045,42.07921478665012,26387600
2018-10-12,42.12367248535156,42.45262380395194,41.483548067322324,42.141454096018535,23152800
2018-10-15,42.06119155883789,42.50751151334002,41.83803158158683,41.91836930960326,15693400
2018-10-16,43.052032470703125,43.221632867221906,42.373627479476156,42.462890129190924,13600200
2018-10-17,42.721744537353516,43.06094863992156,42.337909122509615,42.337909122509615,15071100
2018-10-18,42.293277740478516,42.97168253934485,42.070117774316444,42.46287808890739,15084800
2018-10-19,42.48072814941406,43.06094538053472,42.266493099494724,42.40039043133814,17768400
2018-10-22,42.79314422607422,43.284098764932715,42.587837512165244,42.71280652018374,16480200
2018-10-23,42.83778381347656,43.13235316519922,42.06118476634766,42.09689117417782,18921500
2018-10-24,41.739837646484375,43.11450382477523,41.68628143509043,42.73959672441451,20028200
2018-10-25,42.811012268066406,43.105585093492934,42.20401681429472,42.32898586563279,19349300
2018-10-26,42.239707946777344,42.909187683979205,41.69519721569583,42.16829854548716,23088700
2018-10-29,41.971927642822266,42.92705204375342,41.36493225090235,42.67711396654554,19248700
2018-10-30,43.35551834106445,43.400149653665615,41.88266118917013,42.02548683773524,24438200
2018-10-31,43.59653854370117,44.141049498610826,43.3733785395678,43.78399212993686,21082900
2018-11-01,43.37336349487305,43.95358066642344,43.150203568146004,43.70363923298699,17764900
2018-11-02,43.587608337402344,43.75720869404965,43.06095065553322,43.67687096613229,17289300
2018-11-05,43.7572021484375,43.85539306844274,43.2930290571449,43.73934894433196,13125800
2018-11-06,43.96251678466797,44.15889865995342,43.587609646560594,43.82861943240041,12362700
2018-11-07,44.864078521728516,45.0783135895293,44.1588956099258,44.25708654078654,14329800
2018-11-08,45.015830993652344,45.07831551502346,44.69448008080029,44.82837742953899,11966600
2018-11-09,45.1765022277832,45.36395577437674,44.908710960485195,45.006898481212254,15316100
2018-11-12,43.93572998046875,44.971191963591295,43.83753906226007,44.783735026488166,14374400
2018-11-13,44.194602966308594,44.63199804542025,43.95359317339639,44.158899955787184,13550600
2018-11-14,43.59653854370117,44.60522271582641,43.5072759041084,44.60522271582641,16094000
2018-11-15,45.19435501098633,45.24791122085546,43.78398246182074,44.667697381318895,24922800
2018-11-16,45.676387786865234,45.92632930576813,45.006907777758265,45.10509872391818,20929600
2018-11-19,44.23030090332031,45.61389189647271,44.09640697794138,45.56926058801306,19520500
2018-11-20,43.14127731323242,43.801828768696424,42.81099818035028,43.44477153509686,19389600
2018-11-21,43.400150299072266,43.90002986103125,43.319812573135124,43.52511933827428,13859500
2018-11-23,43.4715576171875,43.84646468729814,42.88241550333471,42.88241550333471,7807300
2018-11-26,43.078800201416016,43.882177475820264,42.935977953205374,43.882177475820264,21603800
2018-11-27,42.34682846069336,42.82885474232102,41.766614667015986,42.77529513153448,28054600
2018-11-28,43.01630783081055,43.069867441047336,42.2843435166597,42.605694367779655,29352900
2018-11-29,42.75745391845703,43.18592067533097,42.3468369636123,43.18592067533097,17052100
2018-11-30,43.52511215209961,43.5965249656536,42.58784110768087,42.92704516176159,22884500
2018-12-03,44.48025131225586,44.739114315481935,43.926812079486844,44.13211886384261,21966600
2018-12-04,43.51618957519531,44.828371150495535,43.48048316651287,44.203522619154924,24643500
2018-12-06,41.668434143066406,42.641411848231606,40.749016062046984,42.62355864018301,39877000
2018-12-07,41.061431884765625,41.98977811852693,40.89183154413932,41.73983665242154,23978000
2018-12-10,41.65949630737305,42.02548188092767,40.4722871874866,41.070354197133426,26375500
2018-12-11,41.472042083740234,42.07011248859095,41.11498822583198,41.93621516365634,22680200
2018-12-12,42.239707946777344,42.94489408719931,41.96298842954656,42.05225443759683,21404000
2018-12-13,42.159385681152344,42.445030201218046,41.7309189010538,42.38254567527563,23295400
2018-12-14,41.59701919555664,41.98085463620425,41.4274188354465,41.75769465467197,21434300
2018-12-17,40.82041931152344,42.159379066174914,40.641890663206425,41.43633957280885,30441100
2018-12-18,40.927528381347656,43.1502027053735,40.561546245039004,42.93596768173299,42855600
2018-12-19,41.46311950683594,42.34683100441979,40.83827096406063,41.11499052868772,34397300
2018-12-20,41.27566146850586,41.90943484198932,40.59725338564028,41.10605774521434,35165200
2018-12-21,39.27616500854492,41.24889884287404,39.15119593743293,41.132858079785365,58768400
2018-12-24,38.10679244995117,39.11547639364072,38.09786755007368,39.070845083951944,17230400
2018-12-26,39.80280685424805,39.8206600579852,37.847927014560334,38.383509506073274,21428900
2018-12-27,40.14200973510742,40.2491255492316,38.794121836347685,39.231516802176095,19048700
2018-12-28,40.00811767578125,40.856126211581234,39.93670825868957,40.29376215444955,39141200
2018-12-31,40.302696228027344,40.61511885717588,40.02597660995916,40.3383992391077,14932600
2019-01-02,40.365169525146484,40.4722853388928,39.677836527069495,39.7046146292185,14320400
2019-01-03,39.97241973876953,40.615121654600706,39.64214387875696,39.94564162732707,19868700
2019-01-04,41.69520568847656,41.90944074618135,40.39195235246203,40.49906817873906,20984000
2019-01-07,42.355751037597656,42.94489305598248,41.48096461061109,41.89157802233235,17967900
2019-01-08,42.739585876464844,43.16805248461902,42.13259066362563,42.784217176348626,16255700
2019-01-09,42.65031814575195,43.052006638751976,41.60593146910166,41.63270956691841,19100200
2019-01-10,42.68603515625,42.8288573886886,41.84695496631706,42.29327486833151,16652700
2019-01-11,43.10557174682617,43.400141075894695,42.284341455642306,42.552132683472834,16397400
2019-01-14,43.007381439208984,43.15020365640039,42.507501976463935,42.71280870085469,14869400
2019-01-15,43.35689926147461,43.49132331086638,42.48760938381791,42.54138105475413,12142100
2019-01-16,43.07012176513672,43.72432834595646,43.0611581110991,43.536132634754686,14114000
2019-01-17,43.5361328125,43.83186844293413,42.8460784499772,43.0253105078731,12711200
2019-01-18,44.15448760986328,44.42333909094077,43.796016689338586,43.8587485876356,15930600
2019-01-22,43.8587646484375,44.06488430669769,43.60783696336132,43.76914859480553,13318700
2019-01-23,44.12760543823242,44.3426852651503,43.76017426683486,44.082794007211675,15551200
2019-01-24,44.09176254272461,44.2978821574393,43.79602347467793,44.145530796091215,11442200
2019-01-25,44.62946701049805,44.71908646668615,44.31580746042144,44.45023151675454,16656600
2019-01-28,44.3785400390625,44.566735771943904,44.10072484864275,44.315808128102034,11799100
2019-01-29,44.45919418334961,44.73700594477515,44.08279931299234,44.262034802751394,10838600
2019-01-30,45.131324768066406,45.25678858548058,44.45023058977144,44.683237752368576,13483800
2019-01-31,45.01481628417969,45.25678365653963,44.871428591518125,45.02377993795168,20403600
2019-02-01,45.534603118896484,45.79449098614755,45.06859221895662,45.274711833012844,14849600
2019-02-04,45.731746673583984,45.92890599817241,45.14923577063981,45.14923577063981,12221200
2019-02-05,45.919952392578125,46.03645253880329,45.60628947467493,45.85721707409177,13345500
2019-02-06,45.9378776550293,46.14400068306348,45.677989793646965,45.8751457486302,9220900
2019-02-07,45.005855560302734,45.69590989206552,44.96104412919391,45.516674423526894,14905000
2019-02-08,45.731746673583984,45.731746673583984,44.647377225610924,44.889344555251725,11535600
2019-02-11,45.910987854003906,46.13503132591607,45.660060259424554,45.669020494102924,9714500
2019-02-12,45.90203094482422,46.19776657148497,45.875143401577,46.11711077900797,14188500
2019-02-13,46.081260681152344,46.19776424634042,45.66006126931141,45.92891275782592,11342600
2019-02-14,46.13502883911133,46.3769961859696,45.78552158874889,45.91994903210301,11155300
2019-02-15,46.350120544433594,46.350120544433594,45.76760607483816,45.82137774574363,13822200
2019-02-19,46.618980407714844,46.762368137167066,45.91996565396438,46.135045538826155,12357500
2019-02-20,46.394927978515625,46.78924330430867,46.15296059042701,46.60104758645057,13440900
2019-02-21,46.69963073730469,46.91471059691905,46.161924251003306,46.26946759944322,14759500
2019-02-22,47.03121566772461,47.13875560092958,46.78028801736873,46.950559863162674,11689700
2019-02-25,47.102901458740234,47.524100867464135,47.01328201747718,47.273173269191844,14722200
2019-02-26,47.138755798339844,47.38968686837942,46.81613599737384,47.01329197263648,12041300
2019-02-27,46.94159698486328,47.17460073013395,46.83405363907745,47.06706080298077,10674200
2019-02-28,46.71754455566406,47.05808816306564,46.64584900549616,46.780276452744985,31856900
2019-03-01,47.0580940246582,47.255253393546276,46.93263021486849,47.049133789087115,15757700
2019-03-04,46.636898040771484,47.362796828028024,46.215695146395106,47.20148522671931,14850100
2019-03-05,46.92366027832031,47.1297798401664,46.6189610524105,46.63688493847952,16291900
2019-03-06,46.914703369140625,47.27317430478143,46.717547431307175,46.87885901048231,12389300
2019-03-07,47.12082290649414,47.61371784270029,46.77131223161841,46.78027588459653,16624100
2019-03-08,47.291099548339844,47.30005978360309,46.71754876978782,46.91470471326989,15071100
2019-03-11,47.19251251220703,47.65852330180963,46.52038215735108,46.547266277583155,20027700
2019-03-12,47.317970275878906,47.7570968893609,47.12081438821652,47.20146673864795,18048500
2019-03-13,47.55098342895508,47.91841455307075,47.26420808421269,47.55098342895508,19490800
2019-03-14,47.54201889038086,47.85568176815626,47.36278344859945,47.479286998552126,24000300
2019-03-15,47.44344711303711,47.84672606942479,45.70487090160523,46.06334184475701,43340200
2019-03-18,47.909461975097656,48.35754898216434,47.300063371996366,47.38071917001367,21953600
2019-03-19,48.42924499511719,48.7339442995046,48.1693537081271,48.21416172552442,19214000
2019-03-20,47.174591064453125,48.56365985256797,47.058087506372075,48.29480838045413,24111600
2019-03-21,48.42924499511719,48.43820523114361,46.914708709206565,47.16563976017023,16686300
2019-03-22,47.291099548339844,48.28585317554264,47.26421542391781,48.05284603511069,16201500
2019-03-25,47.264225006103516,47.443457096763694,46.807174286474286,47.10291338960297,11755900
2019-03-26,47.74814224243164,47.981149360834436,47.55098631758925,47.75710589547974,11657600
2019-03-27,47.32693862915039,48.079724742314745,46.87885173842474,47.748137981762966,12636000
2019-03-28,47.66748809814453,47.76606777327332,47.309020592423224,47.497216289324314,9103100
2019-03-29,48.133514404296875,48.16040195437693,47.721275101823515,47.918434515455644,11485700
2019-04-01,48.91318130493164,48.975913214960244,48.2589712398344,48.285858786012874,15191700
2019-04-02,48.5278205871582,48.841480101088415,48.28585321128391,48.76082430913032,10812100
2019-04-03,48.44717025756836,48.742905915670406,48.26793476427149,48.536786294900445,12853400
2019-04-04,48.232078552246094,48.52781757729379,47.864647393589074,48.2679263283668,9978800
2019-04-05,48.33066177368164,48.56366549829946,48.16038995256217,48.16038995256217,10016300
2019-04-08,48.14246368408203,48.33065938527682,47.79295640511108,48.151423919010846,10126700
2019-04-09,48.24103927612305,48.48300320366417,47.918416147892366,47.94530026903429,9789000
2019-04-10,48.58311462402344,48.75414899220998,48.25004281668943,48.268046976594704,8477300
2019-04-11,48.421077728271484,48.781150603054904,48.17802673497303,48.6551249251836,8147600
2019-04-12,49.06021499633789,49.06021499633789,48.49309595322494,48.70013865031069,9014000
2019-04-15,49.1772346496582,49.28525616742548,48.889174979650726,49.06020933561075,7694900
2019-04-16,49.1412353515625,49.42929507443905,48.90718811445384,49.21324856531025,7265200
2019-04-17,49.042213439941406,49.35728111793195,48.96119642948015,49.222251622515614,7792200
2019-04-18,49.078224182128906,49.21325025025746,48.817168976226995,49.0062075319727,8233000
2019-04-22,49.16825485229492,49.22226735451301,48.790177638599744,48.970215878716225,6088100
2019-04-23,49.4562873840332,49.63632552484508,49.258248519687875,49.28525303892998,10923400
2019-04-24,49.672340393066406,49.987404605597156,49.474298068651436,49.510306388352774,8769800
2019-04-25,49.51930618286133,49.70834814215209,49.13222876931365,49.64533530036928,8226100
2019-04-26,49.87937927246094,49.95139590636559,49.519302970821876,49.708344917850546,7101600
2019-04-29,49.582313537597656,49.951390159038375,49.582313537597656,49.77135202893375,6443000
2019-04-30,49.807373046875,49.852381732396786,49.36627968729928,49.564322024326245,10562300
2019-05-01,49.40229415893555,49.88839283060046,49.33027750598192,49.79837544835144,7792700
2019-05-02,49.15022659301758,49.55531157623398,49.02420091689295,49.33926854114665,9652200
2019-05-03,49.32126998901367,49.52831268531654,49.21324502524846,49.33027035235618,11066500
2019-05-06,49.375274658203125,49.51030413396355,48.457086585224225,48.520099424861165,9305400
2019-05-07,48.61012268066406,49.18624210374481,48.29505844427385,48.79016085886246,11712400
2019-05-08,48.60112762451172,48.99720891264811,48.43909358983251,48.92519225992713,10729800
2019-05-09,48.83517074584961,48.92518812019114,47.7819530434943,48.124021813146285,10711800
2019-05-10,49.19524002075195,49.48329969785901,48.16902355787307,48.40307419173644,11200300
2019-05-13,48.09701156616211,48.565109411728585,48.06100324713185,48.35806672821804,10664700
2019-05-14,48.72714614868164,49.16823606276449,48.03400142118037,48.286052800656286,11520800
2019-05-15,49.114227294921875,49.33927415186241,48.46609124807153,48.52910409329947,8573000
2019-05-16,49.18623733520508,49.64533481679923,49.10522033456742,49.429288337118045,10013800
2019-05-17,49.06021499633789,49.43829206911817,48.781155656469686,48.781155656469686,9057100
2019-05-20,48.30405044555664,48.93418224319186,48.187025134895606,48.56510558705355,9820200
2019-05-21,48.763153076171875,48.85317388256748,48.63712738116066,48.79916139873012,8482000
2019-05-22,48.790164947509766,49.10522921030257,48.64613507966978,48.8171694746226,8389700
2019-05-23,47.781944274902344,48.35806360642546,47.2688343467011,48.35806360642546,11213900
2019-05-24,47.502891540527344,48.13302343425006,47.340857526886005,48.05200642742939,9090700
2019-05-28,46.5847053527832,47.96199119478635,46.5847053527832,47.781956433330926,28230400
2019-05-29,46.53068923950195,46.63871420869222,45.95456980625796,46.296642007475086,12448700
2019-05-30,46.55769348144531,46.83674937804933,46.32364283416317,46.74673201152076,8569500
2019-05-31,45.54948043823242,46.23362477580487,45.468463435992064,46.12560325079851,11847100
2019-06-03,45.22541809082031,45.98157567099457,44.91035042928122,45.51347779432074,17434400
2019-06-04,46.8277587890625,47.0258011574925,45.57649858985797,45.72052846673166,17073200
2019-06-05,46.89976501464844,47.925981597482256,46.67471815098133,47.51189275853838,15855300
2019-06-06,47.340858459472656,47.4758879514813,46.683722028512044,46.89076473136736,10266900
2019-06-07,47.94397735595703,48.08800719641952,47.51188783456957,47.529891993870166,11591800
2019-06-10,48.61912536621094,48.97920173980395,48.223044102412864,48.32206527684808,12984600
2019-06-11,48.55611801147461,49.15924549041307,48.46610062485964,49.0602243047707,11288400
2019-06-12,48.26805114746094,48.65513203401624,48.09701676449523,48.322063631844,10235400
2019-06-13,48.46609115600586,48.59211684622236,48.10601481200799,48.59211684622236,11289100
2019-06-14,47.96198654174805,48.45709238954658,47.96198654174805,48.25905005042716,12973000
2019-06-17,47.82695388793945,48.20503091890758,47.66491989354107,48.01599240342352,15207900
2019-06-18,47.61991882324219,48.25004730888133,47.17882544935209,47.58391050007918,20999700
2019-06-19,47.421875,47.826960038086504,47.03479412293318,47.484887846597616,35449500
2019-06-20,51.30167770385742,51.73376721234241,49.98740158569732,50.392486573008924,54173900
2019-06-21,50.51852035522461,51.44571579358845,50.464511304213026,51.43671199579138,45169000
2019-06-24,51.07663345336914,51.58073618845823,50.32047591679317,50.63554012622385,19544200
2019-06-25,50.47351837158203,51.47272715531631,50.46451800653231,51.1936677635706,25462100
2019-06-26,51.00461959838867,51.17565397370823,50.62654252643729,50.79757690175684,15045200
2019-06-27,51.103633880615234,51.66174904999918,51.094630084528845,51.31067654935537,12605800
2019-06-28,51.283687591552734,51.382708774899655,50.73457261767842,51.22067473559434,42570500
2019-07-01,52.21986389160156,52.29188052407238,51.337680747486274,51.445705696192505,20413000
2019-07-02,52.624961853027344,52.71498266583436,52.00383369740194,52.10285487451821,17569600
2019-07-03,52.985023498535156,53.066040490555075,52.55293401907625,52.61594685354263,9989100
2019-07-05,53.36311340332031,53.579159912239675,52.516938397433584,52.687972784618616,13838900
2019-07-08,53.588157653808594,53.714183347034826,53.120059769009316,53.28209378428378,16105600
2019-07-09,53.651180267333984,53.67818823075811,53.120069439235685,53.29110728313004,14348600
2019-07-10,54.14626693725586,54.46133111558741,53.786190647212365,53.95722499631493,16059100
2019-07-11,54.00224304199219,54.20028193272955,53.47113234448574,54.173277409888634,11150200
2019-07-12,53.8402099609375,54.09226133562417,53.3811124611097,54.09226133562417,11234300
2019-07-15,53.588157653808594,53.87621736230929,53.336106267356136,53.87621736230929,10721600
2019-07-16,52.97355270385742,53.75988496440269,52.95547566423258,53.47969602198184,9698900
2019-07-17,52.41319274902344,53.28087020370499,52.41319274902344,53.14529409297938,9090900
2019-07-18,52.53067398071289,52.54875102038179,52.06068129284966,52.142026247438345,11882300
2019-07-19,52.00645446777344,52.90124553496352,51.98837742781044,52.70240499105619,11663500
2019-07-22,52.06068801879883,52.494530131217,52.015497137709545,52.31376315901663,8761700
2019-07-23,51.92509841918945,52.548740649392556,51.92509841918945,52.47643595282972,8141100
2019-07-24,52.52164077758789,52.62106277864653,51.861844299831354,51.92511221907903,10778700
2019-07-25,52.684326171875,52.99162894518231,52.49452243043766,52.75663088144234,8175900
2019-07-26,52.87413024902344,53.00970632110675,52.60298155269956,52.72951738112785,6057200
2019-07-29,52.47644805908203,53.13624451370183,52.24144998339433,53.13624451370183,7439300
2019-07-30,51.96126937866211,52.55779797250457,51.90703825273344,52.20530082573306,6367200
2019-07-31,50.885704040527344,52.31375922077707,50.27109845002024,52.31375922077707,11966700
2019-08-01,50.50608825683594,51.38280217344657,50.18070847424131,50.885695704634735,10215200
2019-08-02,50.46994400024414,50.786283601619374,49.71072550910052,50.786283601619374,12644400
2019-08-05,48.589962005615234,49.80109590692871,48.52669409977248,49.80109590692871,16204600
2019-08-06,48.770748138427734,49.21362710161118,48.45440848461359,48.987669220931465,13149500
2019-08-07,48.21035385131836,48.870150179436784,47.87593729001828,48.020550136621736,16344100
2019-08-08,49.394378662109375,49.48476040700341,48.55381533279314,48.55381533279314,12460700
2019-08-09,48.71651077270508,49.231694362449694,48.37305389692768,49.02381356727581,8471300
2019-08-12,48.12900924682617,48.61707890047331,47.90305145693497,48.51765692126642,6580100
2019-08-13,48.7797737121582,49.02380856363119,47.903056295515555,48.029592118980965,11014800
2019-08-14,47.288455963134766,48.237478191205895,47.216151248002475,48.219401150462076,12489200
2019-08-15,47.53248977661133,47.6499888148925,46.96307507338722,47.58672089762793,11257000
2019-08-16,48.43632507324219,48.53574707932677,47.91210120401192,48.06575433555441,9913100
2019-08-19,48.68939208984375,49.14130774842218,48.589970093301645,49.005735119554366,8273100
2019-08-20,47.88497543334961,48.662270798679316,47.81267073193227,48.37304509732533,7577800
2019-08-21,48.11997985839844,48.74362221325937,48.056708495475974,48.382088314653075,6113100
2019-08-22,48.07478332519531,48.55381623600395,47.80363463762668,48.42728041166143,6744900
2019-08-23,46.61962127685547,48.1922858474611,46.321355285418925,47.95729122062496,11374500
2019-08-26,47.116729736328125,47.28845645341036,46.84558101804559,47.125766532872234,8582300
2019-08-27,47.35173034667969,47.559611171850804,47.198080651144124,47.39692123078759,13853100
2019-08-28,46.954036712646484,47.17999453758911,46.65577072875768,47.17999453758911,7499000
2019-08-29,47.143836975097656,47.731328655681324,47.080569064615425,47.58671579631585,6858000
2019-08-30,47.053466796875,47.49634227911131,46.773277804551654,47.45115139592197,7920000
2019-09-03,46.89981460571289,46.999236619447444,46.592511766825844,46.94500548981675,10128000
2019-09-04,47.875938415527344,48.020551265530486,47.198065034667174,47.31556060490314,10558300
2019-09-05,48.66227722167969,49.10515607474547,48.47247347658412,48.562855227245976,10414500
2019-09-06,48.04767608642578,48.93343042625595,48.029599045060706,48.8972763435258,11636100
2019-09-09,49.294952392578125,49.42148820357671,48.309776288291964,48.463425930835314,17803800
2019-09-10,50.135528564453125,50.135528564453125,48.933431154606126,49.29496509160272,19976400
2019-09-11,50.876670837402344,50.876670837402344,49.855340379890244,49.9547623865299,16749400
2019-09-12,48.70747756958008,49.602272245659265,47.81268634134434,49.11420242234335,28184400
2019-09-13,48.5809326171875,49.45765008586784,48.201325124259604,48.806890443313954,14736700
2019-09-16,48.029598236083984,48.41824599927928,47.713258637131084,48.264596322028744,15204200
2019-09-17,47.78555679321289,48.0838227580003,47.31556413369012,48.065745719421436,11111400
2019-09-18,47.505374908447266,47.758446572010136,46.872692301697256,47.740369532063816,8911800
2019-09-19,48.23748016357422,48.508628890132464,47.35172581796761,47.35172581796761,14855000
2019-09-20,48.32786178588867,49.03284911221074,48.28266746161234,48.54477937190644,59517000
2019-09-23,48.824974060058594,48.960546705290945,47.95729671833578,48.05671527903553,13863100
2019-09-24,48.21939468383789,49.24976518099639,48.011513914926994,48.93342218216827,15354800
2019-09-25,48.66227722167969,48.7616992161134,47.80363679902091,48.183247737054835,11607200
2019-09-26,48.770748138427734,49.105168284281135,48.32787262308793,48.90632424597302,13324300
2019-09-27,48.88822937011719,49.349181761523255,48.463427606073004,48.97861111028548,12391100
2019-09-30,49.737831115722656,49.96378892155144,48.85207693061492,49.03284386484645,17445100
2019-10-01,48.62612533569336,50.289175136924584,48.580934458323966,49.74687771280605,16443200
2019-10-02,48.038631439208984,48.40920210702679,47.61382965615838,48.35497099179399,15923700
2019-10-03,48.680355072021484,48.69843211202343,47.84882847114586,47.95729071115757,11268500
2019-10-04,49.837257385253906,49.87341146477601,48.66227738352792,48.80689025377354,13659500
2019-10-07,49.52994918823242,50.0360959026595,49.48475831769342,49.77398402655392,12352100
2019-10-08,48.85208511352539,49.448613682920495,48.599013431916276,49.069006160506824,14771500
2019-10-09,49.505741119384766,49.92336050229806,49.07904809849032,49.16075586218851,12803100
2019-10-10,50.377288818359375,50.477150778643306,49.342322717403846,49.43311104023524,13789000
2019-10-11,51.6483039855957,52.04776575553711,50.57702581511459,50.76767613446604,18675200
2019-10-14,51.25790786743164,51.93880463547899,51.21251544220583,51.59381943318677,11079600
2019-10-15,51.158042907714844,51.5847393277059,51.158042907714844,51.41224672502998,9150100
2019-10-16,50.731353759765625,50.84937338261613,50.43175749432893,50.64964600221201,8912300
2019-10-17,49.98691940307617,51.05819762100661,49.92336929381091,50.849386161167935,9917700
2019-10-18,49.523902893066406,50.168484491698244,49.187994709207985,49.88704930923073,12562900
2019-10-21,50.05046081542969,50.204795778764435,49.7690221924291,49.98691071720707,8256600
2019-10-22,49.12443923950195,50.322817433423985,49.04273147795179,50.13216714421378,7777100
2019-10-23,49.1425895690918,49.59652074034055,48.906543420639245,49.02456649486552,10491000
2019-10-24,49.260616302490234,49.6146855763625,48.970100587944145,49.45127005402776,6449200
2019-10-25,49.17890930175781,49.40587492370771,49.0336514422387,49.06088967186266,6307000
2019-10-28,49.60560607910156,49.64192141000599,49.26969792628703,49.342325124875316,7280200
2019-10-29,49.75086212158203,50.213873915643426,49.53297707055822,49.67823492564757,8333900
2019-10-30,49.7962532043457,50.095849470421264,49.43311030805998,50.095849470421264,6284900
2019-10-31,49.469425201416016,49.79625276623159,49.242459594526686,49.67823314416777,8260600
2019-11-01,49.932437896728516,50.06861865809875,49.52389907583843,49.75994526711742,7313600
2019-11-04,50.340980529785156,50.61333860992984,50.168484423890845,50.168484423890845,8757000
2019-11-05,50.54069519042969,50.6950335902797,50.39543735345204,50.62240294018087,10759300
2019-11-06,50.56794357299805,50.74043620679994,50.47715524213859,50.57702067447364,10572100
2019-11-07,50.82213592529297,51.412247861162875,50.71319340873335,50.80397826199634,9677700
2019-11-08,51.28514862060547,51.28514862060547,50.63148658283547,50.82213685611165,5869600
2019-11-11,51.23067855834961,51.39409407713385,51.00371294484043,51.021870609507616,5018000
2019-11-12,51.37594985961914,51.61199263563359,51.2216114011617,51.32147685135981,6184900
2019-11-13,51.030948638916016,51.348702581543755,50.99463330892076,51.030948638916016,6802300
2019-11-14,50.9220085144043,51.13989704143425,50.51346969073603,50.66780811888655,9056100
2019-11-15,51.22159194946289,51.34869558713298,51.08541467536067,51.203437750158606,7216900
2019-11-18,51.012794494628906,51.34870612543762,50.80398652757579,51.34870612543762,6923300
2019-11-19,51.08543014526367,51.70277700515734,51.0763495796417,51.26700336227141,7199500
2019-11-20,51.05817794799805,51.4031631330215,50.66779687680109,51.04002028617262,9117000
2019-11-21,51.049110412597656,51.375941482418945,50.94924497868329,51.040033310978515,8067100
2019-11-22,51.194374084472656,51.8026438585318,51.06727386807195,51.221608855638195,6346900
2019-11-25,51.34870147705078,51.457644001472744,51.094497635772335,51.257913154015476,7977700
2019-11-26,51.30329895019531,51.62105284490139,51.221591201638894,51.52118743408577,12076900
2019-11-27,51.39409255981445,51.66645059534049,51.18528461713714,51.6573734948851,5790000
2019-11-29,50.96739959716797,51.28515354636765,50.92200716534531,51.13989568660283,6479400
2019-12-02,50.32282257080078,51.25791991038817,50.2774301349101,51.04911193471433,14314000
2019-12-03,49.56021499633789,49.92336138882754,49.44219189929565,49.58744976364738,11963700
2019-12-04,49.39680480957031,49.841659015331494,49.187996823428065,49.841659015331494,11436800
2019-12-05,49.641910552978516,49.77809128247617,49.29692191127898,49.47849506286925,10557400
2019-12-06,49.77810287475586,50.050460933957865,49.57837201517144,49.95967260541011,9088600
2019-12-09,50.21387481689453,50.36820977553808,49.71454768429364,49.787178344752135,11996700
2019-12-10,50.676883697509766,50.758591459788335,50.141244692177025,50.29558311569012,10719700
2019-12-11,51.121734619140625,51.29422723387576,50.52254555458346,50.658722840988986,12159600
2019-12-12,51.26699447631836,51.439487097806506,50.62240949450381,51.11265605648543,15413200
2019-12-13,49.48758316040039,50.295583691390725,49.40587539718656,49.93243730750247,21427700
2019-12-16,49.015499114990234,49.91428107288729,48.75221815228476,49.56929234462566,19951000
2019-12-17,47.97145080566406,49.0790440753992,47.962373705206375,48.92470566185595,19778400
2019-12-18,48.47078323364258,48.6705141121169,48.07132493991488,48.171190379152044,14123100
2019-12-19,48.3346061706543,48.66143379635074,48.15303295867563,48.38907570999322,11910100
2019-12-20,48.66142654418945,48.97918048360152,48.43446092884674,48.94286515397378,27423700
2019-12-23,48.76129913330078,49.088130221529156,48.670514259113325,48.70682959407669,10591500
2019-12-24,48.51617431640625,48.988263266664276,48.44354711194701,48.824847727604926,3331700
2019-12-26,48.63418960571289,48.71589736211457,48.37090867250524,48.525247084917424,6702000
2019-12-27,48.534324645996094,48.842998010530096,48.42538212416654,48.71589782452556,7262000
2019-12-30,47.84434509277344,48.56155715878687,47.77171444462123,48.479849411225594,5936100
2019-12-31,48.09855270385742,48.11671036863959,47.70817156909196,47.726329233874125,7094500
2020-01-02,48.979183197021484,48.98826029832106,48.325521080391404,48.361836412030996,13899600
2020-01-03,48.806678771972656,49.069959686586294,48.07131247951255,48.10762780495306,11026700
2020-01-06,49.06089401245117,49.20615188482176,48.43446662398609,48.44354718907098,10982400
2020-01-07,49.169830322265625,49.32416874017006,48.670506665695584,48.924707044337694,12015400
2020-01-08,49.361328125,49.789920323743175,48.969209415618806,49.18806426633125,11856700
2020-01-09,49.58930587768555,49.97230362058387,49.27013761330167,49.47075746642095,10671000
2020-01-10,49.65314483642578,49.835526226884596,49.44340745492064,49.74433379233734,9734800
2020-01-13,49.77170181274414,49.963200740239145,49.57108190090959,49.66227087248732,10858900
2020-01-14,50.04526901245117,50.31883938836262,49.698744681024095,49.716983169903,12627200
2020-01-15,49.93583297729492,50.31883424734903,49.862882507868626,50.045263899387926,9090800
2020-01-16,50.54680252075195,50.56504100502652,50.09085084979344,50.136445321162256,9866000
2020-01-17,50.27323532104492,50.783898997753546,50.01790000405521,50.729187020183566,11166600
2020-01-21,50.35531234741211,50.482978280739744,50.08173851469771,50.13645397696774,8773000
2020-01-22,49.89935302734375,50.74742343136899,49.789922119405794,50.52856509412834,6380500
2020-01-23,50.13645935058594,50.15469783996408,49.49812613689553,49.61667457853538,6583200
2020-01-24,49.306617736816406,50.33706957743451,49.13335733898887,50.20940365496838,6426000
2020-01-27,48.04819869995117,48.80508034616977,47.993486711111544,48.495032987746114,8259100
2020-01-28,48.75035095214844,48.95097079694551,48.02082898738881,48.2032103482375,8620300
2020-01-29,48.51325988769531,49.18806643217941,48.49502140289368,49.04216203240161,6332500
2020-01-30,48.61357498168945,48.63181346842957,47.67431204706954,48.16674075314573,7176200
2020-01-31,47.8293342590332,48.7777146345318,47.68342985346691,48.640927732410404,8884700
2020-02-03,48.41295623779297,48.70476507518429,48.04819345173594,48.08467042606879,8892500
2020-02-04,49.27926254272461,49.75345274713502,49.01480971127034,49.01480971127034,9769800
2020-02-05,49.9176025390625,50.18205192840936,49.77169810821609,49.853766089345925,9612900
2020-02-06,49.89023971557617,50.473857399760064,49.89023971557617,50.154692565795685,8832000
2020-02-07,49.89935302734375,50.12732886759494,49.416041880539254,49.48899581916456,7864800
2020-02-10,50.14556884765625,50.21851930982177,49.65314018315637,49.89935451540631,7198200
2020-02-11,50.29148483276367,50.64712667948398,50.255007853962574,50.30971984352806,8466600
2020-02-12,50.82038497924805,50.966289409696536,50.382671687902594,50.656242060164,7541100
2020-02-13,50.4373779296875,50.738304240550036,50.16380412882198,50.4373779296875,8480100
2020-02-14,50.58328628540039,50.92068959322354,50.3735489060165,50.501214834455766,7496800
2020-02-18,50.565040588378906,50.84772839571737,50.24587233415673,50.53768112287491,7185700
2020-02-19,50.55592346191406,50.85685325495801,50.51032898744434,50.69271036395866,6819200
2020-02-20,50.6197624206543,50.948048241556904,50.045265712710574,50.519455956388136,6114600
2020-02-21,49.862876892089844,50.46473298127485,49.64401855118833,50.22763963404725,9078600
2020-02-24,48.011714935302734,48.814187414893944,47.88404553848855,48.42206867841024,10992500
2020-02-25,46.47060012817383,48.531503924257,46.324695711705296,48.394717011914636,12202600
2020-02-26,47.464576721191406,48.458551680402955,46.7259371087536,46.78977007578808,16413100
2020-02-27,46.306453704833984,48.7503551038856,46.28821521933235,46.39764613234213,16161100
2020-02-28,45.10273361206055,45.49485228525997,43.68016677778805,44.90211726385803,24426000
2020-03-02,46.41588592529297,46.41588592529297,44.38233821752278,45.34895710452447,17328500
2020-03-03,44.54647445678711,47.273066832550086,43.999333872623,46.16054370229673,21830500
2020-03-04,46.08759689331055,46.13319136582492,44.52824297432608,45.45838134525223,14813700
2020-03-05,43.7713737487793,45.30337210827747,43.54339784383774,44.89301478365542,15843000
2020-03-06,43.19686508178711,44.04493556130022,42.367033088553754,42.46734302377464,24581400
2020-03-09,41.95667266845703,43.37924318289415,40.72560450614618,40.990057319234836,25949300
2020-03-10,44.30027389526367,44.601200242701196,42.09346560663335,43.26982196169777,27067700
2020-03-11,40.780330657958984,43.297183097476115,40.369973336669176,42.68620934693946,24139200
2020-03-12,36.29374694824219,39.57660058110864,36.21167552045466,37.497458903369484,24123800
2020-03-13,43.70753479003906,43.76225025204343,39.594848079891946,40.53411104513687,28339400
2020-03-16,38.95650863647461,43.37923808509697,37.62512722435922,38.76500630685312,27493700
2020-03-17,42.73178482055664,43.50690115476173,37.98988745021019,39.77721690038676,25588900
2020-03-18,43.10566711425781,43.58897472437191,38.810603634722945,39.8228133217975,29557000
2020-03-19,41.099483489990234,43.74400458253184,40.91710212522268,42.37614956472795,20159100
2020-03-20,41.628395080566406,42.58589303486266,40.58882219562988,41.053894916534375,26340800
2020-03-23,40.29701232910156,42.39439305356343,40.02344198897389,41.03565537821831,23063700
2020-03-24,43.62545394897461,43.780475840008876,41.30921873540308,41.336578199835905,19323700
2020-03-25,41.89284133911133,44.44617366612017,41.47336660602447,42.950649153950394,25625800
2020-03-26,46.032875061035156,46.26997185107544,42.12080933308353,42.29407317472099,22417900
2020-03-27,45.440155029296875,47.054221232524434,44.28203711704558,44.76534487967101,20025300
2020-03-30,45.923465728759766,47.045106736299175,45.22129954121665,45.9599427075341,20611900
2020-03-31,44.07229995727539,46.67122366657542,43.7713701179691,46.61650820161902,15802000
2020-04-01,44.4188117980957,44.67414710418009,41.98403149842931,42.44910068108814,17918200
2020-04-02,45.41279220581055,45.49486365742863,43.86255560782208,43.935509555320685,16434400
2020-04-03,45.048030853271484,45.64076599585092,44.63767361386386,44.95683842305005,13362500
2020-04-06,46.95390701293945,47.30954877793698,45.91433422780811,45.95993218014963,13845800
2020-04-07,46.28822326660156,47.71991505897993,46.24262878423854,47.55577213956422,14063000
2020-04-08,47.76335525512695,48.26728405642213,46.61806093620115,46.70968308365085,15710700
2020-04-09,48.72540283203125,49.12854518270644,47.67173063789163,47.86414274393204,15521200
2020-04-13,48.53300476074219,48.688763147614104,48.01075070627724,48.285620709391154,12694800
2020-04-14,49.476715087890625,49.568337236285316,48.972786281398,49.21100596432074,11674600
2020-04-15,48.707088470458984,48.97279765574206,48.386407381435774,48.75289955529634,10398100
2020-04-16,49.201839447021484,49.35759778027848,48.624610192562145,48.697910698914036,14098300
2020-04-17,50.04477310180664,50.136398732554404,49.449222230168125,49.95315096621931,13608800
2020-04-20,49.394256591796875,50.008136205796596,49.29347012568042,49.522529004977415,10358900
2020-04-21,47.01204299926758,48.871999876026564,46.837956023896616,48.771213415582515,14111700
2020-04-22,47.89162826538086,48.175662518325005,47.43351053201601,47.671730215494925,9668300
2020-04-23,47.616764068603516,48.55132477682709,47.14032114900946,47.85498378081987,10330200
2020-04-24,48.56964111328125,48.60629137121149,47.60759456115876,48.019901224971534,9403500
2020-04-27,48.89949417114258,49.14687820852041,48.61546336520476,48.890333352792965,9123200
2020-04-28,48.74372863769531,49.614153049917924,48.67959243317837,49.38509417802571,8350500
2020-04-29,49.36677551269531,49.73326765861291,49.19268851036009,49.430911725609924,9064100
2020-04-30,48.53300476074219,49.110230718732886,48.37724287870855,48.99112259765261,11808800
2020-05-01,47.45183563232422,48.047386588244954,47.01204302797691,47.99241469717712,8702400
2020-05-04,47.415191650390625,47.45184191272725,46.81963712048541,47.378541388054,7567900
2020-05-05,47.690059661865234,48.432211715364915,47.63508776578757,47.84582152279486,7271800
2020-05-06,47.51598358154297,48.10237386563144,47.36938601052085,48.03823764675688,7050000
2020-05-07,48.193992614746094,48.48718773597156,47.8916366751155,48.01074828535133,7154700
2020-05-08,49.082733154296875,49.27514176143775,48.34974548769292,48.73456270197466,8130800
2020-05-11,49.046077728271484,49.32095113254519,48.615449485553036,48.679585681174096,8138600
2020-05-12,47.89162826538086,49.32095685173713,47.87330313662695,49.29346741102581,8598800
2020-05-13,47.32355880737305,48.09319666690492,46.98454920002597,48.03822128580957,10274300
2020-05-14,48.478023529052734,48.58797081803681,46.59974132275214,46.85628616210209,13794000
2020-05-15,48.487178802490234,49.46755395896379,48.12068671606321,48.28560937826168,39055700
2020-05-18,48.69791030883789,49.430897890682914,48.62460980307314,49.39424763780054,9901900
2020-05-19,47.95576095581055,48.78953502965646,47.937435828398904,48.72539883129606,9805100
2020-05-20,48.46885299682617,48.80785910875856,48.23979415184147,48.64293646075673,9115900
2020-05-21,47.8458137512207,48.50550086312872,47.75418811403856,48.34057821136154,7464000
2020-05-22,48.21232604980469,48.23065118493241,47.71756138200471,47.95578114834084,7211700
2020-05-26,48.35890579223633,49.18351909290808,48.23979770059774,49.156033147939304,11200600
2020-05-27,48.74372863769531,48.78953971304155,48.16649930188185,48.560480841149335,9228100
2020-05-28,49.1285514831543,49.61415872380948,48.7620593433112,49.25682390685745,9465400
2020-05-29,49.26598358154297,49.42174193989989,48.551321005249186,49.12854685756597,14734800
2020-06-01,48.61545944213867,48.917815355538366,48.3680754247237,48.81702888601805,7363200
2020-06-02,48.81702423095703,48.826188542854766,48.23063409529499,48.78037746884883,8756300
2020-06-03,49.00943374633789,49.12854183343221,48.55131604014545,48.86283622016274,9188700
2020-06-04,48.42304611206055,49.19268409308752,48.22147667321237,48.77121659030543,9696000
2020-06-05,49.4583854675293,49.72409456696834,48.32225555190674,48.642936537325866,12210100
2020-06-08,50.48457336425781,50.50289849320973,48.81702507640378,48.88116128015502,11519500
2020-06-09,49.64164352416992,50.44793180542141,49.366773551859126,50.39295641289472,8852500
2020-06-10,49.57748794555664,50.08141661378545,49.385079389622724,49.93481911947961,7436700
2020-06-11,47.01204299926758,49.07357279691466,46.938742484340665,48.78953854431424,12805700
2020-06-12,47.51598358154297,48.56049171197079,46.709695193340416,48.05656278002987,11537200
2020-06-15,48.78954315185547,48.95446583085492,46.64555182002382,46.691362898598946,16038100
2020-06-16,50.017295837402344,50.392952250737764,49.27514382781532,49.89818424434642,19380200
2020-06-17,47.2044563293457,49.23850038490982,47.18613119878119,48.587970482934146,28692600
2020-06-18,49.192691802978516,49.47672611858415,47.02121424641926,47.27775911524907,19259500
2020-06-19,49.843204498291016,49.89817638245473,48.54214848223546,49.66911754467795,33051200
2020-06-22,50.502899169921875,50.750283171346155,49.36676912096707,49.55917773479894,16705900
2020-06-23,50.56703567504883,51.281701737353174,50.51206378229075,50.66782213865336,18695000
2020-06-24,49.87986755371094,51.01600129817356,49.779084568094234,50.50290807564824,18287400
2020-06-25,49.96232986450195,50.01730526284777,49.05525851034699,49.843221744161895,16008700
2020-06-26,49.64164352416992,50.01729996853232,49.13771465907324,49.79740189358689,17969400
2020-06-29,50.173057556152344,50.356305366557955,49.339283339210056,49.68745382946457,14366900
2020-06-30,50.640342712402344,50.796101088819405,49.93484087149578,50.20971085615979,18885900
2020-07-01,50.84190368652344,51.199234931910716,50.09975175714632,50.10891257324006,17856800
2020-07-02,51.25421905517578,51.70317604448736,50.98851338309495,51.116785809994965,15478900
2020-07-06,51.85893630981445,52.06967358472298,51.455793882711035,51.49244414749179,15309700
2020-07-07,51.59322738647461,52.17961760547749,51.51076604347974,51.629874153791235,13232100
2020-07-08,51.91389465332031,51.932219779690904,51.30001864812768,51.886408711344664,12582200
2020-07-09,52.71102523803711,52.95840923326473,52.06049889604648,52.2162607427428,15692600
2020-07-10,52.582759857177734,52.701871462310685,51.9413942462883,52.6560603819246,12615800
2020-07-13,52.23459243774414,52.99506969864852,52.19794566836928,52.59192727423225,15965600
2020-07-14,52.6302375793457,52.71304753301177,51.96775795001716,52.142577403340006,15510300
2020-07-15,52.0965690612793,53.21910313136409,51.875744873354634,52.832655537590156,10570800
2020-07-16,51.36049270629883,51.97696766477632,51.139668474857544,51.912556794839915,8779300
2020-07-17,50.513980865478516,51.636511355643684,50.38516266896005,51.59970966657537,14344800
2020-07-20,50.97404098510742,51.08445308445016,50.32076091498095,50.49558387470575,11469300
2020-07-21,51.44328689575195,51.83893399152712,51.13965279314357,51.34207435823689,11875100
2020-07-22,51.53530502319336,51.69172538284547,51.250073471375366,51.250073471375366,13842400
2020-07-23,51.30527114868164,51.85733859926059,51.158053863847975,51.52609883090061,12576000
2020-07-24,51.204063415527344,51.56290533703725,50.84521798408041,51.03844352714784,8939700
2020-07-27,50.91883850097656,51.480105622016424,50.900435897506995,51.21327313661424,10319600
2020-07-28,50.92803192138672,51.28687738096966,50.790017676873866,50.83602242504482,13030100
2020-07-29,51.25007247924805,51.43409498294919,50.92803222028671,51.12125777963844,7242700
2020-07-30,50.836021423339844,51.04764606870608,50.50478162713627,50.60599417708039,7633200
2020-07-31,51.02003860473633,51.03844120371153,49.98951763168314,50.605988902636476,9355800
2020-08-03,51.5077018737793,51.608914426302576,51.0568504251867,51.323679370094894,9164900
2020-08-04,51.52610397338867,51.535303519011514,51.09365162043209,51.32367887031329,6364300
2020-08-05,51.06604766845703,51.820536740601426,50.95563557519953,51.820536740601426,6629000
2020-08-06,50.863624572753906,51.15805917297735,50.55078737127433,51.056850130974595,8169600
2020-08-07,50.817623138427734,50.82682619462459,50.38517075555152,50.615198021347375,8772300
2020-08-10,50.55078125,51.17645557719525,50.49557696285369,50.82681672547904,10046900
2020-08-11,49.9343147277832,51.029243149572366,49.81469957769183,50.82682156088375,8075100
2020-08-12,49.84230041503906,50.32996054801928,49.658281431961214,50.164340655299526,9068200
2020-08-13,49.704280853271484,49.86990072824958,49.391443701639155,49.603068317458565,8260300
2020-08-14,49.86991882324219,50.20115869338673,49.47427159056265,49.71349843570148,5454400
2020-08-17,49.67667770385742,50.04471913306479,49.37304010257309,49.86989971743654,9523700
2020-08-18,50.771610260009766,52.3818008628301,50.48637523250429,51.17645691942729,21102600
2020-08-19,51.710121154785156,52.26218509372281,51.02923902082091,51.139654616557976,16751500
2020-08-20,50.845218658447266,51.35128138517272,50.68880182286817,51.148856294482535,10974800
2020-08-21,50.78080749511719,51.02003776793421,50.35755825544007,50.95563042754581,9552000
2020-08-24,51.53530502319336,51.62731803179383,51.01084315895152,51.30527776659826,7892100
2020-08-25,51.608909606933594,52.21618135542743,51.54450226314918,51.664117405864665,7427000
2020-08-26,52.897064208984375,52.897064208984375,51.581308151351784,51.83893752993035,11597600
2020-08-27,52.61183547973633,53.78037438820856,52.05977145665001,52.860265343106406,15834700
2020-08-28,53.25590515136719,53.51353452520193,52.639430351200794,52.74984594850452,8613800
2020-08-31,52.64863967895508,53.145495886273665,52.48301977320309,52.56582972607909,18683500
2020-09-01,53.05348587036133,53.37552262288596,52.519824464758024,52.786653412590994,10169500
2020-09-02,54.31402587890625,54.5808582955856,53.10868549655613,53.10868549655613,14342800
2020-09-03,52.5382194519043,54.277228309491576,52.1241732338444,54.028798472693396,15387400
2020-09-04,51.277671813964844,52.69464045183051,50.753209988640315,52.335798519759734,14697200
2020-09-08,50.90043258666992,51.33288496523149,50.48638281038092,50.928034735110025,16472800
2020-09-09,52.40020751953125,52.81425726573107,51.39728858315267,51.67332057730681,13993200
2020-09-10,52.74984359741211,53.53193473880187,52.216178764040784,52.85105262552412,20500900
2020-09-11,52.44621658325195,56.91794719036133,52.32660142229712,55.85982036409264,40220600
2020-09-14,54.70967483520508,56.58669785018132,54.608462293720535,55.99782871056609,50107400
2020-09-15,56.07143783569336,56.75231999925603,54.645269673160435,55.21573623618619,30385600
2020-09-16,55.6021842956543,56.4854880479122,54.88450043568689,56.23705820947646,21223300
2020-09-17,55.372161865234375,55.76780903006574,54.28643292592096,54.672877034860946,22831200
2020-09-18,54.97650909423828,55.47336876358365,54.68207451461222,55.18813372897345,49311700
2020-09-21,55.96103286743164,57.598825874535144,55.234145866100576,57.47001116745117,32560400
2020-09-22,55.77700424194336,55.89661938967485,54.70967798741043,55.5561800568329,13306000
2020-09-23,54.249629974365234,55.65739923950859,54.19442567647485,55.307756809806726,15513500
2020-09-24,54.562461853027344,55.11452934740466,53.63315332690115,54.047203070199835,9560500
2020-09-25,55.02252960205078,55.19735259686878,54.249637731629974,54.53487284795437,9371900
2020-09-28,54.82010269165039,55.703406598620916,54.71889012753003,55.23414898496064,9356300
2020-09-29,54.718894958496094,55.353769039568945,54.65448759563093,54.8201075315522,6340600
2020-09-30,54.93051528930664,55.56538931995435,54.62687759425486,54.764895366539804,11001500
2020-10-01,54.91210174560547,55.45496615986753,54.7004771108846,55.362953160029946,7357700
2020-10-02,54.13001251220703,54.7648864393645,53.83557441199938,54.01959690840272,7329800
2020-10-05,54.80168533325195,54.90289436018485,54.369233042967636,54.69126974215589,6899200
2020-10-06,54.75568771362305,55.69419936054492,54.66367821311476,54.75568771362305,9743600
2020-10-07,55.97514724731445,56.261537286481555,55.0975035361958,55.217603039607795,8690900
2020-10-08,56.252296447753906,56.631068548120865,56.01210096729065,56.159914383918,7202800
2020-10-09,56.49249267578125,56.704974231480314,56.224579770015175,56.49249267578125,7355700
2020-10-12,56.77888870239258,57.12071013227718,56.418593676868504,56.575647433006075,8275000
2020-10-13,56.32620620727539,57.074510104262174,56.2430609382602,56.88050565127671,8896300
2020-10-14,56.31697082519531,56.843556400423154,56.21534842924779,56.677265847809075,6651100
2020-10-15,55.91048049926758,56.113725275653884,55.50399447064493,55.6795218076104,6251600
2020-10-16,55.697998046875,56.4555422616238,55.67028060789158,56.086006951143936,6070800
2020-10-19,55.07902908325195,56.122963380633145,54.86654750487349,55.79038229303205,8311000
2020-10-20,55.19912338256836,55.73494920071904,55.08826420521466,55.356173590140294,9241200
2020-10-21,55.12521743774414,55.54094377703366,54.70949462260449,54.820353805031736,10114900
2020-10-22,55.14370346069336,55.30999402326352,54.21986856825933,54.91274473758485,11900600
2020-10-23,55.33769989013672,55.577895361295894,55.16216904183799,55.33769989013672,9739300
2020-10-26,53.111263275146484,54.02585773765092,52.224379204280034,53.6747995330194,18876900
2020-10-27,52.732486724853516,53.563935845996745,52.67705537378408,53.24983190490271,10806500
2020-10-28,51.35597229003906,52.28904380778092,51.30054093807577,51.984180182357264,13910600
2020-10-29,51.75322341918945,52.436859164645426,50.940247847694586,50.995679201711255,13573700
2020-10-30,51.836360931396484,52.325992150751055,51.226630225052325,51.503779905363416,12602300
2020-11-02,52.15047073364258,53.09278257247304,51.845603583954876,52.141230412903674,11413200
2020-11-03,52.473812103271484,53.120497120877346,52.26133053768595,52.658579754608844,8911200
2020-11-04,52.18742370605469,53.66555781504742,52.05808388788684,53.582412551157226,12054900
2020-11-05,52.3444709777832,53.259068829283706,52.12274911179385,53.083537990831864,9017100
2020-11-06,52.473812103271484,52.64010263706013,51.87332164161233,52.44609818902332,7510400
2020-11-09,52.510772705078125,54.580164307491906,52.44610454789178,53.75794833555791,11486600
2020-11-10,52.35371017456055,52.880299189915824,51.91951026681624,52.575432050718014,9015900
2020-11-11,52.843353271484375,53.240602532501384,52.47381792779174,52.71401695843702,7724400
2020-11-12,52.15047073364258,53.11125968980107,51.82712646662686,52.898774602603694,7324000
2020-11-13,52.575439453125,52.741730002618716,52.242858354137574,52.547725536259435,5870300
2020-11-16,52.79715347290039,53.222116580719366,52.547717685924134,52.6770539775082,6309200
2020-11-17,52.769439697265625,53.018875501548195,52.483053181502214,52.65858051452334,5569700
2020-11-18,51.9656982421875,52.9264871088167,51.956461446459095,52.76943338823815,8998800
2020-11-19,52.15047073364258,52.17818464755972,51.328258395369375,51.81788967003774,9643100
2020-11-20,51.45759582519531,52.141231560631354,51.43911870746057,52.06732661384226,8395800
2020-11-23,51.808650970458984,52.26132799384396,51.52226094861873,51.59616589106643,8235900
2020-11-24,53.18517303466797,53.49004023250432,52.067333690902025,52.289052085555426,10427200
2020-11-25,53.037353515625,53.36069427248317,52.89877689174296,53.32374356037791,6848900
2020-11-27,53.36069107055664,53.46231345208559,52.79715486015471,53.02811353666606,5627000
2020-11-30,53.32374572753906,53.76718600817378,52.84335120914726,53.22212333578213,26676900
2020-12-01,54.26606750488281,54.76493570864094,53.59166487781119,53.76719577697396,11855300
2020-12-02,54.58015441894531,54.755681738914234,53.71174756694737,53.8503241781831,9330400
2020-12-03,54.75568771362305,55.41160956019105,54.56168325604377,54.70949667955417,9783900
2020-12-04,55.39312744140625,55.93819005217626,54.7556827708378,54.79263700441705,10872700
2020-12-07,55.245323181152344,55.61485852984912,55.08827294865389,55.393136615801005,14922900
2020-12-08,54.53396987915039,55.16217785690957,53.785665908694796,54.49701916363241,15237800
2020-12-09,55.18064880371094,55.34693933946495,54.32148221036515,54.404627478242155,12204100
2020-12-10,54.94968795776367,55.2545551027116,54.543201955316164,54.977401871249945,14219900
2020-12-11,55.99361801147461,56.35391295667798,54.89425253604441,56.298481609666126,16209900
2020-12-14,56.1322021484375,56.96365489662879,56.0675339929282,56.19687382809697,16193600
2020-12-15,57.14842224121094,57.45328589771727,56.26154166427414,56.43706901049596,15506700
2020-12-16,57.99834442138672,58.37711652755575,57.139177822782585,57.15765494066277,16119900
2020-12-17,58.76512908935547,59.17161863535088,57.95215352151454,58.19235253035726,15320500
2020-12-18,60.104679107666016,60.354118406205,58.598831189752545,58.64502221668035,33728700
2020-12-21,59.56886672973633,60.22478854486196,59.014563775031,59.023800571742,18210200
2020-12-22,60.18783950805664,60.97309768985686,59.52267731462106,59.64277330298572,17136000
2020-12-23,60.32640838623047,61.15785397286233,60.1878317723587,60.2894541526447,13075200
2020-12-24,60.01230239868164,60.594315733276886,59.84601186761164,60.09545118836641,3796500
2020-12-28,59.929168701171875,60.68671298921523,59.818305982811694,60.428040361341964,6463500
2020-12-29,59.550376892089844,60.29868065536976,59.328658563765906,60.2802070648005,7770200
2020-12-30,59.49494552612305,59.96610311299119,59.448750980005286,59.86448075017065,6192000
2020-12-31,59.76287078857422,59.836772210080284,59.134662891825094,59.43952299524923,6928600
2021-01-04,58.89447021484375,59.77211048107814,58.35864432364994,59.76287720758541,11249900
2021-01-05,58.16462326049805,58.93140763964086,57.72118309300489,58.82978527381237,11005700
2021-01-06,58.02552032470703,58.7488675396996,57.41345648025918,57.747310129527925,8685400
2021-01-07,58.489219665527344,59.1105593418747,58.28519715424382,58.28519715424382,7382800
2021-01-08,58.77669906616211,58.925078093039474,58.34083412699451,58.59122439815663,7751700
2021-01-11,58.452110290527344,58.952890770976246,58.27591132339219,58.377922555072665,6284700
2021-01-12,57.88642501831055,58.44284905742208,57.66385823277416,58.42430123568816,7758200
2021-01-13,57.55257797241211,58.04408289338838,57.46911453888449,57.79369259280552,8298000
2021-01-14,57.12598419189453,57.65458474972722,57.04252075972961,57.561849175159715,10258600
2021-01-15,57.29290771484375,57.49693021215595,56.76430718783958,57.12598086024925,7532600
2021-01-19,56.8385009765625,57.76587085953737,56.66229843471064,57.58966831768552,8903400
2021-01-20,57.088897705078125,57.52475919361867,56.7086761517017,56.91269514336307,7025000
2021-01-21,56.76430892944336,57.357825080595774,56.495370817941385,57.17235393658713,6943600
2021-01-22,55.97603988647461,56.70866285384957,55.40107161957897,56.51391251353571,9896700
2021-01-25,56.476829528808594,56.5231973172698,55.42890052893498,55.99459674601397,8524700
2021-01-26,57.31145477294922,57.53402508865617,56.42118058539173,56.62520307998684,8186500
2021-01-27,58.006980895996094,58.59122486671328,56.91268423741123,56.94050773729734,14789000
2021-01-28,56.773582458496094,58.646869950628044,56.72721113661529,58.006982500078735,11166400
2021-01-29,56.04096221923828,57.033247709382564,55.83693971327523,56.71794180818301,11451800
2021-02-01,57.042510986328125,57.506195854990835,56.32843940170616,56.49536269980072,10553500
2021-02-02,57.84006118774414,58.35011393857931,57.3114606139068,57.38565190591546,10528000
2021-02-03,57.654579162597656,58.192455348344396,57.478380172940135,57.66385484173677,9933500
2021-02-04,58.74887466430664,58.785970304865074,57.72876931239463,57.942063939153144,9928700
2021-02-05,58.980716705322266,59.41658163479591,58.68395865816765,58.88798114219956,9170200
2021-02-08,58.526309967041016,59.23110947441398,58.2759196908646,59.15692172830715,7003400
2021-02-09,59.0456428527832,59.21256972632574,58.34084324932018,58.4984979799484,5437400
2021-02-10,58.674678802490234,59.25892267872607,58.359372976639804,59.20327922558735,9577500
2021-02-11,58.146087646484375,59.32384772670195,57.75659048770581,58.943626247075414,7690800
2021-02-12,58.49849319458008,58.5355853008387,57.784417968980826,57.79369011113665,6663400
2021-02-16,57.62675857543945,58.66541175674646,57.58966293455545,58.52630840988397,7526000
2021-02-17,57.58039474487305,57.63603821001785,56.90341517163669,57.33928013784945,6244500
2021-02-18,57.56184005737305,57.69167125625648,57.18161860165664,57.320725479108795,6262400
2021-02-19,56.690120697021484,57.83078520361885,56.64375291141384,57.738046094768286,10905100
2021-02-22,59.768985748291016,60.25122204652898,57.756594813072404,58.285195360002426,20940300
2021-02-23,59.81535339355469,60.483060796037606,59.39803980463798,59.74116210988542,18175400
2021-02-24,60.00082015991211,60.41814079372168,59.425855441503394,59.80607336090886,10609300
2021-02-25,60.55724334716797,61.54025295058693,59.88953604097048,59.945175958063864,15356100
2021-02-26,59.82462692260742,61.46606833198919,59.815351243664594,60.77981667088941,20512600
2021-03-01,61.36407470703125,61.883406747880024,60.06575521781733,60.23268211036301,11758900
2021-03-02,61.81847381591797,62.523269764613424,61.2064063562261,61.34551324027153,13282000
2021-03-03,62.05030822753906,62.634548574535565,61.39186953335573,61.438240847121584,15827600
2021-03-04,60.84474563598633,62.42127178955307,60.56653180875853,61.83703124270054,19951100
2021-03-05,64.88806915283203,66.51096638073514,62.42126197028951,62.42126197028951,34211500
2021-03-08,66.91899871826172,67.64234592811533,65.00861238873627,65.3517417133995,23300500
2021-03-09,67.3641357421875,67.9020118766338,66.77061968875347,67.1415689909671,17296400
2021-03-10,66.88191223144531,68.27296692537935,66.30694041085536,68.1616800027674,21378600
2021-03-11,62.514007568359375,63.15388798012198,60.67781207634966,62.73657436048242,38095400
2021-03-12,62.282169342041016,62.94060115860699,61.6237304502038,62.09669110656883,11606300
2021-03-15,62.810768127441406,62.85713237852441,62.041049391699005,62.087413642782,8919600
2021-03-16,61.99468994140625,63.126082598578954,61.837038722035594,63.06116697441031,14512500
2021-03-17,61.410438537597656,61.994679052497915,61.35479860530367,61.94831480067665,11892400
2021-03-18,61.89265060424805,62.143044380573755,61.28985889581003,61.64226390319152,13750300
2021-03-19,61.447532653808594,61.976133223249576,61.16931884872556,61.93903757755377,30963600
2021-03-22,61.50316619873047,61.688637332680706,61.07657693042875,61.410430631755354,10263700
2021-03-23,62.38416290283203,63.005506041754025,61.51244010802496,61.51244010802496,12390100
2021-03-24,61.97612762451172,62.51400382560427,61.89266066041858,62.23579004565424,11391100
2021-03-25,63.645389556884766,63.7381322010789,61.91121248467246,62.096683622519954,14844700
2021-03-26,65.1477279663086,65.25901488857957,63.320808341829405,63.58974643086508,12617000
2021-03-29,65.96382141113281,67.07666958642172,65.07354711606439,65.11064276276781,15183700
2021-03-30,65.42594146728516,65.88962636194978,64.86951393347162,65.68560387625415,12000200
2021-03-31,65.07355499267578,65.93600942592735,64.83244387282585,65.56505998926406,9971700
2021-04-01,66.59442901611328,66.61298037591986,65.22192555179647,65.34248108945638,13228700
2021-04-05,68.77377319335938,69.46002511802666,66.82629023305789,66.946852879809,25010200
2021-04-06,68.88504791259766,69.22817738681623,67.84639795867709,68.27298734336192,14699800
2021-04-07,68.98748779296875,69.08994041609705,68.41002819950768,68.54973696794474,12356800
2021-04-08,70.11444854736328,70.34729408961987,69.06198925448102,69.17375056699969,13507700
2021-04-09,70.39387512207031,70.49632774235137,69.76053488118869,70.17965406896909,13285700
2021-04-12,70.8968276977539,70.96202417862332,70.03995052733416,70.08652248761952,10634900
2021-04-13,71.4090805053711,71.7257541880613,70.6919192482072,70.93408064016052,13142400
2021-04-14,71.54877471923828,72.05172192057564,71.26004853372083,71.75367992414036,12730700
2021-04-15,72.91792297363281,73.16008436743698,71.55810563376563,71.71643892337931,13604200
2021-04-16,73.53263854980469,73.89587712183989,72.5174351320355,72.93655437488108,13334100
2021-04-19,73.34636688232422,74.7061843870555,72.96449667249348,73.40224755463737,19967200
2021-04-20,73.80271911621094,73.97036818640096,73.25320706196031,73.29977190564087,12562300
2021-04-21,71.39977264404297,73.89587046034218,71.2786883936907,73.38361444369642,18672800
2021-04-22,69.73259735107422,71.23212346537979,69.62082891376359,70.88750944641778,16769300
2021-04-23,69.82573699951172,69.85367733350375,68.78258619321333,69.1923967074526,10664700
2021-04-26,69.3879623413086,69.89090949823321,69.10854488550123,69.82571303932896,9402200
2021-04-27,70.05858612060547,70.25417557428825,69.12720370922999,69.28553701375169,9300200
2021-04-28,69.63945007324219,70.10514121407294,69.53700455967167,70.00269570050243,6107800
2021-04-29,70.66397094726562,70.6919112766705,69.51836770048953,70.20758854737826,7940400
2021-04-30,70.5894775390625,70.71055470081785,70.03064948389928,70.37525644654306,7825300
2021-05-03,72.02381134033203,72.16352013827397,70.85958320062365,71.04585686062313,15319600
2021-05-04,73.14143371582031,73.2997669642477,71.65122380674804,71.78161672967428,15316500
2021-05-05,73.75615692138672,74.35224094660731,73.03898866530807,73.55125170536425,12271900
2021-05-06,74.2684097290039,74.47331493640027,73.16937852141764,73.74683800536357,14089700
2021-05-07,74.88313293457031,75.01352587868523,73.18801755519397,74.33361372218675,14073400
2021-05-10,74.65028381347656,75.18117137657266,73.20663857925763,73.36497184585701,17356700
2021-05-11,72.3591079711914,74.41746242278508,71.94929740142969,74.27775362801317,12980400
2021-05-12,71.48358154296875,72.82477414156598,71.27867632864061,72.24731463808506,12302600
2021-05-13,72.77820587158203,73.05762337904909,71.60466228845574,72.21006215071277,11399300
2021-05-14,73.47673797607422,73.62576253238022,72.75957684002697,72.75957684002697,9033400
2021-05-17,73.65370178222656,74.07282090540957,73.43948076214251,73.46742108957046,6637900
2021-05-18,73.29048919677734,74.01696638999034,73.01107161205648,73.56989967561384,6643100
2021-05-19,73.33702850341797,73.36496883097766,72.22868857688644,72.4708428196583,8165000
2021-05-20,73.31842041015625,73.87724840417174,73.28116426310409,73.53263437335184,8802700
2021-05-21,73.60714721679688,74.37088047235737,73.56058236204676,73.75617180611772,8629000
2021-05-24,73.9331283569336,74.39881953175755,73.70959858266545,74.03558098386553,7044700
2021-05-25,73.4208755493164,74.21254916007317,73.25322643478925,74.14735267697282,7160600
2021-05-26,73.82135772705078,73.92381034108175,73.16007719477615,73.19732623089422,12851100
2021-05-27,73.56057739257812,74.55715617221477,73.43017733278995,74.04489306338532,12867800
2021-05-28,73.33702850341797,73.9144879945517,73.27183203715141,73.53261790221765,6929700
2021-06-01,74.11007690429688,74.35223825135259,73.09487377829095,74.11939271538259,10485300
2021-06-02,74.7620620727539,75.37677786717805,74.05421656545093,74.23117438933478,12249300
2021-06-03,75.52578735351562,75.87040136289515,74.18460167249785,74.32431043878053,12038700
2021-06-04,77.20226287841797,78.19884145638768,75.78656519140628,75.83313003358782,14502900
2021-06-07,78.18021392822266,78.46894009862042,77.1650037677935,77.24883184990075,10445600
2021-06-08,78.80425262451172,79.1954314635218,78.23610888438073,78.26404921489821,10726800
2021-06-09,78.7204360961914,79.00916946769848,78.26406071694198,78.79494839244379,9720300
2021-06-10,76.65277862548828,78.66456102631636,76.10325928386655,78.38515055430689,16680800
2021-06-11,77.21160125732422,77.52826785789075,76.22433109569344,76.35473116720848,11066500
2021-06-14,76.95081329345703,77.39787284784616,76.4944308199186,77.30473603283872,10173200
2021-06-15,76.03804779052734,76.84835292179959,75.76794608010327,76.37334597547567,17298000
2021-06-16,71.79096221923828,73.1600955818586,70.69193062459405,72.6385165686463,36560600
2021-06-17,72.23799896240234,72.40564803754185,71.30661679071224,71.70711140877427,14836100
2021-06-18,70.99928283691406,71.63262314742543,70.7571214254552,71.62330733386217,22521200
2021-06-21,72.63849639892578,72.74094901025754,71.2973108516522,71.35319151023958,8924300
2021-06-22,73.2811508178711,73.75615772328011,72.33114411293525,72.70369130333697,9845800
2021-06-23,72.7409439086914,73.45811213771631,72.70368777028527,73.3556595335699,7295900
2021-06-24,72.4056396484375,73.54192690318739,72.28456253826363,73.25320073729827,9624000
2021-06-25,73.07625579833984,73.2159645671797,72.23801029118384,72.67576111746993,12845000
2021-06-28,73.113525390625,73.55127629742121,72.95519207289834,73.10420957608682,5605400
2021-06-29,72.7409439086914,73.19731916887336,72.48015804573028,73.15075432527706,5392900
2021-06-30,72.49878692626953,72.84340089785996,72.2566326708752,72.26594137662573,7899800
2021-07-01,74.08214569091797,74.15665797700693,72.56399516773972,72.62919164159688,13108000
2021-07-02,76.20570373535156,76.61551424400103,73.90518818960577,73.99832500360336,15258100
2021-07-06,77.37924194335938,77.8914979365806,75.77726327621505,76.00079303496827,14200400
2021-07-07,80.18269348144531,81.18858800418376,77.2674696337923,77.46305905112213,20976600
2021-07-08,79.71700286865234,80.92780262844106,78.85082420321105,79.18611527370432,16383300
2021-07-09,81.73810577392578,82.3341898274007,79.89396584819357,79.98710264919607,15685300
2021-07-12,81.10478210449219,82.75332584637333,81.00232947074933,81.52390134734289,16076800
2021-07-13,81.09547424316406,81.8964637641278,80.59252683889255,80.75086015897305,12789300
2021-07-14,82.52572631835938,82.89030474313844,81.01132582530627,81.40394764705376,13330500
2021-07-15,80.61870574951172,82.98379424889869,79.93629257448082,82.35746787398112,18306300
2021-07-16,81.78720092773438,82.7126756124526,80.88042659152597,81.09543780682938,14617500
2021-07-19,81.31047821044922,82.14246571546641,80.57197108525835,81.24504123136121,15619900
2021-07-20,82.88095092773438,83.24552930513312,81.34784314911909,81.42263028604548,12813900
2021-07-21,83.84381103515625,84.36730672257757,82.69398199932006,83.09595393990251,13108100
2021-07-22,84.77864074707031,85.19930596468292,83.83447263640586,84.13361409010912,13638900
2021-07-23,81.97419738769531,85.2554036201316,81.44135138252308,85.05909268476243,12680900
2021-07-26,82.13311004638672,82.35746436938861,81.02067434417285,81.74048819810959,10454100
2021-07-27,82.07701110839844,82.82486111848638,81.44133467717182,82.0396175380799,8465200
2021-07-28,81.4974365234375,82.21724327179604,81.44134972364468,82.17050664933387,6396800
2021-07-29,81.91810607910156,82.50704603617287,81.63766493334492,81.964849836109,6201400
2021-07-30,81.46003723144531,82.404205376929,81.20763951798874,81.712442076997,7962800
2021-08-02,81.89005279541016,82.1985444374007,81.41329363343343,82.01158369612497,5579100
2021-08-03,83.89053344726562,84.29250531981285,82.08633510752007,82.1517720573723,9889800
2021-08-04,84.18035125732422,84.21773769553079,83.46053751019812,83.93729661641594,7509900
2021-08-05,83.60076141357422,84.61970945645363,82.97443515976242,84.30187480780678,8231300
2021-08-06,83.68490600585938,84.0214410636012,83.03053624474776,83.42315810141473,6513900
2021-08-09,84.0401382446289,84.57298421058402,83.29228100408706,83.62881604912137,5798700
2021-08-10,83.79707336425781,84.24578908034358,83.13335353187033,83.2922708581967,5473300
2021-08-11,83.78772735595703,84.52623436643937,83.67555377042711,84.04013218758875,8009800
2021-08-12,83.95600128173828,84.11492576020751,82.89030934520235,83.30163154249526,5687200
2021-08-13,84.48884582519531,85.38627022334964,84.08687381155477,84.71320727380524,6640400
2021-08-16,84.90016174316406,84.91885496311961,83.70359596736006,84.00273741131106,7122800
2021-08-17,85.02169799804688,85.79759868398001,84.47950895451969,85.059091575548,6738500
2021-08-18,83.1427230834961,85.11518982103685,83.06793592470402,84.59168684158837,7666300
2021-08-19,82.92770385742188,83.56338038219421,82.47899521175631,82.53508200944067,8099400
2021-08-20,83.1427230834961,83.57273854840648,82.54444007735155,83.01184912165797,8716400
2021-08-23,83.31099700927734,83.73166232855245,82.92771814016739,83.65687516402906,7147300
2021-08-24,82.77812957763672,83.80642786208483,82.70334243241638,83.3951056954677,6320100
2021-08-25,82.84356689453125,83.10531477180676,82.31072096376475,82.77812992521238,5748500
2021-08-26,82.93704223632812,83.36705759895955,82.69398759411234,83.02117242088687,9093200
2021-08-27,83.5260009765625,83.68491835169209,82.83423753674812,83.00250509044314,5426800
2021-08-30,83.61946868896484,84.11492822846785,83.47925169222343,83.62881886611275,5357000
2021-08-31,83.32032012939453,83.66620533352302,82.72203722048218,83.61946158385071,8113300
2021-09-01,84.08688354492188,84.29254466390611,83.077285437693,83.44186391876653,8208000
2021-09-02,83.9466323852539,84.60100192298118,83.58205405250685,84.29251037001274,7717400
2021-09-03,84.13361358642578,84.58232933034176,83.47924388914706,83.51663033005316,8456900
2021-09-07,82.93704223632812,84.75993422271071,82.76877473511632,84.17100153451656,11046000
2021-09-08,83.63815307617188,83.75967682751322,82.23592631968863,82.39484364038749,8851200
2021-09-09,83.70361328125,84.90952948251993,83.58208949616552,83.75970008481266,11034700
2021-09-10,83.83447265625,84.64776682686771,83.67555531907827,83.80642925934849,10547400
2021-09-13,83.09597778320312,84.61038562618917,82.47900156486533,84.24580714896777,18883400
2021-09-14,80.7589111328125,81.28240683125654,79.20711725581309,80.57195042110934,22714200
2021-09-15,82.01158905029297,82.60052184264586,80.5532680711737,80.90850348772244,14951100
2021-09-16,81.5628662109375,82.23593627667871,80.5719614653157,81.95548803858821,12410500
2021-09-17,80.7589111328125,81.86199644888673,80.34758900855276,80.59064363944205,58069000
2021-09-20,80.55326843261719,81.71244793210988,79.3940960652201,79.48757644238032,13897700
2021-09-21,81.2543716430664,81.94614203683231,80.5065215886392,81.08610413270371,11124400
2021-09-22,82.6753158569336,83.19881171579593,81.5535298466764,81.90876529270112,9908000
2021-09-23,83.59141540527344,84.18969829427716,82.88095893214066,83.14270680456796,9720200
2021-09-24,84.07752990722656,84.1897034982894,83.14271194386258,83.45119645138045,7617800
2021-09-27,85.10582733154297,85.35822504083372,83.33902197022286,83.92795471329791,11533000
2021-09-28,84.59166717529297,86.25564184503926,84.18035216175319,84.73189128240409,15041800
2021-09-29,85.3021469116211,86.07804760345168,85.06844239953446,85.20866653320557,12007300
2021-09-30,81.45067596435547,85.61061963838982,81.44133292104802,85.3021280389846,15649900
2021-10-01,83.89053344726562,84.38598565787422,81.89002425796343,82.0395985045357,13320900
2021-10-04,83.44184875488281,84.53558399933894,83.16140052867088,83.64750983649228,10853900
2021-10-05,85.52649688720703,85.97521266566577,83.35771941086303,83.52598693627313,9788600
2021-10-06,85.3862533569336,85.53582762646136,83.80641614458553,84.52622270343014,10268300
2021-10-07,86.29302978515625,86.82587565173506,85.67605373905684,85.7321405254039,9124400
2021-10-08,88.5444107055664,89.13539212214364,86.40561263768134,86.65888834281306,13202300
2021-10-11,89.38870239257812,90.80519027452617,88.36620224248624,88.450632274688,12959300
2021-10-12,89.65132904052734,90.54249247326061,89.36052969746996,89.89522918849082,9964100
2021-10-13,90.42991638183594,90.98337404424807,90.00778074197075,90.14849262192581,9453900
2021-10-14,89.37930297851562,91.32110747326264,88.52566305241037,90.80517329901824,7911200
2021-10-15,89.42620086669922,90.0922296039665,88.86336038588652,89.20105894885013,7422800
2021-10-18,90.53311157226562,90.66444076180599,89.21042981873234,89.58565914180657,7344100
2021-10-19,91.04904174804688,91.25541822478569,90.3548721819376,90.9927598569013,5616500
2021-10-20,90.65508270263672,91.90271749930908,90.28923598134273,91.24606421621026,6574100
2021-10-21,90.33612060546875,90.83329643236443,89.78265572636869,90.58939629122351,6224400
2021-10-22,92.16536712646484,92.18412537531485,90.2610863859033,90.32675099223627,6819600
2021-10-25,91.82766723632812,92.82201909748628,91.50872688724185,92.34360857385686,5083100
2021-10-26,90.9740219116211,92.45616691210164,90.93649825684994,92.21227389144725,7089700
2021-10-27,90.08283996582031,91.27419259610558,90.05469901748206,90.81453325023264,5941200
2021-10-28,90.27046966552734,91.64942640733007,89.98904583264209,90.66445730604241,5177200
2021-10-29,89.9984130859375,90.96462377239007,89.54813646199923,89.85770119365029,7578600
2021-11-01,88.53502655029297,90.08284317619801,88.09413974910728,90.05470222685688,7327600
2021-11-02,89.93275451660156,89.97965371257045,87.70952650882275,87.92528571237446,6229600
2021-11-03,90.19541931152344,90.87083076212699,88.88212006389489,90.5237423342043,5746400
2021-11-04,89.7076187133789,90.62693033114107,89.41681934511465,90.27046635852987,5857500
2021-11-05,89.06973266601562,90.57065020666404,88.27237469561193,90.24232002158142,6160200
2021-11-08,89.24796295166016,89.35115120539463,88.46936327599273,89.35115120539463,5056400
2021-11-09,88.7320327758789,89.68886812887158,88.23485684949706,89.21983315577086,6102600
2021-11-10,88.01909637451172,88.97592447933678,87.57820239674442,88.27237208679026,5828800
2021-11-11,88.2160873413086,88.89149876148126,87.99095258688597,88.28175194288623,3620600
2021-11-12,87.74705505371094,88.61946030472137,87.64386679715771,88.45060744462565,6435300
2021-11-15,88.19730377197266,88.41306293666459,87.16542860674504,88.00969270807794,5700900
2021-11-16,89.68885040283203,90.40178542497476,88.1973157615666,88.30988670934839,7392900
2021-11-17,89.42620086669922,90.18603515795111,88.94778323740118,89.82957119004757,6257600
2021-11-18,88.79769897460938,89.42620408149604,87.70953446993522,89.25735121549161,5725300
2021-11-19,88.15042877197266,90.95525574116182,88.12228782035722,88.93840404482634,8936600
2021-11-22,88.75080108642578,89.74515297172275,87.62511997691622,87.92530208324584,6488200
2021-11-23,87.18421173095703,88.45060456194975,86.54632396437411,88.32865806131801,8905500
2021-11-24,87.78459167480469,87.89715549356046,86.4431512983519,86.51819861545981,10908500
2021-11-26,86.61199188232422,88.25361413715112,86.36809171481653,87.13730871365921,4519300
2021-11-29,87.18421173095703,88.30050995479857,87.11854712955459,87.39996378260587,9552500
2021-11-30,85.12045288085938,87.72828581752367,84.99850638157889,87.25925091073067,23271200
2021-12-01,84.19176483154297,86.66826853927219,84.10734198457486,86.01162253983817,12084900
2021-12-02,84.41690063476562,85.40187680312407,83.48821352199363,83.86344287931611,7089800
2021-12-03,82.7752914428711,85.16737270873125,82.2874982116701,84.75461963524175,10808600
2021-12-06,83.43194580078125,83.64769788699344,82.40944580724815,82.86909809070127,8398500
2021-12-07,84.47319030761719,85.11107807265519,83.68520793579152,84.40752570637378,6803700
2021-12-08,83.43194580078125,84.58576786125217,82.46573487239971,84.47320404476092,7695800
2021-12-09,83.2724609375,84.41690734773469,82.77528504119597,83.60079112433198,8615800
2021-12-10,96.27409362792969,99.75433146069605,93.90077836070684,97.83129281204349,45824600
2021-12-13,94.64187622070312,97.89698007640965,94.29478776441229,96.09588749886383,16317600
2021-12-14,93.70379638671875,95.17656575932789,93.23476146350687,93.80698464237777,9511600
2021-12-15,97.2309341430664,97.33412239143435,94.03211275746914,94.35106020430761,14452200
2021-12-16,96.82757568359375,97.55926905641198,95.94578769229724,97.51236269891119,9053200
2021-12-17,90.63630676269531,93.76007376124618,89.87646535707626,91.64004116363962,28872300
2021-12-20,85.96470642089844,90.44867842538675,85.85213548082496,90.44867842538675,17205400
2021-12-21,85.84275817871094,86.15231573299138,84.15422989671005,86.12417478777532,15823000
2021-12-22,84.29496002197266,86.17109978269868,83.96663699522664,85.61763483169379,10539000
2021-12-23,84.16362762451172,84.7639917526595,83.54449809160029,84.45442698620379,9655400
2021-12-27,83.99478912353516,84.73586528646393,83.50698871296893,84.14487660277433,7666200
2021-12-28,83.15989685058594,84.23867865119526,83.03794318494946,84.1448659370425,5610500
2021-12-29,82.74716186523438,83.66647370341953,82.28750952459521,83.01920305044318,5628500
2021-12-30,82.55953979492188,83.40380419655517,82.33439784988241,83.15990400121537,7382400
2021-12-31,81.8090591430664,82.64394061846372,81.78091819666713,82.59704142676622,5908200
2022-01-03,82.45633697509766,82.4938606259825,80.44886817263804,81.92163747457158,10644400
2022-01-04,83.33811950683594,84.03229632771811,82.2968685893222,82.45633874132022,11959000
2022-01-05,81.10552215576172,83.11299115585818,80.88038738519252,83.00980289499203,11236700
2022-01-06,81.29383087158203,82.31071169065416,80.55000896613238,80.97370571566623,7918400
2022-01-07,82.39545440673828,82.85681420171086,81.23733895659137,81.39740153271562,9836800
2022-01-10,84.06200408935547,84.15615812447454,81.86817987196822,82.27304868812341,11025500
2022-01-11,83.30876922607422,83.79837454582987,82.30130590932362,83.45941425388641,7249800
2022-01-12,83.14868927001953,84.28796954035438,82.54609486560261,83.69479269386359,5840300
2022-01-13,82.65908813476562,83.7230423617646,82.43311701770675,83.54415185319363,6044300
2022-01-14,82.56494903564453,82.95098279780045,81.5951486667114,82.36722337451683,6054800
2022-01-18,80.55001068115234,81.88701668460698,80.35227786476797,81.79286264753839,6824700
2022-01-19,78.50682067871094,81.6233713179393,78.36559323421474,80.75713561857701,10501800
2022-01-20,77.88539123535156,80.03213439687386,77.69707602079377,79.01525378873458,10836900
2022-01-21,77.41462707519531,78.51624432869586,77.235729386963,78.48799883760489,11609000
2022-01-24,77.60292053222656,77.60292053222656,74.9383195606126,76.47305800029022,16770400
2022-01-25,76.33182525634766,77.30162527030473,75.51267023137383,76.57663144487276,13469900
2022-01-26,74.9383316040039,77.23572726278006,74.64645195943517,77.1227453015235,13971300
2022-01-27,75.11724853515625,76.40718133013587,74.57114497084426,75.42796337521243,10331900
2022-01-28,75.77632904052734,75.79515697469114,73.97795602944889,75.31496204334931,7854700
2022-01-31,76.41657257080078,76.8685147429558,75.43735495314316,75.78572554761864,10594200
2022-02-01,76.30358123779297,76.64254144888982,74.99482099408225,76.64254144888982,8016900
2022-02-02,77.67825317382812,78.0360413296628,76.11526911643645,76.41657347944424,9287600
2022-02-03,77.1509780883789,77.92305249163633,76.85909130837948,76.85909130837948,8207200
2022-02-04,77.3110580444336,78.06430468808756,76.70846360290737,77.23573194336973,5570200
2022-02-07,76.0211181640625,77.44286765456965,75.94579925376097,77.33929607147691,6292200
2022-02-08,76.06819915771484,76.13410769424816,75.13606208860313,75.59742184433635,6585300
2022-02-09,78.57273864746094,78.76105390188441,76.8779444586044,76.97209849406991,8755900
2022-02-10,77.06625366210938,78.88345458892006,76.84970009570546,77.91365436073735,6336300
2022-02-11,75.08898162841797,77.61234832032392,74.881838460774,77.0568273540522,7670500
2022-02-14,74.33574676513672,75.07016552527524,73.85555900101787,74.92893087203734,5389800
2022-02-15,75.10780334472656,75.25845552090654,74.58053509507894,74.75001520153585,5712800
2022-02-16,74.56171417236328,75.11722796138092,73.64840502303696,74.82534832196431,6227000
2022-02-17,71.11561584472656,74.36398343602875,70.9273078032705,74.15684028033226,9247100
2022-02-18,70.21173858642578,71.30394556264457,69.93868684237108,71.08738480581057,7790100
2022-02-22,69.78803253173828,70.53186155966513,69.31725521154345,69.50556326622466,8039000
2022-02-23,68.23445892333984,70.03282436618174,68.12146979205222,69.74094475638593,6807100
2022-02-24,70.43769836425781,70.56010506149444,66.12538369222601,66.79388660604864,11240500
2022-02-25,71.88770294189453,72.33965237770298,69.97634796959593,70.28706275774594,8291800
2022-02-28,71.52989959716797,72.21723038903586,70.63541847352299,71.15327634423804,9234400
2022-03-01,71.56758117675781,72.02894100975601,71.20037538550515,71.53933568258344,8752100
2022-03-02,73.70489501953125,74.25099842698721,71.79354027692715,71.981848328847,8527200
2022-03-03,73.67665100097656,74.4204800328457,72.90457647910473,74.34515393717726,8203000
2022-03-04,72.0195083618164,73.3565213350617,71.35100546693947,73.13054306202531,8841300
2022-03-07,69.97633361816406,71.92535124234746,69.14776820318691,71.83119722438273,11110100
2022-03-08,69.0442123413086,70.83316782372941,68.83706914455033,69.5244000972561,9134100
2022-03-09,71.65230560302734,72.45262559844157,70.32471731576219,70.54127085699022,8959500
2022-03-10,72.17015838623047,72.35846642463969,70.64483741454751,70.71074594633986,13812600
2022-03-11,73.27178955078125,75.23022513325292,69.67505073272874,72.21724565633667,22795800
2022-03-14,72.56562805175781,74.00620574447521,71.03089631586475,73.36594819399048,13306200
2022-03-15,75.8893051147461,76.77436880500646,72.56561827245967,73.48834501161325,16847200
2022-03-16,75.28671264648438,76.48249113341961,73.20587762989173,76.26593039255602,14071300
2022-03-17,75.8893051147461,76.53898013704291,74.62762530253772,75.11723057116538,10462400
2022-03-18,76.90619659423828,77.19807628444238,74.23217721837635,74.9760063747448,24176000
2022-03-21,76.22826385498047,77.18865362392344,75.57858884560682,76.52956105664079,8131300
2022-03-22,77.0191879272461,77.42405679127477,76.1058785932633,76.69905554979648,9292300
2022-03-23,75.69157409667969,76.65196381622295,75.53151153791967,76.50131163139594,7451100
2022-03-24,77.4334716796875,77.97957523666395,75.78575063202985,75.93640286160695,7025700
2022-03-25,76.95326232910156,77.99838134951821,76.48248501863806,77.2451419628716,5682300
2022-03-28,78.71395874023438,78.81753031514647,76.9626667070731,76.9626667070731,6626700
2022-03-29,79.36363983154297,79.57078299743141,78.2526050919072,79.55194788226427,5762000
2022-03-30,78.48800659179688,79.42956136647439,78.26203545725227,79.05293801990481,5533100
2022-03-31,77.8947982788086,79.00583275252951,77.76297405466447,78.25258636294281,9433300
2022-04-01,77.21688842773438,78.48798559684136,76.7084481233934,78.18668843687902,6147500
2022-04-04,79.156494140625,79.3730548571889,77.20747642551567,77.44286507315444,7882400
2022-04-05,78.09254455566406,79.58019543532257,77.83832077875653,78.52565883034863,5143400
2022-04-06,77.32046508789062,77.65000775586407,76.61429914930837,77.13214986084051,5492400
2022-04-07,77.07470703125,77.51897004306369,76.35632413530459,76.80058714711828,7112200
2022-04-08,76.50758361816406,77.34884505465753,75.86482134191783,77.23541387240398,6182500
2022-04-11,75.39219665527344,76.68716830178055,75.33547746254546,76.21454922808428,5738400
2022-04-12,74.98573303222656,76.55482437813124,74.69270434536733,75.57177598275763,6174700
2022-04-13,75.38272857666016,75.58122768620434,74.32405944749767,74.9195639877237,4728600
2022-04-14,75.09915924072266,75.95932931693943,74.97628089194622,75.4583543106127,5590400
2022-04-18,73.9365234375,75.60014447003218,73.64350194173367,74.8155951363932,4955900
2022-04-19,75.20313262939453,75.41108614230133,73.95541876354734,73.96487316275045,5412400
2022-04-20,75.89315032958984,77.37717351427088,75.42053138909789,75.42053138909789,9472600
2022-04-21,75.12753295898438,77.13143326487805,74.9857457911007,77.02745648920302,5616100
2022-04-22,72.03657531738281,75.33545337788868,71.98931775207824,74.92900081598852,9357100
2022-04-25,72.76441955566406,72.84003310980528,70.60927100179379,72.02712790714381,7305900
2022-04-26,70.4296875,72.4524963034082,70.40133151300918,72.16892201031237,7555200
2022-04-27,70.66600036621094,71.85699514600297,70.34461567131882,70.49585722458433,7279200
2022-04-28,71.97042083740234,72.43358543876319,70.5147534501032,71.38437068046052,6177900
2022-04-29,69.38048553466797,71.715225049669,69.1441759839447,71.21424274439575,7946900
2022-05-02,69.94762420654297,70.51476566319596,68.55812295020647,69.88145782346004,7379900
2022-05-03,69.2764892578125,70.14610642894074,68.82277187501903,69.80582019474393,5211500
2022-05-04,71.09135437011719,71.22368712297255,68.80387997179554,69.36156697145823,6759900
2022-05-05,68.8133316040039,70.62818689439148,68.04768389431393,69.94761435759767,7197200
2022-05-06,68.52029418945312,68.94565557660913,67.70738900858747,68.1800079643655,6222500
2022-05-09,67.62234497070312,68.61484080184727,67.27260422357871,67.71686735296511,7019700
2022-05-10,68.55811309814453,69.58842629991302,67.36711116220835,68.52975711112597,8129000
2022-05-11,67.14026641845703,69.43719547224138,66.98903206048176,68.35017012863901,6932100
2022-05-12,66.85668182373047,67.04572652470226,65.19306105112504,66.99846174366277,11698900
2022-05-13,67.27259063720703,68.0382383655686,66.66763885899175,67.07409151106708,6700100
2022-05-16,65.89252471923828,67.02681438117487,65.59004891837358,66.8188609159069,6942100
2022-05-17,67.94371032714844,67.96261912716689,66.82832910866908,67.15916820464399,5952500
2022-05-18,64.55975341796875,67.05518097292996,64.09658164053633,66.922848239833,7977300
2022-05-19,63.36875915527344,64.18166444773345,63.066283270515804,63.78466620116292,9451600
2022-05-20,64.8716812133789,64.92840039714852,63.189158730617194,64.16275271480445,7531100
2022-05-23,66.2044677734375,66.61092038586554,64.90948916835437,65.51444088755981,7370200
2022-05-24,65.2497787475586,66.66763576410386,64.56920622576186,65.85473049769041,6644100
2022-05-25,66.00598907470703,66.37463141721416,65.00403162056342,65.10800840553678,7103300
2022-05-26,67.73577117919922,68.17057987493135,66.08160437057714,66.28955071163556,6758900
2022-05-27,68.7944107055664,68.86057706769571,67.63177216935246,68.39741253279055,6566700
2022-05-31,67.98151397705078,68.98347114247917,67.6034173416963,68.27454265553709,16890300
2022-06-01,67.67903900146484,69.25758472237399,67.25368478834108,69.02127522361776,5804700
2022-06-02,69.13469696044922,69.18196173839866,67.12134290151438,67.56560585250574,6200400
2022-06-03,67.858642578125,68.96456940011991,67.32931156142882,68.58647272608225,8169500
2022-06-06,68.9739990234375,70.741588981352,68.65261444189473,68.65261444189473,5274700
2022-06-07,68.70935821533203,69.12525806587571,67.66959055998726,67.66959055998726,5675700
2022-06-08,67.47109985351562,68.19893730313612,67.0551999510419,68.06660453258606,5253500
2022-06-09,65.42936706542969,67.26313085635887,65.41045826937882,66.89448144929379,6824900
2022-06-10,63.46329116821289,64.48415013886391,63.29314800643772,64.25729499369537,10256100
2022-06-13,60.542503356933594,62.48023714033146,60.26837983598759,62.17776123595941,16547200
2022-06-14,66.84723663330078,68.46359284751713,65.2403276073192,68.05714019400583,29661300
2022-06-15,65.88308715820312,67.50889770766338,64.90949315073638,66.59201567372867,11765500
2022-06-16,64.94732666015625,65.18363624946474,63.87920991265652,64.74882747052867,10686000
2022-06-17,64.01150512695312,65.57114894309926,63.69957492140547,64.9850989094878,16445600
2022-06-21,63.97372055053711,65.72240974776946,63.69960061191874,64.8527923496943,10047700
2022-06-22,62.886680603027344,63.86972895116554,62.7448934660817,63.26477723101793,8219900
2022-06-23,63.92644500732422,64.15330732557506,62.678731103319876,62.81106384983596,8775800
2022-06-24,66.82833862304688,66.9039594106984,64.24784234589693,64.58812867873355,20132600
2022-06-27,66.55420684814453,66.97010663805601,65.16470592183866,65.5711585246928,8840600
2022-06-28,64.82440948486328,67.17804956692493,64.77714471064198,66.70543067108007,7252100
2022-06-29,65.41991424560547,66.25172100209316,65.0134616598187,65.24977113500653,8077900
2022-06-30,66.04377746582031,66.40296528685681,64.47467902381172,64.47467902381172,9888600
2022-07-01,66.98902130126953,67.09299806075046,65.98706409278012,66.02487447909988,7805600
2022-07-05,68.04767608642578,68.05713048490584,66.33679775277889,66.52584245282196,9040400
2022-07-06,67.73577117919922,68.75662292885096,67.40493204819883,68.35962462556445,6043700
2022-07-07,67.89645385742188,68.03824101349538,67.28204765549957,67.89645385742188,7814500
2022-07-08,67.93426513671875,68.28399861980954,67.42383569512185,67.76412198951978,4927300
2022-07-11,67.95323944091797,68.33302705557053,67.31709935158652,67.4120444442881,4543300
2022-07-12,66.85186004638672,68.30454090059523,66.529038054426,67.9817189086345,7140800
2022-07-13,66.4910659790039,66.96579871595964,65.20928903799278,65.56059387112482,6454800
2022-07-14,65.94036865234375,66.06380378950654,64.7820269576085,65.66503006293311,4915500
2022-07-15,67.16519927978516,67.28863445260298,66.46259671422654,66.709459816014,5134100
2022-07-18,66.66197204589844,68.08617029932017,66.60500643379258,67.64941703753247,4642300
2022-07-19,68.58938598632812,68.64635884238872,66.70944834480768,67.07024262857249,7160300
2022-07-20,68.92170715332031,69.40593665675254,68.5134438832642,68.88373490240416,5655700
2022-07-21,70.7731704711914,70.85861890270584,68.4849547759977,68.50394814556628,7005100
2022-07-22,71.1149673461914,71.48525831140988,70.50731000614842,71.0390083677243,6659800
2022-07-25,71.07698822021484,71.61818326782675,70.5832621015023,71.30485791293383,5721600
2022-07-26,70.28893280029297,71.49475809321538,69.98510411710375,71.02002532299177,7284400
2022-07-27,72.03592681884766,72.27329311715748,70.56425287178897,70.62121846535307,6677200
2022-07-28,73.14681243896484,73.37468209782104,71.50423417358873,71.81755948191966,5688100
2022-07-29,73.90638732910156,74.21022322792659,73.10883982622543,73.11833650902535,5926600
2022-08-01,73.526611328125,73.87790893036014,72.8240016359608,73.2797482675309,5227500
2022-08-02,72.49168395996094,73.3557009762599,72.21633811665181,73.09934125421339,6403400
2022-08-03,73.46014404296875,73.83043498678688,72.44421630718756,72.84299005532301,6127800
2022-08-04,73.4886245727539,73.91588111198276,73.21327873313118,73.53609349719808,3656200
2022-08-05,73.44114685058594,73.48862301787186,72.15937001617313,72.41572248551725,4858100
2022-08-08,72.60562896728516,73.51711499086959,72.41573151830069,73.03288555076794,4733500
2022-08-09,72.89045715332031,73.023388976545,72.00745402239451,72.35875883580673,4243700
2022-08-10,73.62155151367188,74.03931862772468,73.29872949540022,73.66902043963921,5258500
2022-08-11,73.2607650756836,74.0583126580311,73.18480609340843,74.0108364831473,5554600
2022-08-12,75.15019989013672,75.40655240188585,73.73549824592328,74.05831305655902,6692300
2022-08-15,75.1122055053711,75.40653745010135,74.533031053979,74.85584580060628,3733500
2022-08-16,75.50150299072266,75.63443484199577,74.86536276320902,74.9128389417957,6185100
2022-08-17,75.24516296386719,75.73888198151003,74.96032033271041,75.00779651918621,5185100
2022-08-18,75.31161499023438,75.84331343565223,75.01728295707063,75.27363549501194,4120500
2022-08-19,74.68495178222656,75.13119443504436,74.47606823537569,75.03624934388837,4679000
2022-08-22,72.59612274169922,73.99183802192975,72.32077690974899,73.99183802192975,5757700
2022-08-23,72.54867553710938,73.11835349203083,72.39675755241127,72.39675755241127,4432300
2022-08-24,72.3207778930664,72.6910688201403,72.20684668094898,72.60562041105224,3876400
2022-08-25,73.00440216064453,73.0233955273146,72.14039231717652,72.48219323492155,3523400
2022-08-26,70.8775863647461,73.35569138672794,70.8016274019328,73.08984226072681,4904100
2022-08-29,70.44084930419922,71.076989464594,70.32691083392149,70.36489032401407,4295500
2022-08-30,70.39338684082031,70.89660250582362,69.74774987119285,70.65923607939953,5099100
2022-08-31,70.40286254882812,71.35232797162055,70.29842077281324,70.69719451186296,8612900
2022-09-01,71.49476623535156,71.561228540998,69.81420798081622,70.37439648027734,8139800
2022-09-02,70.90606689453125,72.89044583853519,70.71617673742342,71.91249776612405,11027700
2022-09-06,70.09904479980469,71.3903185550316,69.8331955991134,70.92507520997441,7090100
2022-09-07,70.72566986083984,70.89657390868256,69.70974225528752,69.95660526747044,5792600
2022-09-08,70.8775863647461,71.02000760905968,69.89014157970948,70.28891526871118,6897100
2022-09-09,72.07392120361328,72.16886629380676,70.67820592184658,70.87759278440667,7762400
2022-09-12,73.18479919433594,73.46963448524575,72.41572724803235,72.75753539220138,15628900
2022-09-13,72.19733428955078,75.39703460415197,71.95047131059998,72.2163204061572,29476500
2022-09-14,68.47545623779297,72.0359519548275,68.14313750912542,71.95999297434079,21601400
2022-09-15,66.69046783447266,68.44697790686028,66.22523167606528,67.88679662851136,12478100
2022-09-16,65.35171508789062,66.27269782396395,64.80102333421934,66.06381424540952,23412000
2022-09-19,65.5795669555664,65.63653255464493,64.47819099159177,64.7535295497015,8364000
2022-09-20,64.6680908203125,65.0004022710335,64.04144016137033,64.82000152185081,8624300
2022-09-21,63.37681579589844,65.39917450115148,63.36731911356969,65.23776712079362,6768200
2022-09-22,62.693199157714844,63.55721614813709,62.512798413814345,63.471760495398804,7190700
2022-09-23,61.28799819946289,62.133021877410044,60.6423577764719,62.04756621940653,9282500
2022-09-26,60.24357986450195,61.63929152824476,60.18661063707291,61.07911042384613,6897800
2022-09-27,59.265628814697266,61.14557350303694,58.90483456874552,60.917703834217214,9284800
2022-09-28,59.882789611816406,60.14863879642606,59.104228180953704,59.455529406605535,8549900
2022-09-29,58.297176361083984,59.43653193088722,57.70850521183955,59.14219997818803,8882100
2022-09-30,57.98385238647461,58.99978008695434,57.97435932600644,58.16424951075461,9794400
2022-10-03,59.89228439331055,60.044198725681014,57.73699731273226,57.90790138938945,9661400
2022-10-04,62.37039566040039,62.503320260797175,60.575902689272674,60.575902689272674,9892600
2022-10-05,63.272396087646484,63.79460514015197,61.696286732186756,62.03808773291462,9201600
2022-10-06,62.00010299682617,63.43379075445561,61.92414401468962,62.97805134933076,6992000
2022-10-07,60.0916748046875,61.35446570949485,59.569469482864534,61.23103055341993,7137900
2022-10-10,59.408050537109375,60.67084127355045,58.88584528491137,60.395495434818066,6407200
2022-10-11,59.56074905395508,60.219246652953096,58.83544750899532,59.026313845719145,7376900
2022-10-12,60.86820602416992,61.34537917554295,59.33170789426202,59.76116445860619,9008600
2022-10-13,62.2233772277832,62.71009589028307,59.42714585605703,59.62755770977236,10147100
2022-10-14,61.37400436401367,63.569003628431545,61.27857119623115,62.719636057324344,8044500
2022-10-17,63.96029281616211,64.48518625099119,62.862800276022604,62.87233849768478,11368300
2022-10-18,63.969825744628906,65.44906529304458,63.301786305328555,64.89554273986212,6688600
2022-10-19,63.273155212402344,64.12252273771313,62.776891116956556,63.45447603708743,5506000
2022-10-20,66.08847045898438,66.72788062787846,64.1225197326782,64.44699392665433,17600500
2022-10-21,69.3809814453125,69.46687640881107,67.1000940963686,67.78722468001594,15652600
2022-10-24,69.59093475341797,70.32578552728295,68.50298048660414,69.6004802557121,11489400
2022-10-25,69.80088806152344,70.72660514097178,69.29508568559832,70.09673308568692,9137700
2022-10-26,71.40416717529297,72.26308002846052,69.23780496665907,69.29506339650953,10693600
2022-10-27,71.7191390991211,72.41580794891625,71.14653266996577,71.33739905265561,7053000
2022-10-28,73.82823181152344,74.13362234232365,71.86228072456493,71.86228072456493,8758100
2022-10-31,74.50582122802734,74.75395332430782,72.9120645287453,73.00749771005779,12349000
2022-11-01,73.58963775634766,75.6128543680525,72.85478708804624,75.01161158833608,7753000
2022-11-02,71.69048309326172,73.8950202985985,71.58550443766634,73.15063149061896,7524300
2022-11-03,71.6045913696289,72.23446333146666,70.66933620827896,71.30874638935666,6761200
2022-11-04,72.53033447265625,73.16974488436244,70.85068258300645,72.47307601223062,7219000
2022-11-07,73.23652648925781,73.57054620824026,72.04359372068926,72.63529099508942,5394300
2022-11-08,72.18675994873047,73.61827952563192,71.59506256908723,73.43695138261052,9104200
2022-11-09,72.20584106445312,73.04566314668855,71.57596904196349,71.93861799725249,6013700
2022-11-10,73.64688110351562,74.88753385016223,73.20788280513914,74.1526833324911,10437300
2022-11-11,74.19087982177734,74.33403322395607,73.0742963907354,73.60872799237917,7712900
2022-11-14,74.9448013305664,75.9086929722303,73.79958887314552,73.94274225059395,7153000
2022-11-15,75.56513214111328,76.99665143607167,74.44854883850581,75.32654559195355,7618500
2022-11-16,76.24272918701172,76.56721073161404,75.25975361318714,75.5078857024613,6011900
2022-11-17,75.58422088623047,75.9468771249563,74.62033640592607,75.55559166340142,5717300
2022-11-18,76.09002685546875,76.78669551436947,75.25019752714948,76.3476971296043,6107000
2022-11-21,76.17591857910156,76.44313436832124,75.2979217627843,75.93733201285768,5235400
2022-11-22,78.37092590332031,78.45681358101757,76.18547185964276,76.24273031144094,8796200
2022-11-23,78.79082489013672,79.13439012619939,78.0464359723623,78.37091748690334,6347900
2022-11-25,78.94352722167969,79.67837067012613,78.77174459617365,79.06758961967898,2754900
2022-11-28,77.67423248291016,78.38999209464437,77.36884200648022,78.36136287514833,5112200
2022-11-29,77.15888214111328,77.77920857368443,76.84394617488874,77.61697148117472,4928200
2022-11-30,79.23937225341797,79.38252565486862,76.34770412466962,76.79624805137556,9610300
2022-12-01,80.27006530761719,80.67088899333442,78.59041383464623,79.25846059192583,6127200
2022-12-02,79.54476165771484,79.80243923291167,78.8099182195476,79.40160825828154,4798900
2022-12-05,75.80372619628906,78.65721956808633,75.78464247414344,78.6476813475557,9102900
2022-12-06,75.30746459960938,76.17591588384578,74.49626447821473,75.72737199020419,7656100
2022-12-07,75.18338775634766,75.81325970376915,74.99252144075017,75.07840909844407,5105500
2022-12-08,76.41450500488281,76.54811289924706,74.94481088579197,75.51741718750789,5918700
2022-12-09,76.21409606933594,76.6912692191409,75.90870554470413,76.01368422014798,6850800
2022-12-12,77.56925964355469,77.6933293121234,76.29043920290125,76.64354264462122,15807600
2022-12-13,76.88212585449219,81.6729477507406,76.06138755802068,81.06216677863394,22812200
2022-12-14,78.08460998535156,79.1057601829368,76.89167717129945,77.12071823289392,11183100
2022-12-15,76.41450500488281,77.33067654384512,75.83235320183111,77.10163547937559,8196800
2022-12-16,75.94688415527344,76.78670632069858,75.85145097664771,76.30953314648514,19200700
2022-12-19,76.82485961914062,77.39746581225927,76.04229612295914,76.27133714399005,7738800
2022-12-20,77.24479675292969,77.76968288258169,76.68172861404057,76.82488202434016,6390200
2022-12-21,77.77922821044922,78.39000929734509,77.24479657968655,77.63607480047068,5932400
2022-12-22,76.81533813476562,77.46429396480836,75.80373330129034,77.24479837468093,8181400
2022-12-23,77.15888214111328,77.20660235941993,76.33814389760371,76.83440795609384,4129100
2022-12-27,77.28295135498047,77.75057891116657,76.92984067234353,77.18751091891215,4290700
2022-12-28,76.6626205444336,77.91281154977953,76.52901267887368,77.3879183057352,3794000
2022-12-29,77.68379211425781,78.06553209950688,77.0157453198008,77.27342290430488,3867800
2022-12-30,78.0082778930664,78.1896060510911,77.07302243618109,77.42612596780515,5375700
2023-01-03,79.89788055419922,80.01239746055782,78.50453570518373,78.70494757239639,8997500
2023-01-04,80.62318420410156,81.28167824550988,79.82152947048999,80.35596110550775,7836200
2023-01-05,80.46092224121094,81.5011633394673,79.42068842403793,81.11942342009722,7643800
2023-01-06,81.7492904663086,82.3982388248293,79.9932898551705,80.87128652019808,8641600
2023-01-09,82.78385925292969,83.90462951208666,82.53480406759672,83.18618591390097,7519700
2023-01-10,82.8604965209961,82.96586883534688,81.96962615045801,82.03668059519158,5703300
2023-01-11,84.87213897705078,84.9296194368927,83.42567042886871,83.69389552189581,8359700
2023-01-12,85.04456329345703,85.4468899588448,84.46022857584732,84.9679275547966,6071100
2023-01-13,85.44688415527344,85.70552792858865,83.97168648238066,84.24947822648102,5090800
2023-01-17,84.87213897705078,85.67679963935907,84.70929350900278,85.43731843044618,6550400
2023-01-18,83.06165313720703,84.90086687976105,82.9562808313787,84.87213030696891,6397700
2023-01-19,82.32404327392578,83.32985972880654,81.67265424717144,82.76468771726184,5597000
2023-01-20,83.57894134521484,83.703468941988,81.90257289416468,82.41027188428376,5567300
2023-01-23,85.22657012939453,85.37983429614182,83.31072054054317,83.52146516465861,7390200
2023-01-24,85.92585754394531,86.30902895196513,84.29738819534448,85.30321222784818,7004600
2023-01-25,85.86837768554688,86.07912230892087,84.04831912086414,84.9679260432711,5896800
2023-01-26,86.05039978027344,86.6826264452057,85.34153005714768,86.10787293843435,7302800
2023-01-27,85.2457275390625,85.94501587215166,85.21699096385368,85.73427124277174,5676800
2023-01-30,83.67474365234375,84.89131244217646,83.3298900826579,84.74762223674277,6255300
2023-01-31,84.7380142211914,84.75717680701351,83.67471726800376,84.00041545151333,6200400
2023-02-01,86.26111602783203,86.83586934530759,84.49853090473738,84.6518023538695,6141300
2023-02-02,85.61932373046875,87.38190932211587,85.20741573690884,86.84547372432135,8269200
2023-02-03,85.8492202758789,86.46229154227599,84.55601599332365,84.74760533181397,5671800
2023-02-06,84.8050765991211,85.8396370788757,84.68054901315253,85.74384606594712,4097200
2023-02-07,84.04832458496094,84.3165423745519,82.66891776586642,84.17285949326148,9226000
2023-02-08,83.04251098632812,84.22075450738855,82.87008421393064,83.2724109133958,7624400
2023-02-09,83.00418090820312,84.20158684366945,82.69764528105918,83.47356198855789,4960300
2023-02-10,83.47357177734375,83.70347169756518,82.70722896542341,82.8892370276415,5318400
2023-02-13,85.65763092041016,85.68636749408151,83.53103676809793,83.60767250347888,5560900
2023-02-14,85.34151458740234,85.64805753106026,84.01958103061472,85.25530486578808,7484800
2023-02-15,84.62306213378906,85.4564592306033,84.3261078237406,85.11160576353433,4329900
2023-02-16,84.02915954589844,84.5560137690191,83.34903385601741,83.78009706660576,5942500
2023-02-17,83.60767364501953,83.75136382372418,82.87007477996859,83.53103790859224,6398400
2023-02-21,82.57310485839844,83.28197438677576,82.5252130092175,83.10954765127659,5260300
2023-02-22,82.68805694580078,83.5118727439192,82.36236606711384,83.03291041051943,5840100
2023-02-23,84.85298919677734,85.71512306643045,83.39693925949945,83.48315630065824,8637100
2023-02-24,84.92962646484375,85.1499451025786,83.47357650146839,83.6364219829919,7659200
2023-02-27,84.25906372070312,85.22656980574709,83.68431030790757,85.12119749408951,6748800
2023-02-28,83.72262573242188,84.30696042241489,83.51188111525903,84.00999877623725,7468000
2023-03-01,82.70720672607422,83.54060376181435,82.37193457665624,83.24364947352768,5119800
2023-03-02,83.31072235107422,83.60767670511609,82.25700651598358,82.43900726117714,5293600
2023-03-03,85.49478912353516,85.53310699286578,83.41609404395602,83.6459939515535,5498500
2023-03-06,85.96417999267578,86.85505045769115,85.39900779975414,85.64807032448617,7424800
2023-03-07,84.64224243164062,86.2898743838796,84.34528805945341,85.81091194699091,5382400
2023-03-08,84.76676940917969,85.34152286753078,84.44107846252254,84.68055967920105,5159200
2023-03-09,83.21492767333984,85.86837607923661,82.8892294501129,84.61349696511202,10572300
2023-03-10,80.5327377319336,81.66308928950798,79.39280488000057,80.85843596465142,16029300
2023-03-13,81.35655212402344,81.93130553222744,78.58815008543307,79.81429263850458,10299800
2023-03-14,81.00212860107422,82.31448836770697,79.91967607644166,82.31448836770697,8732200
2023-03-15,79.48861694335938,79.86220709565862,78.66480088742065,79.5844079783409,11463000
2023-03-16,81.25119018554688,81.52898928512566,78.62647799103934,79.43113140356793,10148100
2023-03-17,81.67266845703125,82.36237546516837,81.05001589088602,81.42360596889594,13065800
2023-03-20,83.3011474609375,83.8280090731822,81.66309677794067,81.69183335526547,9177300
2023-03-21,83.89505004882812,84.15368651159923,83.01376104660378,83.80883302231393,6683700
2023-03-22,84.20159149169922,85.40857878762448,83.7609469601298,83.85673797857771,7233700
2023-03-23,84.08663940429688,85.86838015149874,83.95253051436868,84.92003662746755,10747100
2023-03-24,84.30695343017578,84.75717920070366,83.82799108848832,84.2782168590162,5852100
2023-03-27,86.34734344482422,86.69219696770922,84.82424647573747,84.89130092138808,8170100
2023-03-28,86.06953430175781,87.0561955902496,85.71510683407762,86.4239690778236,6378900
2023-03-29,86.80714416503906,86.84546203234952,86.03122014167789,86.33775577177555,5233600
2023-03-30,86.70176696777344,87.34357476516247,85.9354242815517,87.0274578589671,5640700
2023-03-31,89.0103759765625,89.08701171915091,86.60598984704102,86.74967272891095,10476300
2023-04-03,89.96829223632812,90.04492797159317,88.21528816116638,88.49308722021273,8410900
2023-04-04,90.04493713378906,90.06409241536142,89.01995782258034,89.90124694264291,6651500
2023-04-05,90.89746856689453,91.10821315717979,89.54679862393397,89.68090748895459,7478800
2023-04-06,91.88414764404297,92.03741912437548,90.03535243575413,90.3610506772675,9146200
2023-04-10,90.19113159179688,91.48974387053029,89.9891258896819,91.07611105029771,8681500
2023-04-11,90.39315032958984,90.5470563128766,89.65245530936191,89.90256078856794,8196000
2023-04-12,90.32581329345703,91.6917609761081,90.03722948940805,90.78753857314621,8040300
2023-04-13,91.91300201416016,92.1053863084511,90.36428422644974,90.59514684739695,6240200
2023-04-14,92.0669174194336,92.3362583946468,91.07612425818878,91.86491168802368,6485100
2023-04-17,91.95148468017578,92.33626065661676,91.6821436983645,91.99958442935265,4772400
2023-04-18,92.79798126220703,93.05770079270454,92.12462155600801,92.3458700989425,7219400
2023-04-19,92.1631088256836,92.79799026693544,91.95148167859963,91.95148167859963,4766200
2023-04-20,91.22039794921875,92.49015324954271,90.99914942718964,92.34586137334891,5815500
2023-04-21,91.52822875976562,91.68213473189529,90.67210614888329,91.3935582820307,7335800
2023-04-24,91.80718994140625,92.42282849992274,91.35507876959153,91.71099045370825,4901700
2023-04-25,90.47970581054688,92.05728040289608,90.44122748646642,91.5185985437495,5768800
2023-04-26,90.14302825927734,91.20115646871716,89.78710927126103,90.18150658276477,6395500
2023-04-27,91.42240142822266,91.47049382646381,89.73901337100251,90.7201848951983,5615700
2023-04-28,91.11458587646484,91.7687026987144,90.65285333293994,90.68171024084965,8498500
2023-05-01,91.25887298583984,92.08613855130484,91.09533828458137,91.19153775790615,5459800
2023-05-02,91.19154357910156,91.6147904649929,90.2776998971071,91.31659262782107,5995100
2023-05-03,91.17230987548828,91.78794844295676,90.94144724743526,91.45127224808972,6744800
2023-05-04,91.3550796508789,91.49937154482735,90.81639774172803,91.36470106753963,5038200
2023-05-05,93.2789535522461,93.60600833424874,91.22041069202147,91.3839380830228,8068600
2023-05-08,93.10580444335938,93.57715112018818,92.76912824562453,93.38476681833703,5314800
2023-05-09,92.48052978515625,93.20198181115175,92.44205146309109,92.53824359875925,6333500
2023-05-10,93.8080062866211,93.96191958704885,92.59597207120792,93.10579703564221,5935300
2023-05-11,93.73106384277344,93.91382672668423,92.6729281722816,93.82725599309343,5144500
2023-05-12,94.12544250488281,94.19277773588212,93.24046308632349,93.89457990416946,4994700
2023-05-15,93.55791473388672,94.23126712293862,93.35590901717114,94.14469638962792,4443700
2023-05-16,94.5102310180664,95.08739126640911,93.23085411926304,93.47133816765508,6896500
2023-05-17,95.97237396240234,96.57839848125376,94.68338294330496,95.02005915433854,9436000
2023-05-18,98.44454956054688,98.55998454936876,95.93390276984171,95.97237376045804,10005700
2023-05-19,98.92550659179688,99.14675512750969,98.04052712692588,98.49263827543328,8560300
2023-05-22,97.896240234375,99.17561709454864,97.85776924610572,98.57922136949816,5890500
2023-05-23,94.78919219970703,97.56918717694734,94.7218569605659,97.22288956450994,10047300
2023-05-24,94.57756805419922,95.11624998435055,93.58677493024622,94.22164901378302,6815900
2023-05-25,100.3203125,100.67623148395928,95.01042134309841,95.42405414213609,16729600
2023-05-26,100.11832427978516,102.18648863588676,100.07022453283287,100.37804383195095,13994100
2023-05-30,101.14759826660156,101.94600711633802,100.22414034626432,100.90711420383694,10296700
2023-05-31,101.90751647949219,102.43657695029151,100.18564991734726,100.49346918695477,13713500
2023-06-01,101.95561218261719,102.55201524759246,100.79167030239958,100.8878624512045,7835900
2023-06-02,101.85941314697266,102.70591427380961,101.72474267995291,102.46543024856149,8652400
2023-06-05,102.8598403930664,103.50433589970325,101.51312821602563,101.85942584266444,7442000
2023-06-06,103.02336883544922,103.39852337828573,102.10953235192251,102.74440644788008,7023000
2023-06-07,101.24378204345703,104.24502554036856,100.84938469045352,103.06184082034856,9842500
2023-06-08,103.38890075683594,103.6870986152215,101.33997205789139,101.64779133270596,9526700
2023-06-09,105.66868591308594,105.95726969724167,103.32156666864857,103.60052169727783,12597100
2023-06-12,111.99822235107422,113.03711511837633,109.98777205107345,109.98777205107345,39081500
2023-06-13,112.23871612548828,119.27046740000917,111.6038347106826,118.62597190727548,39190900
2023-06-14,117.6159439086914,117.84681389639712,111.33450127160962,112.06557488802848,26264200
2023-06-15,121.73302459716797,122.68533934545059,117.02915733817827,117.30811236767266,27476700
2023-06-16,120.68450164794922,122.55066002149806,120.38630380685265,122.30055458177739,19514700
2023-06-20,117.39469909667969,120.48251353289163,117.3177424364585,119.71296160866197,16273000
2023-06-21,117.45240783691406,118.66444949645012,115.77864091402475,117.30811593999464,17583000
2023-06-22,115.9902572631836,117.92374354950941,115.49966779488163,116.98105027676141,12203400
2023-06-23,114.12411499023438,115.33615670822897,113.64314686996569,115.03795148314843,19734300
2023-06-26,112.33489990234375,114.88403211044786,112.2579432507127,113.49884173704996,8987000
2023-06-27,113.35456085205078,113.95096395159224,111.83470719926868,112.13290507954393,6970400
2023-06-28,112.09443664550781,114.10488734278636,111.95976614968914,112.3349207221828,9240500
2023-06-29,113.29684448242188,113.31608731626022,110.26674398407116,111.24792301808492,9234300
2023-06-30,114.55696868896484,117.0964867905615,114.49925487040247,115.2784207769551,13703100
2023-07-03,112.69082641601562,113.74895475993783,112.38300712798387,113.5180921286617,4284700
2023-07-05,111.5461196899414,112.55615562484047,111.01705918893913,112.0848016077592,8466500
2023-07-06,111.0555191040039,111.4018166849235,110.27635321642981,110.3052101250081,7982800
2023-07-07,110.24749755859375,111.56535266421032,110.13206258398097,110.46873875286401,7001600
2023-07-10,110.02627563476562,110.65153572190235,109.33368763655935,109.93008346881963,6931000
2023-07-11,110.8950424194336,111.01088251336489,109.49534293364184,110.2386299499821,6117100
2023-07-12,111.99549102783203,113.99368650238047,111.62867513214896,111.65763331276264,11011600
2023-07-13,113.3758773803711,114.46668451840301,112.70981719107874,113.02836451432935,9359600
2023-07-14,115.13275909423828,115.8084819136419,113.5979165480536,114.0805725484507,7723800
2023-07-17,114.76594543457031,115.8084841834001,114.1481463311333,114.72733207001222,6735900
2023-07-18,116.58071899414062,117.08268532392938,113.72339655411693,114.65975030817872,8903600
2023-07-19,114.57288360595703,117.15026487772597,114.3122452417692,116.6289955140964,7609000
2023-07-20,111.86033630371094,114.92038051402912,111.23288948303924,113.41448899607988,12913000
2023-07-21,113.56896209716797,115.1327628763885,112.17891041364187,112.44919660438387,9159600
2023-07-24,113.97438049316406,114.42807828345057,112.68086602827933,113.84889259223732,6200400
2023-07-25,113.8585433959961,114.39912310475628,112.7580883443978,113.88750894135043,6266300
2023-07-26,111.4935302734375,113.53999425963504,111.01087429822782,113.34692745070373,8160000
2023-07-27,112.36231994628906,113.5206914176415,111.62868075323453,113.47243023577043,7843000
2023-07-28,111.96653747558594,113.23110121104159,111.63833492873613,112.6326051162173,6910400
2023-07-31,113.16351318359375,113.17316099962808,111.81207509953539,112.39126074563325,6703100
2023-08-01,113.8199462890625,113.94543420308344,112.4395497758466,112.86428206585782,5246000
2023-08-02,111.69625854492188,112.92220899598352,110.35447535909616,112.86428526385487,6387800
2023-08-03,110.57649993896484,112.14030077008196,110.29655855647863,111.24256025546983,5193800
2023-08-04,110.47030639648438,112.36231701147351,110.29654994384528,111.33908129493389,5579300
2023-08-07,112.07272338867188,112.34300957431984,111.07845319228991,111.46457947096395,7347000
2023-08-08,111.23289489746094,111.59971077283531,110.25792780388605,111.04948327740104,4694800
2023-08-09,109.17678833007812,111.69625329932768,108.43350131284471,111.33908519950337,6542400
2023-08-10,109.07060241699219,111.09775617376376,108.57829859239153,109.83319979194242,6004100
2023-08-11,109.13817596435547,109.5436126149401,107.27512344829319,108.49141867055442,5288900
2023-08-14,111.56110382080078,111.79277663093718,109.22505062633195,109.25400880700577,6494200
2023-08-15,113.22144317626953,113.96473016142055,110.85642440311533,111.4452653009183,10412200
2023-08-16,111.33908081054688,113.72340259176468,111.27150926618931,113.09595569333557,5722000
2023-08-17,110.8950424194336,112.72913673390799,110.39308340855716,111.72521134740889,6183900
2023-08-18,112.42024230957031,112.93185652613161,109.99730696206188,110.52823154419903,9412800
2023-08-21,112.54572296142578,113.2793621462697,111.19429204822134,112.84497469056058,5811200
2023-08-22,112.4974594116211,113.5979144833454,111.71555906190802,113.4338132137321,4960300
2023-08-23,113.75235748291016,116.27182227997295,108.2211240933094,113.03802869682688,16517300
2023-08-24,108.9933853149414,115.57681309349536,108.51072929784875,115.52854454588756,11995900
2023-08-25,112.03411102294922,112.12099293467975,108.82927540145688,108.99338404255982,8758100
2023-08-28,112.78705596923828,113.6268801009369,111.6866008254933,112.33336549380547,4514800
2023-08-29,116.46488952636719,117.00546186761716,114.41842551846321,116.7544786957172,11920500
2023-08-30,116.91859436035156,117.51708309852894,115.98224052382034,116.53246807990878,5601800
2023-08-31,116.21391296386719,117.7487628982727,115.95328196015483,116.80275388253736,9109800
2023-09-01,116.73516082763672,117.46879988641719,115.9242950543015,116.81238754219147,6189900
2023-09-05,119.67938995361328,119.96897914675074,116.97651329585193,118.19280852831918,11089600
2023-09-06,120.01724243164062,120.25857043104564,118.47274470839776,118.79129207040535,8728500
2023-09-07,120.75086212158203,121.59068612648612,118.33758236987008,119.53457442933585,11864400
2023-09-08,121.93820190429688,122.29536996736577,120.03653623629377,120.47093102079576,10595500
2023-09-11,122.31466674804688,123.00003729525046,120.39369817970187,122.61391107245748,22155600
2023-09-12,105.80784606933594,109.36984961045182,103.57797776590353,108.19216782370098,68605700
2023-09-13,107.96048736572266,109.0223364262504,104.44675237837413,104.56259246627148,27171000
2023-09-14,109.71735382080078,111.1460113050501,108.0666639948611,109.5629003821007,19849700
2023-09-15,109.95867919921875,111.20392503679928,108.59758592060285,110.22896534581747,23215000
2023-09-18,108.31765747070312,110.49926462935736,107.70951356855552,109.48568409436531,11744100
2023-09-19,108.85823822021484,109.79459210068374,107.83500978906157,108.57830420262303,9536100
2023-09-20,108.95476531982422,110.72128063768231,108.5589838748136,108.89684159327028,8777100
2023-09-21,105.63410186767578,108.59760967716498,105.5375721320232,107.64195277413502,12645800
2023-09-22,105.24796295166016,106.76350245055956,104.74600396755318,106.17466155945094,11150000
2023-09-25,104.54328155517578,104.88113924670729,103.77102909046489,104.68807244815692,8410000
2023-09-26,101.24191284179688,103.67450303625488,100.69168533479373,103.42351987164511,13209000
2023-09-27,100.9909439086914,101.6280459978714,99.76499354665042,101.35775981671951,8916400
2023-09-28,102.46785736083984,102.90224476020367,99.68775443772677,100.42139352740884,7373600
2023-09-29,102.2458267211914,103.64553328607923,101.72455745199989,103.39455014948817,7299100
2023-10-02,103.00845336914062,103.02776373541047,101.63771195385603,102.1396710056691,5963500
2023-10-03,100.8944091796875,102.80573022147654,99.94840752350365,102.72850349226873,8783300
2023-10-04,103.3656234741211,103.57799331866896,100.87511643946394,101.31915913045175,8842700
2023-10-05,104.591552734375,104.67843464321838,102.50648266383232,103.2594248383268,7651500
2023-10-06,106.14570617675781,106.6959337197862,103.84826627801132,104.18612400359963,8247000
2023-10-09,106.49322509765625,107.1206794033191,105.67271132782628,106.90830957388738,6012400
2023-10-10,105.90437316894531,107.2075428287203,105.81749862850832,106.38702914402833,6910400
2023-10-11,106.2240982055664,106.63101107488933,105.43933661591562,106.09815109602248,5641700
2023-10-12,105.71060943603516,107.46421537432097,105.48777197936047,106.5244351560034,6598500
2023-10-13,104.87740325927734,106.09814923755904,104.43173573520218,105.78811933421562,5879400
2023-10-16,105.32306671142578,106.17564706473433,104.93552749930528,105.55558728201981,5488000
2023-10-17,105.64278411865234,106.36941734887738,103.56945789307925,104.22827231748443,5261800
2023-10-18,104.87740325927734,106.31129618205064,104.49955454556806,105.02273139340306,5123900
2023-10-19,104.964599609375,106.78603182700807,104.81927886153936,105.24556537468428,7989200
2023-10-20,98.67681121826172,103.70511655754053,97.52389128527392,103.65667137567932,21831400
2023-10-23,100.43040466308594,101.42831311912317,98.83181007419438,98.86087422080587,10722600
2023-10-24,99.98472595214844,101.20547180501225,99.30653791816587,100.7113591564277,6174000
2023-10-25,98.2698745727539,100.4400836672385,97.86296175348089,99.50030354294475,7081700
2023-10-26,97.27195739746094,99.19995525088461,96.75847116342753,98.52176727983945,7565600
2023-10-27,97.84358978271484,98.90931709967846,97.45605056062921,97.85328029598335,5207900
2023-10-30,98.4830322265625,99.21935602145774,97.67888962106481,97.98891952548976,5433700
2023-10-31,100.17851257324219,100.2947691707132,97.95016749356297,98.8318194467644,6258400
2023-11-01,102.45528411865234,102.891261094394,100.56604070151137,100.56604070151137,8602400
2023-11-02,103.5404052734375,103.87949934028725,102.28090457748553,103.1334850015215,5918300
2023-11-03,104.68363189697266,105.67184985257757,103.29818422153046,103.83104416334942,7280000
2023-11-06,105.71060943603516,105.80749239436052,104.09264111774405,104.69331989437893,6062800
2023-11-07,105.59435272216797,106.94104589320185,105.19713034817273,106.56319715552738,7412600
2023-11-08,108.83029174804688,109.0531218176709,105.7881209646965,105.82687562717373,10994900
2023-11-09,108.68495178222656,109.77974315918927,108.13271083750091,108.89809870680405,6853900
2023-11-10,109.54722595214844,109.65379941769704,107.67735613619863,108.59775527499602,5233900
2023-11-13,110.59358978271484,110.92299333083285,109.26627029317163,109.54723605628791,5740500
2023-11-14,112.48283386230469,112.83161843919277,110.88423911685035,111.28146887063252,6733700
2023-11-15,110.50638580322266,112.68628562243423,110.38043869690095,112.53127436786104,7386200
2023-11-16,111.0973892211914,112.2600069743765,109.93477885970272,110.21574463193004,7476100
2023-11-17,111.76588439941406,112.03715963375264,110.60327414033566,111.03925113956612,4791300
2023-11-20,113.27725982666016,113.5000972405534,111.91119337563603,112.04683096959036,5728300
2023-11-21,112.46345520019531,114.00391418618922,112.07591597745163,113.55824666712753,5995300
2023-11-22,112.61846923828125,113.63575879916952,111.91121697660894,113.06413676836013,4343700
2023-11-24,112.62815856933594,112.95756210875047,111.74650664026298,112.86067914961066,2168200
2023-11-27,112.84130859375,113.13195747910083,111.85308316514711,112.39564105618845,5165300
2023-11-28,112.61846923828125,113.16102712021315,112.26000154653086,112.38594865556531,4892600
2023-11-29,112.58940887451172,113.91672838754266,112.34719777012845,113.68420040531339,6127200
2023-11-30,112.58940887451172,113.57763431974534,111.59150030712408,113.21915922424745,11075600
2023-12-01,113.50981140136719,113.69388680768832,111.6690055962836,112.45376718076348,5739800
2023-12-04,112.17280578613281,113.0447672426369,110.98113128865748,112.64753748234757,5587500
2023-12-05,110.96175384521484,111.67869666963425,110.26418465747854,111.0005085102776,5913600
2023-12-06,108.53962707519531,111.4074053513025,108.44274412234824,111.3589675707267,7815700
2023-12-07,109.35346221923828,109.50847346840068,108.32648220279292,108.90779471431489,6772800
2023-12-08,110.07039642333984,110.0994605683243,108.11332688850915,108.52024709337671,7766000
2023-12-11,111.54304504394531,111.75619197920143,110.07040491479627,110.2254161639035,19544200
2023-12-12,97.66919708251953,101.68021212171804,97.55294049058068,99.50031232251469,57666500
2023-12-13,99.78128051757812,99.88785399059743,96.16749512347363,97.93079159748052,29392200
2023-12-14,97.18477630615234,99.06433674768584,96.75848981007054,98.69617854841158,22865200
2023-12-15,100.10100555419922,100.75012954402689,96.26438252361206,96.58410295741841,30212300
2023-12-18,101.7286605834961,102.8525236198612,99.70377936370538,100.18820155696011,13473100
2023-12-19,102.93971252441406,103.02690496818546,101.53489116899449,101.70928344823311,10108500
2023-12-20,100.90513610839844,102.7846890386688,100.80825315598375,102.64905142694916,9242000
2023-12-21,102.5618667602539,102.62968557125359,101.26361144607934,101.43800373032082,8168000
2023-12-22,102.89127349853516,103.17223926474786,102.17433070402124,102.40685129300213,5680000
2023-12-26,102.88158416748047,103.32725168267099,102.05806055441748,103.20129718614824,5767400
2023-12-27,102.63936614990234,103.01721483056954,102.2712005900864,103.00752431802299,5627400
2023-12-28,102.93971252441406,103.28849708289127,102.29058858179651,102.70719194932785,5689100
2023-12-29,102.145263671875,103.58883973395149,101.51551334411404,103.27880982682709,6899700
2024-01-02,100.81794738769531,101.41863358557781,99.24842416719967,101.26361493127409,9597500
2024-01-03,99.26776885986328,100.15910368713638,98.57019990227768,100.08160177427786,9455600
2024-01-04,99.39373016357422,100.13974439121597,99.2096547785301,99.56812242793377,6822300
2024-01-05,99.52938079833984,100.48853461078845,99.1030869298313,99.33560749824706,6133800
2024-01-08,101.39923858642578,101.50580464918745,98.94805652562329,99.73282536222902,7038700
2024-01-09,100.40133666992188,101.22486027536853,100.0719331410998,100.61448360819297,6725200
2024-01-10,101.07242584228516,101.21831708908807,99.90531070853584,100.26516737426773,7270500
2024-01-11,101.8991470336914,101.96722863552162,100.70285497005499,101.49065742271009,6119000
2024-01-12,103.67898559570312,103.77624394942167,102.09365291111416,102.2200880289146,9703800
2024-01-16,103.64981842041016,103.73735614109081,102.5313286983319,103.49420652413195,7547200
2024-01-17,103.51365661621094,104.55433669393238,102.78420775555558,103.54283338338314,7771500
2024-01-18,105.72145080566406,105.89651882721797,103.69845162589787,104.05830831107055,10362300
2024-01-19,106.66487884521484,107.19981100405259,106.03268831758966,106.32447084428988,11163800
2024-01-22,107.08309173583984,107.6569287006801,106.27583321224745,107.04418690599157,7485300
2024-01-23,108.76569366455078,109.59240091786245,106.5578908811018,107.267891061682,9185900
2024-01-24,111.177734375,112.25731932513087,110.2245919814038,110.3121222863852,11702700
2024-01-25,111.84882354736328,112.99649003361928,111.21663306063678,111.74183712251707,8877200
2024-01-26,111.49869537353516,112.31568200088633,111.13883124453861,111.49869537353516,5541800
2024-01-29,110.63307189941406,111.45005102244788,109.91335113574085,111.0610175850054,7014400
2024-01-30,111.0318374633789,111.26525900285685,109.54375567082255,110.2537557713365,8231900
2024-01-31,108.63924407958984,111.1388218034805,108.61006731329473,110.69142740616849,7386700
2024-02-01,112.36429595947266,112.607445568117,109.46595677982083,109.81609280989566,7882200
2024-02-02,112.61717224121094,113.2979881688835,112.00443790630563,112.64634900663447,6499400
2024-02-05,113.20072937011719,113.52168862920098,111.62511726034523,112.36429413632509,8084500
2024-02-06,112.14060974121094,113.74539132597789,111.829378518793,113.54114653192278,4637500
2024-02-07,114.0566177368164,114.36784894610477,112.14060501046022,112.62690423874437,7672900
2024-02-08,113.4827880859375,114.56237296518265,112.79224407296455,113.88154959412195,4472800
2024-02-09,113.44389343261719,114.12470944440629,112.55883261729136,113.85238303969065,5787100
2024-02-12,112.6657943725586,113.89127042640315,112.21840000186481,113.07429133739802,5439600
2024-02-13,110.56499481201172,111.0804708159352,109.90362755293279,110.6719812377699,8171700
2024-02-14,111.12909698486328,111.57649136536016,110.41909687690577,111.1874505152603,5946100
2024-02-15,109.68964385986328,111.17771819062757,109.48539909096786,111.11936466246796,8455600
2024-02-16,108.25993347167969,110.01061368824821,108.20157993790656,109.92307596725107,8936000
2024-02-20,105.47828674316406,107.7347145895522,104.72938928817018,107.51102112729562,10975600
2024-02-21,105.19625091552734,105.41021633941364,103.59146200418814,103.83461161438083,7865300
2024-02-22,107.96814727783203,108.82403117327166,106.65514096061852,108.43499034067666,8957800
2024-02-23,108.88240051269531,110.26349603998389,108.64897894737605,108.9310334064583,7504500
2024-02-26,107.92925262451172,109.45623191458202,107.8903477955519,108.93102785413055,6342900
2024-02-27,108.32801055908203,108.45445310411102,106.78158261575909,107.58884109426288,6593100
2024-02-28,108.61981201171875,108.95049197415999,108.05570304249007,108.21132238034836,5278300
2024-02-29,108.61981201171875,109.35898902586882,107.60830857665509,108.61981201171875,12193900
2024-03-01,110.66226196289062,110.81788129283731,108.46418715959105,108.61980648953775,7605100
2024-03-04,110.9345703125,111.4597743350725,110.28293117017995,110.4677272393268,6588100
2024-03-05,107.90007781982422,110.09814504349104,107.34569698265692,109.72856029215869,8242000
2024-03-06,109.1936264038086,109.9522594396143,107.63747034383037,108.44472885068505,6706400
2024-03-07,111.40143585205078,111.6543135460368,109.21308917260585,110.81787822159971,7670100
2024-03-08,109.33952331542969,111.19719004152161,108.4836392932381,110.94431234983449,8312900
2024-03-11,111.00265502929688,111.60566872115956,108.13349265775919,108.55171027527071,20438300
2024-03-12,124.04521179199219,125.82506138187419,121.18576986871075,122.8002869171952,48536100
2024-03-13,122.08055877685547,125.2706880460856,121.40947086691028,124.49260628864653,15870300
2024-03-14,122.09028625488281,124.29808896435175,121.51645671228046,123.74370812644034,10965900
2024-03-15,122.0999984741211,122.55712088858803,120.17425046474344,120.64110094046234,17844900
2024-03-18,124.298095703125,125.41657808176261,123.40329941174178,123.7145306460331,12231400
2024-03-19,125.6500015258789,125.6694576511033,123.0239811459056,124.24945732322648,10221000
2024-03-20,125.6986312866211,127.10889609640911,124.75520958585999,126.41834465456368,8373300
2024-03-21,125.47491455078125,129.1318940418307,125.41656102114517,126.94354763643419,17842400
2024-03-22,124.28836059570312,125.66945607616029,124.05493903829893,125.47492450770467,6660000
2024-03-25,122.6252212524414,124.1716493131395,122.59604448455468,124.1716493131395,7446100
2024-03-26,123.0045394897461,123.46166199432581,122.39179765580393,123.27686589579238,7063900
2024-03-27,121.83740997314453,124.31753909883635,121.05933563081949,123.84096791488273,8115900
2024-03-28,122.1680908203125,122.71274357299943,121.76932189756869,121.95411797594629,6587400
2024-04-01,122.0416488647461,122.80999506057364,121.14685270925716,122.10000239345786,4133600
2024-04-02,120.9328842163086,121.50672114380025,120.04782351096202,121.09823158748644,4862400
2024-04-03,122.78083038330078,122.94617776482298,120.66056539411585,120.85508954286621,7430000
2024-04-04,120.78700256347656,124.48287218099064,120.63138325141085,124.10355938325199,7588300
2024-04-05,121.4775619506836,122.54741888545726,120.73838496542584,121.01071137569498,4899500
2024-04-08,120.94261932373047,121.69152430760363,120.36878978314746,121.57480981885601,6119200
2024-04-09,120.2400894165039,121.72320657382245,118.2983671741997,121.33291023422805,5564100
2024-04-10,118.79600524902344,120.09373752420359,118.37643795119392,118.40570887639159,4509900
2024-04-11,120.2498550415039,120.8157844257711,118.41547171530624,118.76673771628005,7315200
2024-04-12,118.1715316772461,118.8838156571519,117.49827063397063,118.78624342700803,6196900
2024-04-15,116.97137451171875,119.49853776651698,116.54205519975515,119.21557308119769,5101500
2024-04-16,117.69341278076172,118.49351691246038,116.8445188158942,117.17626585973551,7000000
2024-04-17,115.79073333740234,118.1032332132994,115.7321914867643,118.04469136266135,5366600
2024-04-18,113.18551635742188,115.87855314136009,112.8927922167149,115.87855314136009,6662400
2024-04-19,112.0926742553711,113.93681676052258,111.68286646406705,113.30259360724482,8251500
2024-04-22,111.75116729736328,113.51724904130889,111.56577486880477,113.21477292674136,7125500
2024-04-23,112.2975845336914,113.04890630473501,111.96583747738494,112.37564529198129,5494800
2024-04-24,112.54151916503906,112.92206350179751,111.1169438211595,112.58054954430361,5791800
2024-04-25,112.10243225097656,112.20000446988087,110.04362642167854,110.87300144878972,6796600
2024-04-26,114.36616516113281,116.31763971201494,113.33188603133637,114.20029161093615,8355100
2024-04-29,113.66361999511719,114.46372417073586,112.49273837762578,114.15148857645256,4994100
2024-04-30,110.9901123046875,112.71716396352583,110.93157045179672,112.29759664781146,6234700
2024-05-01,111.8487548828125,113.92707992638904,110.89253657571966,111.14623033739672,5583600
2024-05-02,112.17074584960938,113.00012096767225,111.48773279809498,112.43419905825345,5001000
2024-05-03,112.99036407470703,113.3904124320886,112.27807268522564,113.16599705812136,4485000
2024-05-06,115.46874237060547,115.48826128436737,113.36115378566969,113.50751586174627,6052400
2024-05-07,115.06868743896484,116.23956909255314,114.44421623114656,115.1369887446861,6437700
2024-05-08,114.54178619384766,115.11747499720119,114.26858097637161,114.85402179157511,4636000
2024-05-09,113.80998992919922,114.87354738109097,113.6733873125209,114.54179285181202,3236200
2024-05-10,113.8392562866211,114.77596309666107,113.09770138135025,114.30761341378307,4122500
2024-05-13,113.5465316772461,114.34663582029103,113.38065070868973,114.28808653080146,4140000
2024-05-14,117.9373550415039,119.57659379354368,113.31235547136221,113.67338090611351,17811200
2024-05-15,118.67890167236328,119.12773984837479,116.76645783550777,117.25432638912244,6604600
2024-05-16,119.196044921875,119.4790021232888,118.2690902319817,118.98138157380954,5159300
2024-05-17,120.5035400390625,120.58160079899527,119.11799504953298,120.19130444361524,6179400
2024-05-20,121.498779296875,121.65490080469229,120.24983701146964,120.79625484454691,5989000
2024-05-21,121.60612487792969,122.3184163113,120.91335235741012,121.44025134011882,5549500
2024-05-22,121.57685089111328,122.12326877291159,120.30839702627141,121.60612181536814,5705000
2024-05-23,121.0792236328125,123.62589827951034,120.171795197879,123.47954365728489,6108600
2024-05-24,119.92786407470703,120.51330491194955,118.47401027167575,120.4254846920069,7173400
2024-05-28,121.46951293945312,121.79150797821283,120.02542615929775,120.24984152986347,6911400
2024-05-29,120.73772430419922,120.913357305623,119.7912579878758,120.00592137231422,4735100
2024-05-30,114.24906158447266,118.49352422651788,114.19051973648322,117.2543338526603,10839600
2024-05-31,114.34664916992188,114.5710645656007,111.77070346015134,113.76120087237774,12755600
2024-06-03,116.38593292236328,116.43472276045313,114.49300035759603,114.6783928091965,7256300
2024-06-04,117.15676879882812,117.44949294526823,115.83952502841613,116.13224173057198,7368000
2024-06-05,119.6546401977539,119.81076171001698,117.58608227025223,118.6984219901346,5973700
2024-06-06,120.5035400390625,121.25485438163494,119.28386858117726,119.89858031600924,7347200
2024-06-07,122.86481475830078,123.15753886818915,120.27910993523143,121.19630519821716,11545000
2024-06-10,121.4792709350586,123.86982389140863,121.04019221059706,122.67943086315472,10164700
2024-06-11,120.87432098388672,121.80127578530244,119.32290241777036,121.04020196462015,18373900
2024-06-12,136.97396850585938,137.53989776769797,130.70973858412032,131.4220224444665,40871300
2024-06-13,136.4568328857422,138.94495046128424,135.4030350813471,137.02274727482734,13733200
2024-06-14,134.77857971191406,136.57393252686845,134.04677683628472,135.8811525869696,11330800
2024-06-17,137.8814239501953,138.00827455292944,134.89567044405658,135.43232889189127,11232800
2024-06-18,141.13064575195312,141.54045364083598,137.79362589513272,137.79362589513272,11629400
2024-06-20,139.44261169433594,141.7941420017034,138.50589739865762,141.7941420017034,8940000
2024-06-21,138.06678771972656,140.23292508563716,137.03250886526865,140.23292508563716,14844100
2024-06-24,136.49588012695312,138.0960885841296,135.74455829315772,136.60321181749532,7793300
2024-06-25,135.7933349609375,136.16411983567687,134.22239758186691,135.62746143501914,8205500
2024-06-26,134.87615966796875,137.33502177548374,134.72980503180625,136.1055981660109,8036300
2024-06-27,136.77882385253906,137.98874325464624,135.44206874765024,135.871395467384,7518200
2024-06-28,137.77407836914062,139.35478262779887,135.89091287401374,136.05678639778912,25814800
2024-07-01,139.61822509765625,140.5646913234106,137.6472467761553,138.2521990442826,6552400
2024-07-02,139.80361938476562,140.7208146992459,139.09133542528164,139.16939618487226,5920500
2024-07-03,140.87693786621094,141.1403761832721,140.0182843892384,140.26221868259944,3560800
2024-07-05,141.31600952148438,142.25270882336395,140.52566483284633,141.43309321207758,5365500
2024-07-08,141.51116943359375,141.7063139020976,139.94998390842565,141.2477162124008,8622600
2024-07-09,137.2666778564453,142.16488190237501,134.65170976974716,141.6087195388584,14334200
2024-07-10,138.62298583984375,138.92546197808494,136.34951646431256,137.69602362450132,6350300
2024-07-11,139.6895294189453,140.39404493849634,138.63275613961878,139.298138543908,5245100
2024-07-12,141.65631103515625,142.0085688021508,138.2217940743082,139.64061961925617,7361800
2024-07-15,139.9928741455078,143.43715564238252,138.86759925420554,142.59565182574278,8687800
2024-07-16,139.54278564453125,140.41364318272593,138.99483235271535,139.99289866601282,7181500
2024-07-17,136.2648162841797,138.740400317347,135.69728902530653,137.45857794411876,9157000
2024-07-18,135.06124877929688,137.04758633328524,134.24909863235243,136.3626449233932,5998700
2024-07-19,135.57986450195312,137.4194344483003,135.1101924692747,135.3743895197959,6111900
2024-07-22,137.15524291992188,137.65426854157167,136.1278231759555,136.73449846197101,5387200
2024-07-23,140.03199768066406,140.1396324032406,138.17286876045546,138.26092946148978,6697400
2024-07-24,135.78533935546875,139.59167264763252,135.42328716176573,138.65231375585037,8018800
2024-07-25,134.8557891845703,138.03588852833835,134.7383599790662,137.13566265209346,7654600
2024-07-26,136.02017211914062,136.94975149488343,135.4037322912207,135.88318383175803,5139400
2024-07-29,135.3352508544922,136.77363555170822,134.8557992424907,136.27460991556202,4054600
2024-07-30,132.75201416015625,136.56814209995974,132.05729316826273,136.07889607669804,6505700
2024-07-31,136.45071411132812,138.5055533994868,135.67771195718692,136.6855575795932,7188000
2024-08-01,134.55242919921875,137.37049092977003,132.84986267917984,136.29414376029476,5906800
2024-08-02,130.41343688964844,131.41150309637186,128.96527264011254,129.91441125158963,8251600
2024-08-05,125.11000061035156,127.17461954034361,123.93581307546707,125.13935417892834,10355000
2024-08-06,125.45248413085938,128.22160375457202,125.32527537456964,127.73235768343328,8373900
2024-08-07,123.19215393066406,127.49752056054304,123.04537862612119,126.14719671711114,8617700
2024-08-08,126.18635559082031,127.02785944609637,124.90452578412619,125.24699654724954,6243200
2024-08-09,129.21966552734375,129.52299569224098,125.57967368736747,125.6383808250115,5597300
2024-08-12,129.72848510742188,129.85569385889954,128.38795570100524,129.4055809210126,5600800
2024-08-13,131.37232971191406,131.64630627572845,129.95351930703174,130.11008160938366,4324000
2024-08-14,132.68353271484375,133.04557000854567,131.1277189522398,131.1570725203451,4044600
2024-08-15,133.9849090576172,134.2980336798812,132.80094203986528,133.9849090576172,4698100
2024-08-16,134.51329040527344,134.85576856216403,133.45651730096793,133.84790811118373,4893800
2024-08-19,134.95362854003906,134.98298210856888,133.52503843623924,134.57201721854682,3641600
2024-08-20,136.17674255371094,136.7834028725198,134.85578718882672,134.85578718882672,3738300
2024-08-21,137.18458557128906,137.28244075077566,135.57007962398916,135.8147026421015,3776800
2024-08-22,135.1101837158203,138.0456598584365,134.68942437146472,137.6738281025786,5162200
2024-08-23,136.19635009765625,136.7834365385676,134.30785213273492,135.74623705541026,4544600
2024-08-26,135.91253662109375,136.40178263474866,135.21781564284169,136.3920030894928,2729600
2024-08-27,135.50155639648438,136.49962233173653,134.77748193396567,134.88511664198896,3872200
2024-08-28,134.9144744873047,135.96145310712504,133.96533610386444,135.84403885122802,3022600
2024-08-29,136.4213409423828,138.12392224880998,135.86360831497157,136.1473644007419,4588400
2024-08-30,138.2511444091797,138.67190378269723,137.0867513336141,137.31180033957662,7980700
2024-09-03,136.4996337890625,139.14155919885923,135.84404594174796,137.42919820150541,6831200
2024-09-04,137.72274780273438,138.06522597199833,134.98296724043152,135.46243369128047,6243300
2024-09-05,139.54278564453125,140.19837368514007,137.29225039833818,138.35880340780895,8733200
2024-09-06,138.7599639892578,140.84415696524235,136.40179441641016,140.6973741901055,11154800
2024-09-09,136.88125610351562,140.2179176706302,136.5094243363286,139.42534147687192,20233400
2024-09-10,152.53712463378906,157.0675475899105,149.8266974826003,150.91282425216664,37374200
2024-09-11,153.79937744140625,156.01077909022553,151.50970956538654,153.4079865829873,12630100
2024-09-12,157.90904235839844,158.84838630905523,154.5038794781096,155.61935975114136,16161300
2024-09-13,158.5450897216797,170.19893538865833,157.53724395171656,169.96409188601027,25727800
2024-09-16,166.66656494140625,170.24784969147498,160.9717336243522,161.4414205929744,27384400
2024-09-17,163.86807250976562,166.96989066237896,163.18313102869405,166.61763291059864,12580100
2024-09-18,160.99130249023438,164.01483946718633,160.20850583154467,164.01483946718633,12274400
2024-09-19,163.98550415039062,164.54325187086297,160.97174638389896,163.65282038586645,10075900
2024-09-20,164.3866729736328,165.1988232091632,163.01679000442772,163.53538962352712,12187700
2024-09-23,162.38076782226562,163.73109175471774,160.7271137149827,163.63323656837,7916100
2024-09-24,162.23399353027344,162.52754414705325,160.39442360035085,162.1752863930384,6155100
2024-09-25,162.7036590576172,165.1205356479195,162.09699875628922,164.08333644993144,7142400
2024-09-26,164.48452758789062,164.73893015826306,162.89936023687997,164.04419419946268,7096800
2024-09-27,165.11074829101562,165.47278555944112,162.92870034350184,164.47471952172916,8974400
2024-09-30,166.73504638671875,166.85247559048676,162.87000561217124,165.8544094767829,10210300
2024-10-01,163.56475830078125,166.84269818366803,162.40035020409687,166.55894201762342,7595100
2024-10-02,164.1029052734375,165.54127482447348,163.67236639041568,163.99527055268203,7073000
2024-10-03,163.2711944580078,164.24968657032224,162.6645341261664,163.30054802692888,4735700
2024-10-04,167.18515014648438,167.22428325852394,164.55300417636627,165.08139823782386,6386900
2024-10-07,166.3142852783203,168.62352697949183,165.90332043284948,166.75460368913883,6791000
2024-10-08,170.61965942382812,170.88385646632562,166.77419271133957,166.93075502767914,7845400
2024-10-09,174.4553680419922,174.7684927131739,170.07172715969054,170.80559631084085,8120900
2024-10-10,172.02322387695312,174.85742376082862,170.81696168634386,174.21996484682586,7115900
2024-10-11,172.3762969970703,173.58254438673723,171.0327383140294,172.11150587498523,5869400
2024-10-14,172.71951293945312,173.7982803917417,172.1114885377138,173.14121838504815,4688700
2024-10-15,170.72869873046875,174.7789622391457,170.39526697929261,173.52367744069124,5848600
2024-10-16,171.3955841064453,171.5328804191806,168.3260126580786,170.15010079251934,6383000
2024-10-17,172.2880096435547,174.318049811506,171.75844240558013,174.07287674566703,5474000
2024-10-18,171.317138671875,173.55311589773555,171.20926192132134,173.38640000400295,5001300
2024-10-21,170.40509033203125,171.7682520438325,169.816683924767,171.08177041993565,4198400
2024-10-22,171.92515563964844,172.45473783362115,170.91504382112493,172.06245195583097,5510100
2024-10-23,169.75784301757812,172.67050034402922,169.66956933785465,171.130806251114,4830400
2024-10-24,171.0131072998047,171.572094061566,169.57148859669772,169.97357598228268,3488000
2024-10-25,170.1697540283203,172.88626127538993,169.75786500491097,171.40542109854835,3674700
2024-10-28,169.09095764160156,170.80716909627782,168.81636500598745,170.68949081363644,4330000
2024-10-29,170.08145141601562,170.6600712220094,168.96346283853092,168.96346283853092,4122900
2024-10-30,171.18963623046875,172.75874981123303,169.45380676342688,170.6208329315461,5822500
2024-10-31,164.59938049316406,167.58069325594983,164.16787351716803,167.22764345415086,9477500
2024-11-01,166.7373046875,168.9438623049535,165.8350695907313,166.86478450753503,5680600
2024-11-04,166.3155975341797,167.18841305096004,165.47220158819826,167.0216971617072,4804400
2024-11-05,168.4633331298828,168.57120988851497,167.03153065805014,167.17862852701313,5456800
2024-11-06,177.74069213867188,178.58408818309172,173.99444006847403,175.07320767093364,11085000
2024-11-07,182.77162170410156,183.06583239102827,177.05418371989313,177.58376594919665,7759400
2024-11-08,185.59600830078125,186.48844183962717,182.66373308636298,182.66373308636298,8520400
2024-11-11,185.4783172607422,187.80255294468077,184.2132159654065,187.36124445540037,5973600
2024-11-12,185.91966247558594,186.92977442593707,183.58560983169434,184.8997340243988,6629900
2024-11-13,185.9687042236328,188.06738535681225,185.14491123652678,185.35086322434788,5695400
2024-11-14,183.43849182128906,185.9294435991165,183.10506004139137,185.0174069721887,7804300
2024-11-15,180.19241333007812,182.21263712696316,178.80963355929384,180.95735214706997,8986300
2024-11-18,182.1439971923828,182.5853057842241,179.349032801269,180.74161422832609,6289400
2024-11-19,185.25277709960938,185.66468105101742,180.76121934944834,181.32020620205486,8117000
2024-11-20,187.06704711914062,187.28280061177256,184.19362600281502,187.21414497130957,4860200
2024-11-21,188.71461486816406,192.25491472154587,187.93987452406307,188.23408521120442,11394300
2024-11-22,188.5773162841797,190.4504421735627,187.37106894194187,189.27361440326897,6879400
2024-11-25,184.3603515625,190.98982614851016,184.3603515625,190.7446530725814,15138500
2024-11-26,186.6943817138672,188.68518581483613,184.68397454180374,184.68397454180374,6427200
2024-11-27,179.17247009277344,185.31161312094582,178.70174200534214,185.31161312094582,8368800
2024-11-29,181.2711639404297,182.34011497253775,180.44738598710845,180.45718752315614,4628000
2024-12-02,177.9073944091797,181.71247037197148,177.50530697325217,181.71247037197148,8859700
2024-12-03,179.35879516601562,179.50589300977677,175.65177986148132,177.68180492626183,8917100
2024-12-04,184.55650329589844,186.1256021416255,182.31070934252358,184.37016934750213,8906300
2024-12-05,182.64414978027344,185.3704733329943,182.261680359976,185.3704733329943,6398100
2024-12-06,187.98890686035156,188.9107600042579,182.78143321145168,183.38945764076152,10503400
2024-12-09,186.77284240722656,194.48108435441262,185.28218594627734,192.5098982516022,20158000
2024-12-10,174.30825805664062,174.3670972014753,167.75722558846468,170.11089613109215,26502000
2024-12-11,175.1320343017578,177.8779757592419,171.45443814374622,174.56323096695078,13188700
2024-12-12,171.9349822998047,174.7299463938712,171.4348196465868,174.56323049752422,8154200
2024-12-13,170.042236328125,172.73914013773572,168.32602481291818,171.62115152068236,8351100
2024-12-16,167.92393493652344,170.9052478480546,167.6297242596494,170.48354238622724,9572000
2024-12-17,166.4333038330078,169.649973515468,166.0017968085499,167.45321728376302,8940200
2024-12-18,162.21630859375,167.92392970491005,162.16727098843597,166.13907759205355,8817900
2024-12-19,165.53103637695312,167.69837280859994,164.16787476380114,164.31498757810374,8386400
2024-12-20,166.38427734375,167.9533762162611,162.43208814113208,164.49153321708638,13810500
2024-12-23,165.87428283691406,166.34501091636088,163.9423179507183,166.31559134665645,6518200
2024-12-24,168.10047912597656,168.4535289701679,165.76642654692407,166.42348862502337,2451500
2024-12-26,168.365234375,169.21844678826358,167.20802472976263,167.20802472976263,4100100
2024-12-27,165.69776916503906,167.8454726229007,163.97174122774962,167.09035036451274,4344300
2024-12-30,163.6873321533203,164.66802431413703,161.37289805522587,163.29504631048874,5254800
2024-12-31,163.4225616455078,164.06982214450196,162.63800482528853,163.9717469304083,4307500
2025-01-02,162.8243408203125,165.43298592087842,161.71615373652978,165.26627002614438,5360800
2025-01-03,163.10874938964844,163.97174843203382,162.07901948894158,163.48140228542835,5876000
2025-01-06,162.4908905029297,164.80532465775502,162.00054441050207,164.0796070538591,6845400
2025-01-07,158.90158081054688,162.95184501827603,158.20529761963255,162.3830416576518,7712200
2025-01-08,159.99014282226562,160.81392077109544,158.31315238826906,159.04867162061936,7596200
2025-01-10,151.88937377929688,156.50995367077334,151.31917238829533,156.50995367077334,13593900
2025-01-13,151.31919860839844,151.54530807817875,149.84454423851298,151.14224728447297,8828500
2025-01-14,153.6687774658203,154.59289638490378,151.741904614118,153.77691936062703,7410200
2025-01-15,155.63499450683594,156.46079721954825,154.60273361546675,155.98891209813516,10701200
2025-01-16,156.84420776367188,158.77109577410718,155.73331184528442,157.443901047439,9210600
2025-01-17,158.3090362548828,160.4030499341501,157.82731050210106,159.03653769768346,11618300
2025-01-21,169.654052734375,170.44052295199623,159.99997630320857,161.1010466086446,30232000
2025-01-22,181.107177734375,188.7458897930268,177.51885893641762,188.2739897037893,48028500
2025-01-23,183.31918334960938,183.4174996316196,178.4331611526797,178.5707949469189,17314600
2025-01-24,180.4976806640625,185.90474608154744,178.7969020138727,185.4525121916634,12147200
2025-01-27,155.60548400878906,169.6048709442244,150.08045199538614,166.0460292016482,42201600
2025-01-28,161.2288360595703,163.0279157254717,154.10134178254663,160.2359077744257,20319300
2025-01-29,159.28231811523438,161.2583493212904,157.30627190822025,161.2583493212904,9866600
2025-01-30,167.50106811523438,168.59231287702627,161.32718342719193,161.9956861636617,14981700
2025-01-31,167.1864471435547,170.07677155745887,166.27216880905203,167.5305390979555,8704600
2025-02-03,165.7511444091797,167.02916609721117,160.44238008590273,160.44238008590273,8250600
2025-02-04,165.05311584472656,167.5206982833025,163.53914424915664,167.5206982833025,6777000
2025-02-05,168.75941467285156,168.98552409571485,165.67247276579423,166.13453223922585,7866700
2025-02-06,169.43777465820312,172.68200191807355,168.67095566940193,170.07678548188468,7036900
2025-02-07,171.51211547851562,174.39259938783934,170.25373013479395,172.04298437273007,9991300
2025-02-10,175.89674377441406,176.9486709266105,171.96433273988401,173.02608551932204,7625900
2025-02-11,174.19598388671875,176.0933650505519,173.46848242959837,174.6187108814123,6528800
2025-02-12,169.30996704101562,171.93484974209275,167.8254871991134,171.93484974209275,7454800
2025-02-13,170.9222412109375,171.43345883072504,169.1919858067544,170.07677226323227,6421700
2025-02-14,171.21717834472656,172.07247293594355,169.889983633359,171.30565399189572,7260900
2025-02-18,176.7618865966797,179.16065983095666,173.1145686050291,173.7634200538335,11430500
2025-02-19,178.45281982421875,178.61010486740787,172.73115447627444,175.56249526708876,8688500
2025-02-20,173.02606201171875,177.22391442102062,171.48258368990554,176.77168061306955,8737000
2025-02-21,164.97445678710938,173.89120521174138,164.71885549304514,173.14403758131994,9713900
2025-02-24,167.088134765625,171.22698856546324,161.87768766520088,170.63713596978414,10639100
2025-02-25,165.692138671875,167.71734303286104,161.6614262080117,166.42946576902833,8316100
2025-02-26,169.5557403564453,170.93207826989584,166.27218061938606,168.09091179066294,6915100
2025-02-27,161.97601318359375,171.90535754096777,161.79906187868167,170.07678571875095,7436800
2025-02-28,163.2540283203125,163.34250396110937,158.0927392604399,160.3538784201944,12843300
2025-03-03,159.28231811523438,164.29613333985597,158.40735723283646,164.12900766579773,8081800
2025-03-04,154.80918884277344,157.06048750495322,150.9259360406619,156.52961862860386,13171900
2025-03-05,158.830078125,159.74437148435152,154.3962901162803,155.3892184949057,7141000
2025-03-06,148.38954162597656,154.50444234894061,147.19998061676162,154.50444234894061,12321200
2025-03-07,152.53822326660156,153.83591107038075,145.99075548115633,148.07492846953724,12646500
2025-03-10,146.27584838867188,149.94283236705655,144.31948355936112,147.98645253678862,21486100
2025-03-11,141.74374389648438,143.31671425915818,135.373242429474,140.99659122474074,27200200
2025-03-12,148.3403778076172,149.65773193199632,142.55972866350382,143.7591152546424,15373900
2025-03-13,145.1649627685547,147.63254539145566,143.02179086818543,147.25896152786876,14187700
2025-03-14,146.74774169921875,148.33053761896835,145.38122956981678,146.40364975976848,9330000
2025-03-17,151.4076385498047,153.11824261564644,147.85863727019992,147.85863727019992,9885000
2025-03-18,146.92471313476562,149.8445297040014,146.11857662458715,149.79537156291474,9402500
2025-03-19,149.87400817871094,151.46664480185981,147.4654094905566,147.52439325419968,6909500
2025-03-20,150.1394805908203,151.87957697627525,148.27159102518547,149.01874385124736,7051600
2025-03-21,149.65769958496094,151.24049531798354,147.57352694307576,149.08749829594515,17620200
2025-03-24,152.25311279296875,153.95389129196192,151.4273101119409,153.69827498524594,7848300
2025-03-25,151.3289794921875,152.9707740727251,150.46385938497312,151.89918081339445,8521200
2025-03-26,145.30258178710938,150.4442046981783,144.08352904105604,150.30657092047525,13210000
2025-03-27,143.31671142578125,144.5554154362516,142.47124249772654,143.38553581573024,9148300
2025-03-28,138.48968505859375,143.18891518900298,136.7594295506426,141.35051777424502,13144500
2025-03-31,137.44757080078125,138.2143896214239,134.44910489906067,136.2973425698173,15509900
2025-04-01,139.54159545898438,140.82945755726078,136.4153211661165,137.39842383667332,9518500
2025-04-02,143.39537048339844,145.39106790435034,137.496753869521,137.496753869521,11594400
2025-04-03,134.91119384765625,139.01073074797006,134.3311667924299,136.8970657157582,14433800
2025-04-04,126.10259246826172,131.55881566715408,124.80488965297604,130.6641885748851,14986900
2025-04-07,125.0113525390625,131.84391382893767,116.8515965018128,116.8515965018128,19482700
2025-04-08,122.39629364013672,130.74284147425465,119.64360291149231,130.30043323141575,11950300
2025-04-09,137.3296356201172,138.214422159629,121.31488974795565,121.31488974795565,17762000
2025-04-10,131.56768798828125,134.82356908642996,127.53234231906033,134.82356908642996,12401600
2025-04-11,130.5810546875,131.22236095594837,127.11795868431392,130.3442570374595,10190200
2025-04-14,132.8404541015625,134.97158800409065,131.09410701019812,134.97158800409065,8217700
2025-04-15,132.14979553222656,134.65583993492484,131.93273479008212,132.95882779898335,8630000
2025-04-16,128.02565002441406,130.76849193142272,126.14118259235443,130.51197245585587,8295200
2025-04-17,126.90090942382812,129.54509739670266,126.72332246135423,129.15043461090636,8925500
2025-04-21,121.17842102050781,125.4998764232285,119.61953706372185,125.19402220759633,12201200
2025-04-22,125.53934478759766,126.27932050412906,121.74080428155419,122.83596894421446,11233700
2025-04-23,129.6437530517578,134.05400998719134,129.23924439283036,133.1068494018416,9528900
2025-04-24,135.6720733642578,136.01740138150058,130.2357239436276,130.73890200275676,7305900
2025-04-25,136.63900756835938,137.14218570768594,134.93211916574535,135.65237313880766,5476400
2025-04-28,138.2669219970703,138.78983694066062,136.23445786842214,137.78346579900744,6985100
2025-04-29,138.90823364257812,139.2732985634342,137.68481677060615,137.9413362636354,4851500
2025-04-30,138.83917236328125,139.4114220327971,133.75801201605802,136.62910623151413,9443500
2025-05-01,143.54542541503906,146.65331734474879,143.39742124157792,144.60111625580984,11525800
2025-05-02,148.71536254882812,151.01422194554092,146.34744658951362,146.34744658951362,11346000
2025-05-05,147.2946319580078,148.80419632779459,146.53493436619982,147.4426361398687,5187400
2025-05-06,145.7258758544922,146.94930774541524,143.77234425296552,145.01549798941997,5108600
2025-05-07,147.37355041503906,147.89646535360714,145.27202973819058,145.52854921876468,6049600
2025-05-08,148.2911376953125,149.78095006248367,146.62372332634746,147.05784482534955,6113600
2025-05-09,148.33059692382812,149.77108962474577,147.78794504831652,148.03460362310864,4707100
2025-05-12,155.11863708496094,155.32582184554036,152.3560581900995,154.2207963095333,7875500
2025-05-13,160.10113525390625,161.0384347294516,155.4639575421215,156.1052637477991,11955200
2025-05-14,160.7720489501953,161.22590733193414,158.9073108091758,160.18993835251354,7499400
2025-05-15,157.26950073242188,159.57823642633215,156.78605956256862,159.20331057636872,10169200
2025-05-16,158.34494018554688,158.69025314882717,156.40126945976465,157.8614839711413,8515500
2025-05-19,157.5063018798828,159.80516164677013,155.72049617357055,156.18421550729025,10268900
2025-05-20,158.16734313964844,158.2166778659029,155.4245009741613,156.50980473238056,7576400
2025-05-21,155.07916259765625,158.74944317438892,154.36879979540055,156.2335379065757,6011000
2025-05-22,155.2074432373047,157.06232058562003,154.7240020532168,154.88185210351455,7603300
2025-05-23,153.88536071777344,155.27651876392906,152.19820935575666,152.91846327048273,6527500
2025-05-27,159.74595642089844,160.22939757250563,156.79591456798101,157.19057730432203,6976800
2025-05-28,161.66004943847656,162.1237688021915,159.12439185157376,159.7065025235237,8090700
2025-05-29,160.7227325439453,163.11040096304708,159.33158952658633,162.79467073892445,6994700
2025-05-30,163.3175811767578,163.53464193605302,159.39078071696824,161.24564303979278,17547900
2025-06-02,164.3436737060547,164.7679192058285,160.42673454210347,161.97574248096882,7166000
2025-06-03,166.87933349609375,167.0667964315255,164.36341289052473,164.57061272832965,7155300
2025-06-04,165.8532257080078,168.2014050177266,165.33031075276645,167.44170747435726,6375800
2025-06-05,168.85260009765625,169.9576257392844,166.50440555435117,166.741203215348,7707800
2025-06-06,171.69410705566406,172.45380463582316,170.35228379019696,171.6743701540829,6833700
2025-06-09,174.78225708007812,176.3312801295486,171.46716528949727,172.5228711978387,9668900
2025-06-10,175.10784912109375,175.47291404474413,171.9506224122258,175.33478584669504,11056700
2025-06-11,174.02256774902344,177.15019676505665,173.84496574130188,175.17692810725563,18002900
2025-06-12,197.18873596191406,199.78358904322943,186.35549533463217,187.42106220770262,54610000
2025-06-13,212.34344482421875,213.70500503715706,198.51082709919737,198.88575296765177,53707400
2025-06-16,208.2785186767578,212.2941126791482,207.1734779601952,210.3504417924773,22665300
2025-06-17,205.3975372314453,212.99463397281855,204.7068961790057,207.84440132415398,17819200
2025-06-18,208.05157470703125,211.85012286948066,206.76896213203327,208.2686354623052,15055400
2025-06-20,202.42776489257812,210.94242402905311,201.90484989893213,210.49844158886157,20879100
2025-06-23,204.27273559570312,204.49967229835931,199.83288175108734,202.7631864929212,13418400
2025-06-24,212.39276123046875,213.47804988287206,205.7625778030982,207.1833335453696,19030600
2025-06-25,207.90359497070312,214.0305859576472,207.42013871124013,212.06719320287104,11804600
2025-06-26,209.9755096435547,211.55411542066412,207.548382749024,209.16646232709647,10531100
2025-06-27,207.42999267578125,211.78103832979573,207.15373628679126,210.83387786892834,14127500
2025-06-30,215.70785522460938,225.1696742588588,215.46119665715858,223.47266211040989,31844200
2025-07-01,216.03346252441406,220.1871846807494,213.41887248065672,216.368914588115,16962200
2025-07-02,226.90614318847656,228.8004791635083,213.82337830395562,214.77053876404943,22326900
2025-07-03,234.1480712890625,234.8091144973219,228.10985882665406,230.10286443003844,18441400
2025-07-07,229.15567016601562,232.10571205351732,226.43256500013698,231.96758385788965,16584300
2025-07-08,231.36573791503906,238.21298220496712,230.07324942117577,233.96059088063424,20401800
2025-07-09,232.65823364257812,233.34887464685852,228.89915933978187,232.36224033935946,10871600
2025-07-10,232.3517303466797,237.35470561599556,230.86863419553066,237.2360627516906,11486300
2025-07-11,227.96176147460938,231.3629977008573,227.2795348367262,228.76263097583427,10208200
2025-07-14,226.69619750976562,228.04087200653424,222.58307374472813,226.86427993600736,11337000
2025-07-15,232.31219482421875,232.9449819311601,226.6170957749119,229.79092827316808,10728800
2025-07-16,238.5807342529297,238.6103949686397,230.5621272245893,232.8460928552634,12597500
2025-07-17,245.94677734375,248.76466605357788,239.28272656858266,240.59774029404673,17631300
2025-07-18,242.68397521972656,246.86630233761244,242.23904937090208,245.69960721905784,9678100
2025-07-21,240.7954864501953,244.01875843420896,240.4988792869843,242.54554414731206,7348400
2025-07-22,235.4266815185547,239.5595688475561,232.75711148787346,239.2530647263033,11380900
2025-07-23,239.17398071289062,240.6768557923363,235.97050249305252,237.24595862005563,7255800
2025-07-24,240.09349060058594,241.3294040420376,237.8490675665962,239.67822549467826,8237900
2025-07-25,242.35768127441406,242.7037430783048,238.7092623228365,239.60901094348498,7149600
2025-07-28,244.9185028076172,244.9877061155532,240.67683940534766,243.22776657250375,6756800
2025-07-29,247.16290283203125,250.21809224347686,243.8111062720475,245.89732870882304,8415300
2025-07-30,247.77593994140625,248.22086577582706,242.8322860326538,245.83802097096813,8441400
2025-07-31,250.91021728515625,257.9301968555561,250.4652914461675,252.88767886895926,15548700
2025-08-01,241.66558837890625,245.61062983363232,239.27286157359057,245.03716414010182,12718200
2025-08-04,249.68418884277344,250.05991137625452,243.1288987814313,243.1288987814313,8614800
2025-08-05,252.78878784179688,255.5770006984043,248.5372426196171,252.53172327927768,11197300
2025-08-06,253.5402069091797,253.94559011821858,248.88329374703318,253.94559011821858,9930200
2025-08-07,246.5795440673828,254.85523013097256,243.7418918391312,254.80577549269574,11954200
2025-08-08,247.23214721679688,248.06267749368698,245.06682428382007,247.2123683758704,8313300
2025-08-11,249.83248901367188,251.81984755904045,242.7927306099483,245.60072243538474,9012100
2025-08-12,250.9991912841797,254.96399619968392,248.25052097890566,249.73361711859312,9998400
2025-08-13,241.42828369140625,254.76628293293265,239.9056448711938,254.2719175243548,14182100
2025-08-14,242.19949340820312,246.11485876594926,239.83642749722398,242.18959644503747,10285600
2025-08-15,245.48207092285156,247.80559423447028,240.19235534286895,244.13739649105324,11554000
2025-08-18,246.26318359375,246.35216574346293,240.87458875189404,243.4255159848393,6759900
2025-08-19,231.9759979248047,246.44113326265202,229.6129320949872,246.44113326265202,16819300
2025-08-20,232.4110565185547,233.22182300606445,225.67780226891563,229.56350702248955,11256400
2025-08-21,230.532470703125,233.26136220593185,229.810686376159,230.42370971459823,7403100
2025-08-22,233.706298828125,235.81230030010178,228.851641973476,231.4223330504327,9343600
2025-08-25,232.75711059570312,236.3363111000984,232.618688893512,234.6752506738047,6308600
2025-08-26,231.57064819335938,234.24021834621962,230.0875519876776,232.35173889014447,11805200
2025-08-27,233.15260314941406,233.864490518973,230.05787097582683,232.35173363036887,5637600
2025-08-28,237.6117706298828,239.22339142244556,232.47035888657024,232.88562397288396,8691500
2025-08-29,223.58169555664062,235.53544703645858,220.59572438410635,234.93232065867574,16618600
2025-09-02,222.76104736328125,222.9093509452891,216.3244003411209,219.4982327775987,10461900
2025-09-03,220.931884765625,223.35427210434827,219.25104549509257,223.35427210434827,8900800
2025-09-04,220.48696899414062,221.05055279333996,217.08573261908182,219.4982381914763,10303100
2025-09-05,230.17652893066406,231.97601110768457,223.34439561024956,229.92934623531045,15386100
2025-09-08,235.79251098632812,239.68811265353398,232.65823624014922,237.1866249998512,18803000
2025-09-09,238.7883758544922,240.7460737483819,231.91669964559122,237.2360763060866,41178700
2025-09-10,324.6299743652344,341.8240176765686,308.5729956271183,315.5929904300297,131618100
2025-09-11,304.390625,327.26986834597614,301.1673833706377,326.6173024498843,69986000
2025-09-12,288.8873596191406,304.49942749254865,288.4622126142947,302.3440015774199,51781900
2025-09-15,298.73516845703125,303.5700468652562,293.93981755974204,302.9965962199645,40004000
2025-09-16,303.19427490234375,316.3641755798037,298.863629440269,310.52077329489015,51923300
2025-09-17,298.01336669921875,305.18166530350607,291.7052590996586,304.2225951798477,27707900
2025-09-18,293.2773132324219,300.3961867745933,288.70938194855694,299.6249779886638,24673100
2025-09-19,305.1816711425781,307.60404364755135,293.96946680094703,295.630527405558,40776200
2025-09-22,324.4519958496094,325.78678842264526,303.4612609324939,306.1407128681622,44437500
2025-09-23,310.2933654785156,321.33750149874834,306.55596436033846,320.34877072490605,35280200
2025-09-24,304.98388671875,308.9487067861154,296.6488935186844,308.3455653224429,33765300
2025-09-25,288.0469055175781,295.3833006889265,285.2982353407082,291.9425069430677,39274900
2025-09-26,280.2655944824219,290.68682446104646,279.8107868111434,289.69809376560073,25990700
2025-09-29,279.5735168457031,282.7572310712954,276.4589908407025,281.3927778069461,25778500
2025-09-30,278.07061767578125,280.79952411500756,272.79079925868416,280.4930200060993,23880800
2025-10-01,285.7530822753906,286.72201909436825,274.7485042554701,275.65811964363957,23378300
2025-10-02,285.5256652832031,291.64591105042444,282.8264194684072,288.5116212909654,16215500
2025-10-03,282.9154357910156,291.31964729977034,280.7995374689801,286.3364357918345,13688400
2025-10-06,288.3040466308594,293.3366834153176,287.52294075193885,289.08515250977985,14076800
2025-10-07,281.03680419921875,289.91561673784344,267.9460194013813,289.91561673784344,31723400
2025-10-08,285.37738037109375,288.2446937039778,280.4040655714479,282.2035628990131,18982100
2025-10-09,294.1230163574219,298.0947169293043,284.5157023918795,288.76469657903175,26479800
2025-10-10,290.1612243652344,304.7802256970025,289.2203182409299,297.4113006538374,28895300
2025-10-13,305.06744384765625,307.73174741807657,294.89553869091156,295.846389117684,21703700
2025-10-14,296.1435241699219,301.51175787406083,289.19060013599903,300.6698722450941,17346200
2025-10-15,300.7193603515625,308.0387744672536,296.0642799548618,301.9871306577058,13698900
2025-10-16,310.009765625,319.45863403736973,300.1746387813038,302.68046730718675,32500900
2025-10-17,288.5269775390625,301.37307030021026,284.75337866080514,300.8481348459811,37653000
2025-10-20,274.531982421875,286.47676604713627,272.67985210869904,286.1895582947406,32810700
2025-10-21,272.5213623046875,277.6221559941788,269.65898749149005,275.453075630662,18370800
2025-10-22,270.05517578125,274.5518118451394,266.6777492206355,272.1945440817873,16474000
2025-10-23,277.3943786621094,280.3954305660964,269.78775624373066,270.3522878179626,16872200
2025-10-24,280.6231994628906,284.4463387510418,279.5535305197876,283.18848255088835,13194900
2025-10-27,278.7116394042969,284.2581458564578,277.1368330944455,283.83226111517064,13855800
2025-10-28,278.1470947265625,282.73286714510976,277.85988698630416,280.29637706570696,12448500
2025-10-29,272.669921875,278.92955129656065,268.75767615604695,278.7710762221633,18007100
2025-10-30,254.4358367919922,267.1828794578266,253.83164865983144,266.1726046001878,27954200
2025-10-31,260.1011657714844,263.2706069654952,254.2575369069314,257.0308055081987,16898700
2025-11-03,255.38665771484375,263.0824167907077,252.7916773880632,262.7060422526445,15709200
2025-11-04,245.7991180419922,252.84119360389275,242.84759156013533,247.5918238760698,19772600
2025-11-05,247.91868591308594,249.98871567900335,244.67002227563194,245.54162011939326,11991500
2025-11-06,241.47088623046875,246.6905440901093,237.0039623527757,245.5713345860817,18678300
2025-11-07,236.97422790527344,238.10333632864885,230.13025396768967,236.71671725187713,20969300
2025-11-10,238.5292510986328,244.87801728821677,234.8051774075164,243.60033273981523,16698700
2025-11-11,233.8939666748047,235.18155032216345,226.70332954954822,233.97320421912082,20686600
2025-11-12,224.82147216796875,234.5476496180775,224.00929872703313,234.47832621700618,24195000
2025-11-13,215.49147033691406,223.00895627543562,213.1639148214488,222.84058216987233,30009000
2025-11-14,220.7210235595703,224.88089611946816,208.75642721348203,208.8158515894353,36053800
2025-11-17,217.75958251953125,220.67149784050704,213.50065926480528,216.12535173148086,16143800
2025-11-18,218.38357543945312,221.56290055000463,212.45079488745804,214.14446521670735,21098300
2025-11-19,223.3754119873047,225.97037714437542,215.23394003612734,216.96722152015874,21679500
2025-11-20,208.67718505859375,231.76449161269952,208.29091151042653,228.9516270510194,27459600
2025-11-21,196.8611602783203,206.31992830704394,191.70094196863658,205.10168322376393,44834100
2025-11-24,198.36663818359375,201.87282751092232,192.44377191609706,194.97931272172713,31144700
2025-11-25,195.14768981933594,197.50495753246148,183.8566047732185,192.2258754104123,29595000
2025-11-26,203.00193786621094,207.99378198410258,200.30792195718513,207.49855869366425,26544100
2025-11-28,200.0206756591797,200.40694920512158,195.72214130423376,197.6039836843578,13848500
2025-12-01,199.0203399658203,201.55588081499275,194.8208409887437,198.58454104867837,13461200
2025-12-02,199.17881774902344,207.69664946019373,198.0893204413895,203.1802153722126,19664500
2025-12-03,205.74546813964844,205.93365541187117,197.4950461419395,198.41616933939397,19060500
2025-12-04,212.2824249267578,213.35210908512565,204.3489529767997,205.87423411503664,23316900
2025-12-05,215.50135803222656,217.4030135582173,211.57918311967302,216.90779029270885,24208700
2025-12-08,218.43307495117188,222.60286156616453,214.83776426034606,219.23534934963544,24711200
2025-12-09,219.4136199951172,220.49320309264735,216.1946687518837,217.9279501905479,17643600
2025-12-10,220.87948608398438,223.1674303758053,215.50136841567692,219.68105418699835,47928000
2025-12-11,196.9503173828125,200.06031918010268,184.4508707012314,188.79893077949723,100612700
2025-12-12,188.15513610839844,195.95985991601637,184.20324885348734,194.49398811107298,55201600
2025-12-15,183.1533660888672,187.16467746105278,179.66699015585746,186.49116597815788,43897500
2025-12-16,186.8477325439453,187.98675512554968,182.72748644949797,182.9354717582941,32433500
2025-12-17,176.75509643554688,184.71827997901767,175.37837634746248,181.55875309373388,50222000
2025-12-18,178.31008911132812,182.994897006637,176.8739446531527,180.97439271788906,36297300
2025-12-19,190.1360321044922,193.25593280159296,186.32280670757746,186.59023151713384,77008600
2025-12-22,196.48480224609375,196.90078800644136,190.98782056825766,194.93970796108377,27148000
2025-12-23,193.47381591796875,195.31604701472781,190.3539154843834,194.55339897715714,18301600
2025-12-24,195.60330200195312,196.38574815633484,192.5626237241445,193.13708455844431,9282700
2025-12-26,196.09852600097656,198.45577861080451,194.2364815736537,196.16784940358133,11262000
2025-12-29,193.51344299316406,196.61353027712613,190.79961412863727,192.30509704795986,14748100
2025-12-30,195.3259735107422,196.48479417690953,193.8403036649356,194.18695089448133,14197400
2025-12-31,193.04794311523438,195.31605909352973,192.86965487522457,194.543511983856,10341500
2026-01-02,193.84031677246094,196.69279279244438,192.35464682619298,195.58349740206282,14540700
2026-01-05,190.75009155273438,199.7631609248871,190.492580898364,196.4451590395415,22635500
2026-01-06,191.89903259277344,193.0182421093506,188.87816737967754,190.7203986970888,16474500
2026-01-07,190.99771118164062,193.80067676262001,190.16573969758733,193.43421637124263,11171200
2026-01-08,187.8381805419922,189.12576406848842,184.37161764689495,189.0564406693542,19468500
2026-01-09,197.14321899414062,198.79169496774762,187.47076284555214,190.33079418293443,26152700
2026-01-12,203.26048278808594,205.1671804148495,195.6436780851804,196.22959779537723,25428500
2026-01-13,200.88705444335938,206.35885071854582,199.26836926262408,203.5782664871527,15857400
2026-01-14,192.26727294921875,200.2812978562516,189.4866885304706,200.2812978562516,22473200
2026-01-15,188.53334045410156,193.6575428196889,188.07652402213682,193.6575428196889,16418600
2026-01-16,189.76473999023438,190.5393292852399,185.23636714159738,188.59293085526497,19224700
2026-01-20,178.6721954345703,185.89177990210453,178.11608163815959,185.89177990210453,29129500
2026-01-21,172.67410278320312,179.34749908468692,169.416851630451,178.43386618428758,38190000
2026-01-22,176.9442596435547,178.91053864492068,175.27591823350863,178.12600905215297,21141900
2026-01-23,175.9313507080078,178.40407218084573,170.8071330789283,171.42282836084536,23011300
2026-01-26,181.17474365234375,184.0248347654861,177.2918566665803,177.85791087324176,21100400
2026-01-27,173.68701171875,178.47359089439897,172.47547156030626,177.94726781033333,27093700
2026-01-28,171.60157775878906,180.41998171163897,170.66809454586277,173.7068700072003,35882700
2026-01-29,167.83786010742188,169.04940025810197,160.3998151750428,168.96995326345484,37254500
2026-01-30,163.43858337402344,167.7286148207701,162.10788036785846,167.0036818626301,27362400
2026-02-02,158.94993591308594,170.01267623587165,158.89035445463986,169.73461932781322,47421000
2026-02-03,153.59732055664062,158.27466212008704,150.84652700121748,157.16241931422803,43260100
2026-02-04,145.65280151367188,152.87238631301568,143.42833107282857,152.822730046133,42323400
2026-02-05,135.53347778320312,145.53364745406353,134.31201233895845,144.59023893772877,42789000
2026-02-06,141.8295135498047,142.20686784727977,137.94662677669297,138.78079752222578,29962400
2026-02-09,155.50399780273438,158.6420858927868,145.9805109623766,147.4601828210762,49936500
2026-02-10,158.78111267089844,164.2429684656548,155.87144040275126,158.89035039291215,40092200
2026-02-11,156.07005310058594,162.52497370070802,152.93196498750734,162.52497370070802,24538900
2026-02-12,155.39476013183594,157.93700334130293,151.44236686564787,156.8347009173426,23285400
2026-02-13,159.02938842773438,161.17441192402597,154.21301832999148,158.1455614065261,18597000
2026-02-17,152.9021759033203,158.17534713351662,151.81973899698275,156.88435996901177,19610800
2026-02-18,155.08692932128906,156.20909740381583,150.32021521001258,153.3391407134398,14801100
2026-02-19,155.454345703125,158.9698033224978,154.68969677344117,156.0998468674784,14976300
2026-02-20,147.0530242919922,152.9220403734579,146.36780721660742,152.23682329807312,29621900
2026-02-23,140.32997131347656,144.78883730271278,137.62883409835757,144.67959957883056,31749800
2026-02-24,145.12648010253906,145.7421753907146,137.76786676245285,139.8632339642692,21336600
2026-02-25,146.8643341064453,152.2169520959094,146.31814550487462,148.12553048589686,27303900
2026-02-26,149.26754760742188,151.44236165168095,144.1433302912175,147.7580850714079,20652200
2026-02-27,144.3916015625,145.06689343918134,141.11450016934114,142.8821541260872,36425200
2026-03-02,148.21490478515625,149.12852248038405,140.2008654741037,140.63781636159624,22418800
2026-03-03,147.97657775878906,149.8832603224921,142.0579201418087,143.74612724116352,20120800
2026-03-04,151.31326293945312,152.5446686180396,148.06595229240406,148.96962964986253,17585400
2026-03-05,153.7164764404297,156.84463930047102,149.07886616425014,151.5317371566805,24094800
2026-03-06,151.89918518066406,158.08597410034844,150.56846694887784,151.85945410648029,38000600
2026-03-09,150.50888061523438,150.94583149931196,145.41445395318397,149.65484438352757,31173500
2026-03-10,148.36386108398438,153.0709932476736,147.42045264344006,152.55459535748406,51544600
2026-03-11,161.98870849609375,170.56878687048746,159.4663308334791,165.22610910561966,83247500
2026-03-12,158.0561981201172,166.66606816762652,157.51000944636058,163.5180545517503,37133700
2026-03-13,154.03427124023438,159.65502126202176,153.08092242987794,157.94694871015022,26350400
2026-03-16,154.8883056640625,157.63909918259674,153.43842450487054,154.97767785219324,21607700
2026-03-17,153.6171875,157.81784711953617,152.4354380315028,154.3619860571572,23929500
2026-03-18,151.83958435058594,153.89523552297797,150.98554811494398,152.3361166933321,18051100
2026-03-19,154.44143676757812,155.83172137983988,147.8574125150856,149.41653147230454,22046100
2026-03-20,148.6419219970703,152.1871703681397,146.92392425140545,151.98856045208595,37551400
2026-03-23,153.2696075439453,154.69962318664022,149.66479286036432,150.36986033646522,19927900
2026-03-24,146.06988525390625,152.83265353678863,145.83155942026704,151.93890135471162,26122100
2026-03-25,145.00732421875,148.80082381974464,143.59717404172306,148.19505369448265,20683800
2026-03-26,141.81956481933594,145.45418519235682,141.5514331123519,142.89207649430756,16961900
2026-03-27,138.69142150878906,140.707341664734,137.34085289245976,139.95260278465986,17929600
2026-03-30,137.83738708496094,140.2207363676544,136.00021127953437,139.06877764806765,20125700
2026-03-31,146.08975219726562,146.37773430000672,138.88010775394596,139.32698384928602,24492000
2026-04-01,144.22279357910156,148.6121380829445,143.66667972746043,148.05602423130335,20495900
2026-04-02,145.3648223876953,145.42440384798874,139.3269869128592,141.7897832404353,14381900
2026-04-06,144.53062438964844,147.51975872325687,142.85235783762272,146.4174563411783,12556700
2026-04-07,142.1770782470703,143.56737798697142,138.96948335173397,142.78284834987056,17250400
2026-04-08,142.66368103027344,150.40958886157495,141.90894214666574,149.25763015193746,23527000
2026-04-09,137.38204956054688,142.30492535649793,135.52849744316222,141.70699943248175,30407800
2026-04-10,137.6112518310547,139.6840424992646,134.10346627490406,136.84393229395891,26171800
2026-04-13,155.08047485351562,155.3694779653856,139.23560477896012,139.28543447471924,49997700
2026-04-14,162.4348907470703,168.81269632594982,160.99988069035047,167.34779149353895,59779800
2026-04-15,169.22128295898438,171.9617489788171,165.63377292928178,166.31140813717766,43010800
2026-04-16,177.72171020507812,179.64502700380305,173.19745660129092,175.80836846916668,46997300
2026-04-17,174.4530792236328,183.86035396799997,172.75897602228687,182.29578972754894,45282600
2026-04-20,176.96435546875,177.1437241337477,172.90845832122835,176.19702069918586,22330900
2026-04-21,180.54190063476562,184.69744185391838,175.39978616849046,177.73168518842633,39638000
2026-04-22,186.84996032714844,188.52412867285312,182.16625769612565,185.53452930761875,32448800
2026-04-23,175.66885375976562,181.25940506244572,173.47648397959247,179.77456526841104,37084200
2026-04-24,172.67926025390625,180.08350934705402,168.21479607095443,179.88419055553038,33215000
2026-04-27,172.36036682128906,172.9483176843477,167.31789670409404,171.98167938805025,21616600
2026-04-28,165.3846435546875,168.1151345761582,161.48819539973903,161.59781465135282,33716500
2026-04-29,163.26202392578125,164.18879243452346,160.0930406767096,163.47128736703132,20587500
2026-04-30,160.83047485351562,164.60732857559,159.77415221061997,161.45829556636002,21016400
2026-05-01,171.23428344726562,173.69572140707442,165.5739675636214,165.8430357567767,26318000
2026-05-04,179.66494750976562,182.86382547986815,173.65585407967757,175.40976208307873,33504500
2026-05-05,184.70741271972656,185.87335460025724,178.3794215704854,181.49857498114957,23497200
2026-05-06,193.35731506347656,193.61640819386528,182.0366985044076,185.55445911068674,27685500
2026-05-07,193.91537475585938,199.4560964296715,190.13852094922035,197.92144212666506,31803200
2026-05-08,195.27066040039062,197.31355632268708,189.55057006502687,191.91234867633833,21158300
2026-05-11,193.16796875,195.00158596942157,189.93921129968984,191.48382541035645,16890600
2026-05-12,186.18228149414062,192.25116444316905,180.24293750852308,192.25116444316905,22123400
2026-05-13,189.10211181640625,190.90584946443576,184.4184093808476,188.37464692554053,15789300
2026-05-14,194.9318389892578,200.014163847459,184.807059111885,187.5275901989538,22545000
2026-05-15,192.2810516357422,195.74898244041898,188.2450896858239,189.82958881387833,15747100
2026-05-18,185.96304321289062,190.09864951363005,182.6346262937408,189.34128982843612,19114300
2026-05-19,180.83090209960938,188.06572689480225,180.30272556987043,185.3551556600763,16717700
2026-05-20,187.50767517089844,187.56746472504855,178.18012457626247,179.31617172278084,16517200
2026-05-21,189.11209106445312,192.15152006737793,186.5509936929414,188.3547161750033,12119700
2026-05-22,191.41407775878906,196.3170187370588,190.43747958820265,191.0054955424612,10875800
2026-05-26,192.3906707763672,194.52325092368912,189.89933811800566,192.6298441856895,12856100
2026-05-27,190.2979736328125,191.4738754300888,187.2685043953512,190.81615991336366,12126000
2026-05-28,202.99378967285156,204.28928574558662,192.70957597555034,193.36727626586583,25339900
2026-05-29,224.9972381591797,225.50546455715485,207.28884102481334,208.27541425064666,41082200
2026-06-01,247.28968811035156,249.3824137486397,223.82134525496076,229.70088459165413,48390000
2026-06-02,243.73207092285156,248.13674546339882,238.01196537258744,241.95824319584935,30294800
2026-06-03,229.53146362304688,239.67616296732885,226.82089245871197,239.64626819172787,23644700
2026-06-04,235.5206298828125,238.12158188953796,223.22341504281357,226.2130143514227,19993800
2026-06-05,212.93917846679688,230.63761546923837,208.72384785085606,228.69437902968323,29019900
2026-06-08,211.0856475830078,218.3005374625011,208.60427470114743,216.99508154036687,17227200
2026-06-09,205.0964813232422,219.73555545521918,197.1042813524375,213.16840576925884,26040700
2026-06-10,200.56224060058594,211.74334288511918,197.49291691405838,197.81181479593093,46108300
2026-06-11,183.4617462158203,184.12942155509757,174.67231714634136,179.0470967618207,63678500
2026-06-12,183.49163818359375,184.93660808713287,178.37941869260862,184.36857694107326,29562300
2026-06-15,191.97213745117188,194.6428540895421,185.56443686107608,186.74033863051216,20279900
2026-06-16,187.6770782470703,194.64285000480032,187.0094029029616,189.35124653572112,16985500
2026-06-17,182.8937225341797,189.53063677139517,181.94701911013038,185.51460950906105,16616600
2026-06-18,183.6510772705078,187.33826188438044,177.08392782803517,182.3755161261877,31386100
2026-06-22,174.4630584716797,183.9400828522113,173.79536790830892,181.6779484399822,22935400
2026-06-23,164.58740234375,173.72560859622362,164.03930612455187,169.6398170049876,33327900
2026-06-24,156.98385620117188,165.1753594043948,154.81142136725865,161.9166919476368,38305000
2026-06-25,151.9314422607422,157.07354147130096,149.83871668017542,156.80448848405618,36844400
2026-06-26,148.0150604248047,153.00768579174587,147.48689909721142,149.73905843363008,36532100
2026-06-29,147.2477264404297,153.96436505683477,144.69660411903206,153.40630894976508,34310300
2026-06-30,146.04193115234375,149.41020274352846,143.97910030394291,146.73950129218147,35926900
2026-07-01,142.00596618652344,147.03846136273228,142.00596618652344,143.98907252177435,45964000
2026-07-02,139.78370666503906,146.55015993984455,138.3486965222042,142.80320083813373,44166700
2026-07-06,143.2615966796875,145.11514890176613,140.6706196763433,143.79973308287512,36683000
2026-07-07,141.1090850830078,145.05534742111888,137.07312321448111,143.22173026995844,47200000
2026-07-08,140.00294494628906,141.34825554862542,137.0731351103418,138.5778946629353,34607300
2026-07-09,143.72000122070312,148.553192714378,140.45137395281776,140.9297055709286,35221900
2026-07-10,140.63999938964844,145.67999267578125,139.25999450683594,145.64999389648438,29843300
2026-07-13,131.5399932861328,139.64999389648438,131.35000610351562,139.02999877929688,56690300
2026-07-14,127.94000244140625,132.75999450683594,127.5999984741211,132.0,52670400
2026-07-15,132.49000549316406,133.89999389648438,128.83999633789062,130.55999755859375,48520400
2026-07-16,124.20999908447266,131.77999877929688,123.66000366210938,131.47999572753906,54780900
2026-07-17,126.41000366210938,128.44000244140625,121.5,121.69999694824219,39917100
2026-07-20,121.37999725341797,125.48999786376953,120.02999877929688,124.2699966430664,36793200
2026-07-21,127.05000305175781,127.41999816894531,122.20999908447266,122.80999755859375,27748100
2026-07-22,125.83999633789062,128.83999633789062,124.69999694824219,126.18000030517578,21096700
2026-07-23,120.04000091552734,124.69999694824219,119.44000244140625,123.95999908447266,30900600
2026-07-24,114.98999786376953,123.08000183105469,114.75,122.47000122070312,46405700
2026-07-27,119.9000015258789,121.98999786376953,116.80000305175781,118.0,36916600
2026-07-28,119.95999908447266,122.33000183105469,114.5,118.18000030517578,32665400
2026-07-29,117.73999786376953,121.91999816894531,116.19999694824219,119.41999816894531,28081800
2026-07-30,127.55999755859375,128.33999633789062,121.58000183105469,122.87000274658203,41338400
2026-07-31,129.8699951171875,132.39999389648438,125.69999694824219,130.07000732421875,34438700
2026-08-03,141.85000610351562,143.07000732421875,130.2100067138672,131.9199981689453,49696900
2026-08-04,145.74000549316406,148.6999969482422,141.00999450683594,141.00999450683594,43723500
2026-08-05,144.38999938964844,146.38999938964844,142.5,145.0,23524100
2026-08-06,143.47000122070312,146.5800018310547,138.72000122070312,139.25,23073300
2026-08-07,147.02000427246094,147.16000366210938,142.33999633789062,145.32000732421875,22874000
2026-08-10,151.0500030517578,151.99000549316406,146.62010192871094,148.25999450683594,21279163
