Date,Close,High,Low,Open,Volume
2016-08-11,60.57600784301758,60.59491103859517,59.98045621142004,60.12225181487413,1956700
2016-08-12,60.61381912231445,60.973037522174565,60.56655031687178,60.831238318053664,1734300
2016-08-15,59.98045349121094,60.82178268819847,59.97099828774725,60.642177095630906,1769100
2016-08-16,59.21473693847656,59.59286569583129,58.88387698036849,59.233643736954605,5784800
2016-08-17,60.19786834716797,60.292398732708335,58.609733348588925,59.07294089238409,4953100
2016-08-18,61.606388092041016,61.61584329387739,60.02770835903976,60.1411455383559,3713100
2016-08-19,61.24717330932617,61.46459247873405,60.70834216868954,61.3511588989408,3467200
2016-08-22,61.152645111083984,61.71983466697174,61.11483151239727,61.39842268423789,4793300
2016-08-23,60.35858154296875,61.63476000703164,60.320771545637065,61.1526527906971,2448300
2016-08-24,60.20732116699219,60.33966875798295,59.74411721988548,60.216776369400236,1716400
2016-08-25,59.97099304199219,60.3963870080597,59.90482104794871,60.23568462426931,1841400
2016-08-26,58.70426559448242,60.32076264483322,58.58137681060617,59.999354275266164,2928300
2016-08-29,58.95004653930664,59.28090648376116,58.742075370733545,58.742075370733545,3541200
2016-08-30,58.486846923828125,59.299821304309475,58.47739532675195,58.95005451483613,2451700
2016-08-31,58.553016662597656,58.657002256940785,58.1181710918021,58.48684466730717,3373000
2016-09-01,58.43012619018555,58.808251351500104,58.25051340291569,58.5435633779696,2112200
2016-09-02,58.94060516357422,59.139124782918195,58.269429915321865,58.382867122015725,2423700
2016-09-06,59.54560470581055,59.89537148708551,59.091848722514534,59.29036831749529,2330100
2016-09-07,59.46052551269531,59.58341430150177,59.05403833469657,59.37544671715829,1914900
2016-09-08,59.640140533447266,59.70631253576963,59.20529491644213,59.27146691876449,1594200
2016-09-09,57.503719329833984,59.29037050794422,57.48481252932287,59.158026510469895,2775800
2016-09-12,58.18434524536133,58.345051244244594,57.41863966971055,57.41863966971055,2925800
2016-09-13,57.4942626953125,58.12762787530616,57.13504070675047,58.023642278135306,3615700
2016-09-14,58.0709114074707,58.174897011682965,57.437546184588555,57.72114459829605,2777100
2016-09-15,58.45848083496094,58.49629443049726,57.63605496561213,57.9007429221605,1763700
2016-09-16,59.006771087646484,59.139118688939334,58.033094317806984,58.43012990947871,3084200
2016-09-19,59.243099212646484,59.46052560633051,58.93114603258836,59.0351316279755,2068400
2016-09-20,59.12966537475586,59.64958977508251,59.08240017583589,59.49833897487651,2531200
2016-09-21,60.226226806640625,60.245133604989725,59.00676535889656,59.101299350642066,3153200
2016-09-22,60.519283294677734,60.83124011049434,60.08444128428279,60.585455296923016,2113000
2016-09-23,60.6894416809082,60.87850969846876,60.084442055232955,60.462567272042946,2120800
2016-09-26,60.405845642089844,60.76506402841629,60.282953243555305,60.62326482963772,2099900
2016-09-27,59.41325378417969,60.86904483339936,59.356536994017326,60.66107365319565,2941300
2016-09-28,59.432308197021484,59.632384024141835,58.832077081222174,59.42277869986055,2050100
2016-09-29,58.84160614013672,59.489473873617136,58.574838356152476,59.165540006876924,2440000
2016-09-30,58.27949142456055,59.41326188647222,58.050834340006794,59.11790921494823,3495000
2016-10-03,57.31721496582031,58.18421391870058,57.021862316257675,58.165158557331516,2697000
2016-10-04,56.04053497314453,57.37438119688697,55.69754573649999,57.37438119688697,3700900
2016-10-05,55.973846435546875,56.47880082334927,55.44983668516568,56.031012523283266,4434500
2016-10-06,56.221553802490234,56.43115913748752,55.47841290122853,55.5736897055175,3085500
2016-10-07,56.516910552978516,57.06950515471351,56.278723976597306,56.62171322809644,3692800
2016-10-10,56.65982437133789,56.77415291120299,56.364471706044384,56.60265828418596,2413800
2016-10-11,56.04053497314453,56.69792858708753,55.90715107765801,56.58360005301887,2531700
2016-10-12,56.50738525390625,56.62171379406918,56.07864868524681,56.15486650054251,1973800
2016-10-13,57.51728820800781,57.66020159459496,56.373992018625835,56.58359734977007,3196900
2016-10-14,56.97422409057617,57.679257903189345,56.964698227385036,57.221940146807206,2607200
2016-10-17,57.54587173461914,57.88885731250394,57.25051910524351,57.41248421415258,1999800
2016-10-18,58.05082321166992,58.23184367177661,57.355318958285544,57.86980275156324,1985400
2016-10-19,58.012718200683594,58.21279403960674,57.622092386121906,57.822168225045054,2083600
2016-10-20,57.96508026123047,58.3652319297286,57.82216687423062,58.098464150729846,1532800
2016-10-21,57.46013259887695,57.84122895106379,57.21241651723862,57.669734320526125,1312900
2016-10-24,57.65068054199219,57.83170467611139,57.34580199808912,57.70784663188861,1394200
2016-10-25,57.91745376586914,57.926979630590544,57.43155107297943,57.50777252850685,1564600
2016-10-26,58.04130554199219,58.269966263744855,57.526825278316714,57.831703817694354,1565600
2016-10-27,57.83169937133789,57.936502042648556,57.34579673788639,57.803114511792245,1257100
2016-10-28,58.10800552368164,58.29855189937193,57.679268909500195,57.93651087800906,1870000
2016-10-31,59.184593200683594,59.727658246445685,58.336649660263426,58.35570502048434,2934000
2016-11-01,58.31760025024414,59.17507337548276,58.12705026303126,59.16554387718083,2685700
2016-11-02,57.4124870300293,58.07941012731904,57.031390713319794,58.0603547663178,3177500
2016-11-03,57.35533142089844,57.61257337343282,56.97423142430552,57.29816533107782,3200900
2016-11-04,57.002811431884766,58.832082537090486,56.94564534693261,58.49862279429943,2833300
2016-11-07,58.20327377319336,58.21279963739398,56.688406954575875,57.507769384505174,3278400
2016-11-08,59.08932113647461,59.289396970869696,58.25090344330298,58.31759538810134,2327300
2016-11-09,56.602657318115234,57.974610676396814,56.53596536812897,57.95555894877676,3520000
2016-11-10,55.73565673828125,56.640766420747894,55.28786482881659,56.21202987279647,4578600
2016-11-11,55.71660232543945,56.35494422646679,55.46888989042678,55.77376841095252,3013000
2016-11-14,55.402198791503906,55.64991123031837,54.90677027943629,55.43078001747977,5576700
2016-11-15,56.30730438232422,56.38352583018622,55.46889026247425,55.61180002555749,2370900
2016-11-16,55.93573760986328,56.63124201263291,55.507001023378194,56.38352955957426,1352800
2016-11-17,55.89762496948242,56.39305349307522,55.83093301769481,55.86904374284167,2424700
2016-11-18,55.6213264465332,56.18344687288103,55.39266575003643,55.87856836717765,1916500
2016-11-21,56.36447525024414,56.421641340990675,55.62133424273411,55.697552062623835,1417700
2016-11-22,56.516910552978516,56.63123909199865,56.16439543757716,56.3263605649858,2342200
2016-11-23,55.93573760986328,56.46927687687128,55.83093492934038,55.90715638224391,1222700
2016-11-25,56.488319396972656,56.65981399257586,56.14533020576624,56.14533020576624,1726100
2016-11-28,57.869808197021484,58.15563134203633,56.77414856761967,56.77414856761967,2057800
2016-11-29,57.60304260253906,58.336657717394836,57.56493187683358,57.75548187092216,3046800
2016-11-30,56.021480560302734,57.183832185404256,56.011954696651785,56.92659025356514,3441900
2016-12-01,55.29738998413086,55.74517822399084,54.878179332638574,55.70707113839561,2306300
2016-12-02,55.52605056762695,56.15486295042764,55.23070155467481,55.73565590670669,2342900
2016-12-05,55.6213264465332,55.6213264465332,54.916292630570084,55.29739257991855,2864200
2016-12-06,55.6213264465332,56.08817006832468,55.43077647185897,55.783291562621294,1664100
2016-12-07,56.021480560302734,56.3168332156229,55.783293990204136,55.84998593907665,2023900
2016-12-08,56.39305114746094,56.44069136913236,55.31645046513325,55.6784914356533,1854300
2016-12-09,56.52643966674805,56.8789547797511,56.17392091930629,56.393052131953525,3849300
2016-12-12,56.993282318115234,57.145721577910194,56.10722798479496,56.27872260636912,3114200
2016-12-13,57.726898193359375,57.90791868111785,57.21241432149168,57.26005090938194,2659600
2016-12-14,56.688411712646484,58.33666257504956,56.55502779600935,58.00320278345671,3074300
2016-12-15,57.1743049621582,57.26005227618295,56.55502203592508,56.65029521397978,1927600
2016-12-16,58.1556396484375,58.26044233128094,57.307695955524515,57.307695955524515,4473000
2016-12-19,57.94602966308594,58.56531621173147,57.79359040049547,58.52720548747418,2349200
2016-12-20,58.24138641357422,58.355714959934446,57.765013230227815,57.86981591207426,2090200
2016-12-21,58.23184585571289,58.63200114363796,58.18420927331278,58.18420927331278,1505200
2016-12-22,58.3842887878418,58.46051023204703,57.98413710907982,58.184212948460804,966200
2016-12-23,58.29854965209961,58.61295770185936,58.08894792003211,58.48909965488379,703500
2016-12-27,58.28901672363281,58.441455980498816,57.79358823020864,57.98413820990079,909300
2016-12-28,57.703155517578125,58.32743843820542,57.635921441786095,58.32743843820542,998500
2016-12-29,58.673194885253906,58.78844649270048,57.7415682602892,57.866426305562804,1080000
2016-12-30,58.36585235595703,58.807653218980995,58.154554698083665,58.70200439004431,1678300
2017-01-03,57.98168182373047,58.41387996053399,57.70315739226401,58.40427718584182,1731300
2017-01-04,58.19297790527344,58.56754839227999,57.866428617973405,58.212187117912585,1788000
2017-01-05,58.14495849609375,58.96132990759199,57.799199985507215,58.26021011169499,3939000
2017-01-06,58.798057556152344,58.922911947465664,57.751179241383475,57.9528704862276,3100300
2017-01-09,57.9144401550293,58.99973667347863,57.81839777164033,58.77883626065834,1939400
2017-01-10,57.693546295166016,58.08732597383845,57.52066705440421,57.94326238239195,1495400
2017-01-11,58.471500396728516,58.67319161446219,57.799192673833936,57.84721386894447,2476000
2017-01-12,58.212181091308594,58.567542328886084,57.74156458982843,58.41387230746482,2495700
2017-01-13,58.1833610534668,58.50030382587208,57.808786993305205,58.202566597676494,1684200
2017-01-17,59.33589172363281,59.374310144472474,58.34664120159632,58.34664120159632,2505300
2017-01-18,59.0285530090332,59.31668384423154,58.93251061856121,59.066971430734945,2107800
2017-01-19,58.68279266357422,59.26866075254112,58.53872908247591,58.567541065939125,1892400
2017-01-20,58.93250274658203,59.15340314618646,58.557932344479646,58.884481557760516,1764000
2017-01-23,58.577152252197266,59.191832374463694,58.55794304040362,59.066974329696286,1917700
2017-01-24,58.481101989746094,58.66358765677779,58.308222759812,58.51952041057196,1775800
2017-01-25,58.433082580566406,58.46189456517479,58.06811489913657,58.2025757123522,1355100
2017-01-26,58.35625457763672,58.87489236185638,58.16416976610315,58.3850702303931,1569900
2017-01-27,58.22178649902344,58.60596340185007,58.173765302115726,58.548335767291334,1375700
2017-01-30,58.1833610534668,58.50990659797693,57.789577785313696,58.43307342979273,1538800
2017-01-31,59.4415397644043,59.460748974570556,58.16415843049671,58.33703765821085,2618500
2017-02-01,58.481101989746094,59.11499127824371,58.21218037152961,58.961321258722535,1787400
2017-02-02,59.499168395996094,59.547189590328614,58.577148275195526,58.75963027917201,1990900
2017-02-03,59.153411865234375,59.61442194067982,58.980532628969534,59.39352150851528,1907600
2017-02-06,59.191829681396484,59.470354080275875,59.01895044690177,59.22064166588482,993000
2017-02-07,59.38392639160156,59.49917800937746,59.105398290175515,59.2782775487308,908100
2017-02-08,60.670894622802734,61.10309265446109,59.96977499979335,60.037005397631106,2835300
2017-02-09,60.401981353759766,60.89180707838906,60.22910211727677,60.670902982163355,1802600
2017-02-10,60.84377670288086,60.9878439414838,59.950568616619556,60.075426645823306,1328800
2017-02-13,61.17033004760742,61.22795767967934,60.603671155471645,60.76694761445093,2034500
2017-02-14,60.81496047973633,61.275970481822284,60.44039008202785,61.03586087674949,2011900
2017-02-15,60.45000457763672,60.70932344106059,59.83532445564645,60.36356495649543,1898900
2017-02-16,60.882198333740234,61.420045233947626,60.51723066346443,61.2279567936034,2473100
2017-02-17,61.3912353515625,61.66015699502894,61.026271310795934,61.10310449587951,2501500
2017-02-21,62.0827522277832,62.22681948726435,61.08389517696319,61.39123524432587,1829600
2017-02-22,62.197998046875,62.36127082993931,61.804214752652044,62.1403667553033,1805400
2017-02-23,62.82229232788086,62.96635225579366,62.30365460469979,62.41890254703002,2069200
2017-02-24,63.705902099609375,63.72510764989346,62.956761069909646,63.100821015955034,2748900
2017-02-27,63.50420379638672,63.74431344988968,63.2929061288937,63.725100574172984,1402900
2017-02-28,64.10926818847656,64.28214740703119,63.40814487779276,63.619442514644426,2404100
2017-03-01,63.24488830566406,63.9460117960491,63.033590614655814,63.379349140384605,3499700
2017-03-02,63.56183624267578,64.06126116441824,63.00478001366475,63.24488969917991,2765600
2017-03-03,63.45618438720703,63.63867008437042,62.841504207627544,63.63867008437042,2771900
2017-03-06,63.15843200683594,63.48497754959235,63.052783195340965,63.26408081833091,2808100
2017-03-07,63.63866424560547,63.78273150238144,63.04318967046185,63.08160809410645,1961900
2017-03-08,62.582176208496094,63.023977039409104,62.44770807706981,62.9855586200822,2430800
2017-03-09,62.5533561706543,62.97595145076999,62.53415062499638,62.62058657180324,1655100
2017-03-10,63.03357696533203,63.24487461058578,62.620588111671786,62.927928142705156,2349200
2017-03-13,63.148841857910156,63.21607227096805,62.68782807725213,62.97596260610908,1900300
2017-03-14,63.071998596191406,63.29290268953879,62.726240127730556,63.081605033527744,1603200
2017-03-15,64.22451782226562,64.4742265279951,63.17763616609844,63.244866560343056,2241900
2017-03-16,63.40814971923828,64.01323069416168,63.244876924682444,64.01323069416168,2504100
2017-03-17,63.95560073852539,64.33017852147898,63.504200766630596,63.600243157936625,3267200
2017-03-20,63.542625427246094,64.26295442410992,63.379345285673864,63.95560701765183,1661000
2017-03-21,64.64710235595703,64.78156313742558,63.59062164689149,63.61943362469717,2682300
2017-03-22,64.79119110107422,65.54993852151017,64.59910630016924,64.87763439077727,2219000
2017-03-23,64.86802673339844,65.46350132911786,64.67593460853799,65.04090598199018,1898100
2017-03-24,65.17535400390625,65.58834283178057,64.72394675860596,64.75275873978447,2590600
2017-03-27,64.5318603515625,65.47308590799597,64.29175074445303,65.3002066977746,3474700
2017-03-28,64.6759262084961,64.7335575022518,64.29175666380137,64.5702847130001,2690500
2017-03-29,64.46308898925781,64.69528914086374,64.36634261672623,64.65658911559608,1363900
2017-03-30,64.20187377929688,64.36634335260842,63.86325778092747,64.19219692755055,1536400
2017-03-31,64.20187377929688,64.62756668083281,64.18252007580425,64.18252007580425,1951300
2017-04-03,64.37602233886719,64.43406868871939,63.660090292680145,64.17285273310905,1839100
2017-04-04,64.74365997314453,64.91780639980674,64.1438280222999,64.32764391952233,1360000
2017-04-05,65.28544616699219,65.35316936024664,64.49211416832246,64.62756055483135,3078100
2017-04-06,65.16934204101562,65.3531652889437,64.97584932413534,65.07259568257548,2230800
2017-04-07,64.83073425292969,65.3918661549945,64.74365735248563,65.28545031421277,1658800
2017-04-10,64.88877868652344,64.94682503092535,64.44373948980113,64.83073234212154,1607600
2017-04-11,64.83073425292969,64.87910374759868,64.3856950430904,64.82105740148592,1234900
2017-04-12,65.32414245605469,65.35317301016319,64.50178724024445,64.58886414002018,1824200
2017-04-13,64.95650482177734,65.31447451809719,64.64691200216494,65.25642078979325,1429600
2017-04-17,65.28544616699219,65.29511563654678,64.88877647702009,64.91779964823279,1241400
2017-04-18,65.33382415771484,65.60471696597246,65.07260820154512,65.30480098272659,1493000
2017-04-19,65.343505859375,65.53699862784069,65.1016362081549,65.2757826522844,2883200
2017-04-20,64.9661865234375,65.34350256984388,64.5404935967121,65.34350256984388,2029000
2017-04-21,65.14033508300781,65.41122790656658,64.76301902429726,64.79204220092487,2200200
2017-04-24,65.58536529541016,65.62406531933081,64.88877962738815,65.00487969915008,2705000
2017-04-25,65.45958709716797,65.60470294108657,65.11129430921562,65.32413334072086,2065800
2017-04-26,64.82105255126953,65.47893815599608,64.82105255126953,65.29511489869363,2349700
2017-04-27,65.0919418334961,65.49828096665874,64.78234905852351,64.90811858604319,2027600
2017-04-28,64.86943054199219,65.11130014523411,64.43406082739203,65.07260012296246,3693100
2017-05-01,64.29861450195312,64.89845377582914,64.01804487616957,64.89845377582914,2639300
2017-05-02,64.6178970336914,65.17903639713961,63.989034463018484,64.60822018086617,2883700
2017-05-03,64.5985336303711,65.04358021820902,64.38569456909954,64.55984098743073,2477700
2017-05-04,64.78235626220703,64.85007945859817,64.3566633813057,64.54048664919942,1823400
2017-05-05,64.95650482177734,65.17902812084644,64.66625832408288,65.00488169848477,2352100
2017-05-08,64.79203033447266,65.10162313059259,64.65658394749984,65.08226942886819,1443900
2017-05-09,64.5985336303711,64.89845697272055,64.45341776615751,64.7823569000748,1716400
2017-05-10,64.32763671875,64.86942964175977,63.69877428279321,64.65658321285676,3011100
2017-05-11,63.77616500854492,64.15348093873814,63.205356379222536,64.09543460525406,4307300
2017-05-12,64.17284393310547,64.31796716911069,63.81487426846252,63.85357429014887,2251500
2017-05-15,64.29861450195312,64.60820729914973,64.02772172706543,64.18251443502646,1703200
2017-05-16,63.418212890625,64.49211451898063,63.39885918886166,64.38569130310579,4067200
2017-05-17,63.20536804199219,63.930976869527235,63.021544777008735,63.418214479073086,4720000
2017-05-18,63.495609283447266,63.989025369551506,63.03122375169323,63.43756293729675,3335700
2017-05-19,63.40854263305664,63.71813546199142,63.11829612662234,63.592365912550044,3901400
2017-05-22,63.78585433959961,64.00837763028785,63.15699187246301,63.27309194342316,2847400
2017-05-23,64.00838470458984,64.53081662846351,63.68911501011936,63.80520771263547,2990400
2017-05-24,64.07609558105469,64.33731149273825,63.97934183920417,64.14381877158554,2476700
2017-05-25,65.10162353515625,65.2564162435409,63.91162183504345,64.19219146159483,5289300
2017-05-26,65.17904663085938,65.48863953839219,65.02424648645439,65.13066974041352,4077100
2017-05-30,65.68211364746094,65.89496009481275,64.93715846300468,65.15967438067243,1958400
2017-05-31,66.15617370605469,66.25292745600478,65.72081135637842,65.7595113801035,3183300
2017-06-01,66.64959716796875,66.67862034366017,65.80788816653956,66.06911151031355,2883900
2017-06-02,66.61090087890625,68.03309561782018,66.45610813943811,68.03309561782018,2371700
2017-06-05,66.485107421875,66.79470017081904,66.44640740559782,66.55283060504172,1377000
2017-06-06,66.44642639160156,66.67861917433663,66.32065683871913,66.67861917433663,2149500
2017-06-07,66.77536010742188,66.93983705550404,66.33999775263203,66.46576729525968,1688400
2017-06-08,66.26258850097656,66.77535083290746,65.72080300026073,66.77535083290746,2743500
2017-06-09,66.18519592285156,66.41738865467933,65.63372619019061,65.96267265978098,2750100
2017-06-12,65.14033508300781,66.1271599947256,65.14033508300781,66.0691136414704,2567800
2017-06-13,65.26609802246094,65.37252124681862,64.88878200202011,65.14032847607237,1964900
2017-06-14,66.12714385986328,66.3786902980522,65.44991196620929,65.76918159376362,2995200
2017-06-15,66.8140640258789,66.9882104542,65.85626236075056,65.93366241362111,4010800
2017-06-16,66.91082763671875,67.26879001673123,66.76570436153264,67.16236677367984,4509100
2017-06-19,66.7850341796875,67.10430382992769,66.60121091780232,66.97853429253362,2979800
2017-06-20,66.96885681152344,67.05592632552911,66.6786103356222,66.87211044664785,1216800
2017-06-21,66.9301528930664,67.1623456315059,66.62056011472238,67.02689925231002,1761700
2017-06-22,66.57220458984375,67.15269769398002,66.52383508535002,66.80440478400882,1524100
2017-06-23,65.81757354736328,66.62058262483092,65.68212712240206,66.52383623289813,2768400
2017-06-26,65.9046401977539,66.40772578617971,65.64341686083489,65.95300969554509,1965100
2017-06-27,64.8597640991211,65.85626584338203,64.84041039424233,65.61439620132741,2266300
2017-06-28,64.45993041992188,65.23032989378123,64.39166755211633,65.06454970626702,2684000
2017-06-29,64.45993041992188,64.68422695133695,63.80655619376968,64.10886211689495,3258800
2017-06-30,64.72322845458984,65.22056896401492,64.52818639590903,64.62570370520254,3148800
2017-07-03,63.99185562133789,64.96704387100115,63.99185562133789,64.86951909395812,1525400
2017-07-05,63.816314697265625,64.29415480589495,63.5822641852024,64.08936618791095,1836600
2017-07-06,63.59200668334961,63.952828910981026,63.44572699971018,63.59200668334961,2894200
2017-07-07,63.699275970458984,63.97232740336088,63.504241358412926,63.640767074863874,1479600
2017-07-10,63.445743560791016,63.933337673468706,63.40673513896531,63.84557430443267,1607800
2017-07-11,63.435977935791016,63.748037776344404,63.23118192284314,63.58225017347739,1707100
2017-07-12,63.42621994018555,64.05033958160664,63.36771104883138,64.01133117400619,2728200
2017-07-13,64.55744934082031,65.04504339155187,63.60176916783953,63.70904045420805,5120700
2017-07-14,64.70372009277344,65.23032248752331,64.58670229844707,64.97677153299328,2406300
2017-07-17,64.83050537109375,64.86950634613162,64.46968311119078,64.69397219808347,1139000
2017-07-18,64.97676849365234,65.07429323782084,64.81098833271533,65.00603038095893,2090700
2017-07-19,65.43511199951172,65.43511199951172,64.89876307432597,65.142560069436,1396000
2017-07-20,65.96170806884766,66.10798773988829,65.46436016334677,65.60088587229319,2462300
2017-07-21,66.56632995605469,66.57607647845387,65.67890537156234,65.84468553346967,1525400
2017-07-24,66.21525573730469,66.585824437586,66.0007132223708,66.5175615864791,2242300
2017-07-25,65.83495330810547,66.27378499435741,65.82519934349463,66.13725925018592,2413500
2017-07-26,66.21525573730469,66.21525573730469,65.54237374775619,65.74716230107687,2056000
2017-07-27,65.87395477294922,66.4883205568699,65.65941221472777,66.4883205568699,2842200
2017-07-28,65.77643585205078,66.09824971792959,65.4936378439578,65.80569774539015,1423500
2017-07-31,66.01048278808594,66.18601693815398,65.60089814453082,65.8446951618423,1438900
2017-08-01,66.52733612060547,66.53709008523492,65.73743610780566,65.83495343381507,1893000
2017-08-02,66.693115234375,66.73212365216348,65.90321523441928,66.2542835544207,1732700
2017-08-03,67.20021057128906,67.27821995904651,66.50782052422338,66.64434625291668,2407000
2017-08-04,66.84912872314453,67.17093505257701,66.42004369711097,66.93689205660084,1281300
2017-08-07,67.22946166992188,67.2684700819029,66.54682562039467,66.83938499020545,1456700
2017-08-08,67.53176879882812,67.54152276202538,66.9271495621954,67.04417480028063,1416100
2017-08-09,67.30745697021484,67.73654197212952,67.19043919885068,67.73654197212952,1625100
2017-08-10,67.41474914550781,67.59028329713024,66.97591748649901,67.19046005404806,1613100
2017-08-11,67.30745697021484,67.6877870474252,67.12217635219082,67.53175343214996,2199900
2017-08-14,67.4537353515625,67.56100660001681,67.11242112470433,67.268454737035,1296900
2017-08-15,67.62930297851562,67.91210846102136,66.829648919053,67.20997173757206,1732300
2017-08-16,67.83406066894531,67.95108588282962,67.46349198511703,67.70728893397332,1327500
2017-08-17,67.26847076416016,67.9608533436346,67.23920887480722,67.80481969412794,1246700
2017-08-18,67.42450714111328,67.7658215007615,67.04418436320597,67.34649030459511,2069200
2017-08-21,67.62930297851562,67.79508319374787,67.34649749600989,67.52203167687222,868400
2017-08-22,67.94133758544922,67.94133758544922,67.4732515710758,67.7072945782625,2269600
2017-08-23,68.16565704345703,68.1754110087375,67.70731739651734,67.89260553636842,1066300
2017-08-24,68.04861450195312,68.30216545419648,67.95109719419604,68.13638528700007,1035700
2017-08-25,68.34119415283203,68.60449170594707,68.08764312532044,68.2631773074291,1353400
2017-08-28,68.56548309326172,68.69226232671416,68.22416869568947,68.55573656768527,3102000
2017-08-29,68.5167007446289,68.82876056048447,68.40942948541985,68.45818441409213,1051100
2017-08-30,68.37043762207031,68.58498019240145,68.3021747533372,68.44845445493522,1223100
2017-08-31,68.63373565673828,68.67274407346846,68.27292082214979,68.45820150149977,2498300
2017-09-01,68.13639068603516,68.78976488388317,67.98035702918499,68.71174805545807,1552200
2017-09-05,68.10713195800781,68.3801908701757,67.82433396199949,68.20465671811507,3374600
2017-09-06,67.95109558105469,68.35091876539515,67.87307876066365,68.34117224291639,2653800
2017-09-07,68.56548309326172,68.63374597277617,68.00962609147382,68.15590581617502,1539300
2017-09-08,68.88727569580078,69.01404744995249,68.292410455385,68.48745250803401,1383300
2017-09-11,69.7844467163086,69.79420067895026,68.86777511051756,68.87752163306568,1619100
2017-09-12,68.41919708251953,69.71619153309335,68.06812878970567,69.67718311832577,1963400
2017-09-13,67.82433319091797,68.41919850835525,67.74631635975696,68.35092820101848,2544900
2017-09-14,68.3509292602539,68.41919956864866,67.53177484065243,67.74631740962272,1944600
2017-09-15,68.53621673583984,68.63373405534264,68.22415684937417,68.41919892847432,3026000
2017-09-18,67.9218521118164,68.58498031213638,67.4732664822021,68.5264639673382,1487900
2017-09-19,67.56104278564453,68.0291364332549,67.53178832768691,67.95111958530383,1694000
2017-09-20,67.33673095703125,67.93159620203463,66.95640825154956,67.7463081106125,2700700
2017-09-21,67.4635238647461,67.61955011689565,67.20022630920171,67.39526098441266,2346000
2017-09-22,67.19046783447266,67.72681687535805,67.06368860800694,67.72681687535805,2890000
2017-09-25,67.5707778930664,67.64879471924345,66.97591261363091,67.18070120227516,1959700
2017-09-26,67.32699584960938,67.6293018180923,67.15146167175898,67.26848693702448,2344000
2017-09-27,66.28353881835938,67.20021804736203,65.84469969294331,66.94666704868352,2631300
2017-09-28,66.883056640625,66.96167907237549,66.10660295054693,66.25403219524378,2349800
2017-09-29,66.92237854003906,67.07963843458127,66.56855877444808,66.91255542055355,3118800
2017-10-02,66.96170043945312,67.35484271790645,66.84376300491282,67.11896035026056,1525000
2017-10-03,67.13861846923828,67.18776406921266,66.45062506099154,66.82410612567324,2576900
2017-10-04,68.01334381103516,68.0231744289584,67.10912192477119,67.27620493664432,2279100
2017-10-05,67.88558959960938,68.13130260778786,67.54159288787268,67.97405018180791,1783000
2017-10-06,67.6595230102539,67.76763732203702,67.41381002866774,67.74798358287877,2201400
2017-10-09,67.47278594970703,67.7676370271885,67.39415599628595,67.71849893022413,963900
2017-10-10,68.00353240966797,68.13130047042881,67.35484648911516,67.58090574891663,2004700
2017-10-11,67.96419525146484,68.47527482629674,67.49242314514342,67.89539593372663,4473600
2017-10-12,63.39395523071289,68.1607860235417,63.315325269530625,68.10181730193791,12958000
2017-10-13,56.73020935058594,62.96148641094533,55.16747477650174,62.85337585804527,29216400
2017-10-16,52.513771057128906,56.494320027777924,48.97550613861467,56.29774892135335,39289900
2017-10-17,56.45500946044922,58.47968564077917,53.52611136902659,54.44999451650562,27735300
2017-10-18,55.4721565246582,56.89729244315178,55.442672169215335,56.72037881193011,12402500
2017-10-19,56.022552490234375,56.56312022931882,55.5704415629479,55.85546948421714,10741800
2017-10-20,56.8678092956543,57.36906209524147,56.30758403464651,56.35672587785587,7758300
2017-10-23,56.27809143066406,56.84814726431527,56.05203597054507,56.74986358575293,6345700
2017-10-24,56.13066864013672,56.54346460929418,55.973412497226896,56.28792478304654,5599300
2017-10-25,55.70804214477539,56.160153087725064,55.41318734499439,55.87512515658115,6567900
2017-10-26,55.76701736450195,56.35672699325024,55.668729926855654,56.00289971628832,3300500
2017-10-27,56.15032958984375,56.29775512394324,55.61958866880777,55.72770297671685,3027800
2017-10-30,56.287925720214844,56.58278052441969,55.72770046744097,56.03238214043033,4254400
2017-10-31,56.779354095458984,57.37889434782439,55.99307333386599,56.27809753231179,5332000
2017-11-01,56.25843811035156,56.69089154821823,55.934095219990034,56.62209222285949,4444100
2017-11-02,55.67856216430664,56.99558387280496,54.94142323229525,56.90712705099229,4879300
2017-11-03,55.82598876953125,56.03238677461667,55.07902295381532,55.708047587951384,5250100
2017-11-06,55.79650115966797,55.98324166539318,55.265760249565986,55.53113070461698,3449700
2017-11-07,55.33456039428711,56.02255746387539,55.226446087015496,56.01273059470633,4986400
2017-11-08,54.87262725830078,55.63925059476071,54.72519796315877,55.236281437226296,6035400
2017-11-09,54.990562438964844,55.37387406533083,54.499136507873615,54.76450696057676,4783500
2017-11-10,55.973411560058594,56.042210887099586,54.54827567982827,54.62690562460777,5597300
2017-11-13,55.914451599121094,56.13068024631266,55.51148241526234,55.9439359603625,5047500
2017-11-14,55.63924789428711,55.914445232627145,55.28542060254561,55.7375315867564,6677600
2017-11-15,54.67604446411133,55.924266649351004,54.587587655731134,55.84563670888775,5129300
2017-11-16,54.204288482666016,54.70554134542595,54.18463099304839,54.676056985640884,5942900
2017-11-17,53.074005126953125,54.30257006044741,53.074005126953125,54.06668394353215,7721000
2017-11-20,51.74715042114258,53.30005436507441,51.74715042114258,53.07399889377405,8836300
2017-11-21,52.808631896972656,53.093659846504465,51.56040953973425,51.84543748926606,10990900
2017-11-22,52.965885162353516,53.45731108332437,52.513774214888066,52.85777085985477,4241400
2017-11-24,53.132972717285156,53.172283942094424,52.897086622018065,53.08382712502956,1865300
2017-11-27,53.2607421875,53.319714650218856,52.808631221169236,53.074001679480524,3104500
2017-11-28,54.10599136352539,54.40084615652119,53.32953753418685,53.44748245081085,6209200
2017-11-29,54.115821838378906,54.27307797751372,53.506451018609646,53.93890821319197,3996900
2017-11-30,53.30988693237305,54.33205002491694,52.10097583621796,54.12565203261039,11086500
2017-12-01,53.20177459716797,53.72268490635944,52.602234336024786,53.27057393048449,5284200
2017-12-04,52.60222625732422,53.48679058523396,52.45479699469832,53.34919193973346,4594200
2017-12-05,52.68085861206055,52.788972917398986,51.69800674430358,52.73000420487426,4675800
2017-12-06,52.150115966796875,52.96588098159084,52.12062786435429,52.87742417282698,4275100
2017-12-07,52.05183410644531,52.23857836118223,51.580065659021365,52.15012154296009,4303800
2017-12-08,52.54326248168945,52.54326248168945,51.707839853563144,51.97321032055542,3299200
2017-12-11,52.78896713256836,52.81845523488163,51.835603474829576,52.34668309068855,4697100
2017-12-12,52.513771057128906,52.95605510926369,52.40565676113129,52.562912896414545,3504400
2017-12-13,52.179603576660156,52.86760060451023,52.03217430309151,52.74965568594244,4851000
2017-12-14,51.815948486328125,52.26805941790817,51.75697602814208,52.11080327869415,2451300
2017-12-15,52.14029312133789,52.55309287352655,51.98303696557137,52.051836299389066,5757300
2017-12-18,51.5997200012207,52.13046087820382,51.521090056801526,51.8945747942284,4235100
2017-12-19,51.15743637084961,52.26805997485414,51.118121398306656,51.56040546620953,3638100
2017-12-20,50.243385314941406,51.54074945164705,50.125444143226964,51.10829598917259,5923600
2017-12-21,43.736900329589844,44.05141257134324,40.89645953728357,42.34125272546937,52389100
2017-12-22,43.80570602416992,44.31678942872903,43.599308038467846,43.87450535273728,10939400
2017-12-26,43.68776321411133,44.28730341136868,43.510849590354006,44.002275489839434,8470100
2017-12-27,43.913822174072266,44.25781883138585,43.68776669222586,43.70742417968412,7581500
2017-12-28,44.04159164428711,44.41507263844214,43.86467801577908,44.09073348569886,5923800
2017-12-29,44.06124496459961,44.22832795945784,43.835185766772156,44.08089869988026,4154500
2018-01-02,43.727081298828125,43.766392524131156,42.73439881160054,43.57965201877418,7915100
2018-01-03,43.0194206237793,43.903984930218414,42.921133201320416,43.559988324816835,6513700
2018-01-04,42.77371597290039,43.34376813640151,42.62628668530944,42.9801139761017,10027300
2018-01-05,43.53050231933594,43.70741592376055,42.76387545040204,42.9702771550852,6407000
2018-01-08,44.45439147949219,44.51336394388709,43.3732558772298,43.53051203300038,6556500
2018-01-09,44.07107925415039,44.43473340659364,43.94330745761751,44.43473340659364,6127600
2018-01-10,43.78604507446289,44.0317580139933,43.18650490212358,43.727076368516016,6916500
2018-01-11,43.12754440307617,43.90399459029158,42.93097326418921,43.78605340667246,5697700
2018-01-12,43.06856918334961,43.304455284790826,42.852340569468694,43.098053540048866,6279200
2018-01-16,43.265140533447266,43.50102288682613,43.01942756159621,43.235656176595505,4543000
2018-01-17,43.442054748535156,43.559995926786776,43.1865111548271,43.36342479684577,4322100
2018-01-18,43.736900329589844,43.845014615682885,43.196332648406305,43.26513196695976,7085700
2018-01-19,43.62879180908203,44.01210342004386,43.55016561289399,43.825362923475375,4337700
2018-01-22,43.18650436401367,43.933473790476654,43.058736336532846,43.736902691445245,4921200
2018-01-23,43.08822250366211,43.41256164383286,42.999765692836995,43.09804937185067,4493200
2018-01-24,42.93096923828125,43.61896628522646,42.77371309177511,43.068567897813836,6067100
2018-01-25,42.744232177734375,43.157028189570596,42.47886170614712,42.940799564733005,5662300
2018-01-26,42.793373107910156,43.14720039578134,42.57714448770388,43.019428597542856,4230300
2018-01-29,42.24296569824219,42.724564681862766,42.213481346954985,42.52799359162413,2737700
2018-01-30,41.2601203918457,42.282287220101985,41.0930373762773,42.19383040324745,7566500
2018-01-31,41.70240020751953,41.82034136815919,40.95543077514395,41.36823046130559,7153100
2018-02-01,41.840003967285156,46.194038068116136,41.14218003672223,41.72206279222945,15252800
2018-02-02,40.72937774658203,41.56480403649578,40.47383792510197,41.37805979264292,5668500
2018-02-05,39.608924865722656,40.984918818582074,39.608924865722656,40.837489556032175,5042400
2018-02-06,39.176475524902344,39.40253100155029,37.790654559864244,39.314074184663504,7861400
2018-02-07,38.80298614501953,39.6580661068111,38.655560633969586,39.13715588572732,5693500
2018-02-08,37.584259033203125,38.822650801490404,37.574428414414655,38.6850521327121,6051700
2018-02-09,37.90859603881836,38.18379336056353,36.66037372345915,37.79065486511076,7358000
2018-02-12,38.66538619995117,38.91109912604408,37.633392660217304,37.967562389674924,6050500
2018-02-13,39.146995544433594,39.3927085355507,38.3213997443088,38.54745524622261,8801000
2018-02-14,38.409854888916016,39.27476188028594,38.38036678176116,38.802993407916205,4741400
2018-02-15,39.274757385253906,39.30424548903382,38.567106632331836,38.66539031351259,4891600
2018-02-16,39.707218170166016,39.86447432384008,39.196134733404705,39.38287524424189,4106900
2018-02-20,39.32390594482422,39.81533193325847,39.05853921043854,39.60893391794394,4057200
2018-02-21,39.107669830322266,39.93326540380737,39.08801234651528,39.294410302566135,6735000
2018-02-22,39.40252685546875,39.658066661096,39.10767207996596,39.24527072524847,4619400
2018-02-23,40.43452835083008,40.483670198142626,39.54996385135629,39.559790721105756,3304600
2018-02-26,40.35589599609375,41.063546737993875,40.23795108137535,40.48366402978227,8214600
2018-02-27,39.540122985839844,40.945601200600365,39.540122985839844,40.424691005368025,5602700
2018-02-28,40.38538360595703,40.73921088007328,39.37304737667736,39.756359007209184,7791000
2018-03-01,40.55246353149414,41.79085889644073,40.38538052550726,40.38538052550726,7259500
2018-03-02,40.02172088623047,40.86697391564292,39.90377598727881,40.2969181518879,4818000
2018-03-05,41.23063659667969,41.427207720060935,39.53030331560419,40.02172924941615,5381600
2018-03-06,41.69257736206055,41.938290346276226,40.82767035710483,41.21098201259607,6426800
2018-03-07,40.41487121582031,41.879322273962195,40.39521372686669,41.63360928596597,6288100
2018-03-08,41.01441192626953,41.09304188288891,40.39521414038134,40.434529118691025,2675600
2018-03-09,41.30926513671875,41.31909575555002,40.84732728227775,40.94561097489519,3644100
2018-03-12,41.69257736206055,41.71223485071171,41.07338334132051,41.269954478549565,5138100
2018-03-13,44.32661819458008,44.89667408343052,41.250294516166775,41.898976605624156,12897400
2018-03-14,43.41256332397461,44.91632916619996,42.81302685993685,44.26764711147131,11014700
2018-03-15,43.41256332397461,43.95313482731695,43.088224171251376,43.46170891466549,5516000
2018-03-16,44.30695724487305,44.41506778445095,43.46170416755036,43.46170416755036,7944900
2018-03-19,43.71725082397461,44.38559039698923,43.50102221232801,44.27747609116593,3075600
2018-03-20,42.70492172241211,43.88434491569947,41.53532539980217,43.73691561055743,4698700
2018-03-21,42.22332000732422,42.85234467235,41.73189401911249,42.783545333942975,4469700
2018-03-22,43.373260498046875,43.8843439960707,42.04640802742265,42.33143601177336,4323200
2018-03-23,42.34126281738281,43.412567818566515,42.20366039819712,43.412567818566515,3340300
2018-03-26,42.134857177734375,42.75405488448105,41.90880170527053,42.64594058258916,8519800
2018-03-27,43.18650436401367,43.48136288720172,41.98742778355763,42.31176691006986,4292400
2018-03-28,42.49851608276367,43.43222235048458,42.242972499525415,43.24548184679686,3684500
2018-03-29,43.17668151855469,43.46170945123918,42.47885761380208,42.55748381117029,3474600
2018-04-02,42.586971282958984,43.29462204588604,42.252801513224874,43.215995849686216,2276000
2018-04-03,42.93096923828125,43.10788287176094,42.193830348543294,42.577141971321865,2344400
2018-04-04,42.71473693847656,42.92113490993384,42.085712406826595,42.783536262295655,3051700
2018-04-05,43.274967193603516,43.40273898814795,42.39040274878193,42.803198739842195,2860900
2018-04-06,43.215999603271484,43.72708304544876,43.05874344793098,43.52068129527232,4130900
2018-04-09,43.6681022644043,44.07107132004701,43.18650327142556,43.24547572442758,3292400
2018-04-10,43.392906188964844,43.93347390069598,43.27496127968098,43.77621777093271,4280600
2018-04-11,44.03176498413086,44.06125309105412,43.383082871056814,43.383082871056814,3461300
2018-04-12,43.864681243896484,44.57233206072433,43.73690944739714,44.041594885424054,5024900
2018-04-13,44.5625,44.84752791695403,44.08090097655072,44.08090097655072,3448700
2018-04-16,44.80821990966797,44.877019245241456,44.247994606122376,44.6607906195633,3860400
2018-04-17,45.997467041015625,46.19403816604677,44.9163314772679,44.98513080863645,7157600
2018-04-18,45.65346908569336,46.547864117328345,45.65346908569336,46.14489500965285,4095600
2018-04-19,45.702613830566406,46.02695676063247,45.22101474481807,45.64364136620462,4296000
2018-04-20,44.94581604003906,45.791069257054346,44.88684357747437,45.791069257054346,5174500
2018-04-23,44.78855895996094,45.18170120367126,44.46421979578988,45.014614437845566,3580200
2018-04-24,45.50604248046875,48.06145968465693,44.700104217800835,45.014616527657466,6356400
2018-04-25,45.54535675048828,45.673128546037624,44.68044603714896,45.299643777891625,3931000
2018-04-26,45.4962158203125,45.574842023496984,44.85736057900704,45.506042689729625,3659200
2018-04-27,45.830387115478516,46.321813086588094,44.877019531755494,44.89667702051379,2559200
2018-04-30,45.309471130371094,46.135066877072774,45.211187439997126,46.0269563173744,3903000
2018-05-01,45.47655487060547,45.781240289299184,45.20135755648354,45.329125595593176,2885600
2018-05-02,45.08341598510742,45.79107055887243,44.896675472267205,45.45690076007034,4167000
2018-05-03,43.609134674072266,45.02444370968171,42.99976758889719,44.70010080592715,5651600
2018-05-04,44.11039352416992,44.483874539933055,43.60913696463575,43.83519244763419,3052200
2018-05-07,43.85484313964844,44.30695778487011,43.766386333983526,44.01209926646586,2451000
2018-05-08,42.03657531738281,43.69759364325543,41.57463373445346,43.69759364325543,5462600
2018-05-09,41.85966873168945,42.4592090788123,41.62378259128851,42.19383857684237,3417200
2018-05-10,42.63611602783203,42.675427253968024,41.898977110507815,42.370745567681425,3614300
2018-05-11,42.5771369934082,42.960448571371835,42.125026093721964,42.704908769156695,3947800
2018-05-14,42.488685607910156,42.95062718351157,42.301945103592416,42.41005940845933,2767700
2018-05-15,42.21349334716797,42.6164625095342,42.03657969058935,42.23315083670812,2753200
2018-05-16,41.84982681274414,42.38056387656082,41.67291320837803,42.3117645581164,4756600
2018-05-17,41.49600601196289,42.43954288143181,41.46651790716045,41.99725880221756,5178600
2018-05-18,42.0463981628418,42.13485497346373,41.09303448089649,41.76137399464401,4759000
2018-05-21,42.46902847290039,42.70491457177358,41.889145718672914,42.10537433019981,4163500
2018-05-22,42.8818244934082,43.07839560055826,42.4886822791081,42.56731222168093,3429500
2018-05-23,43.09805679321289,43.24548608640233,42.547662097108685,42.93097376026202,3212800
2018-05-24,43.07840347290039,43.1570296805597,42.596804359837265,43.1570296805597,2044700
2018-05-25,43.894161224365234,44.189016014417035,42.96045126479947,43.16684924290752,2925800
2018-05-29,41.613948822021484,43.10788413215068,41.604121952888526,42.70491501061653,5754400
2018-05-30,42.35108947753906,42.478861277224084,41.22080826729685,41.545151201278244,5484100
2018-05-31,42.586971282958984,43.03908222163391,42.05623039880207,42.40022703708035,5331400
2018-06-01,41.54514694213867,42.58697122260555,41.17166220019286,42.58697122260555,3578500
2018-06-04,41.27977752685547,42.15451506980129,41.18149384198062,41.67291976491937,3477100
2018-06-05,41.2601203918457,41.57463268526575,40.91612374256824,41.2601203918457,2656600
2018-06-06,40.44435501098633,41.50583305630914,40.35589819476924,41.328919423874964,4112000
2018-06-07,40.95542907714844,41.47634303450034,40.513148805766015,40.513148805766015,3321700
2018-06-08,40.73920822143555,41.093035472461054,40.572121464325896,41.0340630141961,2671900
2018-06-11,39.07819366455078,39.36322164287786,37.35820267360733,37.72186061117615,12657900
2018-06-12,38.616249084472656,39.50081347695427,38.56710724310404,39.137159351687906,8442200
2018-06-13,38.704708099365234,39.28459085876375,38.49830635502975,38.675219993441665,7696900
2018-06-14,39.205955505371094,39.54012524861856,38.87178576212363,38.989726921716304,6159800
2018-06-15,39.510643005371094,40.32640804758714,38.58675991627376,39.24527257015901,10227200
2018-06-18,39.107669830322266,39.45166642374036,38.56710214811597,38.685043301676224,6823800
2018-06-19,39.205955505371094,39.64823954044595,38.84230140954593,39.26492795980836,7105200
2018-06-20,39.31406784057617,40.139663415199536,39.2452685217977,39.45166647813312,4931700
2018-06-21,39.83498764038086,40.375559202898046,39.088021821066555,39.363219162506155,6337700
2018-06-22,42.18400192260742,42.29211623193924,39.74652965045207,39.74652965045207,16113700
2018-06-25,41.56480026245117,42.24296660153003,40.93577575966236,42.06605299146045,5771900
2018-06-26,41.88914489746094,42.331428980875984,41.37806148432381,41.5451482488505,7854500
2018-06-27,41.74172592163086,42.105380114287236,41.643438471397474,41.86949398300997,4346900
2018-06-28,41.97760009765625,42.203655565078414,41.40754799487039,41.76137524797712,3426100
2018-06-29,41.83018112182617,42.21349278958927,41.574637510462296,41.9776066675059,4030000
2018-07-02,42.98994064331055,43.058739971387034,41.712230266387905,41.97760071008958,5198200
2018-07-03,43.215999603271484,43.61896873566169,42.763884876045346,42.95062913814391,3156900
2018-07-05,43.42239761352539,43.4420551016075,42.81303048010988,43.1472002789408,3709900
2018-07-06,44.257816314697266,45.68295220548148,43.363421307258704,43.4322206348092,5933500
2018-07-09,44.31678771972656,44.542843183342185,43.77621998070816,44.13987409615224,6238300
2018-07-10,42.97028732299805,44.2381634556788,42.89165736941154,44.1988522281681,8459400
2018-07-11,42.9014892578125,43.15702911596561,42.518173846658854,42.75405996511628,5722100
2018-07-12,42.91130447387695,43.05873372653458,42.76387522121933,43.05873372653458,4189500
2018-07-13,42.52800369262695,43.03908714892429,42.45920435709487,42.98994530201317,3475100
2018-07-16,42.301944732666016,42.675425738026604,42.2724566275085,42.675425738026604,5389500
2018-07-17,41.840003967285156,42.577142872627434,41.7613777670088,42.30194554773667,4847600
2018-07-18,41.417381286621094,41.908807270086996,41.250298251898386,41.840007932344385,4496500
2018-07-19,41.53532409667969,42.007096358619705,41.387898545445935,41.663095907175226,5637200
2018-07-20,40.72937774658203,41.535315932618836,40.62126719664031,41.535315932618836,5348000
2018-07-23,40.81784439086914,41.122529875768706,40.65076134221272,40.73921817658465,3493500
2018-07-24,41.761383056640625,42.48869143577012,39.874305270314196,40.69990109884148,10716900
2018-07-25,42.252803802490234,42.84251342842706,41.26012130804833,41.712232271218724,7594300
2018-07-26,43.933475494384766,44.41507076894386,41.997256280146495,42.67542266136078,8280100
2018-07-27,42.73440170288086,44.03176595771491,42.498519337974265,43.687769280025044,4530500
2018-07-30,42.478858947753906,42.773713758387835,41.94811803904343,42.64594196570961,3664300
2018-07-31,42.34126281738281,42.950629962360644,42.154518551700654,42.754058827092216,3413000
2018-08-01,41.781028747558594,42.2921121381115,40.709720125863136,41.14217732132904,6080700
2018-08-02,41.5844612121582,42.252800739386124,41.53531562249096,41.80068605970929,3150900
2018-08-03,42.22332000732422,42.39040679294324,41.437039176042,41.594295342298444,2488500
2018-08-06,43.8155403137207,44.139879497105035,42.60662915494652,42.881830241559086,5114600
2018-08-07,42.91130447387695,44.04158541283435,42.73439087040046,43.85484119289714,5436000
2018-08-08,43.33393859863281,43.56982469439728,42.5083428873806,42.77371333913477,3931500
2018-08-09,43.14719772338867,43.304453869449006,42.645941180189816,43.1963395660421,3435900
2018-08-10,41.93828582763672,42.989940736109276,41.85965963078623,42.970283249576106,7867800
2018-08-13,42.05622863769531,42.10537047692266,41.63360207163256,41.879315017051276,7920300
2018-08-14,42.105377197265625,42.498519472396914,41.95794790677074,41.967778525754454,5378800
2018-08-15,42.72456741333008,43.25530451683928,42.134854104912606,42.31176772250966,5550400
2018-08-16,44.02193069458008,44.090730017000396,42.773708524654296,42.98010649191524,5910200
2018-08-17,44.47404861450195,45.08341574461427,43.53051168737015,43.88433897236519,8389900
2018-08-20,44.012107849121094,44.92616043614429,42.68525925468485,44.228336471641754,10916300
2018-08-21,43.933475494384766,44.680441200536066,43.7565618733233,44.15953095478953,5830100
2018-08-22,43.8351936340332,44.591990053744965,43.48137009625228,44.021937896251394,7061600
2018-08-23,43.20616149902344,44.03175710884537,43.10787782494443,43.81553227601518,6127700
2018-08-24,42.07588577270508,43.34376171104856,41.62377110744692,43.27496238684705,8611000
2018-08-27,42.8621711730957,43.13736850028014,42.35108774455147,42.999769836687925,6510500
2018-08-28,44.886837005615234,45.31929416920901,42.96044850193225,43.333933211595465,10426900
2018-08-29,46.09575271606445,46.655977963953866,45.10307025978165,45.84020913850796,16275600
2018-08-30,46.21369934082031,47.26535063197234,45.79107270053126,46.262841188678486,9025100
2018-08-31,45.38810729980469,46.65598732544078,44.7197676157151,46.27267563147708,9362500
2018-09-04,46.203861236572266,47.85505255223299,46.10557755677806,47.38328414051308,11538200
2018-09-05,46.194034576416016,46.39060568617207,45.61415186474079,45.93849475823059,4501000
2018-09-06,44.749244689941406,46.380778653234366,44.31679121448048,46.36112116581128,13180100
2018-09-07,44.99496078491211,45.1227325873982,44.26765244613849,44.29713680468043,6104200
2018-09-10,45.45690155029297,45.66329955480162,44.80821942949252,45.00479056443138,3032400
2018-09-11,45.4962158203125,45.56501515407986,45.00478986524138,45.21118786654345,4521400
2018-09-12,45.12272644042969,45.74192413043675,45.00478527304619,45.338955038367864,9258600
2018-09-13,45.72227096557617,45.83038527476323,44.926159574611646,45.24067188354721,3925700
2018-09-14,46.164554595947266,46.29232264250401,45.41758505796089,45.909011004268926,8436100
2018-09-17,46.01712417602539,46.45940826663764,45.859868027061296,46.174380324989485,3551200
2018-09-18,46.39060592651367,46.41026341251933,45.91883751022423,46.0662630313435,3239200
2018-09-19,45.90900421142578,46.39060321723299,45.64363378977061,46.262831440299344,5866600
2018-09-20,46.115413665771484,46.19404362478858,45.70261762878019,46.056444945791476,3883400
2018-09-21,45.987640380859375,47.530717533048005,45.85004171749719,46.00729786838003,8661700
2018-09-24,45.48638153076172,46.09575236535574,45.32912538780118,45.89918124933452,4420300
2018-09-25,45.05392837524414,45.535527425242094,44.91632971789679,45.43723999193526,4808700
2018-09-26,44.38559341430664,44.906503742194914,44.3069672088153,44.66079075745024,5473400
2018-09-27,44.49370574951172,44.847533031699875,44.12022097950395,44.53302072515094,4966500
2018-09-28,45.22100830078125,45.29963824205879,44.27747150114257,44.65095622364695,4941600
2018-10-01,45.08341598510742,45.32912896218888,44.493706339824904,45.31930209278992,5876900
2018-10-02,46.60683822631836,46.72478316121136,45.2308477294442,45.43724574158292,4832900
2018-10-03,46.39060592651367,46.97048864119317,46.076093648987374,46.67563384967253,5015900
2018-10-04,46.18421173095703,46.39060972700215,45.46672655545894,46.19403860012387,3353700
2018-10-05,47.127742767333984,47.38328257593031,46.33163148987285,46.3807733281473,6327400
2018-10-08,47.098262786865234,47.412778854479136,46.842722934202,47.412778854479136,4573500
2018-10-09,47.71746063232422,48.01231546258416,47.00980978955687,47.21620779581057,6681900
2018-10-10,46.8328971862793,47.7862610337444,46.77392471919873,47.353807523001606,4019500
2018-10-11,45.820552825927734,47.09825949860333,45.722269139292045,46.980318324784044,5867000
2018-10-12,46.45940399169922,46.57734515524941,45.65346583375593,45.96797810274443,3985600
2018-10-15,47.01963424682617,47.36363090626663,46.331637178662874,46.49872394844994,4434300
2018-10-16,47.95334243774414,48.10076796498741,46.724777630972355,46.999974947918915,6036600
2018-10-17,48.120426177978516,48.26785545672883,47.64865773497272,47.86488634399791,4522100
2018-10-18,47.412776947021484,48.24819955598879,47.009807821041115,48.09094340314968,3981600
2018-10-19,48.01231384277344,48.15974312757082,47.39311984490232,47.412777332827474,5754600
2018-10-22,46.960655212402344,48.02213689747301,46.7935722152793,47.96316444298624,2825300
2018-10-23,46.47906494140625,47.08843203932933,46.09575331933718,46.90169153734965,4676800
2018-10-24,46.4299201965332,47.078602227783776,46.41026271082475,46.87220050248611,4433000
2018-10-25,46.55769348144531,46.891863277619336,45.85986953184977,46.23335430387543,3651300
2018-10-26,45.4962158203125,46.8034069111748,45.05393171089199,46.655981374222954,4348700
2018-10-29,45.97780990600586,46.528208310455405,45.51587207031663,45.70261257842228,3984900
2018-10-30,46.125240325927734,46.49872510063359,45.47655821685044,46.28249648118033,4618800
2018-10-31,46.00729751586914,46.63632211458088,45.476556604725225,45.96798254112907,3369900
2018-11-01,46.37095260620117,46.538035628335855,45.76158548241228,46.03678281264938,4194700
2018-11-02,46.62649154663086,46.77392082742424,45.95815197245696,46.64614903402214,3733200
2018-11-05,47.87471008300781,48.002481866285926,46.78374398957008,47.12774436773698,4427700
2018-11-06,47.746944427490234,48.09094107351102,47.108089228557645,48.061456717932735,5332900
2018-11-07,47.96318054199219,48.572547779097555,47.61918381522702,47.84523934271315,3837000
2018-11-08,46.98031997680664,48.395629109535584,46.25301167184978,48.12042802857027,7940500
2018-11-09,39.23544692993164,43.815540486153616,39.10767887954417,43.71725304437571,23627100
2018-11-12,32.41445541381836,34.54724599971872,24.522155807470803,32.591369056861986,44033200
2018-11-13,32.15891647338867,32.68965366818066,30.232525708346234,32.040971541850375,17907500
2018-11-14,25.15117835998535,28.699274049286316,21.96673867089595,26.487857442309696,53543100
2018-11-15,17.435792922973633,23.76535984430346,16.964024448930004,23.59827494208285,107155700
2018-11-16,23.981590270996094,25.072556674855825,22.615426485724225,24.777699927375096,54698400
2018-11-19,22.861135482788086,22.988905405302695,21.170630884938827,21.9863978892309,22846000
2018-11-20,23.106849670410156,23.991416054346537,22.6842230301211,23.755531810272927,16367400
2018-11-21,23.88330078125,24.129013759965087,23.234618667413468,23.234618667413468,10688600
2018-11-23,23.43118667602539,23.66707087918311,22.861132716400654,23.657242136388078,5736500
2018-11-26,24.689241409301758,24.728554511852074,22.939764291742275,23.116677939821933,9648200
2018-11-27,26.50751495361328,26.53700118535674,24.53198241819089,25.121693930571503,19132500
2018-11-28,26.989110946655273,27.04808340749627,25.83917607987285,27.04808340749627,13017200
2018-11-29,26.30111312866211,27.126708750947003,25.770372282347132,26.63528287456985,10133100
2018-11-30,25.927631378173828,26.5271716158088,25.57380598147092,26.350257980136764,9689900
2018-12-03,26.64511489868164,26.841684148657514,25.652434281183776,25.84900353115965,6789700
2018-12-04,26.291288375854492,26.87117114794744,25.87849050207038,26.684428761686686,6481900
2018-12-06,25.58363151550293,26.1929985456576,24.993920095458364,26.114370481294387,9359100
2018-12-07,25.34775161743164,26.222489216021334,25.28877915318602,25.56397836240852,6837300
2018-12-10,25.446035385131836,25.514834718984183,24.38455539585258,24.98409566166518,7141300
2018-12-11,25.613121032714844,25.898148995156184,24.915297055109583,25.55415044121161,4841800
2018-12-12,25.937458038330078,26.45837015989482,24.826836344749115,25.013578709029456,6293500
2018-12-13,26.055402755737305,26.468200607521432,25.652433647405317,25.947288452404923,7338900
2018-12-14,25.563976287841797,26.910482243277396,25.23963525937677,26.12420153022311,12100200
2018-12-17,24.02090072631836,24.56146851618284,23.716215290552146,24.03072947017932,15783300
2018-12-18,22.6252498626709,24.296096870018587,22.566277402383445,23.93244273811822,11884000
2018-12-19,23.342729568481445,23.64741309268636,22.409019635885794,22.694047549391765,14386500
2018-12-20,23.44101905822754,23.87347443514604,22.556452690389786,23.224790432447637,10699200
2018-12-21,22.359882354736328,23.85381780153813,21.9372557069899,23.391876175098382,13712300
2018-12-24,22.753021240234375,23.19530534762103,21.91759674552694,21.96674046559281,6053900
2018-12-26,22.929931640625,22.949589125871547,21.50479582914686,22.782504250557842,6862000
2018-12-27,23.195302963256836,23.195302963256836,22.21245115866664,22.782505130343313,7313600
2018-12-28,23.480327606201172,24.011068448736506,22.85130308880309,23.17564408991659,7882600
2018-12-31,23.342729568481445,23.81449796879376,22.75301813077056,22.831646197489277,7780200
2019-01-02,23.391874313354492,24.050385156926332,22.90044836664838,23.146161340001438,8591800
2019-01-03,23.5393009185791,23.785013863972868,23.008560056700887,23.441015365493396,5591800
2019-01-04,23.981590270996094,24.40421696346938,23.431193633530256,23.431193633530256,9156600
2019-01-07,18.625041961669922,19.853606685404323,17.6520170507882,18.18275791126914,35120500
2019-01-08,17.258878707885742,17.258878707885742,15.50940260163632,16.502084175366786,34202000
2019-01-09,17.524248123168945,19.018183360586736,17.25887767810636,17.298192651289455,24533300
2019-01-10,17.455448150634766,18.87075526410273,16.77727988537955,17.740474197130357,24798300
2019-01-11,17.288366317749023,17.652020497175428,16.433284278241295,16.708483504958565,19750700
2019-01-14,8.236299514770508,9.563149094752122,7.646588434114125,9.052066564355545,127198800
2019-01-15,6.791505813598633,7.076532799178934,4.983058813478833,6.172309533449165,173062600
2019-01-16,6.909448146820068,6.988076213406088,6.201794610225398,6.339393726750933,78485900
2019-01-17,6.2509379386901855,8.177327146301337,6.201795158400086,8.157670596577642,205294500
2019-01-18,7.106019496917725,7.332075460336254,6.427851606662137,6.545793726186503,53590400
2019-01-22,7.567959785461426,8.23629940768837,6.879963611750506,7.037219772904927,59384900
2019-01-23,7.852985382080078,7.911956900436288,7.391045258464879,7.823500091562216,21631000
2019-01-24,13.710782051086426,14.251350713905564,7.1748181330855205,7.76452910337715,82538300
2019-01-25,11.568167686462402,12.63947550470676,11.312625959253738,12.48221934560009,72357400
2019-01-28,11.804051399230957,13.907353839557793,10.428058193709235,10.428058193709235,58267000
2019-01-29,13.75009822845459,14.10392552192294,12.02027861264672,12.098907629111295,56057400
2019-01-30,13.43558406829834,13.907352478427661,12.924500686671063,13.907352478427661,19681000
2019-01-31,12.777071952819824,13.425753917376333,12.511701546962845,13.150555706996084,12119500
2019-02-01,12.855704307556152,13.022789225434174,12.590334750369177,12.659134091617517,6496900
2019-02-04,13.062101364135742,13.160386926435148,12.580504170973947,13.140729439047032,8512100
2019-02-05,13.838554382324219,14.005639276751818,12.94415932234154,13.03261614142916,9157100
2019-02-06,13.43558406829834,13.897524672873685,13.425755325423852,13.877867187124707,5999700
2019-02-07,13.818896293640137,13.907352165559042,13.189870823631486,13.268498890217506,8918500
2019-02-08,13.956497192382812,14.320152293322883,13.474899972542232,13.691127659186822,6488300
2019-02-11,14.084267616271973,14.408608667463227,13.83855464189553,14.074438872339968,7368300
2019-02-12,15.165404319763184,15.20471835620379,14.133409691546534,14.556036286273486,11555800
2019-02-13,14.949175834655762,15.725628714964303,14.89020431455362,15.234202817621668,8687000
2019-02-14,15.204719543457031,15.283347622477882,14.860720994750332,15.086777424925756,7240500
2019-02-15,15.214544296264648,15.41111539167887,15.13591623302714,15.185059006880696,4823200
2019-02-19,17.435792922973633,18.19258935506942,15.853400723980858,16.06962934723181,29442500
2019-02-20,17.897733688354492,18.163104173348557,17.4554514213391,17.75030626601603,12206200
2019-02-21,19.067323684692383,19.607893275084756,17.986186378548595,18.133615641608937,22164000
2019-02-22,18.44812774658203,19.64720620340736,17.475104741720003,19.539091911320156,16304400
2019-02-25,18.33018684387207,18.507100478902274,17.612705434819503,18.47761424818352,5906500
2019-02-26,18.202415466308594,18.70367010046429,18.00584435990365,18.330185373223102,5207500
2019-02-27,17.494766235351562,18.526762041848222,17.052483925117194,18.359677113633044,11950700
2019-02-28,16.737966537475586,17.553733442288067,15.95168398637954,17.543904699502253,11974600
2019-03-01,17.602872848510742,17.956700041330095,16.757619832171514,16.80676353930795,11335400
2019-03-04,17.7404727935791,17.878073309115013,17.40630305885614,17.828929598337584,8047100
2019-03-05,17.996017456054688,18.123789250666647,17.66184766580352,17.691333897169635,7826400
2019-03-06,18.0451602935791,18.870755985091943,17.83876043338034,17.848589176688957,8636000
2019-03-07,18.742984771728516,18.841270333188845,18.094302690587963,18.163102021217846,7077900
2019-03-08,19.0574951171875,19.06732385979118,18.448128072887165,18.556240492245692,3936200
2019-03-11,19.04766273498535,19.23440505949087,18.81177858149235,19.06732021643659,5576800
2019-03-12,18.890411376953125,19.18526804885261,18.83144079242966,19.05749626197051,4570700
2019-03-13,19.126298904418945,19.27372820323983,18.487445483213598,19.263899458342344,12773100
2019-03-14,19.175445556640625,19.2245874139897,18.929732520611875,19.05750247450448,6437300
2019-03-15,19.313037872314453,19.332695358612273,18.634869592168265,19.24423854491316,8077300
2019-03-18,19.09680938720703,19.460463477000914,18.88058080713844,19.460463477000914,6636300
2019-03-19,18.742984771728516,19.145953886538823,18.38915750032779,19.09681204312924,7094100
2019-03-20,18.75281524658203,19.02801446914887,18.516931002085308,18.605387828101748,2576900
2019-03-21,18.723323822021484,18.82160936530596,18.49726838471576,18.70366821307724,2472700
2019-03-22,19.086984634399414,19.145955225543357,18.575901178775148,18.77247231544334,9601700
2019-03-25,17.897733688354492,19.04767058202073,17.19990968111978,19.04767058202073,12809400
2019-03-26,17.64219093322754,18.428471640011605,17.61270470373273,17.956703215941165,3537100
2019-03-27,17.376821517944336,17.691333819232547,17.101622316996558,17.622534487655898,8151600
2019-03-28,16.954195022583008,17.819103856863954,15.224375479379914,17.730648911850817,12484100
2019-03-29,17.494766235351562,17.504594981086758,16.66917034001086,17.09179703341641,3587300
2019-04-01,17.701160430908203,17.720817916031308,16.88539354470897,17.28836261652781,4114600
2019-04-02,17.357160568237305,18.104128072120506,17.327674342882677,17.661844065005184,5701000
2019-04-03,18.15327262878418,18.428471816108868,17.553734287122715,17.848589086324022,9992500
2019-04-04,18.536584854125977,19.303208029663704,18.438299302876253,18.575897949841288,7950800
2019-04-05,19.037841796875,19.09681238495027,18.556242724563173,18.742985107216256,3570800
2019-04-08,19.3425235748291,19.71600643110783,19.05749565519871,19.086981883842174,8207600
2019-04-09,18.497272491455078,19.51943936912844,18.41864441429876,19.313039494942334,6424900
2019-04-10,18.546415328979492,18.87075636614887,18.46778725556392,18.497271611444045,1971700
2019-04-11,18.801956176757812,19.263897773326534,18.575900687812958,18.65452876547383,3405100
2019-04-12,22.684223175048828,22.821821849643875,18.5071023426118,18.851100903740768,26759100
2019-04-15,23.31324577331543,24.473011284424114,21.642398712521864,22.369708874228408,20527400
2019-04-16,21.87828254699707,23.342731587980825,21.760339499394643,23.14616046685716,7660400
2019-04-17,21.47531509399414,22.41885204910011,21.337714548726886,22.41885204910011,5429000
2019-04-18,20.639888763427734,21.357370161004447,20.453146387811493,21.32788580539844,5209500
2019-04-22,21.033031463623047,21.229602604494076,20.512121127205077,20.52194799707143,5001000
2019-04-23,21.160802841186523,21.406515825003474,20.934745471347547,21.131316608257624,11613200
2019-04-24,22.53679084777832,23.04787420588554,21.671880261036726,21.937250682512506,16766800
2019-04-25,22.694053649902344,22.84148108030058,21.848800299478278,22.28125572000239,5321200
2019-04-26,23.008562088012695,23.008562088012695,22.36970874851591,22.654734815522897,8885000
2019-04-29,23.01839256286621,23.39187547608529,22.870965146454502,22.998735074106968,6637100
2019-04-30,22.13382339477539,23.06753149723846,22.114165908498425,23.028218399325596,4419000
2019-05-01,21.3278865814209,22.271423487966484,21.14114419900997,22.271423487966484,6483400
2019-05-02,20.60057258605957,22.212450793871522,20.354859638947364,21.573597506307994,7570400
2019-05-03,21.121482849121094,21.239425878192446,20.364686588735438,20.374515330711457,3080200
2019-05-06,20.97406005859375,21.42617104058255,20.44331912358993,20.52194720196369,3252900
2019-05-07,20.639888763427734,21.209942759051046,20.54160320391176,20.9937160278288,8308800
2019-05-08,19.912578582763672,20.512118807439656,19.784806793255125,20.443317603666756,9509100
2019-05-09,19.0181827545166,19.883091515929724,18.625042408419727,19.794634703727798,7473400
2019-05-10,18.281044006347656,19.224580842335147,18.08447289486307,19.126295286592853,10992600
2019-05-13,17.91738510131836,18.064812473657618,17.652014706323246,18.035328123974214,10616800
2019-05-14,18.0451602935791,18.104130878789704,17.69133303303328,17.986187833727396,7931900
2019-05-15,17.750303268432617,18.12378800823528,17.691332684384168,18.045159937956996,5657600
2019-05-16,17.858415603637695,18.133614756660446,17.494759646951948,17.72081696444675,10289000
2019-05-17,16.728137969970703,17.8387596714309,16.570881833031933,17.69133227738093,13270300
2019-05-20,17.376821517944336,17.524248924843036,16.207227257217763,16.36448340786187,8248500
2019-05-21,18.13361930847168,18.172932411834047,17.219566690940336,17.37682285367247,5723200
2019-05-22,18.67418670654297,18.919899689523795,17.986189604340133,18.05499081427345,7364800
2019-05-23,18.664356231689453,18.959212908711823,18.25155838357103,18.625043132871138,5615600
2019-05-24,18.507102966308594,18.95921585822225,18.497274221414663,18.860930283924375,3437100
2019-05-28,17.425960540771484,18.625040838603468,17.101619548248593,18.55623964352453,10638600
2019-05-29,16.83625030517578,17.46527672431062,16.47259619338067,17.24904813116011,7907400
2019-05-30,17.475107192993164,18.398986615300714,15.991000621446528,17.00333686338966,9607300
2019-05-31,16.806764602661133,17.376818519025505,16.413624293899645,17.24904674702748,9651400
2019-06-03,17.583219528198242,17.583219528198242,16.718310698892047,16.90505308093724,6035300
2019-06-04,18.418643951416016,19.106641015224522,17.40630584315863,17.740475631335197,7561200
2019-06-05,20.394176483154297,20.905259909995422,18.064816705778405,18.41864398199783,14810000
2019-06-06,20.610401153564453,20.89542906961751,18.76264063184196,20.217260816457646,10012000
2019-06-07,20.109148025512695,20.708688256114268,20.00103559636899,20.472804036199175,5486500
2019-06-10,19.430984497070312,20.63989200760161,19.19510024194041,20.521948942715948,3405400
2019-06-11,18.772472381591797,19.627552517436506,18.644700579914854,19.519440079065205,7045500
2019-06-12,17.927215576171875,19.195095225092512,17.66184515551766,18.615212546466303,5714400
2019-06-13,17.97635841369629,18.15327014421922,17.720816747864273,17.98618528096909,2360200
2019-06-14,18.163103103637695,18.32035926148935,17.789620197400332,17.878077020522046,1746800
2019-06-17,18.556245803833008,18.762645708308764,18.222077832859675,18.281048430720677,3937400
2019-06-18,18.811782836914062,19.35235245126188,18.63486921311445,18.811782836914062,3322800
2019-06-19,20.177947998046875,20.708686991792483,19.08698190723503,19.283553015816974,16633800
2019-06-20,23.165817260742188,23.441016447152723,20.443317250238728,20.639888365480694,19836400
2019-06-21,22.56627655029297,24.758037500881187,21.740682758494902,22.359878571003712,21088700
2019-06-24,21.298397064208984,22.900444559276266,20.90525674713489,22.576103563360025,8706200
2019-06-25,21.229602813720703,21.829141237467518,20.57109192234658,21.288573406706657,13765700
2019-06-26,21.3475399017334,21.534282264089356,20.590745458873755,21.072342604199342,5820800
2019-06-27,23.5393009185791,23.617928986119466,21.121484561091133,21.37702624925757,7600600
2019-06-28,22.52696418762207,23.706387142328587,21.799654052921458,23.332902394327043,10740600
2019-07-01,22.949588775634766,23.155986743650725,22.08467818439593,22.71370458019898,4676400
2019-07-02,22.01588249206543,23.087191227975264,21.750512025451158,22.959421304035754,4796500
2019-07-03,21.98639678955078,22.703878192754356,21.652227009360406,22.084680475196425,3217300
2019-07-05,21.416345596313477,21.87828535317035,21.200116960415095,21.838970374046507,3494200
2019-07-08,21.35736846923828,21.465482763605987,20.561259062038665,21.082171173961907,8090700
2019-07-09,21.514629364013672,22.69405249654171,21.23943200782748,21.318060091686593,8019600
2019-07-10,21.033031463623047,21.937255337275392,20.66937729004537,21.770170429927415,5758600
2019-07-11,20.099323272705078,21.357372578032233,19.57841106056722,21.03303150717241,8982100
2019-07-12,19.067323684692383,19.9617186323631,18.96903813419914,19.784805016403453,8907300
2019-07-15,17.435792922973633,18.890413321928797,17.032823783731207,18.890413321928797,18190700
2019-07-16,17.81910514831543,18.0549912675838,17.425964740603707,17.602878392734315,8245900
2019-07-17,18.13361930847168,18.5759015631653,17.612707097770663,17.612707097770663,4626700
2019-07-18,18.14344596862793,18.222075923726514,16.570884359482406,17.494763836195073,7541500
2019-07-19,17.48493766784668,17.966534914296638,17.347337115545702,17.92721993517025,4229200
2019-07-22,17.347333908081055,17.543905018084885,16.924707333821548,17.48493443494015,3766200
2019-07-23,18.56607437133789,18.634873713956694,17.288367473624866,17.33750932559787,8663200
2019-07-24,18.56607437133789,19.814296907723705,18.035335246391774,18.497275028719088,7670500
2019-07-25,18.035329818725586,19.106638366175833,17.710988819245113,18.95921097998306,3831300
2019-07-26,18.379329681396484,18.398985292959694,17.82893131552324,17.966531844312083,3936700
2019-07-29,17.966533660888672,18.398987153261185,17.59304888380911,18.37933153971062,2574500
2019-07-30,17.69133186340332,18.70366986156882,17.553733215461964,17.81910176868587,3986900
2019-07-31,17.81910514831543,18.15327496353073,17.583220903688396,17.740477066773085,2690100
2019-08-01,17.7404727935791,18.241727395663546,17.642189121306018,17.71098844175353,2634900
2019-08-02,18.281044006347656,18.46778637479391,17.710990032611615,17.887903658019535,3289000
2019-08-05,17.64219093322754,18.281044241819725,17.435791076046048,17.789618331419415,3377300
2019-08-06,17.91738510131836,18.094298697981767,17.642187839522613,17.828928302986654,3839000
2019-08-07,17.848590850830078,17.9370476742635,17.48493668750714,17.809277748549267,4913800
2019-08-08,18.192588806152344,18.85109965095976,17.003337038078705,17.80927716688755,9807400
2019-08-09,17.80927848815918,18.448131892544154,17.642193578583907,18.28104698296888,5856100
2019-08-12,16.462770462036133,17.74047727042717,16.443112972764553,17.691335421889576,11634100
2019-08-13,16.659337997436523,17.180248227826638,16.177738987792942,16.34482386113189,6662200
2019-08-14,15.656828880310059,16.708479966493883,15.479915263075217,16.600365672707934,5340300
2019-08-15,14.143237113952637,15.912370463177057,13.759924591469193,15.853398008043559,12635100
2019-08-16,14.035124778747559,14.811577737231337,14.025296972174809,14.162895637399398,5123500
2019-08-19,10.487030029296875,11.36176857285573,9.877661953239928,10.270802345108722,47553300
2019-08-20,11.460051536560059,11.735249770870935,9.258463787432055,10.60497060553232,20851100
2019-08-21,12.039935111999512,12.629646594454243,11.214339411491112,11.538680445645046,12413000
2019-08-22,11.47970962524414,12.374104636747548,11.450223395599458,12.089077644759422,7325200
2019-08-23,10.850685119628906,11.528852529527937,10.77205704130208,11.31262578278948,7666000
2019-08-26,11.597651481628418,11.725422328703607,10.909655405879386,11.007940023946091,5312000
2019-08-27,11.02759838104248,11.705765767358402,11.007940893484044,11.548509616173295,4596500
2019-08-28,10.6344575881958,11.116055746510304,10.62462978125437,11.037426729734364,4385000
2019-08-29,10.251145362854004,10.870342156984842,10.202002581607953,10.732742556960016,9033700
2019-08-30,10.270801544189453,10.545999797037592,10.211830958667987,10.359258359792207,5226400
2019-09-03,10.38874340057373,10.644285097823396,10.084059862354964,10.19217322473573,6418700
2019-09-04,10.506686210632324,10.555828992217368,10.211831395763262,10.516514954413452,4176800
2019-09-05,10.378915786743164,10.742570853099847,10.359258300135506,10.516514443714554,5397200
2019-09-06,10.015259742736816,10.398572294157647,9.808860820790299,10.32977296594899,6305500
2019-09-09,10.9981107711792,11.096396322010879,9.808860105254185,9.808860105254185,12042500
2019-09-10,10.713085174560547,11.292967936843622,10.388744127405708,11.037426221715386,9931200
2019-09-11,10.496856689453125,11.007939097415923,10.38874240016297,10.713083393392548,6631400
2019-09-12,9.926804542541504,10.693428760362856,9.926804542541504,10.65411472194434,6850300
2019-09-13,10.98828411102295,11.017769404416873,10.13320310403452,10.821199219589747,18977200
2019-09-16,10.821199417114258,11.194683243763464,10.487029628148095,11.076741130714334,5830200
2019-09-17,10.968626022338867,11.017768800180706,10.428057340719691,10.762227105259564,6573800
2019-09-18,11.548508644104004,11.941648988975082,10.82119853743225,10.988283418332589,9438600
2019-09-19,11.990795135498047,12.207022854591447,11.371598215358391,11.636968725698578,9423700
2019-09-20,11.410908699035645,11.469880217588292,10.772055424204481,10.811369457466084,17629100
2019-09-23,11.342111587524414,11.764738230513599,10.948971178223315,11.401083117579914,10045100
2019-09-24,10.742571830749512,12.197192228556943,10.339602691825037,11.4502245412566,30069700
2019-09-25,10.585315704345703,10.909656765289718,10.44771609712193,10.762228413838395,9917900
2019-09-26,10.516515731811523,11.125883831477987,10.437887650391376,10.663944087464797,10148700
2019-09-27,9.946459770202637,10.43788565373431,9.828517670633493,10.418229105799698,9651800
2019-09-30,9.828516960144043,9.975944339618035,9.425547914749403,9.916973762756607,9336100
2019-10-01,9.730233192443848,9.916975573686884,9.435378379652681,9.690919154916987,8682300
2019-10-02,8.806352615356445,9.582805539527937,8.767038578840948,9.582805539527937,14649000
2019-10-03,9.386236190795898,9.405892742139594,8.855496182027032,8.934124262043113,9749200
2019-10-04,10.683600425720215,10.78188599419216,9.464864250735461,9.52383484196211,16320300
2019-10-07,11.302796363830566,12.079249293940018,10.722913617801881,10.811370434968367,15769700
2019-10-08,10.713085174560547,11.381424756489595,10.644285842533945,11.214339861007334,10709000
2019-10-09,10.791714668273926,11.017771118994292,10.487031068707388,10.71308658210703,3170400
2019-10-10,7.656415939331055,8.28544146613325,7.381217681432846,7.646587664450547,44576400
2019-10-11,7.882472515106201,8.649096717849703,7.6662448393967955,7.9316143591723725,39516000
2019-10-14,7.5384745597839355,7.970929006986212,7.273104551034191,7.970929006986212,12715800
2019-10-15,7.57778787612915,7.794015079062591,7.430360003435296,7.469674040332285,6959000
2019-10-16,7.744872570037842,7.8431576597773525,7.51881662930683,7.636758736994243,5295900
2019-10-17,7.695730209350586,8.236298935305758,7.676073190333687,7.794015304435081,7887200
2019-10-18,7.6269307136535645,7.921786461247706,7.518816877047675,7.774358118790344,14025300
2019-10-21,7.902129173278809,7.970928505768306,7.518817066667756,7.626930906000213,6251100
2019-10-22,7.961099624633789,8.020070205287695,7.794014281920016,7.961099624633789,5289500
2019-10-23,8.059385299682617,8.108528081580559,7.833329346540626,8.00041471126157,7156100
2019-10-24,7.076533317565918,7.764529911751127,6.929105911139362,7.744872892983565,25873700
2019-10-25,4.9142584800720215,6.054366297477463,4.8749444497242616,5.90693891800347,69486300
2019-10-28,3.734837055206299,4.639060615310889,3.489124087964698,3.734837055206299,90983600
2019-10-29,4.943745136260986,4.953573411305248,3.9314074990460885,4.069006630287819,61729800
2019-10-30,6.034709930419922,6.241108846242613,5.317228096526818,5.808653997312224,56266100
2019-10-31,6.06419563293457,6.074023907153359,5.661226548098873,5.867624993295988,18751800
2019-11-01,6.319736957550049,6.634249704868938,6.132995057766358,6.3099086831720985,25562100
2019-11-04,7.1453328132629395,7.695729783973533,6.4868220096051825,6.535964788761241,46564100
2019-11-05,7.862814903259277,8.059385088376644,7.391045990317309,7.617101937532425,37076800
2019-11-06,6.801335334777832,7.567959566928908,6.378708710888606,7.51881725231735,24278500
2019-11-07,5.916767597198486,6.771848518918045,5.730025705904518,6.378707719807598,25419000
2019-11-08,6.368879795074463,6.467164883075867,5.9757389744085785,6.172309619071655,15331700
2019-11-11,6.152652263641357,6.388536461892791,5.857796547166824,6.378707719302193,11563700
2019-11-12,6.938933849334717,7.351731692074051,6.201794978345983,6.201794978345983,28131200
2019-11-13,6.801335334777832,7.440189174010605,6.5949363948924695,7.174819175395184,18104900
2019-11-14,6.585107326507568,6.91927711151623,6.270595028767925,6.91927711151623,12947500
2019-11-15,7.292760372161865,7.361559697664361,6.634249596487805,6.644078339365451,18466900
2019-11-18,6.968419551849365,7.823500522535065,6.85047697730009,7.567958824448616,24970700
2019-11-19,6.7227067947387695,6.968419756901324,6.63424997838896,6.948762738674731,11655900
2019-11-20,7.027390003204346,7.027390003204346,6.53596413540908,6.653906231201489,11602800
2019-11-21,6.889791965484619,7.341903403167745,6.860306202609917,7.066705136751929,11269100
2019-11-22,7.1846466064453125,7.3517314875398965,6.997904708084322,7.037218742617134,15211400
2019-11-25,7.2731032371521,7.538473197962907,7.233789203599406,7.292760253928447,13122000
2019-11-26,7.341903209686279,7.469674064342337,7.05687620693679,7.361560228197958,11811100
2019-11-27,7.420531272888184,7.489330598903192,7.204303614571777,7.31241744372998,9216300
2019-11-29,7.3320746421813965,7.4696737662723915,7.056875925339134,7.1748185003631155,7648400
2019-12-02,7.725215435028076,7.862814558578322,7.3713886486671765,7.391045666317211,13499000
2019-12-03,8.373897552490234,8.383725357852688,7.440188087321366,7.528644428166657,16169000
2019-12-04,9.307607650756836,10.565657806156386,8.649096810178184,8.67858210439676,61116600
2019-12-05,9.612292289733887,9.985776161908671,8.80635395033187,9.985776161908671,21672400
2019-12-06,9.484519004821777,10.025087654344158,9.278120099997611,9.464862457244484,13545100
2019-12-09,10.98828411102295,11.3814244806772,10.663943071728047,10.693428365121973,46584700
2019-12-10,12.108736038208008,12.580505473854398,10.939142599785015,11.007941938127342,48613900
2019-12-11,11.931821823120117,12.865530895244182,11.725422896665698,12.482218335451526,41678200
2019-12-12,11.519024848937988,12.039936107890833,10.831028687379783,11.843365909920008,32100300
2019-12-13,11.047255516052246,11.764737915464028,10.418230878015228,11.519024931900656,25147100
2019-12-16,9.504178047180176,10.781885717979655,8.491840842064246,8.737553819628738,51406300
2019-12-17,10.722914695739746,10.939142388625504,9.641778105952298,10.310116799012697,35103700
2019-12-18,11.116053581237793,11.912162964980386,11.07673954916804,11.833534900840881,43418100
2019-12-19,10.732742309570312,11.253653529202044,10.673770785970225,10.889998456076452,29166800
2019-12-20,10.80154037475586,10.850683149115824,10.103715603341652,10.7229123107081,16361300
2019-12-23,10.752399444580078,11.184854808335247,10.58531548281174,10.732742893856999,9909500
2019-12-24,10.762226104736328,10.880168198199799,10.585313433201343,10.742569557819303,4972000
2019-12-26,10.6737699508667,10.811369536954222,10.575485335650322,10.762226760685785,6296300
2019-12-27,10.26097297668457,10.595142758101831,10.133203060091452,10.487029391245894,9534600
2019-12-30,10.614801406860352,10.69342948905541,9.92680521899325,10.074232638778817,12741100
2019-12-31,10.683600425720215,10.870342818352782,10.487030226096971,10.487030226096971,10591200
2020-01-02,10.66394329071045,10.811370698028048,10.585315215164984,10.722913878709251,8932400
2020-01-03,10.38874340057373,10.683599132990995,10.37891559477223,10.585314513732264,5036400
2020-01-06,10.20200252532959,10.50668608019729,10.182345038011372,10.46737204288144,7105400
2020-01-07,10.398573875427246,10.654115615233678,10.202003666853333,10.241317708568115,5492200
2020-01-08,10.428056716918945,10.457542944252515,9.887489004956766,10.270800587088459,7008900
2020-01-09,10.084060668945312,10.359258937130702,10.02508914281671,10.319944898818504,7006000
2020-01-10,10.025090217590332,10.349431302768203,9.995604920025265,10.093890495003102,8814100
2020-01-13,10.880169868469238,11.401082032884617,10.123374418235732,10.123374418235732,16019700
2020-01-14,11.715593338012695,12.098905871134365,10.88016894684515,10.889997689640179,24857300
2020-01-15,12.53136157989502,13.052272818413437,12.226677082001997,12.354447940000968,21127600
2020-01-16,12.413419723510742,12.747589522551795,12.246334823990217,12.364276940595184,8360700
2020-01-17,12.855704307556152,12.973646437119333,12.413421087364043,12.413421087364043,10251300
2020-01-21,13.003129959106445,13.425756568639267,12.86553129540411,12.944159371039902,10060500
2020-01-22,12.324963569641113,13.042445989520573,12.000622497070612,13.042445989520573,12971200
2020-01-23,13.494555473327637,13.907353326008943,12.708274741859022,13.268499997360552,24174800
2020-01-24,14.025297164916992,14.251352653647153,13.56335650610762,13.56335650610762,16387000
2020-01-27,13.799241065979004,14.084268088315724,13.612499611615211,13.75992702625396,8289900
2020-01-28,14.693635940551758,14.703464684657883,14.025297275785919,14.064611314889792,12483200
2020-01-29,14.791919708251953,15.057289205603606,14.103923638935225,14.92951835972299,14434100
2020-01-30,14.65432071685791,14.772262824635614,14.359464978753373,14.418436501302502,8559700
2020-01-31,14.949175834655762,15.303002143307074,14.615006074491488,14.634663560299039,11640900
2020-02-03,16.97385025024414,17.10162015348799,15.882884202856625,16.000827238239445,26506400
2020-02-04,16.462770462036133,17.160594459405036,15.558546576598344,17.10162386623165,17597000
2020-02-05,16.600370407104492,17.14094015556283,16.42345673941418,16.81659905634443,10039400
2020-02-06,16.551227569580078,16.964025478071417,16.443113251395726,16.66916875792538,6924800
2020-02-07,17.052478790283203,17.081963143968906,16.511909185472938,16.541395413799645,13191500
2020-02-10,17.72081756591797,17.789616887848595,16.914877563562424,17.091791176893132,10945700
2020-02-11,17.593046188354492,18.02550148911119,17.278533924037244,17.691331739613872,12003300
2020-02-12,16.58070945739746,17.573388051867653,15.578200246060613,17.543903699831265,14108800
2020-02-13,16.472599029541016,17.032824345267432,16.236714784742595,16.570884600200692,5995400
2020-02-14,15.922199249267578,16.54139503273599,15.509400498087837,16.47259570953294,15097200
2020-02-18,15.814085960388184,16.285854384868365,15.676486367921195,15.774770987694296,7687900
2020-02-19,17.20973777770996,17.239224010923643,16.13842900794992,16.207228344140532,14456600
2020-02-20,17.543909072875977,17.543909072875977,16.85591190349203,16.91488250026619,8394500
2020-02-21,17.61270523071289,17.642191461089936,17.111450562149876,17.357163524701875,6228300
2020-02-24,16.954195022583008,17.51442029729968,16.796938870895563,17.150766149512915,7912600
2020-02-25,17.268707275390625,17.327677863440435,16.806767565491587,16.924708741591207,9600200
2020-02-26,16.43328285217285,17.28836481747718,16.403798495375558,16.954195026405714,9197400
2020-02-27,16.049968719482422,16.678993228504837,14.615005152294358,15.912370076793996,12638300
2020-02-28,15.234204292297363,15.91237262117659,14.939348537885552,15.145747472241759,13618600
2020-03-02,14.791919708251953,15.381630223100355,14.62483482804811,15.312830897364838,14760300
2020-03-03,14.556035995483398,15.175231822722973,14.300494295064198,15.135917787067752,7464400
2020-03-04,14.870550155639648,15.312833346855127,14.713293993191538,14.73295054483722,9855900
2020-03-05,14.821405410766602,15.067118366432256,14.703463304525553,14.791920118536474,7062500
2020-03-06,14.025297164916992,14.467580335669503,13.936840343302366,14.339809475261779,7885800
2020-03-09,12.40358829498291,13.06209900649779,11.312623249511596,12.590330642181684,12804100
2020-03-10,13.661640167236328,13.661640167236328,12.531360928963887,12.963815325071792,9255500
2020-03-11,11.833535194396973,13.425754938701028,11.794221161351953,13.29798409697459,10420100
2020-03-12,8.90463924407959,10.722914822809502,8.658926252036034,10.152860756254103,18111500
2020-03-13,10.034918785095215,10.280631780873922,8.845667848033447,9.838348575936388,12205800
2020-03-16,8.796523094177246,9.828517633118818,8.599952928978967,8.983265454105974,14589200
2020-03-17,9.061893463134766,9.533661856640547,8.344411193027458,9.38623446800011,13726000
2020-03-18,7.1453328132629395,8.943952062862897,6.142823961493596,8.727724396968567,17120000
2020-03-19,7.774357795715332,8.118356309833223,6.879962783793468,7.794014813494045,16505300
2020-03-20,7.096189975738525,8.25595496141139,7.017561904663792,8.236298412302979,14667000
2020-03-23,7.980757713317871,8.727725419507,7.164990670642074,8.609783298106716,29026800
2020-03-24,8.678580284118652,9.140520837483317,8.354239303781021,8.462352651453429,23002600
2020-03-25,9.09138011932373,9.219150979425132,8.403383973433627,9.209322235420267,15973200
2020-03-26,9.622118949890137,10.08405955187716,8.993093469255053,9.317434483731759,22772800
2020-03-27,9.435378074645996,9.553320183414002,8.953779958859275,9.091379554415562,10242100
2020-03-30,9.504178047180176,9.887490629616208,9.052066130968687,9.209322286638661,8771100
2020-03-31,8.835836410522461,9.563146431422595,8.835836410522461,9.494347113513786,20099100
2020-04-01,8.275613784790039,8.816182563749713,8.05938608574203,8.33458437896269,16403300
2020-04-02,8.13801383972168,8.570469220292194,7.990586422943937,8.255955960608004,9849000
2020-04-03,7.794014930725098,8.196984504240259,7.715386858427586,8.167499211458832,11429200
2020-04-06,8.413212776184082,8.63926826595073,8.118357015223589,8.138013566049956,10922200
2020-04-07,8.423039436340332,8.904637519856607,8.413211630925284,8.855494743499376,9039800
2020-04-08,10.713085174560547,10.772056700098062,8.649096777877086,8.796524185739976,20167000
2020-04-09,11.784393310546875,12.383933531504367,10.870341738748994,11.263482098950174,19666000
2020-04-13,11.401082038879395,11.705765592930288,10.74257121261381,11.617308774876614,7141000
2020-04-14,11.754908561706543,12.039935570369403,11.568167116301469,11.794222599545538,7385800
2020-04-15,11.116053581237793,11.666450030214321,10.860511904124174,11.14553887095999,9055100
2020-04-16,10.939141273498535,11.361767871665613,10.821199163216681,11.3027963478644,5524100
2020-04-17,11.214340209960938,11.440396638014853,10.77205703528926,11.420739149783804,6327800
2020-04-20,10.948967933654785,11.1553668217047,10.58531292848501,10.762225591584656,3245000
2020-04-21,10.65411376953125,10.929312013859805,10.143030378457693,10.634456283418947,6387900
2020-04-22,10.811368942260742,10.95879632563612,10.57548475393196,10.781883653049755,5211300
2020-04-23,10.811368942260742,11.057081872766668,10.693426848096351,10.90965448939129,4020700
2020-04-24,10.428056716918945,10.870340753717777,10.290458071977506,10.811369236371108,8505100
2020-04-27,10.300286293029785,10.644284793915075,10.290458487508882,10.536171434621087,9804800
2020-04-28,10.732742309570312,10.821199126310159,10.369087236444722,10.467371859350774,6763500
2020-04-29,10.32977294921875,11.057083077825448,10.319944205970419,10.98828374972822,6230500
2020-04-30,10.457545280456543,10.52634461829696,10.13320420589361,10.221660095693855,5889400
2020-05-01,9.966116905212402,10.447714029191465,9.76954580885156,10.172515806534923,7936100
2020-05-04,10.811368942260742,10.98828255216755,10.103715439953952,10.428056433236138,10338600
2020-05-05,11.6074800491333,11.72542215142245,11.165195993898356,11.381423650088717,11192700
2020-05-06,11.292966842651367,11.912163582857698,11.145539449072935,11.735249960707172,7754700
2020-05-07,10.948967933654785,11.52884963120417,10.83102584581489,11.361765709754614,6536400
2020-05-08,11.391253471374512,11.43056750919283,10.909656273769974,11.076741168827972,5683600
2020-05-11,11.106225967407227,11.322453634422246,10.801541484916946,11.302796147729719,5552000
2020-05-12,10.9981107711792,11.25365245348518,10.85068338225216,11.12588161233219,6999600
2020-05-13,10.919485092163086,10.948971326249817,10.56565871900848,10.84085700923984,7183700
2020-05-14,10.909656524658203,10.948970563380621,10.30028751847979,10.713085393725493,7109900
2020-05-15,11.135710716247559,11.155368201979996,10.713084146205235,10.948969288391945,11449700
2020-05-18,12.059593200683594,12.10873504557352,11.70576591862423,11.794222739139071,8950500
2020-05-19,11.656622886657715,12.462562060608764,11.430567405581597,11.93182208621202,9749000
2020-05-20,11.794220924377441,12.167704699461183,11.774563439589656,11.971134538185652,8400600
2020-05-21,11.627138137817383,11.990793235713982,11.60748158682546,11.813880527504137,7865000
2020-05-22,11.499366760253906,11.794222510480026,11.263482535001248,11.627137616595911,12337800
2020-05-26,10.889999389648438,11.853194775551692,10.555829581015077,11.813880735554864,28100800
2020-05-27,10.742571830749512,11.10622693020137,10.496858849715503,10.988284811783522,13908600
2020-05-28,11.47970962524414,11.5681664395371,10.67377049071315,10.93914093359203,12059100
2020-05-29,11.656622886657715,11.971136123673979,11.243825024646847,11.90233585512511,13530900
2020-06-01,11.666450500488281,11.754907310541027,11.312624197597795,11.322452940341543,5676600
2020-06-02,11.636966705322266,11.794222860153006,11.44039651178384,11.666452000022876,5010900
2020-06-03,11.627138137817383,11.921993901261299,11.577995354356625,11.59765284266918,5755400
2020-06-04,11.666450500488281,11.843364120593773,11.410908813073792,11.64679395232128,9058500
2020-06-05,12.305304527282715,13.11124267330202,11.833535193459365,11.951477292585082,18177100
2020-06-08,12.354445457458496,12.855700044887515,11.941647672201707,12.796729468319638,19534200
2020-06-09,11.6074800491333,12.442903508011565,11.430566427039322,12.442903508011565,12466900
2020-06-10,11.833535194396973,11.92199200307839,11.23399595613029,11.646793771763246,12711100
2020-06-11,10.811368942260742,11.607479249520939,10.693426848096351,11.342108834660724,26890000
2020-06-12,10.83102798461914,11.224168355052262,10.46737197031778,11.066912206879014,19443500
2020-06-15,10.791714668273926,10.831029648678095,10.447717025623941,10.595144452856688,8984900
2020-06-16,10.762226104736328,11.076739291292686,10.595141237999636,11.037424322817758,14839900
2020-06-17,10.860513687133789,10.968627058744852,10.703257533037473,10.90965646961904,10176700
2020-06-18,10.614801406860352,10.8310291015571,10.575487365762822,10.70325823365996,5921600
2020-06-19,10.044747352600098,10.752400093082265,9.897318995342472,10.703258244650401,20299500
2020-06-22,9.799034118652344,10.51651558599298,9.769547885538136,10.221659816095473,12541700
2020-06-23,9.740062713623047,9.966119150437128,9.31743607348411,9.867833580114368,17691000
2020-06-24,9.631948471069336,9.82851865674002,9.43537828539865,9.661433764589793,27727300
2020-06-25,9.563149452209473,9.818691195619893,9.130694987247818,9.55332164463269,38937200
2020-06-26,8.973438262939453,9.897318667761887,8.855496143429397,9.563148860489736,164312500
2020-06-29,8.90463924407959,9.130694746845736,8.747382141822344,8.953781092631758,38402000
2020-06-30,8.717896461486816,9.012752226424404,8.501668775556501,8.87515261950136,55881400
2020-07-01,8.875151634216309,8.93412315558529,8.69823894475043,8.786694820823103,67167900
2020-07-02,9.28795051574707,9.48452071353609,8.894810120169032,9.052066278400247,67873500
2020-07-06,8.993093490600586,9.494348127734522,8.776866771983228,9.464862836526793,35122200
2020-07-07,8.806352615356445,9.022580284851962,8.708067055407419,8.91446598144392,29390600
2020-07-08,8.629439353942871,8.87515232707478,8.45252665066591,8.835838288866498,32268900
2020-07-09,8.442699432373047,8.629440913276273,8.206815160499252,8.570470313968213,40544900
2020-07-10,8.934123039245605,8.973437073872804,8.354240325504042,8.354240325504042,27365700
2020-07-13,8.90463924407959,9.1012094502503,8.845667713568037,8.894810499440885,25794300
2020-07-14,9.199492454528809,9.199492454528809,8.747380591789884,8.816180854748762,16119500
2020-07-15,9.042237281799316,9.337093038913334,9.0127519872841,9.258464961992344,19555600
2020-07-16,8.865323066711426,9.032406998706497,8.776866260918448,9.032406998706497,17867200
2020-07-17,9.061893463134766,9.120864043662749,8.727723715741265,8.767037748533413,19234100
2020-07-20,9.17000675201416,9.268292301936988,8.914465072071186,8.953779104576224,17643400
2020-07-21,9.327263832092285,9.396064098974321,9.09137961303533,9.140522393002339,28005500
2020-07-22,9.337093353271484,9.40589268856351,9.199493745366787,9.287950569211189,21920200
2020-07-23,9.307607650756836,9.425549764951738,9.219150830780508,9.297778906910443,20477000
2020-07-24,9.199492454528809,9.37640607739376,9.199492454528809,9.307606751755396,22411500
2020-07-27,8.89480972290039,9.415720958106007,8.89480972290039,9.327264138721533,29504200
2020-07-28,8.78669548034668,9.09137997853486,8.78669548034668,8.894809788084713,18525600
2020-07-29,9.042237281799316,9.06189476968987,8.658925641139646,8.845667089496843,24426900
2020-07-30,9.120865821838379,9.366578809022865,8.88498157909823,8.983267148900289,22772000
2020-07-31,9.189664840698242,9.268292910874269,8.884980365775743,8.983265922156042,28839900
2020-08-03,8.943952560424805,9.160179301027513,8.884981034692773,9.140522750663905,16210600
2020-08-04,8.884981155395508,9.09138009228065,8.855495860789235,8.963609232559312,19628300
2020-08-05,8.727724075317383,8.963608281788538,8.708066589451196,8.924294247376679,27589400
2020-08-06,8.943952560424805,8.963609110788413,8.70806739481728,8.826009508960741,13275300
2020-08-07,8.943952560424805,9.022580636520445,8.865324484329165,8.865324484329165,12132000
2020-08-10,8.973438262939453,9.002923558486806,8.894810183266083,8.934124223102767,12743800
2020-08-11,8.934123039245605,9.071721691780539,8.865323712978139,9.0520651431272,12053800
2020-08-12,9.120865821838379,9.170008606739408,8.973438404455951,9.032408996480658,11896900
2020-08-13,9.455035209655762,9.5140067363521,9.219150977511648,9.248636272199507,32146500
2020-08-14,9.248636245727539,9.455035182593027,9.20932220714938,9.396064593386097,11318400
2020-08-17,9.012750625610352,9.287948853256031,9.002921883150032,9.287948853256031,15415700
2020-08-18,9.199492454528809,9.21914994032292,8.934122957551892,8.993093540293202,14963600
2020-08-19,9.071722984313965,9.23880788961584,8.993094903856688,9.091380473088611,14570300
2020-08-20,8.77686595916748,9.140520974786815,8.717894444892801,9.002921399692843,23523800
2020-08-21,8.924295425415039,8.943952913876084,8.62943965974384,8.77686801123976,16443000
2020-08-24,8.973438262939453,9.002923558486806,8.708067791051342,8.953780774360787,15757000
2020-08-25,8.953780174255371,9.042236992289471,8.826009319019512,8.983266405147125,11039000
2020-08-26,8.717896461486816,8.9636094427147,8.590125598769841,8.904638852119565,18936300
2020-08-27,9.012750625610352,9.081549948191654,8.767037688025164,8.786694235625333,22956300
2020-08-28,8.973438262939453,9.111037871028175,8.88498143897675,9.042237598323492,13347000
2020-08-31,9.101207733154297,9.209321091820613,8.96360814613494,8.96360814613494,74536600
2020-09-01,8.963607788085938,9.160177949318433,8.855494433738182,9.022579305115919,16912500
2020-09-02,9.11103630065918,9.238806205115631,8.943951425821684,8.99309326415702,17021800
2020-09-03,9.002923011779785,9.219150686411345,8.973437718022941,9.052065792921583,16843200
2020-09-04,9.032407760620117,9.120864573874721,8.845666328331921,8.983265919763587,17964000
2020-09-08,9.061893463134766,9.091378753398757,8.826008329061397,8.983265397550468,18594000
2020-09-09,8.953780174255371,9.150351297584741,8.88498084348244,9.032408248658886,14551500
2020-09-10,8.84566593170166,9.012750807619442,8.806351898386916,8.90463745033402,19265000
2020-09-11,8.90463924407959,8.953781092631758,8.737554334504317,8.845667713568037,18868000
2020-09-14,9.474691390991211,9.514005424260034,8.943951473201858,8.943951473201858,32861900
2020-09-15,9.612292289733887,9.808862502109902,9.42555082230685,9.47469360973103,27952700
2020-09-16,9.622118949890137,9.74006105176162,9.55331962479523,9.661432983847298,28646800
2020-09-17,9.612292289733887,9.622121034682865,9.435379567255827,9.464864864782053,18742200
2020-09-18,9.543492317199707,9.661434436808236,9.278121845090034,9.592635101366756,109816700
2020-09-21,9.464864730834961,9.484521283134027,9.081552119135853,9.32726511545871,19741500
2020-09-22,9.68109130859375,9.730233152309186,9.396064303369517,9.405892109720252,21907300
2020-09-23,9.435378074645996,9.690918841649728,9.346921258739853,9.661433548787866,18741200
2020-09-24,9.622118949890137,9.631947692709554,9.150350542404203,9.396063488966586,14727100
2020-09-25,9.828516960144043,9.867830990491802,9.563146552306351,9.631946808405246,19752200
2020-09-28,9.28795051574707,9.818690518437743,9.042237534180636,9.789205223099549,48154900
2020-09-29,9.22898006439209,9.37640748062927,9.170008535504826,9.287950655958701,22464200
2020-09-30,9.22898006439209,9.464864305299841,9.189666024240799,9.287950655958701,18488600
2020-10-01,9.661433219909668,9.661433219909668,9.287949419530877,9.337092197508184,19407900
2020-10-02,9.730233192443848,9.877661536160021,9.455034929755817,9.523834261097678,26849600
2020-10-05,9.769548416137695,9.828519948248296,9.681092523952852,9.759720608553183,25868600
2020-10-06,9.975947380065918,10.26097442128721,9.740063126087064,9.779377168416874,40086500
2020-10-07,10.084060668945312,10.192174039973706,9.985775104504512,10.093889412853516,13083600
2020-10-08,10.38874340057373,10.42805743574133,10.103716411278498,10.133202640644598,18065300
2020-10-09,10.575486183166504,10.60497147636231,10.260972952235816,10.378915999660181,16479200
2020-10-12,10.270801544189453,10.378915846513069,9.936631768499291,9.95628925522015,24111400
2020-10-13,10.14303207397461,10.290460432499538,10.113546777197898,10.221660156926298,12883300
2020-10-14,10.19217300415039,10.260972329874559,10.034916866883426,10.123373678426223,8398000
2020-10-15,10.32977294921875,10.408401020564309,10.064402505437076,10.13320277085485,9101300
2020-10-16,10.349430084228516,10.408401609736064,10.241316714338707,10.329773533939731,11998700
2020-10-19,10.6344575881958,10.683600372185522,10.319945270374609,10.40840209409198,20547200
2020-10-20,10.732742309570312,10.880169712589677,10.55582867609062,10.71308482259676,16124800
2020-10-21,10.398573875427246,10.762228995619157,10.369088578471331,10.732743698663244,17683500
2020-10-22,10.054574012756348,10.36908724329704,9.936631902798801,10.319944463151254,23397500
2020-10-23,10.07423210144043,10.152860179441632,9.956289984438627,10.123374884521338,8059500
2020-10-26,9.858001708984375,10.152857389113477,9.828516422167576,10.00543001770911,17385400
2020-10-27,9.740062713623047,10.0054331911021,9.740062713623047,9.85800483561796,8333900
2020-10-28,9.533661842346191,9.799032266285668,9.533661842346191,9.631947392839436,12064500
2020-10-29,9.572976112365723,9.671261665295182,9.297777876411937,9.48451930219331,11001600
2020-10-30,9.396064758300781,9.651605544883619,9.307607935617224,9.543492171226289,10338200
2020-11-02,9.484519004821777,9.543490522194597,9.317434132472668,9.43537716721831,8404900
2020-11-03,9.504178047180176,9.66143420285015,9.386235930427695,9.523834597978611,10010500
2020-11-04,9.887490272521973,9.95628960381269,9.455034922727371,9.455034922727371,10894900
2020-11-05,9.661433219909668,10.074231055206198,9.651604476850101,10.074231055206198,7386600
2020-11-06,9.975947380065918,9.985776124978546,9.710577828669884,9.769548423504245,9358800
2020-11-09,10.241316795349121,10.359258909976562,10.05457441086522,10.05457441086522,17776100
2020-11-10,10.231487274169922,10.30028660147902,10.034917098057829,10.24131601730566,10660600
2020-11-11,10.526344299316406,10.683600459512402,10.241317274631003,10.310116610386588,16852000
2020-11-12,10.909656524658203,11.155369501003472,10.526343944124159,10.663943548312933,34923800
2020-11-13,11.204510688781738,11.224168175649487,10.77205628821749,10.988283957159895,22659900
2020-11-16,11.342111587524414,11.528853047612268,11.204511975608693,11.263483505664194,17302800
2020-11-17,11.519024848937988,11.715595046908813,11.45022457665772,11.548510144303453,25361800
2020-11-18,12.433075904846191,12.63947483710207,11.813880045399152,11.89250812079943,51663600
2020-11-19,12.079248428344727,12.521531545162716,11.990791617517027,12.41341818599581,24446800
2020-11-20,12.442902565002441,12.541188111454895,12.108732831848624,12.148046862965517,17940800
2020-11-23,12.482219696044922,12.659133348667194,12.423249103384613,12.551019970576178,15419600
2020-11-24,12.600160598754883,12.678788672903075,12.492047231131265,12.609989342353552,22862300
2020-11-25,12.423249244689941,12.580505410000335,12.20702154872781,12.551020113334808,20485500
2020-11-27,12.511702537536621,12.68861615544784,12.423246665901498,12.423246665901498,10388300
2020-11-30,12.482219696044922,12.649304604116917,12.315134787972926,12.511704992375078,48998800
2020-12-01,12.472389221191406,12.600160070657232,12.334790565859393,12.531360742991225,14571600
2020-12-02,12.315134048461914,12.472390202540565,12.187363188942856,12.40359086946131,11593200
2020-12-03,12.383934020996094,12.462562096144211,12.285648458400653,12.383934020996094,13084100
2020-12-04,12.275818824768066,12.462561192697803,12.04976335943478,12.442903706675505,13533400
2020-12-07,12.315134048461914,12.354448086981577,12.098907305264076,12.187363188942856,16369200
2020-12-08,12.108736038208008,12.305307183164404,12.069421996680866,12.23650690750139,11738800
2020-12-09,12.177535057067871,12.236505644612082,12.00062141979406,12.108734788505506,20102000
2020-12-10,11.813880920410156,12.28564940775399,11.715595350219859,12.256164111625166,18942400
2020-12-11,11.735251426696777,11.96130785405301,11.646795541891949,11.686109580912081,9611500
2020-12-14,11.646793365478516,11.882677555520095,11.587821849307895,11.72542142882571,10367800
2020-12-15,11.990795135498047,11.990795135498047,11.371598215358391,11.597654680165304,16291300
2020-12-16,11.853194236755371,12.167706542433587,11.754908672570625,12.118563760341214,16446200
2020-12-17,12.030106544494629,12.11856336188836,11.91216443374318,11.961307214219762,18397700
2020-12-18,12.059593200683594,12.157877827784054,11.872850815747684,11.990792930660602,32731200
2020-12-21,12.049764633178711,12.079249928008435,11.813880399899672,11.863022245509004,19258300
2020-12-22,12.226676940917969,12.226676940917969,11.902335896401857,12.010450202787622,19204900
2020-12-23,12.295476913452148,12.433075573070527,12.216848840150055,12.226676646322389,17215000
2020-12-24,12.177535057067871,12.344619950644116,12.128392275900636,12.285648425779316,4561000
2020-12-28,12.108736038208008,12.246335652213348,12.059594189289594,12.098908230816736,9418600
2020-12-29,11.754908561706543,12.20702046551528,11.695937036287752,12.108734902257494,12177700
2020-12-30,12.12839126586914,12.157876557185762,11.784392763666686,11.784392763666686,9327200
2020-12-31,12.24633502960205,12.2954778133427,12.02027859932332,12.049764831960092,8342600
2021-01-04,12.00062084197998,12.31513312659399,12.00062084197998,12.265990347792915,10129500
2021-01-05,12.167705535888672,12.177534278958207,12.000620652988673,12.108734014791983,9191200
2021-01-06,12.167705535888672,12.236504862734366,12.000620652988673,12.079248722903904,10020400
2021-01-07,12.098906517028809,12.216848624903951,12.00062095847258,12.13822055298719,13179500
2021-01-08,12.030106544494629,12.148048655246077,11.961307214219762,12.12839210544779,10329000
2021-01-11,12.00062084197998,12.00062084197998,11.784393177647576,11.921992770826478,16972500
2021-01-12,11.971134185791016,12.020276021672961,11.882677381490817,11.941647959477324,8179300
2021-01-13,11.89250659942627,12.000619954940882,11.843363824257638,11.99079121244306,8362000
2021-01-14,11.627138137817383,11.990793235713982,11.59765284266918,11.951479196409501,10517200
2021-01-15,12.030106544494629,12.216848922841521,11.69593676203857,11.705765505598002,19752500
2021-01-19,11.823707580566406,12.09890677547417,11.745079506970066,12.059592738676,11774300
2021-01-20,12.030106544494629,12.03993528805406,11.73525079895572,11.843365103468313,14695800
2021-01-21,11.784393310546875,12.039935013337919,11.725422725176976,11.951478197962516,10838300
2021-01-22,11.519024848937988,11.754909086502979,11.342111202103927,11.754909086502979,13161400
2021-01-25,11.155369758605957,11.5878241945389,11.14554101436823,11.519024859516092,14494600
2021-01-26,10.870342254638672,11.361768196872742,10.742571397179342,11.155369263641608,21212500
2021-01-27,10.604970932006836,10.80154110542317,10.447714793273768,10.703256487375263,21061500
2021-01-28,11.361767768859863,11.391253061833389,10.604971396415033,10.614800139846396,13277900
2021-01-29,11.23399543762207,11.469879625004891,11.125881148747947,11.214337953346615,11596200
2021-02-01,11.292966842651367,11.499365756053477,10.988283312637138,11.233996260148198,12987900
2021-02-02,11.528853416442871,11.568168395951416,11.2339985686944,11.371597247691499,7704700
2021-02-03,11.764735221862793,11.764735221862793,11.499364810458465,11.568165067482049,9846600
2021-02-04,11.794220924377441,11.823706214238655,11.519022698591698,11.813878409165227,13307200
2021-02-05,11.656622886657715,11.833536523896827,11.627137592891392,11.804051230130504,4818400
2021-02-08,11.686111450195312,11.715596749846656,11.528854331639673,11.62713991357185,5372200
2021-02-09,11.558338165283203,11.72542305743343,11.46005260378757,11.70576557020607,11356600
2021-02-10,11.872851371765137,11.90233666754404,11.607481835113704,11.61730964215957,11077100
2021-02-11,11.794220924377441,11.971134538185652,11.607479505495803,11.89250647367544,9367600
2021-02-12,11.597651481628418,11.804050398085181,11.577993995622764,11.774564169076697,8080700
2021-02-16,11.597651481628418,11.695936099695125,11.460051891550401,11.597651481628418,6262200
2021-02-17,11.509196281433105,11.607481850588012,11.371596672080365,11.558339066010559,7677000
2021-02-18,11.558338165283203,11.60748094603102,11.263482418116885,11.420738566653434,13504100
2021-02-19,11.440396308898926,11.745079869150048,11.371596039390122,11.499366897254355,10602900
2021-02-22,11.214340209960938,11.440396638014853,11.066912797510588,11.440396638014853,41695100
2021-02-23,11.037426948547363,11.243825895539466,10.909657019889993,11.125883774018359,13112800
2021-02-24,11.214340209960938,11.361768559731916,11.057084053395064,11.086569348421008,16186900
2021-02-25,10.693428993225098,11.391253893340174,10.52634409197778,11.20451150379523,23817000
2021-02-26,10.32977294921875,10.840855412964887,10.32977294921875,10.683599270273769,14149800
2021-03-01,10.781886100769043,10.948971006430563,10.45754503385448,10.496859074167741,16394800
2021-03-02,10.693428993225098,10.8506851503236,10.575486875401221,10.80154236690016,11072900
2021-03-03,10.565657615661621,10.762227802442371,10.516514834636286,10.713085021417037,12404200
2021-03-04,10.546000480651855,10.722914123325287,10.339602480627011,10.722914123325287,11703700
2021-03-05,10.66394329071045,10.703257328483183,10.152859862344329,10.516514946072254,20816600
2021-03-08,10.968626022338867,11.135710904608803,10.624628452087046,10.693427778673305,17458100
2021-03-09,11.145540237426758,11.24382486099081,10.919483822320345,11.13571149387418,9743300
2021-03-10,11.263482093811035,11.302796129813215,11.17502527847599,11.224168057808855,11980100
2021-03-11,11.253654479980469,11.450224679720613,11.184855144401581,11.263483224297639,34908100
2021-03-12,11.31262493133545,11.420738296567436,11.204510628782904,11.263482151749797,10280600
2021-03-15,11.646793365478516,11.646793365478516,11.37159420644289,11.410908238116486,15950900
2021-03-16,11.666450500488281,11.686107985975779,11.371594779419294,11.597651175923033,11311300
2021-03-17,11.617308616638184,11.676280140310913,11.479709956936098,11.597652066960988,13395400
2021-03-18,11.106225967407227,11.538680364116711,11.066911931342728,11.509195071398477,17140800
2021-03-19,11.066911697387695,11.38142397925488,10.998111432738847,11.175025059949405,37466500
2021-03-22,10.919485092163086,11.066913450634685,10.84085700923984,10.98828536771144,9974100
2021-03-23,10.732742309570312,10.998111822469282,10.703257016430554,10.939141236189764,8775600
2021-03-24,11.116053581237793,11.558336676352617,10.732741065567366,10.772055097637118,30567200
2021-03-25,11.686111450195312,11.715596749846656,11.096399833243797,11.135713878552513,18826600
2021-03-26,11.863021850585938,11.87285059430885,11.577994843865564,11.656622919007695,14322200
2021-03-29,11.31262493133545,11.8531936321365,11.31262493133545,11.813879595932091,12245400
2021-03-30,11.292966842651367,11.40108113944136,11.214338774433468,11.253652808542418,9157900
2021-03-31,11.509196281433105,11.617309657646981,11.351940120641776,11.351940120641776,10433800
2021-04-01,11.302796363830566,11.597652108612001,11.214339546664078,11.49936654791133,9542400
2021-04-05,11.460051536560059,11.646793898547095,11.36176692153785,11.440394988483813,10902800
2021-04-06,11.24382495880127,11.460052632236078,11.125882847106078,11.371595814134539,12846700
2021-04-07,11.145540237426758,11.302796384985701,11.076740907199863,11.184854274316493,9202500
2021-04-08,11.09639835357666,11.214340473775625,11.06691305785708,11.145541137989724,10219500
2021-04-09,11.31262493133545,11.381424260363026,11.096397263550916,11.096397263550916,16709800
2021-04-12,11.381425857543945,11.479711430507884,11.283140284580007,11.312626518861604,13572400
2021-04-13,11.460051536560059,11.528850860807655,11.066911201830234,11.214338593023795,17335800
2021-04-14,11.587822914123535,11.676279727847618,11.41090928667537,11.430566772978738,14879200
2021-04-15,11.666450500488281,11.686107985975779,11.479709074959537,11.568165885012284,15425900
2021-04-16,11.381425857543945,11.764738467318473,11.371597112783414,11.695938191315442,38392200
2021-04-19,11.007941246032715,11.489538458791252,10.968627206977338,11.39125382981312,17380900
2021-04-20,11.007941246032715,11.106226812331474,10.870342577999207,10.93914191201596,13378900
2021-04-21,10.9587984085083,10.998112447368612,10.801542253067058,10.899827818878146,9333900
2021-04-22,10.80154037475586,11.076739536243476,10.78188382740415,11.057082051571307,13701200
2021-04-23,10.781886100769043,10.899828221708823,10.624629939516002,10.791713907856865,14592700
2021-04-26,10.614801406860352,10.840856908840976,10.614801406860352,10.840856908840976,17830700
2021-04-27,10.457545280456543,10.663944231298471,10.437887791176037,10.644286742017965,17897600
2021-04-28,10.604970932006836,10.624628418008731,10.398572015589554,10.516514119639355,20286300
2021-04-29,10.604970932006836,10.703256487375263,10.192173099172273,10.575485640324516,18990300
2021-04-30,11.125884056091309,11.125884056091309,10.536173433534925,10.536173433534925,17878000
2021-05-03,11.23399543762207,11.292966015807556,10.978453765963792,11.106224601792931,21193100
2021-05-04,11.125884056091309,11.302797711518567,10.880171062362644,11.302797711518567,18482700
2021-05-05,10.791714668273926,11.145541993345676,10.781886860493605,11.145541993345676,13178000
2021-05-06,10.752399444580078,10.88017030490226,10.60497203353482,10.831028459434252,9851500
2021-05-07,10.752399444580078,10.948970575734585,10.644286072301597,10.742571637878848,14316700
2021-05-10,10.693428993225098,10.899827933747039,10.673771504927469,10.772057071774348,11039400
2021-05-11,10.703256607055664,10.732741899067678,10.496857688330495,10.604971050588238,8888500
2021-05-12,10.290458679199219,10.703256513022948,10.290458679199219,10.703256513022948,10247900
2021-05-13,10.447717666625977,10.49686045782554,10.290461484644,10.369089575634987,14197700
2021-05-14,10.624629020690918,10.752398937668893,10.467371935716917,10.487029422833883,13753800
2021-05-17,10.66394329071045,10.742571366255914,10.555828983844988,10.59514302161772,10756200
2021-05-18,10.585315704345703,10.703257823114377,10.349430529487716,10.66394378352482,15950500
2021-05-19,10.349430084228516,10.487029685532399,10.152859894737682,10.457544391438923,13826300
2021-05-20,10.221659660339355,10.467372641956365,10.152860325429197,10.339602716357684,14202600
2021-05-21,10.103717803955078,10.270802710778165,10.064403763368508,10.231488670191595,11653100
2021-05-24,10.398573875427246,10.428059172383161,10.123375583423767,10.123375583423767,11250000
2021-05-25,9.887490272521973,10.3887440162867,9.858004041408302,10.349429978789063,18107000
2021-05-26,9.858001708984375,10.025086563146854,9.76954491121361,9.89731573718023,26309300
2021-05-27,9.749890327453613,9.907146471876969,9.730232840740415,9.907146471876969,16342700
2021-05-28,9.966116905212402,10.015258741982159,9.76954580885156,9.779374551133694,16345800
2021-06-01,9.975947380065918,10.034918912220984,9.769548423504245,9.985776124978546,11621100
2021-06-02,10.054574012756348,10.093888986729432,9.946460646292074,10.005432169931131,11951800
2021-06-03,10.251145362854004,10.280630656673399,9.966118356411611,10.03491768776373,12293500
2021-06-04,10.20200252532959,10.280630599961292,10.152859744354629,10.270801856302183,13684000
2021-06-07,10.123373985290527,10.280630127324311,10.074231206574833,10.20200205630742,15342400
2021-06-08,10.054574012756348,10.172517060034464,10.044746206583646,10.123374279888678,7724700
2021-06-09,10.103717803955078,10.182345885128218,10.01526097830513,10.074232507845316,9174500
2021-06-10,10.310115814208984,10.369087338388853,10.12337437272713,10.143030922573367,9676700
2021-06-11,10.319944381713867,10.329773125129577,10.202002272687034,10.310115638298157,6545200
2021-06-14,10.46737003326416,10.54599809280016,10.31011391419216,10.35925668573226,8493300
2021-06-15,10.349430084228516,10.49685842933709,10.280630752236874,10.43788690382954,10234400
2021-06-16,10.054574012756348,10.398572536456284,10.025088719597104,10.359258499803769,8992200
2021-06-17,10.054574012756348,10.093888986729432,9.936631902798801,10.025088719597104,8037100
2021-06-18,10.025090217590332,10.10371830264432,9.946462132536347,10.064404260117325,15783200
2021-06-21,10.084060668945312,10.093889412853516,9.799033656851721,9.985775104504512,16489700
2021-06-22,9.93663215637207,10.11354579448334,9.916975606204481,10.11354579448334,7863400
2021-06-23,9.877660751342773,9.9562888201492,9.848175459870491,9.916974785745987,6722400
2021-06-24,9.828516960144043,9.985773081535081,9.818688218226997,9.936630309270276,13746600
2021-06-25,9.995601654052734,10.034915683734223,9.818688051825832,9.828516793576306,16448300
2021-06-28,10.172516822814941,10.172516822814941,9.82851830713693,10.034917229079626,11008400
2021-06-29,9.926804542541504,10.192174067536328,9.897318310737159,10.143031285183032,16629200
2021-06-30,9.995601654052734,10.054572229914767,9.926802336440229,9.96611636612172,12357400
2021-07-01,10.162687301635742,10.192172591850413,9.907145620253997,10.0054311707302,10405500
2021-07-02,10.241316795349121,10.280630833558268,10.133203424604119,10.192174013257537,9510700
2021-07-06,10.319944381713867,10.339601868545287,10.133202943418187,10.221658822197892,10395200
2021-07-07,10.182344436645508,10.349429319700045,10.14303040165153,10.349429319700045,6475700
2021-07-08,9.9857759475708,10.221660197358926,9.926805353784115,10.093890265047541,5514100
2021-07-09,10.19217300415039,10.221658295557818,10.005431575475999,10.005431575475999,7222000
2021-07-12,10.034918785095215,10.152860910590512,9.946461956643569,10.143032165802396,8150500
2021-07-13,9.818689346313477,10.113545076458374,9.779375311448858,10.005431714910806,14915500
2021-07-14,9.749890327453613,9.907146471876969,9.651604768528738,9.848175886378488,9010200
2021-07-15,9.799034118652344,9.858004710239454,9.602463917827556,9.700748549579624,8001000
2021-07-16,9.622118949890137,9.86783189645252,9.622118949890137,9.799032571357614,7488400
2021-07-19,9.0520658493042,9.582805826836147,8.993094324102607,9.504177751447754,21144400
2021-07-20,9.258464813232422,9.376406926718877,9.002923098684803,9.06189462408833,17799300
2021-07-21,9.327263832092285,9.56314805114924,9.228979209478839,9.366577868601778,17551000
2021-07-22,9.17000675201416,9.425548431957134,9.08154994454771,9.327262882034308,23484200
2021-07-23,9.061893463134766,9.268292369623666,8.953779169966,9.228978336831517,10542500
2021-07-26,8.599954605102539,9.052066541835043,8.334584127374026,9.022581245638762,41531300
2021-07-27,8.835836410522461,8.865322635900872,8.46235265827959,8.609780973210421,21701500
2021-07-28,8.993093490600586,9.111036530072518,8.82600861155594,8.894808874134652,22210000
2021-07-29,8.924295425415039,9.160179663023742,8.806353306610687,9.022580993078986,54622100
2021-07-30,8.639267921447754,9.091379820273076,8.590125140360538,8.855495595839148,37835200
2021-08-02,8.796523094177246,8.983265454105974,8.619610414159036,8.688409737648312,14505500
2021-08-03,8.835836410522461,8.875150440373268,8.619609715003225,8.845665152315265,16714500
2021-08-04,8.521324157714844,8.77686581998542,8.334581813240035,8.688409018636344,18148600
2021-08-05,8.147842407226562,8.491840955333561,8.147842407226562,8.393555388068522,24133800
2021-08-06,8.38372802734375,8.413214264781402,8.098700960025312,8.23630058943865,30547300
2021-08-09,8.482013702392578,8.501670256909085,8.147843839724752,8.30510002514001,20093700
2021-08-10,9.042237281799316,9.111037552095642,8.472183255461836,8.51149729392233,34273700
2021-08-11,9.278122901916504,9.278122901916504,8.816183115162586,8.934125248205335,40035900
2021-08-12,9.081551551818848,9.44520665118096,8.855496059237252,9.287950493329305,40126200
2021-08-13,8.963607788085938,9.140521401855416,8.914465013447698,9.130692659463675,6857700
2021-08-16,9.012750625610352,9.130692723172785,8.914465075648089,9.061893400591483,10397600
2021-08-17,8.973438262939453,9.002923558486806,8.826009910561398,8.934124223102767,14807700
2021-08-18,8.963607788085938,9.160177949318433,8.806351659099942,9.032407110187195,9568300
2021-08-19,8.77686595916748,8.92429333887355,8.599952353663861,8.875150566531387,17385200
2021-08-20,9.120865821838379,9.199493902751762,8.688411376814772,8.737554161715801,21080000
2021-08-23,8.953780174255371,9.170007847525328,8.934123624314783,9.13069381032357,12742000
2021-08-24,9.09138011932373,9.199493491415401,8.98326674723206,9.140522902027442,9857300
2021-08-25,9.101207733154297,9.111036475938645,8.973436888919286,9.052064956553062,6481400
2021-08-26,8.963607788085938,9.120863917071933,8.914465013447698,9.022579305115919,8627500
2021-08-27,8.963607788085938,9.120863917071933,8.826008206562959,8.993093077940696,15991200
2021-08-30,8.855496406555176,9.052066611579347,8.845667661973799,8.99309508141176,9307500
2021-08-31,9.012750625610352,9.081549948191654,8.806351720545974,8.855494495527106,14936600
2021-09-01,9.0520658493042,9.150351412199987,8.953780286408412,9.042237105550502,9150100
2021-09-02,9.120865821838379,9.16017986229507,8.963609660011613,9.02258118935698,11275200
2021-09-03,8.993093490600586,9.189664598173469,8.924294165342381,9.189664598173469,13825300
2021-09-07,9.258464813232422,9.356750376464767,9.022580586259512,9.032408392726268,12555100
2021-09-08,9.160179138183594,9.32726403124665,9.150351331836804,9.189665369185724,10093200
2021-09-09,9.199492454528809,9.268292717487686,9.091379094622734,9.140521871787499,10889200
2021-09-10,9.150350570678711,9.268292672914635,9.071721565200919,9.228978638835994,9678300
2021-09-13,9.661433219909668,9.76954658160332,9.219150092754965,9.27812067647131,23319600
2021-09-14,9.631948471069336,9.71057654533761,9.43537828539865,9.631948471069336,20337900
2021-09-15,9.69091796875,9.818688809403316,9.553319322908335,9.592633355623164,26397200
2021-09-16,9.523831367492676,9.681088407141647,9.346918721033079,9.64177438155948,18731300
2021-09-17,9.67126178741455,9.681090530295704,9.405891353546469,9.455034130631725,25947700
2021-09-20,9.41572093963623,9.602463321819496,9.287950082700467,9.504177758847188,21520400
2021-09-21,9.622118949890137,9.789203828538199,9.386234746147169,9.42554878010433,30412300
2021-09-22,9.700746536254883,9.848174859266207,9.671261246580801,9.710575278586397,16723800
2021-09-23,9.799034118652344,9.828519414445898,9.67126325378607,9.730233845373178,18726100
2021-09-24,9.769548416137695,9.838348693153513,9.6516062892372,9.828519948248296,14955700
2021-09-27,9.799034118652344,9.838348158817302,9.67126325378607,9.779376629909539,13537700
2021-09-28,9.572976112365723,9.858003091076554,9.563147369608677,9.789203766418233,15395500
2021-09-29,9.34692096710205,9.641776698482406,9.297778188985236,9.60246266345306,12383400
2021-09-30,9.435378074645996,9.514006147158,9.327263771951571,9.337092515345713,15427400
2021-10-01,9.445205688476562,9.572976538038123,9.366577617564916,9.572976538038123,17735900
2021-10-04,9.651605606079102,9.730233685113994,9.435378857393466,9.484520703799797,13304500
2021-10-05,9.720406532287598,9.73023433983777,9.602464405799221,9.700749042545851,10130700
2021-10-06,10.015259742736816,10.044745972529567,9.47469198569072,9.622119385372283,22049300
2021-10-07,10.339601516723633,10.49685765674185,9.995603007443384,10.025088299366667,33250300
2021-10-08,10.526344299316406,10.555829595022992,10.28063131468,10.329774099071413,15704200
2021-10-11,9.975947380065918,10.378917485597341,9.79903465824213,10.241317868782659,44500800
2021-10-12,10.07423210144043,10.172517667602246,9.916975945438026,10.025089318359523,16674900
2021-10-13,10.319944381713867,10.4968580139144,10.054573933413069,10.07423142024449,18735600
2021-10-14,10.585315704345703,10.585315704345703,10.300287745670609,10.408402057532372,21220900
2021-10-15,11.007941246032715,11.017769990126716,10.634457406346312,10.634457406346312,53654600
2021-10-18,10.811368942260742,10.91948229424799,10.713083395130194,10.83102642661503,12789600
2021-10-19,10.98828411102295,11.007940660845373,10.811370476018247,10.909656037092098,11136100
2021-10-20,11.31262493133545,11.410909553186194,10.958797668175203,11.037425740584021,18957400
2021-10-21,11.450223922729492,11.479710153731622,11.214339698635975,11.243824992317517,12820700
2021-10-22,11.695937156677246,11.735251194920911,11.401082338510065,11.528852259811519,14783900
2021-10-25,11.460051536560059,11.813878775137393,11.391252212312462,11.686107932020077,16811400
2021-10-26,11.37159538269043,11.58782304792145,11.351938833480636,11.558337755446486,12071800
2021-10-27,11.381425857543945,11.499367982708257,11.312626518861604,11.420739899265383,8234400
2021-10-28,11.47970962524414,11.48953743113849,11.21433918236526,11.469880882029246,10125000
2021-10-29,11.401082038879395,11.548509444088461,11.33228177077066,11.420738588824332,16532700
2021-11-01,11.214340209960938,11.450224444809749,10.978455975112126,11.450224444809749,18362600
2021-11-02,11.145540237426758,11.41090975210233,11.106226200537021,11.283138897880546,13730300
2021-11-03,11.469881057739258,11.548509130021849,11.116054732467607,11.125882538512512,15905900
2021-11-04,11.460051536560059,11.597651122375744,11.381423469614093,11.430566245785444,8109400
2021-11-05,11.450223922729492,11.636966303127302,11.450223922729492,11.617308815792548,7025900
2021-11-08,11.410908699035645,11.469880217588292,11.27331005128028,11.450222732297247,9530800
2021-11-09,11.971134185791016,12.000619474784271,11.548507648499145,11.568165132708273,24882200
2021-11-10,12.187362670898438,12.236505451289272,11.745079522022069,11.99079248665567,21132200
2021-11-11,12.138218879699707,12.285646259890221,11.961305273614753,12.265988775960592,17480100
2021-11-12,12.049764633178711,12.236506083527795,11.83353695067928,12.177535493868346,10063200
2021-11-15,12.167705535888672,12.187362084707214,12.030105944876752,12.069419979834368,7523700
2021-11-16,12.108736038208008,12.207021610686205,12.000622658338537,12.167707569159063,6914300
2021-11-17,12.256162643432617,12.285647936029333,12.000620941406273,12.039934977308747,14466900
2021-11-18,11.89250659942627,12.354446248978181,11.764735758916016,12.295475668632202,14932900
2021-11-19,12.167705535888672,12.22667611966483,11.823707027019138,11.87284980504629,21829600
2021-11-22,12.030106544494629,12.275819509556957,12.000621251136911,12.16770614236494,14196000
2021-11-23,12.118563652038574,12.207020471550193,11.84336538702956,12.039935576321714,17127400
2021-11-24,12.24633502960205,12.305306557554959,12.000622048219443,12.10873542259236,16046000
2021-11-26,12.030106544494629,12.069420581411778,11.676280212240284,12.03993528805406,9671600
2021-11-29,12.167705535888672,12.22667611966483,11.912163840003904,12.079248722903904,13125300
2021-11-30,11.67628002166748,12.157877200372381,11.646794728791003,12.128391907495903,23444900
2021-12-01,11.548508644104004,11.9711352178308,11.52885115820019,11.892507148856586,16360000
2021-12-02,11.794220924377441,11.931820505930546,11.469879923942699,11.59765076310191,15776500
2021-12-03,11.6074800491333,11.784392733906769,11.39125239294294,11.784392733906769,22791000
2021-12-06,12.324963569641113,12.383935099799693,11.666452679920233,11.833537588495423,45235700
2021-12-07,12.226676940917969,12.433075872639185,12.157877609451095,12.374105284902033,16347700
2021-12-08,12.413419723510742,12.433076274284593,12.197192041074658,12.226677335895744,11100500
2021-12-09,12.275818824768066,12.442903706675505,12.265990081756916,12.413418414962582,9397100
2021-12-10,12.138218879699707,12.393759609541902,12.04976207665723,12.393759609541902,9487400
2021-12-13,12.059593200683594,12.177535315596511,11.980964186754372,12.08907849508167,13069400
2021-12-14,11.951478004455566,12.256162481668735,11.84336464148085,12.030106075222731,11263700
2021-12-15,12.049764633178711,12.10873522283816,11.813880399899672,11.971136555419031,9894100
2021-12-16,12.030106544494629,12.25616295975867,12.010449994696343,12.069420581411778,11537800
2021-12-17,11.813880920410156,12.079250460210897,11.784394686960669,11.990793634503762,15762400
2021-12-20,11.784393310546875,11.804050797217212,11.528851607755831,11.636965909801571,14239900
2021-12-21,11.863021850585938,11.961307413173897,11.833536556737785,11.912164631879916,9896800
2021-12-22,11.804051399230957,11.872850731444831,11.7155945793442,11.843365437256114,6600900
2021-12-23,11.794220924377441,11.91216302114276,11.715592859867229,11.804049666771334,5668900
2021-12-27,11.705764770507812,11.804050325288909,11.666450736059478,11.75490754789836,4961500
2021-12-28,11.853194236755371,11.931822313174925,11.715594634360848,11.725423378243443,6854100
2021-12-29,11.784393310546875,11.853193576572497,11.70576523850664,11.823707346566993,5207800
2021-12-30,11.863021850585938,11.902335888157003,11.71559444402459,11.804051262889635,7380500
2021-12-31,11.931821823120117,11.980963665873567,11.804050969855899,11.813879713334815,8139800
2022-01-03,12.00062084197998,12.09890639958213,11.804050664096223,11.853193442897298,9442400
2022-01-04,12.226676940917969,12.305305953435157,11.980963971598454,12.08907827798422,18730800
2022-01-05,11.656622886657715,12.216849092141372,11.656622886657715,12.148048823592502,14950400
2022-01-06,11.617308616638184,11.715594176985876,11.440395920261134,11.60748081045987,15593300
2022-01-07,12.00062084197998,12.138220435158882,11.558337707411393,11.597651742988145,16092500
2022-01-10,12.02027702331543,12.098906029383611,11.813879045843194,11.990791731865185,12696200
2022-01-11,11.961307525634766,12.138221165028208,11.892508193568695,12.069420895641535,10325400
2022-01-12,12.295476913452148,12.364276243261338,11.912164353114015,11.980963682923205,15570900
2022-01-13,12.53136157989502,12.560846874103827,12.24633456968827,12.30530609542649,19666400
2022-01-14,12.78690242767334,12.78690242767334,12.4330751719098,12.4330751719098,13813700
2022-01-18,12.492047309875488,12.96381575773845,12.433075785232326,12.688617496485056,16482500
2022-01-19,12.423249244689941,12.590334154662406,12.374106458700274,12.560847920676196,9448000
2022-01-20,12.324963569641113,12.80656080620693,12.305307017802036,12.541191263795007,16755900
2022-01-21,12.02027702331543,12.42324704729786,11.961306440414939,12.403589561450687,16170300
2022-01-24,11.961307525634766,12.010450307390789,11.509195620656437,11.892508193568695,15789400
2022-01-25,12.138218879699707,12.216846940777371,11.764735120920594,11.804049151459425,11812800
2022-01-26,12.089077949523926,12.374104948697553,11.91216431647803,12.324962168704742,10193800
2022-01-27,12.187362670898438,12.364276305377214,11.892507863194574,12.256162938373835,18400600
2022-01-28,12.472389221191406,12.482217964378131,12.039934831501373,12.039934831501373,12201200
2022-01-31,12.570673942565918,12.609987975378207,12.26598948528031,12.433074359062662,14635700
2022-02-01,11.921992301940918,12.098905923738654,11.863020782234837,11.921992301940918,51213200
2022-02-02,12.039935111999512,12.09890663517321,11.823707443456701,11.941649552483536,18006800
2022-02-03,11.804051399230957,12.108734959595777,11.75490861736936,11.951478807495146,21427500
2022-02-04,11.872851371765137,12.04976502107986,11.656623682304991,11.76473799569539,28724300
2022-02-07,11.941650390625,12.000621917937696,11.804051722429753,11.902336351523411,11789800
2022-02-08,11.941650390625,12.020278468828177,11.853194505636896,11.931822583840074,8375900
2022-02-09,12.089077949523926,12.089077949523926,11.951478353008167,11.990792389538303,12692700
2022-02-10,11.194684982299805,12.000623348624838,10.988286018079888,11.961309304836318,47788300
2022-02-11,11.066911697387695,11.469880792860158,11.027597662154298,11.23399658145977,27618100
2022-02-14,11.086568832397461,11.1160550633716,10.860513352185912,11.037426051427817,18940300
2022-02-15,11.204510688781738,11.263482212064417,11.027597993574828,11.204510688781738,20601400
2022-02-16,11.538680076599121,11.813879259513831,11.25365308790359,11.302795866089827,27145200
2022-02-17,11.391253471374512,11.607481148035557,11.351939433556195,11.509195584829465,11235500
2022-02-18,11.214340209960938,11.469881933040796,11.155369619909049,11.342111071500867,11557100
2022-02-22,11.125884056091309,11.18485558700729,11.027599420992253,11.106227503999772,14254500
2022-02-23,10.6737699508667,11.184853324345646,10.663942145469408,11.125881805359423,15788700
2022-02-24,10.889999389648438,10.939142173974634,10.290460045366652,10.418230909686503,18538400
2022-02-25,11.16519832611084,11.253655155634895,10.90965751976665,10.939142817167767,12336600
2022-02-28,11.17502498626709,11.243824313141776,10.909655484521496,10.978454811396182,16791300
2022-03-01,11.106225967407227,11.26348211166522,10.791712741570683,11.125882516779198,15385500
2022-03-02,11.263482093811035,11.332281422484712,11.066911913800134,11.106225949802313,15746800
2022-03-03,11.23399543762207,11.469879625004891,11.155367375161129,11.322452242220738,13505700
2022-03-04,11.007941246032715,11.18485489044223,10.92931316792196,11.165197402254227,14730200
2022-03-07,10.32977294921875,10.998111555656006,10.24131613462486,10.870341642709882,28680000
2022-03-08,10.65411376953125,10.74257058239556,10.182344413361774,10.38874333093832,32713100
2022-03-09,10.821199417114258,11.047254899461606,10.79171318586153,10.85068471104639,16499900
2022-03-10,10.693428993225098,10.742571776648537,10.467372564405526,10.732743032499723,13219600
2022-03-11,10.595141410827637,10.772055022568876,10.565656121310914,10.732740990773095,11319000
2022-03-14,10.9981107711792,11.017768256273726,10.555827667077603,10.604970442493443,32667400
2022-03-15,11.302796363830566,11.34211040064672,10.82119917850255,11.057083399399467,28372600
2022-03-16,11.794220924377441,11.813878409165227,11.342109084783488,11.410908406899807,32466100
2022-03-17,11.558338165283203,11.82370768160848,11.499366640921707,11.656622789458254,27404700
2022-03-18,11.381425857543945,11.666452894354537,11.29296902934054,11.538682024429693,58999800
2022-03-21,11.106225967407227,11.51902381474474,11.096397224060963,11.312624891075982,18197700
2022-03-22,11.420737266540527,11.489536589363151,11.106225005270852,11.184853070588272,21059800
2022-03-23,11.381425857543945,11.528853279669162,11.332283071061976,11.420739899265383,8611800
2022-03-24,11.617308616638184,11.646794847134833,11.342110359913441,11.401081883586171,15196600
2022-03-25,11.774565696716309,11.774565696716309,11.587824242037247,11.646795770384692,7901900
2022-03-28,11.833535194396973,11.892506712624746,11.745078385715555,11.745078385715555,12098900
2022-03-29,11.804051399230957,12.236505817507691,11.695937091671322,11.882679475281272,38204900
2022-03-30,11.882678985595703,12.010449838242176,11.764736876380628,11.794222169354256,9710300
2022-03-31,11.735251426696777,11.9711365981382,11.725423619932213,11.863022287842366,8647100
2022-04-01,12.059593200683594,12.07924975117544,11.636966585921849,11.764737444740994,12890100
2022-04-04,11.863021850585938,12.059592975761856,11.69593695657876,11.990792707022047,15442500
2022-04-05,11.843364715576172,12.059592380198925,11.83353597233865,11.902335300360212,16433600
2022-04-06,11.882678985595703,11.941649571542959,11.695936609681413,11.823707462327885,9359500
2022-04-07,12.12839126586914,12.148047814306718,11.892507060695149,11.931821094890815,25365100
2022-04-08,12.619817733764648,12.826216656973717,12.07924903609132,12.157877108045199,27983100
2022-04-11,11.941650390625,12.580504697676604,11.892508544738485,12.541190658575015,18768000
2022-04-12,12.315134048461914,12.40359086946131,12.01045048426468,12.039935778824274,15229600
2022-04-13,12.629647254943848,12.6591325494124,12.265991228109042,12.33479149829648,14515300
2022-04-14,12.089077949523926,12.187362572188983,11.863021536485219,11.941649609545491,37223900
2022-04-18,11.971134185791016,12.207018372377924,11.931820154693199,12.187360888168795,7510900
2022-04-19,12.098906517028809,12.118563066347724,11.89250759391717,11.990792215152846,13573600
2022-04-20,12.187362670898438,12.393761598683486,12.08907804743734,12.354447561834933,22216300
2022-04-21,12.157877922058105,12.275820037885564,12.089078588822241,12.187363216684817,20992900
2022-04-22,11.921992301940918,12.187361797317013,11.912163559103154,12.187361797317013,26238900
2022-04-25,11.617308616638184,11.971135884033423,11.401081883586171,11.902335616861809,16799500
2022-04-26,12.02027702331543,12.039934509162604,11.617307936653516,11.676279456874521,30359300
2022-04-27,12.275818824768066,12.52153177612365,11.971135289986634,11.980963095677259,31162300
2022-04-28,12.708274841308594,12.80655946485102,12.30530572894732,12.423247839590578,24844600
2022-04-29,12.433075904846191,12.885187807058085,12.413419354656419,12.678788874802207,26155900
2022-05-02,12.433075904846191,12.442904648601374,12.079249565544941,12.364276573201098,17706000
2022-05-03,12.501875877380371,12.678788574175927,12.413419060322306,12.442904353568137,13677500
2022-05-04,12.806560516357422,12.806560516357422,12.501876939842541,12.531362235594155,20648500
2022-05-05,12.39376163482666,12.845873528563779,12.25616297411574,12.796731685350208,24163000
2022-05-06,12.344620704650879,12.472390631241025,12.128393016700256,12.393762551499098,16999500
2022-05-09,11.882678985595703,12.275819349645953,11.853193692622076,12.14804849699948,27027900
2022-05-10,11.568167686462402,11.980964635457092,11.30279721497941,11.980964635457092,30875600
2022-05-11,11.823707580566406,12.030106508086943,11.63696614010524,11.666451433373725,15251600
2022-05-12,11.37159538269043,11.813879456417641,11.233996726260228,11.695936411876687,22273200
2022-05-13,11.519024848937988,11.715595046908813,11.460053320886422,11.519024848937988,16964200
2022-05-16,11.587822914123535,11.6861084709993,11.47970955141662,11.568166365140703,17545900
2022-05-17,11.89250659942627,12.030105245113871,11.587822143237128,11.69593549875174,14973000
2022-05-18,11.686111450195312,12.039937857973756,11.548511822954419,11.892510422396265,14773000
2022-05-19,11.931821823120117,11.990792409352485,11.54850926332746,11.597652043401478,10822400
2022-05-20,11.538680076599121,11.951477913650653,11.342109901174709,11.941649170549299,24597200
2022-05-23,11.863021850585938,11.961307413173897,11.66645166273061,11.66645166273061,18850800
2022-05-24,11.715593338012695,11.912163507310794,11.440395100995358,11.794221405731935,16481700
2022-05-25,11.951478004455566,11.971135490807628,11.71559379215407,11.71559379215407,8917800
2022-05-26,11.804051399230957,12.000621589356745,11.73525112969648,11.941650063658708,21806900
2022-05-27,12.138218879699707,12.138218879699707,11.804049151459425,11.853191923963072,20216200
2022-05-31,11.990795135498047,12.108737272097871,11.80405365354519,12.030109181031321,20792500
2022-06-01,12.039935111999512,12.0890778917575,11.695936591014158,12.000621075657234,12202000
2022-06-02,12.354445457458496,12.364274199326614,12.020275732505818,12.069418504525991,16205500
2022-06-03,12.187362670898438,12.393761598683486,12.08907804743734,12.236505451289272,25844900
2022-06-06,12.00062084197998,12.344619356266962,11.872849992025403,12.295476577465887,21437100
2022-06-07,12.02027702331543,12.177534098131277,11.921992406041106,12.010449217712358,10643900
2022-06-08,11.833535194396973,12.049762844804826,11.71559309526191,11.98096258398568,13689300
2022-06-09,11.430567741394043,11.843365615532274,11.430567741394043,11.843365615532274,11163400
2022-06-10,10.791714668273926,11.17502729132808,10.722915327208073,11.165198546227037,38132100
2022-06-13,10.221659660339355,10.595143504875688,10.221659660339355,10.585315697974693,24719400
2022-06-14,9.789204597473145,10.349429859698107,9.671262486337394,10.33960205342723,21842300
2022-06-15,10.103717803955078,10.280631455254975,9.74989143867595,9.887491049389276,30128200
2022-06-16,9.907146453857422,9.9661179765692,9.681090980990147,9.87766116116181,26787600
2022-06-17,9.612292289733887,9.966119609331423,9.504178907257256,9.867834034483062,36279300
2022-06-21,9.828516960144043,9.92680250467365,9.612289324571156,9.759717641365569,20332900
2022-06-22,9.730233192443848,9.858004048736296,9.651605117390124,9.681091348525714,14773800
2022-06-23,9.622118949890137,9.769546342899366,9.47469155688091,9.720404503443293,18492300
2022-06-24,10.07423210144043,10.123374884521338,9.68109171143442,9.730233557194701,39612300
2022-06-27,10.07423210144043,10.20200296252254,9.985775279358922,10.123374884521338,9155000
2022-06-28,9.975947380065918,10.2216603789574,9.975947380065918,10.074232954550792,8621900
2022-06-29,9.789204597473145,9.985774782699396,9.572976925063978,9.907146708608895,12677300
2022-06-30,9.80886173248291,9.916976043797339,9.543492200927002,9.592634984495321,14045300
2022-07-01,10.064401626586914,10.074230368976973,9.759718111058778,9.808859948368148,9600900
2022-07-05,9.67126178741455,9.99560280392853,9.494348164835829,9.90714599263917,15256700
2022-07-06,9.661433219909668,9.8776608806175,9.54349111515645,9.740061289745148,11550200
2022-07-07,10.015259742736816,10.07423126500177,9.740061492581644,9.740061492581644,13514800
2022-07-08,10.093889236450195,10.133203274075331,9.936632148629055,10.00543241746349,7176500
2022-07-11,9.946459770202637,10.162687421406309,9.887489189078309,10.08405935502688,9147200
2022-07-12,9.93663215637207,10.064403013083476,9.867832824804617,9.93663215637207,6138700
2022-07-13,9.907146453857422,10.034917305299142,9.74989030972009,9.828518381788756,6403300
2022-07-14,9.838348388671875,9.848177133272909,9.641778183254594,9.720406265421506,9810000
2022-07-15,10.14303207397461,10.270802943101273,9.77937695599288,9.897319080420413,7983700
2022-07-18,10.172516822814941,10.30028673596564,10.133202787079215,10.231487407758257,8035600
2022-07-19,10.506686210632324,10.565657735998496,10.300287277831623,10.300287277831623,10814800
2022-07-20,10.516515731811523,10.614801302247038,10.260973998535714,10.516515731811523,11461700
2022-07-21,10.398573875427246,10.48703070361568,10.241317708568115,10.457545406659765,15244500
2022-07-22,10.447717666625977,10.585317294520596,10.378918321339057,10.487031712121471,7248600
2022-07-25,10.565657615661621,10.62462914035614,10.29045935416857,10.496858284618504,16607000
2022-07-26,10.398573875427246,10.673772167430725,10.359259833712464,10.477201958856812,10435200
2022-07-27,10.595141410827637,10.624627637664812,10.388742509569674,10.388742509569674,7632500
2022-07-28,10.595141410827637,10.821197796643716,10.33960067281529,10.595141410827637,9224600
2022-07-29,10.6737699508667,10.693427436302272,10.526342559381884,10.614799369200972,11921300
2022-08-01,10.722914695739746,10.83102901084296,10.575487277188943,10.673771910449256,17133100
2022-08-02,10.83102798461914,10.880169827932846,10.624629055811607,10.73274242335057,13792600
2022-08-03,10.929312705993652,10.94897019335083,10.762227812739996,10.909656155957062,7583200
2022-08-04,10.860513687133789,11.066912623715359,10.860513687133789,10.988284546667199,6647400
2022-08-05,10.948967933654785,10.998109767264447,10.781883074884835,10.83102584581489,8117100
2022-08-08,11.076739311218262,11.273309467344315,11.017767795720227,11.06691056908185,8524700
2022-08-09,11.155369758605957,11.20451160515331,11.037426702394514,11.106226974737963,7707900
2022-08-10,11.342111587524414,11.381425628454524,11.184855423803974,11.243826016538803,6623200
2022-08-11,11.705764770507812,11.784392839404482,11.351938460472798,11.371595009036707,11161100
2022-08-12,11.921992301940918,11.921992301940918,11.695935903274867,11.77456397133597,9843000
2022-08-15,12.177535057067871,12.236505644612082,11.86302181998992,11.872850563687484,14705300
2022-08-16,12.177535057067871,12.265990938384187,12.0792494947334,12.177535057067871,9869200
2022-08-17,11.971134185791016,12.177533083384668,11.784391835086053,12.10873282597316,9763300
2022-08-18,11.990795135498047,12.089080717991624,11.912167044431499,11.951481089964773,5650100
2022-08-19,11.921992301940918,11.96130633597147,11.7942214570115,11.90233481626539,5236000
2022-08-22,11.519024848937988,11.804051870325845,11.509196104709288,11.794223126097142,9087600
2022-08-23,11.519024848937988,11.69593755845141,11.469882065115122,11.69593755845141,6128800
2022-08-24,11.794220924377441,11.833534956632548,11.40108060182638,11.450222439154913,7418900
2022-08-25,12.285648345947266,12.33479112679517,11.84336519295728,11.872850486537791,16552100
2022-08-26,12.2659912109375,12.364276775455899,12.187363134251024,12.334791481028622,15889800
2022-08-29,12.305304527282715,12.45273191685974,12.1185621673433,12.14804745779461,10656900
2022-08-30,11.990795135498047,12.393764336544304,11.853196444791978,12.393764336544304,12095900
2022-08-31,12.118563652038574,12.275819803472297,11.97113624439961,12.030106832526956,13249100
2022-09-01,12.315134048461914,12.344620280342122,11.971136445745017,12.10873511190353,16684900
2022-09-02,12.33479118347168,12.511703883088211,12.275819658719112,12.38393396454539,21421400
2022-09-06,12.02027702331543,12.354446784153266,11.764736268545775,12.305304944176362,22597200
2022-09-07,12.511702537536621,12.521531280158463,11.971134815822095,12.039934139534019,16248800
2022-09-08,12.60998821258545,12.816387123062674,12.442903335660052,12.462560821096215,24969400
2022-09-09,12.668961524963379,12.796732386423905,12.541190663502853,12.688618075861584,22629000
2022-09-12,12.953987121582031,13.150557295599556,12.668960134926488,12.688616683667977,22081100
2022-09-13,12.698446273803711,13.09158664806489,12.63947474900424,12.659132236377593,17631100
2022-09-14,12.993301391601562,13.022786683907828,12.718102205674606,12.747588435301415,15637100
2022-09-15,12.885187149047852,13.012957999378555,12.84587311335537,12.973643963686072,13647100
2022-09-16,12.855704307556152,12.904847095870993,12.511705726672998,12.7770762211807,19529100
2022-09-19,13.22918701171875,13.23901575597305,12.71810355834292,12.727932302597218,13047100
2022-09-20,13.071928977966309,13.307813182311683,12.934329390104587,13.160385788925952,17471500
2022-09-21,12.78690242767334,13.160386232467888,12.78690242767334,13.111243453909559,14543600
2022-09-22,12.737759590148926,12.944158509282008,12.511703184755294,12.885186987820898,15052600
2022-09-23,12.39376163482666,12.531361232858158,11.951478484660488,12.521532489287214,20427900
2022-09-26,12.53136157989502,13.02278752420463,12.4723900541568,12.934330704257603,63874900
2022-09-27,12.197192192077637,12.757417487217056,12.18736344790872,12.580504778779712,40390400
2022-09-28,12.501875877380371,12.570675207394167,12.167706096192381,12.236505426206177,28302900
2022-09-29,12.167705535888672,12.659131441519133,12.157876792819135,12.541189336646285,36038800
2022-09-30,12.285648345947266,12.364276420375681,11.921993267385696,12.324962383161473,353648800
2022-10-03,12.885187149047852,12.963815220432815,12.246333834714887,12.403589977484815,47987900
2022-10-04,13.946666717529297,13.96632420356711,12.98347239736906,13.02278643212416,53672300
2022-10-05,14.497066497802734,14.546209283564506,13.445415194175931,13.524043276466497,94095900
2022-10-06,14.379121780395508,14.811576154979509,14.123580090390163,14.546206659451272,63378700
2022-10-07,14.673978805541992,14.703464099366036,14.280837492832172,14.359465567910018,38200700
2022-10-10,13.887696266174316,14.77226252523947,13.671468604303966,14.634663870947865,42317800
2022-10-11,13.976154327392578,14.094096443310246,13.543698965040512,13.887697506124173,26773600
2022-10-12,13.828725814819336,14.221867133850276,13.750097738477269,13.887697340736189,21280100
2022-10-13,14.06460952758789,14.103923561695817,13.494554627042206,13.62232547222309,30057600
2022-10-14,13.592841148376465,14.192380445521742,13.533870561677887,14.133409858823166,24222500
2022-10-17,13.917181968688965,14.035124077555075,13.66164026415211,13.848382639513874,17172600
2022-10-18,13.907353401184082,14.143238559220293,13.622326400155876,14.113752328640409,20264000
2022-10-19,13.720611572265625,13.976153272798554,13.641983500920192,13.868038971708174,15600100
2022-10-20,13.799241065979004,13.85821259422689,13.651813651340253,13.75992702625396,14518300
2022-10-21,14.251351356506348,14.329979426935912,13.75009670452747,13.809068226009913,16720300
2022-10-24,14.477405548095703,14.536377064378248,14.17272203637717,14.271007584407927,18207800
2022-10-25,14.870550155639648,14.988492277475732,14.438094771586679,14.48723755668188,23539000
2022-10-26,14.90986156463623,15.076946442076755,14.791919463617125,14.860718788214813,25303300
2022-10-27,15.11626148223877,15.342316956580094,14.87054852109182,15.027804666254578,22852800
2022-10-28,14.988490104675293,15.194889022298069,14.742777152139631,14.998318847733646,29022200
2022-10-31,14.673978805541992,14.988491105853376,14.595350730464146,14.95900581202933,20836300
2022-11-01,15.04746150970459,15.04746150970459,14.752605781470722,14.801748559063121,18429800
2022-11-02,14.673978805541992,15.165404743438824,14.644492574397356,15.01797639967742,17299900
2022-11-03,14.939348220825195,15.027805039003464,14.49706506725443,14.536379104520263,17475300
2022-11-04,15.04746150970459,15.224374196788492,14.801748559063121,15.086775544314403,18269300
2022-11-07,14.811577796936035,15.126091041547042,14.713293169568093,15.027805476858488,11970300
2022-11-08,14.673978805541992,14.90986303077553,14.575693243034388,14.811577468267927,9933100
2022-11-09,14.32997989654541,14.703463711985593,14.31032334695412,14.61500689552337,12899700
2022-11-10,14.556035995483398,14.860719537481215,14.379122366374638,14.841062988313878,25976600
2022-11-11,14.5068941116333,14.791921122049429,14.39877980392058,14.634664969726131,19054600
2022-11-14,14.21203899383545,14.487237272725636,14.172724953993994,14.477408528435111,11852300
2022-11-15,14.19237995147705,14.575692500956784,14.07443784486495,14.477406943453095,31388200
2022-11-16,14.477405548095703,14.595348580660794,14.113750520094625,14.162893294110004,14072900
2022-11-17,14.32997989654541,14.447922006054853,14.221866530491896,14.251351823539116,8521700
2022-11-18,14.762434959411621,14.772262765363248,14.447921735945812,14.497064514986146,11660800
2022-11-21,14.732948303222656,14.860719150101609,14.615006199331436,14.841062601446666,11606500
2022-11-22,14.86072063446045,14.959006199513952,14.703464480231336,14.77226381337642,7862900
2022-11-23,14.978660583496094,14.99831806859162,14.58552025479035,14.752605128820411,8911200
2022-11-25,15.106433868408203,15.126091356683704,14.929520223211236,14.988491750717102,4822600
2022-11-28,15.008148193359375,15.02780474294475,14.703463707561239,14.821405817035192,10243700
2022-11-29,14.90986156463623,15.03763240840372,14.742776687195708,15.00814711747907,10924700
2022-11-30,15.430773735046387,15.430773735046387,14.841063192119849,14.919691264510055,21056900
2022-12-01,15.352145195007324,15.637172183069616,15.33248864616882,15.430773265002403,11507400
2022-12-02,15.391460418701172,15.509402532802564,15.145747446659785,15.165404934336985,9010800
2022-12-05,15.057289123535156,15.607686538380953,14.978661055317257,15.31283081390358,22236900
2022-12-06,15.165404319763184,15.234203649204105,14.94917665067956,15.067118760001382,17058400
2022-12-07,15.303004264831543,15.470089168077413,15.067120026362307,15.15557685011843,15199600
2022-12-08,15.1555757522583,15.19488978915529,14.860720006870592,15.01797615445855,19169800
2022-12-09,15.273517608642578,15.411117204151273,15.116261463672963,15.135918013133885,18111700
2022-12-12,15.735458374023438,15.745287117499466,15.293175228128405,15.381631107450957,20611200
2022-12-13,15.735458374023438,15.735458374023438,15.420945144034503,15.519230704153651,39176600
2022-12-14,16.118770599365234,16.128599343208943,15.62734465502702,15.784600807243951,28705100
2022-12-15,15.912373542785645,16.14825778504874,15.755117381276916,16.049972215445454,20418600
2022-12-16,15.804258346557617,15.941857011536612,15.568374117461678,15.814087090433434,38328800
2022-12-19,15.568374633789062,15.941857540250611,15.303004164264626,15.804258870708136,14283200
2022-12-20,15.607688903808594,15.823916592838517,15.588031415114669,15.647002943875794,12427400
2022-12-21,15.676487922668457,15.784601296337392,15.588031099975405,15.696145410964972,12403400
2022-12-22,15.676487922668457,15.705973217792597,15.35214686434102,15.6273451392478,8630800
2022-12-23,15.784599304199219,15.8140855329226,15.617515361369286,15.696143429990611,8482200
2022-12-27,16.167917251586914,16.177744122572097,15.755119308471967,15.843576144470996,12066900
2022-12-28,15.88288688659668,16.20722794540233,15.833745040424201,16.1679148433926,8566500
2022-12-29,16.059797286987305,16.099110381052906,15.90254116144312,15.9320255133321,7585700
2022-12-30,15.981169700622559,16.099110860976143,15.902541635506521,16.020482795860108,9488300
2023-01-03,15.411117553710938,15.882885999320578,15.224375174333352,15.715801107170352,18080100
2023-01-04,15.607688903808594,15.71580227966323,15.38163247043171,15.479918039260033,16602800
2023-01-05,15.391460418701172,15.529060020479765,15.312832342633577,15.489745982445967,8868800
2023-01-06,15.61751651763916,15.725629885667717,15.381631356990502,15.588030286732714,10362200
2023-01-09,15.686314582824707,15.912370981598936,15.588029029041042,15.656829291617811,10312400
2023-01-10,15.666659355163574,15.686316843681729,15.234204918291228,15.38163233289482,32406700
2023-01-11,15.489745140075684,15.676486576250616,15.440602360875792,15.627343797050724,13152900
2023-01-12,15.696144104003906,15.843572441990048,15.460258950690191,15.529059216678613,23975700
2023-01-13,15.61751651763916,15.656830554860507,15.401288844261467,15.588030286732714,12116100
2023-01-17,15.597856521606445,15.725627356355284,15.538885943919556,15.637170552504516,12794500
2023-01-18,15.342317581176758,15.705972666000433,15.28334699300027,15.705972666000433,15019700
2023-01-19,15.17523193359375,15.37180305062655,15.057289825766402,15.2342034561677,12618200
2023-01-20,15.381629943847656,15.401287429312646,15.106431708581278,15.194888518532737,10179700
2023-01-23,15.460259437561035,15.627344330148127,15.30300328861332,15.352146069489628,9675500
2023-01-24,15.558544158935547,15.647000972270881,15.391459275373366,15.460258602491722,8008800
2023-01-25,15.725629806518555,15.725629806518555,15.38163127957273,15.420945316596203,11417500
2023-01-26,15.578203201293945,15.745288101546608,15.52906041816305,15.68631657432541,15471400
2023-01-27,15.784599304199219,15.85339862991275,15.568372584150827,15.597857875553697,9739600
2023-01-30,15.578203201293945,15.833744923718093,15.56837445720364,15.696145318415715,7910500
2023-01-31,15.627344131469727,15.637172874984147,15.470087984521289,15.597858838247037,8837500
2023-02-01,15.371803283691406,15.588030015992997,15.204718394072543,15.529059429845496,15549400
2023-02-02,15.361973762512207,15.538887386639422,15.175231395417807,15.450430574575815,21030700
2023-02-03,15.283347129821777,15.34231771852619,15.106433489067326,15.27351838593084,13305300
2023-02-06,15.391460418701172,15.391460418701172,15.106433408625987,15.24403301040458,10517000
2023-02-07,15.371803283691406,15.411117320229929,15.126090320995498,15.32266050368811,14946900
2023-02-08,15.185060501098633,15.32266009396437,15.165403952015266,15.32266009396437,17201400
2023-02-09,15.194889068603516,15.411116729943585,15.18506032551521,15.234203103636206,14830700
2023-02-10,15.273517608642578,15.38163097397905,15.155575499915367,15.244032315790916,12446800
2023-02-13,15.391460418701172,15.42094571289637,15.23420426656598,15.263689560761179,7887100
2023-02-14,15.31283187866211,15.548716099717717,15.18506102459351,15.332489365743697,7120100
2023-02-15,15.558544158935547,15.59785819404897,15.20471784291474,15.244031878028162,8237000
2023-02-16,15.283347129821777,15.450432026685291,15.283347129821777,15.361975206308065,8072300
2023-02-17,15.303004264831543,15.401289832854047,15.175233401330546,15.244033673874556,14652600
2023-02-21,15.185060501098633,15.293174801679049,15.165403952015266,15.253860766191773,8136500
2023-02-22,15.253861427307129,15.36197479525273,14.988490973276228,15.057290304030648,11073400
2023-02-23,15.017975807189941,15.391459617735363,14.644491996644518,15.332489032413775,20598300
2023-02-24,15.509403228759766,15.607688796914953,14.998320711386464,15.086777535262005,22768600
2023-02-27,15.479917526245117,15.764945478937108,15.37180415397343,15.588030898516802,14505800
2023-02-28,15.352145195007324,15.607686891151594,15.312831160009784,15.420944521922886,17590500
2023-03-01,15.342317581176758,15.391460362870898,15.135918647917851,15.273518249197322,12277900
2023-03-02,15.578203201293945,15.627345047104212,15.2636899516486,15.303003990689188,10877400
2023-03-03,16.069625854492188,16.177738267978114,15.519228483749739,15.666655865514812,21831500
2023-03-06,16.452938079833984,16.462766822296746,15.951683462078783,16.020482784677174,24730400
2023-03-07,16.049968719482422,16.54139458581641,16.000826882705386,16.45293777990502,19183300
2023-03-08,16.04014015197754,16.128596958852786,15.794427216133176,16.04014015197754,14022500
2023-03-09,15.873055458068848,16.217053947024837,15.794427392705273,16.069626558798255,10156900
2023-03-10,15.558544158935547,15.961513253178266,15.430773310486789,15.853398953625952,15193300
2023-03-13,15.489745140075684,15.823914913850295,15.214545951484503,15.430773617571703,16752900
2023-03-14,15.715800285339355,15.951684495809014,15.588029437004824,15.705971542239652,16025200
2023-03-15,15.588029861450195,15.666657933747706,15.37180313129232,15.519230532520012,19732200
2023-03-16,15.88288688659668,15.89271563075943,15.342318142813717,15.519231788460667,17443400
2023-03-17,15.823915481567383,16.030313474434916,15.637173101372113,15.922201043493375,23888500
2023-03-20,15.725629806518555,15.961514028659394,15.715801062932542,15.83374411132354,13050200
2023-03-21,15.696144104003906,15.8730567973385,15.548715766017764,15.843572441990048,14663100
2023-03-22,15.273517608642578,15.774771336403088,15.253861059181657,15.57820209251163,16890800
2023-03-23,15.02780532836914,15.430774452433385,14.880377920113649,15.283347044177892,17885300
2023-03-24,15.371803283691406,15.401288576765156,14.841063321761068,14.890205164443795,14287500
2023-03-27,15.479917526245117,15.627344937281109,15.391460704695273,15.44060348748081,9622900
2023-03-28,15.470087051391602,15.696143451985066,15.440601759947416,15.509401085757355,8931400
2023-03-29,15.568374633789062,15.774772638102775,15.509403105898976,15.509403105898976,13361700
2023-03-30,15.61751651763916,15.676487104810889,15.470088175068677,15.637173067589542,21105200
2023-03-31,15.892717361450195,15.912374851916361,15.597861565702846,15.725632441770722,27983900
2023-04-03,15.912373542785645,16.09911406292644,15.84357420645574,15.922202287210105,15849200
2023-04-04,15.853400230407715,16.010658258167528,15.764945284589569,16.010658258167528,15386600
2023-04-05,16.217058181762695,16.226886926829827,15.863230857911702,15.912374583247363,10844900
2023-04-06,16.42345428466797,16.443111772504658,16.128599465682523,16.295684363011933,12843500
2023-04-10,16.49225616455078,16.502084908869882,16.236714436178048,16.305513771770457,8241000
2023-04-11,16.531566619873047,16.570881590853677,16.39396797072284,16.462767295297944,7971800
2023-04-12,16.669166564941406,16.718310282487792,16.167913768456255,16.266197454266745,52420300
2023-04-13,16.51190948486328,16.718309337610616,16.354653346884852,16.67899436579549,15447000
2023-04-14,16.600370407104492,16.63968538865412,16.443114230188993,16.492257957126025,14403900
2023-04-17,16.57088279724121,16.63968212682502,16.364482933848656,16.62002463990361,7994300
2023-04-18,16.61019515991211,16.669165743420333,16.462767763821027,16.61019515991211,15470400
2023-04-19,16.600370407104492,16.600370407104492,16.42345673941418,16.53157106403415,7563700
2023-04-20,16.620023727416992,16.639681213259152,16.50208256164609,16.610194984495912,6239700
2023-04-21,16.600370407104492,16.70848473172446,16.55122855480896,16.698655986337055,14008900
2023-04-24,16.846078872680664,16.846078872680664,16.502082250141534,16.580710317384906,15179000
2023-04-25,16.97385025024414,16.97385025024414,16.72813731161747,16.767450406984445,14930500
2023-04-26,16.649511337280273,17.042651713529857,16.629853849807496,16.934537407070778,11875200
2023-04-27,16.757619857788086,16.806763564999645,16.502080078850973,16.669163059448028,8961900
2023-04-28,16.81659698486328,16.86573883110548,16.66916769685414,16.678996441030833,10440700
2023-05-01,16.905052185058594,17.013164611341736,16.836250982426115,16.914879053650715,13159000
2023-05-02,16.964027404785156,17.032826751574135,16.81659996528855,16.92471242111054,17727700
2023-05-03,16.993505477905273,17.160588454321527,16.83624749340399,17.07213353283556,10589700
2023-05-04,16.944364547729492,17.13110691177111,16.551224208674252,17.072136329573077,15127500
2023-05-05,16.97385025024414,17.150763865997895,16.905050927371224,16.905050927371224,10965500
2023-05-08,17.111448287963867,17.21956257700305,16.924705936343702,16.934534678496437,11621300
2023-05-09,16.983678817749023,17.131106204477767,16.914877620944075,17.081962492474233,18187400
2023-05-10,17.072139739990234,17.190080927946834,16.787111765585923,17.131110333968532,17618500
2023-05-11,17.052478790283203,17.101620629520045,16.90505139793168,17.00333507640536,17963400
2023-05-12,17.150766372680664,17.376821859342677,17.013165832182775,17.20973696167049,15700400
2023-05-15,16.777280807495117,17.28836422026005,16.708481477823135,17.22939363406137,20198500
2023-05-16,16.57088279724121,16.826424503296163,16.502083467657403,16.76745204253193,21025500
2023-05-17,16.51190948486328,16.698651851703055,16.276025277895638,16.64951001157518,14484600
2023-05-18,16.27602767944336,16.48242756264525,16.217057087660525,16.4234550962211,19527400
2023-05-19,16.32516860961914,16.580710296498445,16.266196153280152,16.334997352342306,23290500
2023-05-22,16.226884841918945,16.482426556906788,16.167914253734427,16.45294032549393,15970700
2023-05-23,16.128597259521484,16.452938265896762,16.069626678718972,16.099111031799747,17226500
2023-05-24,16.18756866455078,16.18756866455078,15.990999426986644,16.069627496940512,17377000
2023-05-25,16.14825439453125,16.276024295939795,15.922198944155637,16.207224974055123,16168000
2023-05-26,16.236709594726562,16.266193944250944,16.000825425327818,16.099109089930074,14790500
2023-05-30,16.364484786987305,16.816597664172047,16.31534293876001,16.354656042413577,30008500
2023-05-31,16.649511337280273,16.68882443758464,16.364483392848584,16.364483392848584,40133700
2023-06-01,16.27602767944336,16.590540001806893,16.128600262665618,16.551226898832105,20480400
2023-06-02,16.364484786987305,16.492256591804416,16.177742389369172,16.177742389369172,13757800
2023-06-05,16.541397094726562,16.629853914054607,15.725630107866628,16.41362717494227,14289000
2023-06-06,16.649511337280273,16.806767487780107,16.600367618598334,16.669166950111862,14275800
2023-06-07,16.855907440185547,16.865736182818914,16.551223917115035,16.747795020500448,18975500
2023-06-08,16.708478927612305,16.905050017793496,16.649508350414287,16.826421956649188,16875400
2023-06-09,16.590539932250977,16.826426047675987,16.570884318166648,16.708482989963482,9950700
2023-06-12,16.649511337280273,16.708481925057413,16.502083930516825,16.580712005766742,11127800
2023-06-13,16.669166564941406,16.747796513015626,16.502083549207118,16.52173916158453,8720500
2023-06-14,16.944364547729492,16.973850776149014,16.72813782990936,16.757622183687875,16453200
2023-06-15,16.954195022583008,17.022994354616113,16.895224434360514,16.97385251020424,15586200
2023-06-16,17.10162353515625,17.258879697001813,16.98368235109274,17.072139176461032,21681100
2023-06-20,16.58070945739746,17.140934641779552,16.5708807151717,17.11144841510227,20389800
2023-06-21,16.983678817749023,17.02299191271092,16.48242420315855,16.570881010123983,18459400
2023-06-22,16.993505477905273,17.07213353283556,16.90504868177861,17.032818568050068,10304200
2023-06-23,16.600370407104492,17.032825830942862,16.58071479097118,16.954197742485114,25951600
2023-06-26,16.57088279724121,16.67899522602671,16.511910336476976,16.610195896442903,10449100
2023-06-27,16.649511337280273,16.7183106687938,16.49225518678044,16.55122577455758,14374000
2023-06-28,16.620023727416992,16.78710860779329,16.511909429926142,16.649509956180232,14935300
2023-06-29,16.777280807495117,16.983680671152204,16.570882818479166,16.570882818479166,35490600
2023-06-30,16.983678817749023,17.072135624714456,16.76745023421533,16.826422688619573,29119900
2023-07-03,16.983678817749023,16.983678817749023,16.816593946218866,16.855907041180764,5318000
2023-07-05,17.514419555664062,17.74047502981246,16.924708074486457,16.993509278247426,28705500
2023-07-06,17.229393005371094,17.504590314017246,17.111449962636268,17.46527721619968,34019800
2023-07-07,17.10162353515625,17.308023419229375,17.022995454233467,17.111452279601764,10837500
2023-07-10,17.052478790283203,17.101620629520045,16.81659458759256,17.101620629520045,13182100
2023-07-11,17.376821517944336,17.376821517944336,17.022994241674503,17.12127980448737,9234100
2023-07-12,17.86824607849121,17.87807482147814,17.386648919977905,17.396477662964834,15849400
2023-07-13,17.73064613342285,17.84858729138622,17.661844937529832,17.789616712404534,42096300
2023-07-14,17.514419555664062,17.74047502981246,17.43579148314979,17.70116193087588,16589700
2023-07-17,17.524248123168945,17.710990496506444,17.445620051443857,17.494761893281623,16302000
2023-07-18,17.20973777770996,17.612706925090382,17.19008028890084,17.465279508304597,16743300
2023-07-19,17.435792922973633,17.642192802018517,17.160593709127546,17.160593709127546,16362100
2023-07-20,17.425960540771484,17.57338792380173,17.347332478179297,17.514417345517806,16533400
2023-07-21,17.65201759338379,17.74047440618297,17.396477772676214,17.445619613279735,10778600
2023-07-24,17.57339096069336,17.671676524578736,17.44562103989122,17.671676524578736,9738700
2023-07-25,17.65201759338379,17.73064753777511,17.484934585475393,17.6225332388781,12426800
2023-07-26,17.593046188354492,17.750302320513114,17.49476063709511,17.543904350045285,15991600
2023-07-27,17.288366317749023,17.652020497175428,17.190080745732757,17.56356554446629,16808200
2023-07-28,17.357160568237305,17.524245429298556,17.11144764753786,17.337503084667553,12030800
2023-07-31,17.30801773071289,17.455445099658924,17.12127539690621,17.44561635844376,20403100
2023-08-01,17.052478790283203,17.347333574986255,17.042650047507635,17.258876764647137,13057800
2023-08-02,17.268707275390625,17.27853601917246,16.944366229154877,16.973852460500378,13751800
2023-08-03,17.013166427612305,17.258879410750836,16.9935108136886,17.21956630826214,11681700
2023-08-04,16.787111282348633,17.101623607367788,16.737969434554888,17.101623607367788,12824400
2023-08-07,17.121278762817383,17.27853490389392,17.003335719689442,17.19990683335565,24061700
2023-08-08,17.229393005371094,17.229393005371094,17.0033356630161,17.101621219521608,13597300
2023-08-09,17.140939712524414,17.35716648153408,17.06231162609895,17.278538395108615,16292600
2023-08-10,17.10162353515625,17.308023419229375,17.081966046265222,17.278537185892837,14910700
2023-08-11,17.121278762817383,17.239221805945323,17.052479435426534,17.08196379022771,18383400
2023-08-14,16.905052185058594,17.111450169032757,16.747796042609398,17.081963939333125,16060800
2023-08-15,16.649511337280273,16.816596231516495,16.590538874861945,16.796938744043718,18240900
2023-08-16,16.67899513244629,16.72813884947409,16.570882704267376,16.649510776870734,9623400
2023-08-17,16.374309539794922,16.77727859587432,16.35465205543961,16.71830801744928,9224200
2023-08-18,16.43328285217285,16.472597827424178,16.13842803635271,16.315341675701276,16532200
2023-08-21,16.39396858215332,16.462767909294367,16.19739746920084,16.423452936847447,11208500
2023-08-22,16.49225616455078,16.55122675582409,16.384141851681967,16.462769931593478,19356800
2023-08-23,16.413625717163086,16.639681179972627,16.39396823136025,16.580710597205144,7993500
2023-08-24,16.42345428466797,16.620025413752412,16.315341850848622,16.393969927554156,10524800
2023-08-25,16.413625717163086,16.502082528634823,16.374310745557413,16.42345258542348,9919100
2023-08-28,16.39396858215332,16.521738493323685,16.36448235281813,16.413626068376782,9129500
2023-08-29,16.39396858215332,16.4725966524061,16.30551176878881,16.36448235281813,11109900
2023-08-30,16.24654197692871,16.50208368637053,16.187569515382876,16.384140637920012,11950700
2023-08-31,16.02048683166504,16.34482791630528,15.922203131491537,16.315343556109795,22570100
2023-09-01,16.1777400970459,16.246541299313126,16.010657086891584,16.14825574214388,10566700
2023-09-05,15.981169700622559,16.226882638440298,15.843571055329727,16.197396411031427,13186200
2023-09-06,16.167917251586914,16.177744122572097,15.981174833962129,16.030316687454235,13184500
2023-09-07,16.590539932250977,16.67899675687503,16.24654325275889,16.31534258865731,20438600
2023-09-08,16.669166564941406,16.79693835592087,16.55122539211236,16.610195978526882,10925300
2023-09-11,16.61019515991211,16.806766271127586,16.60036641688723,16.76745129902807,11718000
2023-09-12,16.649511337280273,16.747796900002964,16.570883262030357,16.590538874861945,13107100
2023-09-13,16.777280807495117,16.796938294441723,16.443111027967365,16.659339635097755,22504500
2023-09-14,16.914880752563477,16.983681962106274,16.718311492079316,16.846081417661956,29880100
2023-09-15,17.013166427612305,17.10162325151348,16.836252779809957,16.84608152409245,129453500
2023-09-18,17.00333595275879,17.180249582555167,16.944365367707032,17.00333595275879,14168900
2023-09-19,17.111448287963867,17.19007635054485,17.01316274107742,17.05247770968835,15392400
2023-09-20,17.10162353515625,17.229395338306595,17.042652943124494,17.131109768492788,12075200
2023-09-21,16.944364547729492,17.10162068335159,16.895222708337965,17.091791940545082,13345100
2023-09-22,16.846078872680664,16.954193168130676,16.806765776379475,16.954193168130676,9903700
2023-09-25,16.787111282348633,16.806768771322663,16.462770212842464,16.747798179041904,13994200
2023-09-26,16.315340042114258,16.688822896400566,16.285853813628098,16.678994153571846,14014100
2023-09-27,16.1580867767334,16.44311287083911,16.099114309284207,16.27602796234909,11514900
2023-09-28,16.000829696655273,16.256371417046125,15.981172208631076,16.21705644099773,18579600
2023-09-29,15.853400230407715,16.236713743945355,15.735459052889375,16.099113203985674,26985400
2023-10-02,14.959005355834961,15.833743836050443,14.821405759984714,15.774771375559615,33637400
2023-10-03,15.067118644714355,15.126090167584325,14.457750615887278,14.74277761223092,27819200
2023-10-04,14.919692039489746,15.165405012802445,14.7231209109831,15.096604742896876,19876900
2023-10-05,15.076949119567871,15.17523375254442,14.762436794329851,14.929520764122051,16100800
2023-10-06,15.244033813476562,15.293176597937855,14.615008234477457,14.919692748280948,15981700
2023-10-09,15.31283187866211,15.381631208806517,15.14574698775091,15.155575731291703,11739400
2023-10-10,15.53888988494873,15.558546436722915,15.234205365223172,15.35214748783029,15909200
2023-10-11,15.764945030212402,15.774771899312688,15.489745829374762,15.597859198569168,9291200
2023-10-12,15.686314582824707,15.804256684972803,15.479915669735416,15.715799874031605,10573000
2023-10-13,16.000829696655273,16.04997154207453,15.75511672027652,15.75511672027652,15943600
2023-10-16,16.128597259521484,16.138426002095397,15.892713061670463,16.069626678718972,9476200
2023-10-17,16.069625854492188,16.177738267978114,15.922198472727114,15.922198472727114,10547200
2023-10-18,15.932027816772461,16.177740782790355,15.745287312340498,16.14825642663855,11272900
2023-10-19,15.725629806518555,16.079457077050392,15.715801062932542,15.941856541487368,10515200
2023-10-20,15.745287895202637,15.902544049304135,15.67648762479277,15.76494538312563,12924400
2023-10-23,15.470087051391602,15.686314709063499,15.352144948294345,15.43077301702585,12102800
2023-10-24,15.912373542785645,15.95168664584217,15.617517771296447,15.686317107626353,20015700
2023-10-25,15.892717361450195,15.912374851916361,15.71580369653764,15.823918019460084,17824200
2023-10-26,15.607688903808594,16.25637197089836,15.322661878991235,16.197399504816588,22035700
2023-10-27,15.53888988494873,15.91237374186494,15.509403651306448,15.548717692175487,15439600
2023-10-30,15.922199249267578,16.0204829254771,15.62734259671613,15.715799405017467,11622500
2023-10-31,16.02048683166504,16.108943661534326,15.833746301622252,15.922203131491537,11787900
2023-11-01,16.384136199951172,16.492250475525815,16.02048028415324,16.069623988796558,17880800
2023-11-02,16.472599029541016,16.757625122348607,16.37431345888134,16.403799692471644,22773800
2023-11-03,16.600370407104492,16.767455329407397,16.570886045583773,16.728142222499272,10227800
2023-11-06,16.482425689697266,16.688823674804215,16.47259694641011,16.610195603148078,9268400
2023-11-07,16.374309539794922,16.541394407533275,16.374309539794922,16.49225257128589,6706200
2023-11-08,16.226884841918945,16.364483505896555,16.05979994652848,16.29568417390775,7624200
2023-11-09,16.20722770690918,16.502084403528965,16.197398962891064,16.27602704039476,8459900
2023-11-10,16.49225616455078,16.52174052286679,16.24654318049715,16.315342516089558,8512200
2023-11-13,16.28585433959961,16.52173855118403,16.276025596453458,16.482425453240495,7004600
2023-11-14,17.10162353515625,17.10162353515625,16.52174073536024,16.620026305174047,21568700
2023-11-15,17.20973777770996,17.32767896128206,17.013166638901374,17.013166638901374,12977600
2023-11-16,17.44562339782715,17.57339333589857,17.29819596939352,17.347337820657575,17198700
2023-11-17,17.61270523071289,17.7011620472029,17.494762183845832,17.58321900033584,23491100
2023-11-20,17.376821517944336,17.730648794214165,17.376821517944336,17.593048256419685,19211100
2023-11-21,17.435792922973633,17.494763513568767,17.258879276546953,17.4456216671797,13773200
2023-11-22,17.661848068237305,17.671676812249963,17.26870768093721,17.396479478460517,13497200
2023-11-24,17.71099281311035,17.71099281311035,17.61270724193793,17.671677834784845,6954400
2023-11-27,17.593046188354492,17.74047357792308,17.563561835225354,17.730646709974014,25376300
2023-11-28,17.199909210205078,17.63236459524695,17.052481791903016,17.6225358507413,30116700
2023-11-29,16.875566482543945,17.11145070358666,16.60036728734021,16.8067671524033,54009200
2023-11-30,16.875566482543945,16.92470832560408,16.678995361021112,16.757623434702015,59946600
2023-12-01,17.150766372680664,17.150766372680664,16.75762411370524,16.89522465420313,21824400
2023-12-04,16.97385025024414,17.288362511743724,16.9443640227382,17.121277638491954,16207800
2023-12-05,16.7674560546875,16.993513459093005,16.737971691891428,16.964027221655353,20878500
2023-12-06,16.944364547729492,16.964022033342506,16.77727966930089,16.855907737111938,8397100
2023-12-07,17.072139739990234,17.081966610118798,16.87556859387406,16.944367932622306,11930400
2023-12-08,17.30801773071289,17.327673338502514,16.9148755806692,17.0721335654711,13305800
2023-12-11,17.327674865722656,17.425960411896234,17.180247483782725,17.20973371002706,12716500
2023-12-12,17.425960540771484,17.455446767233887,17.229391321611455,17.406303056463216,13665800
2023-12-13,17.838760375976562,17.92721719082837,17.347334459973677,17.48493499121043,17116600
2023-12-14,17.593046188354492,18.00584400393112,17.416132571015797,17.98618651875105,54678400
2023-12-15,17.455448150634766,17.622533031215298,17.258877041254955,17.46527689356786,72427700
2023-12-18,17.02299690246582,17.41613734052617,16.905055708368455,17.268709910583723,30824200
2023-12-19,17.31785011291504,17.35716321140036,17.072137154798227,17.12127899656515,19439200
2023-12-20,17.062305450439453,17.376817682304385,17.032819225711826,17.317847107489904,20987600
2023-12-21,17.160593032836914,17.209736751930528,17.00333688101976,17.062309343932093,13637300
2023-12-22,17.31785011291504,17.33750572483715,17.170420838332074,17.20973581145849,14209000
2023-12-26,17.56356430053711,17.691334222860068,17.317851325219607,17.34733568248732,10435600
2023-12-27,17.622535705566406,17.632364449991087,17.475108288478854,17.53407888038561,6494800
2023-12-28,17.770042419433594,17.7995451025164,17.563529264915378,17.63236698308812,9360100
2023-12-29,17.73070526123047,17.779874518127034,17.642199098267113,17.76020606509364,9809400
2024-01-02,17.7503719329834,17.83887809641748,17.53402457552616,17.583193832684238,14115600
2024-01-03,17.671701431274414,17.8290453177828,17.553694454236663,17.711038340745052,20148100
2024-01-04,17.416017532348633,17.868382622840443,17.396350952865,17.70120450526325,23996000
2024-01-05,17.59303092956543,17.61269938591235,17.34718085229062,17.51435897986498,15919600
2024-01-08,17.7503719329834,17.809377292397404,17.475021091799086,17.53402457552616,12434000
2024-01-09,17.760211944580078,17.799548863669283,17.53403028687977,17.602868019598336,10140100
2024-01-10,17.858551025390625,17.89788794152552,17.65203784274461,17.809381755909403,15589500
2024-01-11,17.278345108032227,17.86838573615124,17.268510878733373,17.809382236045572,16454900
2024-01-12,17.219341278076172,17.44552292055474,17.160337779100765,17.406187879800274,14394000
2024-01-16,16.82598114013672,17.17016977336653,16.816146911231957,17.101332046720568,15636700
2024-01-17,16.678466796875,16.855479136224133,16.560459821100288,16.66863444529966,17462500
2024-01-18,16.599796295166016,16.79647710610996,16.471955081033506,16.629298979513777,17620200
2024-01-19,16.619464874267578,16.668636015210705,16.422785937556785,16.629299102456205,14636900
2024-01-22,16.383445739746094,16.658798446754727,16.294939579482136,16.599793089454177,15653900
2024-01-23,16.245771408081055,16.403115286674193,16.127762561292705,16.383446832928303,18069200
2024-01-24,16.255605697631836,16.422783803742522,16.1572653042102,16.39328112300993,18232700
2024-01-25,16.48179054260254,16.580130955434047,16.285109716939527,16.521125582322725,11028700
2024-01-26,16.707969665527344,16.766973154074606,16.442451153534037,16.442451153534037,15735400
2024-01-29,16.74730682373047,16.82597876819087,16.550626024735916,16.678467231101397,11356500
2024-01-30,16.688302993774414,16.806311859164186,16.62929949892317,16.688302993774414,12666500
2024-01-31,16.589963912963867,16.86531479696656,16.550627000570785,16.81614553216243,19697500
2024-02-01,16.835817337036133,16.835817337036133,16.48179255783105,16.53096183241505,13828500
2024-02-02,16.373615264892578,16.727639987059106,16.206437132279195,16.688303073179586,26253900
2024-02-05,16.098264694213867,16.265442830189127,16.0589277795433,16.216271686850916,17360500
2024-02-06,15.970423698425293,16.058929892391365,15.881917504459222,16.029427202506817,32417600
2024-02-07,16.137598037719727,16.19660152783912,15.980254146943256,16.068760319965914,39379000
2024-02-08,15.970423698425293,16.127767626434405,15.852416690262249,16.029427202506817,22971900
2024-02-09,15.980253219604492,16.117928647122774,15.91141550584535,15.91141550584535,19223000
2024-02-12,16.176937103271484,16.22610637230655,15.950753588922982,16.02942554479152,19179700
2024-02-13,16.019590377807617,16.17693426190836,15.675398990111074,16.117928898605292,18850900
2024-02-14,16.07859230041504,16.12776155602799,15.911414205369386,16.049089621635147,14272200
2024-02-15,16.255605697631836,16.2654399245427,16.07859336461029,16.108094169655885,13384300
2024-02-16,16.157268524169922,16.265443166060397,15.990090384742537,16.12776583755778,17993400
2024-02-20,16.353944778442383,16.41295014193915,16.12776317876595,16.157265860514332,16078900
2024-02-21,16.5014591217041,16.560462619562134,16.373616021376417,16.46212220600716,17320000
2024-02-22,16.373615264892578,16.648968034987355,15.98025550453382,16.304777541290708,21604000
2024-02-23,16.74730682373047,16.87514803009595,16.422784818370435,16.46211985275708,22922000
2024-02-26,16.098264694213867,16.668636827125816,16.06876200821094,16.639134141122888,24016400
2024-02-27,16.314611434936523,16.393283385393694,16.10809639268192,16.19660257140714,13689800
2024-02-28,16.314611434936523,16.45228687931476,16.216271027943247,16.26544216928351,13081900
2024-02-29,16.412952423095703,16.471955919106023,16.235940059377427,16.452287461873475,15741000
2024-03-01,16.324445724487305,16.3736149903249,16.078595643924807,16.3736149903249,10434000
2024-03-04,16.560462951660156,16.580131409903053,16.226106664280593,16.275275934200415,11069900
2024-03-05,16.157268524169922,16.629300255839937,16.078596568891584,16.599797569227796,14043700
2024-03-06,16.216272354125977,16.37361626790806,16.14743462630724,16.324446998233935,19370200
2024-03-07,16.314611434936523,16.422786070197855,16.176935990558288,16.373614928857588,14097500
2024-03-08,16.285110473632812,16.373616661724903,16.255609661393752,16.314613161559326,15896300
2024-03-11,16.176937103271484,16.32444678606407,16.117931729604546,16.22610637230655,13610700
2024-03-12,16.049091339111328,16.186766770110275,16.009756305548944,16.127763281923166,12882500
2024-03-13,16.127763748168945,16.27527341074469,16.09826294106607,16.176934886152274,12137200
2024-03-14,15.901585578918457,16.13760146521096,15.754075884446586,16.068763732836587,11210100
2024-03-15,15.980253219604492,16.049090933363633,15.79340665676752,15.79340665676752,23905500
2024-03-18,15.793408393859863,15.940918064666244,15.734404900674757,15.931085712208084,13586300
2024-03-19,15.980253219604492,16.019590127859445,15.803240883831256,15.881912824654137,18760700
2024-03-20,15.931084632873535,16.019590804498495,15.76390651710273,15.94091698466555,14597300
2024-03-21,16.157268524169922,16.235940479448256,15.931086887205627,15.931086887205627,14144100
2024-03-22,16.137598037719727,16.275273473227355,16.108095354816463,16.255606893645645,13482000
2024-03-25,16.137598037719727,16.255606893645645,16.088428775234753,16.206435755473542,14520100
2024-03-26,16.00975799560547,16.245773848955793,16.00975799560547,16.147433441138006,12793700
2024-03-27,16.47223663330078,16.482076904434653,16.058954629877185,16.10815598554655,19337700
2024-03-28,16.491918563842773,16.609998073709445,16.452557475993903,16.51159910776721,17031500
2024-04-01,16.29511833190918,16.45255894366945,16.216398026029044,16.442718670829414,16590400
2024-04-02,16.423038482666016,16.452557421615133,16.216396525822375,16.25575761354115,12978900
2024-04-03,16.442716598510742,16.550957709269067,16.403357388951285,16.46239714171042,8174400
2024-04-04,16.30495834350586,16.590320620774268,16.245918584251747,16.56079980272716,10156900
2024-04-05,16.541118621826172,16.560799166434755,16.108157901477576,16.216397143144707,14376500
2024-04-08,16.541118621826172,16.58047971104334,16.393518290941877,16.53127834952188,10752200
2024-04-09,16.71824073791504,16.737921283663486,16.55095985273354,16.619839886012954,11010700
2024-04-10,16.452558517456055,16.570639911637357,16.304958182359492,16.46239879004117,10386000
2024-04-11,16.206558227539062,16.550960279660018,16.186879558123156,16.550960279660018,8322800
2024-04-12,16.334476470947266,16.373835678353412,16.088475324929504,16.255756179295172,20246100
2024-04-15,16.029436111450195,16.501757877157935,15.950713940325711,16.462396791595694,13267800
2024-04-16,15.773594856262207,15.999915470171102,15.704713894203897,15.96055438418353,11173000
2024-04-17,16.177038192749023,16.255758495618164,15.921196739214299,15.950715679765187,11312400
2024-04-18,16.275436401367188,16.33447614973531,16.15735502779118,16.265596130499205,9494000
2024-04-19,16.580480575561523,16.600161121196262,16.285278021560824,16.314798840012934,10302800
2024-04-22,16.678878784179688,16.708397721114483,16.432877633243937,16.590318219695632,8758700
2024-04-23,16.688718795776367,16.81664045768919,16.649359583769357,16.678880400404626,9631100
2024-04-24,16.728078842163086,16.826479681308495,16.432878201566755,16.541117435470795,9906400
2024-04-25,16.796958923339844,16.89535976281816,16.236076578205317,16.70839835549335,16435700
2024-04-26,16.757598876953125,16.924879732662035,16.68871697896961,16.816638626956323,13459200
2024-04-29,16.983924865722656,16.993765139982035,16.826484231253417,16.826484231253417,10710700
2024-04-30,16.836320877075195,16.964240661197987,16.728079760389754,16.855999544512546,10620100
2024-05-01,17.131519317626953,17.210239607712577,16.82647842815013,16.836318699015802,15262900
2024-05-02,17.249601364135742,17.367680865450946,17.0134404846655,17.12167971473113,9537100
2024-05-03,17.28896713256836,17.564489201583353,17.151207036481136,17.456248053605936,12813200
2024-05-06,17.387361526489258,17.456241548866025,17.229920939102403,17.387361526489258,11972600
2024-05-07,17.446401596069336,17.485762682054588,17.31848182029702,17.475922410558276,9963600
2024-05-08,17.554643630981445,17.633363930261364,17.39720303242161,17.456242787671556,11404400
2024-05-09,17.613685607910156,17.712086463631707,17.456244989491758,17.456244989491758,12257500
2024-05-10,17.54480743408203,17.780968386774664,17.495607939419557,17.71208834351103,12582300
2024-05-13,17.58416175842285,17.692400980358066,17.45624011862711,17.594000152093578,13072900
2024-05-14,17.721923828125,17.751444643048174,17.534962420624716,17.68256274156077,17826300
2024-05-15,18.017126083374023,18.017126083374023,17.820326263449786,17.84984520417638,14453500
2024-05-16,18.15488624572754,18.322167108559864,18.056485406972072,18.056485406972072,14945300
2024-05-17,18.302488327026367,18.302488327026367,18.174566661280036,18.29264805451972,12617100
2024-05-20,18.351688385009766,18.57800902920014,18.30248889778234,18.30248889778234,12102300
2024-05-21,18.617372512817383,18.617372512817383,18.33201019507641,18.351690743232417,14313400
2024-05-22,18.430408477783203,18.646890723499553,18.410727932383516,18.54848987334122,13487300
2024-05-23,18.08600425720215,18.38120677203859,18.07616586253016,18.351685957502976,14046300
2024-05-24,18.164724349975586,18.31232654416843,18.105684598402366,18.115524869804545,11188900
2024-05-28,17.92856788635254,18.213930196839865,17.92856788635254,18.09584878774572,9767000
2024-05-29,17.81048583984375,17.889206142513686,17.662885506942626,17.81048583984375,10094300
2024-05-30,17.987606048583984,18.02696525943885,17.859684390415758,17.879364934263172,11405000
2024-05-31,18.243450164794922,18.272969108057158,17.99744896112837,18.046648451125584,21054800
2024-06-03,17.9482479095459,18.2532888819351,17.908888692224842,18.233610211694707,12104200
2024-06-04,18.026966094970703,18.105686397169002,17.820326005515188,17.840004673434727,9107900
2024-06-05,17.92856788635254,18.076170116930303,17.918727612524666,17.967928981664027,9094900
2024-06-06,17.918725967407227,18.105687399291234,17.869526479625193,17.928566240331666,9549900
2024-06-07,17.76128387451172,17.928564746609812,17.751445479247124,17.7908046908255,7802000
2024-06-10,18.145050048828125,18.19424954083417,17.869528013809454,18.00728809289863,19469000
2024-06-11,18.017126083374023,18.135207476800627,17.918725234991868,17.95808632508076,13599000
2024-06-12,17.849843978881836,18.184405714311282,17.731764470400822,18.184405714311282,8831000
2024-06-13,18.076168060302734,18.135207819712356,17.840005268984015,17.869526087108884,15297400
2024-06-14,17.958087921142578,18.046648504873513,17.879367610808437,18.007287411286324,7704700
2024-06-17,17.495603561401367,17.859684235214836,17.485763289563174,17.77112366551103,11231000
2024-06-18,17.495603561401367,17.564483587428782,17.338162965670147,17.4365619303722,19295600
2024-06-20,17.54480743408203,17.574328256983765,17.367686250352456,17.4759273908184,17555400
2024-06-21,17.37752342224121,17.662885695490964,17.279122573643363,17.613684332772,22376600
2024-06-24,17.42672348022461,17.574325696387078,17.269282868035443,17.348003174130024,19466800
2024-06-25,17.3184814453125,17.475922032164807,17.16104085846019,17.407042010021904,10883200
2024-06-26,17.298803329467773,17.32832414745878,17.15120299319295,17.249603842989533,11334000
2024-06-27,17.200401306152344,17.298802149235406,17.19056103416004,17.298802149235406,11506800
2024-06-28,17.190555572509766,17.279166838587802,17.082254374569985,17.239785096949976,24117600
2024-07-01,16.905033111572266,17.328397663970787,16.81642183884167,17.308705852716326,12537400
2024-07-02,16.81641960144043,17.00348802763966,16.78688188848869,16.934568575333163,18655800
2024-07-03,16.954259872436523,17.072408855851158,16.816420956714772,16.8951863196864,7981800
2024-07-05,16.964107513427734,17.09210241505041,16.806576771364885,16.924725766869308,10353600
2024-07-08,16.914878845214844,17.0921013888741,16.87549522310636,16.944414683881746,9715700
2024-07-09,17.07240867614746,17.269323020461005,16.895186141848143,16.924723856869484,17886000
2024-07-10,17.367778778076172,17.387470588615777,17.111790874804544,17.180712211693162,10832500
2024-07-11,17.68284034729004,17.741915779283822,17.446544253058182,17.466236063722775,11066200
2024-07-12,17.840370178222656,17.919135530708477,17.672993569451023,17.732067114336854,14169700
2024-07-15,17.397315979003906,17.73206923661236,17.397315979003906,17.722223331633952,11617900
2024-07-16,17.446544647216797,17.515465986099972,17.397316997357567,17.485928269435753,10403000
2024-07-17,17.663148880004883,17.76160604685969,17.495772259725985,17.5154640686798,15197400
2024-07-18,17.574541091918945,17.791145399488386,17.55484927907228,17.59423290476561,8012300
2024-07-19,17.72222328186035,17.761606901663377,17.52530893867394,17.672995635020925,9903200
2024-07-22,17.968364715576172,18.007748334159857,17.791142187778174,17.810833997070016,8842500
2024-07-23,17.8797550201416,17.96836629181384,17.741916098835656,17.92898266977531,5744900
2024-07-24,17.968364715576172,18.116049529436403,17.93882700163841,18.05697597947517,10874800
2024-07-25,17.74191665649414,18.145589405504918,17.692687127398607,17.978212762409143,20294100
2024-07-26,17.751758575439453,17.92897920663777,17.722220864616016,17.850213855689375,10979000
2024-07-29,17.997905731201172,18.135744665701818,17.741917797189515,17.85021901233375,11959300
2024-07-30,18.04713249206543,18.135743767833038,17.968367122262507,18.01759477417138,9809400
2024-07-31,17.968364715576172,18.14558724337417,17.94867290628433,18.07666778876701,12037600
2024-08-01,18.15543556213379,18.244046837815358,17.978213010770652,18.056978380497096,12996300
2024-08-02,18.125898361206055,18.322812730095297,17.938829898552736,18.253893264358442,10287400
2024-08-05,17.535152435302734,18.204658856687615,17.495770698822852,18.125893505813753,18526100
2024-08-06,17.535152435302734,17.781294391522817,17.51546250601984,17.51546250601984,9274600
2024-08-07,17.761608123779297,17.860063424232525,17.584385578300317,17.672996851039805,7722500
2024-08-08,17.840370178222656,18.007746786994293,17.68283759533688,17.732067114336854,13086700
2024-08-09,17.919139862060547,17.948675702685698,17.732071400471384,17.869910331160984,9848100
2024-08-12,17.948673248291016,17.96836505795808,17.79114252678316,17.928981438623953,9294000
2024-08-13,18.037282943725586,18.076666559631356,17.948671685851775,18.037282943725586,7892500
2024-08-14,18.106204986572266,18.204662162522226,17.958520161604543,18.00774968853674,8690300
2024-08-15,18.125898361206055,18.204663733178833,17.988059429732346,18.01759527052551,9726800
2024-08-16,18.125898361206055,18.224355545650674,18.10620654873421,18.214509639414754,11230400
2024-08-19,18.28342628479004,18.31296399894138,18.106203755710602,18.184969115533207,8185500
2024-08-20,18.342498779296875,18.46064775118672,18.312962944760066,18.332654753060737,9761900
2024-08-21,18.3917293548584,18.3917293548584,18.273580376192427,18.352345735998306,6555400
2024-08-22,18.35234832763672,18.450805510776338,18.21450939799,18.431113698565497,15705300
2024-08-23,18.509876251220703,18.559105774252217,18.35234553334843,18.460648606103476,13276700
2024-08-26,18.746177673339844,18.815097140417404,18.539417394192533,18.578801019902357,12367700
2024-08-27,18.60833740234375,18.785559967361785,18.559109746689714,18.67725687142528,7162000
2024-08-28,18.628028869628906,18.726486057022154,18.559109401828028,18.637874776159695,6330900
2024-08-29,19.297531127929688,19.543673101811663,18.667406397810154,18.687098206420128,28288300
2024-08-30,19.395986557006836,19.43536829278765,19.189226340936873,19.32706523304081,16696000
2024-09-03,19.632287979125977,19.750435096721358,19.346762335427087,19.39599186602064,13670100
2024-09-04,20.114723205566406,20.21318037461525,19.642131047629125,19.691358693196396,25541100
2024-09-05,20.28209686279297,20.331324501159422,20.085182553499106,20.321478597903326,19309600
2024-09-06,19.770122528076172,20.32148000314606,19.760276624139227,20.301790073186325,22665100
2024-09-09,19.504289627075195,19.809507029016775,19.31722307765657,19.750431602755295,20795300
2024-09-10,19.346757888793945,19.720894723655544,18.96277702799075,19.543672210080487,23545900
2024-09-11,19.346757888793945,19.395987408072653,19.0907700222871,19.346757888793945,11584000
2024-09-12,19.366451263427734,19.52398198203698,19.307377713427844,19.455062527384722,20863600
2024-09-13,19.464908599853516,19.51413624562546,19.307377879886122,19.39598914460707,14901300
2024-09-16,19.701204299926758,19.85873501685665,19.464908224531918,19.592901227819603,12212000
2024-09-17,19.553518295288086,19.760276644433834,19.533826487393966,19.740584836539718,8152900
2024-09-18,19.208921432495117,19.58305643700291,19.08092654401381,19.58305643700291,23421300
2024-09-19,19.297531127929688,19.43537003237104,19.120308606268388,19.149846319183347,25062000
2024-09-20,19.770122528076172,19.79966023988701,19.356603952295217,19.405831594065788,34966400
2024-09-23,19.720895767211914,19.839042863904428,19.612592696981906,19.779969315558173,25171000
2024-09-24,19.51413917541504,19.819354756436656,19.494447362984072,19.51413917541504,23404500
2024-09-25,19.583057403564453,19.642132837124407,19.4255266699002,19.602749214751103,11508900
2024-09-26,19.45506477355957,19.642133227723804,19.36645349937201,19.553521953536247,6974500
2024-09-27,19.51413917541504,19.58305864100883,19.4156819911748,19.533830987846006,5893400
2024-09-30,19.474735260009766,19.632345507751015,19.35652663477265,19.622494632409396,10093100
2024-10-01,19.533836364746094,19.602790605267487,19.38607700950566,19.474732998422347,7113700
2024-10-02,19.61264419555664,19.652047697804093,19.37622881865912,19.37622881865912,13532800
2024-10-03,19.19891929626465,19.69145186480565,19.149666790955607,19.68160098797131,11368000
2024-10-04,19.415630340576172,19.445182967107318,19.021604714472847,19.061008216514377,11552000
2024-10-07,19.415630340576172,19.62249496856941,19.307274467686753,19.307274467686753,14538600
2024-10-08,19.356525421142578,19.533837408449834,19.307272926384893,19.533837408449834,6727600
2024-10-09,19.267871856689453,19.39593136538415,19.248171983620058,19.376229613452278,14885500
2024-10-10,19.258018493652344,19.47473397919033,19.15951350443933,19.317123741814832,7049700
2024-10-11,19.33682632446289,19.415631454203602,19.228470445358475,19.25802119472218,5997100
2024-10-14,19.93771743774414,20.006671694261726,19.464886639741334,19.52399001977604,11335200
2024-10-15,20.10517692565918,20.243085427345083,19.9081631699401,20.085475174314787,12975800
2024-10-16,20.203683853149414,20.2332364802386,19.87861247061808,20.095326099351496,9738700
2024-10-17,19.977115631103516,20.30218695314111,19.85890702360708,20.28248520541469,9375000
2024-10-18,20.075624465942383,20.08547534169667,19.86876171168964,20.036222841787666,6607100
2024-10-21,20.046070098876953,20.341588802709577,19.977115859906814,20.174127702841197,9272500
2024-10-22,20.262786865234375,20.361293741570066,19.937715488530277,19.957417239569892,7721300
2024-10-23,20.272640228271484,20.29234198172857,20.026373946645805,20.18398421657723,8298500
2024-10-24,20.371145248413086,20.499202876414447,20.213534992936435,20.331741745112698,9237800
2024-10-25,20.055923461914062,20.617410196197195,20.0263708363183,20.617410196197195,7312200
2024-10-28,20.203683853149414,20.29233985555454,20.095326099351496,20.134729602137075,5623400
2024-10-29,19.819507598876953,20.124877206959283,19.760402349161186,20.095324582101398,6493000
2024-10-30,19.888465881347656,20.016523523998487,19.839211496587595,19.868764127443633,7558300
2024-10-31,19.918012619018555,20.124877235593505,19.83920749814769,19.84905837311433,11326100
2024-11-01,19.740703582763672,20.075623955582994,19.691449205244368,19.918013705246,10117500
2024-11-04,19.652048110961914,19.87861261706079,19.514137729058845,19.740704114020158,8378400
2024-11-05,19.93771743774414,19.967270067192782,19.494439269189975,19.681600285776977,7844700
2024-11-06,19.94756507873535,20.164278689620083,19.79980571318384,19.967266828505494,18255300
2024-11-07,20.055923461914062,20.223384582565377,19.602792597090723,20.0263708363183,14359100
2024-11-08,20.29233741760254,20.400693279519995,19.90816082704839,20.03622031685384,15107800
2024-11-11,20.775022506713867,20.83412588491801,20.272639094822367,20.33174247302651,11791600
2024-11-12,20.87352752685547,20.981883397416194,20.715917279801367,20.77502065273107,10098200
2024-11-13,20.962182998657227,21.188747488243497,20.814421751754416,20.94248124855521,15354800
2024-11-14,20.676511764526367,21.06068646944083,20.568154025658323,20.922777986417625,10097500
2024-11-15,20.725765228271484,20.80457034066992,20.518900633936788,20.548453255659485,21825200
2024-11-18,20.725765228271484,20.87352457916079,20.578003998520096,20.62725836805792,12479900
2024-11-19,20.686363220214844,20.81442083249775,20.587856352917566,20.637110725997314,15400600
2024-11-20,20.78487205505371,20.972034932749562,20.646961676237737,20.656812551786192,11603600
2024-11-21,20.912931442260742,21.05084183270152,20.71591955127222,20.85382806285044,21879200
2024-11-22,21.050840377807617,21.12964550452905,20.843975745874836,21.011436875015686,12130800
2024-11-25,20.87352752685547,21.178897145664994,20.72576815510004,21.109942897436618,18307900
2024-11-26,21.188749313354492,21.238001813989634,20.863677924120147,20.972035680152416,11835600
2024-11-27,21.30695343017578,21.395609423439858,21.14934319300903,21.228148311592406,8786200
2024-11-29,21.30695343017578,21.395609423439858,21.24785006095381,21.297104434357312,5207800
2024-12-02,20.243083953857422,20.548455440880343,19.789954979094038,20.39084519932245,53349800
2024-12-03,20.538602828979492,20.883375907803355,20.430245092498875,20.63710969133804,75175600
2024-12-04,20.21353530883789,20.68636608265735,20.115028427909884,20.578008325750293,36348800
2024-12-05,20.08547592163086,20.49920332094446,19.947567414813822,20.410547315458512,22751600
2024-12-06,20.0263729095459,20.32189168064772,19.789957516891935,20.193834047533603,18683100
2024-12-09,19.908161163330078,20.124876648550075,19.76040180086514,19.898312167513016,14476300
2024-12-10,19.583093643188477,19.898316057970494,19.494439511465913,19.888465181365184,15092500
2024-12-11,19.514137268066406,19.730852772139173,19.37622876828366,19.661896643385404,11210400
2024-12-12,19.622493743896484,19.6520463685832,19.395929257885143,19.583090244314196,13677100
2024-12-13,19.455034255981445,19.642197136930594,19.40578175624545,19.563392010035546,11466900
2024-12-16,19.307273864746094,19.602792605379328,19.297422989543342,19.474734985468217,9303200
2024-12-17,19.415630340576172,19.592942342038263,19.100409839693512,19.356526966376272,14220200
2024-12-18,18.913249969482422,19.47473675502194,18.90339909338458,19.376229872906016,10701800
2024-12-19,19.129962921142578,19.415630802287385,19.001905294187136,19.06100866979254,17671200
2024-12-20,19.523990631103516,19.6027957665715,19.07086157187827,19.120114076972275,33683500
2024-12-23,19.691450119018555,19.71115187094053,19.29742447489146,19.48458736042526,14179200
2024-12-24,19.918012619018555,19.918012619018555,19.59294126056845,19.632344760435025,4614500
2024-12-26,19.908161163330078,19.918012038009373,19.750550926185845,19.868759543475136,4469900
2024-12-27,19.839208602905273,19.967268105740423,19.711150978932512,19.79980697970688,10354200
2024-12-30,19.82935905456543,19.86876255926348,19.652048920011747,19.77025567638087,9078200
2024-12-31,19.903329849243164,20.001959212342413,19.745523620763823,19.863877351524014,15957600
2025-01-02,19.735660552978516,20.061136135301158,19.59758057296244,19.992096145293118,11062800
2025-01-03,20.120311737060547,20.130174860899125,19.745522437187205,19.824425546697302,12578100
2025-01-06,19.587717056274414,20.149901970738117,19.508813943388255,20.12031259795633,18233000
2025-01-07,19.706069946289062,19.76524868933391,19.597579346437218,19.62716683676112,14732900
2025-01-08,18.986080169677734,19.587717597817324,18.512661479272147,19.55812822421748,34090500
2025-01-10,16.934598922729492,17.93075202185462,16.668300178357672,17.723630149165814,74312600
2025-01-13,15.9976224899292,17.210760571650635,15.958171869713219,17.12199432466617,69621100
2025-01-14,15.9976224899292,16.263921230882598,15.721461564221507,16.066664367405078,47829800
2025-01-15,16.638713836669922,17.240349483089176,16.303375071885895,16.32309944301516,46400500
2025-01-16,16.717615127563477,17.112130724777035,16.628848883040583,16.786655121926003,29891500
2025-01-17,16.776790618896484,17.033226206322837,16.648571884584005,16.757064370356318,25732300
2025-01-21,17.062814712524414,17.191033454461042,16.76692849162233,16.905008477216807,24923000
2025-01-22,16.2146053314209,17.10226580215301,16.14556534431486,16.96418582794093,29791100
2025-01-23,16.017345428466797,16.45131344829673,15.997619181838523,16.31323348429565,18673800
2025-01-24,16.313234329223633,16.372411190975043,15.948306272493149,15.968032520143124,21090600
2025-01-27,16.066661834716797,16.411861761686136,15.741185333547513,16.224468053102356,32341600
2025-01-28,15.74118709564209,16.14556675127108,15.563654609785427,16.125840501465067,26358000
2025-01-29,15.573516845703125,15.78063775384633,15.524202164602492,15.72145994840571,26935600
2025-01-30,15.474886894226074,15.820089648785348,15.307218489827546,15.780637152927728,22218500
2025-01-31,15.435436248779297,15.52420248849255,15.109960663563582,15.52420248849255,31603000
2025-02-03,14.952155113220215,15.297356963226497,14.9127035538423,15.228316028865619,39323800
2025-02-04,14.971879959106445,15.149411489358,14.784484364186277,14.883113723681026,23657800
2025-02-05,15.524202346801758,15.583380152936915,14.98174272952687,15.119823650109357,27049000
2025-02-06,15.386123657226562,15.770776137267617,15.366397406660663,15.603106769855065,25609800
2025-02-07,15.10996150970459,15.435437113146575,15.100099325205878,15.395985553353588,19335000
2025-02-10,15.435436248779297,15.435436248779297,15.00146911535812,15.139550037200886,19032400
2025-02-11,15.563653945922852,15.583380194887447,15.208589929954028,15.326944601943636,17313100
2025-02-12,15.810227394104004,15.849678010932168,15.238178400506461,15.28749308244065,24434100
2025-02-13,15.632695198059082,15.987758280727572,15.494614274266366,15.829952048164092,23319600
2025-02-14,15.08037281036377,15.70173557164853,15.04092125126312,15.46502621704463,28251800
2025-02-18,15.208589553833008,15.218452678071383,14.932428659353612,15.109960192647861,24722400
2025-02-19,15.44529914855957,15.632694749804799,15.20858980650179,15.218452930904025,25001800
2025-02-20,15.474886894226074,15.603104683965524,15.386121600344243,15.44529846293213,13658400
2025-02-21,15.770774841308594,15.770774841308594,15.514339248620814,15.553791746510614,32065300
2025-02-24,15.790501594543457,15.908855329595355,15.593243801791377,15.859541586856848,18039200
2025-02-25,15.71159839630127,15.898994003897467,15.474888105621895,15.829952130741939,19819800
2025-02-26,15.820089340209961,15.948306186849232,15.652419057883346,15.800363092665917,13068700
2025-02-27,15.662283897399902,15.87926794115791,15.662283897399902,15.770775448979228,14816100
2025-02-28,16.11597442626953,16.244191264138976,15.810225135043643,15.879265115527065,34403600
2025-03-03,16.204742431640625,16.451314892545202,16.037073082977567,16.076523698499038,23930100
2025-03-04,15.918718338012695,16.244193928824153,15.908855213297356,16.19488018644614,14521300
2025-03-05,16.1652889251709,16.27378140317558,15.839813372355325,15.839813372355325,16163100
2025-03-06,15.859541893005371,16.03707438020896,15.672147221423314,15.987758755319776,25888100
2025-03-07,15.751049041748047,16.00748368583929,15.721459669253475,15.829951213269029,22689100
2025-03-10,15.691871643066406,15.859540995806846,15.356532937585527,15.800364130486289,23838600
2025-03-11,15.968033790588379,16.007484407828574,15.632695078652713,15.642557262663095,19146700
2025-03-12,15.9976224899292,16.18501810925183,15.7510509402826,15.908856242944733,13041900
2025-03-13,16.175153732299805,16.214606230661843,15.898993768560176,15.928581261133044,10772000
2025-03-14,16.54994773864746,16.6091246149919,16.20474584444011,16.273785847041786,14154400
2025-03-17,16.87541961669922,17.023362715164787,16.510491551365494,16.56966841451201,16614800
2025-03-18,16.964187622070312,16.983911991044828,16.71761513850068,16.7669288827351,14925200
2025-03-19,16.855693817138672,16.905007557539985,16.589395104094915,16.776790703777404,13016100
2025-03-20,16.964187622070312,17.0036382412181,16.71761513850068,16.82610575205616,13464600
2025-03-21,16.64857292175293,17.00363789280127,16.64857292175293,16.80638103870675,31887900
2025-03-24,16.885284423828125,17.052953787121467,16.65843631029096,16.68802568541287,11186700
2025-03-25,16.826107025146484,16.944462653942338,16.688027025883738,16.88528578014386,13877900
2025-03-26,17.00363540649414,17.14171537228983,16.76692608747362,16.796515457800602,12443800
2025-03-27,16.914871215820312,17.02336370556637,16.84583122459961,16.95432371434567,11953500
2025-03-28,16.766929626464844,16.96418837454985,16.70775275451888,16.914872746929177,15065100
2025-03-31,16.96941375732422,17.028677770403895,16.702722872512165,16.761986885591842,17926000
2025-04-01,17.058313369750977,17.117577392040147,16.791622443495765,16.92990579016026,12157300
2025-04-02,17.216352462768555,17.31512709177891,16.910152808408867,16.920028575737486,28638600
2025-04-03,17.038557052612305,17.295370312525083,16.969415383399095,17.186718041493357,25301100
2025-04-04,16.23848533630371,17.087942506272945,16.07056905550123,17.04843379053835,29608600
2025-04-07,15.882899284362793,16.317506510772052,15.398905686666499,15.863143982260258,22756300
2025-04-08,15.744613647460938,16.515052465782336,15.547065353273984,16.149588828024903,21765100
2025-04-09,16.60395050048828,16.682969823240157,15.280376373402037,15.418659717225506,29638700
2025-04-10,16.268115997314453,16.59407090088279,15.892774729314477,16.416278858547457,27652600
2025-04-11,16.712602615356445,16.860763608598038,16.100201456930158,16.34713707365589,13591900
2025-04-14,16.85088539123535,17.01880168032137,16.722479703802126,16.88051834247495,13498600
2025-04-15,16.94965934753418,17.058311613854624,16.86076238126638,16.910150631397993,11015600
2025-04-16,16.96941375732422,17.24598040767538,16.90027209473643,16.92002550978365,19205500
2025-04-17,17.018800735473633,17.275613980051535,17.00892308560882,17.07806663466251,15360300
2025-04-21,16.633581161499023,16.949658408962446,16.495297836726028,16.92002546052437,16057400
2025-04-22,17.226228713989258,17.265737432000684,16.811376813038706,16.8805184825356,15326100
2025-04-23,17.325002670288086,17.404021987248512,17.08794283543768,17.196595102746688,16081300
2025-04-24,17.17683982849121,17.562060647728856,16.90027316069602,17.49291709681093,15162500
2025-04-25,16.929903030395508,17.216349212042925,16.89039431663286,17.157085199414457,10347600
2025-04-28,17.06818962097168,17.097820687701464,16.781743416122772,16.959537352378074,10084400
2025-04-29,17.137332916259766,17.236107544001563,16.989171916631737,16.989171916631737,9828200
2025-04-30,16.3175048828125,17.127453348516735,16.119955649434782,17.028678731827878,23867400
2025-05-01,16.465667724609375,16.72248100340346,16.38664839913191,16.475545375790222,22419500
2025-05-02,16.72247886657715,16.841006897662968,16.475543270517754,16.48542092043642,12963700
2025-05-05,16.712602615356445,16.90027421157939,16.633583293362978,16.692847313865766,8642900
2025-05-06,16.831132888793945,16.9595385832033,16.56444196505611,16.62370598678587,15664900
2025-05-07,16.98917007446289,17.08794280752524,16.77186554019983,16.78174319029989,10845000
2025-05-08,16.96941375732422,17.255858057183495,16.959536107816106,16.999044821879554,8685700
2025-05-09,16.920026779174805,17.16696238349648,16.87064041189813,16.999046097198974,17180200
2025-05-12,17.00892448425293,17.137332059085377,16.831132423973685,17.09782145637717,11604700
2025-05-13,16.75210952758789,17.068188665440623,16.732356112196943,17.008922767360648,12050000
2025-05-14,16.821252822875977,16.88051683609741,16.495297924204582,16.761986925685534,13340700
2025-05-15,17.12745475769043,17.206474080749064,16.831132767212864,16.841008534122082,9169700
2025-05-16,17.650957107543945,17.72997642235238,17.206472284265836,17.2361052338074,15628000
2025-05-19,17.52254867553711,17.58181268771558,17.423774065927002,17.512671026179202,9053200
2025-05-20,17.52254867553711,17.64107858386303,17.473162312716546,17.492915727463384,10313200
2025-05-21,17.186716079711914,17.571936867594566,17.166960781057632,17.522548620958855,11431600
2025-05-22,16.811376571655273,17.058312178580987,16.801498921301945,16.95953755901687,16313200
2025-05-23,16.841007232666016,16.929904199733272,16.68296859876181,16.920026549618118,14757600
2025-05-27,16.841007232666016,17.068189417376292,16.761987915713913,17.038556467030833,17583700
2025-05-28,16.69284439086914,16.969412911402426,16.64345802975948,16.949657613370995,11123300
2025-05-29,16.860761642456055,16.890394591236557,16.544684391340123,16.682967717711087,8968700
2025-05-30,16.673091888427734,16.860763483255536,16.584196800319017,16.781744161849495,23651500
2025-06-02,16.445911407470703,16.594072398102668,16.139711775635416,16.544686029215082,15855300
2025-06-03,16.337261199951172,16.54468621233794,16.307628247909104,16.52493091097656,27352200
2025-06-04,15.863142967224121,16.366891834789534,15.833511899935626,16.297750165824137,31867900
2025-06-05,15.734736442565918,15.853264473352127,15.537187212630126,15.80387810785272,28391000
2025-06-06,15.448293685913086,15.833513616156184,15.329764693988599,15.833513616156184,47957500
2025-06-09,14.401284217834473,15.458168291825801,14.381529859527635,15.408781925066426,60997400
2025-06-10,14.608710289001465,14.677851956658197,14.193858399091924,14.470426011703427,43588100
2025-06-11,14.213613510131836,14.63834210262872,13.838271284168975,14.598832444210764,48608200
2025-06-12,14.124715805053711,14.351896093588634,13.996309186409599,14.124715805053711,31104900
2025-06-13,13.472806930541992,14.0555741663235,13.354277953332979,13.976554848184158,51008300
2025-06-16,13.433298110961914,13.719743392614054,13.32464583524186,13.532071793816487,35376700
2025-06-17,13.383910179138184,13.462929498558701,13.17648423016318,13.423419838848442,28335300
2025-06-18,13.897536277770996,13.976555600161797,13.354278671830386,13.42342034342618,49723400
2025-06-20,13.699987411499023,14.164226618047245,13.611090441948877,14.065451998106061,42954600
2025-06-23,13.64072322845459,13.759252205762406,13.43329728266977,13.64072322845459,25462700
2025-06-24,13.986433029174805,14.055574699674224,13.690110103915757,13.690110103915757,24008100
2025-06-25,13.620967864990234,13.996310095723413,13.601213506522473,13.937045136350985,32923400
2025-06-26,13.9074125289917,13.996309493231351,13.57157997163503,13.660476935874682,42437000
2025-06-27,13.81851577758789,14.006187358758721,13.759251761838348,13.907412743196753,31195600
2025-06-30,13.793778419494629,13.922414920720238,13.694827918016335,13.813569085992839,31908400
2025-07-01,13.981786727905273,14.110423236043626,13.655248262504445,13.764094103081066,32516600
2025-07-02,13.843255043029785,14.001576610635833,13.754198925333638,13.981786886520567,22592000
2025-07-03,13.764093399047852,13.902625233881169,13.635456897489256,13.86304484445321,15953600
2025-07-07,13.496926307678223,13.73440864954834,13.417765527054849,13.684932925740997,20212500
2025-07-08,13.526611328125,13.576087051799318,13.279233653424354,13.368289767303937,25291200
2025-07-09,13.378185272216797,13.546401224991689,13.249548766483448,13.53650683506678,28105400
2025-07-10,13.397974967956543,13.44745069216231,13.209968348379762,13.279233796065268,21715900
2025-07-11,13.279233932495117,13.457346163997414,13.200073150420977,13.299023656178173,18770600
2025-07-14,13.249547958374023,13.39797417857541,13.061540406203314,13.219861959397031,30016400
2025-07-15,12.863637924194336,13.338602563817963,12.833952870135573,13.328708174912277,28417100
2025-07-16,13.021960258483887,13.140701425572901,12.863638702365199,12.873534035540345,22289700
2025-07-17,13.120912551879883,13.170388277286019,12.952695651701603,13.00217137710774,18497100
2025-07-18,13.308917999267578,13.427659163540842,13.16049177984372,13.16049177984372,24510300
2025-07-21,13.239653587341309,13.388079818326968,13.229758253630008,13.338604093441427,15416400
2025-07-22,13.516715049743652,13.556295437181975,13.338602834435768,13.358393499990367,17082200
2025-07-23,13.585981369018555,13.65524775926094,13.45734580929184,13.566191645857112,26664300
2025-07-24,13.704723358154297,13.833358916712271,13.576086855925398,13.635456968541243,25063300
2025-07-25,13.932310104370117,14.120317659400692,13.71461749358189,13.764093215625248,30892600
2025-07-28,13.833357810974121,13.93230924898564,13.70472226269834,13.853148476044765,17727200
2025-07-29,13.843255043029785,13.89273076882442,13.734409201218371,13.853150376922908,22409000
2025-07-30,13.872939109802246,14.051050376681765,13.7937773933692,13.853148444776274,27477200
2025-07-31,13.872939109802246,13.932309217538469,13.180280932626754,13.734407285632978,37497600
2025-08-01,13.971890449523926,14.110422282077394,13.645352006199449,13.853149283194199,27508000
2025-08-04,14.882240295410156,15.00098146142356,13.991681078474175,14.001575467888783,52268200
2025-08-05,15.01087760925293,15.159303838908073,14.763499930713719,14.882241103172026,46174400
2025-08-06,14.971297264099121,15.15930388514716,14.941612206811737,15.040562712326668,26739300
2025-08-07,14.892135620117188,15.050457174712653,14.763499121090646,15.000981452983844,20545600
2025-08-08,14.842659950256348,14.951505783503368,14.615072950647784,14.882240339043529,23293300
2025-08-11,14.951506614685059,15.12961884596441,14.79318505073495,14.79318505073495,21768000
2025-08-12,15.297835350036621,15.337415740005929,15.000981953431351,15.080142733369966,26107400
2025-08-13,15.090038299560547,15.34731131016523,14.991086851275378,15.31762530947711,18828800
2025-08-14,15.149409294128418,15.278044855223703,14.902031618117425,14.971297065425802,17525000
2025-08-15,14.86245059967041,15.228569431455341,14.842659933463759,15.20877876524869,29243900
2025-08-18,14.941611289978027,15.030666456375656,14.822869180772724,14.941611289978027,27823300
2025-08-19,15.43636703491211,15.456156757866617,14.92182102670194,14.941611693327374,33726900
2025-08-20,15.198884010314941,15.60458418994612,15.198884010314941,15.466052352242478,24841600
2025-08-21,14.516121864318848,15.268150213465661,14.150003023103647,15.188989433941883,36918400
2025-08-22,15.030667304992676,15.080143029343086,14.575492339576606,14.654654064739836,27073200
2025-08-25,14.753604888916016,14.981192848382653,14.704129163495358,14.961402180746001,16122500
2025-08-26,14.892135620117188,14.991086119903901,14.733814065521722,14.733814065521722,22676800
2025-08-27,14.921821594238281,15.020773043787116,14.862451479445749,14.931716927927358,14623200
2025-08-28,14.832765579223633,14.951506753286957,14.763500130271103,14.941612363201571,16228700
2025-08-29,15.11972427368164,15.4264730270351,14.84266152281694,14.84266152281694,19336700
2025-09-02,15.159303665161133,15.367100950499259,14.941611989984768,14.971297046841373,15222900
2025-09-03,15.188989639282227,15.238464419400243,14.971297020813383,15.090038191704314,11555200
2025-09-04,15.0702486038208,15.327521631008576,14.812976520304034,15.307731906278521,17620300
2025-09-05,14.931715965270996,15.149408574041088,14.86245052125497,15.129617907938853,20071800
2025-09-08,14.407276153564453,14.902031501722051,14.298429373020383,14.882240834833699,31415900
2025-09-09,14.81297492980957,14.911925430177376,14.308324263819756,14.40727570785847,31274400
2025-09-10,15.099932670593262,15.921226430526405,14.60517734804699,14.71402317928565,67286500
2025-09-11,15.56500244140625,15.614478163816111,14.902031158329407,15.139513493491641,48239300
2025-09-12,15.28794002532959,15.693639258663675,15.208779245345912,15.58479342210385,26879400
2025-09-15,15.179094314575195,15.56500288427633,14.91192597216277,15.337415875854733,28078100
2025-09-16,14.793184280395508,15.238463891735464,14.704128169393334,15.208778835958375,17502500
2025-09-17,14.931715965270996,15.119722574887735,14.86245052125497,14.971296353804567,22404200
2025-09-18,14.743707656860352,15.05045636003807,14.704127270353954,15.05045636003807,18194700
2025-09-19,14.753604888916016,14.842661005939005,14.407276698313355,14.812975948155,35148600
2025-09-22,14.516121864318848,14.75360420289018,14.189583412865534,14.654653700320923,22823800
2025-09-23,14.575490951538086,14.882239658361888,14.565596562547018,14.615072282185807,15650500
2025-09-24,14.506226539611816,14.674443432117897,14.446856426769042,14.605177985911014,14456200
2025-09-25,14.288534164428711,14.644758622164252,14.248953773977089,14.526017450809386,16313900
2025-09-26,14.81297492980957,14.832764652414768,14.298428930681704,14.347904652701061,23714300
2025-09-29,14.902030944824219,14.981191722077474,14.64475794691569,14.832764556974444,29169100
2025-09-30,14.946633338928223,15.22415677161334,14.738490528104364,14.867340929589618,19976100
2025-10-01,15.521504402160645,15.541327977910893,14.996191932900578,15.025926351285834,27283300
2025-10-02,15.491768836975098,15.541326827442001,15.253891617022017,15.382742014139948,23665700
2025-10-03,15.759380340576172,15.82876190474236,15.481856919631547,15.58097289973179,25983900
2025-10-06,15.898143768310547,16.026993221531367,15.719734433626188,15.759380637364915,29367600
2025-10-07,16.056730270385742,16.314429203904446,15.888233650481782,15.977437854576838,34725300
2025-10-08,16.572128295898438,16.59195187039892,15.967524397474708,15.987346081495073,38391600
2025-10-09,16.09637451171875,16.700980325448988,16.086462724061512,16.65142138716279,31630500
2025-10-10,15.719734191894531,16.205401361775618,15.709823350042297,16.17566600049879,19749700
2025-10-13,15.82876205444336,15.977436025999813,15.739557860557497,15.779204063924542,15379000
2025-10-14,16.254959106445312,16.522571698015806,15.808939065734572,15.858497058089117,24583200
2025-10-15,16.532482147216797,16.542393933933354,16.284693150742875,16.284693150742875,18080500
2025-10-16,16.354076385498047,16.760450253535634,16.27478396955121,16.631600786552138,15124000
2025-10-17,16.274782180786133,16.473014144105665,16.225225135196304,16.36398637523191,12164100
2025-10-20,16.532482147216797,16.66133159357203,16.383809127428446,16.47301331739746,13608400
2025-10-21,16.601865768432617,16.919035438845217,16.56221861439086,16.58204219141174,21190100
2025-10-22,16.433366775512695,16.691067568190228,16.423454988431242,16.60186337493723,23754400
2025-10-23,16.15584373474121,16.89921081254489,16.046817848856566,16.63160010130055,21603000
2025-10-24,16.254959106445312,16.28469446900209,15.977436617836059,16.23513553140746,15354900
2025-10-27,16.28469467163086,16.334251719361955,16.056729227299517,16.274782883988603,19450200
2025-10-28,15.977437973022461,16.373900055006075,15.927879031224304,16.354076478286814,18995900
2025-10-29,15.620620727539062,16.056729951055,15.58097452042308,15.937790384466917,17256900
2025-10-30,15.759380340576172,15.83867274656035,15.521503122623635,15.551237538557693,19979200
2025-10-31,15.81885051727295,15.868408508574921,15.52150351470119,15.660265701298695,16019800
2025-11-03,15.769292831420898,15.789116406421694,15.392653413566537,15.759381043920502,29262000
2025-11-04,16.01708221435547,16.0765510502398,15.561150376535148,15.660266363329171,25876500
2025-11-05,16.126110076904297,16.334251948875742,16.007170514006173,16.056729452913817,33849700
2025-11-06,16.185577392578125,16.45318996609819,16.076549627704015,16.304516944302613,22594000
2025-11-07,16.363988876342773,16.3739006650717,15.997260255293996,16.205404037640708,24987500
2025-11-10,16.413541793823242,16.591950165030003,16.23513342261648,16.363984753145775,20439900
2025-11-11,16.443279266357422,16.57212872297083,16.354075069286537,16.453191053863094,21153000
2025-11-12,16.661333084106445,16.70098023451954,16.423455853068422,16.423455853068422,17015200
2025-11-13,16.502748489379883,16.691068675460315,16.49283670164089,16.532483852596858,20412600
2025-11-14,16.34416389465332,16.522572295485038,16.254959694237463,16.482925143975663,21185500
2025-11-17,16.185577392578125,16.502747009870035,16.036904370782548,16.294605157452235,21384500
2025-11-18,16.007169723510742,16.39372186598005,16.007169723510742,16.20540168839142,28913300
2025-11-19,15.580974578857422,16.18557947595367,15.45212416893721,16.06663990891952,52115200
2025-11-20,15.699912071228027,15.937789297703585,15.630531449816008,15.749470063053787,38325600
2025-11-21,15.531415939331055,15.848585584294412,15.471946158280373,15.838673796579283,44108900
2025-11-24,15.808938980102539,15.878320547119118,15.481857555670356,15.590884382067724,41808700
2025-11-25,15.5908842086792,15.917965629473864,15.561149791854248,15.808938804289,29890700
2025-11-26,15.868409156799316,15.957613355738841,15.630531923120651,15.749470539959983,24983100
2025-11-28,15.977437973022461,16.056730389419183,15.828763983348482,15.957614396303198,6710700
2025-12-01,15.699912071228027,15.898144038531067,15.610707874989673,15.878320463704732,18811800
2025-12-02,15.184510231018066,15.838673066209594,15.16468760174199,15.769292445883238,25697300
2025-12-03,15.095307350158691,15.343096381739025,14.926811678304993,15.23406954813013,32248700
2025-12-04,15.194421768188477,15.29353774865767,14.996190752490136,15.045748742724733,16009900
2025-12-05,15.025925636291504,15.243980232967733,15.025925636291504,15.174599611623508,18867400
2025-12-08,14.807870864868164,15.045749033544165,14.797960022821712,15.045749033544165,20663200
2025-12-09,14.857429504394531,14.986279909021661,14.778137093122467,14.867341292113565,19074500
2025-12-10,14.946633338928223,15.025925748266827,14.698844323435063,14.857429142112272,24207800
2025-12-11,14.698843955993652,15.06557157632727,14.619551548637197,14.96645653975173,23973500
2025-12-12,15.025925636291504,15.184510453786917,14.817782827018755,14.857429031392607,23226500
2025-12-15,15.224156379699707,15.283626157792776,14.986279157807537,15.065571565104927,25631000
2025-12-16,15.134953498840332,15.253892112681662,15.075483719299628,15.184510545677494,27436700
2025-12-17,15.541327476501465,15.670177879000631,15.134953639133366,15.134953639133366,23197600
2025-12-18,15.68008804321289,15.719734246479621,15.511591443019272,15.561149433412698,23717900
2025-12-19,15.5908842086792,15.848585008468955,15.580973366564262,15.690000191749126,30608700
2025-12-22,15.83867359161377,15.858497166787497,15.382742705499115,15.511592163167984,16888700
2025-12-23,15.719734191894531,15.82876195942949,15.640441785636403,15.82876195942949,16614900
2025-12-24,15.68008804321289,15.769292236873047,15.64044183994616,15.759380449746354,8307400
2025-12-26,15.630531311035156,15.709823719156319,15.571061532324252,15.699911931831156,8385700
2025-12-29,15.84858512878418,15.927877537746046,15.630531476759085,15.670177681240018,9680500
2025-12-30,15.937788009643555,15.997256838836256,15.82876119263027,15.888230967062968,8731700
2025-12-31,15.977560043334961,16.057099782522844,15.927848417483895,15.957674634443748,8677900
2026-01-02,16.176408767700195,16.285774713221308,15.808536324465226,16.096869036240847,16112900
2026-01-05,16.037212371826172,16.176408320312905,15.649456428733034,16.136637507494772,23071300
2026-01-06,16.057098388671875,16.057098388671875,15.778709325680094,16.007386767136072,20980200
2026-01-07,15.420781135559082,16.176409570092414,15.341241400154356,16.10681253866039,25686500
2026-01-08,15.629573822021484,15.649458282597735,15.371069197210863,15.430724475316575,24692700
2026-01-09,15.758825302124023,15.927847474943405,15.629572996545178,15.689227323311767,10633800
2026-01-12,15.609686851501465,15.788651719724617,15.540089824165076,15.689226582225448,13628200
2026-01-13,15.639514923095703,15.69917019870253,15.311413277729251,15.65940033102746,26858000
2026-01-14,15.619629859924316,15.878134463919778,15.57985999378566,15.57985999378566,17818200
2026-01-15,15.689227104187012,15.878134682082482,15.559974800413377,15.80853670424227,24230600
2026-01-16,15.5202054977417,15.689227674342787,15.390953189270961,15.659400510292139,15374800
2026-01-20,15.162276268005371,15.659400080071121,15.152333564198834,15.599744805420324,27144100
2026-01-21,15.082736015319824,15.46055021328151,14.963426418309039,15.46055021328151,25331300
2026-01-22,15.013139724731445,15.291528798094822,14.913714581578878,15.152333787318916,35525700
2026-01-23,14.864001274108887,15.072793305841557,14.685037352758304,15.052908847108556,30237000
2026-01-26,15.102621078491211,15.192103516877626,14.844117415382984,14.893829038319055,18885600
2026-01-27,15.082736015319824,15.221931019259937,14.973369121773702,15.052908853114225,18947900
2026-01-28,14.844117164611816,15.112563527047593,14.784461890632526,15.06285095676292,18603600
2026-01-29,15.072793960571289,15.082736664463875,14.814289348494642,14.923657194936226,29697500
2026-01-30,15.331298828125,15.331298828125,15.003197179709709,15.13244948790186,26570800
2026-02-02,14.993254661560059,15.341241722406748,14.983311957378506,15.341241722406748,24311000
2026-02-03,15.251758575439453,15.321355605113101,14.943541397391956,14.953484101113453,22016900
2026-02-04,16.136638641357422,16.146581345260593,15.371068456393493,15.381011160296664,34107300
2026-02-05,16.186351776123047,16.226120694413556,15.917904466249036,16.206235287079892,18050800
2026-02-06,16.305660247802734,16.38519997988463,15.987501319475157,16.34543106203208,15432900
2026-02-09,16.255949020385742,16.275834427982375,15.977559003163416,16.19629469397269,13487800
2026-02-10,16.653648376464844,16.693419193296428,16.206236168994124,16.325546723111955,16598400
2026-02-11,17.00163459777832,17.051346219983447,16.584050523574053,16.703359175417084,23676200
2026-02-12,17.458988189697266,17.787089838091923,17.00163518130703,17.14082924536025,42926300
2026-02-13,18.055538177490234,18.095308995965294,17.588242438670306,17.74732191981654,30417200
2026-02-17,17.91634178161621,18.27426961957918,17.806973941373126,18.194729889323323,25974700
2026-02-18,17.777145385742188,17.966052951505525,17.5683543101959,17.936226738642745,18459600
2026-02-19,17.995882034301758,18.115190684960755,17.717492022136085,17.77714634746558,20976100
2026-02-20,18.25438690185547,18.284213116760917,17.92628526325766,18.11519094558163,17149500
2026-02-23,18.373695373535156,18.453235106462184,18.24444401867004,18.34386915892303,14152900
2026-02-24,18.55265998840332,18.602371609649264,18.284212682370928,18.413465931813246,11934700
2026-02-25,18.5427188873291,18.64214403479004,18.224559932555664,18.55266159171289,13712500
2026-02-26,18.771394729614258,18.771394729614258,18.493006602303645,18.61231525790051,19459200
2026-02-27,18.890705108642578,18.980187547709455,18.671971311132918,18.77139455776112,26572900
2026-03-02,19.000072479248047,19.04978410131586,18.68191354670966,18.87081922766881,18103200
2026-03-03,18.81116485595703,19.01001513649615,18.41346619125561,18.681913501070376,18532800
2026-03-04,18.771394729614258,18.900647985617233,18.721683105845045,18.890705281588012,19682300
2026-03-05,18.02570915222168,18.59243190857473,17.86662967911879,18.4930067637912,38296500
2026-03-06,18.075422286987305,18.1052485023219,17.82686037852241,17.946169032614517,23307900
2026-03-09,18.065479278564453,18.532774975905856,17.81691737428942,18.453235242392918,21484900
2026-03-10,18.115190505981445,18.294155376578566,17.836802392943074,18.015767263540194,18104000
2026-03-11,18.03565216064453,18.274271374324968,17.975997831318654,18.045594864928333,21466400
2026-03-12,17.966053009033203,18.154960575401425,17.896455983628258,17.9958811183682,23202200
2026-03-13,18.03565216064453,18.304099487176373,18.005825944170063,18.16490541995702,19011500
2026-03-16,18.343870162963867,18.433352604451645,18.125134463159554,18.284213937720732,24283000
2026-03-17,18.25438690185547,18.642142866641013,18.21461608681242,18.572545836692516,26443800
2026-03-18,18.065479278564453,18.363752805143758,18.02570846361957,18.33392659031193,31449200
2026-03-19,18.085365295410156,18.234502063724864,17.88651500673928,18.015768263288418,21381100
2026-03-20,17.220369338989258,18.19473160034617,17.190543122573942,18.13507727113861,46476700
2026-03-23,17.28996467590332,17.468929542342224,16.902208729536856,16.99169116275631,40325000
2026-03-24,17.240253448486328,17.49875805074369,17.09111668851622,17.17065642025873,21583500
2026-03-25,17.339677810668945,17.528583479861425,17.319792404529725,17.409274835779513,15541100
2026-03-26,17.270082473754883,17.439104649707215,17.160714625674878,17.319794097585675,18870900
2026-03-27,17.071231842041016,17.42916159482377,17.001634811528113,17.27008212611518,18507700
2026-03-30,17.37944793701172,17.518643893304255,17.250196580858116,17.36950523324962,17228400
2026-03-31,17.51904296875,17.538985420943646,17.269768021780155,17.51904296875,28554600
2026-04-01,17.69852066040039,17.748374887449426,17.3894202686993,17.489130624614223,15616600
2026-04-02,17.718463897705078,17.788260579395732,17.53898562946229,17.638695989799054,14316300
2026-04-06,17.61875343322754,17.748375569627306,17.55892797810587,17.628724659383973,13202200
2026-04-07,17.568899154663086,17.618753383487576,17.359507209603,17.519043024021673,18670200
2026-04-08,18.3366641998291,18.3566066517066,17.558927594775476,17.6586360505292,28114200
2026-04-09,18.57596778869629,18.865127633473584,18.236955618203105,18.266867393996016,17568400
2026-04-10,18.486230850219727,18.695620891330513,18.45631717213951,18.5061714004563,10854300
2026-04-13,17.688549041748047,18.4363738417748,17.269767077660394,18.376548390281364,36562600
2026-04-14,17.509071350097656,17.77828874322526,17.449245896674924,17.638695384633262,26618500
2026-04-15,17.339563369750977,17.449244946567912,17.13017334326421,17.399390721733,30892500
2026-04-16,17.319623947143555,17.43927485525455,17.17005745927947,17.399391853156516,22929900
2026-04-17,17.209941864013672,17.289709767712935,16.97063815291588,17.189999412634645,22134000
2026-04-20,17.299680709838867,17.499099514909883,17.13017367952926,17.18002790534281,19815800
2026-04-21,16.930753707885742,17.50907150079461,16.910811255967566,17.359506915042072,23005800
2026-04-22,16.831043243408203,17.259796447846373,16.771217789849842,17.170057316600392,25739800
2026-04-23,16.78118896484375,17.180028490384508,16.631624380493076,16.890870547548786,34793500
2026-04-24,16.561826705932617,16.990579883303432,16.482058805618287,16.870927081923558,21737500
2026-04-27,16.342464447021484,16.771217647828916,16.33249322121005,16.7213634205886,23772500
2026-04-28,16.21284294128418,16.541885798502513,16.15301748592183,16.462117890747066,23821000
2026-04-29,16.32252311706543,16.44217401745011,16.05330573847474,16.063276963809592,20060700
2026-04-30,16.57179832458496,16.62165255028359,16.232784264747252,16.39232006916302,26895800
2026-05-01,16.402292251586914,16.70142142686368,16.382349799417288,16.611682293917266,13116700
2026-05-04,16.162986755371094,16.36240747499044,16.02339339272771,16.252725889018105,15006500
2026-05-05,16.282638549804688,16.47208803142036,16.153016421425637,16.182928196227135,10864400
2026-05-06,16.153017044067383,16.372378308940153,15.953596329225313,16.35243585709257,17553900
2026-05-07,16.14304542541504,16.262696329955904,15.963567166786905,16.08321807132777,26315500
2026-05-08,16.023393630981445,16.31255348854736,16.003451178359597,16.192900674633233,15330300
2026-05-11,16.162986755371094,16.292610793668747,16.06327829737835,16.11313252637472,21682600
2026-05-12,16.761245727539062,16.870927305103493,16.1530161927775,16.162985516359008,31171500
2026-05-13,16.551856994628906,16.621653676061005,16.45214663466151,16.57179944698577,16035200
2026-05-14,16.761245727539062,16.761245727539062,16.452145347459137,16.561826925023567,19959200
2026-05-15,16.08321762084961,16.64159483245673,16.08321762084961,16.611681156250953,16536400
2026-05-18,15.804031372070312,16.39232037501106,15.235683869599404,16.172957213483897,42156800
2026-05-19,16.362407684326172,16.38235013690663,15.804032324792015,15.953596915511545,21813300
2026-05-20,16.262697219848633,16.4720891669783,16.113132630079978,16.36240758030005,11929000
2026-05-21,16.39232063293457,16.482059763731886,16.08321833715854,16.182928693801877,14679200
2026-05-22,16.442174911499023,16.502000364944394,16.162986292392507,16.37237823217661,14143400
2026-05-26,16.372377395629883,16.701420225492285,16.3424637195272,16.492030198223837,14421600
2026-05-27,16.482059478759766,16.651566511577627,16.282638768921046,16.452145801738908,12339800
2026-05-28,16.242755889892578,16.57179873232308,16.232784664144155,16.47208837665572,15027800
2026-05-29,16.29261016845703,16.332493169760276,16.053306455187002,16.262696491116955,24753800
2026-06-01,16.103160858154297,16.342464574038083,16.083218406376428,16.083218406376428,12793700
2026-06-02,16.521942138671875,16.661535491588072,16.1530163054457,16.18292808003243,16146300
2026-06-03,16.801132202148438,17.02049347599835,16.561828475634815,16.571799701966672,35094200
2026-06-04,16.771217346191406,17.010521055911298,16.561827313367807,16.940724378303432,21495100
2026-06-05,17.06037712097168,17.199970475671105,16.781188509756007,16.811102186541664,14408100
2026-06-08,16.43220329284668,17.080317744827596,16.352435389553904,17.080317744827596,16705300
2026-06-09,16.53191375732422,16.741305693495352,16.37237794967804,16.502000080209243,14630000
2026-06-10,16.671506881713867,16.801130912259264,16.53191352741896,16.79115968669294,12583300
2026-06-11,16.74130630493164,16.88089966626615,16.62165349391855,16.71139262672414,13913900
2026-06-12,16.900840759277344,16.980608659599014,16.771216732619155,16.81110163368837,9427400
2026-06-15,16.53191375732422,16.920782050734672,16.30258127155994,16.661535887855422,21604100
2026-06-16,16.691450119018555,16.920782612395186,16.54188553211279,16.561827984184735,12306700
2026-06-17,16.39232063293457,16.711392252739753,16.302581502137254,16.711392252739753,26095500
2026-06-18,16.43220329284668,16.651566453264437,16.352435389553904,16.402291517747408,34681400
2026-06-22,16.581768035888672,16.631624164569544,16.4122610020074,16.43220345347975,18658600
2026-06-23,16.721363067626953,16.870927648007694,16.53191358484238,16.621652713434187,29572300
2026-06-24,17.070348739624023,17.08031806363197,16.870928026761476,16.90084170423592,22711400
2026-06-25,17.03046417236328,17.27973911745163,16.890870811695216,17.18002875905291,20419800
2026-06-26,17.329593658447266,17.35950733705173,17.10026116126384,17.140146066069793,23426800
2026-06-29,17.190000534057617,17.389421257223795,17.13017507783455,17.319624574660722,11258400
2026-06-30,16.81999969482422,17.1299991607666,16.809999465942383,17.100000381469727,17780000
2026-07-01,16.56999969482422,16.809999465942383,16.530000686645508,16.799999237060547,16489700
2026-07-02,17.049999237060547,17.100000381469727,16.649999618530273,16.790000915527344,12403100
2026-07-06,16.81999969482422,17.190000534057617,16.760000228881836,17.110000610351562,17733000
2026-07-07,17.18000030517578,17.389999389648438,16.850000381469727,16.90999984741211,17839400
2026-07-08,17.049999237060547,17.239999771118164,16.959999084472656,17.209999084472656,11582900
2026-07-09,17.18000030517578,17.239999771118164,16.989999771118164,17.079999923706055,10685400
2026-07-10,17.170000076293945,17.25,17.020000457763672,17.190000534057617,9755000
2026-07-13,17.3700008392334,17.559999465942383,17.190000534057617,17.200000762939453,8882300
2026-07-14,17.440000534057617,17.809999465942383,17.299999237060547,17.600000381469727,14800200
2026-07-15,17.510000228881836,17.559999465942383,17.290000915527344,17.43000030517578,17284600
2026-07-16,17.530000686645508,17.690000534057617,17.3700008392334,17.559999465942383,15593700
2026-07-17,17.31999969482422,17.850000381469727,17.270000457763672,17.709999084472656,14095700
2026-07-20,17.43000030517578,17.489999771118164,17.290000915527344,17.3700008392334,10736000
2026-07-21,17.489999771118164,17.610000610351562,17.280000686645508,17.420000076293945,16651400
2026-07-22,18.110000610351562,18.110000610351562,17.5,17.600000381469727,22972400
2026-07-23,17.540000915527344,17.989999771118164,17.459999084472656,17.809999465942383,38979800
2026-07-24,17.850000381469727,17.979999542236328,17.520000457763672,17.65999984741211,32825200
2026-07-27,17.600000381469727,17.989999771118164,17.5,17.770000457763672,15768700
2026-07-28,17.780000686645508,18.440000534057617,17.719999313354492,17.760000228881836,23834000
2026-07-29,17.709999084472656,17.93000030517578,17.6299991607666,17.899999618530273,24371600
2026-07-30,17.780000686645508,17.829999923706055,17.34000015258789,17.65999984741211,36486900
2026-07-31,17.3799991607666,17.790000915527344,17.3700008392334,17.700000762939453,28540700
2026-08-03,17.43000030517578,17.510000228881836,16.950000762939453,17.420000076293945,39509100
2026-08-04,17.450000762939453,17.649999618530273,17.139999389648438,17.270000457763672,41402200
2026-08-05,17.200000762939453,17.600000381469727,16.989999771118164,17.360000610351562,27408200
2026-08-06,17.0,17.459999084472656,16.940000534057617,17.3799991607666,20538800
2026-08-07,17.459999084472656,17.600000381469727,16.8799991607666,16.940000534057617,28791800
2026-08-10,17.040000915527344,17.440000534057617,17.020000457763672,17.3799991607666,17073372
