Date,Close,High,Low,Open,Volume
2016-08-11,186.2489471435547,186.49598024514216,185.65268051536748,185.91674052230485,72504300
2016-08-12,186.08714294433594,186.30009627357856,185.68678964554863,185.942323242528,61313500
2016-08-15,186.62376403808594,186.9730105941644,186.4448905321406,186.4534039855917,49813500
2016-08-16,185.66116333007812,186.274456719474,185.66116333007812,186.20632311881246,53213600
2016-08-17,186.01048278808594,186.14677604770182,184.86054252888354,185.69531599815977,75134300
2016-08-18,186.42782592773438,186.46189273466416,185.87415258107467,185.98487945182433,52989300
2016-08-19,186.1552734375,186.3341599500134,185.47383319350868,185.95936001723447,75443000
2016-08-22,186.14675903320312,186.37675226307763,185.5504923239354,185.91676580332864,61368800
2016-08-23,186.52157592773438,187.0582225137017,186.4619427525644,186.76008263313307,53399200
2016-08-24,185.56752014160156,186.4704400993404,185.15012697348288,186.3767401227276,71728900
2016-08-25,185.4397430419922,185.85713621615523,185.03087631886928,185.18419646592582,69224800
2016-08-26,185.0904998779297,186.64931972308202,184.2046197953318,185.62714639773398,122506300
2016-08-29,186.001953125,186.26601316896983,185.18420663620492,185.21828644695944,70502200
2016-08-30,185.6952667236328,186.19783336276384,185.14159337511722,185.9167334635116,58114500
2016-08-31,185.16712951660156,185.48229619359975,184.39197650262852,185.3630428835759,85269500
2016-09-01,185.17564392089844,185.46525724706987,184.01717761857662,185.1586040200542,97844200
2016-09-02,186.01048278808594,186.4363894761551,185.43976938579013,186.0275226949481,79293900
2016-09-06,186.5726318359375,186.64929189944218,185.57601201746544,186.29153193878327,56702100
2016-09-07,186.55555725097656,186.7344436968676,185.95077731002553,186.41075060317652,76554900
2016-09-08,186.1297149658203,186.4960014346624,185.82306166539124,186.22341494644138,74102900
2016-09-09,181.67474365234375,184.86904359887217,181.64919029258272,184.81793687935007,221589100
2016-09-12,184.28128051757812,184.68163379603857,180.8484740642897,180.91662068590415,168110900
2016-09-13,181.63211059570312,183.26759025031527,181.01029064834364,183.0035302588737,182828800
2016-09-14,181.56396484375,182.88427780483661,181.0102915040864,181.6832181629531,134185500
2016-09-15,183.37840270996094,183.76171617178238,181.22331567151642,181.40220221910886,134427900
2016-09-16,182.66946411132812,182.94342749776695,181.9845817718176,182.76363739250482,155236400
2016-09-19,182.7037353515625,183.96222703135763,182.3784070616497,183.32013997282112,80250500
2016-09-20,182.7122802734375,183.7139344539165,182.67804138032696,183.55983983997842,69665300
2016-09-21,184.76698303222656,184.94676009783961,182.7294225333122,183.41431802619306,110284400
2016-09-22,185.93128967285156,186.23093553533752,185.52892712117182,185.77719504411826,76678700
2016-09-23,184.91249084472656,185.67443352635397,184.81831756662461,185.537451837607,73630900
2016-09-26,183.41432189941406,184.2618684960777,183.21740578661957,184.08209142666828,89827300
2016-09-27,184.5529327392578,184.6470929586741,182.88349608546716,183.25163275907568,78494800
2016-09-28,185.46897888183594,185.62308656236328,183.8166811905737,184.77552697769812,87411000
2016-09-29,183.79100036621094,185.6658967386846,183.24308657792002,185.26352112161058,128070600
2016-09-30,185.1779022216797,185.87991058216204,184.37315105327025,184.62141895723138,117202900
2016-10-03,184.73272705078125,184.95531252922103,184.09919644758304,184.7669790094918,83512100
2016-10-04,183.79100036621094,185.0666180738813,183.20029122302313,184.84403258789584,119948100
2016-10-05,184.6042938232422,185.0323518152725,184.34745641536537,184.4159472616854,72816000
2016-10-06,184.73272705078125,184.95531252922103,183.8423720737274,184.38171632211893,62927400
2016-10-07,184.09922790527344,185.17794271296975,183.37153694951482,185.00672208004403,89788300
2016-10-10,185.05804443359375,185.52034134257795,184.91250627588957,185.05804443359375,51855000
2016-10-11,182.72084045410156,184.6984794829944,181.99314965685426,184.62998863208392,130367400
2016-10-12,182.9606170654297,183.48284852195496,182.36132521512693,182.85787422815898,73866100
2016-10-13,182.3612823486328,182.85783124494432,180.82028384808063,181.63359151521533,101357000
2016-10-14,182.4554443359375,183.79955277491104,182.37839702834248,183.3372428027531,93346200
2016-10-17,181.8219451904297,182.686617766202,181.642155057929,182.42978031832754,58275700
2016-10-18,182.9606170654297,183.474278998592,182.58392380979862,183.41435765154043,76869700
2016-10-19,183.4485321044922,183.75673438142863,182.86637950544184,183.2259466513188,66519200
2016-10-20,183.10610961914062,183.6625798404998,182.44689658612387,183.097540097914,73639800
2016-10-21,183.19174194335938,183.27735878920382,182.14727912788103,183.10613816081155,89089100
2016-10-24,183.97079467773438,184.33893140659717,183.6197839291966,184.06496797457876,60146600
2016-10-25,183.3544158935547,184.0478679666784,183.19175171575088,183.7910304787407,66542300
2016-10-26,182.9862518310547,183.56840448294915,182.29278684752947,182.532511363168,75705500
2016-10-27,182.4983367919922,183.7397029958702,182.4212894489163,183.70546408671422,77220200
2016-10-28,181.95889282226562,183.1488935654366,181.24832802261642,182.4725676586778,140623200
2016-10-31,181.96746826171875,182.51538200884306,181.80480412278754,182.292783476287,61272500
2016-11-01,180.64906311035156,182.34418248355638,179.44194927362747,182.29280454167187,122781800
2016-11-02,179.561767578125,180.72608581549633,179.12514007455266,180.34082317980477,103330800
2016-11-03,178.7399139404297,179.98984916370236,178.4659635880447,179.77582014393815,88939300
2016-11-04,178.5430145263672,179.69020696041335,178.39747635756683,178.85121684361937,109122100
2016-11-07,182.48110961914062,182.51536157260367,178.54298408491587,178.54298408491587,109794900
2016-11-08,183.3030242919922,183.8680640704405,181.82194705147958,182.08734096045808,106772100
2016-11-09,185.24639892578125,185.86280353964403,181.78768269651837,181.81336513348813,258429000
2016-11-10,185.70870971679688,186.8987106173026,184.2533149055971,186.03403802709047,172113300
2016-11-11,185.28062438964844,185.52033582618566,184.338904621336,184.98954808289514,100552700
2016-11-14,185.42611694335938,186.00828247699437,184.68130038180362,185.80280998336607,94580000
2016-11-15,186.87298583984375,186.87298583984375,185.60593790974423,185.81139737428916,91652600
2016-11-16,186.52203369140625,186.7531887248366,186.13678401122007,186.25663975757348,65617700
2016-11-17,187.4808349609375,187.54075628400358,186.56478463203283,186.67608388481742,69797200
2016-11-18,187.06134033203125,187.72055328977922,186.88155022962977,187.54933270762592,86265800
2016-11-21,188.4739532470703,188.49963568487826,187.4894249623122,187.63496313098892,72402600
2016-11-22,188.8421173095703,189.02189440026163,188.11441329750448,188.78218290380866,67429000
2016-11-23,188.94479370117188,188.9961585697166,188.13148613486294,188.3283891520488,56620200
2016-11-25,189.64682006835938,189.68105896052663,189.2101925476429,189.28725291578274,37872300
2016-11-28,188.75643920898438,189.61255515086893,188.65370947621184,189.338604842378,76572500
2016-11-29,189.12460327148438,189.5783437413918,188.49107267987097,188.7907185282828,69886700
2016-11-30,188.6708526611328,189.9036618200159,188.61091826935393,189.7409976860947,113291800
2016-12-01,187.97738647460938,188.97047105412133,187.6178062778789,188.97047105412133,79040500
2016-12-02,188.07154846191406,188.55954083115392,187.71198132508658,188.06299200507038,74840300
2016-12-05,189.20164489746094,189.5440860882473,188.70509602651484,188.9019990580523,67837800
2016-12-06,189.8009490966797,189.83520105835166,188.91059404264573,189.39001699968676,59877400
2016-12-07,192.2836456298828,192.3435669528581,189.52695125399703,189.6468069632402,110738100
2016-12-08,192.75453186035156,193.22539832109896,191.99258906506745,192.2579960253395,99714400
2016-12-09,193.91885375976562,193.93597973954576,192.94288192501824,192.9771338845785,88005800
2016-12-12,193.69622802734375,194.3040760819301,193.276726521317,193.82464019077423,102016100
2016-12-13,194.98895263671875,195.48550142620047,194.33830925565232,194.35543523137014,110477500
2016-12-14,193.3794708251953,195.3913354266373,192.942843339538,194.68932715558245,142501800
2016-12-15,194.17568969726562,195.0318057935021,193.38806445632346,193.61921946002988,124972600
2016-12-16,193.79591369628906,194.691529641135,193.4772879233699,194.63124198664173,156420200
2016-12-19,194.21788024902344,194.63985439307436,193.83035994627357,193.97675592107728,90341100
2016-12-20,194.9671173095703,195.1135264473923,194.51932242546528,194.75182675903397,89838800
2016-12-21,194.42454528808594,195.0101291313163,194.42454528808594,194.8378993621479,67909000
2016-12-22,194.0886688232422,194.39868762581972,193.69252857650352,194.27812548816664,56219100
2016-12-23,194.37286376953125,194.38147065827292,193.9422828072615,194.13172634159508,36697800
2016-12-27,194.85516357421875,195.2512908050914,194.62264611418124,194.63987303648184,42672500
2016-12-28,193.24478149414062,195.13072870792,193.13283934987078,195.1135149259041,64095000
2016-12-29,193.2017364501953,193.66675823630646,192.76253533744898,193.31367859594346,48696100
2016-12-30,192.4955291748047,193.61504233520182,191.80659698838423,193.52892088429107,108998300
2017-01-03,193.96815490722656,194.476237389342,192.79697393302524,193.79591197608372,91366500
2017-01-04,195.1221160888672,195.26851207345445,194.28678777541126,194.29539466616654,78744400
2017-01-05,194.9671173095703,195.1221333389085,194.17484966043173,194.85517515869023,78379000
2017-01-06,195.66464233398438,196.12966407630134,194.5365089692909,195.07904528556946,71559900
2017-01-09,195.01878356933594,195.54409299917106,194.98432972524992,195.4063039034097,46939700
2017-01-10,195.01878356933594,195.87132567623993,194.63125009497077,195.03599735108756,63771900
2017-01-11,195.5699005126953,195.5699005126953,194.2695374492885,194.9326358857143,74650000
2017-01-12,195.0790252685547,195.268481958282,193.7270077721798,195.0531914599818,72113200
2017-01-13,195.52687072753906,195.82826959885762,195.21685182484828,195.25129252946203,62717900
2017-01-17,194.837890625,195.29430540595925,194.4503703766765,194.88955823940466,61240800
2017-01-18,195.2684783935547,195.31153912048646,194.53648545658123,195.08762859655678,54793300
2017-01-19,194.54510498046875,195.4837683798126,194.114523992848,195.3459793101046,66608800
2017-01-20,195.25990295410156,195.75075852737518,194.59680444535826,195.2254491108912,129168600
2017-01-23,194.7517852783203,195.32015536434764,193.9939716372401,195.25988085598757,75061600
2017-01-24,196.00047302246094,196.41382709593856,194.8551260056911,194.9670681283333,95555300
2017-01-25,197.69696044921875,197.69696044921875,196.78411771999484,196.94774059731128,84437700
2017-01-26,197.4902801513672,197.81752591147847,197.2147020080547,197.55055465753608,59970700
2017-01-27,197.1802978515625,197.71421417781394,196.99944801896262,197.56781818965763,59711100
2017-01-30,195.95742797851562,196.5171780573932,194.97570376275382,196.4913442470013,79737300
2017-01-31,195.94020080566406,196.0004884566942,194.89820208042732,195.4665590486064,75880800
2017-02-01,196.01768493652344,196.8530131051667,195.43210109969132,195.94018351228783,79117700
2017-02-02,196.1468963623047,196.43108143382898,195.32879499049955,196.01771416236227,69657600
2017-02-03,197.49891662597656,197.67976645215273,196.74110289892536,197.05112178644802,80563200
2017-02-06,197.14584350585938,197.49031624796152,196.809990794992,197.09417587961693,57790100
2017-02-07,197.15444946289062,197.7744872141205,196.964992753332,197.53336288200782,57931200
2017-02-08,197.41281127929688,197.54198034259372,196.61192366598257,197.1544600124119,51566200
2017-02-09,198.58396911621094,198.88536794214565,197.41278823132038,197.41278823132038,65955200
2017-02-10,199.3675994873047,199.5915100054071,198.60116587290565,198.92841162072386,66015900
2017-02-13,200.45272827148438,200.71107955863835,199.83269043843177,199.85852425311793,55182100
2017-02-14,201.25355529785156,201.2621753275736,199.92737160929255,200.27183115065384,71109000
2017-02-15,202.3041534423828,202.49361011298362,200.98657677702403,201.0382443889537,86785800
2017-02-16,202.13192749023438,202.51084083856136,201.38272082258933,202.3299910531187,84722400
2017-02-17,202.4506072998047,202.4506072998047,201.45165604912492,201.46888297145847,77204100
2017-02-21,203.65621948242188,203.8284492656725,202.81227120600053,202.82089123635168,88946100
2017-02-22,203.4753875732422,203.6992849971404,203.08786724175664,203.251490149344,62115200
2017-02-23,203.61317443847656,204.00930165644274,202.8553475654405,203.9920878749946,74615900
2017-02-24,203.87149047851562,203.91453806498942,202.72614347613032,202.769204202893,82381600
2017-02-27,204.19017028808594,204.36240010046646,203.53569174492293,203.78542300183085,56515400
2017-02-28,203.638916015625,204.05226996810777,203.25139586390455,203.81114573413572,96961900
2017-03-01,206.48944091796875,206.95447579618843,205.27519924075014,205.29242616150023,149158200
2017-03-02,205.1890411376953,206.3085541896246,205.13737352827027,206.29993416119558,70246000
2017-03-03,205.31826782226562,205.4818907249212,204.7240638664285,205.10297729567483,81974300
2017-03-06,204.70684814453125,205.0599146181717,204.10402416355956,204.52599832218158,55391500
2017-03-07,204.09544372558594,204.75854230642355,203.88876006472563,204.40546264673017,65103700
2017-03-08,203.7165069580078,204.64656361509844,203.5787178665223,204.38821235363588,78168800
2017-03-09,203.974853515625,204.30209931528373,203.01035617805067,203.83706442731702,90683900
2017-03-10,204.68963623046875,204.97382132054474,203.74235259688214,204.93076058441957,81991700
2017-03-13,204.79295349121094,204.83601422355267,204.30209793532902,204.62933059248675,57256800
2017-03-14,204.00927734375,204.3020824172589,203.39785966792678,204.25040165819996,59880800
2017-03-15,205.774658203125,206.1966323155387,204.34512612298658,204.5776435433198,96081800
2017-03-16,205.369873046875,205.9899106262883,205.04264048128076,205.91240921393336,78344000
2017-03-17,205.00921630859375,205.82223223414456,205.00921630859375,205.63195134954955,89002100
2017-03-20,204.78440856933594,205.2947014651116,204.3952023470911,205.00928004947667,52537000
2017-03-21,202.15505981445312,205.51090901439778,202.02532881856098,205.38982235241298,131809300
2017-03-22,202.6308135986328,202.91623505955164,201.5669795697242,202.18971490309988,97569200
2017-03-23,202.4145050048828,203.54753285927518,202.04260074013908,202.63073209762806,100410300
2017-03-24,202.26751708984375,203.2881028594989,201.48910466205444,202.7172732379335,112504900
2017-03-27,202.05992126464844,202.31939645634566,200.321459915953,200.59822377562864,87454500
2017-03-28,203.53028869628906,203.95408544436285,201.6447811726046,201.75722350860326,93483900
2017-03-29,203.72056579589844,203.9540948131394,203.01999194163344,203.24487662396098,61950400
2017-03-30,204.36923217773438,204.56817064319617,203.48703497312647,203.66001404084622,56737900
2017-03-31,203.8935089111328,204.55947887025005,203.84160332179414,204.03188422367182,73733100
2017-04-03,203.53892517089844,204.1443585000938,202.31075664668595,203.94543323424176,85546500
2017-04-04,203.6686553955078,203.75515152683073,202.8729411376724,203.25350299956253,56466200
2017-04-05,203.06326293945312,205.32067516778423,202.85568010097163,204.34332411644053,108800600
2017-04-06,203.63409423828125,204.15303150871202,202.76052805724942,203.20163991419298,69135800
2017-04-07,203.42649841308594,204.11842792690598,202.94215171264923,203.38325034394884,74412300
2017-04-10,203.54754638671875,204.34326055720862,203.0199517174591,203.56484825057547,67615300
2017-04-11,203.305419921875,203.40920473401556,201.8177760263882,203.16703137404872,88045300
2017-04-12,202.4145050048828,203.2188766525714,202.18963357951134,203.02859575515922,81864400
2017-04-13,201.09986877441406,202.81239709117327,201.09986877441406,202.07721959380586,92880400
2017-04-17,202.88160705566406,202.88160705566406,201.4199094790997,201.6188347524172,68405400
2017-04-18,202.27613830566406,202.81239052775499,201.59286642580503,202.14640731501228,83225800
2017-04-19,201.9042510986328,203.2102582391283,201.67936643251812,202.83835390279546,68699900
2017-04-20,203.54754638671875,203.98865813160546,202.1982913499118,202.51830324525685,92572200
2017-04-21,202.89886474609375,203.52159986940245,202.5010142602025,203.46970747536926,110389800
2017-04-24,205.13037109375,205.33795390885047,202.87295911968172,205.1390154286658,119209900
2017-04-25,206.3238983154297,206.6698563911759,205.68386135809914,205.770357475763,76698300
2017-04-26,206.19419860839844,207.17154951947384,206.15096373769677,206.28933907936556,84702500
2017-04-27,206.36715698242188,206.66986701489674,205.83090478075857,206.51418983204485,57410300
2017-04-28,205.9174041748047,206.65256843460105,205.7876599895779,206.6266222370468,63532800
2017-05-01,206.43630981445312,206.8601196389113,206.0211575194953,206.43630981445312,66882500
2017-05-02,206.5142059326172,206.69582932677102,206.1076978824263,206.57474266484968,57375700
2017-05-03,206.26336669921875,206.60933800312412,205.58873915342298,206.51419754423213,73137700
2017-05-04,206.5055389404297,206.6439274612729,205.65793234581244,206.5660888673445,61462700
2017-05-05,207.31857299804688,207.33587486401794,206.43636259791836,206.87747439671105,62001300
2017-05-08,207.28396606445312,207.50883751445906,206.8601561651609,207.3618046589795,48385700
2017-05-09,207.0937042236328,207.7423856326874,206.74773288699615,207.54346036253196,51363200
2017-05-10,207.46559143066406,207.46559143066406,206.8428562736012,207.05043905844082,54293800
2017-05-11,207.0418243408203,207.20615908597674,205.96068859369421,207.0158781386859,62358300
2017-05-12,206.69586181640625,207.0850680625128,206.42774225125416,206.79100229411748,53912700
2017-05-15,207.83753967285156,207.95862634921738,207.10236208226476,207.11966394959072,61918900
2017-05-16,207.647216796875,208.15750960156078,207.25801064410544,208.13156340453983,51241800
2017-05-17,203.9626922607422,207.6471970595044,203.90214234181187,207.6471970595044,172174100
2017-05-18,204.78440856933594,205.63201528405148,203.6254210398754,203.88489625385785,107047700
2017-05-19,206.1163330078125,206.7823162173544,205.21683401621968,205.268726412231,115011400
2017-05-22,207.16290283203125,207.32723757069516,206.5574694770516,206.62665054837157,61010600
2017-05-23,207.6212921142578,207.78562684405628,207.15423412457204,207.53479598358814,48341700
2017-05-24,208.10562133789062,208.2094061280343,207.51747673301352,207.85480369589155,46927700
2017-05-25,209.10028076171875,209.37705782517145,208.4083644980005,208.61593409813327,64071700
2017-05-26,209.0570068359375,209.22132833952406,208.8321222145324,208.90996080003987,46629900
2017-05-30,208.87538146972656,209.12619910229242,208.5813157770756,208.7369929564361,35201900
2017-05-31,208.8235321044922,209.2040939957279,208.13160259292346,209.1694902615477,91796000
2017-06-01,210.4840850830078,210.50138694434958,208.9964417464966,209.2818630700956,68962000
2017-06-02,211.1847686767578,211.34045911500695,210.24202130319773,210.53608711188357,88666100
2017-06-05,211.02903747558594,211.29715700891515,210.83009901105527,211.01173560965785,44698800
2017-06-06,210.3544464111328,211.02041659427644,210.2765945996635,210.46687556555,50375400
2017-06-07,210.7435760498047,210.96844747433232,210.02570052088976,210.69168365933325,54144300
2017-06-08,210.8473663330078,211.32306858716709,210.31977168702295,210.83872200018845,65950700
2017-06-09,210.5273895263672,211.91123526293748,209.2646172592581,211.11552099498175,132256400
2017-06-12,210.4840850830078,210.53597746957973,209.63647864160833,210.28515986866427,86108100
2017-06-13,211.5133514404297,211.56524383273413,210.6743892382955,211.02034731862815,60067000
2017-06-14,211.24526977539062,211.79015318961186,210.42359609192093,211.78150885516482,78602300
2017-06-15,210.8387451171875,210.95983177720848,209.61922098575457,209.89598483832128,66464900
2017-06-16,210.88482666015625,211.04996279608503,210.00701378083883,210.99781733459514,84553100
2017-06-19,212.64048767089844,212.70131962832218,211.61491152887774,211.71051597210155,65123800
2017-06-20,211.20635986328125,212.29276764813338,211.18898688722953,212.28408116010755,56906400
2017-06-21,211.1542205810547,211.7104608526788,210.68489823948386,211.59748345778655,55977600
2017-06-22,211.0586395263672,211.65833882940308,210.8848169088331,211.16294370634014,44148100
2017-06-23,211.31069946289062,211.64095846683273,210.7370728734632,211.11949059974816,66986800
2017-06-26,211.4497833251953,212.39714130250758,211.24120144982373,211.97995102812823,56700500
2017-06-27,209.74627685546875,211.52798863761825,209.72889061406468,211.23247558101465,82247700
2017-06-28,211.6236114501953,211.82350682734375,210.52850359751773,210.763171460494,70042600
2017-06-29,209.76365661621094,211.82348188810502,208.55557148137194,211.77133642732028,106949700
2017-06-30,210.15476989746094,210.94567811831612,209.96356102512635,210.57194686354703,86820700
2017-07-03,210.51109313964844,211.52796934909023,210.51109313964844,211.0934061863297,39153800
2017-07-05,210.997802734375,211.20638456590143,210.06783119610182,210.8761255787128,54427600
2017-07-06,209.06832885742188,210.35463203575168,208.88580650381542,210.23295488728553,65400800
2017-07-07,210.42417907714844,210.57192896378987,209.0770305954212,209.64197067450192,57972300
2017-07-10,210.65017700195312,211.02390827791277,210.1200093280225,210.42420889538926,36663300
2017-07-11,210.49368286132812,210.80656883325656,209.32905690096658,210.65011921638546,50354600
2017-07-12,212.07553100585938,212.24066714602068,211.4584586799916,211.4584586799916,59610400
2017-07-13,212.4318389892578,212.54482964689768,211.85821247452137,212.0841937898011,39471600
2017-07-14,213.4226837158203,213.7790287344336,212.33627567991405,212.43188011754648,60262700
2017-07-17,213.3966064453125,213.72687872498506,213.2227838156278,213.34446098258874,33531900
2017-07-18,213.50958251953125,213.56172797868854,212.64914265798896,212.988101404327,42742500
2017-07-19,214.66549682617188,214.67418331440118,213.81374355439402,213.8224433044374,51034300
2017-07-20,214.76112365722656,215.03923718954388,214.21356981991232,214.91756003256464,47135200
2017-07-21,214.56988525390625,214.59595797953887,213.96148629097556,214.18746759554307,82340800
2017-07-24,214.51776123046875,214.65681136046095,214.04842559857326,214.4916752404168,46622300
2017-07-25,215.0392608642578,215.3695331531979,214.81329276550863,215.26522896300702,54915600
2017-07-26,215.04795837402344,215.3608444369954,214.78723103972814,215.32608521302856,47575400
2017-07-27,214.84803771972656,215.54334147361757,213.52696191351524,215.50858225374023,70766600
2017-07-28,214.59596252441406,214.72632615533806,213.91804511998137,214.36998121506053,50088400
2017-07-31,214.474365234375,215.09143766624797,214.26577008541884,214.99583321403708,65838700
2017-08-01,214.95230102539062,215.10873737781307,214.4308199936887,215.07397816454593,55050400
2017-08-02,215.05662536621094,215.1956887645296,214.1266538094975,215.08269809566875,47211200
2017-08-03,214.63938903808594,214.96964794043404,214.36126231841183,214.94357521819109,40856000
2017-08-04,215.0305633544922,215.36082236469053,214.64814562096288,215.1261677878745,60191800
2017-08-07,215.4303436279297,215.4303436279297,214.9957804539439,215.1000846337351,31995000
2017-08-08,214.90017700195312,216.33424343971365,214.52645903629823,215.11745858993362,61719400
2017-08-09,214.89146423339844,214.9436096862463,213.85720187920182,214.2135468227478,62632600
2017-08-10,211.85821533203125,214.18748063761373,211.80606987759083,214.05710373969825,120479500
2017-08-11,212.171142578125,212.76215545427516,211.84957003866828,212.0842378910968,74869900
2017-08-14,214.27439880371094,214.491680385441,213.4139722276217,213.4487314454998,73291900
2017-08-15,214.24832153320312,214.6741981986198,213.94413528231837,214.65681195914163,55242700
2017-08-16,214.6220703125,215.16962417546023,214.19619361221802,214.76982020562247,56715500
2017-08-17,211.27590942382812,214.3265512292941,211.27590942382812,214.01366523031848,128490400
2017-08-18,210.94566345214844,212.23196674420893,210.5024005235471,211.11078631966924,136748000
2017-08-21,211.11077880859375,211.37151935817374,210.18082053799722,210.88481073859253,65469700
2017-08-22,213.31832885742188,213.47476520203688,211.67568092989995,211.69306716657258,63140100
2017-08-23,212.5535125732422,212.9793892079819,212.20586737961136,212.35361724999515,50203800
2017-08-24,212.0581512451172,213.09240050234038,211.8495561386653,212.93596411886358,50741700
2017-08-25,212.5535125732422,213.46609778379067,212.4057627028584,212.8490123140098,64445900
2017-08-28,212.56219482421875,213.1097352960207,212.14500471202982,213.08366257173552,40565600
2017-08-29,212.80557250976562,213.06629978130863,211.13683840100393,211.24982905988216,51135700
2017-08-30,213.8137969970703,214.08323734129397,212.6057117405338,212.78823413348303,62030800
2017-08-31,215.1000518798828,215.34340615931342,213.84850800748916,214.4308209805419,103803900
2017-09-01,215.404296875,215.83017361111806,215.25654696944488,215.47382858264075,62007000
2017-09-05,213.85719299316406,215.12612309426453,212.8924623701218,214.9001417922281,91398800
2017-09-06,214.58729553222656,214.91756779673688,214.00498245551665,214.5351500718967,57916900
2017-09-07,214.5612030029297,214.90886147607426,214.15271258561899,214.89147523696337,58034700
2017-09-08,214.3091583251953,214.76979418966545,214.06580402931732,214.27438584760446,63832800
2017-09-11,216.59498596191406,216.67320415146062,215.56072347185696,215.57809645054567,71364800
2017-09-12,217.32505798339844,217.35981720404104,216.7775041101089,216.96002648847752,56896000
2017-09-13,217.42930603027344,217.46407850587528,216.92521122855646,217.03820188154188,59228000
2017-09-14,217.3597869873047,217.55969557911206,216.93392360000743,217.10774620268882,95446300
2017-09-15,217.6523895263672,217.7397254791433,217.11086130521687,217.21566977959978,95432400
2017-09-18,218.11532592773438,218.46469641738005,217.7310103925462,218.01924704393736,46235200
2017-09-19,218.33367919921875,218.42102848279805,218.01051083970842,218.35988131876667,47108100
2017-09-20,218.4123077392578,218.525859153917,217.41658711242658,218.42105066508134,59574100
2017-09-21,217.82713317871094,218.3424594194711,217.65244789868083,218.25512344327234,48211400
2017-09-22,217.87078857421875,218.03674424025084,217.50394552028905,217.53014764359605,51214000
2017-09-25,217.42529296875,217.96683453307224,216.6828773745145,217.61745072905316,57064400
2017-09-26,217.55633544921875,218.09786373210036,217.32050302734459,217.85330171224217,54082000
2017-09-27,218.40359497070312,218.78791056288938,217.37292921641892,218.2551118242006,81001400
2017-09-28,218.6656494140625,218.7442557938906,218.03677172017154,218.12410769965842,44778800
2017-09-29,219.4342041015625,219.51282378636614,218.47342863829596,218.65684347170293,85578000
2017-10-02,220.38629150390625,220.38629150390625,219.48663643311738,219.66133501937134,59023000
2017-10-03,220.85797119140625,220.88417331715857,220.30769989534207,220.38631960023167,66810200
2017-10-04,221.11996459960938,221.36452661284386,220.59589552688965,220.70944693575927,55953600
2017-10-05,222.43014526367188,222.44760446083976,221.15491750595024,221.4518837893815,63522800
2017-10-06,222.1768341064453,222.4650707832565,221.7226550953771,221.9846763219045,80646000
2017-10-09,221.80999755859375,222.46507729936198,221.54796299676016,222.40394345392528,35803100
2017-10-10,222.3951873779297,222.7707733374642,221.83618656529862,222.3777281817695,43057400
2017-10-11,222.74453735351562,222.74453735351562,222.1331323900897,222.29907469416852,47674300
2017-10-12,222.4126739501953,222.77951700719035,222.17684151083012,222.4301464750898,47065100
2017-10-13,222.68336486816406,222.9628718640161,222.41260079569935,222.84932048099782,54800400
2017-10-16,222.98040771484375,223.17256550864792,222.56990333095123,222.91054426948924,38221700
2017-10-17,223.13766479492188,223.18133945006159,222.7096744987663,222.92803444683133,31561000
2017-10-18,223.35597229003906,223.55685966334508,223.1638145146575,223.51318501846194,40888300
2017-10-19,223.41709899902344,223.45204404486665,222.15935722889787,222.5786044856064,61903800
2017-10-20,224.570068359375,224.5962971394155,223.39967568822829,224.21198153918792,89176400
2017-10-23,223.69659423828125,224.9194309537116,223.61798787604818,224.89322883296725,63915300
2017-10-24,224.0896453857422,224.32546446473933,223.73153197709217,224.12459043068006,66935900
2017-10-25,222.98040771484375,223.8713199108784,221.85367640356625,223.75776848882185,103715300
2017-10-26,223.26864624023438,223.86257882405025,223.14636521841157,223.5918279839053,69798000
2017-10-27,225.09413146972656,225.25137086942868,223.27738867171036,224.01107480102058,85562500
2017-10-30,224.25558471679688,224.99801359997798,223.95861849457592,224.01102273054096,54285700
2017-10-31,224.60501098632812,224.85831595994026,224.308044690315,224.63121311082153,60304800
2017-11-01,224.9019775390625,225.72301298114465,224.53514779573626,225.38238536234172,54202700
2017-11-02,224.98931884765625,225.12907239190451,223.76650865456273,224.8321061061006,56449500
2017-11-03,225.74044799804688,225.7841093106653,224.7359712552437,225.14648888383707,59589700
2017-11-06,226.08982849121094,226.2208390901341,225.53955732047456,225.60942075481384,49652600
2017-11-07,225.93263244628906,226.5265649754122,225.42602255271962,226.19465366347248,57502200
2017-11-08,226.31690979003906,226.41300200160703,225.47841528260687,225.75792233683754,50469600
2017-11-09,225.4959259033203,225.68808369230456,223.91497561583995,225.11161032535176,95085500
2017-11-10,225.42604064941406,225.60073924506818,224.79716302242787,225.1116151635526,59984700
2017-11-13,225.63565063476562,225.86275347101255,224.7098067481224,224.74475179722094,50228600
2017-11-14,225.111572265625,225.21638074093954,224.05469127726758,224.83206522794742,61315200
2017-11-15,223.98486328125,224.66614513383567,223.27737930569037,224.14207601909382,80811500
2017-11-16,225.88894653320312,226.2558028958665,224.8844963178253,224.9281576360003,67777000
2017-11-17,225.22506713867188,225.86268748594506,225.14646079261158,225.53951917816778,75756800
2017-11-20,225.6094512939453,225.80160908346332,225.22513571490924,225.46972440635292,48075500
2017-11-21,227.08554077148438,227.26898226933415,225.57450740471495,226.3780568662347,69176800
2017-11-22,226.8846435546875,227.22527108469816,226.718687924212,227.09426049623252,45033400
2017-11-24,227.4087371826172,227.51357233228404,227.23406524369858,227.37381878799133,27856500
2017-11-27,227.29519653320312,227.74937552896802,227.09429582945995,227.45240926382237,52274900
2017-11-28,229.60105895996094,229.62726108124528,227.66202201913927,227.75811423402223,98971700
2017-11-29,229.46131896972656,230.26489516197006,229.01588288160568,229.73208312406396,77512100
2017-11-30,231.47024536132812,232.37860338664402,230.29983945330548,230.37844582153883,127894400
2017-12-01,230.98980712890625,231.73223604917192,227.75809691018895,231.25185497707815,164390900
2017-12-04,230.71038818359375,233.03371446018812,230.6579572757892,232.60573751269956,94040600
2017-12-05,229.88055419921875,231.59248823067725,229.74954359953608,229.88055419921875,77994500
2017-12-06,229.92420959472656,230.35221308301692,229.46128771759268,229.9766138332505,75898600
2017-12-07,230.64920043945312,230.96362589938755,229.662209431446,230.64920043945312,77218600
2017-12-08,231.90695190429688,231.91566817453804,230.61425172727832,231.60124271960038,76563900
2017-12-11,232.6056671142578,232.6668142754687,231.88072407003264,232.6056671142578,83077500
2017-12-12,233.01622009277344,233.48788494970145,232.6406474545075,233.39179273103937,85195800
2017-12-13,232.99002075195312,233.6975047181604,232.9026714581071,233.26078490419235,102905400
2017-12-14,232.03794860839844,233.40051214201415,231.98554436904854,233.28696073833632,100666700
2017-12-15,233.97021484375,234.43550291442347,232.98696660319516,233.03963870240307,144610300
2017-12-18,235.4539031982422,235.80505949912268,235.26076321403167,235.36610742514497,83653600
2017-12-19,234.54966735839844,235.74360416189214,234.4794200220112,235.6997196702818,82382900
2017-12-20,234.42672729492188,235.56799189149214,234.1282431203036,235.5153197895893,76751500
2017-12-21,234.90957641601562,235.6207034128294,234.66376433012604,235.05004429245363,67032300
2017-12-22,234.84814453125,234.96227635583207,234.31260907548216,234.92715268868957,78720900
2017-12-26,234.56723022460938,234.7867062791785,234.30386967573068,234.44431077412563,45244400
2017-12-27,234.68133544921875,235.04127935287949,234.40918731573265,234.73400755302202,57751000
2017-12-28,235.16416931152344,235.20808059186288,234.79546458911238,235.18174454026212,45116100
2017-12-29,234.27752685546875,235.7611872545007,234.0844136307907,235.74363881357894,96007400
2018-01-02,235.95423889160156,235.98936255180203,234.75151474688784,235.13779463458457,86655700
2018-01-03,237.44676208496094,237.59601759479307,236.12111810246338,236.12111810246338,90070400
2018-01-04,238.44757080078125,238.93043423408284,237.5082335741826,238.0876536192369,80636400
2018-01-05,240.0365447998047,240.15943743914386,238.7460247334587,239.23764887382802,83524000
2018-01-08,240.47549438476562,240.6335106872347,239.65026241653015,239.9399589710568,57319200
2018-01-09,241.01983642578125,241.6431409316476,240.61598118737896,240.89691697282984,57254000
2018-01-10,240.65109252929688,240.91447986147978,239.5976235750946,240.26481254196977,69574300
2018-01-11,242.40689086914062,242.40689086914062,241.0373625313552,241.20416646404138,62361500
2018-01-12,243.98709106445312,244.1538681759935,242.37172413060318,242.67023506663259,90816100
2018-01-16,243.15304565429688,245.89210155142328,242.45949406768443,245.2424612349641,106555100
2018-01-17,245.47085571289062,245.85713582256537,243.15320184636045,244.08377844016277,113258800
2018-01-18,245.0582275390625,245.7780887281205,244.56657646606374,245.3567117962844,100728000
2018-01-19,246.1731414794922,246.1731414794922,245.05821269286884,245.6376059390425,140920100
2018-01-22,248.17474365234375,248.17474365234375,245.9097357837922,245.96243468466326,91322400
2018-01-23,248.70147705078125,248.99117363539048,247.89379343511357,248.21861368775413,97084700
2018-01-24,248.6048583984375,249.93928967925865,247.42847020558543,249.34229457344156,134816100
2018-01-25,248.7102508544922,249.56181900601126,247.92014242735834,249.46526240327177,84587300
2018-01-26,251.58970642089844,251.6336176940361,249.28960231997522,249.54420197136452,107743100
2018-01-29,249.92172241210938,251.45805452351033,249.7637061106124,251.01910249168148,90118300
2018-01-30,247.3583221435547,249.97445978985772,246.88424632375978,248.09575853461737,131796400
2018-01-31,247.48114013671875,248.71020041762685,246.4100961508907,248.2098154832068,108364800
2018-02-01,247.20021057128906,248.49951821002367,246.41010228471623,246.7524977240842,90102500
2018-02-02,241.81871032714844,246.01509111839752,241.78358665930918,245.88338406187754,173174800
2018-02-05,231.7052459716797,242.1698756837403,231.1609496616137,240.06291099027115,294681800
2018-02-06,236.27035522460938,236.7707670349998,227.11382109691172,228.20241370210414,355026800
2018-02-07,234.98855590820312,239.10590067729856,234.90952097825843,235.7172043792899,167376100
2018-02-08,226.17445373535156,235.42757111233564,226.13933006721916,235.28710323131492,246449500
2018-02-09,229.57192993164062,231.42429478550562,222.039510890829,228.95738632420708,283565300
2018-02-12,232.94313049316406,234.40924250488914,229.7124490055651,231.6174863884886,143736000
2018-02-13,233.5225067138672,234.06680300678443,231.16094237859048,231.7403623395533,81223600
2018-02-14,236.67416381835938,237.03410771542661,232.03004361372035,232.0388312280291,120735700
2018-02-15,239.69418334960938,239.70297096491808,235.95430287347807,238.41245071551432,111200300
2018-02-16,239.7643585205078,241.70454573082915,239.0269223449148,239.07083362163766,160420100
2018-02-20,238.26318359375,240.25604318291386,237.47307520829037,238.8162675010244,86369700
2018-02-21,237.07803344726562,241.17785810812944,236.98147683910005,238.7021616780107,98883700
2018-02-22,237.38523864746094,239.71167891273728,236.71804981892203,237.99978217029056,110511300
2018-02-23,241.16903686523438,241.16903686523438,238.13149606679718,238.6055718002206,92766400
2018-02-26,243.9695281982422,244.0661115745576,241.65187545623988,242.24005616182345,86491400
2018-02-27,240.9232940673828,244.8651029762562,240.861834330438,244.1539757758523,99099200
2018-02-28,238.48269653320312,242.46838953671312,238.16666384672425,242.02064977268844,121907800
2018-03-01,235.01495361328125,239.8170904251165,233.52250582934735,238.2719705350681,176855100
2018-03-02,236.22645568847656,236.78832724910447,232.48660193015064,233.34693091903503,139083200
2018-03-05,238.95672607421875,239.57126967870028,234.93591017599843,235.0412811759298,97307400
2018-03-06,239.5624542236328,240.01019384890736,238.07000666705412,239.93115891026687,79213200
2018-03-07,239.47471618652344,239.8258725222724,237.20973504815836,237.40287505154694,87063500
2018-03-08,240.633544921875,240.75643757744385,239.15867230598982,240.15068154029282,66901200
2018-03-09,244.82110595703125,244.82110595703125,241.72210563320198,242.0381650328805,113625300
2018-03-12,244.51385498046875,245.73415461272276,244.12757500993573,245.11085016588888,71924800
2018-03-13,242.93360900878906,246.1730770862234,242.32785307291076,245.6726653493665,91968900
2018-03-14,241.6870574951172,244.07495840526627,241.13400025798666,243.89060599288945,105895100
2018-03-15,241.42367553710938,242.83708855941893,240.92326367057862,242.1962355854701,83433000
2018-03-16,241.6853790283203,242.7342709987508,241.63249597929055,241.94979427346908,100343700
2018-03-19,238.41539001464844,241.86174692882767,236.76713820760952,240.93626628921376,109208400
2018-03-20,238.82077026367188,239.45539376753695,238.1420596185855,238.81194745566663,59757300
2018-03-21,238.36244201660156,240.86567198647185,238.15090979060938,238.77671055837496,78709600
2018-03-22,232.40406799316406,236.9874367365729,232.13080299363773,236.14128090528047,148785900
2018-03-23,227.4504852294922,233.1709209551684,227.25657169813346,232.844799765795,183534800
2018-03-26,233.6732940673828,233.95535498438946,228.64921511489823,231.04667911183574,141956100
2018-03-27,229.6981201171875,235.13646793923286,228.14681188586164,234.6076373138364,129941400
2018-03-28,229.0193634033203,231.49617853016616,227.91758832327378,229.83028169770907,146452300
2018-03-29,231.94577026367188,233.80558127407573,229.02827092448925,230.15648794780927,111601600
2018-04-02,226.93927001953125,231.9281118003099,224.47129066036044,231.41687299833714,186286300
2018-04-03,229.84788513183594,230.32385946643203,226.38391096621766,228.17319250128392,119956900
2018-04-04,232.30711364746094,233.01223907187764,226.17243637884116,226.30464403356794,123715300
2018-04-05,234.14053344726562,235.02195386789444,232.97705203631966,234.0611819384505,82652600
2018-04-06,228.92247009277344,233.67331128789823,227.40642617564995,232.18373580132868,179521200
2018-04-09,230.0506591796875,233.4353093282673,229.11635597247158,230.37678033142026,105442900
2018-04-10,233.7085723876953,234.49304931652253,231.79590552096968,232.93291826893037,103529000
2018-04-11,232.48341369628906,234.140488069733,232.1572925076709,232.22779429217832,91140200
2018-04-12,234.3960723876953,235.33919847775888,233.62924110095946,233.80553590428718,68890500
2018-04-13,233.7085723876953,235.81517968292337,232.70376729661248,235.70059074735886,85079200
2018-04-16,235.63003540039062,236.39689352112617,234.51946430947865,235.33917858817293,63405300
2018-04-17,238.15089416503906,238.7502533652304,236.88164709474782,237.39285890695663,64682000
2018-04-18,238.32725524902344,239.12932407604146,237.86889946351178,238.59167058773116,57303900
2018-04-19,237.00509643554688,237.87769384781993,235.97382294019738,237.67495751316204,77655900
2018-04-20,234.99542236328125,237.1549125737747,234.11400217921198,236.9345575277574,99953100
2018-04-23,234.9601593017578,236.12364027357134,233.884825718501,235.56834131435096,65558000
2018-04-24,231.79592895507812,236.20303062196353,230.2975036288115,235.98267553861925,112885500
2018-04-25,232.36874389648438,232.8094538680215,229.9183975306899,231.7341204615188,103840900
2018-04-26,234.73106384277344,235.5596011681044,232.95060432387913,233.39131452250984,67731900
2018-04-27,234.95138549804688,235.6388922340953,234.01708216184804,235.33921256954207,57053600
2018-04-30,233.14447021484375,236.12367485222273,233.0739415341474,235.5683758116827,82182300
2018-05-01,233.5587158203125,233.66448193214373,231.02901745124638,232.58032548825824,74203400
2018-05-02,231.98983764648438,234.17574281224557,231.60201055601448,233.36485118585458,86368900
2018-05-03,231.478515625,232.13075781605514,228.3318397756924,231.16121733707166,136311500
2018-05-04,234.47537231445312,235.15408302694007,230.18286060318687,230.50898174610822,91222100
2018-05-07,235.26869201660156,236.23823271919028,234.55471690649136,235.24225048650933,55304900
2018-05-08,235.26869201660156,235.63005062825889,233.70856104472983,234.89848369650036,67499200
2018-05-09,237.54275512695312,237.86887631255698,235.41852911669892,235.93856383142008,59666100
2018-05-10,239.76397705078125,240.0901252067452,238.17743102727061,238.2831971756624,72063900
2018-05-11,240.4954833984375,240.75989867301982,239.37606263882225,239.88730136809096,59871500
2018-05-14,240.61007690429688,241.579617528788,240.06357382839562,240.92737523984502,54790600
2018-05-15,238.9530792236328,239.40258534284115,238.0099529264822,239.3849666181639,87036100
2018-05-16,239.9578399658203,240.4161957105122,238.96183078069996,238.98829921102723,53942600
2018-05-17,239.75514221191406,240.8304760440051,238.97948805121726,239.69343633576486,56536400
2018-05-18,239.15577697753906,239.77278199560305,238.80321420956608,239.41139641631585,64368000
2018-05-21,240.9538116455078,241.49149190105553,240.24868631563004,240.63651331670496,58025900
2018-05-22,240.283935546875,241.72947751252565,239.95781439332927,241.4738581359053,52966400
2018-05-23,240.9450225830078,240.9714910129223,238.85606092939213,239.0147370148245,64694200
2018-05-24,240.4514923095703,240.82170074068443,238.67103265223724,240.54846254819319,76043800
2018-05-25,239.87847900390625,240.5042797541157,239.37606308246154,239.87847900390625,56374800
2018-05-29,237.1197052001953,239.01478057026313,236.00913379265558,238.25674504247283,115908600
2018-05-30,240.283935546875,240.72464562438188,238.35365015429863,238.424151931224,69678400
2018-05-31,238.81198120117188,240.17817169479065,238.21262194583,239.8784920671197,93519900
2018-06-01,241.15660095214844,241.45628062814544,240.0371799489807,240.1077086367524,71258400
2018-06-04,242.3024139404297,242.5580333367851,241.73831898505043,241.97629276170582,45385200
2018-06-05,242.47869873046875,242.85770295501914,241.6677803232636,242.43461158185002,51135000
2018-06-06,244.50596618652344,244.61173231021175,242.46988760909116,243.08689252902062,62732200
2018-06-07,244.4795379638672,245.28163364391338,243.5716761543753,244.99077678793768,72969400
2018-06-08,245.20233154296875,245.25521461254337,243.85375947118658,244.0212314911111,72139700
2018-06-11,245.5283660888672,246.2423141748829,245.30801107716346,245.42259998705822,58892500
2018-06-12,245.8457489013672,246.20710753428884,245.2023024328456,245.94269221780678,72329000
2018-06-13,245.06126403808594,246.33933412363743,244.85852770279948,246.083714726765,79070600
2018-06-14,245.6782989501953,246.20712963062033,245.0877354919689,245.92509556733162,77097600
2018-06-15,245.36485290527344,245.70130092797672,243.7888808670294,244.895603562976,120041600
2018-06-18,244.860107421875,244.98407329604225,243.43466198648548,243.91274659361608,52917600
2018-06-19,243.9217071533203,244.14305171516543,242.17751092519677,242.5936397822496,97531500
2018-06-20,244.33786010742188,245.00189385844547,244.0014120171002,244.60346279999033,53785500
2018-06-21,242.80612182617188,244.34669834937597,242.3103121693889,244.328973491891,71061400
2018-06-22,243.2488250732422,244.17848849838836,243.02748049862663,244.06338499645207,54898500
2018-06-25,239.9374237060547,242.2571096047278,238.25521101018867,242.09774805892368,137854200
2018-06-26,240.46875,241.31870559655965,239.75159574359012,240.50417269724036,68547400
2018-06-27,238.47654724121094,242.4784456972088,238.32602110676876,241.0530002208794,105110700
2018-06-28,239.840087890625,240.60150009170255,237.7151588224368,238.42347751836468,76650500
2018-06-29,240.1854248046875,242.29262948762698,240.07032130223428,240.9291393363835,97592500
2018-07-02,240.6988983154297,240.85828692224064,238.3792118140002,238.61828121441778,63554800
2018-07-03,239.84889221191406,241.69049356304407,239.42392806903175,241.59308793390554,42187100
2018-07-05,241.80563354492188,241.86761650524355,239.90207576914923,240.97340287322703,56925900
2018-07-06,243.85084533691406,244.22268900358912,241.45145125988475,241.8321843733216,66493700
2018-07-09,246.04664611816406,246.09976665933533,244.807121791495,244.8513799026031,50550400
2018-07-10,246.93199157714844,247.02939723604592,246.2059749184592,246.4981648755513,51966800
2018-07-11,245.12579345703125,246.17056025929276,244.82476811387056,245.38256069839704,77054700
2018-07-12,247.3480224609375,247.4011429739848,245.7809132868629,246.3829637811254,60124700
2018-07-13,247.5428466796875,247.84387197545811,246.71945157482142,247.17100302827427,48216000
2018-07-16,247.321533203125,247.72879959326502,246.87884412092146,247.5871628642055,48201000
2018-07-17,248.32205200195312,248.71162061414097,246.49817487198345,246.5512954082271,52315500
2018-07-18,248.8444061279297,248.95064719365996,247.95902788737786,248.40171700765376,44593500
2018-07-19,247.90579223632812,248.5609631838277,247.42768064295942,248.18025720187995,61412100
2018-07-20,247.6224822998047,248.3308008250149,247.46312076397825,247.7021630677179,82337700
2018-07-23,248.0829315185547,248.28655117021037,247.07358760835706,247.41889800487505,47047600
2018-07-24,249.33128356933594,250.17240347028664,248.4636304289784,249.49067214292117,68026900
2018-07-25,251.45619201660156,251.7749150987928,249.03910056495852,249.08335865317733,78882900
2018-07-26,250.8630828857422,251.54481444589769,250.6417383119721,250.7391439746236,57919500
2018-07-27,249.1631317138672,251.2880338772159,248.24233086923053,251.19062823019235,76768700
2018-07-30,247.86166381835938,249.40221340119325,247.3392668484823,249.24285179323138,63742500
2018-07-31,249.08340454101562,249.69431758068527,248.24231157277697,248.6230176642827,68570500
2018-08-01,248.6672821044922,249.79172959266052,248.0209733790744,249.28705758708554,53853300
2018-08-02,250.02191162109375,250.19010858658837,247.16213089419983,247.36577756551435,63426400
2018-08-03,251.0932159423828,251.14633646287567,249.96876854623287,250.14585496093795,53935400
2018-08-06,252.0140838623047,252.32394464127194,250.73913699132908,251.12870559188278,39400900
2018-08-07,252.84617614746094,253.22690913019088,252.54515094267813,252.67797922619954,43196600
2018-08-08,252.7400360107422,253.13846698115805,252.27964910548545,252.6780800759013,42114600
2018-08-09,252.39474487304688,253.19157976992932,252.26194356016575,252.80201123908088,35717000
2018-08-10,250.70362854003906,251.5004633069356,249.99530995422668,250.9603957161205,77076000
2018-08-13,249.76515197753906,251.58902858924932,249.47296209162405,250.9781155764383,65732900
2018-08-14,251.35885620117188,251.5979255987983,250.10163433503746,250.49120289007564,43842000
2018-08-15,249.48182678222656,250.15472274901578,248.0475186589918,250.01305901813416,102925400
2018-08-16,251.50054931640625,252.36822974841357,250.88077371931524,250.91619641561772,69967900
2018-08-17,252.3858642578125,252.8285532819116,250.88957319479002,251.29683953147494,65618500
2018-08-20,252.926025390625,253.1916280670518,252.3859305890893,252.83748215861576,39807500
2018-08-21,253.51910400390625,254.37792164552263,252.96131160517953,253.43942323545804,67272000
2018-08-22,253.36866760253906,253.89103744915988,252.84627073632237,253.11190038315056,44993300
2018-08-23,253.0321807861328,254.05036006048783,252.7134306627465,253.1915423380301,49204900
2018-08-24,254.55517578125,254.69683958059773,253.5546937743366,253.60781432164111,57487400
2018-08-27,256.5647888183594,256.67102983578684,255.59086779262861,255.7502293187698,57072400
2018-08-28,256.6888732910156,257.1315624145711,256.2284593099741,257.0252943284539,46943500
2018-08-29,258.07000732421875,258.3001872470909,256.66225944752415,256.90130179728936,61485500
2018-08-30,257.0252380371094,257.96373661193746,256.4320498724357,257.5918929605646,61229500
2018-08-31,257.0340881347656,257.47677714013287,256.13101229086976,256.6179593889367,66140800
2018-09-04,256.59136962890625,256.9455153885651,255.5908882686675,256.61792988539094,57594400
2018-09-05,255.90077209472656,256.44086666125054,254.8914553438885,256.23722001820227,72452400
2018-09-06,255.13058471679688,256.308125831231,254.10354276501158,256.00710048633505,65909900
2018-09-07,254.6347198486328,255.60864105884195,253.84672045413873,254.085789808222,73524800
2018-09-10,255.07742309570312,255.90968062912165,254.88263884278402,255.6440510008171,50210900
2018-09-11,255.91847229003906,256.36116124194683,254.08576056402885,254.43104389633044,50530500
2018-09-12,255.9805450439453,256.58259574508,255.1925724832599,255.92742451264513,59810800
2018-09-13,257.4945068359375,257.68045569530796,256.75965488471724,257.0429823679138,51034200
2018-09-14,257.538818359375,257.88410181150124,256.75968121049704,257.698179952664,55079900
2018-09-17,256.17529296875,257.52105793665976,255.90082792279205,257.48566226721647,68244000
2018-09-18,257.5652770996094,258.1584651362326,256.3611491569968,256.38770941207565,61930400
2018-09-19,257.83984375,258.2559725900537,257.4945332782199,257.61849919719697,49080600
2018-09-20,259.92938232421875,260.2481326027552,257.85760008234877,259.09715147491795,100360600
2018-09-21,259.6918029785156,260.78575750232153,259.5317200165653,260.6701329824998,105479700
2018-09-24,258.8291015625,259.25601660965026,258.2510060962114,259.1137115939335,53409600
2018-09-25,258.5889587402344,259.38940064759277,258.3488343105982,259.2826786788656,44370000
2018-09-26,257.815185546875,259.91412321436593,257.3971730938539,258.7312519258059,79739700
2018-09-27,258.5355224609375,259.62057406349834,258.01078817291415,258.2864955591316,59249500
2018-09-28,258.5623779296875,259.0604320703618,257.877560271739,257.9131161804193,70091400
2018-10-01,259.46063232421875,260.52787942324136,258.79359270911283,259.7985762633335,62078900
2018-10-02,259.30938720703125,260.0208851700745,258.93586027610115,259.30938720703125,47258200
2018-10-03,259.4517517089844,260.7769285042683,259.096002645905,260.3589158911238,64694600
2018-10-04,257.423828125,259.02471170825,255.8407224866659,258.9713507316017,111545900
2018-10-05,255.98312377929688,258.1621035239601,254.5601005355288,257.6462715083235,105951700
2018-10-08,255.98312377929688,256.3388728047612,253.91974143292867,255.29827908481946,87742200
2018-10-09,255.60952758789062,256.9080235309674,255.04921007260296,255.6006521845047,74339000
2018-10-10,247.51612854003906,255.17375659636278,247.14260159596967,255.10259051241061,214731000
2018-10-11,242.06422424316406,248.04977526262698,240.4544104484742,246.43108606352877,274840500
2018-10-12,245.42617797851562,246.440064319579,242.24215959623368,246.15545416906662,183186500
2018-10-15,244.04754638671875,246.39553877632216,243.95860234615915,245.0703349983781,102263700
2018-10-16,249.38381958007812,249.75737362844944,245.53279028754295,246.00416376411522,118255800
2018-10-17,249.42835998535156,250.05091401359377,246.8580209490984,249.41945743831997,110626000
2018-10-18,245.8262939453125,249.09035262690333,244.55447843294348,248.4944520427115,134557500
2018-10-19,245.69285583496094,248.4054719837981,244.99913591592662,246.47551977272352,139901600
2018-10-22,244.59005737304688,246.6800928007739,244.05642033413275,246.3599268625698,82415800
2018-10-23,243.344970703125,244.4656061181947,238.89803923623336,240.97922704762445,146352700
2018-10-24,235.97190856933594,243.47832885220126,235.42049357209595,243.0958722305184,177806700
2018-10-25,240.2053680419922,241.74401565139752,236.78125352573443,237.8040420361195,138061500
2018-10-26,235.98074340820312,241.02357328618538,233.2770298773475,236.50550496185588,201574600
2018-10-29,234.67340087890625,240.35659102695715,231.10698111147096,239.06697033859635,160749100
2018-10-30,238.15086364746094,238.46215415518796,234.01522445024443,234.50440300293118,157116000
2018-10-31,240.694580078125,243.00698951534628,240.24098445251798,240.71235803018175,128296300
2018-11-01,243.2559356689453,243.45160164415518,240.47215357969245,241.5572054164194,99495000
2018-11-02,241.8152313232422,244.78577802798284,239.7696267410668,244.35886287316657,122634100
2018-11-05,243.1492462158203,243.70066118097728,241.33489121602472,242.3043186776565,65622500
2018-11-06,244.6879119873047,244.84799497942296,243.0247642380611,243.08702778229969,60085900
2018-11-07,249.92637634277344,250.0064178282418,246.43106862587547,246.85798369028106,102752100
2018-11-08,249.47274780273438,250.11310674373306,248.3343349233927,249.12587426965408,65584900
2018-11-09,247.03585815429688,248.35213203208713,245.63061310834027,248.16536857627477,98812600
2018-11-12,242.41998291015625,246.76906695308182,241.90412375753766,246.52894247011767,99673600
2018-11-13,241.96636962890625,244.8746522778252,241.24596909071613,242.88243618622874,98176600
2018-11-14,240.31214904785156,244.23431809199508,238.75572328236524,243.83411060887397,125335900
2018-11-15,242.8201446533203,243.28264272262598,237.4749534984664,239.0491568741506,135101400
2018-11-16,243.45167541503906,244.35883949759102,241.2104049940472,241.72626414950847,126668000
2018-11-19,239.33375549316406,243.14032612906826,238.41768908509545,242.84681357723707,103061700
2018-11-20,234.90463256835938,237.46606866293442,234.0419270384769,236.00746255389294,136021300
2018-11-21,235.705078125,237.5994747294918,235.6962027211134,236.4521591402249,75563700
2018-11-23,234.13084411621094,235.52718652870087,233.9707611642056,234.06858058757408,42807900
2018-11-26,237.9107208251953,238.13306729325623,235.98964408412053,236.38097603926,79981400
2018-11-27,238.7113037109375,238.71130371093753,236.27439366668784,236.87916990305482,75502400
2018-11-28,244.2075958251953,244.2075958251953,238.64893332775299,239.77847091805359,127629600
2018-11-29,243.6739959716797,245.07031142067817,242.29543133041074,243.4338443710822,82346400
2018-11-30,245.15919494628906,245.71951235351727,243.20256243467927,243.52272830058044,98204200
2018-12-03,248.40550231933594,249.38383236101384,246.81352089987206,249.27711038226846,103176300
2018-12-04,240.3566436767578,248.00537116108956,240.04535304842332,247.57845597292376,177986000
2018-12-06,239.99191284179688,240.10753736347036,233.410461928897,236.50553495236963,204185400
2018-12-07,234.41551208496094,241.21931064647666,233.57948693968595,239.65398235031736,161018900
2018-12-10,234.86016845703125,235.82959594381217,230.01300388121976,234.23758739782187,151445900
2018-12-11,234.91351318359375,238.23980792098703,233.446031807797,238.05304447291599,121504400
2018-12-12,236.0963897705078,239.24482367435746,236.01634829099115,237.88406423876316,97976700
2018-12-13,236.016357421875,237.90185139073836,234.90462492684645,237.03914588891996,96662700
2018-12-14,231.65835571289062,234.82456747202116,231.10694077556747,233.87291800694808,116961100
2018-12-17,227.11363220214844,231.8184786411639,225.48605403096258,230.70674603004963,165492300
2018-12-18,226.86459350585938,229.41714067784332,225.26369591406458,228.75010114550832,134515100
2018-12-19,223.4671630859375,230.7067659311748,221.7684458235465,226.94466625050688,214992800
2018-12-20,219.82952880859375,223.78729366508378,217.58827236195947,222.22197924177337,252053400
2018-12-21,215.32534790039062,223.38552036390047,214.68124937399995,220.72861735508985,255345600
2018-12-24,209.6358642578125,215.45063398969825,209.57325075880746,213.8403873339039,147311600
2018-12-26,220.22760009765625,220.22760009765625,209.11692306726735,211.0939499958353,218485400
2018-12-27,221.9184112548828,222.1152062471228,213.76878896161634,216.99822249418898,186267300
2018-12-28,221.63211059570312,224.89732089212802,220.469154308551,223.2691930102769,153100200
2018-12-31,223.5733642578125,223.81490460672552,221.38164665156634,223.25131500932955,144299400
2019-01-02,223.8059539794922,224.72738367473102,220.02188548142522,220.0487217817502,126925200
2019-01-03,218.46531677246094,222.36568485027112,217.9822360854176,222.06151737501295,144140700
2019-01-04,225.78302001953125,226.42711863841959,221.1133118576938,221.48903377701097,142628800
2019-01-07,227.56320190429688,228.967685018204,225.1567801850317,226.05135993790628,103139100
2019-01-08,229.70126342773438,230.18434420172517,227.2232870155942,229.74600880148805,102512600
2019-01-09,230.7747344970703,231.61564162896792,229.18238366653358,230.40795353099523,95006600
2019-01-10,231.58883666992188,231.8393179366992,228.56515239927478,229.24504182356054,96823900
2019-01-11,231.67825317382812,231.70508947195933,229.93381189408592,230.51528322053164,73858100
2019-01-14,230.26483154296875,231.06994789059002,229.3792062906262,229.7817508142326,70908200
2019-01-15,232.90380859375,233.21691691957597,230.63156872394273,230.64052325623595,85208300
2019-01-16,233.46742248535156,234.35304766189932,233.12747782757188,233.3332136885603,77636700
2019-01-17,235.2386932373047,236.09750948945432,232.55495387525625,232.59969924486884,96118400
2019-01-18,238.36972045898438,238.83491941669797,235.2744820652817,237.04575985726618,127900300
2019-01-22,235.14918518066406,237.1172712595665,233.53895278912816,236.9025808874693,115531200
2019-01-23,235.6412353515625,236.87575967051836,233.181141246526,236.17798861637877,86030300
2019-01-24,235.76644897460938,236.3479475705065,234.4514158353714,235.46229517851125,59204100
2019-01-25,237.76141357421875,238.58443898655247,235.86490880279874,237.60932299896712,96883400
2019-01-28,235.95437622070312,236.01697605824288,234.19205292689497,235.62338606355894,85613700
2019-01-29,235.6412353515625,236.6610419843488,234.8092828063201,236.0974797217171,66136300
2019-01-30,239.37158203125,240.21248898544735,236.3926441661389,237.15304223753876,92473700
2019-01-31,241.47384643554688,241.9569270267688,239.09426160521755,239.3089792570944,104012100
2019-02-01,241.5901336669922,242.60996738464075,240.80289935169841,241.6706425446382,85782500
2019-02-04,243.28988647460938,243.35251360542537,240.9639738049802,241.63490857696522,60744800
2019-02-05,244.30967712402344,244.61383089069133,243.21828899637939,243.71925135329133,79552800
2019-02-06,243.98765563964844,244.52440891312497,243.25412104298292,244.03240100434138,58347800
2019-02-07,241.6617889404297,242.92312237490376,240.0068109279789,242.37744182669658,95482000
2019-02-08,241.9569091796875,242.05529981672302,239.59520628605011,240.41823140666887,75788900
2019-02-11,242.0911865234375,242.86946659878197,241.5633877056799,242.61005810727352,68021400
2019-02-12,245.20437622070312,245.58008452137835,243.62990673105475,243.70148841717378,72270200
2019-02-13,246.00050354003906,246.8414107807634,245.61584075769358,246.03629437805574,65277200
2019-02-14,245.45474243164062,246.58192140597924,244.10391856876822,244.9179892390793,83234400
2019-02-15,248.1295623779297,248.16535320937362,247.02029230681626,247.22602816170678,97088700
2019-02-19,248.55897521972656,249.21200092876802,247.32445086509222,247.33340539822623,59120800
2019-02-20,249.05982971191406,249.51607389749347,248.02211443318868,248.52307666424315,76610800
2019-02-21,248.17430114746094,248.78260876381597,247.21709435971118,248.42478236010152,64214700
2019-02-22,249.7129669189453,249.90974822592406,248.15637982404962,248.79152370679947,78114600
2019-02-25,250.0529327392578,251.6542382053372,249.97242383431418,251.13539394000878,69030700
2019-02-26,249.87405395507812,250.75072474880014,249.49831840033238,249.70408159702777,56844100
2019-02-27,249.7666778564453,250.1155497637619,248.2279995898932,249.15834287634237,56921600
2019-02-28,249.301513671875,249.99035764970898,248.97947802022117,249.55199494552065,69268300
2019-03-01,250.85804748535156,251.26954649667508,249.4267145280981,250.87592925092025,78880500
2019-03-04,249.9456024169922,252.1552157189455,247.6554802053009,251.91368898973167,106494600
2019-03-05,249.6055908203125,250.2675982903275,249.05991036707076,250.07078968579378,59114600
2019-03-06,248.0938262939453,249.73092276380123,247.7717906411017,249.7219682288629,75039800
2019-03-07,246.01837158203125,247.78962191252373,245.17746448154068,247.64648588473747,94885100
2019-03-08,245.52635192871094,245.6963242662043,243.701428884689,244.1666005291717,85795800
2019-03-11,249.08677673339844,249.24779452916363,246.21518350729428,246.2420198065885,65098900
2019-03-12,250.026123046875,250.5449946678334,249.45360611732016,249.64146024884784,79667500
2019-03-13,251.68104553222656,252.6114160495917,250.75067501486143,250.91172010661697,80639200
2019-03-14,251.52000427246094,252.1283118499615,251.08166900343892,251.7078583448414,67518400
2019-03-15,252.76271057128906,253.5713732521297,251.88215092021466,252.07085990158336,81309000
2019-03-18,253.67909240722656,253.97561930770516,252.75361807598438,252.97824803425334,62199800
2019-03-19,253.7420654296875,255.5031571109372,252.85253932396947,254.73943697849396,90268100
2019-03-20,252.9783477783203,254.7304731119043,251.87318549711011,253.5264593513431,84609200
2019-03-21,255.83560180664062,256.2399193421347,252.11571595617374,252.16065840721987,79550400
2019-03-22,250.91171264648438,254.99996772134344,250.8488096648639,254.47883818093473,122659300
2019-03-25,250.72312927246094,251.75642220373024,249.46520625088678,250.57036874596088,85575200
2019-03-26,252.59194946289062,253.54437851241264,251.19026039300329,252.47513747029075,68125900
2019-03-27,251.2710723876953,253.16696354366036,249.72561713767948,252.5829037004117,72224700
2019-03-28,252.22369384765625,252.67295411897797,250.75013441646982,251.9002396142266,56238500
2019-03-29,253.81396484375,254.13741891416976,252.60995121387023,253.73310132614503,82186800
2019-04-01,256.823974609375,257.12050158234626,255.53909751491526,255.80866998313059,77617900
2019-04-02,256.9498291015625,257.1834531340026,256.1591269185293,257.0127320980904,40070400
2019-04-03,257.35418701171875,258.55820087935837,256.7521663675677,258.16284976811403,68243200
2019-04-04,258.03692626953125,258.28851073297454,256.9856733911128,257.6775238104194,48997500
2019-04-05,259.28594970703125,259.3398587189356,258.41438412036786,258.70191713096256,58621700
2019-04-08,259.4836120605469,259.59143007888594,258.20770152867095,258.86363103444137,53566300
2019-04-09,258.1537780761719,258.8456286022435,257.6056940400608,258.522174565323,66142300
2019-04-10,259.03436279296875,259.1242202855344,258.1538032388763,258.56711479989013,52601500
2019-04-11,258.96246337890625,259.528535413988,258.3963913438245,259.5195414386195,55093100
2019-04-12,260.714599609375,260.9931386511058,259.0074168766403,260.57083310063365,69727800
2019-04-15,260.5439453125,260.88538743061287,259.74424904421835,260.78653593400213,49596700
2019-04-16,260.714599609375,261.47834719052565,260.12157304356356,261.4244381773299,52153200
2019-04-17,260.07666015625,261.8557124477344,259.6633211574548,261.8287579409137,58268300
2019-04-18,260.58880615234375,260.858378651933,259.36683190031505,260.66070312049783,68708500
2019-04-22,260.8134765625,260.96623707797863,259.7352686592267,259.8251261729986,40160100
2019-04-23,263.1585998535156,263.39222387949684,260.9482478452623,261.1818444505832,52246600
2019-04-24,262.5745849609375,263.41020222021825,262.4308184291265,263.07775411194496,50392900
2019-04-25,262.41278076171875,263.06871029746924,261.22675508512435,262.47568374884355,57770900
2019-04-26,263.634765625,263.7066351624023,261.6849650923547,262.45770657786915,50916400
2019-04-29,264.04815673828125,264.56931386896713,263.6348450771833,263.7247025915081,57197700
2019-04-30,264.1828918457031,264.47042488251304,262.29602141570473,263.7066772500253,81111700
2019-05-01,262.1971435546875,265.0185097807534,262.1881495792361,264.8118402899683,71671900
2019-05-02,261.6310729980469,262.99684108288136,260.1395263594633,262.0803330426567,65030200
2019-05-03,264.19189453125,264.4704336008856,261.7389245024655,263.1046927620058,56543700
2019-05-06,263.10467529296875,263.54494138916215,259.58246426144535,259.8969517961515,107198100
2019-05-07,258.7109680175781,261.29871111513995,256.8061091876135,260.70568437022655,144729900
2019-05-08,258.3514709472656,260.0586535717971,257.7584444190409,258.3514709472656,91568300
2019-05-09,257.5698547363281,258.1718480337544,254.55081200881037,256.2849771773048,103471100
2019-05-10,258.8636474609375,259.6184010578606,253.652214405053,256.6353077314568,112429300
2019-05-13,252.35833740234375,254.721449608434,251.52272030593628,253.76005395912173,127290500
2019-05-14,254.64051818847656,256.1680128908346,253.24782339917624,253.3736019185407,77003200
2019-05-15,256.13214111328125,256.77008271546595,252.80760572827901,253.01427522562122,73956400
2019-05-16,258.504150390625,259.86089660564755,256.76101983242893,256.83288934938713,76749600
2019-05-17,256.8330383300781,259.3129631236966,256.18610261959776,256.2040905747572,100353000
2019-05-20,255.13475036621094,256.9407568168034,254.38896345332793,255.2335743986409,62877600
2019-05-21,257.43505859375,257.8124217622232,256.57245936734176,256.8240439532116,46847100
2019-05-22,256.64434814453125,257.59677743350494,256.1681335000444,256.482621077497,49482500
2019-05-23,253.50845336914062,254.46984895753423,252.09777034696506,254.42493392448358,98733800
2019-05-24,254.08355712890625,255.3594679586929,253.46357595804218,254.94612889767544,55268100
2019-05-28,251.72039794921875,255.31447831235778,251.7024374188396,254.3620492097785,70029400
2019-05-29,250.0311737060547,251.01055730636347,248.62948456977267,250.60623972127644,104972900
2019-05-30,250.7140655517578,251.6215796387543,249.6178699191781,250.7859350955703,62523800
2019-05-31,247.33563232421875,248.99790008924552,247.30867781649005,248.1712769051262,86862800
2019-06-03,246.70668029785156,248.48573261773257,245.37686062526726,247.3715764238145,96428000
2019-06-04,252.06190490722656,252.196677471433,248.54868715670395,248.99794731783476,77231900
2019-06-05,254.24526977539062,254.2722242847403,251.87319069063545,253.67919765838639,71169700
2019-06-06,255.8985137939453,256.5724038696885,253.89483151795633,254.54176708749608,69430400
2019-06-07,258.45928955078125,259.53752459010883,256.74311294719047,256.91383395209493,74272200
2019-06-10,259.645263671875,261.30753076019823,259.5554062091404,260.0046661021657,60799100
2019-06-11,259.5825500488281,261.8288511524363,258.93561423416224,261.4604544809644,58641300
2019-06-12,259.1242980957031,259.9060064165086,258.6121349128771,259.348928184241,47096300
2019-06-13,260.193359375,260.5527892422328,259.3307880190692,260.03163238713466,48945200
2019-06-14,259.906005859375,260.5079991397937,259.1422580758503,259.906005859375,52324700
2019-06-17,260.00482177734375,260.76856953690236,259.83410072212484,260.13959434181544,39205700
2019-06-18,262.7272644042969,263.7785449569694,261.4603478082686,261.81977777473696,85434800
2019-06-19,263.3202819824219,263.85040551806713,261.8916384024987,262.8620279852303,78674400
2019-06-20,265.8362121582031,266.24055727570857,263.3832692020409,265.99796665760397,116570000
2019-06-21,265.4497375488281,266.82212083031214,265.2330527028107,265.5671176917623,83309500
2019-06-24,265.1246643066406,265.9733556577188,264.97116086464666,265.6573661634113,47582700
2019-06-25,262.52435302734375,265.2059379178657,262.4160106162554,265.1788523150936,82028700
2019-06-26,262.2624816894531,263.9237961241511,262.1541392888887,263.41817988550474,51584900
2019-06-27,263.1925354003906,263.6981517889475,262.6417855162231,263.0209840306274,40355200
2019-06-28,264.54681396484375,265.04339252576335,263.65296153358025,264.1675879780534,59350900
2019-07-01,266.9485168457031,268.08616730223594,265.7476574629136,267.86945491993043,78705600
2019-07-02,267.6437683105469,267.69793952489164,266.0637102660974,266.9033916424673,61504500
2019-07-03,269.7835998535156,269.8016752933706,268.1764562858047,268.3209220345233,40898900
2019-07-05,269.47662353515625,269.63916472557844,267.2645588956779,268.5556853748782,51677300
2019-07-08,267.9958190917969,269.29598290911434,267.45407957557853,268.16737039783294,45841800
2019-07-09,268.32989501953125,268.6278366109929,266.7859607557403,266.8401319541879,41101300
2019-07-10,269.612060546875,270.56011189882554,268.8626737180611,269.39537569112645,58448500
2019-07-11,270.2441101074219,270.4878805839635,269.2419150387237,270.25314782826575,50826100
2019-07-12,271.45391845703125,271.52616509938144,270.4246380127178,270.73161735765416,40326000
2019-07-15,271.54425048828125,271.88735320178154,271.03863413807807,271.88735320178154,33900000
2019-07-16,270.66839599609375,271.6615806276131,270.3614166652641,271.4539059829256,36650100
2019-07-17,268.8265075683594,270.8038392241641,268.8265075683594,270.64132560824015,36036300
2019-07-18,269.8106689453125,270.18989495674094,267.8875359461371,268.3299433311183,51392600
2019-07-19,268.3118896484375,270.93026568631416,268.1403383081677,270.903180082799,58678600
2019-07-22,268.9709167480469,269.5126562412444,268.1944445992088,268.70907094143195,43638100
2019-07-23,270.8941650390625,270.8941650390625,269.259935864137,270.090607031503,44564500
2019-07-24,272.16717529296875,272.16717529296875,270.0453781926008,270.1356727072155,47213200
2019-07-25,270.86712646484375,271.77001688639325,270.0635407637308,271.7158456654226,55394100
2019-07-26,272.68194580078125,272.88058279624516,271.4269148853435,271.5533327706519,45084100
2019-07-29,272.1853332519531,272.68193950616376,271.6345833318975,272.5645593450953,38126500
2019-07-30,271.51715087890625,271.9234625037329,270.4065859773304,270.7858119974368,45849000
2019-07-31,268.5466003417969,271.9505137105572,266.53317301954223,271.7608869474775,104245200
2019-08-01,266.2080993652344,271.65252527131696,265.41355171160745,268.7000847236065,142646600
2019-08-02,264.2037048339844,265.55804002591907,262.6507327117384,265.31426961081803,116749700
2019-08-05,256.25823974609375,260.2219124148856,254.3621652846192,260.11357002634685,178745400
2019-08-06,259.85186767578125,260.0685801265157,256.6737031233253,258.1454190061771,120711700
2019-08-07,260.0052795410156,260.77274168505596,254.65114752446226,256.7819550684586,140572300
2019-08-08,265.10650634765625,265.10650634765625,260.94419747499643,261.49494704302714,87713900
2019-08-09,263.30078125,264.7634586627928,261.5220868217728,264.1675479475779,93730000
2019-08-12,260.0956115722656,263.2918233491414,259.1475602385619,261.80205988649254,65527600
2019-08-13,264.14056396484375,265.5851940525705,259.4545607891331,259.79766353479624,94299800
2019-08-14,256.33062744140625,260.7006144959251,256.20423708963995,260.09569324397893,135622100
2019-08-15,257.0077209472656,257.9016010899172,254.9672075856533,257.21539563778583,99556600
2019-08-16,260.7998352050781,261.2332048589005,257.0618566167302,258.6599898772652,83018300
2019-08-19,263.94189453125,264.6190622184229,263.13833653723043,263.81550422440336,53571800
2019-08-20,261.9193420410156,263.9688923061297,261.7929517762229,263.43619054261586,51596400
2019-08-21,264.0502624511719,264.4204232030708,263.39114265467236,264.077348056287,49524700
2019-08-22,263.9690246582031,265.3865692020705,262.19936718570995,264.7545624531943,51666400
2019-08-23,257.18829345703125,264.33015864750445,255.94230050225514,262.6688438924776,149161500
2019-08-26,260.03228759765625,260.03228759765625,257.84728194616036,259.3731680603426,72423800
2019-08-27,259.0121765136719,261.7930945034179,258.25375184938554,261.4229061159633,66668900
2019-08-28,260.83599853515625,260.9985121802663,257.5494645347921,258.35305014787957,59696700
2019-08-29,264.1676025390625,264.69129428520955,262.3889077432596,263.3911301931494,57899400
2019-08-30,264.0502624511719,265.66641614641384,263.12028660352104,265.64836826101157,62901200
2019-09-03,262.5062255859375,263.2646498673304,261.17897620499605,262.3527497186402,69101400
2019-09-04,265.48583984375,265.50388772814705,263.9238298917129,264.6732441815311,46887300
2019-09-05,268.8987731933594,269.8106735830968,265.44972592383255,267.96879736456265,83258100
2019-09-06,269.1064453125,269.74751727016104,268.5376475637681,269.2148152948554,49584300
2019-09-09,269.24188232421875,270.18086834097136,268.3028687534425,270.0906013596085,51260300
2019-09-10,269.17864990234375,269.2418588270002,267.22840383509777,268.4834068391647,57947100
2019-09-11,271.0927734375,271.17403024628595,268.8355480133743,269.48563003768334,68821100
2019-09-12,272.0318298339844,273.0881960688336,271.23728195073244,271.99570650637503,72908700
2019-09-13,271.8511962890625,272.82633309685326,271.4810080151809,272.47419270681183,62104800
2019-09-16,271.0115966796875,271.89643922675583,270.37055218501104,270.7226651270901,58191200
2019-09-17,271.6977233886719,271.78799036288956,270.6413297609149,270.8128810983628,41475500
2019-09-18,271.8602600097656,271.9686024312111,269.27797956454594,271.30948262871954,73375800
2019-09-19,271.8421630859375,273.2416593963996,271.5080981282079,272.2484746882701,76560500
2019-09-20,270.5577087402344,272.72559424976635,269.76857139785557,272.44438033573425,89565000
2019-09-23,270.49432373046875,271.2109087987867,269.6416852140578,269.89566087758845,43476800
2019-09-24,268.371826171875,271.97285532348826,267.4103448279325,271.58282618385135,94869400
2019-09-25,269.9591369628906,270.40358741300247,266.97490242905855,268.45341435241266,71854000
2019-09-26,269.3967590332031,270.17681716965757,267.99082742388725,269.9682111328825,56179700
2019-09-27,267.9454650878906,270.2584842358922,266.394400547626,270.1496138053091,84746600
2019-09-30,269.18817138671875,269.8956770404428,268.41719257426433,268.4625344992536,51662400
2019-10-01,265.9861755371094,270.72102824217234,265.76849006877796,270.06794415591315,88242400
2019-10-02,261.2876892089844,264.4170571356595,259.9996795705218,264.4079776780748,122539500
2019-10-03,263.4283142089844,263.4555248952082,258.3487738908161,261.0608737824399,85278800
2019-10-04,266.9931335449219,267.2471092538503,264.02702943995206,264.08147851019316,65091200
2019-10-07,265.8410339355469,267.818445039267,265.5598476544299,266.19480049123445,59610500
2019-10-08,261.7139892578125,264.72543473960826,261.67769911141454,263.9907184423583,95708100
2019-10-09,264.1993408203125,265.1336114585525,263.10180603510383,263.72767961308983,62359400
2019-10-10,265.9861755371094,266.86602454663546,263.954370682643,264.1176347838915,55296300
2019-10-11,268.7436218261719,270.97498072998906,268.6166478742334,268.73454237201105,98720400
2019-10-14,268.4443664550781,269.0974506367518,268.0996792923519,268.42620754255415,40394800
2019-10-15,271.1020812988281,271.84587709862797,269.36959347887756,269.48751570095226,46754500
2019-10-16,270.6666259765625,271.3560002499491,270.23125500917473,270.63941529110076,48928200
2019-10-17,271.46490478515625,272.33567459941145,270.77553035484783,271.8277232343232,45736600
2019-10-18,270.2767028808594,271.5737921984772,269.42406416044315,270.9297872692361,64304000
2019-10-21,272.10888671875,272.3084410011963,271.15648490964367,271.59188362078226,39048600
2019-10-22,271.219970703125,272.93429940069217,271.12925918317654,272.6440336093649,48594700
2019-10-23,272.00909423828125,272.0635156111766,270.7573472991516,270.9659810160959,34352200
2019-10-24,272.45361328125,273.0885663666014,271.62818534280314,272.9434334419132,35453100
2019-10-25,273.5692443847656,274.1134858073228,271.82767736883653,271.8820987429654,45205400
2019-10-28,275.1111755371094,275.61007494387354,274.7574366745982,274.7846473563298,42147000
2019-10-29,275.0296325683594,275.95485140942054,274.7121560578241,274.8391577345471,44284900
2019-10-30,275.8731994628906,276.24506964645207,273.92299861636155,275.22916703094626,49643900
2019-10-31,275.138427734375,275.864092158819,273.68715424802167,275.864092158819,69053800
2019-11-01,277.68731689453125,277.7326588147076,276.41741095435447,276.5807027657832,71141500
2019-11-04,278.802978515625,279.374430643672,278.43108065957426,279.23837720396307,60606900
2019-11-05,278.4945068359375,279.30180316391466,278.2042411215235,279.00245799553085,42933200
2019-11-06,278.5580749511719,278.8301818233875,277.6147249920431,278.4945741205653,46487100
2019-11-07,279.5377197265625,280.8710989172841,279.06605853304166,279.89148638265715,54272300
2019-11-08,280.22705078125,280.2814721535745,278.4945632788722,279.19298934454866,49032100
2019-11-11,279.69189453125,279.864238107545,278.7122544469131,278.84833556176477,35797300
2019-11-12,280.2814025878906,281.17938268963474,279.5103964296329,280.05463769906544,46484600
2019-11-13,280.3721618652344,280.77127035209,279.0659936684823,279.2927585959564,53917700
2019-11-14,280.7804260253906,280.8620857890122,279.45612610965475,280.09107921404535,51219900
2019-11-15,282.8121643066406,282.8575062211695,281.4243640106054,282.1137105902836,62023600
2019-11-18,283.020751953125,283.25659632840035,282.1227717261377,282.5763015670428,49228000
2019-11-19,282.93927001953125,283.6286446014656,282.29526505451753,283.6195651418256,67804700
2019-11-20,281.88690185546875,282.8665417247279,280.33583769061437,282.34951110935566,79406200
2019-11-21,281.4333801269531,282.1046230732926,280.63519090852355,281.99578034720054,54664700
2019-11-22,282.0592346191406,282.3132101901239,281.0524117888621,282.17715679160807,44850200
2019-11-25,284.2453308105469,284.2453308105469,282.98453205746335,282.98453205746335,48647200
2019-11-26,284.8893127441406,285.07073576578375,283.9641217688007,284.2815982160428,37569000
2019-11-27,286.1592102050781,286.1592102050781,285.15235952241426,285.37004499703744,44444600
2019-11-29,285.0979309082031,285.84172650261706,284.87116598414514,285.5968026686247,36592700
2019-12-02,282.676025390625,285.41533501384896,282.2497063341746,285.3518342077002,75767800
2019-12-03,280.7804260253906,280.8620857890122,278.5853562166905,279.96407752065693,73941700
2019-12-04,282.5127868652344,283.11144954756696,281.47875327303325,281.82344036418806,49080000
2019-12-05,283.020751953125,283.2293856451966,281.7145837968173,283.21125441681573,40709000
2019-12-06,285.60589599609375,286.00500449632267,284.9165217354681,284.9256011908763,48927000
2019-12-09,284.7078857421875,285.887052207936,284.63530546909504,285.21583692878045,34838500
2019-12-10,284.3905029296875,285.31569410664116,283.73741866322825,284.6535580640139,52649800
2019-12-11,285.19781494140625,285.45179063198384,284.3088861837475,284.8440482574191,53429100
2019-12-12,287.6558837890625,288.4359419435748,284.97099448527933,285.2068112141044,96389600
2019-12-13,287.82818603515625,289.05272214678655,286.64899183529326,287.4199981041912,81503900
2019-12-16,289.80560302734375,290.39518635483904,287.7647184989822,289.5516273932872,82749700
2019-12-17,289.8689880371094,290.4857818046214,289.7873560103437,290.1864643731472,61097700
2019-12-18,289.8872375488281,290.4859003373177,289.8328161754444,290.25913538779594,48133000
2019-12-19,291.07537841796875,291.14795867708114,289.8236319202332,290.0776074646101,85310500
2019-12-20,292.3515319824219,293.48180676883163,291.13009972222136,292.10540402145136,147142100
2019-12-23,292.7981872558594,293.19013382059256,292.6523408513955,293.1354448960883,52990000
2019-12-24,292.8072814941406,293.07160199650855,292.5064646226813,293.0260371698532,20270000
2019-12-26,294.3660583496094,294.3751824445798,293.1810943326841,293.1901906102919,30911200
2019-12-27,294.2931823730469,295.1500129574212,293.7645132848047,295.0953240109606,42528800
2019-12-30,292.6706237792969,294.511910689044,292.18751963133974,294.37518834855865,49729100
2019-12-31,293.3817138671875,293.6278419864354,291.82302298723516,292.1694049199742,57077300
2020-01-02,296.1252746582031,296.1435228475682,293.9923228046252,294.91296621198353,59151200
2020-01-03,293.8829345703125,295.00411329960116,292.68884653822107,292.74353546966336,77709700
2020-01-06,295.0041809082031,295.08621432416686,292.01437027823323,292.13287226263657,55653900
2020-01-07,294.1747131347656,294.9130417417363,293.7280496413541,294.43903377463585,40496400
2020-01-08,295.74249267578125,296.95480128822834,294.1199891894408,294.3660894233574,68296000
2020-01-09,297.74786376953125,297.8208009132974,296.71784219845114,297.30122807910067,48473300
2020-01-10,296.89093017578125,298.48608887965315,296.42607426931494,298.3311461832845,53029300
2020-01-13,298.9327392578125,298.9418355342063,297.0823563543286,297.5107715003253,47086800
2020-01-14,298.47698974609375,299.5434516916106,297.9209485381816,298.4952101168568,62832800
2020-01-15,299.15155029296875,299.90809914567166,298.30384393795646,298.38587734482564,72056600
2020-01-16,301.63995361328125,301.63995361328125,300.30001924233943,300.5278990481638,54050300
2020-01-17,302.5788879394531,302.7885196066415,301.57621099627295,302.3510080804288,95846000
2020-01-21,301.9864501953125,302.7885919414847,301.54893856458017,301.62184789724483,77742400
2020-01-22,302.02276611328125,303.4903264792452,301.8678234281699,302.8431278236257,48914900
2020-01-23,302.3691101074219,302.77930482006144,300.2635032595623,301.3755576490368,51963000
2020-01-24,299.68023681640625,303.1075588185603,298.3949910655985,303.02552540689584,87578400
2020-01-27,294.8766174316406,296.35327486722645,294.11094423605437,294.4482020679631,84062500
2020-01-28,297.9665832519531,298.84163406721996,294.9676767051918,296.298487210109,63834000
2020-01-29,297.720458984375,299.5526218615138,297.5199236056963,299.32474201380455,53888900
2020-01-30,298.68670654296875,298.8963660446492,294.91303023429634,295.6604550917531,75491800
2020-01-31,293.2630920410156,298.22175888029057,292.3515728105219,298.06678837146853,113845600
2020-02-03,295.441650390625,297.30115767312014,294.6212885304359,294.73979049796515,69083000
2020-02-04,299.944580078125,300.8105346597248,298.7231473854342,299.0421847479902,62573200
2020-02-05,303.4083557128906,303.6180152040548,301.4121536768775,302.8705625667215,65951100
2020-02-06,304.4292297363281,304.6206410029242,303.35361580732535,304.3654167083422,50359700
2020-02-07,302.80670166015625,304.4383010658972,302.2597845544811,303.37183913632214,64139400
2020-02-10,305.0672912597656,305.1311042908256,301.886097610239,301.92256617332515,42070000
2020-02-11,305.59600830078125,307.20026355708615,305.0673114617923,306.41637021168424,54864500
2020-02-12,307.56488037109375,307.77451202465284,306.66245727222037,307.02705945948134,43992700
2020-02-13,307.2366638183594,308.2028719590965,305.86938499837,306.14282963542433,54501900
2020-02-14,307.72894287109375,307.8474448392001,306.4528213248784,307.64690946641167,64582200
2020-02-18,306.9359130859375,307.79274347896046,305.550385905375,306.7353777212436,57226200
2020-02-19,308.4034729003906,309.077988360176,307.6195795625174,307.9021483533661,48814700
2020-02-20,307.1365051269531,308.6769752996938,304.1558185736376,307.8565854998732,74163400
2020-02-21,303.9735107421875,306.0973387829116,303.1531209980254,305.7874255135602,113788200
2020-02-24,293.8921203613281,304.04643281297626,292.81650624331786,294.5484154937722,161088400
2020-02-25,284.986572265625,295.8883379321786,284.1115213155918,295.2776354317167,218913200
2020-02-26,283.9383239746094,289.9634545114292,283.2091195022636,286.38118955607183,194773800
2020-02-27,271.1861267089844,283.9929622601153,271.1861267089844,278.43268874388383,284353500
2020-02-28,270.0467529296875,271.5325340386913,260.27526361074985,263.15566832306206,384975800
2020-03-02,281.74151611328125,281.80532914475464,268.40598340350584,271.8241810091955,238703600
2020-03-03,273.67449951171875,286.07116546161603,271.2407589694564,282.11517570579525,300139100
2020-03-04,285.1779479980469,285.3967315712866,276.49116917188974,279.0343161033958,176613400
2020-03-05,275.6980895996094,281.17632889627316,273.46488424875696,277.9951357880224,186366800
2020-03-06,271.1405029296875,272.343714991951,264.5502366862195,267.21185726562237,228667200
2020-03-09,249.9659881591797,259.04471406948755,249.25500410266218,250.94129282702897,309417300
2020-03-10,262.90045166015625,262.9915813511426,249.30056924454237,259.4549092564181,276444100
2020-03-11,250.0843963623047,256.99372753135424,246.91232732401264,255.86345261585788,255316300
2020-03-12,226.15708923339844,243.06577765843556,225.76512864095778,233.3489770719644,392220700
2020-03-13,245.49037170410156,247.45925662714072,226.53076847464146,239.8115967480577,329566100
2020-03-16,218.6279296875,234.16932404862888,216.35824141554718,219.84023822786799,297240000
2020-03-17,230.43211364746094,233.5039435706242,216.0939169725968,223.35871400097514,262070500
2020-03-18,218.76466369628906,226.39407689191867,207.84466479454713,215.34646582603455,327597100
2020-03-19,219.22947692871094,225.491623266157,211.6729889100404,218.08096774832077,289322000
2020-03-20,209.78199768066406,224.14949538908877,209.50693107809147,222.37074721498362,347158800
2020-03-23,204.4182891845703,210.58888452735644,200.11812193421466,209.22274297641772,326025200
2020-03-24,222.939208984375,223.81025556170377,214.3663954320049,214.9348561536564,235494500
2020-03-25,226.27664184570312,235.04201992086357,219.82181757105965,224.5162352253458,299430300
2020-03-26,239.4888916015625,240.95587614121874,228.34879937507776,228.77973377835932,257632800
2020-03-27,232.3555450439453,239.13128235143066,230.18254563117415,232.21801874837786,224341200
2020-03-30,239.90150451660156,240.6166693743866,232.45644779685475,234.44607454125364,171369500
2020-03-31,236.32566833496094,241.44184313996882,234.92284395447982,238.90209724302795,194881100
2020-04-01,225.68984985351562,236.24314028710725,223.62687128450554,227.36774076850008,189554600
2020-04-02,230.897705078125,231.67704405266247,224.2594942177443,224.80962736839078,177660400
2020-04-03,227.56027221679688,232.26386743063676,224.83713961830722,229.91664470662855,135561200
2020-04-06,242.84471130371094,244.80684702910452,227.54200291744624,236.40822674709685,188061200
2020-04-07,243.09228515625,252.1693873137106,242.8722430130939,251.417539350002,201427200
2020-04-08,251.25244140625,253.0586948036147,243.20224201687972,245.6869771638037,153774500
2020-04-09,255.0758514404297,257.8264895451894,252.57276069196072,254.50736272812495,189999200
2020-04-13,252.74697875976562,254.44321124594032,248.85024130979565,254.10397034489313,114839100
2020-04-14,260.20123291015625,261.2189556921162,252.60947200950213,257.6248038351175,134143400
2020-04-15,254.6724090576172,260.3387165438089,252.5635698315606,254.4981997482188,121775000
2020-04-16,255.9009552001953,256.75364602376106,252.83858245014113,255.94678796153286,131798300
2020-04-17,262.8143005371094,263.4194162623719,258.9267132107058,261.65902364519036,146684800
2020-04-20,258.1841125488281,262.95189746439894,257.9640704078135,259.11931962908403,100109300
2020-04-21,250.3448028564453,254.92920065570146,249.40956779759313,253.72809067077185,126385700
2020-04-22,255.9009552001953,257.6430198449541,253.8929877892639,255.2132958945593,92951600
2020-04-23,255.88272094726562,260.33876990913046,255.58016302104355,257.1755244120986,104709700
2020-04-24,259.4493713378906,260.11870338954105,255.35091919954365,257.39557038512345,85063200
2020-04-27,263.1902160644531,264.3088100325091,260.9622058760842,261.4206455682229,77896600
2020-04-28,261.9799499511719,267.1786402598977,261.67736409264813,266.8302216256885,105270000
2020-04-29,268.8382263183594,270.36942737195216,266.27097494933463,267.2978754969445,118745600
2020-04-30,266.3352355957031,268.9391706863646,264.60231946504854,267.4629797623682,122901700
2020-05-01,259.2843322753906,266.5001686462375,258.11987753446385,261.59485828058166,125180000
2020-05-04,259.99945068359375,260.30200851871746,255.92850465269154,257.40466678621465,80873200
2020-05-05,262.4017028808594,265.20735144767355,260.1278320243504,262.81430977989436,79569900
2020-05-06,260.6229553222656,264.4830095523587,260.192020908388,264.09793589455825,73632600
2020-05-07,263.767822265625,265.6932743331002,263.2635498583758,263.8320105300923,75250400
2020-05-08,268.1322326660156,268.5998501465137,265.76666797978606,266.89443979354115,76452400
2020-05-11,268.1871643066406,269.5624830979567,265.7849452947577,266.20670188943353,79514200
2020-05-12,262.8418273925781,269.7825831185984,262.7042730991444,269.37000418111256,95870800
2020-05-13,258.1932067871094,263.31855852406073,255.77263209509584,262.2824804769914,144721100
2020-05-14,261.2830505371094,261.4113990670636,250.29882832927197,255.76344816859944,121977900
2020-05-15,262.4842224121094,262.5300551877956,257.95483612918537,258.8992207520091,111146300
2020-05-18,270.4793701171875,272.0839087534759,268.37055910186746,268.6914444443786,119703800
2020-05-19,267.7012634277344,271.58882289589167,267.6829359139752,269.88344074536735,95189300
2020-05-20,272.2489929199219,273.1108617924765,271.00205036955106,271.23127021904025,85861700
2020-05-21,270.369384765625,272.92748596370774,269.278296110494,272.1206276660374,78293900
2020-05-22,270.8827819824219,271.0569912617553,268.84730912262285,270.0851015880697,63958200
2020-05-26,274.22027587890625,277.07178533427884,270.9011769612808,276.8333877387792,88951400
2020-05-27,278.30035400390625,278.3370370080894,272.1939349208289,277.0075509205538,104817400
2020-05-28,277.7869873046875,281.3353065447308,277.11765518674065,279.3273381718324,90405200
2020-05-29,279.0247802734375,279.61156861200794,274.57790903661964,277.31936982817837,119090800
2020-06-01,280.1524963378906,280.7576401144218,277.8694755298853,278.38292576798335,55758300
2020-06-02,282.4720764160156,282.51793715561183,279.7397948418293,281.0692526334309,74267200
2020-06-03,286.2313537597656,287.1849160018017,284.17755322085765,284.4526057998422,92567600
2020-06-04,285.4795837402344,286.98327953028644,283.3890996283888,285.2503638684051,75794400
2020-06-05,292.79620361328125,294.56577377345707,290.7974136505666,290.8616019107014,150524700
2020-06-08,296.3353576660156,296.5278944562294,293.06209232772414,293.60304767799335,73641200
2020-06-09,294.1257019042969,296.408722278723,292.8145433136846,293.6764120455833,77479200
2020-06-10,292.4844970703125,295.59273133209695,291.76933233464445,294.7033572907335,95000800
2020-06-11,275.6231384277344,286.2039358982989,275.0730331017828,285.5712867925123,209243600
2020-06-12,278.92388916015625,283.3890875968667,273.78020888553783,282.61891221793167,194678900
2020-06-15,281.5279235839844,282.6556957798261,272.07489534682344,273.2485003390127,135782700
2020-06-16,286.9465637207031,289.4038217313861,282.0962919334156,289.25711767246935,137627500
2020-06-17,285.7545166015625,288.25760638064406,285.02099660247217,287.9641983810079,83398900
2020-06-18,285.8646545410156,286.3414217497539,283.7833484028866,284.2417880969982,80828700
2020-06-19,284.23095703125,289.5169952642536,282.2878135586834,289.323611161699,135549600
2020-06-22,286.0542907714844,286.4502770307113,282.4903582303145,283.6322825514577,74649400
2020-06-23,287.3712158203125,289.6274664668477,286.96601139314646,288.69733429029844,68471200
2020-06-24,280.040771484375,285.95305250280444,278.20816137818287,285.3360276763805,132813500
2020-06-25,283.0429382324219,283.3100111754416,277.45298321689944,279.4697872300513,89468000
2020-06-26,276.32025146484375,282.1588713157659,275.7400992165521,281.9470509652658,127961000
2020-06-29,280.381591796875,280.51972333676997,275.28893626284633,277.57281410406017,79773300
2020-06-30,283.9730224609375,285.66752892214726,279.79209321079117,279.94863284970944,113394800
2020-07-01,285.9622802734375,287.22395639224413,284.62697148514405,285.08742860608777,72396500
2020-07-02,287.53704833984375,290.7326217108491,286.8739889973159,289.38806675534465,69344200
2020-07-06,291.9757995605469,292.5559799310515,290.6036465664798,291.3495847273951,61713800
2020-07-07,288.9643859863281,292.4085952599446,288.5868078840447,290.43785396731937,82910000
2020-07-08,291.1745910644531,291.2850962513282,287.96982822881216,289.7287492933504,54638600
2020-07-09,289.5169677734375,292.0218551502653,286.1095744969354,291.78240850045916,83354200
2020-07-10,292.47314453125,292.74021752489676,288.02514120267125,289.4525470058198,57550400
2020-07-13,289.9405822753906,297.18817150586733,289.28674115516975,294.8122255722936,102997500
2020-07-14,293.6980285644531,294.4715932767716,287.3252886428625,288.52246610391046,93657000
2020-07-15,296.396240234375,297.4921303782736,294.0202658653574,296.91194993690715,87196500
2020-07-16,295.42010498046875,295.871343992354,293.85453943512255,294.49919068416483,54622500
2020-07-17,296.2765197753906,297.0593024720893,294.45309952821765,296.4238694209868,62774900
2020-07-20,298.6708984375,299.4168366870497,295.26350467471246,296.0094429242622,56308800
2020-07-21,299.3063659667969,301.0745056864678,298.320980919731,300.6324848085871,57292200
2020-07-22,301.0099792480469,301.32311478404205,298.83663538971115,298.94714058873586,57792900
2020-07-23,297.41845703125,301.35077884843804,296.0555219337203,300.6508750281461,75738000
2020-07-24,295.5028381347656,296.52503900949614,294.00174407556887,295.5673088486838,73766600
2020-07-27,297.65789794921875,297.8328739008944,295.40164684860423,296.193647698937,48293000
2020-07-28,295.77001953125,298.04467867981947,295.47532024869815,296.9303522871835,57495000
2020-07-29,299.4075927734375,299.9693649980808,296.60800599281623,296.64485042658015,48454200
2020-07-30,298.33935546875,298.7537780991364,294.36102749576685,296.44227447076116,61861700
2020-07-31,300.6968994140625,300.79821459184643,295.9173523890963,300.1259370973195,84986800
2020-08-03,302.7873229980469,303.5516692549566,301.811156402926,302.3544922923563,53077900
2020-08-04,303.9570007324219,303.9570007324219,301.9309778366748,301.9309778366748,41917900
2020-08-05,305.8447265625,306.1026094552458,304.98828331124287,305.25535623296946,42697700
2020-08-06,307.88922119140625,308.00894452980793,304.942312718452,305.264638297825,43679400
2020-08-07,308.1102294921875,308.39571060773704,306.0197365507583,306.9222424636981,57308300
2020-08-10,309.0311584472656,309.21532440909493,306.62755797641967,308.56148325207386,44282100
2020-08-11,306.4801940917969,310.8453459347755,305.7526922046899,310.2099129722672,69601100
2020-08-12,310.75323486328125,311.5267992817978,308.88378049251634,308.911406789461,53774400
2020-08-13,310.19146728515625,311.49917760274417,309.2705532345938,309.98886506986986,41816100
2020-08-14,310.20074462890625,310.73489061846544,309.07722814860483,309.80475825655594,47260400
2020-08-17,311.18609619140625,311.5820825212489,310.2099294645962,311.2137224910681,35481000
2020-08-18,311.8583984375,312.2820111007127,309.98891563003593,311.58210731482745,38733900
2020-08-19,310.5599365234375,312.7516889289628,309.998164191715,312.23597917424223,68054200
2020-08-20,311.52679443359375,312.0056596078708,308.7087997728297,308.8377131218765,42207800
2020-08-21,312.6319274902344,312.85293788001695,310.8545419255064,311.1953037485117,55106600
2020-08-24,315.7998352050781,315.87349595788055,312.60426256204136,315.0630871567319,48588700
2020-08-25,316.9049377441406,316.9878166359839,315.20124113429597,316.3616018282348,38463400
2020-08-26,320.0821228027344,320.34916765874164,316.9510204608459,317.4943564112972,50790200
2020-08-27,320.7821044921875,322.2279468627712,319.1244697936343,320.94789044530484,58034100
2020-08-28,322.8540954589844,322.9830369399693,320.616280645361,321.80426786042483,48588900
2020-08-31,321.68450927734375,323.51711938437126,321.4542807471516,322.64226783208227,66099200
2020-09-01,324.71429443359375,324.81558148751446,321.6200086611954,322.5132963995055,54908700
2020-09-02,329.4110107421875,330.37795938167653,325.4786892390397,326.6206419236981,69540000
2020-09-03,318.0745849609375,328.19542353260755,315.49600820932886,327.7257482737778,148011100
2020-09-04,315.4775390625,320.3215279500711,308.386489496312,318.7559908966991,139156300
2020-09-08,306.85772705078125,315.54196689159204,306.5538378154059,310.0809258509965,114465300
2020-09-09,312.91741943359375,315.37624441716423,309.98889114735533,310.8545526760322,91462300
2020-09-10,307.4840393066406,315.4407229555937,306.5262807206502,314.78688177765224,90569500
2020-09-11,307.6406555175781,310.32051973572015,304.822659763259,309.2614738195936,84680200
2020-09-14,311.69256591796875,313.46073328485505,307.78789928384793,310.7992781526269,65605700
2020-09-15,313.267333984375,314.9710024350509,311.70176891157143,314.14218543935834,52920900
2020-09-16,312.0241394042969,315.92880641145365,311.74784829653964,314.5014007189514,82096000
2020-09-17,309.27984619140625,310.9927613539666,306.65523489152685,307.18016277231743,91523300
2020-09-18,305.7192077636719,310.1942716478776,303.2412847248806,310.0833240814501,105877900
2020-09-21,302.3166198730469,302.4645593357365,297.4717223903731,301.14238742219266,99450800
2020-09-22,305.3955993652344,305.9503654275353,301.2903700074111,303.79605821576513,63612100
2020-09-23,298.3131408691406,306.22771947563723,297.8138486616711,305.9503223752341,93112200
2020-09-24,299.1083068847656,302.1594777085532,295.68727323191223,297.0002185553226,76681300
2020-09-25,303.9439697265625,304.729857674503,297.3885547651494,298.257653382287,71069400
2020-09-28,308.9921875,309.7041195983492,307.1059949203024,308.0953240484511,64584600
2020-09-29,307.3094787597656,309.52851442541044,306.616028350716,308.78884527571864,51304000
2020-09-30,309.6395568847656,312.7831937729049,307.78110035892524,307.9752586146386,104081100
2020-10-01,311.6272888183594,313.19909237726694,309.7503513632841,312.2282733619582,88698700
2020-10-02,308.66864013671875,311.59963625667905,306.2184543549931,306.69000965854815,89431100
2020-10-05,314.14239501953125,314.32729826028697,310.6751418188503,310.72136057489456,45713100
2020-10-06,309.67645263671875,316.37057974539914,309.16793362544905,314.28097349200937,90128900
2020-10-07,315.0669250488281,315.87132309591203,312.5982289095894,312.6259658002967,56999600
2020-10-08,317.85919189453125,317.9239207082548,316.08394633419226,316.99932011187576,45242500
2020-10-09,320.6976623535156,321.15996256500506,318.88545342511554,319.5049199072346,59528600
2020-10-12,325.8569641113281,327.32707559553944,322.7410647815939,323.2311019429976,80388500
2020-10-13,323.7303771972656,325.8939389787219,322.7687847777624,325.718262626604,73255500
2020-10-14,321.6962585449219,325.39466069842285,320.96584443553525,324.30363883511666,57727900
2020-10-15,321.2987060546875,321.7794882050628,317.25820597808996,317.7944619067174,60357700
2020-10-16,321.10455322265625,324.30366342738694,320.9288768497177,322.6486204375523,89501900
2020-10-19,316.2226867675781,322.99074228284945,315.325822981665,322.3620205940744,68425600
2020-10-20,317.4892883300781,320.72538971441617,316.80509306669023,317.5632439464316,60051900
2020-10-21,316.8883361816406,319.6066638803036,316.5832022185799,317.443073902537,63575000
2020-10-22,318.62664794921875,319.2091509309516,314.96523691392366,317.10106236922707,55399300
2020-10-23,319.7084045410156,319.9025627725712,317.25821851614603,319.8470889921267,49143900
2020-10-26,313.8001708984375,317.1194832403807,310.31440902526583,316.333567187947,91473000
2020-10-27,312.7183532714844,314.47508841544396,312.5056850182194,314.1422458102279,65994100
2020-10-28,302.0299987792969,312.7461150486337,301.5399616493468,307.059827691063,127094300
2020-10-29,305.09967041015625,308.2617881868608,300.57836060996675,302.26114022168764,90597700
2020-10-30,301.9190673828125,304.8315534323046,298.27613900813606,303.5278632885841,120287300
2020-11-02,305.3031921386719,307.3003050144453,302.56635348439,305.3031921386719,86068300
2020-11-03,310.693603515625,312.7462184058877,305.38640399016305,308.53004104479305,93294200
2020-11-04,317.6372375488281,321.70547377095147,313.9850545875487,315.15928696801785,126959700
2020-11-05,323.8321228027344,325.63510535784354,322.5561693903892,322.90752215223176,82039700
2020-11-06,323.7581787109375,325.0063952769409,321.4374219661164,323.54551039577217,74973000
2020-11-09,327.82635498046875,336.9059387720614,327.36405472488747,336.52684917649657,172304200
2020-11-10,327.3455810546875,328.39961099114294,324.0817422973662,326.83703383089585,85552000
2020-11-11,329.7772216796875,330.60010132463776,328.2886004326059,329.52756152474734,58649000
2020-11-12,326.57806396484375,329.8234200461745,324.77511031031923,328.7693621605395,67546200
2020-11-13,331.0994567871094,331.8391259274995,327.96504743366876,328.48282147525566,62892200
2020-11-16,335.232421875,335.42658008620566,332.4771021299016,333.762310414162,74541100
2020-11-17,333.42950439453125,334.63150225060855,331.3214158989001,332.8285195747798,66111000
2020-11-18,329.4167175292969,334.24313403742127,329.3797256027603,333.6976230414402,70591300
2020-11-19,330.8036193847656,331.1734540014024,327.44731451105605,328.7879967400085,59940900
2020-11-20,328.5382385253906,330.7480469635193,328.46428291074824,330.54463375254744,70417300
2020-11-23,330.5077209472656,331.7651924296882,328.1130087910506,330.34129961206247,63230600
2020-11-24,335.8333435058594,336.3788543316512,332.19967086716787,333.05028739612465,62415900
2020-11-25,335.3156433105469,335.77794359169803,334.2246214190069,335.75020670349176,45330900
2020-11-27,336.2494812011719,336.7210082758483,335.24164181075275,336.40664748720786,28514100
2020-11-30,334.7608947753906,335.74096916518056,332.08881368370197,335.47282708749947,83872700
2020-12-01,338.4222106933594,339.9570506637227,337.41439969563044,338.0061574648824,74231400
2020-12-02,339.1343078613281,339.29147418331377,336.7395953692992,337.31284330421136,45927000
2020-12-03,339.04180908203125,340.42871003443537,337.94153206913154,339.03255404637883,62882000
2020-12-04,341.9634704589844,341.9634704589844,339.53176684344106,339.62423252861316,50749900
2020-12-07,341.2608642578125,341.75090149337296,339.99416583098116,341.1961354377298,48944300
2020-12-08,342.2593994140625,342.8233922079248,339.9478980295718,339.99411677063375,42458900
2020-12-09,339.18963623046875,343.0729406811119,338.35750157794257,342.9157744265064,74098300
2020-12-10,339.0787658691406,340.1235407764272,336.952167699225,337.82129446332254,57735400
2020-12-11,338.68115234375,339.0879788216525,335.8703871356922,337.38671728522763,57698600
2020-12-14,337.16485595703125,341.9172883370529,336.98917958686485,340.84477647871296,69216200
2020-12-15,341.7231140136719,341.7231140136719,338.329845795208,339.6982365511047,63865300
2020-12-16,342.2593994140625,343.17474493301853,341.05740176418556,341.93578357691985,58420500
2020-12-17,344.1732482910156,344.37666151029305,343.07297154354643,343.895879454076,64119500
2020-12-18,342.7991027832031,344.6283315180656,340.79344881476123,344.4612007715748,136542300
2020-12-21,341.5733642578125,351.4159127548199,336.15997816972384,338.8898932592316,96386700
2020-12-22,340.9976501464844,342.0097572148125,339.87412260631737,341.8983367429737,47949000
2020-12-23,341.30413818359375,343.20763766131074,340.9791428653168,341.96339496968784,46201400
2020-12-24,342.63189697265625,342.6597520909689,341.1926686317637,341.77762611632846,26457900
2020-12-28,345.57537841796875,345.9653500649846,344.5539768762825,345.1760839492796,39000400
2020-12-29,344.9161071777344,347.2746111341923,344.33112134700883,347.0981859364546,53680500
2020-12-30,345.40826416015625,346.4389603203097,345.0182924625775,345.733259466037,49455300
2020-12-31,347.1632385253906,347.8875000497571,344.7026082398412,345.2132949330659,78520700
2021-01-04,342.4369201660156,348.62101162593734,338.75060828235917,348.49100217915696,110210800
2021-01-05,344.7954406738281,345.8818471316903,341.7498244688002,341.7962685644844,66426200
2021-01-06,346.85675048828125,350.0416701451585,342.743317442046,343.29115366008426,107997700
2021-01-07,352.01025390625,352.7530761209453,349.0482028609267,349.2246280958658,68766800
2021-01-08,354.01580810546875,354.22935455515557,350.153071336751,353.39367271496,71677200
2021-01-11,351.6295471191406,353.384476638568,350.72886031003054,350.8495752953006,51034700
2021-01-12,351.7037658691406,352.71587302635754,349.4659767403623,351.8152146876118,52547700
2021-01-13,352.65093994140625,353.6444582491231,350.8495663690164,351.62953817301246,45303600
2021-01-14,351.4158935546875,353.8951124303812,351.0816321351394,353.3936919642144,49989100
2021-01-15,348.85321044921875,350.5988454547158,346.9961266104406,349.80031300572944,107160000
2021-01-19,351.5923767089844,352.1309468672761,349.82815280679114,351.3045309935299,51233300
2021-01-20,356.4579162597656,357.29359819142803,353.48657123958117,353.87654291716206,61836100
2021-01-21,356.7829284667969,357.4422136144088,355.8636810590546,357.0150639404166,47840100
2021-01-22,355.5201416015625,356.6808190235605,354.5544500521419,354.93515564697935,52860500
2021-01-25,356.9222106933594,357.27503278883,351.4159360582794,356.25365943655754,70402000
2021-01-26,356.36505126953125,358.2778450349725,356.1329158287073,357.86928439217473,42665300
2021-01-27,347.6553649902344,353.1430508430368,345.4268701693278,353.05019098865546,123351100
2021-01-28,350.645263671875,354.6379822958076,349.02960991918064,349.46599738570745,94198100
2021-01-29,343.6255187988281,349.7539012035363,341.9541263228981,348.7882096621224,126765100
2021-02-01,349.3453369140625,350.3760048440203,343.91336101234145,347.01468762606163,75817600
2021-02-02,354.2850341796875,355.8357111112943,349.4287797742082,352.5208108168436,64450700
2021-02-03,354.5636901855469,356.2814981741382,353.2915924599428,355.11152644432576,52427100
2021-02-04,358.5935363769531,358.63995212915546,354.67508910571235,355.59433635934124,47142600
2021-02-05,360.0049743652344,360.710675281438,358.54718510912704,360.4599791681368,48669800
2021-02-08,362.60479736328125,362.65121310957915,360.59914406217075,361.45338648457397,38365200
2021-02-09,362.3634338378906,362.95771418565323,361.3606211720995,361.769153490128,35551100
2021-02-10,362.2056579589844,364.2484617335839,359.8100320204573,364.0998916102627,59154400
2021-02-11,362.7904968261719,363.7004778361302,360.36701674347415,363.2826227627068,42913300
2021-02-12,364.5826416015625,364.82404318438233,361.9177030106144,361.9920022182859,50593300
2021-02-16,364.26690673828125,366.0033035639086,363.5519398125603,365.80828939947554,50972400
2021-02-17,364.3505554199219,364.6012515218009,361.5091912477151,362.5213268153556,52290600
2021-02-18,362.7998352050781,363.54265727343494,360.0327705772848,361.7505784893111,59712800
2021-02-19,362.1591491699219,364.34122801938736,361.71343891444184,364.05338233465426,83241000
2021-02-22,359.3735656738281,361.77848576262124,359.1042805920692,359.401420796986,67414200
2021-02-23,359.8099365234375,361.15633342710237,353.0315929249602,357.1728812923066,107284100
2021-02-24,363.77484130859375,364.2019909749651,357.7393191021612,358.7235712258007,72433900
2021-02-25,355.0093994140625,363.8769912428288,353.57017085547034,362.5120335653563,146670500
2021-02-26,353.18017578125,358.0271655270358,351.2024053803291,356.88507715052293,152701600
2021-03-01,361.74127197265625,362.9855428178806,353.3751303176071,358.03639956573255,105348800
2021-03-02,358.9186096191406,362.1963615356677,358.41718903694675,361.9642260505401,79595300
2021-03-03,354.1644592285156,359.18784590388924,354.0623048857202,358.22218274333903,119940200
2021-03-04,349.78173828125,356.5600826850542,345.3061596092031,353.9787373865895,183433000
2021-03-05,356.2165222167969,357.265779064072,346.01185613057277,353.2730320198999,152039600
2021-03-08,354.4430236816406,359.97712560372787,354.1644724397162,357.17293919990277,123149200
2021-03-09,359.5035400390625,362.04773549523804,357.7764375613555,358.2778580660894,113633600
2021-03-10,361.74127197265625,363.4312247093334,360.4320530796693,361.84342629734385,109899400
2021-03-11,365.4090576171875,367.3775617218999,363.7469598417814,364.201964598063,86245000
2021-03-12,365.9011535644531,366.04042915723414,363.2455378059453,364.0533645809201,64653600
2021-03-15,368.0832824707031,368.34327305827475,364.01626458616573,366.15189953144346,73427200
2021-03-16,367.6190185546875,369.40180309295295,366.8483129268186,368.6961305342788,73722500
2021-03-17,368.8725280761719,369.6710604301495,365.1954821103504,366.33759873657715,97959300
2021-03-18,363.50555419921875,368.37110416522074,362.8277084837041,366.2911796002453,115349100
2021-03-19,362.8330078125,364.7800131432064,360.6624031983592,363.20563537867605,113624500
2021-03-22,365.73016357421875,367.10891663764517,363.28942068287944,363.3453133880508,73778600
2021-03-23,362.8515319824219,366.5405922291803,362.0690057743006,365.09665013615654,90686600
2021-03-24,361.0071105957031,365.8793009551312,360.9605428076759,364.24903035889577,97588600
2021-03-25,363.0378723144531,363.82969504622673,357.63467436503356,359.5723827433269,116128600
2021-03-26,368.8882751464844,369.2888490443927,363.58756519155156,364.18376357430776,114409100
2021-03-29,368.70196533203125,369.60560209374427,365.9351623341809,367.4163760803508,108107600
2021-03-30,367.7237243652344,368.3944651831491,366.1306971541533,367.4349359437374,76262200
2021-03-31,369.21429443359375,370.7700506223906,368.2640899656706,368.29203631973724,112734200
2021-04-01,373.2014465332031,373.25736766767085,370.93770669938243,371.14265609357545,99682900
2021-04-05,378.5580139160156,379.0983479190761,375.7819150666603,375.8564291896752,91684800
2021-04-06,378.33453369140625,379.37790224132345,377.6637927050794,377.9991774130732,62021000
2021-04-07,378.7723388671875,379.1170200378233,377.7103490017058,378.16681558663885,55836300
2021-04-08,380.5702819824219,380.626174688792,379.089068404298,380.0206514166771,57863100
2021-04-09,383.33709716796875,383.5048037222059,380.32810213483407,380.4492124791382,61104600
2021-04-12,383.4768371582031,383.7469757570129,382.135355372954,382.74087863290447,56704900
2021-04-13,384.6133117675781,385.2374848347506,382.99236657978923,383.374318989603,56551000
2021-04-14,383.2998046875,385.6380584899132,382.7594706720506,384.58536523914717,61659900
2021-04-15,387.4173583984375,387.68752538741427,385.38651459221114,385.4330823632249,60229800
2021-04-16,388.7123718261719,389.31789515278274,387.2870508261419,388.7030468977185,82037300
2021-04-19,386.8025817871094,388.2279026853113,385.4797498055928,387.7807610260529,78498500
2021-04-20,383.97064208984375,386.6908489859736,382.4987247820928,385.59158768451925,81851800
2021-04-21,387.603759765625,387.808709170284,383.2159832062883,383.35574340510965,66793000
2021-04-22,384.06378173828125,388.265230915813,383.0017917121167,387.4361366812249,97582800
2021-04-23,388.2278747558594,389.6345741269456,384.54813911119874,384.6226532391619,73209200
2021-04-26,389.03839111328125,389.60667156779255,388.2931360312582,388.8800379124394,52182400
2021-04-27,388.95452880859375,389.53213415675737,387.8179963971385,389.33648125494796,51303100
2021-04-28,388.84271240234375,390.342575715046,388.3769209336228,389.2246648182536,51238900
2021-04-29,391.3207092285156,391.93555735176267,387.94838369193803,391.56292987909427,78544300
2021-04-30,388.7496337890625,389.90481621732505,387.8553219330377,389.05707214653626,85527000
2021-05-03,389.5880432128906,391.1158246327663,389.0943053331574,390.73387217038277,68128300
2021-05-04,387.1845703125,388.0975320013042,383.504834060297,387.6037940867692,101591200
2021-05-05,387.3056640625,389.0570447951,386.74670853065714,388.82414902597037,60162200
2021-05-06,390.39849853515625,390.52890537303807,385.3772524687335,387.38015025282107,74321400
2021-05-07,393.23974609375,393.8918654572951,390.4822688320736,391.16233454379056,67733800
2021-05-10,389.3458251953125,393.81741249794896,389.22471484913274,393.59384166171475,81852400
2021-05-11,385.8709716796875,386.8584473474661,382.0049080638009,384.8369282355566,116888000
2021-05-12,377.6731262207031,384.3618863785904,376.35959057471223,383.09494694764567,134811000
2021-05-13,382.2098388671875,384.1382223326197,379.17286945378146,379.2194656575238,106394000
2021-05-14,388.0787658691406,388.92650966267627,384.9113899081225,384.9393362560565,82201600
2021-05-17,387.09124755859375,387.9017484184171,385.0790254407559,386.97016568402825,65129200
2021-05-18,383.7563171386719,387.59443468838975,383.5979355139091,387.3522140021612,59810200
2021-05-19,382.75018310546875,382.9271861523255,377.5985301803542,379.0797721892408,106467100
2021-05-20,386.8677978515625,388.1254406224363,383.5047967743601,383.62587868681237,78022200
2021-05-21,386.5510559082031,389.5880256140857,386.0945893314259,388.3490042918943,76578700
2021-05-24,390.4915771484375,391.5628916889913,388.5445440665606,388.7867646935149,51376700
2021-05-25,389.625244140625,391.9262551656702,389.0476672600288,391.5722490957163,57451400
2021-05-26,390.39849853515625,390.90153289083105,389.1781270673312,390.21217056143115,43088600
2021-05-27,390.6033935546875,391.93555024942225,390.3239016330106,391.4231910374945,56707700
2021-05-28,391.3020935058594,392.42930086674016,391.069197778342,392.1684587891069,58520200
2021-06-01,390.95745849609375,393.7987753351119,390.5196133395258,393.65904356804924,54216600
2021-06-02,391.5723571777344,392.41080480838275,390.6035311110982,391.6096284663476,49097100
2021-06-03,390.1190185546875,391.2555509981351,387.7993858877597,389.26197808041053,58138800
2021-06-04,393.68701171875,393.985125124761,390.1842502722685,391.9635773504691,55938800
2021-06-07,393.304931640625,393.8545620629477,392.3733488713357,393.67755906241075,51555000
2021-06-08,393.388916015625,394.2552814880263,391.563021073544,394.162117490748,47134300
2021-06-09,392.8019104003906,394.301773600504,392.57833960967673,394.22723105049744,48436300
2021-06-10,394.6278991699219,395.5781321168516,392.70884027859677,394.0223758472598,51020100
2021-06-11,395.2799987792969,395.3917841957337,393.8919491424424,395.17753829078254,45570800
2021-06-14,396.16497802734375,396.26743850654356,394.1527554254345,395.39174825118516,42358500
2021-06-15,395.4383544921875,396.3512876197017,394.56266421460623,396.3140447697688,51508500
2021-06-16,393.2304992675781,395.8016775286566,391.19035858653814,395.5781066988787,80386100
2021-06-17,393.1001281738281,394.07827907271417,390.63143860500963,392.8206646111922,90949700
2021-06-18,387.7969665527344,390.51671667728624,387.5913466663332,389.82509911514796,118676300
2021-06-21,393.3486328125,393.53557034735695,388.7409106571749,389.55403474074245,72822000
2021-06-22,395.4515380859375,396.28337300789326,392.6196085187923,393.339292332768,57700300
2021-06-23,394.97491455078125,396.33011186649463,394.89080121581947,395.5263432061953,49445400
2021-06-24,397.3114929199219,397.73205959660106,396.8628599421337,397.11522847080494,45110300
2021-06-25,398.72283935546875,399.17147241602134,397.73213297075046,398.05925946140326,58129500
2021-06-28,399.52655029296875,399.6947769582962,398.04984647065635,399.24617251742296,53159600
2021-06-29,399.74163818359375,400.5454070483023,399.2088917373543,399.9098648962996,35970500
2021-06-30,400.07806396484375,400.7509992918403,399.2555842848848,399.2836220683984,64827900
2021-07-01,402.2930603027344,402.4519600618117,400.76960779298105,400.835038783346,53441000
2021-07-02,405.3680419921875,405.72320623377107,402.3772122424309,403.45206040174946,57697700
2021-07-06,404.6297912597656,405.6392087106553,401.9006847173519,405.4242333128775,68710400
2021-07-07,406.0596618652344,406.34006819983387,403.3025183056718,405.3119686849688,63549500
2021-07-08,402.7511291503906,403.5081778396305,399.57336151548776,400.7510054866028,97595200
2021-07-09,407.0503845214844,407.349473214676,402.55481277928465,404.25584763381096,76238600
2021-07-12,408.50848388671875,408.7608524982303,406.5364262691882,406.9663485206929,52889600
2021-07-13,407.1158447265625,409.21876411942253,406.85414923191337,407.7233490688548,52911300
2021-07-14,407.7232971191406,409.29349840963926,406.4802508086064,408.8074721795963,64130400
2021-07-15,406.3306884765625,407.0596992666777,404.43338933545084,406.38676403559714,55126400
2021-07-16,403.1436462402344,407.55510476141916,402.75111727654803,407.50838463044124,75874700
2021-07-19,397.1900634765625,403.209088281005,394.38617099707693,398.33031422579336,147987000
2021-07-20,402.8819580078125,404.1530707517098,397.0591977452092,397.8536396448114,99608200
2021-07-21,406.1438293457031,406.2840467930264,402.8352566332123,404.0783031286955,64724400
2021-07-22,406.9942932128906,407.23730633204167,405.3400070746696,406.3213579405747,47878500
2021-07-23,411.18145751953125,411.5179109011736,408.2373763394922,408.91963853760046,63766600
2021-07-26,412.1908264160156,412.20018185039044,410.5458957579973,410.59261588453984,43719200
2021-07-27,410.3122863769531,411.18148619614936,407.4896830394306,411.15344841239045,67397100
2021-07-28,410.1440734863281,411.5179820776677,408.7234447581243,410.93851547172494,52472400
2021-07-29,411.84503173828125,412.91985138960683,411.05994533585215,411.0693007705477,47435300
2021-07-30,409.844970703125,411.29363706752343,409.15332449973266,409.2841865056366,68951200
2021-08-02,408.985107421875,412.1067710167303,408.6299431376853,411.5553422417352,58783300
2021-08-03,412.3123474121094,412.43385397257424,407.5924735593852,409.7795060797524,58053900
2021-08-04,410.2842712402344,412.2843664783354,410.0506135217893,411.0319645301903,46732200
2021-08-05,412.8824462890625,412.96655962509095,411.1253360982536,411.4431070974712,38969700
2021-08-06,413.5647277832031,413.9853230057107,412.9198303207797,413.20023664333985,46930000
2021-08-09,413.2283020019531,413.8544886377314,412.4618979342041,413.53671760242094,41222600
2021-08-10,413.7424011230469,414.45272973628727,412.99470781002555,413.67697011442283,43339300
2021-08-11,414.7704162597656,414.8638850355054,413.6862412110491,414.80780947459465,44034300
2021-08-12,416.0135192871094,416.1537367311729,413.72369084389135,414.62092846348145,38909400
2021-08-13,416.7705383300781,416.7892206760995,415.9760965228515,416.4620942233985,39470300
2021-08-16,417.75189208984375,417.8827255582406,413.9199004513762,415.4713908619817,73740000
2021-08-17,415.013427734375,415.87327201338974,412.0319534928369,415.2003367624512,92673900
2021-08-18,410.4711608886719,415.5649103189403,410.22817626839674,414.00406428357036,89351900
2021-08-19,411.1066589355469,412.3030136509168,407.61114913490746,407.7513380397817,92812200
2021-08-20,414.3778076171875,414.70493403052956,410.96641164413415,411.4524378088694,72008700
2021-08-23,418.02288818359375,418.9294809997778,414.4525924726287,416.06015823361497,54973000
2021-08-24,418.6866149902344,419.2193614608607,418.1725793925458,418.6866149902344,38744700
2021-08-25,419.5650939941406,420.0791294982954,418.49960124676494,418.87347636542324,40529700
2021-08-26,417.0882873535156,419.5183042507706,416.9948185830064,419.2846465858296,57829600
2021-08-27,420.8174743652344,421.1913209422029,417.8360001384459,417.89207569885787,77235100
2021-08-30,422.6680603027344,423.4531466839395,421.2474033554113,421.4904164695936,48357400
2021-08-31,422.0419006347656,422.91110047218524,421.4437517278113,422.57464706002395,59300200
2021-09-01,422.26611328125,423.49047714229727,422.03245562039876,422.97644169749003,48721400
2021-09-02,423.5652770996094,424.3690457877398,422.3689509787344,423.6867836507604,42501000
2021-09-03,423.46246337890625,423.9765273755303,422.0324795543075,422.43439243098885,47170500
2021-09-07,421.9483337402344,423.2100907878115,421.2753985497041,423.11662202083113,51671500
2021-09-08,421.434326171875,422.1446546206983,419.51831615140816,421.41564382630884,56181900
2021-09-09,419.6305236816406,422.9858446456514,419.38751055980504,421.23808970978325,57970400
2021-09-10,416.32196044921875,421.9764655786585,416.2004538773262,421.5558988174952,89948200
2021-09-13,417.3874206542969,419.57448188147487,415.07888137909265,419.31278639177305,83738600
2021-09-14,415.1349792480469,419.032373751366,414.24706856986353,418.8267538323482,78197100
2021-09-15,418.6024169921875,419.0977701394543,414.4526542585058,415.5555116773011,78792200
2021-09-16,417.9388732910156,419.05105771787464,414.99476341128366,418.0790622084627,77786700
2021-09-17,413.8677062988281,417.59007902636665,413.5114041887088,417.1681649070518,118425000
2021-09-20,406.966796875,409.3296017705494,402.10987722418974,407.7543985068498,166445500
2021-09-21,406.582275390625,410.59530867420943,406.0572077545702,409.3013817803459,92526100
2021-09-22,410.54852294921875,412.5831820579313,406.69489742536064,408.8514237643601,102350100
2021-09-23,415.53662109375,417.1399803704705,412.17993634176355,412.41434258074156,76396000
2021-09-24,416.22113037109375,416.9337345501658,413.6895313452658,413.9051954031547,62094800
2021-09-27,415.0303039550781,416.3523298980062,414.33644206403306,415.1896841659372,61371100
2021-09-28,406.666748046875,412.5925453791143,405.93540163406385,412.2643708805607,130436300
2021-09-29,407.3511657714844,409.77961092728947,406.78858508585967,408.0449990691309,82329200
2021-09-30,402.3724670410156,409.52652283633495,402.03490711070083,408.82330398006496,140506000
2021-10-01,407.1542053222656,408.8325618141087,400.5814745875316,404.0975677717047,129240100
2021-10-04,401.9035949707031,406.89173823936943,399.7657824946463,405.9916262485337,128570000
2021-10-05,406.0854187011719,408.32632771246665,402.60683774485324,403.4037961536202,90682500
2021-10-06,407.7731018066406,407.97938044868795,400.8721956255004,402.49426854273986,113032200
2021-10-07,411.29852294921875,414.1301397145414,410.86722352719846,411.0453745390407,72437500
2021-10-08,410.54852294921875,412.45192941991166,409.92033014017494,412.06749968548957,74557400
2021-10-11,407.5762634277344,412.79884218436496,407.5106228023292,409.89219860577384,65233300
2021-10-12,406.5730285644531,408.89834932673034,405.7854268419197,408.4951773641328,71181200
2021-10-13,408.0356140136719,408.8513431322092,404.6226741156243,407.594929147859,72974000
2021-10-14,414.89910888671875,415.049132337177,411.22360588560923,411.6924184380236,70236800
2021-10-15,418.0588684082031,418.42455590539737,416.38989699593026,417.0087329506892,66260200
2021-10-18,419.2965393066406,419.6340705825797,415.6210366001597,416.2773855665458,62213200
2021-10-19,422.53131103515625,422.59692303340495,420.30911592133424,420.91859501540216,46996800
2021-10-20,424.19091796875,424.4909648278342,422.878248727811,422.99075914645675,49571600
2021-10-21,425.29736328125,425.5223841474882,423.1595792098458,423.59087874148474,41305400
2021-10-22,424.85662841796875,426.30996431243693,422.91573783259383,424.86601382430814,58845100
2021-10-25,427.1351013183594,427.46327582498486,424.1722311934104,425.9443277467125,45214500
2021-10-26,427.51953125,429.8917216010357,427.1444869339798,428.68220582792407,56075100
2021-10-27,425.62554931640625,428.6447033477546,425.5505232829299,427.9789975244028,72438000
2021-10-28,429.7322998046875,429.80729721502064,427.0413206145411,427.050677407055,51437900
2021-10-29,430.6043395996094,430.89500109987233,427.1445005916558,427.4351620919187,70162400
2021-11-01,431.3450012207031,431.96383713747196,429.61977470154915,431.5887642564896,48433600
2021-11-02,433.08905029296875,433.39848261578646,431.382565655628,431.5138469111382,48908400
2021-11-03,435.7331237792969,436.1362956921223,432.0857485213813,432.52643344894864,52509800
2021-11-04,437.7864685058594,437.87085131761023,435.9862160130472,436.33313266603705,52847100
2021-11-05,439.305419921875,441.29318025230174,437.79585747597196,440.00863863956613,66390600
2021-11-08,439.6805114746094,440.8994412181432,438.9960634954237,440.40250108208477,50405200
2021-11-09,438.2272033691406,440.2806045314554,436.8207657847632,440.0461982673925,51149100
2021-11-10,434.7016296386719,438.2271082413826,433.2201949615556,436.53936633806717,69429700
2021-11-11,434.8423767089844,436.26758515556486,434.8236345082835,436.1925591246675,34848500
2021-11-12,438.1240234375,438.6772187538003,435.1611250038921,436.1081354103615,53466700
2021-11-15,438.2740783691406,439.56800554034606,437.14894545673525,439.40862530276064,46980500
2021-11-16,440.0086364746094,441.14315465497026,437.9364933419403,438.0114907479462,48857500
2021-11-17,438.9397888183594,439.9242836397509,438.3209528739824,439.7461325975495,47858300
2021-11-18,440.4305419921875,440.69307581212365,437.25197993727926,439.9710863467691,50625600
2021-11-19,439.6429443359375,441.56506389702315,439.277256897484,440.3180067810075,57315600
2021-11-22,438.40533447265625,444.0029569483632,438.19905582510415,441.5182563851529,72762000
2021-11-23,438.986572265625,439.83981429620115,435.47986455137675,438.07707503426707,73206500
2021-11-24,440.1586608886719,440.28055671099236,436.17375483241744,436.9894839645097,61858800
2021-11-26,430.34173583984375,434.96422009835896,429.21657442443677,433.50152742675596,112669600
2021-11-29,435.62060546875,437.4583425612124,432.9296261441328,435.1236653350825,86268800
2021-11-30,427.1444396972656,435.08612453579684,426.90064804249147,433.1827469437874,148559600
2021-12-01,422.4000549316406,435.6862135337651,422.2031616971008,432.84521097923056,131939200
2021-12-02,428.86968994140625,430.43553635703284,422.22193180478286,422.61574691393747,127637800
2021-12-03,425.137939453125,431.5887754076615,420.91862695944747,430.5292831950463,137331600
2021-12-06,430.1729736328125,432.0482235973753,425.2691846744251,427.6788877462588,98977500
2021-12-07,439.0710754394531,439.6336562155435,430.0417412560462,435.44247092403845,95484700
2021-12-08,440.23370361328125,440.68377393878586,437.71148993714627,439.4648728181905,72238800
2021-12-09,437.2614440917969,440.3368530852221,437.06455084489505,438.9491577219033,61272600
2021-12-10,441.3775634765625,441.52758690349503,437.41142821807136,439.9617692478392,77159800
2021-12-13,437.46771240234375,441.2088270752524,437.18640772794674,440.86191039613635,87724700
2021-12-14,434.4579162597656,436.6894683893485,431.5419161774256,434.20476780499797,97264100
2021-12-15,441.246337890625,441.49010093703475,432.00134036114184,434.5141971486355,116899300
2021-12-16,437.35516357421875,443.37469964954175,435.8080595359977,443.09342361388826,116568600
2021-12-17,432.7004699707031,437.2827414785998,430.9974086651927,434.28120719660683,135511600
2021-12-20,428.099365234375,428.4945351603184,424.4862394814665,427.62890570329984,107134800
2021-12-21,435.70196533203125,435.8430974441347,429.3507618562461,431.5148641473523,69806300
2021-12-22,440.05841064453125,440.17131633051764,435.25029960943573,435.44791327448115,58890200
2021-12-23,442.79656982421875,444.29262786782226,440.95237627994055,441.0558636062711,56439700
2021-12-27,449.0630798339844,449.11011430535285,444.1232543282057,444.17028879957417,56808600
2021-12-28,448.696044921875,450.5214301033936,447.9339028188725,449.49583182545905,47274600
2021-12-29,449.27001953125,450.28619942831625,447.802188171838,448.7995600259367,54503000
2021-12-30,448.0280456542969,450.70025247373695,447.56700448030426,449.6934621372565,55329000
2021-12-31,446.89898681640625,448.68672759999293,446.6261409158033,447.53883371212675,65237400
2022-01-03,449.4864501953125,449.61819265083415,445.8545162929149,448.15975083339737,72668200
2022-01-04,449.3359375,451.6223929028808,447.48232558918886,450.9072851460478,71178700
2022-01-05,440.7076721191406,449.74050080120287,440.61357447061033,448.96894028365364,104538900
2022-01-06,440.29376220703125,443.00361427869063,437.93204566833504,440.24672772971405,86858900
2022-01-07,438.5529479980469,441.479221117935,437.1980222953608,440.3030723284207,85111600
2022-01-10,438.0072326660156,438.22362566846715,429.62364055153137,435.36325245373706,119362000
2022-01-11,441.99676513671875,442.0908627934465,434.751676287286,437.7438209696161,74303100
2022-01-12,443.1916809082031,445.2429062617321,441.2345819172256,443.7280116585806,67605400
2022-01-13,437.08514404296875,444.9418241930247,436.05954567988096,444.29258772329274,91173100
2022-01-14,437.2639465332031,437.6120820227763,432.7287093594842,433.9425030975037,95890900
2022-01-18,429.5201110839844,432.7851012078921,428.40983354006795,432.5780978764357,109709100
2022-01-19,425.0601806640625,432.455790611051,424.7873060995941,431.0632487949444,109357600
2022-01-20,420.3556213378906,431.6372325182061,418.2385532953383,426.9420552480534,122379700
2022-01-21,412.1037902832031,421.58824292541317,412.07556385655806,419.23594498974285,202271200
2022-01-24,413.85382080078125,414.3619251147175,395.901098425589,406.50524550753806,251783900
2022-01-25,408.8011474609375,413.7409730372485,401.9136123373261,407.4744480032651,167997300
2022-01-26,407.7755432128906,417.80574473347866,403.5225703047687,414.6818862839636,186391100
2022-01-27,405.761962890625,415.50048178403745,404.07773829561154,412.36723366568094,149878300
2022-01-28,415.8392333984375,415.88626787051186,402.54404110046244,407.1168944257264,164457400
2022-01-31,423.328857421875,423.67699284659494,413.8255700778436,415.17107731403024,152251400
2022-02-01,426.1893310546875,426.82914917104256,420.5343978995624,424.0534262540882,123155400
2022-02-02,430.3293762207031,431.05387362428513,426.28340667304684,428.58867006151223,117361000
2022-02-03,420.21453857421875,426.20818954221386,419.3771066671292,424.30754301354284,118024400
2022-02-04,422.1904296875,426.0293671450485,417.6081293545503,419.97926396514714,118454400
2022-02-07,420.8354797363281,424.3450895509773,419.50878037886775,422.95254768054906,84472900
2022-02-08,424.2979736328125,425.2200844976408,418.9159163436349,420.3367130799007,81012000
2022-02-09,430.50811767578125,430.82802671260504,428.1275935863995,428.32517855026134,92589900
2022-02-10,422.77374267578125,430.6680383540824,420.778998939607,424.67438876665915,140103700
2022-02-11,414.43719482421875,424.9284364407401,413.00700821201644,422.858431768966,153214600
2022-02-14,413.0822448730469,415.5098319487012,409.6196698794952,413.92909493615394,123006300
2022-02-15,419.7439880371094,419.91334657222757,416.99649181538837,417.51401451434305,88482700
2022-02-16,420.21453857421875,421.5882726253458,415.8298514674891,417.7022715675266,84863600
2022-02-17,411.2381591796875,420.18631030686123,410.63598579994795,417.03422512188433,102259100
2022-02-18,408.5752868652344,412.74355133918664,406.30766852315804,411.49211293034836,132642900
2022-02-22,404.19061279296875,409.7702560003978,400.6997823601273,406.37355193227506,124391800
2022-02-23,397.0208435058594,407.6626367061376,396.45628627766916,407.0980794779474,132578000
2022-02-24,402.99566650390625,403.42850999389174,386.3790593344902,386.73658449661104,213942900
2022-02-25,411.8872985839844,411.97197784953823,402.5815957478885,404.22820402320997,121804500
2022-02-28,410.8334655761719,412.31071529051957,405.2538228246702,406.5052324542038,145615000
2022-03-01,404.57635498046875,411.3415647709706,401.8758933767992,409.3374027412006,137785900
2022-03-02,412.01904296875,413.74091213892484,406.0724278778105,406.825151607102,117726500
2022-03-03,409.9678649902344,415.0488225356622,408.1707060110163,414.44664922565886,105501700
2022-03-04,406.6370544433594,407.7661402300269,402.60050312317946,406.2418557535522,113978200
2022-03-07,394.6496887207031,406.7593128666358,394.5838174926232,406.0536235461076,137896600
2022-03-08,391.65753173828125,401.9699958852327,390.5942886794115,394.82842415766316,164772700
2022-03-09,402.15826416015625,404.13420015154503,397.8394486342406,400.02238799071915,116990800
2022-03-10,400.34222412109375,401.2360799371363,395.5999843486872,397.55708322285636,93972700
2022-03-11,395.251953125,403.4379333067606,394.7438486939216,402.8263415419944,95636300
2022-03-14,392.36328125,399.46720926881693,391.22477713105775,396.0234704863825,95729200
2022-03-15,400.99151611328125,401.62191584683524,393.6993928949382,394.969610741959,106219100
2022-03-16,409.8831787109375,409.9396315604553,399.7024270341616,404.4917305799787,144954800
2022-03-17,415.0111083984375,415.0111083984375,407.5966628313028,407.97302465046084,102676900
2022-03-18,419.5567321777344,419.87763507524926,412.66669551110175,413.4028912886427,106345500
2022-03-21,419.4339599609375,421.3876910089302,415.93228540426605,419.3867505787019,88349800
2022-03-22,424.3420104980469,425.27640505720075,420.8214687288552,420.8214687288552,74650400
2022-03-23,418.87713623046875,423.303758234989,418.79219389310117,421.8125003060186,79426100
2022-03-24,425.19140625,425.2008538879378,419.7832096061072,420.8969363393452,64736900
2022-03-25,427.2679138183594,427.5416361124458,423.2471369609336,425.8238364518409,77101300
2022-03-28,430.3070373535156,430.3070373535156,424.7855555376232,426.6732396590378,68529800
2022-03-29,435.63037109375,436.1211874892994,431.50578514438973,434.18629362949696,86581500
2022-03-30,432.9404296875,435.30003519309184,430.83565120715195,434.4883159212036,79666900
2022-03-31,426.27691650390625,432.997068540125,425.8238618663555,432.1759304126346,121699900
2022-04-01,427.48504638671875,427.9947004651948,423.9173238184881,427.85312988784034,89048800
2022-04-04,431.1471252441406,431.2509628688752,426.8621021980193,427.6832403411355,59601000
2022-04-05,425.7011413574219,432.11925672118474,424.5591003737765,429.65584243367965,74214500
2022-04-06,421.4443054199219,423.7189680205385,418.5655989374051,421.7935511434467,106898000
2022-04-07,423.5680236816406,425.3802132507673,418.62230012164184,420.5666126114327,78097200
2022-04-08,422.43548583984375,425.3236408416978,420.8970183524694,422.8130169818533,79272700
2022-04-11,415.215087890625,420.00979376147524,414.7148526591951,419.1697603481383,89770500
2022-04-12,413.6766662597656,420.71772203401963,412.1287510001065,418.197650318671,84363600
2022-04-13,418.4146423339844,419.16970449840653,413.25182485427155,413.4311571589825,74070400
2022-04-14,413.2046813964844,419.7549485147844,413.1008437773758,418.64119283709516,97869500
2022-04-18,413.3745422363281,415.0545800894282,411.14705981320014,412.27968190004844,66002500
2022-04-19,420.0475158691406,420.76481631207815,413.10082271070314,413.2707073837323,77821000
2022-04-20,419.7359924316406,422.43539568830266,418.5750851378038,421.8219041129893,65224400
2022-04-21,413.4594421386719,424.73836604910855,412.5533618444505,423.3509170968134,85417300
2022-04-22,402.114501953125,413.47834025677906,401.5481909244776,412.3740611145033,132471800
2022-04-25,404.4458312988281,404.61571598232445,395.31886452951045,399.87763849644267,119647700
2022-04-26,392.7327575683594,402.11455163658286,392.70444345361744,401.9163240296101,103996300
2022-04-27,393.8370361328125,399.1697677643689,391.7039722839688,393.8087220181219,122030000
2022-04-28,403.7851257324219,405.51237307337215,394.1485050200903,398.5751272035263,105449100
2022-04-29,388.8630065917969,401.95409397695,388.11736315002133,399.8021348013602,145491100
2022-05-02,391.2037658691406,392.5629010819542,382.27499699533837,388.92910247552595,158312500
2022-05-03,392.9970397949219,395.4038260055901,390.14661777180356,391.7039805238848,100028200
2022-05-04,404.9649353027344,405.53124638806986,390.4769516548114,393.65769528593023,144247900
2022-05-05,390.57135009765625,401.1329469341785,386.44676416954945,400.7082064100307,172929100
2022-05-06,388.2401123046875,391.5057988001708,382.9451704991035,388.01359935584884,151770800
2022-05-09,375.8096923828125,383.5869435337957,374.23346310540126,382.3505124543199,155586100
2022-05-10,376.6779479980469,383.27539519585025,372.6477525173204,381.7746896823651,132497200
2022-05-11,370.69403076171875,381.35001745771194,369.94838734516037,375.7152782695393,142361000
2022-05-12,370.3070983886719,373.57278480387015,363.52086969331447,367.5038855005772,125090800
2022-05-13,379.1602783203125,380.53827982576547,373.3933876739787,374.43161982347493,104174400
2022-05-16,377.621826171875,381.2839385536254,375.27166828724563,377.5180173546355,78622400
2022-05-17,385.3896484375,385.62560898408395,379.9719747013643,383.70016285890136,83029700
2022-05-18,369.8539733886719,381.12345103452697,368.61754246873323,380.840309909265,117674500
2022-05-19,367.58868408203125,372.00588637460305,365.3706497007624,366.79586028689556,98510700
2022-05-20,367.74920654296875,374.7336324078952,359.1696852051724,371.16591037827914,131432200
2022-05-23,374.62982177734375,375.39433157969796,368.457086332618,370.7694822124612,76414900
2022-05-24,371.76995849609375,372.9591798912348,365.2291112058376,370.5146324408455,91448800
2022-05-25,375.0545349121094,377.0177426324369,369.88229858000193,370.2786961363731,91472900
2022-05-26,382.54864501953125,384.18150224653084,376.07390194163645,376.28154835892093,82168300
2022-05-27,391.9399108886719,392.0531673410909,384.80446634850006,385.0026651402334,84768700
2022-05-31,389.7406921386719,393.07245343451956,387.0035559449801,390.3258696030877,95937000
2022-06-01,386.5882873535156,392.86483164009155,384.0776638781302,391.8549424707136,86585800
2022-06-02,393.9503173828125,393.9974979722233,384.18154466114504,386.42789374965014,79609600
2022-06-03,387.4849853515625,390.78843305581245,386.5128290364629,389.2405180200075,71874300
2022-06-06,388.664794921875,393.21409252066996,387.49441098526677,391.48687393580764,57508900
2022-06-07,392.3929748535156,392.8460295110228,384.71953261443264,385.18203491181913,59272400
2022-06-08,388.1268005371094,392.4684805286195,387.33397652533813,390.6846048993001,64350000
2022-06-09,378.8959655761719,388.6175274447086,378.8959655761719,386.352312221375,86289800
2022-06-10,367.9096374511719,373.55382355387263,367.862456867888,372.70437142833873,132893900
2022-06-13,353.9408264160156,360.3683895194282,352.3362831480851,358.5184668650851,170004900
2022-06-14,352.8742370605469,356.71568127410126,349.7784361620524,355.68689685396777,104011800
2022-06-15,357.9049987792969,362.3410401471121,351.2225794060758,356.1683036625761,125666800
2022-06-16,346.0596618652344,350.10875209070366,343.63398102406296,349.7029069455722,134473300
2022-06-17,346.8056945800781,350.1423885814665,343.30789944734585,346.4739460122469,111113900
2022-06-21,355.5361328125,356.9200870230244,352.4459063417937,352.521756092844,76811900
2022-06-22,354.8915100097656,358.99598772773135,350.90074904768903,351.3178358414842,90059400
2022-06-23,358.37042236328125,359.1003099203532,353.4696950419875,357.0243929538025,79292100
2022-06-24,369.7643737792969,369.7738622299875,361.5080041964566,361.53644062032527,98050300
2022-06-27,368.35198974609375,370.97771602411575,367.2618882407592,370.6838633295004,66009600
2022-06-28,360.825439453125,372.68391795995,360.7116937770823,369.9065216331798,86548900
2022-06-29,360.5316467285156,362.3611241546952,358.71165775298255,361.3753088463661,65676000
2022-06-30,357.6025085449219,360.8349164010324,353.1567653026987,356.64510092174794,112508300
2022-07-01,361.384765625,361.8208293565842,354.33224330989844,356.94850998659183,74839700
2022-07-05,362.0672302246094,362.0862071237408,353.4790840960441,356.30389388763615,81438000
2022-07-06,363.29010009765625,365.7736442291068,359.8302001680812,362.2094581257224,70426200
2022-07-07,368.7311096191406,369.52735833895935,363.3090102076316,365.06266665246835,64525900
2022-07-08,368.4277648925781,370.29516685698064,365.5745188691098,367.1006548819058,72397800
2022-07-11,364.21905517578125,366.72154716840924,363.52706364959664,365.7546798643806,58366900
2022-07-12,360.9961242675781,366.0485507559225,359.25195608212715,363.66926385832295,62219200
2022-07-13,359.10028076171875,362.02937706003513,355.14747320454023,355.5645600399159,84224600
2022-07-14,358.22821044921875,359.30882348190096,351.71600904471353,354.1521398256336,89704800
2022-07-15,365.0721435546875,365.1858892356065,360.7211976903377,362.62649570213034,79060400
2022-07-18,362.0577697753906,368.825898190188,360.8349458407432,368.1528836213448,63203600
2022-07-19,371.8402404785156,372.4089977632134,365.3185809223327,365.9726185323084,78506000
2022-07-20,374.2100830078125,375.62250240338216,370.6648741646818,372.02988023942527,71843800
2022-07-21,378.020751953125,378.06813634762244,371.2336461823122,373.63188089355765,64903900
2022-07-22,374.51336669921875,379.33827161369254,372.29523939989383,378.1439131775614,72197300
2022-07-25,374.968505859375,375.8216275834664,372.73140090229776,375.13912441855206,53631500
2022-07-26,370.5321350097656,373.5370225526236,369.6410886834943,373.3284791799176,52946400
2022-07-27,380.1535949707031,381.89776315262577,373.52761885571124,373.82147154826214,82342100
2022-07-28,384.92156982421875,385.61353235014826,377.4140367716771,380.95927437369363,73966600
2022-07-29,390.5332946777344,391.51913892921795,385.58515437514285,386.3529667558723,87003700
2022-08-01,389.3768005371094,391.8793213752261,387.1302364241008,387.8411758992656,69997500
2022-08-02,386.8079528808594,391.4906766053588,385.63254218875403,387.8127450392465,63435400
2022-08-03,392.86517333984375,394.0310955881913,388.6469207989162,388.931285023342,67820600
2022-08-04,392.5997009277344,393.4717703766951,390.9597903262571,392.7892674075008,45656600
2022-08-05,391.9361572265625,392.5807353471059,388.26771450946586,388.3245873478551,56814900
2022-08-08,391.4811706542969,395.87004150956847,390.3815808280443,393.62347746477167,53886100
2022-08-09,389.92657470703125,391.25365582181684,388.85542136603334,390.7512597952123,44931800
2022-08-10,398.11663818359375,398.2588492285253,395.01695232609546,396.96966387104465,68665700
2022-08-11,398.11663818359375,402.81833898357877,397.37726224840134,400.9603962309802,59489700
2022-08-12,404.85638427734375,404.9606415265143,399.1025065374671,400.05042594390983,61694500
2022-08-15,406.52459716796875,407.04597006301,402.59073843868015,402.6476112740378,54048300
2022-08-16,407.3209533691406,409.24522847882577,404.64781387838514,405.45355110579476,59289000
2022-08-17,404.42974853515625,407.1313242254354,402.42965277199465,403.7282975362389,63563400
2022-08-18,405.60516357421875,406.2876376325339,403.3396227828059,404.62877901944364,49023200
2022-08-19,400.15460205078125,403.11210515684974,399.28250370833194,402.84668895318197,68016900
2022-08-22,391.8224182128906,395.5003494416631,390.92188337608326,395.329701995395,77695600
2022-08-23,390.8745422363281,393.7846615275958,390.32473282411485,391.3958862975145,49105200
2022-08-24,392.12579345703125,393.49077064865355,389.96453858867704,390.6470127203874,49177800
2022-08-25,397.6615905761719,397.70897496462175,392.52385581312956,393.6139571012594,50942300
2022-08-26,384.201171875,398.0881839321778,384.1442990308555,397.547891912805,103087000
2022-08-29,381.6607360839844,384.70354880710715,380.3052184856568,381.25313774516417,65370800
2022-08-30,377.4709167480469,383.0541750206006,375.3760233037477,382.81719520790887,85652400
2022-08-31,374.5987548828125,380.3431437236325,374.4660612189248,379.10137171228644,76029700
2022-09-01,375.774169921875,376.1154069737023,369.7264403478649,372.4280160542996,78740100
2022-09-02,371.8118896484375,380.6465052435593,370.00136015495065,379.4331695900639,99632100
2022-09-06,370.4089050292969,373.59389956272736,368.19077763747265,372.65546883916255,76637400
2022-09-07,377.06329345703125,377.83110568507885,369.8780787401788,370.0960816393788,70964200
2022-09-08,379.5279541015625,379.9829368756566,373.59396971166063,374.79784580059123,80821700
2022-09-09,385.42401123046875,386.28662130528346,381.49961125899546,381.7650275183075,76706900
2022-09-12,389.5664367675781,390.2868647682197,387.18714981782034,387.49049096842776,69256300
2022-09-13,372.6271057128906,382.1062993004574,371.5085678123265,380.9024232007864,122947100
2022-09-14,374.04901123046875,375.5656880974877,370.75024121431795,373.925777076594,85023700
2022-09-15,369.8022766113281,375.33812191068284,368.53206820723454,372.49436398050875,87633800
2022-09-16,366.98114013671875,367.6378936491365,363.69737257463,365.62958149307445,103084800
2022-09-19,369.8269958496094,369.8269958496094,363.7639505998914,363.84011191988435,73278500
2022-09-20,365.5819091796875,367.51408871168167,362.83118428153335,366.5051690967704,77274900
2022-09-21,359.2048034667969,370.5504007332188,359.19527603958755,367.504586823731,106746600
2022-09-22,356.1875305175781,360.07091552367,355.44511739669144,358.4337956869669,89472600
2022-09-23,350.21966552734375,352.7609904104437,345.78421269474035,352.7229097506912,122346900
2022-09-26,346.75506591796875,352.3707580104209,345.53674617910787,348.7538794551558,92581200
2022-09-27,345.8699035644531,352.5516221250691,343.48084301099055,350.28630194167937,108294100
2022-09-28,352.67535400390625,354.3600529595543,345.127482081543,346.8217084645166,110802200
2022-09-29,345.3083190917969,349.42013004160674,342.3672197883283,349.13459770031216,112952300
2022-09-30,339.9685974121094,348.2779362644351,339.83535868204586,344.36596930372804,153711200
2022-10-03,348.9441833496094,350.79070306991537,341.9007722856018,343.6806581182504,89756500
2022-10-04,359.7568054199219,359.7853586515844,348.90614168269303,354.4551993806732,103602800
2022-10-05,358.9192810058594,361.17507392455065,353.07516233117366,355.39758915348943,88065700
2022-10-06,355.2167053222656,360.47070383972516,354.72174385776447,357.5200770483229,82333500
2022-10-07,345.3083190917969,355.30235769557754,343.547458861724,351.19051769873397,107789500
2022-10-10,342.6717529296875,346.659852271921,340.43501530969775,346.42189898919605,76042800
2022-10-11,340.5016174316406,345.5367169870272,338.5694379532379,340.9775239932869,92482800
2022-10-12,339.3785095214844,342.4814298234217,339.13102879643657,340.91094386553914,76991800
2022-10-13,348.3351135253906,349.80091413619516,331.335712933563,332.38271336985196,147254500
2022-10-14,340.39691162109375,352.41831529855494,339.7591840858435,350.79069404097305,123737000
2022-10-17,349.1441345214844,350.24824134925336,340.06382821256403,346.46954168027236,93168200
2022-10-18,353.24639892578125,357.35823847132036,349.81033854515664,357.0536513093477,97162900
2022-10-19,350.74310302734375,353.9316825006344,347.93524295824557,351.2094821189524,79746900
2022-10-20,347.8020935058594,354.71226720130164,347.04062545500517,350.2958396474553,88283100
2022-10-21,356.2541809082031,356.7395859020458,346.02218871676973,347.5260408349085,131038400
2022-10-24,360.6134948730469,361.74615500669046,355.1310410528587,357.77710987202045,85436900
2022-10-25,366.3719482421875,366.6860338162217,360.4231157662592,360.5373287022716,78846300
2022-10-26,363.6116638183594,368.9037428227225,362.97396524839513,363.23094435236135,104087300
2022-10-27,361.6699523925781,366.44804370025827,361.0512506396155,364.61105138754175,81971800
2022-10-28,370.2743225097656,370.7502290607999,361.3843916220893,361.5652384352448,100302000
2022-10-31,367.5997314453125,369.6842044707059,366.69552642305183,367.81865891657014,96631300
2022-11-01,365.9911804199219,371.5783479860967,364.8204688405162,371.34039469961164,85407600
2022-11-02,356.8062438964844,369.90320408108596,356.7015583770088,365.40111675587,126990400
2022-11-03,353.1322326660156,356.1685191668986,351.01920615203176,353.5700586148132,87100100
2022-11-04,358.21490478515625,360.61346359996287,352.170885136249,358.8335775577456,103505200
2022-11-07,361.6413879394531,362.2315073959389,357.4343613850076,359.5093069084671,68286900
2022-11-08,363.5926208496094,366.5622732100706,359.5188617569453,362.745493209243,84641100
2022-11-09,356.10186767578125,362.77408732506177,355.6069062348671,361.6223724698831,78495500
2022-11-10,375.6711120605469,376.00425245255667,367.0572151863192,369.3510591794325,141455800
2022-11-11,379.3070068359375,380.1065262679985,374.643099911707,376.52770010322564,93839900
2022-11-14,376.08038330078125,380.89655521020984,375.8043493716394,377.5461835918774,71903500
2022-11-15,379.28802490234375,382.9239582221826,375.4807721813481,381.8198514474499,93194500
2022-11-16,376.39459228515625,378.6123045593404,375.76639200285024,377.6604912310654,68508500
2022-11-17,375.24285888671875,375.9186672305997,371.3404476693323,371.64500584373235,74496300
2022-11-18,376.9466247558594,378.6408512891868,374.1007122482851,378.5742173860638,92922500
2022-11-21,375.57598876953125,376.746729530004,373.73899615884227,375.62359686049797,51243200
2022-11-22,380.630126953125,380.79194799230964,376.1090138482937,377.51770796736366,60429000
2022-11-23,383.0287170410156,383.5141220670557,380.0685626038953,380.2969884985024,68261600
2022-11-25,382.94293212890625,383.49499996496786,382.1910207322794,382.46702560328106,30545400
2022-11-28,376.8323974609375,381.49627670237254,376.07092941217024,379.8591567063179,67881600
2022-11-29,376.18511962890625,378.1553507626501,374.34809818392904,376.96558433179973,52310000
2022-11-30,388.03515625,388.03515625,374.51942770651925,376.4325522787015,144566700
2022-12-01,387.7496337890625,390.2433795179694,385.24636063389784,389.07263892248426,76398200
2022-12-02,387.3022766113281,388.20648163885994,382.7621385272809,382.8668240269508,85342700
2022-12-05,380.3350524902344,385.4177317516839,378.9834939436765,384.48497335823737,77289800
2022-12-06,374.8525695800781,380.7157422182558,372.7681254520418,380.17323078475664,77972200
2022-12-07,374.21490478515625,376.57541212687585,373.0822446819997,374.005504706076,65927900
2022-12-08,377.14642333984375,378.212449392276,374.3195371968257,376.0994521400108,60737900
2022-12-09,374.3290710449219,378.45993659247966,374.205330689029,375.9090843451082,81447700
2022-12-12,379.72589111328125,379.72589111328125,374.45283780553007,375.11908962319546,75405800
2022-12-13,382.6003723144531,390.7098107273862,379.8401197057134,390.45283160745686,123782500
2022-12-14,380.1541748046875,385.9602409589763,377.21307559103866,382.257673780074,108111300
2022-12-15,370.8550109863281,376.20419694431035,369.19886518287717,375.2999627142446,117705900
2022-12-16,366.47662353515625,369.641590174743,364.3443519350762,368.3029384387337,119858000
2022-12-19,363.36895751953125,367.0024734712642,361.70520704366805,366.66780330486046,79878100
2022-12-20,363.86627197265625,365.48222528681765,361.2941346468216,362.61367325179793,74427200
2022-12-21,369.3070068359375,370.43529710542805,365.92210684704196,366.4575676251196,78167400
2022-12-22,364.0383605957031,369.28780122976565,358.3490543275083,366.2662563964438,100120900
2022-12-23,366.1324157714844,366.2758375341586,361.46623322301946,363.0152466207401,59857300
2022-12-27,364.68853759765625,366.3618594408892,363.0152157544233,366.01764723973866,51638200
2022-12-28,360.1562805175781,366.59140954936333,359.92680568793685,364.62164360006597,70911500
2022-12-29,366.63922119140625,367.50935219451696,362.47024348311885,362.99616222851824,66970900
2022-12-30,365.67340087890625,365.8168226274327,361.8486652893112,363.9618527124626,84022200
2023-01-03,364.1340026855469,369.4981809896888,361.2749926451564,367.52844425814527,74850700
2023-01-04,366.9451904296875,368.9722958919306,363.3499291613042,366.3905873546689,85934100
2023-01-05,362.757080078125,365.10928447945327,362.1642506841692,364.9945470716449,76970500
2023-01-06,371.0758361816406,372.19458418736764,362.7857380848977,365.8455090657922,104189600
2023-01-09,370.8654479980469,376.4495872696216,370.68379991549534,373.2654787600865,73978100
2023-01-10,373.4663391113281,373.53327899556643,369.34518834804146,370.28225918611713,65358100
2023-01-11,378.18988037109375,378.26639143115705,374.231293835196,375.04405606095594,68881100
2023-01-12,379.5668029785156,381.02976337180365,375.2257485082276,379.2895306207411,90157700
2023-01-13,381.0392761230469,381.61299228704434,376.10536380133436,376.3730941204777,63903900
2023-01-17,380.3412780761719,382.6935115955875,379.6623956443495,381.0201896884126,62677300
2023-01-18,374.3363952636719,382.58826631918953,374.1356048315,381.5269162830095,99632300
2023-01-19,371.6113586425781,373.94442072442195,370.2918200719056,372.2997830998825,86958900
2023-01-20,378.5340270996094,378.687020001049,371.36264898444676,373.0072861994072,91806400
2023-01-23,383.075927734375,385.0074085420892,378.38106168560785,379.337245503758,84178800
2023-01-24,382.6648254394531,383.57318267652687,380.21699688122226,381.40265563212273,59524900
2023-01-25,382.8082275390625,383.1428977378186,376.31573073269413,378.6010242444025,84800300
2023-01-26,387.0154113769531,387.1779754700334,382.5022224600164,385.4663982164665,72287400
2023-01-27,387.9046630859375,390.2760095744735,385.762820567528,385.97318218490153,68346200
2023-01-30,383.0376892089844,387.37877210654403,382.7412745466371,385.1508473703547,74202000
2023-01-31,388.66961669921875,388.7174142189188,383.20978597821664,383.554027333468,86811800
2023-02-01,392.8003234863281,395.5445957142965,384.7205872650518,387.4552591361378,101459200
2023-02-02,398.518310546875,399.98127069479483,394.78919930515946,396.6824246845757,101654500
2023-02-03,394.28240966796875,398.69997431086017,393.07760869975664,393.55570061661354,94736800
2023-02-06,391.87286376953125,393.2689133762878,390.2186841761235,391.834637420615,60295300
2023-02-07,396.9979553222656,398.24098259343725,389.7118394155706,390.9548666867422,90990700
2023-02-08,392.6568908691406,396.36688886374986,391.96843733219856,395.0282373142556,76227500
2023-02-09,389.2529296875,396.4051963035193,388.0290153704697,396.2522033663381,78694900
2023-02-10,390.1612854003906,390.54375312300726,387.26404936045475,388.07678232835883,70769700
2023-02-13,394.7414245605469,394.8753043260224,390.352543539111,390.8115223602018,64913500
2023-02-14,394.5597229003906,396.864100329501,390.6106788806823,393.22104214899304,88389300
2023-02-15,395.84100341796875,395.9174852871057,391.52860488743005,392.3700513500147,61555700
2023-02-16,390.3907165527344,394.81785216860595,390.25686599597043,390.8783796232902,76431500
2023-02-17,389.41552734375,389.6545733573568,386.3461555191352,388.2680948062688,89257800
2023-02-21,381.6034240722656,386.4512833840668,381.3452649276504,385.39947527197734,82655900
2023-02-22,381.0775146484375,383.55402728513724,379.62409654042705,382.0145561334285,83742300
2023-02-23,383.1045837402344,384.57711488176614,378.88780991249257,383.9651432768238,96242400
2023-02-24,379.01214599609375,379.8440212478962,376.3922116756281,378.0942177024235,108194400
2023-02-27,380.3030090332031,383.707021167783,379.3659383654355,382.3492272761536,80444700
2023-02-28,378.8974609375,381.78512595829335,378.79226552930106,379.82496053517093,96438600
2023-03-01,377.4440612792969,379.30863174384257,376.1436650512144,378.0847173960627,99706800
2023-03-02,380.3794860839844,381.22093252105213,375.13958820432623,375.47425838003477,85127800
2023-03-03,386.47998046875,386.7285976253681,381.54606794616154,382.1962660076362,90120000
2023-03-06,386.7477111816406,389.59714976739536,386.3078747490803,387.3022850157021,72795900
2023-03-07,380.8193359375,386.9389359941927,380.2073934400801,386.69989002886615,108310600
2023-03-08,381.4408874511719,382.19625170885286,379.212962662717,380.9341111603913,74746600
2023-03-09,374.40338134765625,383.88873887527785,373.41851305631604,382.2249589763906,111945300
2023-03-10,369.0008850097656,375.9332173953836,367.4805563054659,373.85828575920306,189253000
2023-03-13,368.4749755859375,373.28460811867615,363.9713580532645,365.0805347641921,157790000
2023-03-14,374.5660095214844,376.2106473473908,370.0910457381612,373.38989256874834,149752400
2023-03-15,372.22332763671875,372.4241181176825,366.8973754488771,368.9818788651893,172996900
2023-03-16,378.7539978027344,379.0982391870772,369.36429390384325,369.87107021323396,143254200
2023-03-17,374.3253173828125,378.55818505074,372.9431553160695,377.4255889740926,140553400
2023-03-20,377.92474365234375,378.3374942216171,374.4021719427654,375.1028314855244,93055800
2023-03-21,382.8870849609375,383.3670015855469,379.69082383763816,381.28415054635593,91524200
2023-03-22,376.3601989746094,386.3232727268631,376.3218267349629,382.71431965042825,111746600
2023-03-23,377.3775939941406,383.25176789780386,374.6708576136584,379.2204571484992,119351300
2023-03-24,379.8539733886719,379.9403548581303,373.75902695920195,376.1010222149094,107682400
2023-03-27,380.5643005371094,382.8967177472465,379.671662586895,382.12883352250185,74010400
2023-03-28,379.71002197265625,380.5642582938647,377.8767370350477,379.8731772141997,62871700
2023-03-29,385.2290954589844,385.4690537806492,382.6663276952182,383.86611930354206,77497900
2023-03-30,387.4847106933594,388.10859647318574,385.62263176835995,387.8590304445402,69840000
2023-03-31,392.9461669921875,393.2437129705157,388.3005480641613,388.40614495841936,112062600
2023-04-03,394.4434509277344,394.84656445369103,392.03426030988214,392.42779542260035,67391100
2023-04-04,392.25506591796875,395.37452397054454,390.88248211307797,395.08655642138893,66601500
2023-04-05,391.2279968261719,392.2838191469049,389.577082640603,391.52554275858984,65200200
2023-04-06,392.754150390625,393.0325102209904,389.3851264771968,390.4313411526847,63743300
2023-04-10,393.15728759765625,393.2340906618624,389.6635097627265,390.277787817443,63681000
2023-04-11,393.2628479003906,394.6641961280183,392.4949930804865,393.78116601430696,59297900
2023-04-12,391.6598815917969,395.61441853712375,391.0743974655557,395.32645103436823,86420400
2023-04-13,396.86224365234375,397.21737725795947,391.60234704835096,392.7445509263928,85814800
2023-04-14,395.89276123046875,398.41712702758065,393.5891675964206,396.22870868146754,78161500
2023-04-17,397.3133544921875,397.3325406110166,394.577824032139,395.8064093482449,66436400
2023-04-18,397.572509765625,399.0218673008723,396.1999552913603,398.8874765900454,63560000
2023-04-19,397.50531005859375,398.4075262603893,395.60482989922565,395.66241754419593,55227300
2023-04-20,395.3360900878906,397.0829934844094,393.7907434550367,394.6929889766768,75840400
2023-04-21,395.64324951171875,396.10395069254025,393.6947893230702,395.6336418065236,73457400
2023-04-24,396.0560302734375,396.4783592805185,394.10756979195463,395.4417228843057,64332100
2023-04-25,389.7690734863281,394.6450428024144,389.7114858346393,394.0883231137075,97766700
2023-04-26,388.1181335449219,391.4583635816679,387.56144318468967,390.3833550986097,80447000
2023-04-27,395.8448181152344,396.11357024267807,390.40255091976803,390.65211692803183,92968400
2023-04-28,399.2234191894531,399.23302689490464,394.9041697532796,394.9617574024191,89433100
2023-05-01,398.8203125,400.8455465437123,398.58993260769745,398.7819109693187,62122300
2023-05-02,394.33782958984375,398.1579758951747,391.4391441559721,398.1099666648256,103998500
2023-05-03,391.631103515625,397.2461331896153,391.3911452329056,394.83694265774216,91531800
2023-05-04,388.8572082519531,390.91123595861524,387.52302611509293,390.58489620304397,94901900
2023-05-05,396.0560302734375,397.10224508450085,392.2263046733684,392.4854491265273,87891800
2023-05-08,396.1615295410156,396.64144612156804,394.76018132750204,396.3823017131118,50046800
2023-05-09,394.42425537109375,395.53766541370464,394.1939047732381,394.61623373049684,49220100
2023-05-10,396.2671203613281,397.8892407221348,392.44697389350114,397.2557473304781,96142900
2023-05-11,395.5760803222656,395.8640185793233,393.5028369960926,395.4033173680311,70157100
2023-05-12,395.0577392578125,397.0254148728848,392.63897016343816,396.8142503993596,70481500
2023-05-15,396.42071533203125,396.8238288685914,393.75238023444746,395.6624389099318,54289400
2023-05-16,393.7716369628906,396.238415734528,393.762029255893,395.31695461644586,57705500
2023-05-17,398.5516052246094,399.1562756190207,394.1459737431661,395.7872805401457,87287000
2023-05-18,402.3908996582031,402.8132286270494,398.0140624281471,398.23480532655367,97177200
2023-05-19,401.80535888671875,403.82101441184767,400.58638129995114,403.29311788250186,103793300
2023-05-22,401.9685363769531,403.50427528786696,400.586374286309,401.8245672616326,60745400
2023-05-23,397.4573669433594,401.9013998007867,397.0638317760762,400.32725913165393,86383500
2023-05-24,394.5779113769531,396.23843371445963,393.4165211573374,395.85450621039894,89213700
2023-05-25,397.99481201171875,399.4441694496832,395.84479511708275,398.0811934806872,90961600
2023-05-26,403.14910888671875,403.8689837488059,398.57071530888675,398.64748907245814,93830000
2023-05-30,403.3026428222656,405.6062362776454,401.92048089068174,405.07833981829293,72216000
2023-05-31,401.0663146972656,402.3812815149699,399.50178187032054,401.4790359496369,110811800
2023-06-01,404.8768615722656,405.9326839874396,400.0489015795839,401.2966730663804,88865000
2023-06-02,410.7318115234375,411.51885243910056,406.92127277329087,407.4491692853337,91426200
2023-06-05,409.9448547363281,412.36362438133835,409.24416580289443,411.0774511286256,65460200
2023-06-06,410.83740234375,411.3652988856477,408.8793344192004,409.53204325524,64022200
2023-06-07,409.4168701171875,412.36356528982583,408.99454113451293,411.2309690598289,85373300
2023-06-08,411.8932800292969,412.3444028643595,408.7162340623749,409.48408900675076,61952800
2023-06-09,412.63226318359375,414.63831094166113,411.6436362158996,412.689850828952,85742800
2023-06-12,416.3756408691406,416.4524439304632,412.89147087099775,413.61134578902306,76104300
2023-06-13,419.12078857421875,419.76386044542505,417.1723282571571,417.8346155400201,95899700
2023-06-14,419.6198425292969,421.4243335080621,416.1740450929453,419.4566872999007,100612100
2023-06-15,424.8221740722656,426.0699454976172,418.7080413628314,418.8040012480244,110303100
2023-06-16,423.37518310546875,427.3732818174655,422.90312715218045,426.80488011436864,114165800
2023-06-20,421.1785888671875,422.32503554227975,419.1072877770987,421.4387253030806,76160400
2023-06-21,419.0206298828125,420.995585443212,418.43294139177686,420.19597746428883,76982300
2023-06-22,420.53314208984375,420.6391018260277,417.72964857046975,418.0668439684426,70637200
2023-06-23,417.3539123535156,419.1362056994903,416.64100677536294,417.08416191308544,92074500
2023-06-26,415.648681640625,418.70263864501453,415.4078319979814,416.7854848977608,72823600
2023-06-27,420.20556640625,420.82212620155866,416.0725783167209,416.5253768197751,72813700
2023-06-28,420.41754150390625,421.4290983033547,418.5100016357142,419.1265614695,75636000
2023-06-29,422.0746154785156,422.23840620353093,419.59870301653166,420.0033140302923,67882300
2023-06-30,427.0553283691406,428.0379843526411,424.96474047999936,425.28267848094407,104964000
2023-07-03,427.5466613769531,427.82602579498047,426.4291155030701,426.70850932168867,32793400
2023-07-05,426.9107971191406,427.6429894132442,425.7258063379871,425.7354497315169,58418400
2023-07-06,423.56781005859375,423.9917077726785,421.06296794825374,423.3366038147622,80658300
2023-07-07,422.4984130859375,426.43873894163033,422.25756345371417,422.57550143257924,86134200
2023-07-10,423.56781005859375,423.7412147414674,421.5735680037754,422.1419696202549,62443500
2023-07-11,426.26531982421875,426.7566624993896,423.3558667490492,424.32890870557475,64463800
2023-07-12,429.69500732421875,431.1015903646367,428.62564905437046,430.0514894814251,91924500
2023-07-13,433.1054992675781,433.89549322497544,431.0727422071223,431.506253963796,72425200
2023-07-14,432.8356628417969,434.8395187204355,432.07456981935877,433.9917527644729,69815800
2023-07-17,434.3385925292969,435.3886934056767,432.6430016974079,432.6911892645716,52680200
2023-07-18,437.5660400390625,438.2115006773749,433.5775554716282,434.01109662916457,80668200
2023-07-19,438.5390319824219,439.7239933832524,437.48890168977437,438.3559839057652,65891700
2023-07-20,435.6295471191406,438.44268380742795,434.9166416038705,437.54673021651973,70591600
2023-07-21,435.6295471191406,437.54673021651973,435.6199331260899,437.34439535359957,71275600
2023-07-24,437.57568359375,438.3849349409323,435.7452026173443,436.77604624077406,54023400
2023-07-25,438.770263671875,440.02267010001805,437.2577208036124,437.3059083742901,55191200
2023-07-26,438.8376770019531,440.26348802035136,436.7856334140258,437.8357342912967,71052900
2023-07-27,435.9281921386719,442.62382369326946,435.0225951669556,442.2191833737535,92194400
2023-07-28,440.1960754394531,441.0245840745933,435.92819754722996,439.1941327220315,80011800
2023-07-31,441.03424072265625,441.39069349037516,439.35790721415856,440.66814456102355,62040400
2023-08-01,439.7721862792969,440.51399258801536,438.8184017102693,439.5698514127993,55291500
2023-08-02,433.65460205078125,436.9205079074881,432.90315234388123,436.6604008783812,93933400
2023-08-03,432.4118347167969,434.2904737931767,430.9956375639887,431.64112757810364,64276100
2023-08-04,430.4560852050781,436.3231785934213,429.93584177835424,434.2229769011584,100128900
2023-08-07,434.21337890625,434.36752621178806,431.59293351328745,432.28658168791264,58357500
2023-08-08,432.3251647949219,434.20380401220746,428.9725267488997,431.67967473239247,71361300
2023-08-09,429.4349365234375,432.7586735355105,428.6738433785323,432.59488283321724,78789600
2023-08-10,429.58905029296875,435.1671361209915,428.4233462814403,431.7855978075418,93005500
2023-08-11,429.338623046875,430.3502093181606,427.1228178060312,427.720120293532,68690900
2023-08-14,431.7085876464844,431.7085876464844,428.1151292261153,428.4234238736149,47867400
2023-08-15,426.67962646484375,430.2923712690211,426.1111954097984,429.9358890851779,75707500
2023-08-16,423.5486145019531,427.9224233894094,423.4426253576642,426.26537646534126,80107200
2023-08-17,420.3211669921875,425.273020314269,419.8009235363625,425.01291328665195,95711300
2023-08-18,420.52349853515625,421.5543421169173,417.1612467523088,417.5080561439708,98852000
2023-08-21,423.2594909667969,424.00129722321185,419.3866396038395,421.5349994297979,68719000
2023-08-22,422.1130676269531,425.0321640493009,421.5543094057689,425.0321640493009,64994200
2023-08-23,426.8144836425781,427.43107286328376,423.0283341735705,423.1728380844883,68441000
2023-08-24,420.8992614746094,428.9243595057039,420.87033128977225,428.4137593836846,88517300
2023-08-25,423.8664855957031,425.1477928046301,419.0783933508206,422.62369316256587,102325100
2023-08-28,426.5543518066406,427.1709115909124,423.8664616174519,426.05336574379237,61595400
2023-08-29,432.7201232910156,432.999517120143,426.26534084235647,426.4483889303442,83081900
2023-08-30,434.5024108886719,435.1382574911251,432.35402143192493,433.05731299234867,69053900
2023-08-31,433.8665771484375,436.2557869248091,433.6835290574293,435.11898360214246,66084600
2023-09-01,434.67578125,437.06502016743536,433.2210400744053,436.5833209067049,58944100
2023-09-05,432.79718017578125,434.55057269413254,432.72976461783867,434.23266409054196,55166200
2023-09-06,429.8876647949219,432.0938555148443,427.56587096314115,431.9878663952489,70758500
2023-09-07,428.5679016113281,429.24226303585164,426.5447585365695,426.89156794336543,70355400
2023-09-08,429.2132568359375,430.7450568075933,428.2595018008995,428.6159545149809,61659700
2023-09-11,432.03607177734375,432.344336954817,430.12853215124545,431.8337369226589,60180100
2023-09-12,429.6661071777344,432.1131477113599,429.08809157187744,430.5909909482861,67565400
2023-09-13,430.1671447753906,431.3232055262028,428.7894623481302,429.8877509320253,60199300
2023-09-14,433.876220703125,434.569868937207,431.3328634452209,432.633457559199,83430800
2023-09-15,428.64874267578125,432.62229333118586,428.21370176743056,432.2935859212208,111848900
2023-09-18,428.9000549316406,430.1955590603149,427.86557530879384,428.3392962837647,55752200
2023-09-19,428.0106506347656,428.57140936349316,425.33263382268484,427.9816479077142,66514600
2023-09-20,424.07574462890625,429.6831540306982,423.87269606637597,429.26743850526196,82562600
2023-09-21,417.06646728515625,421.4943834516094,416.91177626347593,421.2333589486901,104095800
2023-09-22,416.12872314453125,419.6865285568745,415.71297806578804,418.09131961695476,100829700
2023-09-25,417.8786315917969,417.91728222441265,414.4851650567311,414.92023546020613,70874500
2023-09-26,411.7394104003906,415.54859200929735,410.90794984146544,414.8428197503268,96168400
2023-09-27,411.9037170410156,413.4699524588792,408.26858155775824,412.9091938575433,104705800
2023-09-28,414.2917785644531,415.964347748709,410.76297593705533,411.3527373620953,92258300
2023-09-29,413.2862854003906,417.5111824781116,411.7684074215334,417.3371661441051,115111300
2023-10-02,413.1219787597656,414.36915501527096,410.3666017087048,412.4548865420046,83798600
2023-10-03,407.5919189453125,413.1800040858978,406.2287317175528,410.9467055118216,103760600
2023-10-04,410.5599670410156,411.3043900178651,406.59609392791054,408.0559666596498,87453000
2023-10-05,410.4052734375,411.24638199806213,407.18585282564163,410.2699077129364,70142700
2023-10-06,415.2779235839844,416.81512702154566,406.6347574601129,407.9592644123595,113273300
2023-10-09,417.93658447265625,418.5069910271343,412.8318987010215,413.3829504373266,80374400
2023-10-10,420.1119079589844,422.70291641435927,418.16863686530417,418.56502711101643,78607300
2023-10-11,421.8327941894531,422.08414129890025,418.79703802262225,421.17537943505704,62451700
2023-10-12,419.2610778808594,422.81888280363904,416.91176888328704,422.4418474172078,81154200
2023-10-13,417.1728210449219,421.9584770278049,415.60661494268294,420.7596289275812,95143100
2023-10-16,421.5621032714844,422.6255856986061,419.1741138914331,419.4158131019472,75433200
2023-10-17,421.542724609375,423.59235858221746,418.09128250171426,418.43931518310666,75324700
2023-10-18,415.9256591796875,420.73064064200355,414.8428514424272,419.77352121429993,93559800
2023-10-19,412.2711486816406,418.44899434083845,411.5944086302288,416.64108906158174,121323000
2023-10-20,407.20513916015625,412.37750784711915,407.0987761718527,411.83610400929126,123919900
2023-10-23,406.4994201660156,410.3569598965053,403.92773684712256,405.6776368923659,92035100
2023-10-24,409.5641174316406,410.71460793995783,406.77006062450005,408.61664598235126,78564200
2023-10-25,403.68603515625,407.9109624071266,403.17363397769196,407.8819596802007,94223200
2023-10-26,398.85205078125,403.47333880031834,397.93361142540357,402.6225823087564,115156800
2023-10-27,397.04412841796875,400.8339851009318,395.62293584989493,400.43759484678344,107367700
2023-10-30,401.7911071777344,402.84491222424634,398.53300645045545,399.82851071417565,86562700
2023-10-31,404.314453125,404.63348310254605,400.45691364342605,402.361504611754,79665200
2023-11-01,408.62640380859375,409.4385097088223,404.74953858461424,405.28129461149234,98068100
2023-11-02,416.4574279785156,416.61211901779166,412.39686933434086,412.41619465013827,94938900
2023-11-03,420.25689697265625,421.8037777300333,418.6326854543438,418.75837375712325,100167800
2023-11-06,421.2237243652344,421.66844265759465,419.28045324415575,421.01102787683624,67831700
2023-11-07,422.4225158691406,423.0606052933152,420.0828841514639,421.22369728667144,64256100
2023-11-08,422.7319030761719,423.544008852029,420.4309219590949,423.0219303160148,61746000
2023-11-09,419.4351501464844,423.91142437106953,419.00975716373983,423.8727442351021,83174400
2023-11-10,425.9803161621094,426.2896982135309,419.4254351571336,421.5040718428815,89462200
2023-11-13,425.5743103027344,426.6764433760795,423.86309048956497,424.64619358239656,52236100
2023-11-14,433.8307800292969,435.1166069139446,431.2784220719966,431.50079597873554,97176900
2023-11-15,434.7491760253906,436.39274237985995,433.8983901244557,435.16489156652574,77327600
2023-11-16,435.2809753417969,435.60000533429076,433.2410185572766,434.3045010394223,66665800
2023-11-17,435.8223571777344,436.43144390959674,434.37216191303287,435.2906012114316,83133200
2023-11-20,439.17718505859375,440.0182936712103,435.56134445939387,435.5710218701185,69936200
2023-11-21,438.2200012207031,439.0514618608499,436.9534996970191,438.13299304399567,49244600
2023-11-22,439.911865234375,441.22672421241435,438.81940964411666,439.87321460582723,59394900
2023-11-24,440.1825866699219,440.3759578384197,439.6315348978691,439.9602422808771,29737400
2023-11-27,439.3898620605469,440.3663068584605,439.0031197003399,439.55420100976517,50506000
2023-11-28,439.82489013671875,441.1203943936042,438.4423777026132,439.00310690168646,62115000
2023-11-29,439.5154724121094,443.10230972873876,439.1191116939092,441.97114450802434,63146000
2023-11-30,441.2460632324219,441.59412543023933,438.28766732031204,440.35662667945024,79752700
2023-12-01,443.8564453125,444.3881717849613,440.0472633152973,440.6369952391435,89183400
2023-12-04,441.52642822265625,443.8757373404589,439.2544498661346,440.4726232624604,72430900
2023-12-05,441.4394226074219,442.3965419933345,439.7668535301099,440.14391844231596,69793500
2023-12-06,439.6605224609375,443.60504042530386,439.2254520989698,443.57603770145914,69124700
2023-12-07,443.01531982421875,443.66305717468333,441.13973162302386,441.7391409339485,66995400
2023-12-08,444.9198913574219,445.4516177863762,442.02914891320626,442.2708481089666,83194400
2023-12-11,446.6504821777344,446.8245280398024,444.21416465607524,444.4268611503367,65002200
2023-12-12,448.6904296875,448.7871152745883,445.30664066950123,446.3024402574832,68327600
2023-12-13,454.8779296875,455.12930631637573,448.70976090431213,449.06747102737427,93278000
2023-12-14,456.3377685546875,458.0006602364905,453.6693999362765,456.8114895469167,119026000
2023-12-15,455.5863952636719,456.9163018501235,453.7420397034311,455.7417134699126,141553700
2023-12-18,458.149169921875,459.1296032853033,456.13009218585904,457.1881698520897,70375300
2023-12-19,460.93505859375,461.012732509764,458.61506136543755,458.69270565753243,55761800
2023-12-20,454.5478210449219,461.9640813854923,454.12070331796554,460.08088857770923,102921000
2023-12-21,458.8577575683594,459.1295570366737,455.1107760152546,457.5278509164755,86667500
2023-12-22,459.7799072265625,461.45925759296136,457.8870276491879,459.98374941589714,67160400
2023-12-26,461.7213134765625,462.62407274345054,460.1099204752376,460.18759438735214,55387000
2023-12-27,462.5561828613281,462.7017844285322,460.98362668768385,461.5175089754055,68000300
2023-12-28,462.7308654785156,463.56566747559816,462.31346447997436,462.91530398929757,77158100
2023-12-29,461.3913269042969,463.06096072132885,459.4401769650659,462.5367654374911,122283100
2024-01-02,458.8091735839844,459.7993234289346,456.71242227128295,458.333531951908,123623700
2024-01-03,455.062255859375,457.3919698393569,454.4604162904711,456.6542157231931,103585900
2024-01-04,453.59649658203125,457.1687269140432,453.3732210773095,454.5866169474703,84232200
2024-01-05,454.2177429199219,456.66393818647634,452.7713549830218,453.8003122508208,86118900
2024-01-08,460.7021484375,460.8477500166702,454.5866154970485,454.71281340697016,74879100
2024-01-09,460.00323486328125,461.02247554943773,457.54732279548995,458.05208481523704,65931400
2024-01-10,462.6047058105469,463.4686578138975,459.9934757568045,460.27499186871785,67310600
2024-01-11,462.40087890625,464.119036700077,458.4306513904914,463.60455806414546,77940700
2024-01-12,462.7211608886719,464.58494971105563,461.31363965656635,463.84719564870727,58026400
2024-01-16,461.0224609375,462.6532578332319,459.2072255045687,461.3428140279713,85014900
2024-01-17,458.4597473144531,458.9451056102245,456.11060012839494,458.0035093314712,68843900
2024-01-18,462.5367431640625,463.09005873569527,458.58594911701266,460.12938495584103,91856200
2024-01-19,468.3027648925781,468.58428097883166,462.58525997884743,463.66274109946323,110834500
2024-01-22,469.2929382324219,471.0110958989677,468.6425450951434,469.83653714242234,75844900
2024-01-23,470.66168212890625,470.9043613024555,468.74939868030367,469.8365966379768,49945300
2024-01-24,471.1761474609375,474.45714470411593,470.6810725123754,473.52526505734005,81765000
2024-01-25,473.7388916015625,474.0106911050473,471.17621480069516,473.30205721699724,72525000
2024-01-26,473.13702392578125,474.7969411657135,472.2925051479898,473.3117458196852,76641600
2024-01-29,476.88397216796875,477.0296033689382,472.90405748370506,473.4476564539632,61322800
2024-01-30,476.5151062011719,477.2237103899132,475.7579187820987,476.19475312019154,58618400
2024-01-31,468.7396545410156,474.75807991768903,468.7202212489611,474.31155855924624,126011100
2024-02-01,474.87457275390625,474.9036930669608,469.6326794127357,470.43839078044346,91891600
2024-02-02,479.873779296875,481.5239798187347,474.971642466127,475.31139921660196,99228200
2024-02-05,478.1264953613281,479.9029234991888,475.8744551474019,479.24284325758833,75757100
2024-02-06,479.5146789550781,479.8447191007998,477.6411730816488,479.06812791328576,55918600
2024-02-07,483.51397705078125,483.93137810723994,480.854193242822,481.756982255993,70556500
2024-02-08,483.7275390625,484.10610316011065,482.69858176017516,483.51398020972,52343600
2024-02-09,486.523193359375,486.9599980744067,483.8925299274153,484.2322866772762,63979400
2024-02-12,486.3096008300781,488.7557959365899,485.59125041968997,486.4940393494017,56502300
2024-02-13,479.6116638183594,482.53353038052535,476.3500701317823,480.04849815534635,113099200
2024-02-14,483.9701843261719,484.4555426281319,479.9222830533005,482.2423099561509,68387800
2024-02-15,487.3094482421875,487.4938867654942,484.19342663721847,484.6690979139186,61683000
2024-02-16,484.8826904296875,488.1442842020213,484.144936285217,487.00856229426716,75532900
2024-02-20,482.2132263183594,483.8149029118612,479.97087316267243,483.14510603430045,71736700
2024-02-21,482.6500244140625,482.8053426352379,479.1069145137689,480.9124629140013,59293400
2024-02-22,492.638671875,493.5996718242251,488.2898508655614,489.25088043870596,76402500
2024-02-23,492.9784240722656,495.1916567031526,492.25038663284334,494.3568250348437,61321800
2024-02-26,491.1728820800781,493.8520693709636,491.0466841824756,493.4152350521733,50386700
2024-02-27,492.0853271484375,492.308602616629,489.9691722068436,491.8620813041637,48854500
2024-02-28,491.4350280761719,492.01743437576624,490.17307863790023,490.5322390639573,56506600
2024-02-29,493.2016906738281,494.8130838290683,490.5516532421677,493.1920036518268,83924800
2024-03-01,497.83203125,498.2591489639279,493.6676779750869,494.075392019808,76844800
2024-03-04,497.2981262207031,499.1425115484434,497.00692307628157,497.03607301464484,49799300
2024-03-05,492.32806396484375,495.745005535815,490.1245478315941,495.2984545471132,72855600
2024-03-06,494.82281494140625,497.07488469099843,493.53177482463775,495.59937641592427,68382400
2024-03-07,499.7346496582031,500.78304025779806,494.8810662776538,498.11356939849594,58652100
2024-03-08,496.735107421875,503.04473579557066,496.1623881738849,500.36560770630734,86532500
2024-03-11,496.3079833984375,496.89041928478855,493.6093924281333,495.5314219659159,62557200
2024-03-12,501.6469421386719,502.2293483869414,495.9002573325016,498.41443934118087,73114400
2024-03-13,500.860595703125,502.1419486738022,499.4239541516855,501.9672268025058,55104100
2024-03-14,499.8704528808594,501.9866076537262,496.8321056215107,501.8312598413551,110171800
2024-03-15,496.4381408691406,498.2590460217431,494.77306623402836,496.80816405826874,107646300
2024-03-18,499.3885192871094,501.93969410963876,498.97956820958467,500.4985887866016,88893300
2024-03-19,502.1637878417969,502.4461489718847,497.6943279247275,498.69730128430706,60755300
2024-03-20,506.8083190917969,506.94465591796825,501.5501987684062,502.2220766323413,69594600
2024-03-21,508.4832763671875,510.3430798516799,508.2008558207935,509.6420207680806,60256100
2024-03-22,507.5191345214844,508.8823243537427,507.2853888001489,508.39545810681153,79070800
2024-03-25,506.1170349121094,507.2660322991133,505.96120440733904,506.1462159868013,48512100
2024-03-26,505.1822509765625,507.87950952715136,504.78304672651166,507.53866742888704,65463700
2024-03-27,509.4277038574219,509.4666912006187,505.8443747669276,508.00609219695343,82999800
2024-03-28,509.3302917480469,510.82981847863687,509.04793070421056,509.46662856862366,96294900
2024-04-01,508.4442138671875,510.60593125263364,507.2854696375655,510.07039018205234,62477500
2024-04-02,505.21148681640625,505.3477642225264,502.9134325371014,504.62721155274875,74230300
2024-04-03,505.7664794921875,507.266065898289,504.0721940901131,504.1208688391064,59155800
2024-04-04,499.5930480957031,510.10934946561747,499.2911933332161,509.76856679026787,96858100
2024-04-05,504.81219482421875,506.7694068986325,500.5083132867227,500.9465048519071,74546500
2024-04-08,505.0945739746094,506.51624504555883,504.28641866242464,505.5133313161047,48401800
2024-04-09,505.6788024902344,507.0712329255352,500.8393207404325,506.82779978442835,68049200
2024-04-10,500.6154479980469,502.6018412987628,498.6388015333815,499.9922448100833,82652800
2024-04-11,504.3935852050781,505.83469071601695,498.6291037293899,502.13451800051297,70099000
2024-04-12,497.43133544921875,502.2707879594682,495.70780962230026,500.85886371567153,92561100
2024-04-15,491.1994323730469,501.7644075343254,490.3522600316743,501.59888962975333,92101400
2024-04-16,490.3035583496094,493.19554526269036,489.01822422913784,491.6765248352094,73484000
2024-04-17,487.4018859863281,492.9229634124424,486.00945537176443,492.7574157801548,75910300
2024-04-18,486.3989562988281,490.8878795783521,485.46418121059236,488.794360179131,74548100
2024-04-19,482.1534729003906,487.3142441699,480.8876025986124,486.32104754330464,102212600
2024-04-22,486.59368896484375,489.18382142190774,482.4163675078979,484.75331996273405,67961000
2024-04-23,492.367919921875,492.7963646750655,486.4086807205422,488.5995792337359,64633600
2024-04-24,492.13421630859375,494.04272395926796,489.91410708182036,493.25400289949073,55928100
2024-04-25,490.2646484375,491.02415872515365,484.42225246602163,486.0678630419317,69122400
2024-04-26,494.90936279296875,496.4868049205615,492.4166096033967,493.0495298783495,64306100
2024-04-29,496.662109375,497.33398732987405,493.9259228058318,496.6913201679961,46415400
2024-04-30,488.79437255859375,496.1752536684076,488.79437255859375,495.2015209263445,77483600
2024-05-01,487.2071533203125,494.841213980312,486.7397509352648,488.2100967940072,80242800
2024-05-02,491.7641906738281,492.60161619088024,486.4281251448712,490.90730120185356,62550200
2024-05-03,497.8597717285156,499.08665465274976,495.20147091341136,497.73318173027803,72756700
2024-05-06,503.00115966796875,503.0400875844757,499.81703439349593,500.2552260399176,47264700
2024-05-07,503.55615234375,504.9485829994704,502.8842743906612,503.9651034446084,52561300
2024-05-08,503.60479736328125,504.14033844049237,501.6086572944442,501.72550045922026,42047200
2024-05-09,506.5064697265625,506.5454570669787,503.1373929681529,503.7897771689901,43643700
2024-05-10,507.1590270996094,508.9117342857,505.94186107705553,508.10351940578255,52233200
2024-05-13,507.2270202636719,508.9407991411694,506.08776976766853,508.8337028193061,36716400
2024-05-14,509.5542907714844,510.0703976103099,506.88627278339663,507.42181386177714,57535900
2024-05-15,515.8641357421875,516.1562436643347,511.38492968552964,512.0178797101214,59504900
2024-05-16,514.8026733398438,517.5583531460086,514.6565896819933,515.9614174721102,50244800
2024-05-17,515.5427856445312,515.6109540647997,513.4687302561026,514.9195824580145,59187600
2024-05-20,516.1366577148438,517.5972564963745,515.2700215074756,515.6595382886503,37764200
2024-05-21,517.4026489257812,517.5584794564415,515.1728221981522,515.3773274826686,33437000
2024-05-22,515.912841796875,517.4221156794935,513.7413773413039,516.7113097871478,48390000
2024-05-23,512.14453125,519.0677572803991,510.9370526401655,518.9606609347318,57211200
2024-05-24,515.5330200195312,516.3412347653415,513.0402667962413,513.9847589456947,41291100
2024-05-28,515.893310546875,516.5749353115505,513.2642204156563,516.3412489766735,36269600
2024-05-29,512.2806396484375,513.4588773578208,511.5698339483505,511.8716886432286,45190300
2024-05-30,508.88238525390625,511.4043788648702,507.6360384172024,510.7422478216335,46377600
2024-05-31,513.5173950195312,513.6439850215788,504.7440541264526,509.8367164200918,90785800
2024-06-03,513.93603515625,515.4063808363203,508.8726139393969,515.1240197883811,46835700
2024-06-04,514.5106201171875,515.2506664560023,511.17072418863216,512.631323194632,34632700
2024-06-05,520.6256103515625,520.645104022442,514.8416361330836,516.8280887412405,47610400
2024-06-06,520.6159057617188,521.3559521321091,518.6879340097541,520.9275073614583,30808500
2024-06-07,519.9829711914062,522.787325920015,518.5515533208824,519.6421291117942,43224500
2024-06-10,521.5896606445312,521.9110090941606,518.5808597177815,519.1748224338155,35686100
2024-06-11,522.845703125,522.9041247005574,518.0743898707741,520.0413486344055,36383400
2024-06-12,527.1399536132812,529.8274655446977,526.1077992631506,527.4028804771598,63251300
2024-06-13,528.201171875,529.0580611733634,525.4163113712748,528.882796466686,44760900
2024-06-14,528.522705078125,528.551886156822,525.6696157422205,526.6725890295746,40089900
2024-06-17,532.7290649414062,534.1215548157255,527.3832826445532,527.8409678567655,55839500
2024-06-18,534.0826416015625,534.2092316077063,532.3688625324717,532.7875604635906,41376400
2024-06-20,532.6317138671875,535.6697547200665,530.8595134643548,535.0076237066871,70328200
2024-06-21,531.9176635742188,533.0313142277637,530.4621308750893,531.810221745453,64338600
2024-06-24,530.1886596679688,534.3013212499749,530.0714395414016,531.7419157804823,45528700
2024-06-25,532.2302856445312,532.5917242597523,529.8955424418219,531.4096852385123,37936200
2024-06-26,532.8945922851562,533.6076912884868,530.4719636310322,531.1166742934914,38550600
2024-06-27,533.7346801757812,534.3110621107577,532.0153722749866,532.7578061070262,35041500
2024-06-28,531.6343383789062,537.5542520433446,530.3937489459842,534.5063503169283,76144500
2024-07-01,532.728515625,533.2560061424955,529.9737236752046,533.0117876323043,40297800
2024-07-02,536.3136596679688,536.3136596679688,531.0776287968915,531.1264605772033,40434800
2024-07-03,538.70703125,539.068469909586,535.9620173191718,536.0010708200014,32789900
2024-07-05,541.8134155273438,542.2139076372644,538.3747999305978,539.0097918869257,41488400
2024-07-08,542.4386596679688,543.3861988920726,541.3738407022457,542.5949332840256,36110500
2024-07-09,542.9661254882812,544.2946598471173,542.6730752067231,543.3959524424528,27289700
2024-07-10,548.3390502929688,548.6809324242213,543.8942844683293,544.1873348127845,38701200
2024-07-11,543.61083984375,549.3255886798729,542.9759074999535,548.4561564855596,53054200
2024-07-12,547.0396728515625,550.6345620898736,544.2653840243584,544.7342644743289,53084400
2024-07-15,548.5441284179688,551.7775792240066,546.6880438244344,549.0325654558818,40584300
2024-07-16,551.7970581054688,552.090108393895,549.1008762046278,549.8530882979716,36475300
2024-07-17,544.0603637695312,547.5478121032119,543.7379785625727,545.8773356202532,57119000
2024-07-18,539.8792114257812,546.5806130354061,537.7008012722223,545.5939606590898,56270400
2024-07-19,536.2941284179688,541.2664440605769,535.2390876445896,539.6447995873152,65509100
2024-07-22,541.8233032226562,542.4289604616175,538.277245078338,540.211436930268,43346700
2024-07-23,540.9732666015625,543.8647752379528,540.4848296428585,541.7156406949248,34439600
2024-07-24,528.7135009765625,536.4698829953903,527.7952370228695,536.1670544374522,74515300
2024-07-25,525.9586791992188,534.7994361794972,525.0209183627663,528.8306910081631,61158300
2024-07-26,531.8493041992188,534.5357078065754,528.9675138593225,529.7392825093052,53763800
2024-07-29,532.161865234375,534.3988851266782,530.169004207153,533.3927359573876,39515800
2024-07-30,529.4656982421875,534.6822315404584,526.0661958644091,533.6271909452782,46853600
2024-07-31,538.072021484375,540.6998152024645,534.9167372159726,536.2843251839307,65663400
2024-08-01,530.452392578125,542.0381046138815,526.9551667505608,539.7913062018092,76428700
2024-08-02,520.5762329101562,524.5716145988897,516.3756265717791,523.3603002519518,82789100
2024-08-05,505.4151306152344,511.47176200774925,498.4695402072865,499.8078827767836,146267400
2024-08-06,510.0748291015625,517.4990483238507,505.89377938390135,507.21253555376086,84826300
2024-08-07,506.66546630859375,519.2965001883216,506.06958745039486,516.248598311969,70698300
2024-08-08,518.3782958984375,519.0034500456989,509.77203694963987,511.7941139882875,63276600
2024-08-09,520.6640625,522.1489300560904,516.3365178449808,517.5576103421191,45619600
2024-08-12,520.937744140625,523.340816607706,518.6713887529162,521.8560083095788,42542100
2024-08-13,529.5047607421875,529.739260585726,523.8780165940644,524.122235093717,52333100
2024-08-14,531.1752319335938,532.3572709257232,527.6291745808618,530.2960214933445,42446900
2024-08-15,540.2797241210938,540.5629961238054,536.1866195717042,536.7922766972661,60846800
2024-08-16,541.4910278320312,542.1846298407453,538.5115740387317,538.6678476452682,44430700
2024-08-19,546.66845703125,546.66845703125,541.0514314058853,541.9013070349608,39121800
2024-08-20,545.7794799804688,547.8700045132335,544.4411674580102,546.2190851764095,33732300
2024-08-21,547.6550903320312,549.1106230342316,541.9012882335657,546.8247712917706,41514600
2024-08-22,543.3568115234375,550.155875826028,542.1454973391976,549.5502187339081,56121500
2024-08-23,549.1301879882812,550.0680084955276,544.4020915801096,546.5903394303513,50639400
2024-08-26,547.8212280273438,550.8690705771505,546.1214765619129,550.1559715338451,35788600
2024-08-27,548.5733642578125,549.0618012606642,545.4083020191189,546.5512279111676,32693900
2024-08-28,545.3888549804688,548.6614193309421,542.2042355425785,548.2315922971716,41066000
2024-08-29,545.4375610351562,550.6443160255352,544.294635177053,547.3522554939839,38715200
2024-08-30,550.644287109375,551.1522806301471,544.255553101835,547.8016102208953,62700100
2024-09-03,539.312744140625,547.8408371292351,536.8021702028251,547.5086736550506,60600100
2024-09-04,538.2088012695312,541.6083040829072,536.7532683896355,537.4761456891545,47224900
2024-09-05,536.8997192382812,540.9928237930679,534.4477558926965,538.1501466111926,44264300
2024-09-06,527.8636474609375,538.8437022454943,526.9649400293706,537.2221175565589,68493800
2024-09-09,533.773681640625,535.043665505135,530.1299607989381,532.0544335310877,40445800
2024-09-10,536.0987548828125,536.450474898389,530.8138918516801,535.678706144088,36394600
2024-09-11,541.5985717773438,542.5168359009789,527.4730091477311,536.0108800293665,75248600
2024-09-12,546.1605834960938,546.4634120914028,539.9573969973035,542.1749203516514,51819600
2024-09-13,549.0130004882812,550.0094311099382,546.5122052774053,546.7662020730168,39310500
2024-09-16,549.8238525390625,550.0875680057417,546.9518402590558,548.7492552395013,36656100
2024-09-17,550.0484619140625,553.477299266029,547.8211605278194,552.0314851715059,49321000
2024-09-18,548.4171142578125,555.5385046014119,547.8602888957543,550.702966140304,59044900
2024-09-19,557.7755126953125,559.6315971955383,554.9426137920285,557.8048475354702,75315500
2024-09-20,556.8113403320312,557.8500005367814,553.7933228326182,556.4096197933483,77503100
2024-09-23,558.2027587890625,558.8495067502496,556.6643550711399,557.8794446150124,44116900
2024-09-24,559.7998657226562,559.8586555458002,556.174333811357,558.9963649353333,46805700
2024-09-25,558.5653076171875,560.378103761662,557.4580492681129,559.6432009533316,38428600
2024-09-26,560.77978515625,563.1413061737785,558.4281322177342,562.817932214862,48336000
2024-09-27,559.9664916992188,562.6611352170194,558.9376397719122,561.8478858705382,42100900
2024-09-30,562.2103881835938,562.8179029799776,556.6447321030395,558.937595094156,63557400
2024-10-01,557.1738891601562,562.5043864049716,554.6066335561335,561.8576982708267,72668800
2024-10-02,557.4091796875,558.4282833959684,553.8914776966141,556.2823643722855,38097800
2024-10-03,556.3900756835938,558.3302001396713,554.106960667849,555.9393137222664,40846500
2024-10-04,561.446044921875,561.818400406846,556.6642732473864,560.8287218708198,42939100
2024-10-07,556.3704223632812,560.4467168743025,555.22399069742,559.7999688939893,49964700
2024-10-08,561.63232421875,562.2300906410503,558.0656412646009,558.9376805045769,37398700
2024-10-09,565.5224609375,566.0809942856702,561.0248291372598,561.6225357741174,37912200
2024-10-10,564.53271484375,565.9535388259317,562.9257131010544,564.1799758679994,44138100
2024-10-11,567.9132690429688,568.6481717987969,564.3171018304082,564.4542980317323,42268000
2024-10-14,572.557861328125,573.4887501402064,569.0401003876937,569.5202272995722,36217200
2024-10-15,568.1093139648438,573.1262458468478,566.8942243784207,572.8224884018784,54203600
2024-10-16,570.5785522460938,571.097912292803,567.3058184280349,568.1093193754714,30725400
2024-10-17,570.6275024414062,574.3216329805343,570.4413246734956,574.1158386665669,34393700
2024-10-18,572.8223876953125,573.6062719503354,570.8528388827377,572.3128360166068,37416800
2024-10-21,571.8817138671875,573.0771269383695,568.9126781204517,572.0972566282711,36439000
2024-10-22,571.5780029296875,572.7342428128154,568.697181591541,569.3536780068462,34183800
2024-10-23,566.3552856445312,570.0004346494243,562.8571411229607,569.5594810059998,49314600
2024-10-24,567.580078125,568.3835789691921,564.9638411001258,568.3051725972728,34979900
2024-10-25,567.3840942382812,572.6950344865168,566.443456997856,569.8044050522926,47268200
2024-10-28,569.13818359375,570.9803448675634,568.8344261393737,570.8529569215461,30174700
2024-10-29,570.0592041015625,571.1762108700161,566.7864107519835,568.1778099310847,42899700
2024-10-30,568.3345947265625,571.5779630983764,567.6290569957021,569.588797638648,41435800
2024-10-31,557.1935424804688,564.0428273008541,556.9975564307639,563.9742291931302,60182500
2024-11-01,559.545166015625,563.9643910438907,559.1336371976272,559.8195584319851,45667500
2024-11-04,558.33984375,560.9756970155746,556.4585096866238,559.6822611574623,38217000
2024-11-05,565.0913696289062,565.1305429213435,559.0357766836435,559.2513195018782,39478300
2024-11-06,579.142578125,580.0146771322202,573.6063462638446,577.3396500855225,68182000
2024-11-07,583.62060546875,584.639708979933,581.063158030651,581.1415644099445,47233200
2024-11-08,586.1486206054688,587.569444510154,584.1692634497057,584.1692634497057,46444900
2024-11-11,586.7071533203125,588.0887441353201,584.9825720146739,587.7360051791314,37586800
2024-11-12,584.884765625,587.2266108281909,582.4056643822421,586.628904135628,43006100
2024-11-13,585.1687622070312,587.1676761411395,582.9836705187753,585.3451316888757,47388600
2024-11-14,581.4060668945312,585.7763103260314,580.7202054727688,585.296183408181,38904100
2024-11-15,573.9591064453125,578.3195418358689,572.1071369723535,577.8491633593196,75988800
2024-11-18,576.310791015625,577.6237838402152,573.5573576252949,574.4195885423085,37001700
2024-11-19,578.41748046875,579.142574989824,572.2737337790142,572.9400384688264,49412000
2024-11-20,578.6134033203125,578.8975441726233,572.8615695316089,578.4958236706298,50032600
2024-11-21,581.7196655273438,583.1404896221547,575.6249001169805,581.455141177832,46750300
2024-11-22,583.5226440429688,584.1497754660484,581.2101642027249,581.7098478799927,38226400
2024-11-25,585.501953125,588.7648782973704,583.2188384863542,587.4518855330788,42441400
2024-11-26,588.5592041015625,589.2255088244219,586.0311216188419,586.746407902425,45621300
2024-11-27,586.7758178710938,588.755115442667,585.2570306878304,588.3730114334577,34000200
2024-11-29,590.4208984375,591.2047827973582,587.3147260107087,587.5890586237147,30177400
2024-12-02,591.4791870117188,592.1552999944694,590.3425038316959,590.8324390421951,31746000
2024-12-03,591.7535400390625,591.9985076527607,590.2151960547985,591.2440480710218,26906600
2024-12-04,595.4280395507812,595.6730071584342,592.7726289600115,593.4389336760423,42787600
2024-12-05,594.4481811523438,596.2315525489399,594.0954421437544,595.4280516027892,28762200
2024-12-06,595.5750122070312,596.8096584526629,594.800936138575,595.212464951605,31241500
2024-12-09,592.5079956054688,595.6239761392873,591.9200973185369,595.4574149257465,34742700
2024-12-10,590.6658325195312,593.6054435570935,590.0093361336401,593.184106485161,37234500
2024-12-11,595.2321166992188,596.1825623151827,593.3115491139272,593.5859415432025,28677700
2024-12-12,592.1651611328125,594.9381516110824,592.1651611328125,594.3698697768823,31543800
2024-12-13,592.0474853515625,594.9086900260288,590.6756429397628,594.1934038090473,35904700
2024-12-16,594.5755004882812,595.54562235978,593.0273484159295,593.8014244521054,43695200
2024-12-17,592.1259155273438,592.9882063411098,590.7541327283874,592.0279524011855,55773500
2024-12-18,574.4783935546875,594.2031278558312,574.0962297805506,591.8220501813851,108248700
2024-12-19,574.302001953125,581.0631314525076,574.057034359764,579.456129686489,85919500
2024-12-20,581.199951171875,585.7225012446567,571.132257605004,571.9778279294948,125716700
2024-12-23,584.6803588867188,585.2800771480029,577.7686569320756,580.9443313472664,57635800
2024-12-24,591.1790771484375,591.2184422848073,585.4471892507113,586.0272849416975,33160100
2024-12-26,591.218505859375,592.3392722176656,588.0133673077331,589.4094496188982,41219100
2024-12-27,584.9950561523438,587.7184519013749,580.8165903318666,587.482441071987,64969300
2024-12-30,578.3192138671875,581.7799853973963,574.5733451400716,577.9948115421023,56578800
2024-12-31,576.2152099609375,580.698454354243,574.583117216775,579.9807007946825,57052700
2025-01-02,574.7996215820312,581.1803752720315,570.7292897647728,579.4696717566784,50204000
2025-01-03,581.9865112304688,582.6255346471705,576.5594027877501,577.64092396713,37888500
2025-01-06,585.3390502929688,589.6060270134918,583.608664526265,586.2337670283534,47679400
2025-01-07,578.7223510742188,587.6888410122485,576.903513754268,587.3643786767495,60393100
2025-01-08,579.5678100585938,580.6394897953063,575.3500401020275,578.7911287868388,47304700
2025-01-10,570.7192993164062,576.0874192959229,568.8119506064235,576.0185903209236,73105000
2025-01-13,571.604248046875,571.9581742427216,565.6658729466735,566.0788468496604,47910100
2025-01-14,572.3907470703125,575.1534475548353,568.6153544470202,574.5242054496483,48420600
2025-01-15,582.8025512695312,583.9430001285099,579.2827918470954,580.3937768602567,56900200
2025-01-16,581.6817626953125,584.346110636513,580.9836915331506,584.1691475266347,43319700
2025-01-17,587.5217895507812,589.27179809953,585.5849165977943,586.9122299431212,58070600
2025-01-21,592.8995971679688,592.9094384516549,588.5933154613438,590.5596519481012,42532900
2025-01-22,596.2326049804688,597.5893820777127,595.1707663809229,595.7213382459036,48196000
2025-01-23,599.4868774414062,599.4868774414062,595.3280946897063,595.6033506126263,41152100
2025-01-24,597.73681640625,600.4995770008244,596.5865262707722,599.54587252364,34604700
2025-01-27,589.2816162109375,589.5962372876534,584.6312490621345,584.7983708814467,70361100
2025-01-28,594.3449096679688,595.1805787054238,587.1972570477369,590.5105293609671,44433300
2025-01-29,591.6804809570312,593.9614384934404,589.1340487911447,593.5583059073574,37177400
2025-01-30,594.8560791015625,596.389819126707,590.6087851839717,593.7943006280343,39281300
2025-01-31,591.6903076171875,599.6933113603776,590.9332488823969,597.2746959271392,66566900
2025-02-03,587.70849609375,590.1860392450765,580.5510025263411,582.6943020815504,65857200
2025-02-04,591.6510009765625,592.1622076462813,587.2267439810199,587.7674745011321,33457800
2025-02-05,594.0499267578125,594.1974260072697,588.5049031019603,590.5302274178379,30653100
2025-02-06,596.1145629882812,596.2423796576439,592.4866698522919,595.7901006731433,35771500
2025-02-07,590.6580200195312,597.8941240756534,589.9501076619601,596.6750050236558,50788500
2025-02-10,594.6692504882812,595.3083338092902,592.5947800275039,593.8631053864565,26048700
2025-02-11,595.1216430664062,595.6623736678141,592.2901133629294,592.408088766588,30056700
2025-02-12,593.2044677734375,594.3744405625547,588.4361250659014,589.1145136580423,45076100
2025-02-13,599.4672241210938,599.6737110792319,593.047165943141,594.3055902381474,40921300
2025-02-14,599.437744140625,600.7060096863363,598.8183432907158,599.6736949390985,26910400
2025-02-18,601.1976318359375,601.1976318359375,598.1399925315113,600.5979135172886,26749000
2025-02-19,602.61328125,602.9082197102092,599.3000091966954,599.8112758662747,31011100
2025-02-20,600.1062622070312,601.3843689751305,596.8028311734677,601.2467110134413,36554000
2025-02-21,589.8419189453125,600.0275268646774,589.3797986977131,599.8898689179181,76519800
2025-02-24,587.157958984375,592.8800056614799,586.4500466079941,591.8869960824046,50737200
2025-02-25,584.2379760742188,587.8265647106925,579.6367551973434,587.0990297013516,58266500
2025-02-26,584.5328369140625,589.488043359785,581.8979531727184,585.8994552001853,43321600
2025-02-27,575.2025146484375,587.9542367689231,574.8092833927938,586.8038868268065,74196700
2025-02-28,584.178955078125,584.7098443771037,572.6365684069419,575.7040488167072,88744100
2025-03-03,573.9441528320312,587.2857532860544,570.1392964764723,586.1452445030724,74249200
2025-03-04,567.1504516601562,575.5369060706639,562.6180601948478,569.9525173224438,109648200
2025-03-05,573.2460327148438,575.03540599116,563.4340335479696,566.9832562516485,71230500
2025-03-06,563.0703125,570.4047092717689,560.5238803180225,565.7936477589768,80094900
2025-03-07,566.2261962890625,567.6714847046253,556.1094174114145,561.2907328755356,81158800
2025-03-10,551.1445922851562,559.953743284554,546.2385912694426,558.0366127932136,99326600
2025-03-11,546.5628662109375,554.5265648872522,542.7285461144836,549.9843324603625,88102100
2025-03-12,549.4632568359375,553.631880779765,544.3704523001988,552.7077001878538,69588200
2025-03-13,542.138671875,549.6992388466521,540.4279685563406,549.0896792735167,74079400
2025-03-14,553.3369140625,554.3397648685512,542.2074423986709,546.7496748611676,62660300
2025-03-17,557.6038818359375,560.1207900872192,552.8846263579363,553.3172227764923,49008700
2025-03-18,551.5770263671875,555.5096990502625,549.6499951496645,555.2933708486255,66041400
2025-03-19,557.584228515625,561.3399385264869,552.1768030039566,553.3566169353411,66556000
2025-03-20,555.9718627929688,560.966374832501,553.1304918485869,553.848245552193,62958200
2025-03-21,556.1552734375,557.0526817242638,550.2878724028328,551.5205297947124,83763000
2025-03-24,566.1151733398438,567.1703352751009,562.2890000340255,562.880651498493,58766800
2025-03-25,567.4759521484375,568.4127234708074,565.7304902910278,567.3181383211917,38355700
2025-03-26,560.7013549804688,568.3339598573967,559.3207546377017,567.2097618801449,51848300
2025-03-27,559.2123413085938,562.9793497998379,557.1020172521603,559.3109298319079,42164200
2025-03-28,547.95068359375,558.4135249923543,547.3689030262066,557.6838014665011,71662700
2025-03-31,551.6289672851562,552.93066066187,539.2826520783074,542.201606334121,95328200
2025-04-01,553.18701171875,555.1297110203275,545.9981756472096,549.715889513425,54609600
2025-04-02,556.687744140625,559.547472787333,547.1124411566806,547.3491017135567,76014500
2025-04-03,529.2537841796875,540.3673821784607,529.2537841796875,537.5470765410741,125986000
2025-04-04,498.2696838378906,518.5740121118964,498.05273494035157,516.404523136506,217965100
2025-04-07,497.3822021484375,515.9114867336431,475.1154617622772,482.4029468413161,256611400
2025-04-08,489.5917663574219,517.6963226160137,482.3733180084264,514.6196148198313,165816600
2025-04-09,541.0084838867188,541.0084838867188,486.20945053098467,486.5940541464612,241867300
2025-04-10,517.3018798828125,526.098105010763,502.2535908103832,524.7865408671853,162331200
2025-04-11,526.531982421875,528.9874258955272,512.8544231608307,515.7536352571723,97866300
2025-04-14,531.64013671875,536.7285795544979,526.4531053782949,536.5017296923237,68034000
2025-04-15,530.1511840820312,535.6932073834843,529.3622953201973,532.1826012332219,56892900
2025-04-16,518.3668823242188,530.4272422697393,513.0713913810127,524.3033791384568,83484800
2025-04-17,519.1064453125,523.8004136549424,516.6411308627585,520.3194209498447,79868100
2025-04-21,506.7503662109375,514.4618777265953,501.4055507612705,513.9293312369678,69368100
2025-04-22,519.9348754882812,521.9564215250564,511.9867032226325,512.9235348557764,75948100
2025-04-23,527.9915161132812,537.8626460694973,526.4729038847668,532.9320165359907,90590700
2025-04-24,539.1051635742188,539.8348871004667,528.0211182344198,529.2734571828396,64150400
2025-04-25,543.0003051757812,543.4045902561826,536.1467190777879,539.0656730072541,61119600
2025-04-28,543.2073974609375,545.8699492792146,537.4583271221219,543.7399439376,47613800
2025-04-29,546.6292724609375,547.7435994540236,540.9393072120234,541.294298062473,47775100
2025-04-30,546.8462524414062,548.7988227140515,534.0069337400583,539.9729835885655,93101500
2025-05-01,550.7216186523438,556.2439589647481,550.1200963901105,552.5952816524762,63186100
2025-05-02,558.8966674804688,560.4941864598073,554.5774316657111,556.894803218062,60717300
2025-05-05,555.69189453125,558.7883447426168,553.9070088060607,554.7649336459477,38659200
2025-05-06,551.047119140625,555.533979770925,549.2326812616892,550.1891944565425,48264700
2025-05-07,553.364501953125,555.997440916007,548.3253535066884,552.3783761794856,55588000
2025-05-08,557.2202758789062,562.3974366423718,553.9069074354913,557.3977713110521,65130800
2025-05-09,556.5103149414062,559.6264462916283,554.9522191721212,558.6205786168767,37603400
2025-05-12,574.9015502929688,574.9114211824733,569.0340889310521,573.4026196086874,78993600
2025-05-13,578.6981201171875,580.9070323903663,574.7536167184122,575.3156554869938,67947200
2025-05-14,579.437744140625,580.8084133986617,577.4161378946785,579.6546629482465,66283500
2025-05-15,582.2678833007812,582.770756919371,576.9822030720642,577.4358426248243,71268100
2025-05-16,585.9560546875,586.2518804364249,581.104331840075,583.0469710816421,76052100
2025-05-19,586.5969848632812,587.27741416191,579.9406348417033,579.9406348417033,68168500
2025-05-20,584.6246948242188,585.8080578995526,581.419785763877,584.8614155899625,60614500
2025-05-21,574.7733764648438,584.3585523251965,573.7478271095126,580.2759763071138,95197700
2025-05-22,575.0001831054688,578.4811762683786,573.3434386116112,574.5760959985981,70860400
2025-05-23,571.0753173828125,573.7378691727489,567.6140060747297,567.988738706783,76029000
2025-05-27,582.9483642578125,583.1061179228353,570.4048112020747,577.938827709351,72588500
2025-05-28,579.5757446289062,584.545857588394,578.8460211072919,583.3526236048898,68445500
2025-05-29,581.8635864257812,584.9699071457442,577.9388245287198,584.8318350718904,69973300
2025-05-30,581.2127075195312,582.92855680446,575.148009692676,580.7590679776305,90601200
2025-06-02,584.4867553710938,584.5656021144322,576.9428674958667,579.605419698203,61630500
2025-06-03,587.8197631835938,588.7960181097066,583.6385391723649,584.121791379625,63606200
2025-06-04,587.6619873046875,589.6539808386906,587.2280895107962,588.6777258495218,57314200
2025-06-05,584.8218994140625,590.6893600195378,582.8496477946317,589.3383724752952,92278700
2025-06-06,590.8274536132812,592.4940086999786,588.5790577947733,590.3540722792903,66588700
2025-06-09,591.3599243164062,592.9081490758875,590.1864321834666,591.3993476813894,53016400
2025-06-10,594.7127685546875,595.0973118762876,590.7781362147839,591.8924030034493,66247000
2025-06-11,593.0166015625,596.6652790904382,590.9556323288738,595.8073544523882,73658200
2025-06-12,595.3734741210938,595.3734741210938,591.2021810906274,591.6853731206485,64129000
2025-06-13,588.7171630859375,593.499849631983,587.218232455665,590.1963519379123,89506000
2025-06-16,594.318359375,596.0638215052488,591.8924679557008,592.0700235861916,79984100
2025-06-17,589.2398681640625,593.401290785268,588.480531921813,591.8826784891205,82209400
2025-06-18,589.1510009765625,592.8785252065284,588.1944276516227,590.1371267775953,76605000
2025-06-20,587.7673950195312,592.8906208578056,586.3629131433069,591.8224395288368,94051400
2025-06-23,593.5730590820312,593.9587392448562,585.4035696790836,588.5190130228361,87426000
2025-06-24,600.13037109375,601.1885919192599,596.7972471416377,597.7072083922786,67735300
2025-06-25,600.4666748046875,601.940336500435,598.903972841808,601.247995602986,62114800
2025-06-26,605.1646118164062,605.5997923429508,601.7029677445283,602.3161684365299,78548400
2025-06-27,608.1712646484375,609.6350865938839,604.1360202356653,606.1635425121184,86258400
2025-06-30,611.0791015625,612.4340832221852,608.2998981128763,610.6142811588834,92502500
2025-07-01,610.8812866210938,612.0483479268365,608.7746241554748,609.6053849111585,70030100
2025-07-02,613.650634765625,613.6901746824169,609.8526899336259,610.4757907292374,66510400
2025-07-03,618.4869995117188,619.4167005776212,615.6088560521965,615.628656191773,51065800
2025-07-07,613.8780517578125,617.1913758193931,611.0988485499288,616.5286747873084,74814500
2025-07-08,613.5418090820312,615.2923708557059,612.7307881009865,614.5406899285775,59024600
2025-07-09,617.2210083007812,617.8737488887257,614.1055045789822,615.945166968477,66113300
2025-07-10,618.9617309570312,620.0002120765442,616.1825277796053,617.3594891460615,57529000
2025-07-11,616.7858276367188,618.0122289852302,614.7187654701638,615.9154666088177,63670200
2025-07-14,617.9628295898438,618.3089698632363,614.9858059200452,616.3308874637725,51898500
2025-07-15,615.3220825195312,620.9793689858044,615.242942324076,620.6431287961128,74317300
2025-07-16,617.3792724609375,617.883693134462,611.2769051241828,616.9045519994012,88987500
2025-07-17,621.1573486328125,621.5134493059918,617.3396644874989,617.557284919235,68885700
2025-07-18,620.7024536132812,622.5716954836944,619.5947323692288,622.4035753929759,65621600
2025-07-21,621.87939453125,624.6189973413707,621.4541141003111,621.87939453125,63375000
2025-07-22,621.9684448242188,622.828905853138,619.3277216791315,622.2058050575365,60046300
2025-07-23,627.2598266601562,627.2598266601562,622.8288811376781,624.6289433239532,70511000
2025-07-24,627.4674072265625,629.1784892953694,627.0421268182102,627.6454273719465,71307100
2025-07-25,630.1181030273438,630.5928838363332,627.8829206987424,628.1301809903662,56865400
2025-07-28,629.9598388671875,631.0477599275997,628.5751571845921,630.4938993278172,54917100
2025-07-29,628.29833984375,631.670943868378,627.388438817005,631.3544434316219,60556300
2025-07-30,627.5070190429688,630.6917023127537,624.6189756546709,628.9509803708415,80418900
2025-07-31,625.153076171875,632.8378839877031,623.8574348268075,632.4522038612699,103385200
2025-08-01,614.9066162109375,619.476041722763,612.5032535330552,619.4364414435403,140103600
2025-08-04,624.2530517578125,624.3024917393647,618.7243458354196,618.813325728958,73218000
2025-08-05,621.088134765625,625.6773001361546,620.1683337507773,624.866279158634,68051400
2025-08-06,625.845458984375,626.4981995520814,621.2463937026511,622.1562946160922,64357500
2025-08-07,625.3212280273438,629.9993730574174,622.2156245224251,629.2674923107387,74205800
2025-08-08,630.1972045898438,630.6620853000642,626.7949007710238,627.1114011688534,64051600
2025-08-11,628.9510498046875,631.947873553624,627.70484826023,630.4742118551501,58742300
2025-08-12,635.6468505859375,635.8050706066525,629.8114837326607,631.2950454377703,64730800
2025-08-13,637.8228149414062,639.1085564704525,635.6370120856271,637.8425547169825,60092800
2025-08-14,637.882080078125,638.5447207235369,635.300697252298,635.7457174616427,59327500
2025-08-15,636.388671875,639.0096552004113,635.4787708739423,638.9107148606824,68592500
2025-08-18,636.2501220703125,636.942462907598,635.1424008771667,635.814941575414,43804900
2025-08-19,632.7984008789062,637.0512656505922,631.4829592777961,636.0721245937336,69750700
2025-08-20,631.116943359375,632.649944849085,626.0135183173757,632.3928448945792,88890300
2025-08-21,628.5851440429688,630.978606926108,626.8642219548319,629.3071851926883,54805800
2025-08-22,638.2381591796875,639.4151205943501,630.2664897119097,630.7709103705197,84083200
2025-08-25,635.4292602539062,638.218363635622,635.3105801411765,636.9820621561176,51274300
2025-08-26,638.0897827148438,638.4359833484747,634.5391586749303,635.1622594491828,51581600
2025-08-27,639.543701171875,640.2755819843173,637.3578984386413,637.5062787617181,48341100
2025-08-28,641.80859375,642.362454403162,638.2678697444891,640.1470117905141,61519500
2025-08-29,637.98095703125,640.7404203673219,636.0919150690585,640.374419619015,74522200
2025-09-02,633.25341796875,633.4709780533357,627.9620114164865,630.5137545728464,81983500
2025-09-03,636.6853637695312,637.1502445176759,633.4413400681225,635.6270824559713,70820900
2025-09-04,642.0064086914062,642.0361089027498,636.4579021356687,637.3579030521721,65219200
2025-09-05,640.1469116210938,645.062476969223,636.2797877246134,644.3404359625918,85178900
2025-09-08,641.7196044921875,642.7185457406785,640.1371023874503,641.5118841129237,63133100
2025-09-09,643.203125,643.7272854003053,640.1271612550325,641.8579832056892,66133900
2025-09-10,645.0625,647.3768223058731,643.4997982019892,646.4570213518696,78034500
2025-09-11,650.4231567382812,651.1154976382888,646.4274520986086,647.0109525903231,69934400
2025-09-12,650.2054443359375,651.8868261792371,649.7010841125947,650.393364548417,72780100
2025-09-15,653.6671752929688,653.795755474802,652.1144337731963,652.4111340519337,63772400
2025-09-16,652.76708984375,654.5276118800496,651.9857691498868,654.2209512044083,61169000
2025-09-17,651.9561157226562,654.4682584259048,647.1295902463727,652.7770367516476,101952200
2025-09-18,655.00244140625,657.6036246179045,653.0342590569163,654.6365009878455,90459200
2025-09-19,658.2465209960938,659.0895125014193,654.9438659954435,656.8877828567474,97945600
2025-09-22,661.3606567382812,661.8069106980723,656.7289861632065,656.7587687117981,69452200
2025-09-23,657.7606201171875,661.8566899635472,656.540685502851,661.2417286303936,81708900
2025-09-24,655.6677856445312,659.1489540239103,654.2495430702726,659.0497999269948,68082200
2025-09-25,652.6429443359375,653.9917550046746,649.0328388399253,652.5338627083877,89622100
2025-09-26,656.3819580078125,656.9274266555326,652.4743298182361,654.0909412604747,69179200
2025-09-29,658.2266845703125,659.8135740530697,656.4216318338509,658.9010899003678,73499000
2025-09-30,660.7061157226562,661.1722852976668,656.173659297658,657.4828203674869,86288000
2025-10-01,662.95751953125,663.8699431635192,657.611793334362,657.7208749627936,72545400
2025-10-02,663.7210693359375,665.0600128657511,661.3011766397112,664.9410037342527,56896000
2025-10-03,663.7112426757812,667.1527012490268,662.6698219114437,664.4848020775174,70494400
2025-10-06,666.0914916992188,666.9841207809839,663.9591941673339,666.1014192164715,54623300
2025-10-07,663.6219482421875,667.4601442579947,662.1838505424819,667.0138297258598,72020100
2025-10-08,667.5791625976562,667.6783772359653,663.919480237528,664.7426772273783,60702200
2025-10-09,665.6452026367188,668.4023890582872,663.7112737749407,667.9957845708525,66501900
2025-10-10,647.6542358398438,668.4122493878771,647.4757221413303,666.6071968358344,159422600
2025-10-13,657.5919189453125,659.664772492732,654.3488290056752,655.2216030747315,79560500
2025-10-14,656.78857421875,660.3590300864076,647.8030207789583,651.7701536094826,88779600
2025-10-15,659.7044067382812,664.7228272522149,653.5156893256119,661.3408732132422,81702600
2025-10-16,655.2117309570312,663.2154294168515,651.710706867285,661.3409444600238,110563300
2025-10-17,658.9308471679688,660.2895852935891,652.7322022395391,654.0810128478913,96500900
2025-10-20,665.7840576171875,666.6866142382812,661.7872027532737,661.8367798071084,60493400
2025-10-21,665.7741088867188,667.4601523988813,664.4748753427003,665.9229005771253,56249000
2025-10-22,662.3128051757812,666.4783066993808,657.8497808005621,666.4783066993808,80564000
2025-10-23,666.2402954101562,667.1825015615415,662.3128121266341,662.6301900162397,65604500
2025-10-24,671.6851806640625,672.8951271271609,670.0983517375236,670.9016937183009,74356500
2025-10-27,679.6094970703125,679.9070199177999,676.5151383891614,677.1201116013259,63339800
2025-10-28,681.41455078125,683.2493254549719,679.2028936555786,681.4046232640447,61738100
2025-10-29,681.7418823242188,684.0328991417463,677.2590027977353,683.0609104229828,85657100
2025-10-30,674.2439575195312,680.303738053287,674.2439575195312,678.2805222142791,76335800
2025-10-31,676.4556274414062,679.4508319897004,673.6587916341136,679.4111219213156,87164100
2025-11-03,677.7251586914062,680.1649066224819,674.3530715971103,680.0359699637585,57315000
2025-11-04,669.6917114257812,674.3729598389511,669.0371611161902,670.5545580097922,78427000
2025-11-05,672.0125122070312,675.2655297930335,668.630497422053,669.433839434071,74402400
2025-11-06,664.8021850585938,671.8140994484131,663.2252231578799,670.9115428502156,85035300
2025-11-07,665.4567260742188,665.5658682287408,655.7769731606511,662.4218719882706,100592400
2025-11-10,675.8407592773438,676.57466917413,669.4834554774103,671.6752576501947,75842900
2025-11-11,677.3878784179688,677.9532020666294,673.1529450781785,674.3629519753922,58953400
2025-11-12,677.7647705078125,679.3318048264125,675.3547447293747,679.1631581075335,62312500
2025-11-13,666.5179443359375,675.2654792192372,665.010475070097,674.9084518036677,103457800
2025-11-14,666.408935546875,670.1082678298286,657.8201189320223,659.9127671356764,96846700
2025-11-17,660.2002563476562,668.1742314199619,656.7290154076413,664.1971714004484,90456100
2025-11-18,654.65625,659.6548153709225,650.4708935566339,656.6596108350068,114467500
2025-11-19,657.185302734375,661.856623370592,653.3371790986623,655.3505280387882,94703000
2025-11-20,647.1683349609375,670.0090710879778,646.5335791707308,667.3808213360044,165293500
2025-11-21,653.6148681640625,659.0894699034471,645.5020288545189,649.6675301260088,123956200
2025-11-24,663.2351684570312,664.5542570793402,656.1538823239337,657.2448196444445,80437900
2025-11-25,669.4734497070312,670.6536740212097,659.020017057554,663.135941149376,81077100
2025-11-26,674.09521484375,676.0986363282427,671.1595147067713,672.0620713400136,71879600
2025-11-28,677.7747192382812,678.0523870500939,674.9084513312986,675.2654787466182,49212000
2025-12-01,674.6803588867188,677.3779800628074,673.1629015749381,673.2323336611282,61201200
2025-12-02,675.9300537109375,678.2012155152329,673.7481184984898,676.316803165018,62953800
2025-12-03,678.2706298828125,679.2822075879724,674.105128319461,674.9779023816353,57238500
2025-12-04,678.7665405273438,679.7384687237238,675.7416137771377,679.6690366334618,61970300
2025-12-05,680.0557861328125,682.7336127271673,678.9549213715281,679.8375623637357,79241000
2025-12-08,678.0127563476562,680.9980334759979,675.9696853695019,680.9484564225444,55231500
2025-12-09,677.4275512695312,679.7582780276033,676.9812972721672,677.5366934232544,58310100
2025-12-10,681.92041015625,683.3088703732143,675.711837383319,676.9515664343469,85671300
2025-12-11,683.5072021484375,683.5865617528303,676.5647198382891,679.51034738166,86173700
2025-12-12,676.1580810546875,683.2195721462687,673.5893360954813,682.5153843270051,113160300
2025-12-15,675.1365356445312,680.1252340287925,673.6687159286942,680.1053789946951,90811000
2025-12-16,673.2918701171875,675.4837328267965,669.4338188610296,673.6488975485244,122030600
2025-12-17,665.8832397460938,674.8489377460819,665.6848710067972,674.3034691132465,110625200
2025-12-18,670.9114990234375,675.1464323222394,669.3544527925658,672.0322187932205,108650100
2025-12-19,676.9923095703125,677.4896664833268,672.8940327515619,673.0134542661981,103599500
2025-12-22,681.2098388671875,681.7370055876305,676.9922622536055,680.3245290528953,69556700
2025-12-23,684.3233032226562,684.562024812114,680.2548972126992,680.3046207584179,64840000
2025-12-24,686.7305297851562,687.1781631452748,684.164151137988,684.313382495532,39445600
2025-12-26,686.660888671875,688.0037280321676,685.6264081645946,686.989161229118,41613300
2025-12-29,684.2138671875,685.5567672531378,682.4433081832867,683.9055083361335,62559500
2025-12-30,683.3782958984375,684.9200900521846,682.9505762759469,683.8159723723246,47160700
2025-12-31,678.3152465820312,683.726492314561,678.1063955310838,683.5076844111845,74144800
2026-01-02,679.55859375,683.2390468658663,676.2263268834449,682.0852055985325,89377200
2026-01-05,684.0845947265625,685.7855773037328,682.7517121374489,682.910839643419,71927200
2026-01-06,688.1529541015625,688.6602678554459,684.1442890432024,684.2934596862484,69273800
2026-01-07,685.9347534179688,690.2916046822218,685.6761181181482,688.5309418430683,75588300
2026-01-08,685.8651123046875,686.9692300361542,683.8557710289468,685.1787573638412,64019200
2026-01-09,690.4010009765625,691.6344363504869,685.5368360184962,686.9791831428475,80125500
2026-01-12,691.4852294921875,692.410366767912,686.979207477028,687.0289310253164,63976000
2026-01-13,690.1026000976562,692.4103433578374,687.6953490317495,691.813478661017,78309700
2026-01-14,686.7105712890625,688.0633674208381,682.4134005947378,687.347202661372,94676700
2026-01-15,688.5806884765625,691.7737417111902,687.5959315038539,690.8983886882239,77862000
2026-01-16,688.0037231445312,690.5800586110835,686.4519720383781,689.9931507530615,79289200
2026-01-20,673.9981689453125,681.1501633341576,672.9934983300664,677.8874730475171,111623300
2026-01-21,681.77685546875,685.0991655259935,674.5452667925615,676.0572511802958,127844500
2026-01-22,685.3379516601562,687.476610793547,683.2888434897402,686.2033478813381,77112200
2026-01-23,685.5865478515625,687.3074439470811,683.5274830754288,684.5123006998919,63059600
2026-01-26,689.068115234375,690.4607389282814,686.2729717064406,686.8399658941375,60473800
2026-01-27,691.8134765625,692.8480177488461,689.9036431059924,690.5104039402848,55506100
2026-01-28,691.7438354492188,694.1510864943795,690.271678492269,693.3652237572153,61172200
2026-01-29,690.3711547851562,693.375209936545,681.2098793986574,692.7087686795362,97486200
2026-01-30,688.3121337890625,690.540343876794,683.4877957603626,688.1330925763239,101835100
2026-02-02,691.73388671875,693.2458711004026,685.7755608588325,685.9347490634862,79286500
2026-02-03,685.885009765625,693.2757257351432,680.4140840721383,692.529690413304,107904600
2026-02-04,682.5626831054688,687.7948875474046,678.1561081391175,686.7006659106327,105204600
2026-02-05,674.0379638671875,680.0758839506523,672.2176206040476,677.3404209861714,113610800
2026-02-06,686.96923828125,688.6503070282812,677.2508650473027,677.8576866055596,89127600
2026-02-09,690.2816162109375,692.1914496038428,684.7012866666231,685.7755337993461,73885200
2026-02-10,688.4613037109375,692.8579216647231,688.0037135108784,691.276360737094,65185700
2026-02-11,688.3021850585938,693.4547952732178,685.5368515439336,692.7087599208829,76353900
2026-02-12,677.668701171875,691.6742279947084,676.7734344520502,690.5701102294341,118829000
2026-02-13,678.1461181640625,682.6522007204912,673.9384983110481,678.0864377658819,96267500
2026-02-17,679.2402954101562,681.31927396984,672.2077222570326,676.5446598627462,81354700
2026-02-18,682.662109375,685.507036973797,679.2204384959671,680.4041503420104,73570300
2026-02-19,680.8616943359375,682.5527199680946,677.9471901363287,680.2251236342836,58649400
2026-02-20,685.7855834960938,686.4122580979458,678.126274472082,678.7131823752115,100034000
2026-02-23,678.7827758789062,686.3525334522094,676.7734345413753,684.1940214696967,90558100
2026-02-24,683.7164916992188,684.7112054782021,676.4053697086953,678.295350173768,73798700
2026-02-25,689.4859008789062,690.0130676270821,686.4519751919497,686.53156929616,56369500
2026-02-26,685.6561889648438,689.6350440416309,680.7323436648176,689.615191050754,71671000
2026-02-27,682.3637084960938,683.2291046432514,678.0367277603054,679.4790749097389,83308900
2026-03-02,682.7516479492188,684.9797970984218,674.4358553343317,675.1122534180175,87477200
2026-03-03,676.7337036132812,679.0016196644848,666.1200629162043,671.4915420947397,105003100
2026-03-04,681.50830078125,683.4579617719511,676.027417786932,678.026802327329,79182200
2026-03-05,677.7084350585938,681.9061587313661,672.0385544367263,678.4743840881955,106606500
2026-03-06,668.8256225585938,672.5358853430707,666.2194774432897,669.8501461298736,100687000
2026-03-09,674.6845092773438,676.3257505242918,658.888450195908,662.8673051642795,102667700
2026-03-10,673.6002807617188,679.7476047325034,671.1930903760745,674.1374043547928,81505300
2026-03-11,672.7548217773438,676.4849986405864,669.7806371390539,673.9982140650914,68441700
2026-03-12,662.5390625,668.0995392824933,662.3500644519811,667.6120785283837,108882200
2026-03-13,658.7890014648438,668.7859240392634,657.863924887251,665.7321452917186,97200200
2026-03-16,665.493408203125,668.5173163233716,663.5934708305671,664.8468199428278,82023100
2026-03-17,667.2440185546875,670.8747480492216,666.1598145596139,668.8355969918504,87128000
2026-03-18,657.9335327148438,666.1796881508768,657.6948111200146,664.8268919718373,82062600
2026-03-19,656.3121337890625,659.4753162945015,651.7066041735543,653.497076818377,111272500
2026-03-20,646.9034423828125,655.0025723674255,643.063298812559,654.8230422006715,163617500
2026-03-23,653.6959228515625,660.9173090129275,652.2596206790361,656.3790129905765,134802700
2026-03-24,651.5015869140625,655.3417305137531,648.2100787416998,649.6463809650626,96457500
2026-03-25,655.1322021484375,659.1917509309695,652.5588148295345,656.9774239230809,90653800
2026-03-26,643.432373046875,653.1672421520028,643.1630473705688,650.3844333840033,96494400
2026-03-27,632.4606323242188,641.0085567819559,631.4831091918358,640.8489947137006,103649400
2026-03-30,630.3460693359375,638.7245091624994,627.6630399662237,638.4651675144013,99275900
2026-03-31,648.6688842773438,649.865752001465,636.3405988140365,637.2981538716512,152534100
2026-04-01,653.5562744140625,656.8278752918841,651.3220400966815,652.219751792706,97841500
2026-04-02,654.144775390625,656.5086804928782,643.4522901873171,644.7589215344626,68358700
2026-04-06,657.23681640625,658.0247645183308,653.8356054757206,654.1746977251443,39105800
2026-04-07,657.5260009765625,657.9150134208243,649.386996170508,654.9626585699763,69980400
2026-04-08,674.27294921875,675.3402070755335,669.734652974974,674.6519776493207,93606100
2026-04-09,678.162841796875,679.4096297331154,672.0386657215836,673.1059235004034,57134400
2026-04-10,677.7140502929688,680.2774536083281,676.7066358948267,679.5692561407437,42253500
2026-04-13,684.3369750976562,684.536473353906,674.8414790590384,675.669302461078,54185800
2026-04-14,692.675537109375,692.7952238870419,685.8929616905456,685.9229138241225,63480500
2026-04-15,698.1414184570312,698.480571570673,692.4161778504387,693.4734516118131,58240400
2026-04-16,699.8569946289062,700.9741726960574,696.7350934539525,699.2585607342904,49972400
2026-04-17,708.3152465820312,710.5594650064761,703.9464965121796,704.3255249385737,70661900
2026-04-20,706.8988037109375,708.0857482546458,704.3254772575062,706.9587079747221,43546800
2026-04-21,702.2708129882812,709.4523240430285,700.8345107773317,708.4548936431559,58941400
2026-04-22,709.3825073242188,709.6218808832724,706.4001392457644,707.3278031045794,42518500
2026-04-23,706.6295776367188,710.5295037064266,700.4754491270062,707.6768673789517,56174000
2026-04-24,712.10546875,712.6340752101273,707.1881441382454,708.9236633096505,45182000
2026-04-27,713.332275390625,713.7911152864904,710.4696550399041,711.3374146094498,33135900
2026-04-28,709.8612060546875,711.0481506026886,707.4274735730012,709.9908768700561,43117400
2026-04-29,709.7515258789062,710.3699278433978,706.5497524472755,709.1729992133655,41859200
2026-04-30,716.8132934570312,717.9403946619685,708.6244289610544,712.7936806635566,67240900
2026-05-01,718.7982177734375,723.0073446973263,718.6186267345964,719.3966516418469,43049800
2026-05-04,716.1649780273438,720.2644021704073,713.152718877996,718.2196821209096,51950600
2026-05-05,721.9102172851562,723.1769124909786,719.6360467603954,719.9153564929043,36933200
2026-05-06,731.9443359375,732.7023927493656,725.9497697512824,726.288861980811,53288900
2026-05-07,729.7001342773438,734.238430329629,727.8748196364371,733.161188473549,51724600
2026-05-08,735.724609375,736.1834492768152,732.6824588199246,733.0415191543954,47227100
2026-05-11,737.4002685546875,738.8864300819614,734.5576163199453,734.5576163199453,44024000
2026-05-12,736.2831420898438,736.9414802248905,729.9494836014034,734.9964788307154,54185300
2026-05-13,740.4025268554688,741.9983910774667,733.5800764180441,736.5723674930287,44200200
2026-05-14,746.2474975585938,747.6040491923611,741.649357949993,741.7391534739264,45307600
2026-05-15,737.2706298828125,741.5496453663399,736.0637780312098,739.8838927249178,60410800
2026-05-18,736.751953125,739.5147938000424,731.5054597381557,737.9289136337939,47843900
2026-05-19,731.8446044921875,735.7545755811656,729.650306265128,732.8919551385734,54255900
2026-05-20,739.3452758789062,739.9636778498481,732.0042028263388,733.8195334397973,45768000
2026-05-21,740.8114624023438,742.9559620700644,735.1361419849363,736.7419902854853,43332200
2026-05-22,743.7239990234375,747.015507083493,742.566945697205,744.3224328967863,41762000
2026-05-26,748.6613159179688,750.1973368284331,746.4469887578754,748.0827892360243,41123600
2026-05-27,748.5316162109375,749.4492351039673,746.2973210478585,748.9505199197505,42106300
2026-05-28,752.6609497070312,753.2095851254732,747.3047533704411,748.3221518516883,41562600
2026-05-29,754.5361328125,756.1320579864754,752.7507543048832,753.9576670103595,55075700
2026-06-01,756.5908203125,758.3264003155792,752.7507376917755,753.4189990020213,43634900
2026-06-02,757.6182250976562,758.4461093852723,754.805464031348,755.0847737682097,31581900
2026-06-03,752.3018798828125,756.8501599793441,751.6336185743088,756.2018667594974,51402500
2026-06-04,755.1445922851562,756.3614281257201,749.5389775481502,750.1673635570705,49923000
2026-06-05,735.65478515625,750.8855669656407,733.6400171295905,750.3768677170906,93989400
2026-06-08,737.3204345703125,743.4247643242134,736.2931129658897,741.4498108327123,49319100
2026-06-09,735.1560668945312,744.9807928982774,720.7332622187009,741.7191759970133,87683500
2026-06-10,723.56591796875,736.4826536495077,723.4661992814284,731.5054857614351,60341300
2026-06-11,735.8642578125,738.0984921563339,722.5485255148498,726.8873842592473,86330500
2026-06-12,739.843994140625,742.5270843334097,733.1412911200548,738.8066884479139,57079500
2026-06-15,752.890380859375,754.7356026867302,749.8282623277308,749.9179969688896,60176400
2026-06-16,748.4019775390625,753.4988323298886,747.9531216783239,752.6111046530555,67093100
2026-06-17,739.0560302734375,750.217278570044,737.3204502885575,749.3594421826946,85945200
2026-06-18,746.739990234375,748.22998046875,743.8599853515625,747.760009765625,80875700
2026-06-22,744.3900146484375,750.1799926757812,743.1300048828125,747.7000122070312,46628100
2026-06-23,733.5800170898438,739.6300048828125,732.2999877929688,733.8099975585938,66846800
2026-06-24,733.239990234375,739.9500122070312,730.8400268554688,735.1699829101562,57439500
2026-06-25,734.2999877929688,739.3699951171875,729.5999755859375,738.9099731445312,53934400
2026-06-26,728.989990234375,736.530029296875,716.5800170898438,728.9500122070312,71034000
2026-06-29,741.0,741.5599975585938,732.0900268554688,736.530029296875,58035200
2026-06-30,746.77001953125,748.02001953125,740.8900146484375,741.2899780273438,55626000
2026-07-01,745.760009765625,749.4400024414062,742.3800048828125,745.0,47100900
2026-07-02,744.780029296875,751.3099975585938,740.030029296875,747.4000244140625,57447800
2026-07-06,751.280029296875,752.4099731445312,747.4099731445312,748.739990234375,50673300
2026-07-07,747.7100219726562,750.9600219726562,745.2100219726562,750.219970703125,43721500
2026-07-08,745.4000244140625,746.1500244140625,739.510009765625,743.1599731445312,43767400
2026-07-09,751.7100219726562,751.969970703125,745.5900268554688,747.3499755859375,41441700
2026-07-10,754.9500122070312,755.4199829101562,748.0999755859375,752.0499877929688,42191300
2026-07-13,749.1699829101562,753.9099731445312,748.0,752.469970703125,44013600
2026-07-14,751.8300170898438,753.3400268554688,748.6599731445312,750.9099731445312,35143100
2026-07-15,754.8099975585938,755.5800170898438,750.2000122070312,754.239990234375,43844800
2026-07-16,750.719970703125,754.5700073242188,747.8800048828125,752.760009765625,46409800
2026-07-17,743.2899780273438,747.2899780273438,740.7999877929688,742.0800170898438,62651000
2026-07-20,742.0900268554688,748.72998046875,741.510009765625,747.0599975585938,50422300
2026-07-21,748.280029296875,749.0399780273438,744.1799926757812,746.2899780273438,34324300
2026-07-22,747.4099731445312,750.02001953125,746.3699951171875,746.6199951171875,32836200
2026-07-23,738.1799926757812,742.5599975585938,735.2100219726562,739.3699951171875,55437300
2026-07-24,738.9299926757812,743.719970703125,737.2899780273438,738.510009765625,44782000
2026-07-27,739.0900268554688,745.530029296875,735.8699951171875,744.9099731445312,41461200
2026-07-28,740.8599853515625,742.7899780273438,735.97998046875,739.1900024414062,47322200
2026-07-29,729.4600219726562,742.6799926757812,729.0999755859375,739.969970703125,70697200
2026-07-30,741.6900024414062,742.4500122070312,734.5900268554688,736.0499877929688,66811300
2026-07-31,747.030029296875,748.9000244140625,737.6799926757812,744.6799926757812,62445900
2026-08-03,757.6699829101562,758.5800170898438,748.7999877929688,749.4400024414062,59927500
2026-08-04,771.3300170898438,773.4099731445312,760.52001953125,760.6300048828125,69154800
2026-08-05,769.7899780273438,776.8499755859375,769.510009765625,775.8499755859375,44689100
2026-08-06,768.5599975585938,771.8200073242188,767.4600219726562,770.2100219726562,38416900
2026-08-07,773.260009765625,773.9199829101562,769.6099853515625,771.02001953125,43586300
2026-08-10,773.030029296875,775.030029296875,771.8900146484375,772.5999755859375,31958749
