Date,Close,High,Low,Open,Volume
2016-08-11,74.66930389404297,74.81841512693212,74.4083467933675,74.55746513661063,6577700
2016-08-12,74.57611083984375,74.63203378083487,74.23128707044702,74.37108375739253,4420400
2016-08-15,75.40559387207031,75.62926437789733,74.57613515517899,74.67865228500744,6290300
2016-08-16,75.31237030029297,75.4055728362143,74.7625123122041,74.94890316333637,6182600
2016-08-17,75.47108459472656,75.48976030239044,75.06031162116307,75.34972098569345,4655400
2016-08-18,74.93892669677734,75.23767385856004,74.6028423721292,74.69619952468115,7453900
2016-08-19,75.12564849853516,75.12564849853516,74.44412774839462,74.6961998965032,8480900
2016-08-22,75.67647552490234,75.69515123278389,74.6495323949808,75.0042924950786,7954500
2016-08-23,75.4337387084961,76.32998026002323,75.4337387084961,75.96588235229954,10007800
2016-08-24,74.95760345458984,75.60177992483355,74.86424630072558,75.43373419880017,5028000
2016-08-25,74.98560333251953,75.17231762392372,74.68685619265665,74.95759690107828,5773700
2016-08-26,75.2190170288086,75.75116071645655,74.84558123756374,75.26569917372494,7932200
2016-08-29,75.49909210205078,75.61111784826875,75.19100705456144,75.19100705456144,4766700
2016-08-30,75.7791519165039,75.79782761979321,75.3590411875147,75.62044405201411,4128700
2016-08-31,75.52709197998047,75.8071634438995,75.34970840027904,75.57376699595314,7386100
2016-09-01,75.9005355834961,76.13393205561916,75.59245053084685,75.75115842244371,6240600
2016-09-02,76.55403137207031,76.69407065887509,76.08723849785036,76.1525892153334,6408900
2016-09-06,77.04887390136719,77.04887390136719,76.3766906457835,76.55407431675643,8140400
2016-09-07,77.7116928100586,77.73036851784654,76.8901397347782,77.00217261341918,9304700
2016-09-08,77.4596176147461,78.07578056001775,77.10485044008865,77.50629263272573,7961100
2016-09-09,75.92854309082031,77.31024623655627,75.92854309082031,76.92747972068037,11563000
2016-09-12,77.4596176147461,77.60898764405346,75.78849812087056,75.93786815017792,9882700
2016-09-13,76.45133972167969,76.96481475491082,76.19927469253533,76.9368083208608,8834300
2016-09-14,76.07793426513672,76.7594552966499,76.04058996397326,76.04992781993842,10999500
2016-09-15,76.56338500976562,76.67541076415175,75.79784482311344,76.01256560081714,10580300
2016-09-16,76.61940002441406,76.79678363740119,76.01256772134369,76.31131494586663,11702000
2016-09-19,77.03018188476562,77.52498131890617,76.76877894768728,76.95549329625871,8361700
2016-09-20,77.00218963623047,77.70237925646182,76.85281243168647,77.45964486042642,6473300
2016-09-21,77.6930160522461,77.72102248828638,76.8061052156998,77.41293744645361,7536200
2016-09-22,77.82373046875,78.2251727385012,77.67435328805374,77.8797433501631,6599400
2016-09-23,77.05817413330078,77.9077335223456,77.03949842826556,77.79570778291237,8283700
2016-09-26,76.37667846679688,76.79679649589387,76.26465269052851,76.69410145251662,8486800
2016-09-27,76.70341491699219,76.9087978157396,76.08724485266615,76.35798559704929,7969500
2016-09-28,77.4596176147461,77.49696190274659,76.49802534749078,76.90879827010701,7974300
2016-09-29,76.47933197021484,77.54361900287515,76.35796840427743,77.22620331225748,5885400
2016-09-30,77.2075424194336,77.52496529362516,76.25528804224763,76.7034123579609,9776800
2016-10-03,77.3569107055664,77.5903071276511,76.83410499935863,76.94613072343542,8155400
2016-10-04,77.23555755615234,77.98242193402523,77.09551825945914,77.74902548043472,5772000
2016-10-05,77.81437683105469,77.90773398870604,77.39426606027628,77.45027893032818,6163400
2016-10-06,77.82373046875,77.9357633542722,77.37560604935723,77.59967182040162,7687100
2016-10-07,77.37557983398438,78.14111981894254,77.15152126154857,77.94506767772451,8238100
2016-10-10,77.59967041015625,77.99177481831407,77.43162464627491,77.60900114175818,7371500
2016-10-11,76.59140014648438,77.29158968169672,76.15261356478658,77.18889464671655,6227400
2016-10-12,76.78742218017578,77.05816288209962,76.38598005286713,76.40464863248204,3923600
2016-10-13,76.43267059326172,76.67539776842209,75.7231434040605,76.22728058143814,6810900
2016-10-14,76.9741439819336,77.66500258092165,76.59137751956459,76.59137751956459,6698100
2016-10-17,76.69409942626953,77.19823677424857,76.59140438560547,77.09554173358451,8473700
2016-10-18,76.16193389892578,76.8994675610736,75.94720602353807,76.08724532290444,11680400
2016-10-19,77.31023406982422,77.3662540585399,76.2272782981398,76.2272782981398,8440900
2016-10-20,77.02084350585938,77.58099367045374,76.71275842238894,77.53431864497675,6945200
2016-10-21,76.88079833984375,77.0581819421813,76.16194032242014,76.57271327979281,8043200
2016-10-24,77.64632415771484,78.03842845841868,77.21687557274959,77.73968130702139,16267000
2016-10-25,76.58206939697266,77.64635701942471,76.27398426344787,77.64635701942471,15085900
2016-10-26,76.3206558227539,76.79678667912228,76.00324000030562,76.1992922064112,8748400
2016-10-27,76.47933197021484,76.80608551134863,76.18992270845249,76.51667624958627,7039200
2016-10-28,76.75944519042969,77.82373270402326,76.65675015642537,77.03951672823545,10919600
2016-10-31,77.03018188476562,77.394279850367,76.89014256198914,76.96483115049604,10024000
2016-11-01,76.19929504394531,77.19823182046063,75.92855423799493,77.15154966944648,10881500
2016-11-02,75.22837829589844,75.97524298814194,75.17235828002448,75.51778774090677,9170900
2016-11-03,75.29368591308594,75.74180304718608,75.19099091929353,75.38704305579903,7563100
2016-11-04,75.02295684814453,75.8445098031996,74.99495041325662,75.29369758988524,7588100
2016-11-07,77.03018188476562,77.04885047054444,76.0405758937887,76.21795951081864,7277900
2016-11-08,77.37557983398438,77.63698981163536,76.69406626537314,76.91812483780896,7152000
2016-11-09,77.7116928100586,77.76771281072686,75.8258523171235,76.37666461104324,12158500
2016-11-10,76.43267059326172,78.38386146019725,76.01255271743322,77.76769854742076,17171600
2016-11-11,76.44202423095703,77.1422137778103,76.10593267865174,76.17128341811686,7368000
2016-11-14,73.17449188232422,76.75946699049759,72.16622408809575,76.57274545623436,21773500
2016-11-15,73.35184478759766,74.25742426145736,72.63298676967025,73.03442899655562,18523400
2016-11-16,74.91888427734375,75.02179540133139,73.68395792717583,73.7120232995936,9997700
2016-11-17,75.84508514404297,75.96670414973056,75.0124456998573,75.1434222098853,8081800
2016-11-18,75.61117553710938,76.24735003146819,75.33986509151846,75.91990885150756,7920800
2016-11-21,76.42512512207031,76.50932124372856,75.68603934643905,75.99477273455415,8942100
2016-11-22,74.77855682373047,76.42512781399074,74.15173965924926,76.42512781399074,18133900
2016-11-23,74.44176483154297,74.83469439095252,73.86172085978244,74.82534402359873,12802600
2016-11-25,74.96565246582031,75.19018970539518,74.60078837361519,74.83467597824325,6495700
2016-11-28,73.98334503173828,74.85340739724549,73.95527965505818,74.52596610650295,11793100
2016-11-29,74.04884338378906,74.45113049230582,73.86172895094069,74.02077800328325,8575200
2016-11-30,72.33677673339844,74.32949706929313,72.29935385048259,74.32949706929313,15353900
2016-12-01,70.56855773925781,72.61741513167769,70.40015840374821,72.57063476271527,21053000
2016-12-02,70.83988952636719,71.33573018100567,70.32533386343047,70.54051363275428,13629600
2016-12-05,72.32743072509766,72.59874131610009,71.6164172497322,71.69125588977484,12119200
2016-12-06,72.14030456542969,72.94487862153322,71.76608291227012,72.91681324664103,13896600
2016-12-07,74.19852447509766,74.36692388828945,72.2712922978802,72.29000017148574,13919800
2016-12-08,74.17045593261719,74.72243453919381,73.8804375091444,74.5446776279375,13320100
2016-12-09,74.03948211669922,74.77856802911349,73.74946368262371,74.04883962228774,10728300
2016-12-12,73.4406967163086,73.93653722089911,72.89807584281317,73.89911435331162,11942300
2016-12-13,74.0956039428711,74.37627197520986,73.20683373660594,73.73073978344144,12995100
2016-12-14,74.03012084960938,74.82534461746371,74.02077048218136,74.17045487556514,20146200
2016-12-15,74.37625122070312,75.20889044322847,74.03009502910393,74.25463224739222,14070900
2016-12-16,73.30036926269531,74.33883073308654,73.13196991242422,74.11430064528604,19141700
2016-12-19,73.06652069091797,73.53429612061359,72.99167490912188,73.01038992341421,8699100
2016-12-20,73.30973815917969,73.51556041235506,72.6829210337339,73.3565185395137,6917400
2016-12-21,73.10391235351562,73.48749146809948,72.95422799155176,73.42200322142462,9343600
2016-12-22,72.87938690185547,73.0290712733906,72.21514688948453,72.99164839608581,12074000
2016-12-23,73.11327362060547,73.4220070012595,72.87938599362829,73.04778537055921,6192900
2016-12-27,73.30036926269531,73.76814444259469,73.18810778763645,73.22552352086754,3776000
2016-12-28,73.25363159179688,73.58107294916196,72.94489811012997,73.34718524566028,7587100
2016-12-29,73.28166961669922,73.75879521458815,73.25360424478617,73.43135397946331,6241100
2016-12-30,72.99166870117188,73.47815910378375,72.91683006342744,73.3752479469884,7127300
2017-01-03,74.37625122070312,74.75983028201702,73.43134338903364,73.68394597518731,13785200
2017-01-04,74.98438262939453,75.08729376724904,74.24529679284157,74.32014255449661,8033100
2017-01-05,75.8637924194336,76.27543695496665,75.04986799031886,75.16212949078466,7805100
2017-01-06,76.91161346435547,77.17356648860553,75.72346735073994,76.06026613554276,8898300
2017-01-09,76.48127746582031,77.13616016702812,76.38772381388864,76.97711824497567,7305300
2017-01-10,76.06962585449219,76.62160448432434,75.90122644138744,76.43449005993824,6017500
2017-01-11,76.52803802490234,76.52803802490234,75.69539860446052,76.01348236611952,7499200
2017-01-12,76.1257553100586,76.21930894303597,75.32118121862078,75.82637940192019,6884000
2017-01-13,75.9386215209961,76.5747960555997,75.58311495136104,75.7982875385118,7291200
2017-01-17,76.0228500366211,76.23802269529827,75.55507469796696,75.55507469796696,6326500
2017-01-18,76.33158111572266,76.55611843147155,75.76090173349648,76.03220516574315,8512300
2017-01-19,76.46256256103516,76.57482407795811,76.16318661976483,76.51869331949663,6479400
2017-01-20,76.5654525756836,76.97709709631118,76.35027994912582,76.79934021009761,9048500
2017-01-23,76.85546875,76.99580274111997,76.24735954693564,76.43446677664008,7414200
2017-01-24,77.86589813232422,78.1091362071496,76.57483342857354,77.0893892362548,8397500
2017-01-25,78.49269104003906,78.8388401686629,78.07168901814819,78.38977991053356,9360900
2017-01-26,77.87523651123047,78.51141125837474,77.72555211420635,78.51141125837474,8428200
2017-01-27,78.37107849121094,78.39915100768499,77.57586182889456,77.95008353400972,5445900
2017-01-30,78.30559539794922,78.34301828469997,77.33262889317315,78.09042272123972,8792800
2017-01-31,77.37939453125,77.91265812400435,76.80870805542875,76.83677343330764,7479400
2017-02-01,77.12681579589844,77.73491814958578,76.76195152861138,77.55716833839891,7534400
2017-02-02,76.99583435058594,77.37004896362292,76.31287912018962,76.84614279522216,11142300
2017-02-03,80.53221893310547,81.22452456400079,79.62473346598897,80.21412793230284,28079600
2017-02-06,80.29828643798828,80.55088188619666,79.99891061826452,80.52281651836046,9665300
2017-02-07,80.25152587890625,80.78478941249345,80.14861474631185,80.41992526518032,8600300
2017-02-08,79.60601806640625,80.30768120096228,79.5966676970798,80.27026544828341,7587700
2017-02-09,80.06441497802734,80.2421647226769,79.40952533335235,79.86795022593004,6554700
2017-02-10,80.3637924194336,80.58832254938093,79.7369752737517,80.27023879342921,10432000
2017-02-13,80.8690185546875,81.11225663894929,80.45737389257276,80.64448120934131,6046300
2017-02-14,81.2525863647461,81.36485503143547,80.70061481331739,80.94385288461501,5952000
2017-02-15,82.05399322509766,82.05399322509766,81.26663111497862,81.56657688281655,8049700
2017-02-16,81.93214416503906,82.18522050592684,81.35099610088793,82.06336999383588,8680600
2017-02-17,81.97899627685547,82.18521031117653,81.52908124858266,81.80090103789266,5887200
2017-02-21,82.4101791381836,82.52266148632805,81.70718055264143,82.02587696341502,9301300
2017-02-22,82.29769134521484,82.62575587133489,82.02586440892385,82.11959610906239,8389900
2017-02-23,82.65386962890625,82.944440027008,82.3632992308045,82.70073905175423,6040500
2017-02-24,82.88822937011719,82.88822937011719,81.82904729157286,81.88528489624552,5151300
2017-02-27,82.48513793945312,82.84132118791669,82.40078157189683,82.78508360954584,6131600
2017-02-28,82.42892456054688,82.84134550845975,82.26020462463266,82.6351386101388,8521900
2017-03-01,83.41312408447266,83.55372523281915,82.87884544177318,83.17879122098567,11131400
2017-03-02,82.9819564819336,83.54435395121253,82.5789036512172,83.4225034307715,10544200
2017-03-03,83.22565460205078,83.33813694280258,82.65388188461992,82.7757323903145,5700600
2017-03-06,83.36626434326172,83.67557829752508,82.73824681501041,82.9819550028203,7347600
2017-03-07,83.47874450683594,83.70370922492836,83.28190574195916,83.41313158521035,5688400
2017-03-08,83.385009765625,83.70370619575314,83.30065336284723,83.58184852337833,5866800
2017-03-09,83.52561950683594,83.89117825899119,83.15068543631777,83.44125594411487,5953900
2017-03-10,84.10676574707031,84.22861627790664,83.51624227536772,83.89117633729728,12246700
2017-03-13,84.46292877197266,84.65039218202229,83.99426309557785,84.1723583410145,8944100
2017-03-14,83.93801879882812,84.38793380752159,83.64744123980722,84.29420210998296,6009400
2017-03-15,84.28484344482422,84.45356339423142,83.80680954756339,84.12549881240393,6350700
2017-03-16,84.39730834960938,84.66913527587066,83.86302981213585,84.6503846457726,9174400
2017-03-17,84.58477783203125,84.95033648128832,84.51916492450486,84.59415314775518,8613400
2017-03-20,83.5912094116211,86.28135293909922,83.39437068784522,84.63164777391542,9438000
2017-03-21,82.54139709472656,84.08799526563674,82.4851595016548,83.88178122267928,11092100
2017-03-22,82.97257232666016,83.45998865905015,82.34456200537984,82.34456200537984,7828600
2017-03-23,83.29126739501953,83.7880518845788,82.8788392974514,82.92570872718267,7710700
2017-03-24,83.6005630493164,83.99424039478545,83.39434906323203,83.47870542957449,7597600
2017-03-27,83.37561798095703,83.41311209187687,82.55076899453199,82.77572650878056,5230000
2017-03-28,83.53495025634766,83.81614529575434,82.94442708618296,83.53495025634766,7045500
2017-03-29,83.5912094116211,83.78804813539696,83.01006140480379,83.41311416813647,4738000
2017-03-30,83.431884765625,83.5162411740287,83.04757539061522,83.49749768925199,6227100
2017-03-31,83.30062866210938,83.75054364605674,83.30062866210938,83.40373566911184,6429800
2017-04-03,83.75993347167969,83.85366518030148,82.86009619662278,83.55371942194917,9125800
2017-04-04,83.21629333496094,83.73182854468742,83.10381812649128,83.43188273664805,4859900
2017-04-05,83.45060729980469,84.54728324136215,83.37561907697925,83.54433900270121,7251600
2017-04-06,83.50685119628906,83.66620296964226,83.21628074998979,83.4224948026942,8473900
2017-04-07,83.17876434326172,83.64742991879483,82.97255034582409,83.39435365456538,5439500
2017-04-10,83.29126739501953,83.65682606285638,82.972571005643,83.06630986510552,5999400
2017-04-11,83.28189086914062,83.28189086914062,82.60701113793037,83.04755802642988,7058500
2017-04-12,83.12254333496094,83.61932779986819,83.0100609999502,83.14128681516077,5912500
2017-04-13,83.30062866210938,84.15359635944736,82.88820063409952,82.92569474130676,7242700
2017-04-17,84.18175506591797,84.26611863495177,83.18818578328,83.50687511874006,6122800
2017-04-18,84.10676574707031,84.28485388425072,83.6474681243522,84.02240218628175,6823500
2017-04-19,84.12549591064453,84.94097682986276,83.98489476577637,84.44418516449245,7301300
2017-04-20,85.43777465820312,85.76583927983873,84.26611018716707,84.49106776324972,12178300
2017-04-21,85.43777465820312,86.98437319022518,85.31591697640103,86.95624723585149,19442600
2017-04-24,86.0938949584961,86.7031618504019,85.3065399483569,86.37509726284391,11705400
2017-04-25,86.33758544921875,86.5625429558253,85.84080101113047,86.22510312028038,7769200
2017-04-26,86.06576538085938,86.68440751244735,86.00015247156405,86.25322879276865,11295200
2017-04-27,85.85955047607422,86.23448444740403,85.5596047292645,86.18761501926129,5856800
2017-04-28,85.50335693359375,85.81267795937559,85.2783994381478,85.66270152823172,6888500
2017-05-01,85.54088592529297,85.92518817209688,85.42840355606431,85.56900472978194,9042100
2017-05-02,86.74064636230469,86.9374850930421,85.79393967052596,85.87830321299678,11627700
2017-05-03,86.64691925048828,86.75002627938173,86.21574765296626,86.60942513532055,4909000
2017-05-04,86.81561279296875,87.03119495053681,86.4687976965852,86.89059384923164,5257000
2017-05-05,86.31885528564453,87.15308690835086,86.00954132244607,87.07809867127831,8844500
2017-05-08,86.1595230102539,86.38448775375672,85.78458892235545,86.28138070080283,5223600
2017-05-09,86.2344741821289,86.36569998378273,86.07512958744495,86.14074248827187,3969500
2017-05-10,86.46881103515625,86.61878747335537,85.93453248879472,85.95327596793452,6747600
2017-05-11,86.3282241821289,86.52506292634986,85.87830909570141,86.34697481563835,7052200
2017-05-12,86.91874694824219,86.96560922913996,86.21574837333371,86.41258711615554,5898800
2017-05-15,87.38740539550781,87.56549349013918,86.90936440198003,86.91873971788823,7040100
2017-05-16,87.31242370605469,87.84670233248056,87.14370376343224,87.49988713062574,5497400
2017-05-17,86.16216278076172,87.10115755816857,86.11521017630673,86.83824016672851,8240200
2017-05-18,86.1152114868164,86.83824148824132,85.78656474251495,85.78656474251495,8239800
2017-05-19,86.83822631835938,87.148089100878,86.11519644324147,86.36872900452819,9361300
2017-05-22,87.61760711669922,87.8899164827369,86.7912942281437,86.88519228030376,9186200
2017-05-23,88.134033203125,88.33122120827294,87.76782588442738,87.85233195922211,7616100
2017-05-24,89.02607727050781,89.19509658798424,88.2842706640258,88.2842706640258,6825300
2017-05-25,89.2420654296875,89.5613202186143,89.1012147788238,89.2890108706676,7262400
2017-05-26,88.89461517333984,89.31716703273536,88.63169783716137,89.20448510410453,4133900
2017-05-30,88.94161224365234,89.09184772632605,88.58478953987036,88.88527483314516,6292700
2017-05-31,89.42044830322266,89.70214235143237,88.69741853516962,89.27959769713809,9866000
2017-06-01,89.58009338378906,89.6270388191395,88.83828673122815,89.58009338378906,8911900
2017-06-02,90.28433227539062,90.32189291908773,89.58947827689468,89.58947827689468,8570200
2017-06-05,90.65995788574219,90.69751137638858,90.24679784900837,90.4439859127325,14510500
2017-06-06,89.94629669189453,90.7068800516257,89.73032477431282,90.3970101036017,7030300
2017-06-07,90.22798156738281,90.35005544205369,89.91811881496854,90.17164418766382,6720300
2017-06-08,90.22798156738281,90.25615742120209,89.47679023661031,90.02140878709322,7720300
2017-06-09,88.79132843017578,90.37823162071064,87.99318444086288,90.22798904373107,16887100
2017-06-12,87.79600524902344,88.30306325131345,87.13871181862588,87.97441653611467,15610000
2017-06-13,89.27961730957031,89.52375077219001,88.23733262512461,88.26550131973758,8700100
2017-06-14,89.50496673583984,90.14348336288538,89.15753614801964,89.50496673583984,6347000
2017-06-15,88.42513275146484,88.76317143023635,87.8241766923069,88.67866534252414,12793900
2017-06-16,88.42513275146484,88.67866534252414,88.02136472759673,88.55659144165806,14705100
2017-06-19,89.00728607177734,89.0636234471311,88.50022820171574,88.96972543355508,5984300
2017-06-20,88.62230682373047,89.16692540527204,88.57536139260735,89.0072980443251,5626700
2017-06-21,88.7725601196289,88.98852488959398,88.33123146279456,88.83828946230885,5611400
2017-06-22,88.21855163574219,88.74439355375783,88.14343750227815,88.7256096474209,5846500
2017-06-23,89.74909210205078,89.81482142761618,88.16218917402448,88.41572168974756,11637300
2017-06-26,89.41105651855469,90.39699643505969,89.29837460068579,89.95567504231522,6970800
2017-06-27,89.110595703125,89.52374848683657,88.85706313015848,89.34534437085507,6283600
2017-06-28,90.35945129394531,90.51907865267975,88.88523009466115,89.34533543146752,5571300
2017-06-29,88.65987396240234,89.9462992239531,88.27488987756321,89.9462992239531,8872500
2017-06-30,88.05892181396484,88.84768108717262,88.05892181396484,88.62231720113553,9036600
2017-07-03,87.65514373779297,88.65048287688977,87.65514373779297,88.62230702140081,6197700
2017-07-05,88.27490234375,88.64110973927212,88.00259299457375,88.03076169208134,9339600
2017-07-06,87.56123352050781,88.23731067891035,87.504896145294,87.74902954719332,8215700
2017-07-07,88.19036102294922,88.65047348235997,87.79598505541952,87.79598505541952,6175800
2017-07-10,89.28899383544922,89.55191834341421,88.40634377542789,88.40634377542789,8851800
2017-07-11,89.58946228027344,89.79603503778262,89.13874180034661,89.27959239807117,5554100
2017-07-12,90.3125228881836,90.56604833972547,89.79607286694383,90.12472678807569,5974800
2017-07-13,90.08714294433594,90.75382824124637,89.92750841998036,90.53785633415362,6721700
2017-07-14,91.01675415039062,91.4299140999311,90.2561707559737,90.27494749733425,6195800
2017-07-17,90.92283630371094,91.3547729004936,90.69747247272576,91.18575360923435,5914900
2017-07-18,91.6270980834961,91.78672545188799,90.71627214249688,90.94162884869486,7435000
2017-07-19,92.25621032714844,92.33133160707045,91.59891703772968,91.68342310467227,6390400
2017-07-20,92.1247787475586,93.09194222796498,91.95575940003387,93.06377353070447,8572900
2017-07-21,93.52388000488281,94.35958479802622,93.04499065426253,93.52388000488281,17400200
2017-07-24,94.24689483642578,94.29384027016928,93.09192827413464,93.47691951621856,9186000
2017-07-25,93.89006805419922,94.69760398336858,93.71166395168059,94.50980792894046,6774900
2017-07-26,94.6976089477539,94.82906762553716,93.76800625086922,93.90885688105433,7205400
2017-07-27,93.49568939208984,95.0074712284649,92.5379180793109,94.81028322771512,10543900
2017-07-28,93.101318359375,93.514471122251,92.5003623734095,93.07314966690168,6558800
2017-07-31,93.48629760742188,93.89945751294606,93.09192160521792,93.42996022538134,7576600
2017-08-01,94.71638488769531,94.90418093617627,93.86189638999886,94.23749565092082,6018100
2017-08-02,95.10138702392578,95.10138702392578,94.12483162537832,94.86663833669691,5955600
2017-08-03,94.45348358154297,94.93237293589968,94.20935009136737,94.78213749301945,5697500
2017-08-04,94.73515319824219,95.15769785170998,94.47223588817695,94.8008825257585,4618000
2017-08-07,95.2985610961914,95.34551369234117,94.45346451321812,94.76333445430173,7047100
2017-08-08,95.10138702392578,95.51454700591624,94.77274029459765,95.30796701492102,6283700
2017-08-09,94.81028747558594,95.12015741805901,94.4628568888167,94.61309946600137,6902100
2017-08-10,93.42057037353516,94.72577228918531,93.36423299022832,94.40651756516625,8560800
2017-08-11,93.98395538330078,94.1811505311521,93.45812075958916,93.47690466126998,5268200
2017-08-14,95.6553726196289,95.88072929448735,94.60369619702367,94.819668084901,5657600
2017-08-15,96.36901092529297,96.50986154473263,95.74927822930258,96.11548554146965,5386000
2017-08-16,97.17314147949219,97.7468510786729,96.53359670542987,96.64646008043943,13408300
2017-08-17,96.08216857910156,97.37065817467288,96.08216857910156,97.18255970357387,7381600
2017-08-18,96.41136932373047,96.95685790061653,95.87528064997277,96.00695104875545,5670900
2017-08-21,97.0791015625,97.2013648488608,96.24205118353804,96.51479898433975,5395000
2017-08-22,97.87853240966797,98.00079569802341,97.00386088782616,97.28601576925773,5481000
2017-08-23,97.04146575927734,97.78446679210539,96.8627672192757,97.59636117749959,5057200
2017-08-24,97.0791015625,97.342442287275,96.53360596089657,97.17315079627727,4082300
2017-08-25,97.20134735107422,97.69981465830868,97.02265599171365,97.48350217711028,4467400
2017-08-28,97.60578155517578,97.65280975911077,97.11672124153576,97.4835182706399,3919900
2017-08-29,97.59638977050781,97.87854468733225,96.53361964473126,96.79696040683535,7135300
2017-08-30,97.55878448486328,97.81271819218145,97.36127172022907,97.53056325027393,8712700
2017-08-31,97.36125183105469,97.99139678252095,96.90040555054682,97.86912631743954,13766000
2017-09-01,97.71863555908203,97.88792703130223,97.28600339129618,97.85030590686488,4466800
2017-09-05,96.88159942626953,97.3048245809005,96.17621938488668,97.24839647374887,6337500
2017-09-06,97.04146575927734,97.57755420378676,96.96622351343501,97.19194307546648,6372200
2017-09-07,98.33938598632812,99.16703653970784,97.44590742129019,97.53995666358409,6508600
2017-09-08,98.21710968017578,98.53687849672156,97.86911963673218,98.12306045033857,5787200
2017-09-11,99.83477783203125,99.83477783203125,98.89427122442943,99.20464012705706,6956000
2017-09-12,99.89122772216797,100.29564593867462,99.46800252662503,100.29564593867462,5212400
2017-09-13,99.53382110595703,99.93823925497301,98.97891844777402,99.93823925497301,6215700
2017-09-14,99.76896667480469,100.48374670230042,99.22347098895449,99.22347098895449,8154000
2017-09-15,99.03538513183594,99.82540752899997,98.70620195751899,99.44920331227961,12622900
2017-09-18,98.59332275390625,99.24226752172977,98.39581720061241,99.08238309889622,7330300
2017-09-19,99.13880920410156,99.6278695038145,98.59331362617445,98.87546131526014,9754400
2017-09-20,98.72499084472656,99.47739191008029,98.24533041179696,99.22345825470389,8198600
2017-09-21,99.04475402832031,99.32690889640456,98.42402336422987,98.75319925999726,4777600
2017-09-22,99.27985382080078,99.39271717258464,98.80960061827635,98.95067801413256,4959400
2017-09-25,96.8910140991211,99.3645517470035,96.63708040272718,99.22347428211891,9395300
2017-09-26,96.81576538085938,97.83150719901344,96.75933009754749,96.97564980333307,6263600
2017-09-27,97.70924377441406,97.92556347990632,96.7781441192451,96.93802854150198,8337400
2017-09-28,98.3581771850586,98.73438124193218,97.56814794807447,97.5775550227576,5947800
2017-09-29,98.97891998291016,99.15761854644349,98.46164561949244,98.5180737235571,7676300
2017-10-02,99.16702270507812,99.68429705327911,98.8472467152936,99.26107193425136,4885600
2017-10-03,99.30810546875,99.59966744405384,99.0259577456943,99.36454075375885,4411100
2017-10-04,99.04475402832031,99.44917217897635,98.65915002913462,99.4209581272672,4146800
2017-10-05,99.91943359375,99.92884067024634,98.89428469605377,99.31750985692898,4396100
2017-10-06,100.38029479980469,100.59660734741941,99.57145837068549,99.96646950802347,4587000
2017-10-09,100.64362335205078,101.24554706227853,100.20158405771238,100.25801216320353,4787000
2017-10-10,100.92577362060547,101.1985214299072,100.4649273378872,101.17971445276427,4015600
2017-10-11,101.98854064941406,102.12961090268178,101.19851135363437,101.29256058097822,6473100
2017-10-12,101.6781997680664,102.24250246317136,101.48069418355458,102.04499687865953,6496100
2017-10-13,102.19546508789062,102.75976769278931,101.95093132808564,102.04498056631928,5154600
2017-10-16,101.85688781738281,102.56226790704476,100.78471065513645,102.31773413348937,5552200
2017-10-17,101.14207458496094,101.96971776035643,100.91635502357953,101.80983337002358,5979400
2017-10-18,101.38663482666016,101.57473331445094,101.066858786819,101.21734331744952,4817300
2017-10-19,100.65303039550781,101.36781754293959,100.54017417651663,100.88815708573564,10840200
2017-10-20,101.15148162841797,101.29255186955328,100.6059861110432,101.29255186955328,7848900
2017-10-23,101.1326675415039,101.79102642768754,100.72824944051105,101.62173496272551,6316700
2017-10-24,101.96033477783203,102.17664730052545,100.8035083797656,101.16089834253981,10511200
2017-10-25,102.97608947753906,104.02945969671308,101.57473632807805,102.90085438548901,13261300
2017-10-26,103.26765441894531,104.1517259736307,103.14538393681492,103.81314293549663,7380100
2017-10-27,103.1830062866211,103.57801744392943,102.22369245094401,103.52158932874191,7862700
2017-10-30,103.49335479736328,103.68145326110928,102.43998474409496,103.1453647463871,5148600
2017-10-31,103.4369125366211,104.10467131967307,102.19544418951823,104.00121502612322,8002500
2017-11-01,104.46207427978516,104.77244319923071,103.85074351661869,103.92598577142302,6167300
2017-11-02,104.37743377685547,104.7442308054618,103.64383254414633,104.41504772935663,5506600
2017-11-03,104.73481750488281,104.79124560577733,103.93538831506089,104.33980644762907,3757600
2017-11-06,105.26150512695312,105.47782481897578,104.58433917426922,104.7348236861974,4094700
2017-11-07,105.42138671875,105.7787838372692,104.92291934344298,105.57187122665204,3697900
2017-11-08,105.77880096435547,106.19262625259397,105.1674701091388,105.34616869733223,4417800
2017-11-09,105.46842193603516,105.54366419499053,104.33040967744799,105.14865309871996,4334700
2017-11-10,105.22388458251953,105.3179409907445,104.65958201065227,105.0640001693315,4198900
2017-11-13,104.77244567871094,105.20507789082964,104.71601039852396,104.9135231159336,7185600
2017-11-14,105.31793975830078,105.37436786217822,104.21754150421563,104.47148232265698,5679600
2017-11-15,103.69087219238281,105.21449575471522,103.58741587284497,104.71602113535226,6895100
2017-11-16,104.60005187988281,104.99577003539171,104.17607687037842,104.3456683118222,5655100
2017-11-17,103.46942901611328,104.49640122913186,103.3563656788003,104.28912203816249,8812400
2017-11-20,103.59193420410156,104.27972376134764,103.34697436241777,103.59193420410156,6873200
2017-11-21,105.00521087646484,105.04289867085888,103.92171733753663,104.0630375812495,6456500
2017-11-22,104.41162109375,105.20305022378925,104.29855773568434,105.0522990797017,4067600
2017-11-24,105.49513244628906,105.6741476512792,104.71312697926057,104.87329469519337,3045600
2017-11-27,105.88138580322266,106.03213691455726,105.43857058714671,105.52336269611595,6620500
2017-11-28,106.80474853515625,107.04971556611234,106.05100714215781,106.08869493062879,6671300
2017-11-29,103.50712585449219,107.04969833005885,100.71829465056423,107.04969833005885,14505400
2017-11-30,106.07926940917969,106.07926940917969,103.66730849313231,104.11013101498393,18533300
2017-12-01,104.32683563232422,105.93795084959865,103.41292653047724,105.8814155728484,13101800
2017-12-04,101.21766662597656,105.00519970704867,100.78426781886361,104.89214352410418,18909100
2017-12-05,102.30116271972656,102.92299326309117,100.43565671321132,102.59323409704852,12081500
2017-12-06,103.39408874511719,103.79922352349547,101.99967638340446,102.21637220194906,7532100
2017-12-07,104.95807647705078,104.96750022000438,103.12083476442254,103.42232984505044,7384900
2017-12-08,106.08869171142578,106.09811545531024,105.3537978290681,105.6458691955922,7594900
2017-12-11,105.87199401855469,106.79531963275987,105.67413852979644,105.99447393401162,7538600
2017-12-12,106.89895629882812,107.15334705464691,105.52338447098795,105.87199109672811,8754400
2017-12-13,106.75763702392578,107.75634544808061,106.6445808467008,107.17219550897913,8088900
2017-12-14,106.39018249511719,107.49252327382327,106.39018249511719,106.98375613612058,9815600
2017-12-15,107.23814392089844,107.59616711770781,105.89083607566444,107.37947132613202,16388000
2017-12-18,106.9837646484375,108.11436955939526,106.7011098265927,108.05784147031058,8961800
2017-12-19,105.65528869628906,106.729365433247,105.59876061167343,106.729365433247,7899400
2017-12-20,105.63644409179688,106.55976964786528,105.51395699584198,106.20174647954221,6201900
2017-12-21,105.90969848632812,106.55979314086575,105.82489915595539,106.08870651585025,8866400
2017-12-22,106.17349243164062,106.56920342148646,105.75893395377707,105.89083761705902,6190100
2017-12-26,106.45613861083984,106.88012082694863,105.58934106728165,105.58934106728165,3948900
2017-12-27,107.42655944824219,107.47367097227661,106.1357870729275,106.17347485451316,7073100
2017-12-28,107.73749542236328,108.27453381616589,107.39831252225527,107.69039107903247,6937100
2017-12-29,107.42655944824219,108.24625252425942,107.42655944824219,108.11434888281426,5249000
2018-01-02,107.88826751708984,108.4253060151478,107.3606455765998,107.94479561534482,6080900
2018-01-03,108.96234130859375,109.09424499278397,108.02959177375958,108.30281569943098,6946100
2018-01-04,109.3674545288086,110.57343493958965,109.32034299880203,109.52762222969446,7805300
2018-01-05,111.98670196533203,112.11860563219541,109.6877971630663,110.22483557478454,8590500
2018-01-08,112.43894958496094,113.51303367809054,111.24239274815235,111.75116715388388,6660700
2018-01-09,112.22224426269531,113.03251374524415,111.79826922126867,113.03251374524415,6562400
2018-01-10,112.09976959228516,112.16572142822338,110.66766231446812,111.82653850390939,7490300
2018-01-11,112.91001892089844,113.04192976579391,111.81710188147603,111.93016523929636,5982100
2018-01-12,113.14558410644531,113.39055116839732,112.7875608529859,113.17385534253374,5585800
2018-01-16,113.42820739746094,114.88857842921459,112.97596838085474,114.17252493334361,8803800
2018-01-17,114.92628479003906,115.09587624573359,113.74856834444115,114.19138368988895,7991500
2018-01-18,115.99093627929688,116.0757284118766,114.97338755907654,115.43505038672423,8661000
2018-01-19,115.60462951660156,116.4996982204997,114.86973569307479,115.93439583226449,8250700
2018-01-22,117.14037322998047,117.14037322998047,115.32197901496649,115.76480148420866,9355000
2018-01-23,117.44190216064453,118.25217176596044,117.0273436123773,117.39479062080989,5683300
2018-01-24,117.34764099121094,118.19559087536342,116.55621199427058,117.81872745494408,6425200
2018-01-25,117.97891998291016,118.21446326440032,117.4230341007239,117.77164074508514,7166400
2018-01-26,119.01530456542969,119.07183265066139,117.54551684372366,118.49710649010501,5604900
2018-01-29,117.6208724975586,119.54290625772234,117.47955229977478,119.41100261431782,6257900
2018-01-30,116.4054946899414,117.1027008030445,115.73654543280325,116.6598782757322,8154400
2018-01-31,117.04617309570312,117.28171638221382,115.92498475168485,116.6221908670575,7338200
2018-02-01,118.45002746582031,118.95880190628102,116.9237041444382,117.52669447649272,11169700
2018-02-02,113.91817474365234,116.5656793604224,113.72031202921129,116.5656793604224,13937700
2018-02-05,109.54649353027344,114.1254566401924,108.35936027082207,111.83597508523292,16623900
2018-02-06,113.03251647949219,113.34343535110519,106.70111162000592,108.53834642824486,19053300
2018-02-07,112.73103332519531,115.37853791676888,112.31647478568199,113.14558467649702,9294000
2018-02-08,107.27583312988281,112.8911841206856,106.97433801588704,112.61795305046903,12673400
2018-02-09,109.59357452392578,110.43210800648755,104.60005422686805,107.92593130248561,17695500
2018-02-12,111.61925506591797,111.96785453357188,110.12119600833766,110.97857703159501,11526300
2018-02-13,111.5062026977539,111.93018497317277,110.35675018266176,111.03511607276279,7803900
2018-02-14,113.84278106689453,113.95583724208332,110.70534281761624,110.81840618101556,9206400
2018-02-15,115.40950775146484,115.4378210029071,113.22930098170875,114.8620942211639,6921300
2018-02-16,115.0036849975586,116.07963191874286,114.73941834333456,114.7960448547465,6371400
2018-02-20,115.15469360351562,116.13626056260155,114.22031300163829,114.53177320226408,6182800
2018-02-21,113.66343688964844,115.9285902673826,113.64456379182045,115.19241703978192,7676100
2018-02-22,113.61625671386719,114.56007013226001,112.89896370041059,113.88996346928809,4994000
2018-02-23,116.0229721069336,116.05128535451321,114.4090521883773,114.73938541134656,5036900
2018-02-26,117.5896987915039,117.5991389409636,116.39105903619489,116.63645251707736,6270500
2018-02-27,116.43827056884766,118.25983085683463,116.41939026701185,117.69353701336587,7287200
2018-02-28,116.03243255615234,117.95781293637667,115.97579885036086,116.70253926876012,6780900
2018-03-01,113.63514709472656,117.03287426219353,112.89897371519338,116.33445428683198,8819600
2018-03-02,113.9843521118164,114.18255928151626,111.23785859805675,112.39874515929597,7581900
2018-03-05,115.0319595336914,115.43779953056644,112.72906003580127,113.68230626043017,5810200
2018-03-06,114.2580337524414,116.31554699771095,113.88994714807554,115.92858729600086,7464400
2018-03-07,115.0036849975586,115.37177172318867,112.97448433015799,113.28594454437615,7254100
2018-03-08,115.3528823852539,115.91916902185474,114.3618753706585,115.10748886912761,6948900
2018-03-09,117.51419830322266,117.7784648802881,115.96634503693288,116.32499150570396,6397700
2018-03-12,117.25936889648438,117.95779596184457,116.54207593311766,117.74071572245435,8636000
2018-03-13,116.2778091430664,117.97667616006123,115.99466944071717,117.26881610310086,9479500
2018-03-14,115.69265747070312,117.07062427984249,115.05086401980154,117.07062427984249,7855000
2018-03-15,116.47602844238281,117.42927490064373,115.80591451527279,116.21175461161553,5861900
2018-03-16,117.5331039428711,118.02389103678416,116.40053052737754,116.89131042056444,9447100
2018-03-19,116.28723907470703,117.32543229354013,115.40949239317852,116.97622597125651,17387800
2018-03-20,117.89175415039062,118.13714048920835,116.3722137567246,116.44771336827763,7779700
2018-03-21,116.29667663574219,118.3919433257062,116.15510319979683,117.88228327673733,7359500
2018-03-22,113.24815368652344,115.78701371923523,112.97444697066733,115.33398017557454,10501500
2018-03-23,110.42618560791016,113.56908646492491,110.19967237158438,113.15380619772269,10024300
2018-03-26,113.8616714477539,113.95605136704484,111.18124429611491,112.39875749620255,8735400
2018-03-27,110.80369567871094,114.76770911700683,110.18077537229952,114.69220231609789,9008600
2018-03-28,110.416748046875,111.43606843534609,109.5106878795872,110.36012153664643,9420400
2018-03-29,112.89894104003906,113.81443382351915,110.46390118115761,111.06794107163189,12918100
2018-04-02,111.7380599975586,113.09715350228035,110.19964685593139,112.56861313893062,9877100
2018-04-03,112.5025634765625,113.24817698680654,110.88864329643631,112.20998360318872,7084800
2018-04-04,113.07829284667969,113.370879927438,110.15247244417537,110.33179931295703,8425700
2018-04-05,114.38074493408203,115.1546716116152,113.60681825654886,114.20141808904918,6816000
2018-04-06,111.08683013916016,113.78613693812065,110.53942386021308,113.42749045181401,8383800
2018-04-09,112.11560821533203,113.88997502975774,111.96459459671249,111.96459459671249,7024800
2018-04-10,113.9371566772461,114.35243688431983,112.9178364602787,113.78614307441022,8947200
2018-04-11,113.04998016357422,114.82435415652262,112.8989737475699,113.24818013498802,5874900
2018-04-12,114.26750946044922,115.12638327172563,113.6257159401664,113.63515609213816,5666000
2018-04-13,113.96546173095703,115.58882184106255,113.87108183633507,114.89040197999078,9174300
2018-04-16,115.0319595336914,115.96633986183494,114.68275322989177,115.24903975557874,6903200
2018-04-17,116.84412384033203,117.27827722213841,115.6360364118444,116.00413033194394,5979600
2018-04-18,117.48590087890625,117.85398754663944,116.44770032814583,117.08949375919539,5171000
2018-04-19,116.99510192871094,117.71240209046496,116.23061541992108,117.32543516085937,7294100
2018-04-20,117.22163391113281,117.80680087385039,116.38164047153573,117.0895005970878,7479400
2018-04-23,117.4670181274414,117.94836499086985,116.93848491315134,117.31601172366925,8004300
2018-04-24,114.45626068115234,118.01444163045906,113.77672100557929,117.85399506264565,9434400
2018-04-25,114.39962768554688,114.53176099280664,112.66301438971836,114.33356103191699,8001200
2018-04-26,119.93982696533203,120.42116668851281,116.8252393881372,118.10882638473772,14345800
2018-04-27,118.929931640625,119.92093141594148,118.34476472515837,119.33577170119985,6842700
2018-04-30,119.75106811523438,120.71376202880167,119.54343516986874,119.61893478603517,8449200
2018-05-01,120.34565734863281,120.40228385249377,118.45803041219756,119.73217715414629,6407300
2018-05-02,119.27912902832031,120.90249634925213,118.92048254623532,120.69484905863264,8515300
2018-05-03,120.03417205810547,120.29843862179106,118.27867879850973,118.7411452849595,6778600
2018-05-04,120.9591293334961,121.14788913403817,118.98655557442474,119.2319490757093,5798400
2018-05-07,121.99734497070312,122.24274573211989,121.04409838625844,121.1856646705734,5737300
2018-05-08,122.60134887695312,122.66742272440322,121.10068910101697,121.8840559127101,5044700
2018-05-09,123.48857879638672,123.63959244197775,122.30881169293272,122.7052117115188,6119400
2018-05-10,123.63955688476562,124.34741694326618,123.37529028170806,123.91325643741462,6585800
2018-05-11,124.41349029541016,124.66830954640379,122.91281603231023,123.63955638852657,5437100
2018-05-14,123.83775329589844,125.0552661542725,123.32808603317552,124.98919230851457,5017000
2018-05-15,123.73391723632812,124.01704967735789,122.60132986642253,123.22425003958128,5532300
2018-05-16,123.53573608398438,124.01707573632262,123.20539563144168,123.72449588481606,5124200
2018-05-17,122.82673645019531,123.64918346922703,122.52423831041045,123.4412096873655,4911700
2018-05-18,122.82673645019531,123.21432526408209,122.01376638876404,122.53368641882489,6082700
2018-05-21,123.51683807373047,124.32036002834289,122.88346861847371,123.7909774642234,5591800
2018-05-22,123.56409454345703,124.57559017456755,123.36556889037638,123.83823390528204,6645500
2018-05-23,124.67015838623047,124.69851713985395,122.70386972896463,122.94965040189976,6569100
2018-05-24,124.67961120605469,124.98212382226004,123.36560268167811,124.61344558663194,6035200
2018-05-25,124.10292053222656,124.87809805157167,123.77204926429322,124.67012429880059,7509600
2018-05-29,122.59984588623047,123.88549521999165,122.00428339038363,123.2615739790655,10401900
2018-05-30,123.49791717529297,123.93277534518478,122.77000899778776,123.08196964528999,10631300
2018-05-31,123.57359313964844,124.38657787443286,122.87404343891849,123.50741308671837,11086000
2018-06-01,123.69645690917969,125.26569400832517,123.23323993903695,124.63232453359538,8323400
2018-06-04,125.79510498046875,126.26777011181565,124.24474950203965,124.72687716775434,7178000
2018-06-05,126.25826263427734,126.31498012191447,125.44527832076857,126.08811017136594,6198200
2018-06-06,128.82957458496094,128.85793333172865,126.30554515049558,126.67422328306712,8065800
2018-06-07,126.52296447753906,129.11317388552985,125.77616011999456,128.9052001303471,8309200
2018-06-08,127.37377166748047,127.54392414671533,125.9463141102508,126.14483976061612,5261000
2018-06-11,126.58917999267578,127.79920158502577,126.49464119578164,127.52504772878987,7988700
2018-06-12,127.48716735839844,127.74241042316874,126.23932519693199,126.71199005968379,5743300
2018-06-13,127.05236053466797,128.34747258920328,126.9672842869913,127.78971686371777,4881600
2018-06-14,127.61954498291016,128.28127307197752,127.38321249220105,127.58173813121651,6464100
2018-06-15,127.71410369873047,128.30965185962398,126.67423480734057,127.71410369873047,10044500
2018-06-18,128.75392150878906,128.8579083683226,126.78763370780237,127.02396616814325,8713300
2018-06-19,127.72356414794922,127.8464616900589,126.26776198393291,127.20362965201691,6557600
2018-06-20,128.09219360351562,129.21713842353972,128.09219360351562,128.1111042392423,7192000
2018-06-21,127.17523956298828,128.67831075164744,126.91999643249822,127.8747889328315,8689800
2018-06-22,127.93154907226562,128.4231248588615,126.92003874451979,128.18679228784748,6031900
2018-06-25,123.7720718383789,127.53449628865127,122.44861537444977,127.53449628865127,10086200
2018-06-26,125.30352783203125,126.47572811318692,124.4149150869004,124.8875802130683,7733900
2018-06-27,123.8571548461914,126.35282575547916,123.8476923133677,125.73835253024002,7282100
2018-06-28,125.4831314086914,125.84234706299337,123.50738039935946,123.8382517272468,6576500
2018-06-29,125.208984375,126.85386414567397,125.208984375,125.9936101861758,7259000
2018-07-02,125.25628662109375,125.77622126179905,123.98008472341694,124.74581451678192,7554400
2018-07-03,124.26365661621094,126.11651022527842,124.23529786310331,125.73836947618574,3621600
2018-07-05,126.00302124023438,126.04084251557018,124.6228476068705,124.90644947352847,4729300
2018-07-06,126.75930786132812,126.93892288573254,125.25623648540542,126.2771947099734,4839800
2018-07-09,128.11119079589844,128.53658662733542,127.421089159209,127.56289738608693,8960700
2018-07-10,129.21719360351562,129.82220438383064,127.94099200187557,128.15842834411308,6561900
2018-07-11,130.59735107421875,131.22127241898085,129.13210091929824,129.16045966909715,10648700
2018-07-12,132.25167846679688,132.29894785787582,131.0794783457599,131.41033523412653,11816100
2018-07-13,131.79788208007812,132.37453384860325,130.02065739847512,132.1476494984236,7865700
2018-07-16,130.8904266357422,131.92083309811318,130.60682468909667,131.7979355554948,4969900
2018-07-17,132.00588989257812,132.261133049387,129.90725599124303,130.6257016488401,5412600
2018-07-18,133.19703674316406,133.45227996926536,131.75068250291673,132.26116895511933,7008600
2018-07-19,132.46913146972656,133.28211605509054,132.28005388159025,133.24429476762538,7937000
2018-07-20,133.2821044921875,133.73585893024068,132.27059429687196,132.34622244064641,7153600
2018-07-23,132.37451171875,133.2631239109968,132.00583372670994,132.97007402304007,7723600
2018-07-24,132.37451171875,133.7357887430782,131.8829362545013,133.28203454316412,8336700
2018-07-25,134.84188842773438,134.9647859598311,132.25167869286656,132.66762625572343,8376000
2018-07-26,134.70953369140625,134.98367306227354,131.9019022562917,133.86819051410674,10520800
2018-07-27,133.0174560546875,135.31460216044553,131.59946035742507,135.25788464049074,7014900
2018-07-30,129.01864624023438,132.7432490911039,127.91261176934951,132.46910971268315,12812400
2018-07-31,129.26446533203125,130.4744869144842,128.21514816330776,129.6331435575506,7683300
2018-08-01,130.69187927246094,131.15509618931765,129.89780549321384,130.20976614033057,7087700
2018-08-02,131.32521057128906,131.58045364934438,129.5101791348029,129.93557464850335,12300000
2018-08-03,132.176025390625,132.2138322374741,130.39880067235623,131.6749873039012,4617500
2018-08-06,132.07208251953125,132.59200256596336,131.44816115430058,132.01535059347927,5143000
2018-08-07,132.6109161376953,132.9985049723493,132.2233273030413,132.32731419954374,10034500
2018-08-08,132.989013671875,133.282078080148,132.1854918496154,132.32728557572278,5389500
2018-08-09,132.35569763183594,133.5184643526241,132.2517107159426,133.03633664048388,5679300
2018-08-10,132.09100341796875,133.04579628623375,131.63724889692372,132.23281162270519,6523500
2018-08-13,132.54476928710938,133.51845835372865,132.1855391529639,132.8472674859194,4817500
2018-08-14,133.06468200683594,133.28211835202097,132.23280118799784,132.6298381656559,5888700
2018-08-15,132.2705841064453,132.99849231267535,131.24962588103747,132.67708354484114,5288400
2018-08-16,133.16053771972656,133.95581963055977,132.94278900958525,133.5581858982809,5931700
2018-08-17,133.80438232421875,134.16415249308702,133.08485643276265,133.28366614461476,7699600
2018-08-20,133.43505859375,134.05991758197277,133.2078332035952,134.00310039973112,4662200
2018-08-21,132.58299255371094,133.9273915735738,132.35578157839984,133.49187979377317,6854300
2018-08-22,133.6244659423828,133.9936983384788,132.40316323107362,132.40316323107362,4191700
2018-08-23,134.53334045410156,134.86469467962579,133.27415972604788,133.50137075011574,4426800
2018-08-24,136.5215301513672,136.69195289191515,134.74164758845356,134.74164758845356,5714000
2018-08-27,137.65762329101562,137.84698509435046,137.00437707610885,137.2694662652448,7194900
2018-08-28,137.46823120117188,138.38658075265684,137.15580166286819,137.87534161033338,4925700
2018-08-29,139.20077514648438,139.45640191878576,137.67650571298148,137.71438383657426,5192900
2018-08-30,138.92628479003906,139.8446346659382,138.5665146892149,139.00202662422717,7804600
2018-08-31,139.06829833984375,139.778361817196,138.69906590947173,138.92629142288467,5786600
2018-09-04,139.9298095703125,139.98661232251385,138.85997624960476,139.10612632456883,7638100
2018-09-05,135.07296752929688,139.9487439948022,134.95936202866213,139.17240121706678,11363400
2018-09-06,136.80551147460938,136.99485877424698,134.94987326710577,135.6599364754515,9589200
2018-09-07,135.57470703125,136.74868318373288,135.14867207508348,136.32264822756636,13626200
2018-09-10,136.4079132080078,136.74874421430698,135.58424429540008,136.45525365676983,5362700
2018-09-11,137.74278259277344,137.77118396179347,135.6220555462272,135.82087957563854,9895900
2018-09-12,138.76527404785156,138.98302269059533,137.34514782372344,138.0836123045684,6964100
2018-09-13,139.7688751220703,140.1854479341835,139.25762141764926,139.31442417452362,5803400
2018-09-14,139.96768188476562,140.4694588218429,139.50378308234076,140.03396139726954,4928300
2018-09-17,138.39605712890625,140.02447003853186,138.06470293976764,139.95820497921378,7708600
2018-09-18,139.7688751220703,140.20437255562433,138.17832569820868,138.41501348270245,5692100
2018-09-19,139.57005310058594,140.89551338121143,139.4091071382918,140.38425966919374,7432300
2018-09-20,141.2931365966797,141.5298243670429,139.36175630060188,140.10969774486364,7172700
2018-09-21,142.0600128173828,142.25882246878714,141.39728990224157,141.9653319239586,15628100
2018-09-24,141.1700897216797,141.68132907746022,139.42807076222468,141.2174301768746,6706700
2018-09-25,141.61502075195312,141.9747907660364,141.16058430266716,141.7381030086183,4230700
2018-09-26,141.32150268554688,142.41026037884563,141.10373958986997,142.01262675747725,5852400
2018-09-27,142.03163146972656,142.61861264216725,141.59611952334023,141.91801149233814,5868500
2018-09-28,142.0978546142578,142.36294373947257,141.58661542885048,141.83276548904306,6035900
2018-10-01,142.76058959960938,143.4895919792444,142.59018133870188,142.85527048651915,9802100
2018-10-02,141.7001953125,142.80789205254857,141.22681989643112,142.80789205254857,8047500
2018-10-03,141.41619873046875,142.6848561077989,141.24579047686774,142.6848561077989,7521100
2018-10-04,138.94515991210938,141.33097627707235,138.32031528365576,141.23629540649955,9208900
2018-10-05,137.61972045898438,139.56056282097103,136.7108331788082,138.83156053503714,7085700
2018-10-08,134.33450317382812,137.28836176692874,132.71555255490227,137.28836176692874,11637300
2018-10-09,134.73211669921875,135.65992852546213,133.60548082993003,133.92738711134973,10798000
2018-10-10,128.30374145507812,135.0919466078187,128.01025086065965,134.97834107353503,15450100
2018-10-11,126.60900115966797,129.93210625713525,125.21727610019884,126.94983208129864,15657200
2018-10-12,132.60191345214844,133.47292244615892,130.11195424946078,131.10604546908567,12993300
2018-10-15,129.92263793945312,132.60194504949717,129.91317562994752,132.45046141976292,7953000
2018-10-16,134.19252014160156,134.57121484267583,131.29544933790385,131.3238651644474,11059500
2018-10-17,134.86471557617188,135.2528870641338,133.2363022354185,134.7605723585791,9170600
2018-10-18,131.8729705810547,134.87418464988173,130.6043274181365,134.87418464988173,10222600
2018-10-19,132.62088012695312,134.61852528939912,131.95815732463603,132.45045743705808,8696900
2018-10-22,133.15106201171875,134.00313214568507,132.08122874324687,133.46349157984613,6099500
2018-10-23,131.71194458007812,132.58295343642425,128.36991597236542,129.60069469517106,10736100
2018-10-24,127.11080932617188,132.71557462672297,126.86465921790122,132.26113810134765,13849600
2018-10-25,133.03746032714844,133.39721589926418,125.44451293332185,128.23742561503528,14985900
2018-10-26,130.40542602539062,132.42199487447655,128.81487758850565,130.6326369118978,12034900
2018-10-29,127.1771011352539,133.97476838926502,125.22679581048253,132.1759467363519,12768200
2018-10-30,125.6906509399414,127.67883371374484,122.87879946232347,125.99361817819731,15107600
2018-10-31,130.50965881347656,131.71202243721638,127.80194980124027,127.80194980124027,13205300
2018-11-01,133.33094787597656,133.36881156041477,130.16880293638138,131.59839177587793,16024000
2018-11-02,132.33688354492188,133.91795633884067,130.50966063600848,133.59606439316843,17063100
2018-11-05,132.35581970214844,132.74399115847723,130.71794418282622,132.35581970214844,6280000
2018-11-06,133.2930145263672,133.40663442516106,132.2799988667204,132.35574065049363,4732700
2018-11-07,137.0706329345703,137.18423845191128,134.741633151422,134.76055777346127,20502100
2018-11-08,137.49664306640625,137.7144061967436,136.00077475958372,136.900199762556,5927400
2018-11-09,136.26585388183594,136.87178834306164,134.77946243967557,136.52148067688145,8339800
2018-11-12,132.28005981445312,135.99132225168677,131.75934384001127,135.78303586191,11335100
2018-11-13,132.28005981445312,134.3439701997093,131.60786020266914,132.87651760756606,6287000
2018-11-14,132.06234741210938,135.00674460819556,131.0398542484293,134.45762710661114,6613900
2018-11-15,134.5282745361328,134.59467304695627,130.8198279789256,131.69241555773758,8565000
2018-11-16,132.95384216308594,134.528274153482,132.70725013546982,133.18147559241712,8628000
2018-11-19,127.81320190429688,133.32371223054236,127.32949729217627,133.2288613784992,16253000
2018-11-20,126.49486541748047,127.59507170445963,122.86229749437096,123.59260858668411,12720200
2018-11-21,127.49077606201172,128.78066994402627,126.74150617282257,127.43387132007496,7416300
2018-11-23,126.02068328857422,127.32955033655007,125.66028173952796,125.75511815887101,3676000
2018-11-26,128.93243408203125,129.48253741075635,127.32954954133837,127.66151318750121,9144600
2018-11-27,128.90394592285156,129.28332043696076,127.20621096251928,128.30641731453002,7877900
2018-11-28,134.09201049804688,134.24375166311032,129.81448711459706,130.00418889730105,11265100
2018-11-29,131.9295196533203,133.44703233723348,131.559624398944,133.4375530386844,8751500
2018-11-30,134.4049835205078,134.92661993817944,131.4837530093704,131.84415451057103,11362800
2018-12-03,137.52540588378906,138.2082918156099,136.4346929363553,137.52540588378906,11285600
2018-12-04,131.4932098388672,136.9088699247972,131.36042731433315,135.7517588657678,13988900
2018-12-06,133.77896118164062,133.83586590257963,126.59918313087529,128.07876376412057,16391900
2018-12-07,130.04208374023438,134.80331058779967,128.97982352457106,133.56084241293416,14007700
2018-12-10,130.7724151611328,131.1423104344833,127.90808938131927,129.2264355578466,15744300
2018-12-11,129.757568359375,132.83055455750667,128.9134476174486,132.72622437716913,12466300
2018-12-12,130.696533203125,133.61776362883788,130.64910776502927,132.11920951272603,10387200
2018-12-13,130.44993591308594,131.95798390648977,129.13158968544258,131.17076788966492,8780900
2018-12-14,128.126220703125,129.67220020585614,127.61406361649509,128.69529699690162,9351200
2018-12-17,124.62643432617188,127.50023920757779,123.95304233562017,127.29159333764905,11796200
2018-12-18,125.82150268554688,127.25365836662866,125.00583431438862,125.4705660035821,12761900
2018-12-19,124.49363708496094,128.86599551071623,122.84334208393246,126.0775480607183,13819000
2018-12-20,122.1225357055664,125.20500120708535,120.59553637587788,123.45037568185596,18091700
2018-12-21,117.85449981689453,123.61159595099824,116.61202433376495,120.62397444872344,25448600
2018-12-24,115.45494079589844,118.755546148836,115.33163753758599,115.78689719114982,8617700
2018-12-26,123.51675415039062,123.52624792141395,116.65945833464659,116.67842416837536,13499500
2018-12-27,125.2049789428711,125.2049789428711,119.99798632464115,121.39221009210443,10883000
2018-12-28,124.190185546875,126.73202747038097,122.97616933382517,126.21987025983783,7381300
2018-12-31,125.13861083984375,125.61283627763476,123.51675347482531,124.89200434997686,7976000
2019-01-02,126.06807708740234,126.8458136807361,122.91922799471601,123.2986025212819,8788000
2019-01-03,121.52501678466797,124.51263128988847,121.28789682680757,124.4462472533475,9428300
2019-01-04,126.76045989990234,127.65200608187955,123.42192307541704,123.71594054559834,11065800
2019-01-07,129.0461883544922,130.0989691159746,127.13031406007575,127.51918228553498,12928000
2019-01-08,129.7480926513672,131.06643889091526,128.95139732794524,130.8577785244648,9243000
2019-01-09,131.27511596679688,132.28995108533164,130.52583151765722,131.17078577029193,9987600
2019-01-10,131.52169799804688,131.66397433090424,129.33077851085218,129.7575785649969,12514900
2019-01-11,130.943115234375,131.4552867712117,130.3266280027794,130.64909780169984,5860100
2019-01-14,130.0325927734375,131.0094958067191,129.60577839375185,129.9282626207468,8666700
2019-01-15,130.26026916503906,130.6206852101757,128.27800986121767,129.89986759211752,7594900
2019-01-16,130.26026916503906,131.7113981742686,130.00419779085627,131.26562500440434,7258000
2019-01-17,130.2033233642578,130.80085199339027,129.5488900032481,129.90930593475153,5864900
2019-01-18,131.36048889160156,131.45533979882146,129.59636911171378,131.18028085121367,10263500
2019-01-22,130.93362426757812,132.32784797818726,129.91877505457023,130.7913479768206,8102300
2019-01-23,129.94723510742188,131.81568428669576,129.13156686432663,131.61651772894348,5465800
2019-01-24,130.6016845703125,131.18973396281936,129.4825194675305,130.0421020189215,4924800
2019-01-25,131.52169799804688,132.68828867196603,130.60169937331463,131.83468856367665,9756300
2019-01-28,128.97982788085938,130.42146265874788,127.8606484253767,130.42146265874788,9857200
2019-01-29,128.04087829589844,129.6437627175271,127.19675752898436,129.5489118336079,7457700
2019-01-30,130.50685119628906,130.79137489193644,128.5245777926004,129.08417482920254,8078100
2019-01-31,128.0503692626953,128.7332551669382,126.4285260942792,127.46233425101394,20095700
2019-02-01,132.9254150390625,133.11511683564015,128.28748976815683,128.41079304148926,13248300
2019-02-04,134.20578002929688,134.22475309636076,132.00536736060104,132.58392289226592,11882700
2019-02-05,135.18272399902344,135.58107169451839,134.51881117319854,134.680046111455,8455700
2019-02-06,134.1963348388672,135.07838730668524,133.77901409065558,134.6421079588011,6146900
2019-02-07,132.94436645507812,133.7884872123575,132.0338616575834,132.7072537201995,10675300
2019-02-08,133.14356994628906,133.16252854827943,131.37945032276278,131.54068527297244,5950700
2019-02-11,133.5419158935547,134.95509875043277,133.20995222434416,133.97819528896932,7600100
2019-02-12,134.67054748535156,135.43879039300376,133.96868861464836,134.48084572901246,6090000
2019-02-13,136.09324645996094,137.24086412674149,135.50519696748577,135.52417004071776,6885600
2019-02-14,136.01724243164062,136.32126895599362,135.29515225353882,135.84621573249456,6314000
2019-02-15,137.67987060546875,137.67987060546875,136.64425849471937,137.3378318490095,6536000
2019-02-19,137.23329162597656,137.65134052058343,136.83424890770584,137.21428544964039,8406700
2019-02-20,137.5088653564453,137.61337761765228,136.35924498063866,137.14783486111486,5283100
2019-02-21,136.8153076171875,137.7939159493738,136.03621349002543,137.14785062219016,8573400
2019-02-22,138.59194946289062,138.9814963794653,137.2142987430789,137.2142987430789,9680800
2019-02-25,138.77252197265625,139.85564256003912,138.53499540088396,139.58011811567064,9731200
2019-02-26,139.70364379882812,140.04568269526663,137.78443923864828,137.9554514381307,7332500
2019-02-27,139.87464904785156,140.13118180521295,138.63950797246764,139.1905713598688,9731200
2019-02-28,140.72970581054688,141.39479165450305,139.8841119919831,139.9126140141563,6250200
2019-03-01,142.01235961914062,142.44940030561142,140.97674745177665,142.00286377724987,7016800
2019-03-04,140.57774353027344,142.69647665567692,139.61812682743238,142.58246853156612,6979700
2019-03-05,140.56825256347656,141.8413917831052,140.4542444236515,140.61576078756187,9678600
2019-03-06,140.4352264404297,141.10980837184903,140.06468551964255,140.61574897830837,8186400
2019-03-07,139.5040740966797,140.4351739732999,138.75348219302637,139.91261274242757,8761700
2019-03-08,139.99815368652344,140.12165763364172,137.29034523073545,138.18344737397697,5168100
2019-03-11,143.1525115966797,143.43754638043038,140.6347357514033,140.7202418372871,9361500
2019-03-12,144.15960693359375,145.49926012958815,143.34251503718613,143.46603348003478,9465100
2019-03-13,144.86270141601562,146.35436069311265,144.4541481889319,144.70118509285678,8308900
2019-03-14,146.50634765625,146.97190483235724,144.70115198924537,144.9481743391875,9364900
2019-03-15,147.70355224609375,148.99569757306202,145.70832294060017,146.05036183589982,20162000
2019-03-18,147.22848510742188,148.60613640356743,146.71541956425423,148.1405790769853,9689400
2019-03-19,146.8769073486328,148.16905230220462,146.44936247742606,148.16905230220462,9236100
2019-03-20,146.07882690429688,147.14294119930364,145.0907228442863,146.63938607774008,6391400
2019-03-21,148.0265350341797,148.8626185538119,145.6607655980475,145.6702759375401,7027100
2019-03-22,145.43275451660156,147.91251763650348,145.2237300049864,147.2569565745861,8119800
2019-03-25,145.3947296142578,146.37333769903515,143.97906636175534,144.75816029194903,7568000
2019-03-26,147.55149841308594,147.83653317770606,146.09783706074063,146.09783706074063,15594400
2019-03-27,146.525390625,148.08356433327992,145.70829865008056,147.71302346659968,12253800
2019-03-28,146.9529266357422,147.34247366355382,145.9458163667426,147.1999490327233,16902200
2019-03-29,148.39706420898438,148.49206611418484,147.19992132422422,147.96000905316592,12164400
2019-04-01,149.4137420654297,149.86029327752146,148.73917457310353,149.67027487816796,6420100
2019-04-02,149.90774536132812,150.25927999335624,148.9291371985451,149.79373726390693,6215100
2019-04-03,150.55381774902344,151.1713809099666,149.9742524528822,150.6393238179291,8209300
2019-04-04,149.77476501464844,150.7723795855098,148.72014638216172,150.6203590895272,5100200
2019-04-05,149.7842559814453,150.7153706159133,149.3852130655899,150.11679899339416,4178300
2019-04-08,149.8792724609375,149.97428889223116,148.52062737776436,149.68925409582215,5604700
2019-04-09,149.63221740722656,150.10727046516084,148.66310510974938,148.74861118078505,6364100
2019-04-10,150.6488494873047,150.8578740287719,149.66074533466346,150.10729644620966,3918600
2019-04-11,149.9837646484375,151.35191988998062,149.5847217858991,151.17139739318395,5771400
2019-04-12,151.67494201660156,151.67494201660156,149.9837542649623,150.79135027446748,6745100
2019-04-15,152.43507385253906,152.4730717298296,151.2474408469533,151.8555083659143,8142800
2019-04-16,152.23553466796875,153.0621370413389,151.5894693161111,153.00511848311126,6021400
2019-04-17,152.43507385253906,153.0336455265457,152.31155538076672,152.84361264767344,4609100
2019-04-18,152.16903686523438,153.0621391560006,151.06691001716234,152.90060831833233,7859400
2019-04-22,152.39706420898438,152.4730744624009,151.13343542617122,151.25693940268377,4602600
2019-04-23,153.59420776367188,153.80323233645095,151.89350914855785,152.96713404533463,6522900
2019-04-24,153.4326171875,153.9456680286466,152.63451716048704,153.67963951879776,7376500
2019-04-25,152.9861297607422,153.5371931878494,150.6393658976617,152.51107658194002,8862500
2019-04-26,154.80081176757812,154.8958281961171,152.39704399975233,153.21413599378408,7525400
2019-04-29,155.95989990234375,156.29244281370035,154.96230016320908,155.06681240699538,10003600
2019-04-30,156.22596740722656,157.43260643243005,155.74141842740684,156.74852875652502,6432700
2019-05-01,154.66778564453125,157.4706106000178,154.62978777450286,157.28057775746447,5248100
2019-05-02,153.08111572265625,154.94333036811014,152.42554008472874,154.01223029411867,6054900
2019-05-03,153.95516967773438,154.6202554749158,153.13807793880895,154.20220651581903,4317500
2019-05-06,154.18324279785156,154.53477747505428,150.30680751522178,150.31631785620846,10442400
2019-05-07,152.216552734375,153.7082122438015,150.76287660459,152.91962219204524,6413600
2019-05-08,152.7390899658203,153.63219224482006,151.56096738286087,151.79849396780878,5445900
2019-05-09,151.83648681640625,151.87449918732406,149.32820674228444,150.9338887229765,6813700
2019-05-10,152.69158935546875,153.34715052246128,149.42322137449915,150.93388690719462,5192500
2019-05-13,149.48020935058594,150.800856381309,148.61560923402345,149.34719506322787,9730000
2019-05-14,152.216552734375,153.46118979887322,150.05980714691975,150.21182765032478,9756700
2019-05-15,154.66778564453125,155.01933480527853,151.16190585996148,151.37093038879377,7547000
2019-05-16,156.8849334716797,157.5795882203638,154.97228797023925,155.5337093262156,9745500
2019-05-17,156.14273071289062,157.19897137509633,155.29583609326764,155.38147369620515,4582500
2019-05-20,155.55274963378906,156.76124449616592,154.46796320009204,155.43856617332685,4747400
2019-05-21,155.92384338378906,156.8754108365109,155.28629493283748,156.60897311133016,9095700
2019-05-22,156.28543090820312,157.60810897875632,155.5336845508309,155.67642836895055,5416400
2019-05-23,153.68772888183594,156.29503019872328,153.03115921642416,155.5813542617428,6138000
2019-05-24,154.7629852294922,155.49569649543372,153.88754460254944,154.86765826748385,4105600
2019-05-28,155.78111267089844,157.74133928268984,155.4195123957951,155.48611456660697,10202300
2019-05-29,154.84860229492188,155.58131346361955,153.65914271186668,155.3910028342848,6456000
2019-05-30,154.87710571289062,155.5812708201712,154.0968279905542,154.9151765401849,4750600
2019-05-31,153.51637268066406,154.27762951600417,152.78366170616965,153.11671610905796,5079000
2019-06-03,150.91860961914062,154.94373603356482,149.15820395593232,153.71620584123085,8034600
2019-06-04,154.46795654296875,154.50601285489316,150.96618053543443,152.52675068015952,6684800
2019-06-05,157.37977600097656,157.3892864505375,154.8105462018,155.58131368957595,7769300
2019-06-06,158.83567810058594,159.29242652920672,156.95157812772578,157.8460540852791,13738500
2019-06-07,161.81407165527344,163.29851477316925,159.67304457682317,159.8633551909538,10528800
2019-06-10,162.5467987060547,163.68867702258925,162.25180052748783,163.51738728923527,7565900
2019-06-11,162.06146240234375,163.84088902274743,160.2630003659587,163.62203255815,6082900
2019-06-12,163.27951049804688,163.30805636962253,161.48104798991952,162.12812162510272,6772000
2019-06-13,161.14793395996094,163.85989215234363,160.54844189269838,163.80280043541677,6901400
2019-06-14,161.44293212890625,162.37546413593603,160.66263987421132,161.54760512600515,4999900
2019-06-17,161.3477783203125,162.16612692748552,160.84344872144896,161.5095430482718,6410200
2019-06-18,161.08135986328125,162.40403822757887,159.4351520043541,162.38500281031563,6969300
2019-06-19,162.42306518554688,162.90835940221618,161.01474929656604,161.18602448370757,6323900
2019-06-20,165.32537841796875,165.51568905515748,163.4317534564792,164.1549396857048,11474100
2019-06-21,165.0398712158203,166.34351405786487,164.77343347466913,164.87810648153337,11728200
2019-06-24,165.4300537109375,166.26742342998477,164.35477754243402,166.14372949999284,5554900
2019-06-25,162.98446655273438,166.46720679503554,162.3278827097044,166.34349838409756,9899900
2019-06-26,162.77517700195312,164.04076385190436,162.54681003459274,163.08919610184523,7129900
2019-06-27,162.9368896484375,164.050221817444,162.07097430794371,163.78378409425102,5873400
2019-06-28,165.14456176757812,165.14456176757812,162.2613130682736,163.63157275106573,8442700
2019-07-01,165.51565551757812,167.03815482636278,164.37377740604765,166.83833377972311,6103200
2019-07-02,166.7907257080078,166.82879653347857,164.9066264006429,165.66788319263614,5238100
2019-07-03,168.30374145507812,168.41793943013266,167.20944462253405,167.47588236471466,4066600
2019-07-05,168.10391235351562,168.45598767029122,166.05803358579735,167.34265547528946,5840400
2019-07-08,167.65667724609375,168.05633384680374,166.90493080303622,167.7613502500726,6720300
2019-07-09,169.1221466064453,169.27440094421232,166.80984374567174,166.93353769030622,4894300
2019-07-10,170.6256103515625,171.52959680704708,169.93096996195072,169.93096996195072,5110600
2019-07-11,171.98635864257812,172.17666928672105,170.76835309633762,171.39637677003216,6986600
2019-07-12,171.59622192382812,172.56682513861895,170.2545078504073,172.56682513861895,7196700
2019-07-15,171.8245391845703,172.3003229033915,171.22504705253024,171.81501421754314,4490400
2019-07-16,170.6256103515625,172.11957868349396,170.0736993160588,171.63426983998352,6800200
2019-07-17,170.47332763671875,171.48200147692683,170.34010875514699,170.8634738326679,3994200
2019-07-18,171.7864990234375,171.87213662336936,169.9309450927335,169.97852637706322,4736300
2019-07-19,170.5590057373047,173.03307313192752,170.46384315606977,173.03307313192752,5327100
2019-07-22,171.8245391845703,172.2146707989809,170.463790198463,170.93957391728418,4862100
2019-07-23,172.1385498046875,172.4906396426216,170.38766914168608,172.12903935708772,7193000
2019-07-24,174.45091247558594,174.5460605360645,170.5685144216904,172.03392232704633,8169300
2019-07-25,172.795166015625,175.07893708665264,172.51921778592464,174.96473909525074,6085800
2019-07-26,174.79345703125,174.91716546717856,173.3851410305436,173.5754516490548,5056300
2019-07-29,174.33668518066406,175.1550337979216,173.87992233398484,174.983744100475,4621800
2019-07-30,172.73802185058594,174.4984272760348,172.49061956388476,173.69909965791248,5236600
2019-07-31,169.37904357910156,173.23289550831043,167.53299999445824,172.98547862391274,7981200
2019-08-01,170.4923858642578,173.5659455201564,169.5408181486434,170.511421284106,8417300
2019-08-02,168.82713317871094,169.63597150089547,166.22935752192356,169.37904416611903,8264600
2019-08-05,160.68170166015625,165.0969746373914,158.89274996876796,163.67913372030506,16858300
2019-08-06,164.1263885498047,164.5736265187217,161.89021322498994,163.46980453076605,10281300
2019-08-07,166.82882690429688,167.21895855791814,162.0900101343248,163.19383195767503,8292800
2019-08-08,171.18699645996094,171.234577741421,168.01828929543396,168.86518383425633,7602800
2019-08-09,170.37818908691406,171.3773380142811,169.2363108212531,170.96815637822206,5373700
2019-08-12,167.79942321777344,169.9975419997642,167.09527250271398,168.84615336146854,7394400
2019-08-13,169.95948791503906,170.2544715449224,165.77259632486883,165.94387152166465,6667700
2019-08-14,165.10646057128906,168.66532800857186,164.77342068059343,167.70425012545573,7293500
2019-08-15,167.974853515625,168.68955900767224,165.35426671145177,166.0594334908773,6698000
2019-08-16,169.84259033203125,170.33812348994874,168.86106272776627,169.6234180767042,8312200
2019-08-19,171.2815399169922,171.92953251229963,169.73776633627241,171.92953251229963,5285000
2019-08-20,170.8050994873047,172.12968650337265,170.09039394897908,170.98614600947454,3793600
2019-08-21,172.4251251220703,173.13983078193914,171.7580694143375,172.18688990211405,3695900
2019-08-22,171.61505126953125,173.7496432256115,170.20470339999295,173.38752118234052,6659900
2019-08-23,166.9837646484375,172.0057653023505,166.04036283178638,171.1004747089029,7051900
2019-08-26,169.23277282714844,169.3090098448849,167.09819449342427,168.10830953216507,7754400
2019-08-27,169.9855499267578,170.75742949099117,168.61331312780086,169.92837581692123,4022100
2019-08-28,170.26187133789062,170.56681926659547,167.74610908894604,168.66093833434297,4401900
2019-08-29,172.64427185058594,172.8539199763154,170.8718014953324,171.91050341053278,4679200
2019-08-30,172.3107147216797,173.6066998917199,171.21482438070467,173.42565340405977,4061200
2019-09-03,170.76698303222656,172.7205145183719,170.67169767968423,172.02487182785185,4644000
2019-09-04,173.21600341796875,173.62576086445142,171.57694455060116,172.38693527296869,4154800
2019-09-05,176.0366973876953,176.94198796943496,174.75023641597636,175.0837568720287,6386800
2019-09-06,176.99917602539062,177.92352948576777,175.86517448900722,176.04623551289612,7990900
2019-09-09,173.00636291503906,178.2475360356005,171.0623560147918,178.12364910881163,7290500
2019-09-10,168.0510711669922,171.24341327286916,165.63059403643356,170.96706691234084,15255200
2019-09-11,166.74557495117188,169.55674736658776,166.24051749697645,169.05168991239233,9113600
2019-09-12,169.60438537597656,170.96709816756947,168.36555953108888,168.52757224942096,7748800
2019-09-13,168.9278106689453,170.35722179263414,167.736634732538,170.24285901504814,6103200
2019-09-16,167.82235717773438,168.86105886478185,167.2505870439314,167.87953128297096,4253600
2019-09-17,168.14639282226562,169.87121325728054,166.80274287185264,168.50851496114282,5924700
2019-09-18,167.04095458984375,168.84201177686614,164.69672881154534,168.75625061098887,9542500
2019-09-19,167.67941284179688,169.0611736262177,167.34587785833907,167.90810925036888,6964500
2019-09-20,165.86886596679688,169.27087145149756,165.76404190181592,169.05168460789608,12820400
2019-09-23,166.67884826660156,167.00284458944165,164.658604253208,164.76342830362333,8803500
2019-09-24,166.26905822753906,168.86105761095425,165.2398807187667,167.82235593161934,10039900
2019-09-25,167.0314178466797,167.40306407822914,164.27742024860328,165.621069909097,7797300
2019-09-26,167.38401794433594,168.14637336604957,166.39296607461236,167.38401794433594,10419000
2019-09-27,165.8116912841797,168.50851536432052,164.24886902841746,168.38462841320361,9212600
2019-09-30,163.9153594970703,167.1934785300402,163.9153594970703,165.9737153374083,16464000
2019-10-01,166.08799743652344,166.59306929142,164.68718824449317,164.87777344104217,8146200
2019-10-02,161.837890625,164.8015362305771,160.6562391428507,164.5156511657825,10596200
2019-10-03,164.73483276367188,164.99213079066132,160.69437402642325,161.9141368007684,7242800
2019-10-04,167.69851684570312,168.21311301723395,166.23099442095744,166.45969090543997,6027600
2019-10-07,166.6693115234375,167.42214276914748,165.62108554761974,166.4406150767166,5248300
2019-10-08,164.3060302734375,166.42155974594397,163.79144870424008,165.40192077968806,5336500
2019-10-09,166.65023803710938,167.70800256576652,165.46858659135611,165.9164697862382,6277300
2019-10-10,166.65023803710938,167.62222687046722,165.4209366585716,165.7068217145607,4762400
2019-10-11,168.72767639160156,170.76696888834599,168.52756698933132,168.54661533382878,8754400
2019-10-14,169.01358032226562,170.01417106716966,168.77534512303717,169.03264320960622,7240900
2019-10-15,170.33815002441406,170.98614272048528,169.19462409323356,169.7473314437937,4400200
2019-10-16,169.49954223632812,169.87118849389003,167.97484597946485,169.54719217513755,6509000
2019-10-17,169.56626892089844,170.75744478491427,169.1469726902495,170.47155966940628,4887900
2019-10-18,167.44122314453125,169.81403627145025,166.33580840083926,169.52815114246482,6311900
2019-10-21,168.1273193359375,168.4132044517258,166.392974837405,167.7175618178604,4898200
2019-10-22,162.81942749023438,169.42329870615112,162.7431904992244,168.67048204859645,10094700
2019-10-23,163.2578125,164.06780339436455,162.17144611099067,162.94334031487438,7122300
2019-10-24,167.87001037597656,168.54659002205463,165.23988515821168,165.25894804056733,7872600
2019-10-25,169.48049926757812,170.7193104715871,165.33520165194724,166.69789979264525,10130100
2019-10-28,171.37681579589844,171.70081207568307,169.95694375889943,170.5096364523118,10086500
2019-10-29,169.2708282470703,171.52929261345088,169.0230544072356,171.33870741869072,7572800
2019-10-30,170.81463623046875,170.9766344195245,168.0892249954555,169.4233362822218,5374800
2019-10-31,170.4429931640625,171.24345995142895,169.6329876625723,170.81463949681998,6830800
2019-11-01,172.41555786132812,172.78721870202102,171.1100337251477,171.65321691626366,7000200
2019-11-04,170.52871704101562,173.8163591947583,170.39530593897365,173.51142576468501,7154800
2019-11-05,168.07015991210938,171.1100433122928,166.93615806281488,170.64311163838727,7447500
2019-11-06,168.45130920410156,169.80448307322462,167.85095198992641,168.07012425037163,6992500
2019-11-07,170.03321838378906,172.14874810338046,168.52758472962168,169.0040551251923,7227200
2019-11-08,170.54776000976562,171.00516737182454,169.43282138559317,169.98552861257673,3894100
2019-11-11,171.09095764160156,171.8723759529531,169.81402066232602,170.09990576503316,3617300
2019-11-12,171.2815399169922,172.5394138834732,170.46201046128527,171.47212511909916,6118700
2019-11-13,170.9670867919922,172.3679107212844,169.52813709360987,170.9575480793594,6138300
2019-11-14,171.5780029296875,171.5970977453699,169.9648332838306,170.86210027490438,9811000
2019-11-15,171.59707641601562,172.46569379305913,170.9384437250703,171.84525072873163,7808800
2019-11-18,171.4920654296875,172.12206314147184,170.84297290585923,171.40616062310073,7173700
2019-11-19,174.46067810058594,174.66112265271084,172.00751177117948,172.18887607600868,8549900
2019-11-20,173.4011688232422,174.89024398876242,172.1507278718137,174.0216119538501,6040500
2019-11-21,171.7115936279297,173.54430220801143,171.1675153231752,172.9333993479842,5112200
2019-11-22,171.31069946289062,172.26523614477443,170.2416230400044,171.94069716855165,6865600
2019-11-25,172.74253845214844,173.1052671234114,171.9216361617111,172.19844544525398,5457800
2019-11-26,174.25071716308594,174.60389116165598,172.97164118954487,173.2102754188657,7079000
2019-11-27,175.98794555664062,176.15021506520173,173.97387232144308,174.6802347984817,11452700
2019-11-29,176.12159729003906,176.44615090386588,175.0238856865892,175.56796414301346,3139100
2019-12-02,173.52525329589844,175.98796019821393,171.69254423105184,175.86388030785932,6883200
2019-12-03,173.63018798828125,173.8592819975972,171.49203549495144,171.72111493919593,4543300
2019-12-04,172.3892822265625,174.35562490935789,172.26518783189704,174.35562490935789,10650400
2019-12-05,173.6206817626953,173.7543163196181,171.883432522699,173.00977885032336,4638600
2019-12-06,173.88796997070312,174.94750641874805,173.0957026658519,174.43206294689622,14526700
2019-12-09,174.60385131835938,174.92839030055973,173.05750652604954,173.63021980668415,10233100
2019-12-10,173.97386169433594,174.82339881377732,173.6302278839397,174.25068550650016,8625700
2019-12-11,173.7352752685547,174.75663685650602,172.95256249725077,174.74709672987166,7138800
2019-12-12,174.3366241455078,174.99525695698898,172.60891463427612,173.40118203322612,11192100
2019-12-13,176.72293090820312,177.08565952909242,173.76386119742926,174.20295450508868,8558100
2019-12-16,177.77291870117188,178.32655173015286,177.3242852908782,177.85882350780494,8249900
2019-12-17,177.0856475830078,178.28835854708467,175.73020725569378,178.02108944395647,10208700
2019-12-18,176.4938507080078,177.96384555489064,176.4938507080078,177.08567343568345,8968500
2019-12-19,178.0592803955078,178.0974700222627,176.11203181818368,176.11203181818368,5854200
2019-12-20,179.45291137695312,179.6151808787935,177.83020179347443,179.07110249792584,11259500
2019-12-23,178.5747528076172,179.8442885457489,178.49838811302172,179.59609964704458,5831700
2019-12-24,179.0424346923828,179.4719732437044,178.41243704907254,178.5938013310927,2420900
2019-12-26,180.56021118164062,180.5792914335968,179.16658083971396,179.34794518884254,5237000
2019-12-27,180.7797088623047,181.25697722242114,179.90153682749937,181.113802540416,5448600
2019-12-30,179.29067993164062,180.86566009827996,178.61295227767522,180.703390561996,4833600
2019-12-31,179.357421875,179.45288136132766,178.05925151233643,178.55561462410938,5273000
2020-01-02,182.43104553222656,182.45014034403798,180.14016332736807,180.40743243243244,8733000
2020-01-03,180.98016357421875,182.27833406472013,179.3765343494469,179.8442625743958,4899700
2020-01-06,180.58877563476562,180.6078704443463,178.65106756688382,179.4528747884062,10109500
2020-01-07,180.111572265625,181.4574728072378,180.02566743915884,180.97064966044144,4392300
2020-01-08,183.1947021484375,183.74833524399475,180.21655197309934,180.87518469997048,5712000
2020-01-09,184.46421813964844,185.1037559838373,183.76741042360302,184.22558396352989,6748000
2020-01-10,184.96060180664062,185.7242341678817,184.33060401623604,184.70287278964312,6586400
2020-01-13,186.4496612548828,186.70739025025372,185.44739477517345,185.600124147621,11290500
2020-01-14,187.13697814941406,187.99605560679385,186.26834600056839,187.79561099710853,6236500
2020-01-15,190.7164306640625,191.05050976141897,187.39464711178442,188.04372505984185,10831100
2020-01-16,191.81417846679688,192.33917665106821,190.69737209211598,191.86190822265365,9983700
2020-01-17,195.39364624023438,195.44137598499137,190.88823215854913,192.58730620337153,12518900
2020-01-21,197.86593627929688,198.91593263529379,194.53461201041617,194.84961091721524,14861700
2020-01-22,198.44818115234375,200.57680855580057,197.8659131620601,198.07591240872466,8065000
2020-01-23,197.1309356689453,198.92545487272525,195.96639965703835,198.44818649292978,8520800
2020-01-24,195.6800537109375,198.5341241280026,194.9259760101485,197.99003113376477,7812900
2020-01-27,192.5205078125,194.08594740536745,190.04826127490537,190.90733847199976,7198900
2020-01-28,193.6278076171875,194.57278978567032,192.60644618712138,193.18871425354305,7215700
2020-01-29,195.54640197753906,196.55820861656292,193.30323475700496,195.01186372032458,7041700
2020-01-30,198.7440948486328,199.020904085971,194.07641091814034,194.72548888987092,8571900
2020-01-31,189.92416381835938,194.70638732746986,189.2464363689482,192.32960032300588,16699600
2020-02-03,191.68055725097656,193.06463287684363,190.7642099609874,190.8501147884718,10885900
2020-02-04,194.3055419921875,195.60371284536802,193.03600608271051,194.24827210478043,10205900
2020-02-05,193.58956909179688,196.2527344114346,190.85959378276274,196.1572749236421,8672400
2020-02-06,193.8091278076172,195.32685225081207,193.27458957872503,193.8186824963952,7001200
2020-02-07,193.52281188964844,194.56325359105267,191.94781730189825,192.79735454071738,5691100
2020-02-10,196.62503051757812,196.7586650800714,192.6827890764141,192.78778870159275,6239500
2020-02-11,194.66819763183594,198.22861509168715,194.38183373720707,198.0663456165811,10231900
2020-02-12,198.00909423828125,198.68680713493745,195.6800223732801,195.6800223732801,7355800
2020-02-13,198.2576446533203,199.28048524205866,196.96716243029468,197.51202881259348,9495300
2020-02-14,201.0202178955078,201.4886234980122,198.8407235493735,199.10837972618523,6548800
2020-02-18,201.89012145996094,202.17690012204864,200.13123372553707,200.7430213977788,7651500
2020-02-19,203.90708923339844,204.72918019586052,202.38718145194537,203.1519196054722,5927500
2020-02-20,202.1291046142578,204.27036879585577,199.0988426101652,202.7791372315623,8531900
2020-02-21,199.60545349121094,200.95330284560134,198.27672660185104,200.64740174978206,9231500
2020-02-24,190.02716064453125,194.78764849438178,185.4578682928449,189.16683924746692,13316800
2020-02-25,180.09515380859375,191.0786695919856,179.4451358176121,190.02715274049416,18539000
2020-02-26,178.9575653076172,184.97984209018557,178.7854923384837,181.62457234679775,14214700
2020-02-27,172.0749969482422,178.1259667776965,172.06544300798458,174.09198689139365,17536600
2020-02-28,173.74781799316406,174.29269878000522,165.3548510257927,166.12914301874363,22659000
2020-03-02,183.85191345214844,183.95706513156142,175.02878466564826,178.10684518719157,17434500
2020-03-03,177.5428924560547,185.48657972679493,176.3671157683934,184.68361099308336,15226400
2020-03-04,185.72555541992188,185.91675094993013,177.9634953279967,181.96879955123043,10789100
2020-03-05,178.7186737060547,183.46002513209302,177.45685326427594,182.81000702778556,10106900
2020-03-06,176.23326110839844,177.79141404379462,172.04633042054178,175.44940037721267,15183200
2020-03-09,163.58645629882812,171.65441662810278,160.89075717101247,163.6629315846707,20486400
2020-03-10,174.55084228515625,174.56039622561696,164.3033878501829,171.5588106838985,16119400
2020-03-11,165.3262481689453,170.85146082846452,162.69746996433707,169.81906618322324,14598200
2020-03-12,153.0235595703125,164.4181155986706,150.06977250587778,151.51320536272843,27467700
2020-03-13,168.07928466796875,168.5476903548067,155.0596690583545,161.28269816889696,19948900
2020-03-16,145.30926513671875,158.02299278362116,141.4569121186074,144.47762014152494,23692000
2020-03-17,150.9300994873047,156.48398835252337,142.67095722059452,148.8844327444395,22298000
2020-03-18,141.9348907470703,144.0379102478631,133.63751839003515,141.91578286349477,22787500
2020-03-19,145.53868103027344,150.3182764664072,135.23387443686244,140.4436305450147,19362800
2020-03-20,140.35760498046875,151.28375343044885,139.24873530974855,147.99540393719468,18692100
2020-03-23,129.75645446777344,137.03099887426043,128.02622876996583,135.10003834827543,30344100
2020-03-24,147.71817016601562,148.40643305140827,137.2508594477391,138.45531220409265,24488300
2020-03-25,154.64857482910156,160.76645060159734,146.81004193741435,152.29702225467858,20619600
2020-03-26,161.4356231689453,162.0569647529166,154.6581456269517,154.93537033573986,17062900
2020-03-27,154.4383087158203,159.73410942687582,151.17862063554583,153.97947156880272,14950700
2020-03-30,158.27154541015625,158.55830949481546,153.60665515077855,153.94121811160397,15714500
2020-03-31,154.0177001953125,160.7760560880631,153.46326529688082,159.0936289242235,20613100
2020-04-01,146.3607635498047,151.10212836568778,144.74525805219363,149.4292700599525,12595200
2020-04-02,150.45211791992188,151.3698067430922,144.62100513539042,145.80635015986687,14051100
2020-04-03,145.15635681152344,150.7675986387481,143.96145764312487,148.70280937507425,11994700
2020-04-06,161.97093200683594,163.20406120789193,151.27419511779993,152.9661759814435,16479100
2020-04-07,161.15838623046875,170.91832597274916,160.68999523956856,169.9241620104368,15379000
2020-04-08,167.228515625,168.24178769437205,160.5275123595241,163.47174539451603,11146500
2020-04-09,166.03359985351562,169.37931688569395,165.23063126647332,168.49987301614732,12231800
2020-04-13,161.540771484375,164.72398378893178,158.82595019649258,164.6666163914299,14043700
2020-04-14,166.922607421875,167.69689964651448,163.29968004171943,165.4600522006294,9980500
2020-04-15,158.6443328857422,161.89445184032456,157.6788453044364,161.26354176294663,12118700
2020-04-16,155.26036071777344,160.59439043617195,152.75585762973492,159.74362311790318,20308200
2020-04-17,162.06646728515625,163.45256121708948,157.6788034843309,162.17161893683058,15375800
2020-04-20,156.9810333251953,160.04952542017458,156.0059917742466,159.95394226336325,10505200
2020-04-21,153.45372009277344,155.40380358258705,152.1345468253213,154.85892259431924,10562100
2020-04-22,159.24658203125,160.3076529667014,155.738360185323,157.40166490705408,14502500
2020-04-23,159.0458221435547,162.8981748919648,158.88331764932866,160.47970077207958,11411300
2020-04-24,159.9443817138672,161.3113389477382,156.78027742049713,161.01500637738388,8391400
2020-04-27,164.18869018554688,164.75269364590602,161.1201974668009,161.21578064304248,9903300
2020-04-28,163.70115661621094,167.29540741702635,162.86951161221648,167.28585347641993,8614400
2020-04-29,173.77655029296875,174.2162795564031,168.33738213011998,169.0543215521628,12862800
2020-04-30,170.84190368652344,173.8148133838694,169.82863153132917,173.7670145001737,11331600
2020-05-01,167.83074951171875,171.72133326949245,166.58805157105553,166.76011003447636,10109600
2020-05-04,168.38516235351562,169.14034669473966,164.1504472710123,165.3262238106215,9386200
2020-05-05,170.5741729736328,173.11692077997253,170.40209998468458,171.1955144319033,13513000
2020-05-06,170.8992156982422,172.5529516587325,170.03889434186797,171.79778198690784,8540500
2020-05-07,174.6655731201172,176.825945455645,173.70009989219406,173.7383302457223,9262200
2020-05-08,176.9310760498047,177.5619862040231,175.5258737000314,176.8737232332701,6470100
2020-05-11,175.46849060058594,176.48176241427387,173.43237844799296,175.76482315898525,8683100
2020-05-12,171.55880737304688,175.87956592339017,171.46320962561015,175.46851311281426,8219700
2020-05-13,169.5671844482422,173.39726379670418,167.60426586003675,170.9172909251174,13377100
2020-05-14,173.21531677246094,173.3589535011848,166.43608980597736,168.4660269987328,9695100
2020-05-15,175.6953125,176.31769452271004,171.2715611104962,172.33440866770647,10785900
2020-05-18,183.2501678466797,184.63856881524094,179.5062614349236,180.01374582611774,11802200
2020-05-19,181.3159637451172,186.23761530816896,181.1914814862307,183.02034795029817,7446800
2020-05-20,185.6248016357422,186.70680375871282,184.23640075344323,184.80133396731898,9545600
2020-05-21,182.52243041992188,185.39498999019747,181.94792727222287,185.28009228277637,11338100
2020-05-22,182.75222778320312,183.24055761650195,181.19146584943562,182.88627996943765,5807600
2020-05-26,185.0120086669922,187.93244748016463,184.5715430547616,187.4824119281055,9662200
2020-05-27,184.62896728515625,186.05566237792772,180.5116293917179,186.05566237792772,7650300
2020-05-28,186.00782775878906,189.8666321446875,184.52368346467085,185.3184121980265,8352200
2020-05-29,186.94619750976562,188.38247741334547,185.06945200709296,186.23762749751882,10211900
2020-06-01,186.0939483642578,187.55895224843675,185.29920530771136,186.4386560199817,6011300
2020-06-02,188.0186004638672,189.129327009013,186.63976952652666,187.61644387557513,8462100
2020-06-03,188.50692749023438,189.72298178615983,187.26216337835697,189.58892959208413,8879400
2020-06-04,185.4141082763672,188.1143207582972,184.91619395710387,187.65470079716613,7829800
2020-06-05,191.13058471679688,191.2837914369125,187.17602209106917,187.86543772099256,8561200
2020-06-08,191.12098693847656,191.46569470323064,188.75591150458504,191.10183244860275,7628100
2020-06-09,190.6230010986328,193.10297332197123,189.81868815224024,189.93358582727078,6892300
2020-06-10,191.96353149414062,193.5913119444023,190.4985276278461,191.4081683549991,8405300
2020-06-11,180.85633850097656,188.0185822764624,180.73185625571557,186.85040699035957,11974600
2020-06-12,184.09274291992188,186.71635230962406,179.87009190250797,185.9599181314917,11706300
2020-06-15,183.614013671875,184.30342917964003,178.29978983119494,179.0562241355123,6752700
2020-06-16,184.6864013671875,189.95275963038168,183.6522783549621,188.4973256194062,11057200
2020-06-17,185.3374786376953,187.0705866563013,184.85871887076158,185.4332364353175,5968900
2020-06-18,185.67263793945312,185.9981911123359,183.94909965567635,184.41828954171817,5803200
2020-06-19,184.03530883789062,188.72716478231126,183.2405656238452,188.52607918887608,11483300
2020-06-22,186.6780548095703,188.01857660040378,183.16394450888717,183.8342200148956,6674500
2020-06-23,189.56021118164062,191.64759750000928,187.50154929072886,187.9132758246737,9866800
2020-06-24,183.27886962890625,189.09100725559085,182.58945419952855,188.65055632662845,9453100
2020-06-25,185.7396697998047,185.98863427591357,181.83298761827132,182.98202296211565,9936600
2020-06-26,181.22970581054688,185.8832508043177,181.04777478195257,184.89700696459929,11836000
2020-06-29,183.2501678466797,183.31718664389302,179.34348480101175,181.84261238865983,8020400
2020-06-30,184.96409606933594,185.51945930077193,182.08196676143146,183.35546983532203,9040100
2020-07-01,185.54823303222656,187.05154651499848,184.47581525790534,185.61526644841982,6394100
2020-07-02,187.35787963867188,189.51229898313895,186.71634318714598,187.673862895798,6299300
2020-07-06,189.3590850830078,190.7187612640351,187.36744241189174,190.28788033373482,7292200
2020-07-07,185.95034790039062,190.45068817531524,185.57691575144267,188.44947523891707,7660100
2020-07-08,186.7834014892578,187.21428249349523,184.91622611990695,186.79297142780774,8368000
2020-07-09,184.04489135742188,187.1855552037471,181.88088720960266,186.71636523130113,8548200
2020-07-10,184.37042236328125,184.62895677493813,181.39253549237608,183.50864586128878,7674200
2020-07-13,180.99041748046875,186.89831357193995,180.68400409618127,185.38543036085773,8564100
2020-07-14,185.11727905273438,185.25133122174748,179.2285243318375,181.44997697330126,8003900
2020-07-15,188.20050048828125,189.36867569442552,186.23758217562303,186.93656746763028,7681100
2020-07-16,185.2801055908203,187.39623105491196,184.34174015476353,187.0323688078188,5064000
2020-07-17,186.80252075195312,187.2621407423058,184.91620571366485,186.5535708817891,6395000
2020-07-20,190.03897094726562,191.00606076215433,185.4428726206202,186.4674259009643,6985300
2020-07-21,188.13348388671875,191.6667342427241,187.36746513407223,191.503957632008,7218700
2020-07-22,190.41241455078125,190.5464667570408,187.9132869400465,188.1335124337741,6823400
2020-07-23,189.04312133789062,192.41359502210688,188.08560156708086,190.01022565718753,6106700
2020-07-24,186.86000061035156,189.0910237063807,185.78758300939455,187.35791504390764,7160300
2020-07-27,188.5452423095703,189.4070043538236,185.9503570166756,186.86958252639374,5604700
2020-07-28,188.38241577148438,190.90068244320452,188.35369135165945,189.29205649064974,6897300
2020-07-29,190.144287109375,190.44111591510037,184.84920368753225,184.88749805157076,9471300
2020-07-30,185.81626892089844,188.21006814869645,183.95867838243262,186.9078407843507,10499400
2020-07-31,182.31175231933594,186.4195201783772,181.3925415525434,186.16098575808294,14180800
2020-08-03,182.58946228027344,185.12688403500735,182.12985684387874,183.6523098967191,11405200
2020-08-04,184.12144470214844,184.74384123299902,182.00533448479095,183.0107330264802,8204000
2020-08-05,187.76966857910156,189.76129722350422,184.89710872084257,185.33755971717576,8876800
2020-08-06,190.3262481689453,190.46987031993635,186.51530817590347,187.6547592757499,7480300
2020-08-07,188.0186004638672,189.56977796307848,187.0036317490453,189.19634580176486,5654000
2020-08-10,188.4302978515625,189.88573190597103,187.0323272528182,188.01857138814603,5525400
2020-08-11,189.36866760253906,194.27116359549845,187.99940688867687,189.41654650774652,11549600
2020-08-12,190.29750061035156,191.7241958387823,189.818740684442,190.5464505120109,5432500
2020-08-13,189.47276306152344,191.73592650076938,188.9453281139424,189.04123069811345,7014800
2020-08-14,188.57130432128906,189.94263498772878,187.7370075632011,188.92611749285697,5014400
2020-08-17,191.24685668945312,192.23460654837325,188.6384788899253,189.2042661296777,6256200
2020-08-18,190.8440704345703,191.88935587587056,188.74394441242802,191.77426985367097,6519900
2020-08-19,192.74282836914062,194.51690896083323,190.73857574234995,190.75775918405455,9467600
2020-08-20,195.77320861816406,196.05131738653773,191.40991821388104,191.69759675677412,8849200
2020-08-21,195.7539825439453,196.722534164635,194.99639024877544,196.10879573151587,9998300
2020-08-24,197.9404296875,197.9787819383662,196.27182143758537,196.59786678432357,6159600
2020-08-25,199.56109619140625,199.65698413949605,197.10612767090157,198.68843245751665,5828300
2020-08-26,201.63241577148438,202.15026619617038,198.79388136958727,199.56105797077015,7035200
2020-08-27,202.37086486816406,203.47367139221683,200.47211374209118,202.5434865883595,8619600
2020-08-28,206.8588409423828,207.29037329713566,202.55307253464792,203.30106585160075,7349800
2020-08-31,203.29148864746094,207.09859010118961,202.87912508840702,206.69581094762808,9326900
2020-09-01,204.59568786621094,205.11352379149267,202.45718016222878,203.50246568378918,5642900
2020-09-02,207.59727478027344,208.4315864333031,204.9984811187098,205.34370999483323,9863800
2020-09-03,200.38580322265625,206.1108242494992,198.59252451292747,206.1108242494992,11310200
2020-09-04,196.2622833251953,201.8626497640502,191.93733072780432,199.93513044261985,13243600
2020-09-08,191.9085693359375,193.95117477124015,191.03592004124192,192.54149139091615,14186900
2020-09-09,195.6868896484375,197.8253829007768,193.66346780419562,195.96499839491506,7532600
2020-09-10,193.27024841308594,198.5062159087683,192.2249776479213,196.45402662912488,7243000
2020-09-11,192.44554138183594,194.1045652656883,190.74817987890674,193.30862068947292,7439000
2020-09-14,196.56912231445312,197.9404532270307,194.8046259111957,195.00601549205942,11730500
2020-09-15,196.96224975585938,199.666543969583,196.36769484334278,198.26644558175255,6328600
2020-09-16,196.71295166015625,199.2254411086481,196.5403299505638,198.25688947860382,6135000
2020-09-17,196.8472442626953,197.14452181843768,193.71141673620107,194.526544887421,7474900
2020-09-18,194.29635620117188,197.27874495076185,193.44287592917624,197.03900313691273,9084100
2020-09-21,189.34808349609375,192.99216202863613,186.71092351806269,191.70714940572947,9656000
2020-09-22,192.33047485351562,192.47432872476276,188.72476315751757,189.96182450723805,7543100
2020-09-23,187.35345458984375,192.8387492396903,186.58629238280935,192.5606551345425,6310600
2020-09-24,187.49728393554688,189.55905770426605,185.20535275523534,187.14245609692378,9865300
2020-09-25,189.15628051757812,190.0097607417039,185.56973791579244,187.01778775513765,5496100
2020-09-28,192.10035705566406,193.4429055658342,191.63045776076387,192.39763460915307,5565300
2020-09-29,191.25643920898438,194.0758053909231,191.18930447480506,192.34966133742188,5513500
2020-09-30,191.76470947265625,194.2292480472709,190.72902293918688,192.60860545533822,9157600
2020-10-01,195.00601196289062,196.7800927397279,193.36617139395915,193.91278979449638,7234600
2020-10-02,193.19354248046875,194.50732288873763,191.21805771683222,191.79344390160847,6019700
2020-10-05,195.18820190429688,195.2936888948202,192.80038264204663,194.3922719053335,6090500
2020-10-06,192.22500610351562,196.68421314697912,191.5153796156888,195.73483018432879,5841100
2020-10-07,194.16212463378906,194.46898658328874,191.78388965261365,193.71140879913702,6713400
2020-10-08,194.65121459960938,195.91705869433707,193.93198899106386,195.62936552438237,3955600
2020-10-09,198.1610107421875,198.5829587134207,195.322460974688,195.62933754746865,5562900
2020-10-12,197.9308624267578,199.43644824501513,197.28835603467815,198.4487130090006,6622700
2020-10-13,195.93617248535156,196.7896526521044,194.699096684134,195.034741035206,5621700
2020-10-14,193.90318298339844,196.55952647209432,192.87709559276954,196.31020024462364,5320000
2020-10-15,191.36187744140625,196.30055188776754,189.49189462349645,192.7619611378204,8885500
2020-10-16,192.0428009033203,194.3347323401288,191.22768741564917,191.7838902480676,6385900
2020-10-19,188.88778686523438,192.81955857781747,188.43707107170042,192.60858460498545,7449600
2020-10-20,189.58787536621094,191.46745813971432,188.63850688838747,189.4440360915962,7427000
2020-10-21,190.2878875732422,192.1962379009674,189.71251593276216,189.71251593276216,6067200
2020-10-22,189.86593627929688,191.5728968602888,187.72742871787895,191.1605333225367,4908200
2020-10-23,189.88511657714844,191.67839544232476,187.9767809470061,191.55372500642108,5877200
2020-10-26,185.1478271484375,188.36035888479736,182.894248097597,187.95759436707525,12608700
2020-10-27,182.2613525390625,185.75199349729021,181.4558233870135,185.08071920391606,8690400
2020-10-28,173.4484100341797,177.12125653143326,171.98119124285205,176.43079890814028,17809500
2020-10-29,177.28431701660156,179.3269224737612,171.98122791299213,175.49105247432246,16820900
2020-10-30,174.2539825439453,176.66098558626157,171.87573272195885,175.16499869891396,10252900
2020-11-02,177.15957641601562,179.2501175416394,176.34444857812332,176.93900346106665,8057100
2020-11-03,180.61195373535156,181.7531275171893,177.5624438001036,179.16391793142168,6467900
2020-11-04,186.01089477539062,188.80149322660543,183.6710121413554,184.97520829970225,8102700
2020-11-05,189.53030395507812,192.74285038804447,189.19465953395735,190.2207616085355,7132100
2020-11-06,190.32626342773438,191.4866058019374,187.41099430099138,189.25222460876668,6180500
2020-11-09,203.95314025878906,208.71920848786627,203.56955922586744,205.88067372581804,17916900
2020-11-10,204.55731201171875,205.276537485277,201.91056753678907,203.24353149580986,7943600
2020-11-11,203.97235107421875,205.48752123315492,202.98461588084268,203.46409955268274,5337200
2020-11-12,200.01544189453125,204.1260049874397,198.93978490714656,203.05994684646834,7302500
2020-11-13,202.1475830078125,202.91591580235064,199.09347883430306,201.60015560046213,6377500
2020-11-16,204.27969360351562,206.5750784179723,203.4441395907017,206.07567457258372,12083200
2020-11-17,202.3684844970703,203.69384352102276,201.20637915269006,202.2244138575843,7268800
2020-11-18,199.60252380371094,202.79108555817194,199.44885429260336,201.41770277131718,6977900
2020-11-19,199.35279846191406,200.46686564997398,197.3935490618735,199.03586062794486,5657200
2020-11-20,195.80885314941406,199.87139284138837,195.7416172580121,198.9301929448559,9653500
2020-11-23,199.91941833496094,200.72616111128787,196.59638548762197,196.59638548762197,6101900
2020-11-24,201.3792266845703,205.35534733263935,201.1103124361107,202.50292187494566,10110800
2020-11-25,202.5413360595703,203.55937068595762,200.60129923765186,201.36963195813985,6772900
2020-11-27,202.64698791503906,203.636211375611,200.54368270993217,203.60740018003926,3512900
2020-11-30,202.02272033691406,202.205186352354,198.4211744406396,201.24477411334746,7725500
2020-12-01,202.8390350341797,205.21125412215366,202.6853655791931,203.732225918404,8047900
2020-12-02,201.85946655273438,203.03117082615066,200.22676844125047,202.64701173688263,9728900
2020-12-03,199.81378173828125,202.75264102847032,199.39119798196384,201.47529091223043,9203300
2020-12-04,204.2604522705078,204.2988769637646,200.25553529999414,201.4368528146514,5720100
2020-12-07,204.23167419433594,206.00844285003907,203.41533251434103,203.57860085034002,10624500
2020-12-08,204.34693908691406,204.692688117875,201.58094683922639,201.63856923526498,8646200
2020-12-09,201.283203125,205.04801742405462,200.67813871194062,204.78870201063944,6251100
2020-12-10,199.3911895751953,201.01428863683162,199.04544057594305,200.255554745962,10492000
2020-12-11,198.075439453125,198.69970159072594,196.40431676339668,197.23027193352968,9227600
2020-12-14,199.04541015625,202.9350821397057,198.77649593734338,199.62166328517893,11967700
2020-12-15,200.1114959716797,201.14874295493667,197.9985919634427,200.28436314152526,9796100
2020-12-16,200.0250701904297,200.85102533961356,198.93979962163283,200.2267485631177,7504400
2020-12-17,202.81983947753906,203.39609265407654,200.5820919684876,200.72614793525844,6517200
2020-12-18,202.94473266601562,203.58820718617233,201.56173652817995,202.66621953076825,13298200
2020-12-21,200.73574829101562,201.49448213431995,196.68280764181077,200.02505264329886,7576700
2020-12-22,197.69122314453125,200.1498757757461,197.46073361955837,200.14027693044744,7396200
2020-12-23,197.17263793945312,199.1222736354006,196.99015726711937,199.1222736354006,6523100
2020-12-24,200.43804931640625,200.55330876063346,198.42119222654395,198.45960227146696,3367900
2020-12-28,204.21249389648438,205.00963794937445,200.67816863372744,201.54254858908394,5816200
2020-12-29,205.88356018066406,206.71912876619422,205.08641629007158,206.11406438610814,6093400
2020-12-30,209.71563720703125,211.66527306680308,207.1129133416465,207.44906351942615,8875100
2020-12-31,210.07098388671875,211.11784445927444,207.64114187519542,209.75404606068582,5922200
2021-01-04,209.1393585205078,211.5307902099338,205.75871807740998,211.5307902099338,10318300
2021-01-05,206.0180206298828,209.81166063359146,205.182466685589,207.74676556180754,6869700
2021-01-06,204.202880859375,207.61234782803416,203.67466576041497,205.3361751177225,7206200
2021-01-07,205.3457489013672,206.69993374424467,203.79948453188328,203.79948453188328,10967900
2021-01-08,206.92079162597656,207.56426599808074,204.32768179152987,205.69146526513182,6513000
2021-01-11,204.462158203125,206.3541714606878,204.06838567333776,205.48980631919503,7353100
2021-01-12,200.59170532226562,204.36611847191253,199.2567328663062,203.93393588561582,9331600
2021-01-13,201.0623016357422,202.64697591728026,200.3708036735041,201.11992402347414,6688500
2021-01-14,193.8687744140625,202.8486328237113,193.74391615971547,202.23396970609647,12887500
2021-01-15,193.60946655273438,195.21335295834552,192.49538502934482,193.5614430180714,8755000
2021-01-19,193.6767578125,196.08738753273792,192.14970569475642,195.01173039139343,9772000
2021-01-20,197.8545379638672,198.987832128779,194.22418054469378,194.99251333628547,12675700
2021-01-21,197.01898193359375,198.96861776284922,196.64442171651334,197.89296065835762,6513500
2021-01-22,194.02249145507812,197.20145373330104,193.8111995826831,195.9145048048792,7316200
2021-01-25,193.0236358642578,193.65751142029467,188.00068426536993,192.4089726551476,19282400
2021-01-26,194.0128631591797,195.43428376594497,193.01404091970815,193.7727601092875,9605300
2021-01-27,187.25161743164062,191.79436423823185,186.28160612827085,189.8159169266618,13772400
2021-01-28,190.37290954589844,194.0032665293668,190.3248860044259,192.08244210828397,11041300
2021-01-29,185.5996856689453,195.0117295807743,185.17710189239386,189.98877711981092,21503000
2021-02-01,190.50738525390625,191.32374157439608,187.29961167490194,187.41485646189673,12970700
2021-02-02,194.58914184570312,196.26026456768935,192.0824650900883,192.89882142861282,11305100
2021-02-03,193.38861083984375,195.45349131111388,193.02364949609768,195.03092223197325,13458600
2021-02-04,200.96629333496094,201.37926362988537,195.05976297697242,195.19422012586992,14534800
2021-02-05,200.50526428222656,201.81142549419192,200.39961835130555,201.66735486763005,10284000
2021-02-08,198.69973754882812,202.31088320061122,197.75853742105275,201.68662095003938,8637100
2021-02-09,198.3443603515625,199.4104186340307,195.63599052134032,197.61443759490328,7619400
2021-02-10,198.26748657226562,199.73691598925046,197.7872804973104,199.73691598925046,8467600
2021-02-11,202.6345672607422,203.5291303488301,199.29676139570842,199.43142728028553,8411100
2021-02-12,201.96119689941406,203.08662185185437,199.7680441591075,201.3840491239422,6911000
2021-02-16,199.9796905517578,203.00969475859023,199.45065547780825,202.6345530580277,9652700
2021-02-17,199.6045684814453,200.34523820628777,197.24790809601686,197.4402858397798,8373200
2021-02-18,201.37445068359375,201.71110801364534,197.1516960152483,198.03664524142442,7328600
2021-02-19,196.9304656982422,201.54760464252098,195.99741828893562,201.36484066044318,15011500
2021-02-22,200.38369750976562,202.62491922675628,195.3721749835083,195.7954147733624,8337700
2021-02-23,204.0293426513672,205.76077180776633,198.68116178408692,199.49877091524627,10571700
2021-02-24,211.07040405273438,212.12850340323007,203.24051289149872,204.26975632129702,12039000
2021-02-25,205.60684204101562,212.05159158119116,204.4814168774572,210.93578016728557,11404300
2021-02-26,204.2986297607422,207.01120395872124,202.71149527637826,205.8953926711492,11730000
2021-03-01,208.3771209716797,209.5025460951239,206.60720770745746,206.78035793739957,6982000
2021-03-02,207.54989624023438,209.62759638442657,206.63609096548808,208.69456360988238,6155200
2021-03-03,206.6649169921875,208.91576705127102,204.75072426062854,206.95347622221465,6484600
2021-03-04,203.44252014160156,208.7522297415158,200.72033241339773,207.74222847907618,10658900
2021-03-05,207.20359802246094,207.86731366274253,201.64379799797206,205.58759280993013,7582000
2021-03-08,211.87844848632812,217.51520253076183,207.58835321941243,208.713778342941,14750400
2021-03-09,211.96502685546875,216.42825789790862,211.80150504413245,213.6002596463124,9228600
2021-03-10,214.66795349121094,215.64909894767018,211.04157401161058,212.31129338790836,7822900
2021-03-11,217.534423828125,219.5351844387445,215.28357364523285,215.97614519035037,10053400
2021-03-12,215.81265258789062,217.90959500499997,214.9084610218044,216.69760197582056,8172400
2021-03-15,214.76416015625,218.43862323698878,213.292449238581,215.68757913175838,9306100
2021-03-16,216.13963317871094,216.9861126408819,213.831071507761,215.18735846124574,8949300
2021-03-17,214.523681640625,217.62101149229446,213.31167406889708,216.47634419787576,8675600
2021-03-18,212.25357055664062,214.04271115408747,211.21471330546387,212.9942254770108,9321800
2021-03-19,199.01776123046875,211.78222048485253,198.9985337347339,210.77221921462268,32209700
2021-03-22,200.07586669921875,204.20242499179977,198.37329391617095,198.68110998705154,11371600
2021-03-23,200.2201385498047,201.9611956129797,199.59490736159074,201.08586020749811,8820700
2021-03-24,200.14321899414062,203.0962543795056,200.00853844692966,200.79730616784477,10101600
2021-03-25,200.04701232910156,200.86463593092742,197.94044194479008,199.75843842978196,8390800
2021-03-26,205.3952178955078,205.55873970111813,199.78731969260298,200.3163694622129,7399900
2021-03-29,206.33786010742188,207.08814346543755,203.0770086891294,204.35634176817635,7792300
2021-03-30,203.8272705078125,205.99155258356666,203.35594736045587,204.89498358561696,5498000
2021-03-31,203.6637725830078,205.95310703245127,203.4906370418628,204.45254029927887,13180000
2021-04-01,208.5983123779297,209.4447918251416,204.21203647415322,205.6356489901649,6138400
2021-04-05,210.69529724121094,212.1092962990743,209.03120860346286,210.27207210851677,10440500
2021-04-06,210.32012939453125,211.04155679653968,207.1362321420639,209.32937026997126,7828100
2021-04-07,210.9165496826172,212.6191080283357,210.31054588101694,210.77225537498464,5614300
2021-04-08,212.29202270507812,214.33126736794674,209.80069706406107,211.58983751383104,11042000
2021-04-09,214.04269409179688,214.11964810546954,211.14735620258793,212.58059718697112,5724900
2021-04-12,213.03273010253906,213.45596991302313,210.86844762595638,211.84959312503491,6315200
2021-04-13,212.599853515625,213.17698664038207,211.8303280051373,212.58061134155628,4764000
2021-04-14,213.5232696533203,214.60061122520543,211.6860456839251,212.58060862071417,4972600
2021-04-15,217.65951538085938,218.95809093255457,215.33171075156486,215.3605666813819,8698100
2021-04-16,217.7845458984375,219.12159099793524,217.15929990037498,218.51558717700036,6829400
2021-04-19,217.18812561035156,218.9099406254458,216.50518253088404,217.14965593892916,6541600
2021-04-20,214.77374267578125,216.79374524188594,213.36937224047082,216.21659745800523,5799100
2021-04-21,218.78488159179688,219.18887917761518,214.37936314052368,214.80260290018424,9490600
2021-04-22,218.9003143310547,222.1322949345307,218.24621253453375,218.6405963620333,7303000
2021-04-23,221.23776245117188,222.98843352967143,219.0350103179013,219.90071743041398,5345200
2021-04-26,221.56480407714844,224.07537229399205,220.77605099817714,221.97843013119652,5650000
2021-04-27,221.1511993408203,222.35357850994205,220.2662500336443,222.22852637955975,6642100
2021-04-28,224.55630493164062,227.26887907122017,221.8822151404474,222.15154686923822,10111400
2021-04-29,227.83639526367188,228.4520127319346,224.26772789090577,226.26848833212915,7411400
2021-04-30,224.66213989257812,226.94184609281785,223.4405185511401,226.35509915062894,10260200
2021-05-03,223.7483367919922,226.75909894685435,222.57481354148592,225.13347995176878,8174400
2021-05-04,223.19039916992188,223.53668491033687,221.45897046784688,222.77678783753962,5884500
2021-05-05,220.47781372070312,224.94104347127924,219.94876408569894,224.94104347127924,6523200
2021-05-06,222.5074462890625,222.7575358270771,219.94878035773237,220.881827598274,6124100
2021-05-07,223.27699279785156,224.3350923154233,221.92072027848388,223.48861270136592,4528700
2021-05-10,217.3612823486328,223.1615578725884,216.58214305100879,222.77680243690315,9627400
2021-05-11,216.88998413085938,217.7941757153134,213.5810339398709,215.21628153429972,7633300
2021-05-12,212.22471618652344,216.42822864156875,211.91690010504348,215.11042590174435,7721300
2021-05-13,215.52886962890625,216.6462870920872,212.78345719105334,213.38069882644317,6650100
2021-05-14,218.6114044189453,219.16047802690656,216.66553341258108,217.53251262870688,4777200
2021-05-17,218.12979125976562,218.8233688709891,217.0508992862183,217.87932369533448,5534200
2021-05-18,217.29171752929688,220.7692184905357,217.1568413380907,220.0082175045594,6900000
2021-05-19,216.34762573242188,216.5980932348817,213.650381767112,214.58478429829577,9311900
2021-05-20,218.12979125976562,219.24722348882577,216.9738334739934,217.16649065515531,7478600
2021-05-21,218.44764709472656,220.89442376949995,218.23571981988812,218.55361073214578,5603900
2021-05-24,220.904052734375,221.6650535758452,219.2760727216681,219.58432120343411,4040100
2021-05-25,220.6150665283203,221.74212625701023,220.0370803962136,221.46276090359942,4689100
2021-05-26,218.73667907714844,220.93300331723736,218.0719992968161,219.68070957011275,4295600
2021-05-27,218.53433227539062,220.0370785678235,218.0623097814658,219.40129676754873,5969600
2021-05-28,218.95819091796875,221.01001084092766,218.81368703403206,219.2375415755028,5779700
2021-06-01,218.31275939941406,221.63614261197574,217.9755984029933,221.01963098616372,5091500
2021-06-02,221.2315673828125,224.55495073278615,220.383858350222,220.80771286651725,9081100
2021-06-03,219.7384796142578,221.9348035980574,219.41096096903138,220.59581647899714,6382400
2021-06-04,221.6939697265625,222.23341563831656,220.33571253523968,220.93296882222342,5085700
2021-06-07,222.8306427001953,226.06731774621727,221.63614498168954,224.30449105107917,5421300
2021-06-08,223.5338897705078,224.30453313028323,221.71325236617315,223.63021100373004,4170600
2021-06-09,223.7843475341797,226.23113915283662,223.6013180785951,223.96737698976423,4659000
2021-06-10,225.36416625976562,225.66278708578128,223.6109668591446,224.5453695914647,4452500
2021-06-11,226.3370819091797,226.79946201300888,225.13295633758395,225.78799359310875,5378300
2021-06-14,225.4893798828125,226.5875418506347,223.07150095070196,226.08662148145996,5805800
2021-06-15,224.4297637939453,226.18297789544846,224.08297499907658,225.83618910057973,7093800
2021-06-16,221.1737823486328,225.585685338031,219.63249579685504,225.04623945454813,8905400
2021-06-17,223.63018798828125,224.77651784688487,220.79809708318743,220.79809708318743,6876700
2021-06-18,221.9540557861328,223.65908696549724,220.80772592168452,221.99258133589328,8840000
2021-06-21,225.72059631347656,226.38526135888821,221.94444514922392,222.95591368612014,7298400
2021-06-22,227.27149963378906,227.4256312548775,224.6802334108921,225.70132967770212,8858400
2021-06-23,226.06735229492188,227.2618501959766,225.35451933842708,226.8090977890574,6814700
2021-06-24,227.57012939453125,229.50635822693445,226.77058816654784,228.30223252794738,4611500
2021-06-25,228.61044311523438,229.72786033547447,227.64714277788477,227.72419386993167,7825200
2021-06-28,225.4990234375,229.62194863782355,223.35086731508284,229.265532136018,9301700
2021-06-29,227.29074096679688,227.83982928531296,225.55679719621793,225.96139632501848,11897700
2021-06-30,225.23887634277344,227.72417810615406,225.23887634277344,226.48152722446375,7797100
2021-07-01,226.52011108398438,227.57974753403295,225.4604893327352,225.6049785310148,5329600
2021-07-02,229.87240600585938,230.0168952032174,227.16553391749082,227.17516163104824,4383700
2021-07-06,230.80679321289062,231.7797213737719,228.50450573019666,230.7104572885744,8048700
2021-07-07,231.192138671875,232.19396480531432,229.55453062937596,231.44259153053477,4366100
2021-07-08,227.926513671875,228.369638333922,225.94211715232103,228.27330241210373,6388000
2021-07-09,229.71827697753906,230.66230737475146,228.70680848826888,229.9976276618368,5615900
2021-07-12,229.1402587890625,229.75677044996633,228.56228737503872,228.86090814377062,7010700
2021-07-13,233.45587158203125,233.5810906462307,229.50633382968206,229.50633382968206,8079200
2021-07-14,236.96229553222656,237.7521942996699,233.90863470791672,234.2939490287965,8693400
2021-07-15,239.4283447265625,239.66916985408898,236.3072457822519,236.3072457822519,10135100
2021-07-16,239.01412963867188,241.268264114455,238.43615812341469,240.81551167649687,8674500
2021-07-19,231.5870819091797,235.47880954869652,230.13248871443497,235.03569954011957,11474600
2021-07-20,233.79299926757812,235.24759224849228,230.72006870381585,231.80860283674411,7072300
2021-07-21,234.71778869628906,237.83887271410208,233.40769951017057,234.3613575383698,11241400
2021-07-22,235.18016052246094,236.34576048114025,234.22648782899606,234.83337178836442,10293600
2021-07-23,239.88108825683594,240.83474631928493,237.7040197774055,237.7040197774055,6766000
2021-07-26,241.06591796875,241.17188159756725,238.60949908165665,240.0640920498571,4879000
2021-07-27,241.72097778320312,243.39712587801935,239.11044176349347,240.04484438718544,7038300
2021-07-28,237.87741088867188,242.2700585041765,236.88521262020475,240.8732758183653,9036500
2021-07-29,238.82142639160156,241.19115177348996,238.0315277301702,239.00445581403486,7495300
2021-07-30,237.34762573242188,239.34166495832028,236.97193909984972,238.13753925151212,5804700
2021-08-02,230.98016357421875,238.73473456068137,229.62190651286127,237.20309048662153,9989500
2021-08-03,228.38888549804688,232.5310801068382,225.44118866212483,231.79897710341362,9839000
2021-08-04,227.98431396484375,228.83202305786747,226.42377195159398,228.30220487472766,8171800
2021-08-05,231.3944091796875,231.43293473048556,227.75311993033617,227.92652165592358,5337500
2021-08-06,232.5407257080078,233.69669802174855,231.05724946361178,231.19211094037504,4509700
2021-08-09,231.192138671875,233.29212687605371,229.3137054849261,232.8779146830241,5226900
2021-08-10,229.33297729492188,232.48295962430353,226.9150834196712,231.68341837500714,7185700
2021-08-11,226.4334259033203,229.61232067172799,225.97104575299917,229.342597692474,7375700
2021-08-12,223.58779907226562,225.8257098815268,222.84505713403107,225.61349369379212,9867000
2021-08-13,224.41737365722656,225.01544416600464,223.2116065201926,223.79038063350373,5445400
2021-08-16,227.031494140625,227.14724308128615,222.0540836284657,223.99296669756703,7575900
2021-08-17,226.2308807373047,227.33053991652488,224.96723897298065,226.6842504156431,6850500
2021-08-18,223.4334716796875,226.05722206997982,223.2791299581793,225.64243053328116,4996500
2021-08-19,223.37559509277344,224.20514872062034,220.80006363592622,220.9351089612544,5761300
2021-08-20,223.17303466796875,223.94472860094515,222.15054646228094,223.66498237480792,5522200
2021-08-23,225.8546142578125,226.34656186571928,223.79034186556456,224.4655684015644,6342000
2021-08-24,225.95114135742188,227.83213531988005,225.67139511343362,226.72282062080274,5081800
2021-08-25,224.35946655273438,226.68418878728608,223.8675189311681,226.68418878728608,5277100
2021-08-26,222.3627471923828,224.39808262357963,222.00583012589436,223.91577578887743,5889100
2021-08-27,224.45596313476562,224.80322465385865,222.0830069678238,222.8450600297287,6369000
2021-08-30,223.04762268066406,225.40128247371254,221.7839810832906,224.45596516495664,6448000
2021-08-31,220.9929962158203,223.6360282339994,220.56856384882724,222.73894459190294,9405100
2021-09-01,221.97686767578125,222.6135161577829,220.67464820132497,220.9929724423258,8177600
2021-09-02,216.24710083007812,222.39170035308123,214.1056718719566,222.27593669565266,19708800
2021-09-03,217.14418029785156,219.25668655568143,215.44646556514573,216.07345855287628,11532000
2021-09-07,218.2631378173828,219.9319153343915,217.86764268272566,218.716507416851,9662600
2021-09-08,220.9833221435547,222.07334020210857,219.00586135511546,219.33384115957094,10652600
2021-09-09,219.4399871826172,221.86116239519183,219.0637884090484,221.19557655299224,5853000
2021-09-10,216.95127868652344,221.89973713860954,216.8644669828884,221.71647289277027,6715400
2021-09-13,216.68121337890625,219.16026331438562,215.50438330687908,217.54935995454105,6808100
2021-09-14,215.1377410888672,217.8193653586121,214.4142809861914,217.0380308027356,6575700
2021-09-15,215.89019775390625,216.88374872381084,213.52689704606368,214.6458525115919,6535800
2021-09-16,216.3917999267578,217.23100916225488,214.8677084663254,215.9384302959212,5928500
2021-09-17,213.903076171875,215.78406983931478,211.5397756810488,214.57830278084876,13787400
2021-09-20,212.2632598876953,212.69733313399712,208.65559914255928,209.2826069150733,8822600
2021-09-21,212.37899780273438,214.30822521399836,211.2311051380184,212.93847551826138,7033600
2021-09-22,214.8677215576172,216.16995606065322,213.27611469287388,213.56548705458115,6005900
2021-09-23,220.23092651367188,220.60712522525043,216.42070577458972,217.03805788381695,7952700
2021-09-24,223.39488220214844,223.7421437212723,220.52997834908567,220.8290062396685,6461200
2021-09-27,221.4752960205078,225.07330075026158,220.67466493887133,223.520272212405,6881100
2021-09-28,217.57823181152344,220.7711003338429,216.07343701589065,220.7711003338429,6951400
2021-09-29,218.65859985351562,220.91580682326702,218.08948137226358,218.77436349224337,6432700
2021-09-30,214.8677215576172,220.69398236845743,214.75197261293428,219.52680792600256,7128500
2021-10-01,222.3048095703125,223.36587547390604,215.56215663798585,216.23738307096946,7925400
2021-10-04,216.77761840820312,222.17946066010842,212.99633471940382,221.86113639380483,10283400
2021-10-05,216.3435821533203,219.33389082454383,215.99632059613847,217.50111577098028,5814000
2021-10-06,218.49465942382812,218.60076752712618,213.42079629984292,214.1828347007378,5420900
2021-10-07,222.39169311523438,222.9801080653177,220.40459123362623,220.80972722434697,6561900
2021-10-08,222.12158203125,224.49452328997674,222.03475561927846,222.8257458514112,3735200
2021-10-11,217.14418029785156,222.1698239128024,216.91266772204955,221.8707813161612,5620200
2021-10-12,216.12173461914062,218.21494489365458,215.0317162657594,217.5782962243077,5448200
2021-10-13,214.5879669189453,217.86764756159596,210.89349473779964,215.2342563218685,9076000
2021-10-14,217.21168518066406,217.66505475392313,215.1667090417666,216.18919711121535,5590500
2021-10-15,222.81610107421875,222.91255360305232,218.70683771242042,219.17950367586184,6355100
2021-10-18,222.48814392089844,224.52347941576852,220.0669688337306,222.03477430458827,5580200
2021-10-19,225.25657653808594,225.37232546239397,222.51706267249816,223.74212609048914,4409700
2021-10-20,223.2309112548828,225.52669667958688,223.12480315410644,225.19873153858276,5401800
2021-10-21,222.09268188476562,222.66180048213386,218.29210123862583,222.53639598077407,5982200
2021-10-22,223.04762268066406,224.58136965651912,220.61680674386318,222.14088344378436,3788000
2021-10-25,225.6038818359375,226.54919924529116,224.07013469686578,225.189090245233,4938700
2021-10-26,223.6167755126953,228.5748897967782,223.14410945755364,227.19548442544217,7814500
2021-10-27,208.1443634033203,216.79695031764277,208.0286144580066,216.79695031764277,22958100
2021-10-28,202.4145050048828,212.20534142698924,201.6138739873548,211.49152209695788,23199400
2021-10-29,204.2762451171875,206.1090052394381,201.16053230298996,201.80683642743801,14329800
2021-11-01,204.94183349609375,207.63309924697884,203.96756423752726,205.9353844311275,13210300
2021-11-02,201.7393341064453,205.80036477259185,200.4660515154406,205.61708579143206,14688700
2021-11-03,200.73609924316406,202.71354537957578,199.41456858131775,202.26983135905988,11486700
2021-11-04,201.39208984375,204.84540938880238,200.51428765796012,201.75864783756117,11368200
2021-11-05,209.0028533935547,209.92888904302546,203.88075688440372,204.4498754479011,14273600
2021-11-08,212.68771362304688,213.76807642774992,210.43050602202186,210.64272224706556,13500100
2021-11-09,205.8389129638672,212.61050513115768,205.38554335592897,211.9159821027773,11535000
2021-11-10,208.2981719970703,209.64134482700186,206.14330078316894,206.35589056155362,10063600
2021-11-11,203.33132934570312,209.4770730487516,203.08009358314465,209.17751874673044,13546900
2021-11-12,204.94503784179688,206.38484753321907,204.30726860306657,204.37491749721033,7660500
2021-11-15,205.14797973632812,209.10984891504893,204.6744816885782,206.4235035309503,9596900
2021-11-16,207.93099975585938,208.38516755506794,204.5295922846488,205.01274826297706,8719600
2021-11-17,198.1519012451172,200.3261028598135,192.74056385094428,199.01191818291824,38379600
2021-11-18,196.4801788330078,200.86722788984696,194.48957889663265,199.5433854504562,18292200
2021-11-19,194.09339904785156,196.64446174557173,193.1174293861182,195.2336399549411,18032600
2021-11-22,188.99127197265625,194.90509573191167,188.04429049529966,193.26236854820166,21185800
2021-11-23,191.80323791503906,192.21874491897955,187.83169575633138,190.33443982428207,14742700
2021-11-24,196.40284729003906,197.07926251133847,190.9818382215426,191.4939822280083,12026800
2021-11-26,190.99154663085938,192.4796752567242,186.0633646459528,186.8074289588852,10987600
2021-11-29,189.67733764648438,194.47025068522296,188.77867474564164,194.2286727340612,14633500
2021-11-30,187.2422332763672,191.0011854211858,186.0729895627462,188.69170091182033,16023000
2021-12-01,183.75387573242188,190.17984401462294,183.69589937717487,189.42612190691287,13204900
2021-12-02,191.6099395751953,192.72120687164883,185.38690464299026,185.5318454993881,13976300
2021-12-03,189.7063751220703,191.78393998260458,187.50317024097842,191.59068053542126,10660500
2021-12-06,195.85205078125,197.34017907532427,191.07848330783713,192.07378319197605,10722100
2021-12-07,200.3840789794922,200.93488379872647,198.95394160311378,199.06023649394416,11897200
2021-12-08,201.94952392578125,202.42300730756693,198.7800221575361,200.66432736354326,11749200
2021-12-09,204.26866149902344,205.05137173881317,200.1908243101016,201.49535120625026,10176800
2021-12-10,206.2109375,207.03230844892187,203.7565119528689,204.76146976290136,8882700
2021-12-13,203.91110229492188,206.13362218910248,202.9061298539331,205.29292097034818,8844300
2021-12-14,202.90615844726562,206.18195503402558,201.42770249406638,203.63089233588286,9832300
2021-12-15,205.15765380859375,205.33159759809044,200.8575692913547,202.34568296050398,10892500
2021-12-16,207.1482391357422,208.9842402544693,204.48122409101614,208.03724415065088,8548400
2021-12-17,204.74212646484375,206.0273227873702,200.78990042995565,205.63113145404887,11578400
2021-12-20,201.70790100097656,202.70320083013337,199.89123036379908,202.04610123476772,9434400
2021-12-21,208.124267578125,208.87798970168666,203.27337757552957,203.51495555730574,6993700
2021-12-22,210.6173095703125,211.56429093004257,206.64576780017035,206.64576780017035,6003400
2021-12-23,209.3224639892578,211.15846531392236,209.3224639892578,211.0811585981182,4798200
2021-12-27,210.29843139648438,210.77191471852973,207.641074077342,210.34673518830738,4818400
2021-12-28,210.7042999267578,212.32769674252646,208.31750849936694,208.7330155136118,4279800
2021-12-29,210.82025146484375,211.5643157070019,210.00855306144314,210.4240600733928,3223100
2021-12-30,210.53036499023438,211.76724301948056,209.83461925568974,210.62700207632358,3812800
2021-12-31,209.409423828125,210.63662912267432,208.23052232481615,209.50604615535295,4723300
2022-01-03,213.9704132080078,214.57919435580757,209.69931685308612,210.19214530406606,7694500
2022-01-04,214.96572875976562,219.14984586367407,214.3376172451256,214.52121884563965,10629300
2022-01-05,212.58859252929688,217.6810597606871,212.51128581718922,215.13965504985853,9594600
2022-01-06,212.34701538085938,214.4342523813629,210.2211323965307,210.46271034349414,7877500
2022-01-07,209.65106201171875,212.7819035148726,208.37552306987735,209.9892623713273,10702100
2022-01-10,204.82913208007812,206.9840034618003,199.5434048731088,206.7714136668592,11978600
2022-01-11,207.15792846679688,207.70871852569937,201.7079305028905,204.29763905021753,8803100
2022-01-12,208.44313049316406,210.25012888962942,206.60712917674758,207.25455633085684,6923300
2022-01-13,207.75701904296875,213.0524031207442,207.4284765981051,209.54470161635342,8867700
2022-01-14,207.43814086914062,210.89753869126972,206.5104898494814,206.9549849958502,8838100
2022-01-18,208.44313049316406,209.60270173552018,207.10961545484295,208.60740173422926,9099300
2022-01-19,207.4478302001953,210.87824037075757,204.96441630139628,205.82443329674294,9399800
2022-01-20,207.12893676757812,212.2020736328257,206.73274539745745,207.48646740928584,8532700
2022-01-21,198.99261474609375,208.33686437001464,198.88633458550711,208.20158128547212,16200200
2022-01-24,195.05003356933594,195.89072007754223,189.05888889485146,195.36890347298527,16054000
2022-01-25,195.19500732421875,198.46114632350827,190.35378992592103,192.89518024237586,12125500
2022-01-26,198.93460083007812,203.75650190583917,196.8087178694416,197.39816864325311,10817600
2022-01-27,199.2051544189453,203.85312615997282,198.9152726998503,202.44230456647495,12009800
2022-01-28,220.31910705566406,220.4350597621105,208.8200016642549,213.20705108021758,26425300
2022-01-31,218.55075073242188,218.75368270989946,214.56955060347005,217.9516420999385,12380600
2022-02-01,224.53221130371094,226.70641286209587,218.79231683041505,219.2561423676744,12247200
2022-02-02,227.4891357421875,227.90465750821642,222.2613850539383,223.50793560727624,10590500
2022-02-03,223.7398223876953,225.62414214888594,222.78318316498058,225.1892900533819,9968000
2022-02-04,220.6959686279297,222.46432112924242,217.37185341746743,220.8022635240113,10848100
2022-02-07,219.5073699951172,222.1743849873237,218.39610268980465,220.31906828690876,5984500
2022-02-08,220.26109313964844,220.80222533711387,217.17855643114373,218.63768180250563,7542000
2022-02-09,223.09234619140625,225.29553537902112,222.36761251798706,222.377285070269,7772800
2022-02-10,218.34494018554688,222.56491486496603,217.64806254903823,220.70657942385537,6794600
2022-02-11,217.4738311767578,221.74220262845407,216.3607558544551,219.95161154447004,7535200
2022-02-14,218.10296630859375,219.96130172511752,215.6542210903043,216.118801252251,8280800
2022-02-15,220.50332641601562,221.92610222132762,217.68678060463424,219.97098729498768,9461700
2022-02-16,221.47122192382812,222.49717659135592,218.35463429110908,220.19360796663204,9561300
2022-02-17,217.39639282226562,221.46150205129027,216.97052156392994,221.064666127047,8131200
2022-02-18,215.53807067871094,218.49011956340675,214.71536344619793,217.38673249471972,8121200
2022-02-22,214.2120819091797,217.13508079112808,212.85703552422407,213.92171377177942,9928800
2022-02-23,209.0145263671875,217.07700106948164,208.5015490789476,215.68324588304253,8669900
2022-02-24,210.32118225097656,210.8631948921501,194.98021595755878,196.8385513424695,13463400
2022-02-25,212.22793579101562,213.59264105163172,207.36915381606462,210.31151477453312,8463600
2022-02-28,209.17909240722656,211.62783782829575,206.39159643597785,209.06295104930652,8409400
2022-03-01,202.2587127685547,208.2402285661379,200.62298650938922,207.59174808369272,9317800
2022-03-02,201.784423828125,203.7782622249342,199.5679762778455,200.2551655507821,8865700
2022-03-03,200.57456970214844,204.70743795111196,199.92608928325137,203.78795123084703,8610000
2022-03-04,193.8574676513672,199.74220377295725,190.53763282946585,198.4162075024731,10912300
2022-03-07,184.57546997070312,193.7510058633738,183.94635129822484,193.4219288583463,13412400
2022-03-08,185.5530548095703,190.11178034298038,180.67491100368966,183.90764013542127,11070900
2022-03-09,193.34446716308594,194.06070650884075,188.96964291667516,190.1891712168938,8457600
2022-03-10,191.61199951171875,193.51873220158035,189.99563497992395,190.5763565273195,7061600
2022-03-11,190.39244079589844,194.38979109909542,190.15046983064798,194.3026850961018,5432100
2022-03-14,193.89617919921875,197.86449424079044,191.79587295461224,192.0475174463384,7994700
2022-03-15,199.5196075439453,199.7809403596827,194.93183205858395,195.59967438283618,8277700
2022-03-16,205.06556701660156,206.80776107402895,200.3519769231966,203.2556287626632,9232300
2022-03-17,206.5948028564453,206.6819088576172,202.01671642489706,203.18784760172468,6668500
2022-03-18,212.0730438232422,212.2182205020507,203.53630065962597,204.90102051537193,14620800
2022-03-21,210.06956481933594,211.05681076597236,207.6595427905849,209.39204888291476,6101500
2022-03-22,211.45359802246094,212.51827622603759,210.2050195138359,210.8438264359819,6259900
2022-03-23,207.78533935546875,210.31151729958165,207.3207591498671,208.38543750514012,6008000
2022-03-24,210.3308563232422,210.66962160922932,207.1271628496405,208.08537326555,5487000
2022-03-25,211.4148712158203,211.89881316130584,208.76287880655067,211.4051976936556,5051400
2022-03-28,213.6797332763672,213.88298062538672,210.52442230242977,211.48263268258796,4316800
2022-03-29,220.79367065429688,221.46151290863435,216.5930580706572,217.6190126421812,8032500
2022-03-30,216.75759887695312,218.89662881813464,215.57677932423985,218.58689887767508,7084000
2022-03-31,214.64761352539062,218.66432574464508,213.36032618481073,216.71888445060327,10759500
2022-04-01,219.09019470214844,219.35152748384297,215.09282956936696,215.91553677123616,6559600
2022-04-04,220.42588806152344,221.8777139336459,217.7351719600221,218.50946727683154,8521200
2022-04-05,218.82888793945312,221.63576037406673,218.07393960811442,219.5451274094037,4658000
2022-04-06,211.9762420654297,215.71227441224136,211.59876794507437,215.6251684080215,7430000
2022-04-07,209.2080841064453,211.6568290167127,206.81740986302452,211.29871672533505,6995100
2022-04-08,210.0114288330078,212.36339421444083,206.23668781186242,207.91112269880793,5438600
2022-04-11,207.85305786132812,210.32116464532618,206.55609704012417,208.3369997888283,6942700
2022-04-12,204.61068725585938,210.02117045163905,203.93317135807288,209.54690193881905,7446600
2022-04-13,206.42062377929688,206.98199826872806,200.51652550143226,203.67182200885136,8052900
2022-04-14,205.9560089111328,209.01452558450603,205.70436441347664,207.38848771890687,8191600
2022-04-18,206.32382202148438,208.89839690008708,204.7268193946655,204.87199608119914,4744400
2022-04-19,208.77255249023438,209.5565360795297,205.61725631997254,206.25606323300434,5028800
2022-04-20,210.79547119140625,213.72817359539482,210.40832345972726,211.63754039935395,7178300
2022-04-21,209.49847412109375,216.72856827440634,208.43381065716915,212.46019658992316,8850300
2022-04-22,201.48440551757812,209.60495148570666,201.27146986135287,209.29523629312106,6201100
2022-04-25,203.2071990966797,203.7685734680669,198.7355807053946,199.72282630809175,6839400
2022-04-26,194.64144897460938,201.86185425598558,194.64144897460938,200.33259599419955,8155300
2022-04-27,207.233642578125,214.67667285613362,206.20768790732444,210.3889390823072,15955800
2022-04-28,213.5732421875,217.70609536714264,212.22788430043838,213.32158294829335,10799100
2022-04-29,206.28512573242188,214.09594208740737,205.53017737896567,211.59879954569143,7965000
2022-05-02,204.73646545410156,205.32687518136927,200.3132440291084,204.96876289013213,8803700
2022-05-03,201.8618621826172,206.74967879169313,199.64541456785065,206.74967879169313,6616900
2022-05-04,207.63047790527344,207.90148424128145,198.73562166409835,202.62651944355292,7191100
2022-05-05,198.6484832763672,207.68851473549026,196.54817713021558,205.45270544341713,7749600
2022-05-06,196.30621337890625,199.11307069121642,193.78970941227686,197.2063382879883,8825300
2022-05-09,186.8015899658203,194.30269008102812,185.91113856310204,193.62517431469206,10314100
2022-05-10,187.3629608154297,191.39903477006467,184.83678333087562,190.392442046256,11016500
2022-05-11,190.40211486816406,191.95073495773775,185.25296562375684,187.2758541233372,9427300
2022-05-12,188.09901428222656,190.12575165675173,184.20068548755967,188.64206211492768,9308600
2022-05-13,193.19979858398438,194.47014577011765,190.55243304663333,191.03729928848225,6684500
2022-05-16,191.8227996826172,193.88833481735026,189.9512229018448,191.34764018747026,5161300
2022-05-17,197.825439453125,198.60122844958497,194.0919632309427,196.71025294361309,7265600
2022-05-18,193.9368438720703,199.2412828119242,193.10287317594302,196.68118913029215,8748200
2022-05-19,191.39608764648438,194.35377455867018,187.4589762932225,190.40697120787232,9012400
2022-05-20,193.005859375,195.55626059934283,188.14750484961937,193.62648758660717,6966600
2022-05-23,201.2776641845703,201.66556604125228,194.69318738491185,194.79985854588153,12187400
2022-05-24,196.49688720703125,198.47513485539986,193.00584453703655,197.7381435348199,7458500
2022-05-25,197.67025756835938,198.7466611716322,194.40226397148774,194.51862712958985,5457200
2022-05-26,202.23773193359375,203.39171606796805,198.4751647990513,198.9018495005287,9212300
2022-05-27,206.43666076660156,206.77605826578898,203.29472211791338,203.64382641221206,4897200
2022-05-31,205.7481231689453,207.86214751217076,202.78074436885268,204.0123086697927,9586400
2022-06-01,203.57594299316406,207.62943266442448,202.4995540895455,205.6317860194212,5246100
2022-06-02,208.5409698486328,208.7349133825148,204.69113077345537,205.4766117036905,5337200
2022-06-03,206.213623046875,207.72641827050745,204.87540217546743,206.50454577437912,4352500
2022-06-06,206.49484252929688,210.99440077254022,205.67056397908553,208.9288657963958,3965100
2022-06-07,208.00762939453125,208.46340487113264,204.3420415847608,204.72992868117103,4493300
2022-06-08,207.03790283203125,209.04525634609774,206.38818378847276,207.29002797228026,3646300
2022-06-09,199.87156677246094,207.2415397135684,199.78429439846298,206.15542924835594,5138600
2022-06-10,193.4713134765625,197.26297086233095,193.15129999622712,195.54654030305684,5162500
2022-06-13,186.4407501220703,189.96088354886223,185.29647296667187,187.14866544391086,7119200
2022-06-14,187.66262817382812,188.45780108971732,185.94619759137908,186.88683925317173,6441200
2022-06-15,190.22271728515625,192.81190110123137,186.4116611355351,190.04815775310286,6490000
2022-06-16,183.32791137695312,186.0625490236569,181.8539140003013,185.61648041033015,9887200
2022-06-17,184.25888061523438,185.5195359177883,180.28298594957326,181.2721025188717,15089300
2022-06-21,188.50628662109375,190.77545695777627,187.8662596655343,189.78634053221268,6241600
2022-06-22,187.9535675048828,190.445772431636,185.24800543919793,185.46134778118542,5138500
2022-06-23,190.6881866455078,191.48337434982358,187.5947377905719,190.20332042490827,4752800
2022-06-24,199.2897186279297,199.41578858661043,191.53185871046273,191.74520104194855,7754800
2022-06-27,197.39877319335938,200.8219282177481,196.47753014772383,199.52249003561184,6121200
2022-06-28,192.1234130859375,200.53099273826555,191.52218362426595,197.82544536379874,4354200
2022-06-29,193.46163940429688,194.56713389472938,191.34762959504374,191.34762959504374,4324600
2022-06-30,190.93063354492188,192.83131577759517,187.01292071019307,189.4566359847024,7045200
2022-07-01,193.15127563476562,193.75251973271878,188.81658579461396,190.83361599096628,4131800
2022-07-05,194.47015380859375,194.4992593974957,188.26387157516635,190.29060899860423,4110200
2022-07-06,195.03257751464844,196.38050497232842,192.65673607014025,193.9464819507458,4111200
2022-07-07,196.66177368164062,197.27269515598528,193.9853022431864,196.4096337363108,4650700
2022-07-08,197.408447265625,197.92240429421142,194.39257867302408,196.19628167047904,3621800
2022-07-11,198.85333251953125,200.48249071920938,195.8859536095899,195.8859536095899,5353600
2022-07-12,198.62063598632812,201.8207416925497,196.6229744235059,197.09814871902762,6779500
2022-07-13,197.97091674804688,199.34795014744856,193.46166579491378,194.36351006676196,7597300
2022-07-14,199.6776123046875,199.84246504553283,191.98762628278155,193.94648997466973,5605500
2022-07-15,203.6826171875,205.3020835585345,200.90918151765268,203.03289815815444,7245700
2022-07-18,200.93829345703125,206.46576617736017,200.38553878652596,205.0984396947948,4648900
2022-07-19,207.19305419921875,207.62943087472453,201.60738540252382,201.91770691209308,4927100
2022-07-20,206.9118194580078,207.64882563043125,204.8172084969224,205.58329066374054,4460300
2022-07-21,209.64645385742188,210.33495558805367,206.29117317980717,206.69845901981662,4801300
2022-07-22,207.23184204101562,211.46958332732603,205.6996628432923,211.33380656587173,5071500
2022-07-25,207.7845916748047,208.29854872781485,205.21479161280993,208.08520638917545,4357200
2022-07-26,206.05844116210938,208.63791807739003,205.34083386562082,207.37727780620546,6141000
2022-07-27,204.09959411621094,210.28649200897053,195.11016997741967,204.39051681655903,17432200
2022-07-28,204.9530029296875,206.28153193445632,201.62681222251274,204.2644862327159,7477100
2022-07-29,205.6899871826172,207.67794201844313,203.478997986726,205.58331600224764,6059700
2022-08-01,204.96267700195312,207.51307840123783,201.2776902691052,202.14075166627438,8028400
2022-08-02,200.01702880859375,202.51894054286942,197.75755020984542,201.5104252097311,9939400
2022-08-03,202.16983032226562,203.9638413914701,200.61826717844107,201.694670860575,9520100
2022-08-04,207.00880432128906,208.3761307395811,202.23772205028035,204.15778831615046,6789700
2022-08-05,209.3361358642578,209.4137162346375,204.12867742691586,204.3323277487804,5553700
2022-08-08,206.86337280273438,210.0731854571041,205.63180821312767,208.71555088992352,4063400
2022-08-09,203.8959197998047,206.9893683822596,203.40136162525485,205.58325942576414,4596800
2022-08-10,205.68028259277344,208.3373403461459,204.91418558148467,208.32764834741306,5746400
2022-08-11,205.05368041992188,207.40458778607248,204.57766455424223,207.20057675130934,6639600
2022-08-12,205.29653930664062,207.132579294454,204.1016599045783,206.91885909920364,6443700
2022-08-15,210.24122619628906,210.55209733945867,204.3639502012125,204.3639502012125,5290600
2022-08-16,210.94068908691406,211.39727185215992,206.0737290769473,208.42463670696145,6564400
2022-08-17,208.39547729492188,210.00807317746998,206.67600648647897,208.86176918727602,4902500
2022-08-18,209.10459899902344,209.8331864519817,206.3651030607885,207.76399334217234,4516400
2022-08-19,206.7440185546875,209.08520204320033,206.3262873013095,207.99718266851713,4178800
2022-08-22,202.65419006347656,205.2188175334538,202.25589199615126,203.9462203739446,5139500
2022-08-23,200.89584350585938,203.3244682706228,200.63354788078317,202.06158042831598,3525500
2022-08-24,200.7695770263672,202.40162079378862,199.80783615503933,200.73072554713983,4230800
2022-08-25,203.8296661376953,203.91709308872728,200.60444470576326,201.4690346977676,4495000
2022-08-26,197.09750366210938,204.2570859183539,196.91292577752395,203.78108487195118,5060200
2022-08-29,196.5535125732422,198.1369810768201,194.8923262781169,195.50434462208196,4476200
2022-08-30,195.630615234375,198.5741076913257,194.49402045801148,198.09809183189768,3918200
2022-08-31,193.036865234375,197.36952458907018,192.96885660897098,195.26147954883868,6559000
2022-09-01,194.4163360595703,194.70775926522973,191.04540263134015,193.04658770035553,5608300
2022-09-02,192.1139678955078,196.69921358810706,191.22995956340444,196.66036210599958,4508100
2022-09-06,192.96884155273438,194.32886572317125,190.79278805688367,192.24996316370246,4547800
2022-09-07,194.69802856445312,195.39747382697993,191.5893911883075,193.0368571833162,4098300
2022-09-08,194.97975158691406,195.36832568867266,191.33681379610778,191.76423937878153,4377600
2022-09-09,199.341552734375,200.5072898615517,195.6014788337185,196.30092407465486,4885600
2022-09-12,200.73074340820312,201.2747531046993,199.0986994955621,200.60445014896206,3812300
2022-09-13,193.96942138671875,197.66093438304566,193.1922584154156,196.28147714997917,5217900
2022-09-14,193.7168426513672,195.14487529736616,192.40537925870683,194.2899945778157,4632800
2022-09-15,189.79220581054688,194.5911717904641,188.97619126468268,192.4345513312855,6099300
2022-09-16,187.7812957763672,188.28645394786406,182.84632779229352,184.78922787311853,9398200
2022-09-19,187.6161651611328,188.45161285165764,185.26525766527283,186.12012368539766,8133600
2022-09-20,186.58642578125,187.5190095660843,184.85723098486378,185.6441180087047,5292500
2022-09-21,181.6805877685547,187.57728171040227,181.66115461757855,187.0332720682784,6705900
2022-09-22,180.48574829101562,181.86522078872554,179.3880195100104,181.02977292124547,6604700
2022-09-23,178.70797729492188,179.31027164848558,177.0273578516666,178.2319613819471,10755800
2022-09-26,175.4341583251953,179.23253152094617,174.76385542910384,177.81420794715757,9914600
2022-09-27,172.7918243408203,179.57255670353268,171.96610065068057,177.29935220660465,9799600
2022-09-28,174.0644073486328,174.95815441079023,169.83860865843312,172.19922509029522,9751000
2022-09-29,174.91929626464844,177.0370651135695,173.6272658999192,173.7244168356423,9105200
2022-09-30,172.57809448242188,177.69764036760486,172.52953383871616,174.91929264730808,9472300
2022-10-03,176.46389770507812,178.12508383208024,173.06382249054366,174.21985043518964,8842300
2022-10-04,180.34971618652344,180.89374072730593,177.84338781932408,179.76685498470036,7081400
2022-10-05,182.31204223632812,183.42921876818718,177.1536444709823,178.10566143807196,6119900
2022-10-06,180.2913818359375,182.6811550916108,179.96109243032828,181.32111634939506,5163000
2022-10-07,178.58163452148438,179.33936424755822,176.73587084213486,178.2124788209847,5610300
2022-10-10,176.97874450683594,179.50452030225605,175.7352897585783,178.87308376497595,4743800
2022-10-11,174.02557373046875,176.45419902804878,173.10269908201883,175.22045322639542,6294500
2022-10-12,173.1512451171875,175.43414361493245,173.13181196762778,173.97696868410165,4884300
2022-10-13,179.38796997070312,180.077691205931,169.61518482959323,170.0037589207229,8426400
2022-10-14,177.4062042236328,181.7874534565967,176.87191855213607,181.45714917244504,6449400
2022-10-17,179.9611358642578,183.1863573980989,177.629661490824,180.68972345884995,13952100
2022-10-18,181.82630920410156,184.76009258826625,180.43714270856358,184.0800804987319,5209200
2022-10-19,181.0880126953125,182.28289214141515,179.48511117185595,180.19428040184818,4927000
2022-10-20,181.87486267089844,185.52750918363918,181.1074089016448,181.13656603773862,5706700
2022-10-21,184.93492126464844,185.49836401146064,179.7668152658898,180.4954027245547,7582500
2022-10-24,185.2652587890625,187.61616629918274,183.7012235039353,185.9452709079977,7299200
2022-10-25,188.8304443359375,189.65616789216418,185.27493399317393,185.42064555511107,11907200
2022-10-26,197.5249481201172,200.47814986467733,190.88994224203563,190.96766002783352,15450000
2022-10-27,198.45751953125,200.42957672373265,195.83460742248317,197.5152266421804,7946700
2022-10-28,203.3633575439453,205.4811264404876,197.50551470838707,199.14726772622464,8455600
2022-10-31,201.24560546875,203.63536440422783,200.31300685429264,202.95535230157773,8674100
2022-11-01,201.02215576171875,203.97537227389313,199.4678445444469,202.945637571952,5919500
2022-11-02,195.21292114257812,201.09019801041183,194.85348930017176,199.88559438647772,6985600
2022-11-03,189.1898956298828,193.17284673029874,188.6361619909754,192.61911309139134,8236200
2022-11-04,191.35623168945312,195.69861471206286,189.76305415882607,191.37566484144236,9680100
2022-11-07,194.38717651367188,194.717465999587,191.54081993100823,192.65799647193663,7821300
2022-11-08,196.0192108154297,198.2924006173883,194.0374590241934,195.90264154040196,6943700
2022-11-09,188.81436157226562,196.01916772423516,188.23019773699107,195.40578158372966,7320200
2022-11-10,200.1473846435547,200.3323602545963,194.743782191855,197.73279255757006,8048900
2022-11-11,199.5924072265625,200.98467883863827,196.81758001284993,200.56602872522865,9601000
2022-11-14,201.4033203125,203.65238333503615,197.84960819946076,198.1319518643701,5796100
2022-11-15,204.4507598876953,208.0920943578514,202.03616815751354,204.4507598876953,7316100
2022-11-16,204.59681701660156,205.3270331259008,202.72746555954973,203.07796988626475,6125300
2022-11-17,205.42437744140625,205.70672110089276,201.85118880953468,202.47430588976846,5385600
2022-11-18,205.23939514160156,208.52049452238236,204.20735882932533,207.54687311739968,8028500
2022-11-21,200.87757873535156,204.99599318690625,200.45891379900473,204.75258783162764,10450900
2022-11-22,204.7818145751953,204.9278518596049,199.93318360108768,202.06540223489435,5273100
2022-11-23,206.1448516845703,207.2158411505747,204.38259935474036,204.46049084829372,3807300
2022-11-25,208.1505126953125,208.3549797262011,205.8138272764106,206.12539325561542,1993500
2022-11-28,205.687255859375,208.81258715462005,205.0933461988704,206.66087727946226,10229400
2022-11-29,203.54525756835938,204.60650117275736,201.88037353875913,203.82761605234722,8986900
2022-11-30,211.2758331298828,211.2758331298828,202.5229718376687,202.72743885810723,13918100
2022-12-01,211.2758331298828,212.88230241623745,209.62067980473017,211.2758331298828,11261500
2022-12-02,211.91844177246094,212.7168036113287,208.58865829991876,210.0393447072162,5132800
2022-12-05,208.04339599609375,211.1882035481981,207.4300246683298,209.96143118010554,9006300
2022-12-06,203.56475830078125,206.53430645751706,202.16274114768086,206.40773092510898,5986000
2022-12-07,202.32823181152344,203.5063200737486,199.7189339638308,203.2921222078895,7923800
2022-12-08,203.58424377441406,204.75258650090134,202.2698489219385,203.98341726370091,4896500
2022-12-09,203.1947784423828,204.966776479833,202.045912348348,202.42562409118972,4928400
2022-12-12,208.92941284179688,209.15335646051537,203.94447602348177,204.46049417742688,5941700
2022-12-13,207.4202880859375,214.1772227042193,207.01136889731737,213.74882692863164,14585000
2022-12-14,207.69296264648438,210.5748742047335,206.04753979872507,207.23535931522753,7001700
2022-12-15,202.4256134033203,206.23247635253185,201.36436972375466,204.0710358208522,10831800
2022-12-16,201.4325408935547,202.9027039325831,199.8844863558892,202.01671970519058,12472900
2022-12-19,199.41714477539062,201.9972355751757,198.570084044514,201.17939715444575,4893600
2022-12-20,199.94285583496094,201.0819908881618,198.1806037905319,198.50190057829843,5024900
2022-12-21,201.35464477539062,202.47431832929087,200.15709458092428,201.1209851411244,4086900
2022-12-22,199.6508026123047,201.19885707826546,196.798099031243,200.32260375768334,5690300
2022-12-23,200.4005126953125,200.7997010709756,198.151449434617,198.7453591366596,3246000
2022-12-27,200.8483428955078,201.42279078604548,199.20293528393984,200.48810774797226,2904900
2022-12-28,199.58270263671875,203.02931665900965,199.3977121506109,201.22811070681806,3139200
2022-12-29,202.57162475585938,203.0292279089511,200.07915685765457,200.51728342696265,3675500
2022-12-30,202.2796173095703,202.55223016777606,200.27395920007666,200.86786896751488,4159400
2023-01-03,201.91934204101562,206.72903414567526,200.72179187587327,203.7594858972231,4202800
2023-01-04,207.0016632080078,207.57609631500836,204.09052963804768,204.09052963804768,6606200
2023-01-05,205.54122924804688,208.51077770456777,204.9083812346848,208.1602733809082,5246000
2023-01-06,212.00604248046875,212.38575420110786,207.46896356268093,208.3549625295996,6829700
2023-01-09,212.8336639404297,216.3484381182697,212.590258567605,213.2912672298429,6294500
2023-01-10,215.2579345703125,216.52364526049143,212.42469295706292,213.21333870736103,10857000
2023-01-11,216.24130249023438,216.31917912280136,213.90460239359894,215.45265673673987,5408200
2023-01-12,217.72122192382812,217.9062123746588,214.79062673412292,216.2413280297512,4264400
2023-01-13,217.17599487304688,217.85752690616124,214.3330220661383,216.05633616552214,4283200
2023-01-17,217.11756896972656,218.48063296693348,216.50418274284178,216.51392846471825,6101100
2023-01-18,213.6709747314453,219.05510028183156,213.6514981422502,218.16910117701238,6558000
2023-01-19,214.5959014892578,215.67662186344367,211.76265958175924,212.34683837829144,4853100
2023-01-20,218.39305114746094,218.50988098139882,214.595932981619,215.3066725652179,5211000
2023-01-23,218.26646423339844,220.23318385464518,217.26363526084612,218.6753983434763,5501500
2023-01-24,217.9840850830078,223.9329121701264,210.91559937755179,216.1634178989395,5274900
2023-01-25,218.96743774414062,219.03559837030124,215.33583423404116,215.77396087442972,4729600
2023-01-26,218.782470703125,221.0899486604946,217.76989613051106,220.03843576875715,7043400
2023-01-27,225.33493041992188,226.69799438433955,221.2554545357449,221.985670557315,11382600
2023-01-30,223.05667114257812,224.3418436794847,221.91752101848505,224.12764578061964,5677400
2023-01-31,224.1374053955078,224.71183849794033,222.42382209837402,222.77432642221643,11294200
2023-02-01,224.8091583251953,226.52274136769492,221.79094112709862,223.319518884293,5792700
2023-02-02,223.50454711914062,228.11951833520132,222.34593516773003,227.78849059373687,7190000
2023-02-03,224.05950927734375,224.77024877682905,221.63518651604048,222.65749201086882,5243600
2023-02-06,223.38768005371094,224.18604181804872,222.02460127964076,222.66719492214744,3402400
2023-02-07,225.21807861328125,226.0067094625456,221.93696484122233,222.00512546092742,4042600
2023-02-08,224.1276397705078,225.74385483450118,223.92318759925425,224.26394617010465,4978600
2023-02-09,223.7374267578125,226.790820285701,223.5228093359953,226.72254104351236,5238400
2023-02-10,221.64002990722656,224.28371818706023,220.62548701049272,223.3569692660726,4509700
2023-02-13,223.27891540527344,224.2056642855456,220.73278602282792,221.32785886348776,4946700
2023-02-14,223.7764434814453,225.75676480456934,221.61076939358082,223.07406189157678,4829400
2023-02-15,223.3179473876953,223.4642855709601,221.24983205557456,222.0204929000633,4407300
2023-02-16,220.30357360839844,222.77165919394858,220.1474854966891,220.53770577596245,3865900
2023-02-17,218.08912658691406,219.2695224997492,216.31367264041523,218.69394943121623,4520200
2023-02-21,215.22103881835938,216.99650738714126,214.60646613987169,214.77230415694802,7276100
2023-02-22,214.6357421875,216.32340199002292,214.0796839077515,215.01619763166138,4621800
2023-02-23,215.71859741210938,216.6550963296887,213.57242304811112,216.1380674743751,5533800
2023-02-24,214.17730712890625,214.85042424463649,212.13845592719088,213.133484381815,4414400
2023-02-27,214.95770263671875,216.02102508820684,213.97240936308296,215.32839333035773,4255300
2023-02-28,214.55772399902344,216.34294280154546,214.12848911071663,214.61625332281392,5385400
2023-03-01,213.016357421875,214.87962002321103,211.1335800868854,214.08944449211572,4792700
2023-03-02,213.69924926757812,214.22604294024313,211.77745712564283,212.55788282398004,5539300
2023-03-03,218.2940216064453,218.53790373702418,214.51871610302325,214.8113776367947,6055400
2023-03-06,221.20106506347656,221.8546673063047,218.21595053623255,218.45006782597272,5737600
2023-03-07,217.70864868164062,221.81562936962183,217.62085470723,221.20104177798635,4386800
2023-03-08,216.75267028808594,217.4745518197727,215.7673770196636,216.52830291083598,4194900
2023-03-09,214.62599182128906,218.87929611974016,214.28456582222847,215.98197566330953,5066700
2023-03-10,210.8507080078125,213.75777847503838,210.20685569062695,213.66998449143549,6638900
2023-03-13,209.22157287597656,212.51886356411708,207.29978077630219,209.377660989288,6810800
2023-03-14,213.30905151367188,214.48943258611163,210.7531568877889,212.6651991730415,7985600
2023-03-15,211.0750732421875,211.6018669092533,208.44114956300436,209.16304593123522,8372200
2023-03-16,212.12863159179688,212.2554550375467,203.65128805399195,209.90442819850674,13674600
2023-03-17,212.07009887695312,213.30902399950304,209.61176336597478,209.61176336597478,18801200
2023-03-20,212.8115234375,215.15280062699213,211.53358356152626,211.68967168456896,9817400
2023-03-21,216.5185089111328,217.06480239186158,213.3285271182005,215.92343603704305,8971400
2023-03-22,214.65528869628906,219.39635789239006,214.53823003737276,217.05509540176058,6700600
2023-03-23,217.1428680419922,219.73777721893399,214.86988503079573,215.0454878872852,6427700
2023-03-24,215.63079833984375,215.91370992130553,212.9090805605962,215.26985758285727,4791500
2023-03-27,216.38194274902344,218.5963962900273,215.97222262482836,217.1428536775831,7210900
2023-03-28,214.9381561279297,217.86474108243,213.2992608130115,217.36722699890205,6418400
2023-03-29,217.83547973632812,218.0793618195785,215.51371754046244,216.85018659335265,4483000
2023-03-30,216.91847229003906,218.75247024811657,215.79662070484596,218.44029404870744,5383900
2023-03-31,219.94265747070312,220.3133481707397,217.82574757169508,218.12817390397,9509000
2023-04-03,223.39599609375,223.55208420499704,218.63541289838642,219.71824998141767,6421500
2023-04-04,222.08877563476562,224.42028766883664,221.27908536212936,223.39597998006155,5254700
2023-04-05,222.5863037109375,222.87896519548258,221.00595253392805,221.23031988841402,4813600
2023-04-06,220.45965576171875,221.18153720944625,219.1817011276923,220.6254937939097,4285200
2023-04-10,220.88888549804688,220.93766489446764,218.83053489168,220.0401805647766,4952200
2023-04-11,222.85946655273438,223.53258355017834,220.6645275882254,221.44495330823844,4513300
2023-04-12,222.235107421875,225.9226033341452,221.76685798938797,224.30322272695875,4373000
2023-04-13,226.99569702148438,227.14202032168726,223.20089228728122,223.84474457893683,7615500
2023-04-14,228.2931365966797,229.23940023711233,226.55669741607514,227.28834363999437,9781300
2023-04-17,227.76632690429688,228.32238514021253,225.28849175040577,228.29312048415167,4865000
2023-04-18,227.88340759277344,228.59553905498774,226.02014504284318,228.02973087768734,4796200
2023-04-19,226.87864685058594,228.3321746381322,226.17626521262963,228.2736453158662,3833900
2023-04-20,228.8589630126953,228.92724225863142,225.83481909229587,226.77133288302412,4925700
2023-04-21,228.32241821289062,229.80522550473867,227.66881599055708,229.24916718827754,6771500
2023-04-24,227.06396484375,229.39547691710922,225.84455445213155,228.49799265512374,9124100
2023-04-25,223.9715576171875,229.26868447104897,223.81546950359933,227.31762770734255,6076500
2023-04-26,222.5667724609375,227.07372326359098,221.17177415716452,225.5616514434582,8400400
2023-04-27,223.40573120117188,224.01056887079255,221.06446922927816,223.0740551508067,7128200
2023-04-28,227.03469848632812,227.85415357625328,222.4789830835768,223.05454121162254,11627900
2023-05-01,226.82008361816406,228.84918430369132,225.84455530120178,227.1712744076857,4571100
2023-05-02,221.42543029785156,226.68352773649409,220.67428415331833,226.27380759800815,5244000
2023-05-03,220.44992065429688,223.07409463420464,220.3913913274471,221.42544912948142,4093300
2023-05-04,220.0792236328125,220.52795838269043,218.011093202779,219.33781248632806,5648700
2023-05-05,226.1079559326172,226.65424941767955,221.72782835675912,222.75213608394156,6237500
2023-05-08,226.54698181152344,227.73712778509068,225.5909680391999,225.5909680391999,2938400
2023-05-09,227.55174255371094,228.3614328882176,225.17146583121882,225.42509784904507,4352100
2023-05-10,225.61045837402344,229.0638223778762,223.29844593230044,228.566308250104,5245000
2023-05-11,225.796142578125,226.2946415197017,223.11799340564278,225.5420160981847,3818000
2023-05-12,226.1577911376953,227.4773128813918,224.63300250174362,226.76379305341962,3432700
2023-05-15,227.55552673339844,227.57507951379665,225.3465398092514,225.97209455237987,2843200
2023-05-16,225.2683563232422,227.83900271511652,224.44731847297135,227.3111820153693,4289700
2023-05-17,227.39913940429688,228.61115827126306,225.34654484863057,227.4773356132368,4990100
2023-05-18,228.32769775390625,228.8652724254825,225.91344399775448,227.1547695974463,6621900
2023-05-19,228.04425048828125,229.05100245813463,226.70517581106702,228.71867975077376,5399400
2023-05-22,226.06005859375,228.5915992673552,225.9623096066357,228.04424073407856,3987800
2023-05-23,219.51126098632812,224.31044651722823,218.61202705399333,224.09541069488728,8537200
2023-05-24,217.23387145996094,218.06469313209274,215.06397512781615,217.52710351567816,6730800
2023-05-25,218.33834838867188,219.61877947956833,215.5135758943247,217.42933060738494,6827600
2023-05-26,219.93157958984375,221.10450784486602,218.29927282936723,218.76845009713708,5067300
2023-05-30,216.6376495361328,220.38120934791615,214.79030687900553,219.9315848508152,6916000
2023-05-31,216.0413818359375,216.5300969040936,211.26174906594676,214.99553934557156,20460600
2023-06-01,221.38790893554688,221.59317581080288,217.40976142622614,217.70299342756363,7003600
2023-06-02,223.6262969970703,225.0729047426006,222.28722210764735,223.6458497813084,5897100
2023-06-05,221.65185546875,223.17664422773234,220.2248007832605,222.76612532449874,4858900
2023-06-06,223.06912231445312,224.07587423126046,221.0556184808385,221.57365529572377,6020100
2023-06-07,220.18569946289062,222.41423906635612,216.03162122358157,221.87664948780065,8517200
2023-06-08,218.0158233642578,220.05864903652548,217.39026859188488,220.00977454044587,6248200
2023-06-09,218.51431274414062,220.09774503769444,217.73236553105633,218.59250895688933,6385000
2023-06-12,221.06539916992188,221.33907844840036,218.58273288246656,219.3451272888569,8621100
2023-06-13,218.35791015625,222.02327356474393,217.60529960807528,220.52780648723055,6868700
2023-06-14,218.39700317382812,220.38118525850757,217.55641261718554,218.6902352125455,9160700
2023-06-15,221.06539916992188,221.98418599670052,216.37373095908762,217.0090695740143,12534000
2023-06-16,223.7435302734375,224.61344247559308,220.97740126976532,221.33904563820306,13628900
2023-06-20,221.35861206054688,224.38865155696874,221.0751489588399,221.8766488581208,12312300
2023-06-21,222.1210174560547,223.46987593202667,219.90224668101126,221.01651653503984,7032100
2023-06-22,223.23532104492188,223.76312688105352,220.4105478793196,221.25113859197654,6275500
2023-06-23,224.36912536621094,224.78941323071234,221.28044207980017,222.09171100774745,5424400
2023-06-26,221.1924591064453,224.9066968806183,221.09471011986128,224.26158936372693,5165400
2023-06-27,222.20896911621094,223.45030959612058,221.40748414006188,222.3458087421096,4628500
2023-06-28,222.81503295898438,222.91276704701374,220.91881566125016,222.36540842795722,5324500
2023-06-29,229.03147888183594,229.40289226024808,223.44057627926446,223.62627551126903,7118900
2023-06-30,232.12013244628906,232.90207963204068,230.62466535145,230.9374501915115,6879400
2023-07-03,232.59909057617188,233.01937844787034,230.09687138488027,231.65098198838365,3087400
2023-07-05,234.045654296875,234.58324388031423,228.7088938506624,229.11941273772482,7601200
2023-07-06,233.48855590820312,234.19230692058522,231.34798115507454,232.8923228258906,6441800
2023-07-07,231.11337280273438,233.0584643119628,230.8006028874624,231.38705207149798,5729500
2023-07-10,232.78477478027344,233.70356153393047,231.1622371052791,231.6607211268926,4858900
2023-07-11,235.12088012695312,235.26748871771457,232.74571655579027,233.42014590210076,3856500
2023-07-12,236.743408203125,238.44412744224678,235.7855157356436,236.09830060202202,6116000
2023-07-13,237.81857299804688,238.756912684255,237.66218056461162,238.28773538394927,5819600
2023-07-14,237.67196655273438,239.21630828940215,236.49905312021806,239.2065244407223,4941200
2023-07-17,238.48321533203125,239.83205895370645,237.51555400209716,237.62307192764538,4328100
2023-07-18,235.33587646484375,237.69147194227577,232.31560577295042,237.61329064994067,7674000
2023-07-19,235.97120666503906,237.1147982556939,234.70054437062197,235.80504531402786,4835500
2023-07-20,234.2117919921875,236.15688322883622,233.67421737742282,235.71704267384717,4695000
2023-07-21,233.85020446777344,234.9253837874095,233.3419365244543,234.3291506945937,5427400
2023-07-24,235.30657958984375,235.83438539802714,232.81412930172647,234.27049092701938,6010000
2023-07-25,233.30284118652344,235.36521972045955,233.1757704746459,234.602825278,4997500
2023-07-26,231.7487335205078,233.45923657078538,222.54132683376776,226.19692157897458,7551400
2023-07-27,229.14874267578125,233.2734993885614,227.7021501292901,232.0614805491544,8160100
2023-07-28,230.4291534423828,230.55622413205347,228.4352025369672,229.28556197854735,6794800
2023-07-31,232.36448669433594,233.038915945994,230.67353655578577,230.67353655578577,4799600
2023-08-01,234.36822509765625,235.29678085602308,231.65097018484275,231.7878098238189,4627300
2023-08-02,232.1983184814453,233.40055346464567,231.445693043129,233.2441759658694,4868200
2023-08-03,233.37124633789062,233.65470946879265,229.94047145287948,230.6735441567675,5033800
2023-08-04,233.59605407714844,236.450148535076,232.47200037343757,232.62839278838194,5169700
2023-08-07,236.0591583251953,236.71403475862664,233.81108083393002,233.82084976658385,5649800
2023-08-08,233.88929748535156,235.91258543066954,232.0321858210798,234.99379853266447,5080600
2023-08-09,234.34866333007812,236.50879067079887,234.08476791000209,235.07196705944557,4055000
2023-08-10,235.18106079101562,238.89248079364685,235.11250484280674,235.63151580729837,4778000
2023-08-11,235.0635223388672,235.72943245713626,233.47711270268655,235.02435818717902,3607100
2023-08-14,237.86424255371094,238.2853356546529,235.2789750735125,235.7294450253984,4351100
2023-08-15,234.85789489746094,237.63901300754355,234.38785034394837,236.99269240743442,3770100
2023-08-16,234.3291015625,236.07221285848536,231.12690502611278,231.6263264726493,3218600
2023-08-17,232.44888305664062,235.396489840993,231.58713721928365,235.02436315108753,4177600
2023-08-18,233.23231506347656,234.0940758967614,230.42181999462372,230.69601390658752,4344800
2023-08-21,234.49557495117188,235.543384178355,232.83080702026578,234.41723170033947,3573600
2023-08-22,235.58255004882812,236.42470632748962,233.72193156652418,235.02436002140303,3848400
2023-08-23,237.27670288085938,237.51171770058244,235.72945723374193,236.31702416794525,4947700
2023-08-24,234.50537109375,238.51057468543144,234.39765098760085,237.22773565739467,4570700
2023-08-25,237.54112243652344,238.36370423526336,235.23004861450514,236.37579075041756,3541500
2023-08-28,238.77499389648438,240.14596355394184,237.57049805868616,237.97198670965318,3741500
2023-08-29,240.253662109375,240.73350891765585,238.35387936703296,238.45181216625673,3975600
2023-08-30,241.12522888183594,243.08376547823542,240.94896776053523,241.31129224928563,4573300
2023-08-31,240.58660888671875,242.87810787558314,240.36138138021977,240.49847833319052,5532600
2023-09-01,242.96621704101562,243.71045544270694,241.65400132917335,242.33948603368455,4112900
2023-09-05,240.253662109375,243.534216631557,240.11656515593006,243.20126902211177,4459600
2023-09-06,241.05665588378906,241.54628996791647,239.1470859441815,240.3319920599998,4520300
2023-09-07,242.01637268066406,242.27097706529113,240.02845918092734,240.41037322909233,4007900
2023-09-08,242.16323852539062,242.9956225133489,241.33086947987996,242.65287264949606,3309100
2023-09-11,242.0946807861328,243.21104591423966,241.16437900311823,242.20240088368902,2995800
2023-09-12,242.17303466796875,242.62348968302302,240.9097702918419,241.8204975097993,3499600
2023-09-13,242.69204711914062,244.8758110871219,241.4973386837102,242.02613695298314,5657000
2023-09-14,236.49330139160156,240.44953886504857,233.8003134875564,239.92074054220447,12000000
2023-09-15,236.0721893310547,239.0393707462733,235.0537420474301,236.88496877800847,13077900
2023-09-18,239.5877685546875,240.14594367528784,235.7784157405998,235.94488954647875,4771600
2023-09-19,238.51055908203125,240.03821507479046,236.45410483887343,239.92070767302337,4709000
2023-09-20,236.8458251953125,239.46046969212048,236.65976183258024,238.57913422306538,5756600
2023-09-21,231.70465087890625,235.7881975058821,231.37170327496796,235.7784102031005,6881500
2023-09-22,230.2063751220703,232.86018363247553,230.01052446641395,231.84175125759413,5935500
2023-09-25,228.5220184326172,230.58827484807165,227.39586602551034,230.50014429985205,5921600
2023-09-26,224.8889617919922,227.8463562770417,224.84001033036887,227.1216923471439,6193200
2023-09-27,224.74208068847656,225.8976101401203,223.1948349411875,225.48631923652937,6006700
2023-09-28,226.8572998046875,227.71904575481395,224.90855049259582,225.88781880054066,4203900
2023-09-29,225.24147033691406,228.1988644458585,224.88893319185811,228.01280109951693,6045200
2023-10-02,226.47535705566406,226.57327490857796,224.02718659611702,224.4874438379076,5175200
2023-10-03,224.0663604736328,226.94541144980704,223.05771539591834,225.6919493155124,5585700
2023-10-04,226.4263916015625,226.89643614786928,224.13490762806444,224.72245957533622,5430900
2023-10-05,228.6395263671875,229.33481333714937,225.44711753712906,225.63318087877153,6126200
2023-10-06,230.16717529296875,231.68504388686486,227.9246578441727,228.33594866673786,6401300
2023-10-09,229.5796356201172,230.29449721108884,226.89643541466188,227.97363639484928,5372200
2023-10-10,231.6948699951172,233.28127975161254,229.4229605212966,230.03010204441017,4644000
2023-10-11,230.7939453125,233.56527638908074,230.02032993171628,232.625187190722,4760900
2023-10-12,231.87110900878906,232.80141075336,230.0202928217673,231.80256800905656,4472800
2023-10-13,232.74269104003906,233.70236977354523,231.3325423216515,231.48922883312747,4966800
2023-10-16,235.09292602539062,235.71965708123517,233.38899396304123,234.0451018697498,6227300
2023-10-17,236.19947814941406,236.4736720399164,233.3498042062149,234.66203490212916,4527600
2023-10-18,232.54681396484375,235.83715561996084,232.0767694262403,234.9851970920334,9528300
2023-10-19,228.96267700195312,232.987469577343,228.5709757304942,232.5468019113403,5927400
2023-10-20,228.54164123535156,230.8820918807957,227.81697731216835,229.276092462279,5748300
2023-10-23,226.72994995117188,229.59921335489574,226.48513291758383,226.5634761614255,5071700
2023-10-24,229.78524780273438,231.62627656516426,228.06174137015736,228.06174137015736,6844100
2023-10-25,231.93968200683594,233.53587903165342,226.4949381960459,227.43504225431417,10365300
2023-10-26,226.48513793945312,230.72537084831066,225.58421302896633,229.70693854067878,6414500
2023-10-27,224.516845703125,226.59288970254556,223.30254764061485,226.37744948270588,5540900
2023-10-30,228.24781799316406,228.54160142124488,225.2610472021598,227.37626995340668,5170300
2023-10-31,230.22598266601562,230.8331242287418,228.15972596107028,228.7277033665828,4828400
2023-11-01,233.63380432128906,234.08425931659622,230.79391763207323,231.24438756982698,4996200
2023-11-02,238.20701599121094,238.20701599121094,234.24097635415225,234.93626342771455,6286700
2023-11-03,238.54974365234375,240.23408618107953,237.23751288522598,240.03822058371017,5029800
2023-11-06,238.44200134277344,239.70525065044527,237.5802406104418,238.94142270767705,5254100
2023-11-07,239.69549560546875,239.98927907124911,238.3343133250525,238.36369017738576,4219700
2023-11-08,239.36180114746094,240.18613402998307,238.27249877617896,238.94963470619987,5117500
2023-11-09,237.13414001464844,239.92117896073154,236.47663529686352,239.7739819993836,4866600
2023-11-10,240.67681884765625,240.69645010008952,237.45798226447434,239.43049636766102,4094400
2023-11-13,240.10763549804688,241.09879663229816,239.5580802167092,240.4314837833191,4088500
2023-11-14,242.3353271484375,243.3068570947772,241.0006863872274,241.5796810990827,14092000
2023-11-15,243.48348999023438,243.61107067019523,240.7651380258335,242.20772811340038,13258900
2023-11-16,243.9349365234375,244.79851703095002,242.65917455470893,243.95455280310736,7051600
2023-11-17,244.90646362304688,245.57379148055787,244.0232518718584,244.7985141890786,7238200
2023-11-20,245.308837890625,246.25092848981743,241.02032959542967,244.95555017236282,8604200
2023-11-21,247.52667236328125,248.61597483346932,245.36769867644028,245.36769867644028,7213700
2023-11-22,248.9888916015625,249.79359329835862,247.94865978718127,248.28231622306603,5701400
2023-11-24,249.55807495117188,249.95061016784877,248.7729895435594,249.4501255204469,1640900
2023-11-27,249.40106201171875,250.22539497488478,247.8112748721473,249.55808209258632,5478900
2023-11-28,248.22344970703125,249.4108785446865,246.91824831763242,249.1164846009767,5234900
2023-11-29,249.4893798828125,251.29508086203438,248.79262760799682,249.18516283542039,4955100
2023-11-30,251.89370727539062,251.98202546083297,248.44916327479942,249.50902642288747,6874700
2023-12-01,251.66798400878906,252.11939799455766,249.16551593761292,251.0202724731153,3939400
2023-12-04,249.69544982910156,252.59045304387962,249.60713165642056,251.13803987992236,5247500
2023-12-05,249.86227416992188,250.0683648772469,247.43833119545934,249.45010772952946,4199100
2023-12-06,249.54827880859375,252.04090914983806,248.80245582659583,251.03013160636343,3874000
2023-12-07,251.0497589111328,251.36379909288098,248.7730125162388,250.13709273540476,3589300
2023-12-08,250.97120666503906,251.2656155423583,249.13606648182855,250.24500009755266,3732300
2023-12-11,251.73667907714844,252.82599655955917,250.2450331901875,250.2450331901875,6479300
2023-12-12,254.719970703125,254.876990769808,251.61889177029536,252.50210344043623,5946600
2023-12-13,257.4873962402344,257.58553752662493,253.86620139658703,254.31761537576477,4859900
2023-12-14,253.90550231933594,258.3412076193094,251.61893278936876,258.2823288282692,8168700
2023-12-15,253.21852111816406,253.55217755452244,249.70527547405828,249.76415425997342,13374000
2023-12-18,253.55221557617188,254.74946765017765,253.14006401296135,253.8760788957881,6041100
2023-12-19,255.14195251464844,255.48543204846632,252.40399925449506,253.78768060609104,8731200
2023-12-20,252.31568908691406,255.95653076514904,252.28624969093062,255.64249057564527,7240900
2023-12-21,254.7003936767578,255.14198460562304,252.24701091021728,252.7082480682677,6246700
2023-12-22,253.61106872558594,256.3392290841161,253.4049929648192,255.15180024548212,5111500
2023-12-26,254.32745361328125,254.8966251905688,253.70919641562145,253.70919641562145,2085100
2023-12-27,254.10174560546875,254.92607859816098,253.49331148813775,254.41578577845223,4034700
2023-12-28,255.54437255859375,256.1037510817714,253.71906994425436,253.71906994425436,3020500
2023-12-29,255.49526977539062,256.5845572737417,254.82795689630066,255.71116864198066,4074900
2024-01-02,254.0428924560547,255.24014453143343,252.86528661129475,254.7690842244161,5471000
2024-01-03,253.16949462890625,254.03306023804402,252.07035395191767,253.72884315957614,4148300
2024-01-04,254.76902770996094,256.1723852044021,253.18906381878242,253.25776571366382,3843000
2024-01-05,254.8476104736328,256.58459482596896,253.9251360857872,255.917281849215,3748400
2024-01-08,257.6444396972656,257.7229347643942,255.10273887615202,256.07426881802627,4659000
2024-01-09,258.419677734375,258.70427849593074,256.27054217192097,257.1144913943392,7055800
2024-01-10,259.6267395019531,260.4216330122453,257.9584274725531,260.0290978137147,4355800
2024-01-11,259.1066589355469,261.2263852346995,257.50704858374286,260.509986687079,5599000
2024-01-12,259.2440490722656,260.5982911280437,258.7926051051545,260.18613961713856,4656100
2024-01-16,260.29400634765625,260.70618769982786,257.4579123369536,258.6060783385198,6196400
2024-01-17,261.6582336425781,262.11947088882533,259.4600118469449,259.48945124783194,5118700
2024-01-18,263.1400451660156,263.7680956019816,261.45211656835806,262.88488376625264,6694300
2024-01-19,265.8485412597656,266.09387952780685,262.070325942227,263.17925970553637,7226500
2024-01-22,266.14300537109375,267.27155558493047,265.31864231119755,267.16359115744643,5984300
2024-01-23,266.2018127441406,266.80042367272387,264.87698026226457,266.4863835387873,5883000
2024-01-24,266.5845031738281,267.7719317699778,266.0251248460296,267.4873609984422,5021700
2024-01-25,267.526611328125,267.6934545057269,265.7503648977593,266.8789447406509,6894900
2024-01-26,262.9437255859375,265.8190826923401,260.6473631565277,260.9810195831753,8586500
2024-01-29,268.55712890625,269.9408405563855,261.73671196841985,261.99187339211863,6574500
2024-01-30,271.9819641113281,273.4442003718644,269.0771677648213,269.4697029551305,6549000
2024-01-31,268.1645202636719,274.769006537877,268.0859952554599,271.9525283257164,6139300
2024-02-01,271.88385009765625,272.0212538997301,268.26265495294115,268.29212429497267,7065000
2024-02-02,272.01141357421875,273.3068067038703,270.5393840946647,272.43338817071367,4848700
2024-02-05,270.4412536621094,272.8161411618009,269.99966276962715,272.2273233566402,4899100
2024-02-06,271.5993347167969,271.71709231488694,268.92022956614966,269.675860786244,4400000
2024-02-07,274.18017578125,274.3273727129512,271.8936069642844,274.1703526696329,4785900
2024-02-08,271.1421813964844,274.95693588343585,270.65058994207027,274.83895873507424,5833400
2024-02-09,271.78125,272.51863719712327,269.48060554549886,270.37530561186514,4618300
2024-02-12,270.44415283203125,272.01725162022933,269.62809414616254,271.7812672991632,3676200
2024-02-13,271.1716613769531,273.32483423403767,268.1729656649782,269.1463070919705,5493800
2024-02-14,272.8922424316406,272.9709138658256,270.0901651749277,271.82057667466694,4218400
2024-02-15,276.2547607421875,276.39239075523545,272.8922617946741,272.98074466113985,4834800
2024-02-16,273.8753967285156,276.39234228110314,273.1969982002272,276.23502943352173,6630700
2024-02-20,270.52276611328125,272.18434759730417,268.74320748318627,269.95253323914613,6157200
2024-02-21,272.10577392578125,272.31223398281844,268.93008159953837,270.01158904844215,4770100
2024-02-22,278.9781799316406,279.2829642653137,274.2884077613213,274.4850263612977,5100200
2024-02-23,278.8306884765625,281.14117439216653,278.73236418144614,279.9318485713962,5107700
2024-02-26,279.37139892578125,280.5512303394974,277.9064660906437,278.2800803717991,3856900
2024-02-27,278.4078674316406,279.3910501636734,276.80527477773023,279.3910501636734,4145200
2024-02-28,280.8265686035156,281.31816010966486,277.33625090723734,277.3559337702765,4358800
2024-02-29,277.8868408203125,280.85604250028405,277.4345550643541,280.69872962921534,6633700
2024-03-01,278.39813232421875,280.11870276236846,277.36577205870856,278.43746804974217,3955700
2024-03-04,275.8122863769531,278.24074924010654,273.45265351501143,278.0539420964517,5920300
2024-03-05,274.6816711425781,276.26458136934167,273.0102480420381,275.55668840967775,6227900
2024-03-06,275.7139892578125,277.257593700383,274.61282914736006,275.2912277876143,4535200
2024-03-07,273.58050537109375,276.44157144085415,271.51581511407085,276.1564399756878,5668500
2024-03-08,275.3305969238281,276.9331901379386,274.1409237990719,274.3080781238643,3928800
2024-03-11,275.841796875,276.04825688641006,273.31500957651366,274.7504782388998,4614000
2024-03-12,279.14532470703125,279.69590477513407,275.57636569118955,276.5792015285847,7988700
2024-03-13,280.3448181152344,281.28866540442624,279.0470093398678,279.8728794684563,5783800
2024-03-14,281.59344482421875,284.1792208983303,279.76470885368,284.1005494563911,5484500
2024-03-15,278.28009033203125,280.8265303868246,277.8868231815031,278.78149319710155,9845000
2024-03-18,280.2562561035156,281.4164346562206,278.48653899601715,279.09610755516974,4095600
2024-03-19,282.51763916015625,283.2156906842627,280.45294887310115,281.8392404943472,6595200
2024-03-20,284.4151916503906,284.9952660496657,281.89824544144284,282.8027870498298,6105000
2024-03-21,285.4868469238281,286.06692130146143,283.0583836795044,285.0935797191708,5057600
2024-03-22,278.4963684082031,285.60476082079657,278.1325955743649,285.12301085213056,8744100
2024-03-25,276.4809265136719,278.7324243390092,275.33061902519546,278.250674194636,8519200
2024-03-26,275.8811950683594,279.35183035217693,273.72802159153883,279.35183035217693,8752400
2024-03-27,274.32769775390625,276.52020654873434,272.32202612554727,275.5370235921166,5190700
2024-03-28,274.3866882324219,275.0945811662667,272.45965802531856,273.8066138845211,5844400
2024-04-01,273.6001281738281,276.1662510697067,272.13519529726136,275.6451353438298,5084000
2024-04-02,273.7574157714844,274.6324328437636,272.3219773133385,273.3248129477652,6912300
2024-04-03,272.3023376464844,275.76316078517993,271.90907047282224,275.76316078517993,4536600
2024-04-04,269.3921203613281,274.3866763982249,268.9595174757274,273.67878349491116,4018600
2024-04-05,272.4793395996094,273.28552682249693,270.4048079543056,271.456820921252,4392100
2024-04-08,273.0888977050781,273.3051991478462,270.52277467931276,271.6042818931533,5542400
2024-04-09,272.06640625,273.3248793142941,268.723589985878,272.9611063979195,7313900
2024-04-10,269.8640441894531,272.16468849816795,269.5100827549955,270.7882384849659,5276000
2024-04-11,271.0438537597656,271.83041807973797,267.602713621334,269.39211369436504,8102300
2024-04-12,271.3191833496094,272.3417021125539,269.4511415742591,270.9160747026374,9038400
2024-04-15,266.7179260253906,273.2364351666437,265.7937314560938,273.2167823050474,10267500
2024-04-16,266.7866516113281,269.51989852170135,265.6265031395515,265.9902759650783,8237100
2024-04-17,268.1041259765625,269.39209307228936,266.9341360187101,268.7038530955437,5940900
2024-04-18,266.8063659667969,268.55643050699945,265.32175003508047,267.98619756879674,8231800
2024-04-19,265.24310302734375,267.4257704421565,263.7781699891856,266.90468466316065,7905400
2024-04-22,267.75018310546875,269.1561574408196,264.8301287233719,266.3934159215718,6463700
2024-04-23,269.5002136230469,270.2671249848144,268.12376375132993,269.40191934991896,6438000
2024-04-24,270.3949890136719,278.2408004789247,269.87390320234886,277.81803897253087,8807200
2024-04-25,270.5326232910156,271.5747948144634,265.9411457267085,268.37945023678463,8064600
2024-04-26,269.90338134765625,272.11554305658734,269.22498268990165,270.3851614116795,6840600
2024-04-29,267.2684020996094,269.85417759995096,266.53101501796175,267.7403406334325,4128600
2024-04-30,264.0927429199219,267.50438876440364,264.0632486332579,265.9804672794977,6376400
2024-05-01,262.824462890625,266.3540859395315,262.22470571282724,263.64049150459095,6119900
2024-05-02,263.109619140625,264.9383553377523,262.16577175095443,264.82037816458944,5061700
2024-05-03,263.9747619628906,264.91863913123444,262.01823763224775,264.4761948333008,3862000
2024-05-06,268.08447265625,268.1926083643276,265.0365999142318,265.115241337892,3958700
2024-05-07,271.8107604980469,273.2068935431158,268.24180145042567,269.11684871195865,6377100
2024-05-08,272.52850341796875,273.8656179216206,270.2966887665655,273.12823065742197,9029700
2024-05-09,273.8558044433594,274.10160019625135,271.75177839650905,272.14504560026336,8948800
2024-05-10,276.0187683105469,276.3038997636827,274.5439939040928,274.848778214411,8986400
2024-05-13,274.69146728515625,277.4050315128419,274.40633586115,276.72663295483073,10528400
2024-05-14,273.06927490234375,275.281436960864,269.6576282163622,274.7406982371952,18526100
2024-05-15,276.7660217285156,276.99216462599304,272.41052812580716,272.4891695659409,21288400
2024-05-16,275.6430969238281,278.14501169904804,275.0718086982505,277.5145956681712,10341500
2024-05-17,275.8991394042969,276.6969888311655,273.92913488168125,275.8498712553014,6177800
2024-05-20,274.3626403808594,276.0666756887244,274.0080238036846,275.0324349534294,5460900
2024-05-21,271.8114318847656,274.2542186665667,270.7574720729977,273.83067483712716,6578200
2024-05-22,271.44696044921875,273.90946656065256,270.9938677414839,271.3977223509457,4202500
2024-05-23,270.11724853515625,273.2790981684201,268.9352335018416,271.1120806273069,6115900
2024-05-24,270.37335205078125,271.1121039953055,269.25046472624905,270.8855726373166,4339700
2024-05-28,266.9159851074219,270.3437745284573,266.17723324117935,270.11724319447274,6212100
2024-05-29,264.8277587890625,267.073593355613,264.23678133459225,264.9656735683661,5469700
2024-05-30,267.2312316894531,267.5661590742039,264.2860831121476,264.67024861000385,4901900
2024-05-31,268.37384033203125,268.6693591924019,264.9755988870065,267.36914835052715,8910000
2024-06-03,266.324951171875,269.03370774594225,264.03973841137986,268.994299233551,4838800
2024-06-04,268.3343811035156,268.8958096554375,265.2710078477569,265.5862158466567,4188500
2024-06-05,270.3831787109375,270.80672255975406,267.9403617574896,269.4277251101827,5368700
2024-06-06,272.8851318359375,272.9934676944252,269.9695024635301,270.6787055460219,4862400
2024-06-07,274.49066162109375,276.125739328634,272.70777942982414,273.5450375720479,4515600
2024-06-10,270.91510009765625,274.38229812832316,269.27999231583914,273.9686139056305,5213800
2024-06-11,270.5506896972656,270.7378125446905,268.1374211933362,270.42263454384715,6244600
2024-06-12,266.2658996582031,273.4367171040431,265.8521853559906,272.61914814439945,7536600
2024-06-13,267.1228332519531,267.78276810051005,265.2808833667306,266.2658858773216,7361200
2024-06-14,266.60076904296875,267.477405599951,265.2316011968135,266.0491700709623,8537300
2024-06-17,267.1031799316406,267.75325522332014,264.96571096995297,264.96571096995297,9258200
2024-06-18,269.516357421875,269.7921568971522,267.23114459249933,267.23114459249933,6707500
2024-06-20,272.6684265136719,273.8701308861606,269.00421564509094,269.092862271763,10164400
2024-06-21,271.0924072265625,273.3776203924522,270.46199115601667,273.0131742528709,14594700
2024-06-24,272.15618896484375,276.184875794111,271.1416375540709,271.1909057168588,24149600
2024-06-25,269.4277038574219,273.761708382728,269.4277038574219,272.69791902265433,18325800
2024-06-26,269.49676513671875,270.3438530941049,267.6745039917683,268.8171108174675,12172000
2024-06-27,262.5917663574219,266.53177565956537,262.5031197553099,264.48298404880035,10529100
2024-06-28,258.5335693359375,264.57163858205917,257.33186526036445,263.1926412969474,13957300
2024-07-01,259.2920227050781,261.78407757995177,257.3811156402467,259.83379206215625,7955800
2024-07-02,264.2072448730469,264.2072448730469,258.46466317159474,259.29206170661115,8697800
2024-07-03,264.9558410644531,265.70445266331933,264.1284424835507,265.03465810638323,5017800
2024-07-05,266.3052978515625,266.49245075692096,264.2170970758732,264.96570869730704,7986400
2024-07-08,262.4046630859375,267.3690841613162,261.981119220311,266.19692876768664,8561100
2024-07-09,261.4590759277344,263.5374168528644,259.9618828924733,262.9956774812605,6431300
2024-07-10,259.0556640625,259.52847609603816,254.6330123446287,255.23384945610178,9635500
2024-07-11,258.6124267578125,259.67624642465876,256.8492937049953,258.1987424895125,8803600
2024-07-12,261.75457763671875,263.3896855369923,259.7057854837829,260.37558002802217,6627800
2024-07-15,264.4239196777344,265.20204996997074,261.2718998143595,261.6856140696345,6845200
2024-07-16,265.2119445800781,266.15753863980524,263.36013492068815,264.4928818753468,7869900
2024-07-17,268.61016845703125,268.81701054576666,264.21703607796945,264.414048583357,5324700
2024-07-18,265.1134033203125,269.5163654727929,264.532255482186,268.20632544106525,5550800
2024-07-19,261.478759765625,266.8864440250859,260.34601288296847,266.2658876297468,6839900
2024-07-22,263.695068359375,264.3747226373712,261.045408651801,263.22228629461057,5313600
2024-07-23,260.81884765625,263.68520883806957,259.90277238997186,263.517745169212,8109200
2024-07-24,250.35809326171875,253.3426647791927,249.33369723544922,252.22960710175067,13065900
2024-07-25,249.93453979492188,254.34734678713997,248.91012877801253,251.55978790816573,8573300
2024-07-26,255.56875610351562,257.2826810006725,251.7568010013837,251.7568010013837,7062200
2024-07-29,257.6766662597656,258.7700046325278,254.70193939930846,256.41586423159106,6068100
2024-07-30,259.1541748046875,260.3361598191181,257.09552309915404,259.2822299447265,5941800
2024-07-31,261.68560791015625,262.36523192943616,260.2868912379853,260.5725503584779,7642500
2024-08-01,261.9417419433594,262.9957019708758,260.2179873424267,262.33573698302223,7269700
2024-08-02,262.58197021484375,263.94127856238464,258.9374787649499,259.8732131645651,7017900
2024-08-05,252.5940399169922,258.9768668478924,250.69297730342294,257.52891199106324,9631300
2024-08-06,254.3867645263672,256.5833009429697,251.93410280133386,252.65315044411548,21586800
2024-08-07,252.67282104492188,258.10019423645645,252.4659789444137,255.76574320819546,12908600
2024-08-08,255.9331512451172,256.5438779616588,254.05182318086207,254.25866526072244,8223700
2024-08-09,256.37738037109375,258.1144409353002,255.63714697084168,255.795067043983,7228100
2024-08-12,256.5056457519531,258.1933691645224,255.86408615871832,257.10768768385816,26769400
2024-08-13,256.7425231933594,258.2723266355458,255.89370667821356,256.7425231933594,12005700
2024-08-14,257.7393798828125,258.09467740932723,255.3706092253671,257.4728766177563,8552300
2024-08-15,263.3256530761719,263.9079964575717,259.4172295986803,259.4172295986803,7397800
2024-08-16,263.8981018066406,264.9442957572884,261.9340258253589,263.37500483131674,5111100
2024-08-19,262.99993896484375,264.81597424965605,261.77609630164085,263.9375797924059,6555900
2024-08-20,264.5495300292969,264.5495300292969,262.31895062958944,263.5230647143645,6803600
2024-08-21,264.7074890136719,265.7635324920371,263.90803931164487,265.0627866056058,6639700
2024-08-22,264.4508361816406,265.99051915190427,263.09868140443734,265.4378139892544,4425200
2024-08-23,263.95733642578125,265.7042762301738,261.8550689627667,265.20093805070167,3697400
2024-08-26,264.7172546386719,266.8491298769545,264.18430841922583,264.2336452513414,4612200
2024-08-27,267.1946105957031,267.4216263154415,264.40147689018454,265.02324755524467,6594100
2024-08-28,265.6845703125,268.43824695243063,264.1843748211573,267.62891788518345,5455100
2024-08-29,270.74774169921875,272.395977662798,266.9281426528862,267.4512396518899,5565100
2024-08-30,272.77105712890625,273.3829785621946,270.6885483723816,271.4189023256389,6296100
2024-09-03,274.912841796875,278.4166014097489,272.77108643012446,272.77108643012446,7278300
2024-09-04,276.83734130859375,277.98223895523796,275.0706730660779,275.0805223605046,6107500
2024-09-05,274.9917297363281,277.83423041199063,273.79749511918175,277.34074154802613,6447400
2024-09-06,275.7319641113281,276.63011746167865,273.81722490203924,274.15279371642794,7187700
2024-09-09,281.89068603515625,283.23299136771965,277.9822627824073,278.4165353793982,10933900
2024-09-10,281.62420654296875,282.6704004702405,279.8772668991663,282.2065197575696,5314400
2024-09-11,280.2621765136719,281.45644120549787,274.67587917195965,281.30837045581274,6281800
2024-09-12,281.65380859375,282.2756093356393,277.8046017632066,280.3016540255998,4160800
2024-09-13,283.6080627441406,284.979946155398,281.83148472042456,282.7592462158809,4987600
2024-09-16,286.6972961425781,287.11180991362573,283.99295673453366,284.29891741512523,4458900
2024-09-17,287.7632141113281,289.2535600680241,286.3024762806514,287.1118052187359,5135700
2024-09-18,284.72332763671875,288.2172068842273,284.37787942994214,288.03955813337126,5890000
2024-09-19,281.5255126953125,287.68427409472054,279.18638033906973,287.2993383296834,10382100
2024-09-20,281.0616149902344,283.2625859964637,279.56141980313015,281.7821195191303,27810900
2024-09-23,284.8713684082031,285.11811282457444,280.91357833115393,281.1899308726831,6505600
2024-09-24,269.2277526855469,277.3407098877826,269.1586570236388,276.5313810144303,13690200
2024-09-25,266.1188049316406,270.67863713544267,264.73704216081717,270.6194208824195,11671300
2024-09-26,268.15191650390625,269.68171956440665,266.4839221372122,266.9774108819107,9552500
2024-09-27,271.5867004394531,274.3601057087079,269.22780898799937,269.60286537945836,6509600
2024-09-30,271.36956787109375,272.0999218307799,269.64235665927237,271.4189047147908,5969900
2024-10-01,273.98504638671875,275.4260255572834,270.78721779702204,273.36324554649514,5781600
2024-10-02,273.392822265625,274.02450244984044,271.7840437991309,272.96842908445035,4741600
2024-10-03,273.2546081542969,274.07381644240905,272.24790182980337,273.0671101179156,3036700
2024-10-04,274.31072998046875,274.81409829188726,271.5175960872919,273.7382961150721,4259300
2024-10-07,270.2246398925781,274.0047513282885,269.6817840714627,273.98502261704004,4339300
2024-10-08,271.37939453125,272.504563627352,270.44178373800236,271.132650093,4370900
2024-10-09,273.32373046875,273.8764355776814,270.84643689412985,271.418870714034,4115800
2024-10-10,273.8567199707031,274.0541275705543,271.76433194103254,273.17570290743873,4063900
2024-10-11,274.2218933105469,275.16938351297733,271.78405707333053,272.4453454159684,4746300
2024-10-14,277.02490234375,277.70591938784094,274.36992983740606,275.4457319499136,3996600
2024-10-15,275.6529846191406,278.9593656305397,275.19895323286323,277.3407078954629,5807000
2024-10-16,283.77581787109375,283.8547929545026,274.7252492163008,274.9917223524253,9442700
2024-10-17,286.6084899902344,287.14143630118883,283.8646628656324,284.81218321433846,8815800
2024-10-18,286.83544921875,287.2499930982016,284.3285174719913,286.14458291322194,5350900
2024-10-21,283.1145324707031,286.65777846389534,282.6012848383766,285.82872088879043,6313100
2024-10-22,281.0813903808594,282.7987219572939,279.83778882817546,281.3379841036678,5736500
2024-10-23,280.0648498535156,282.3348869050182,279.83783410029565,282.3151581908934,5249300
2024-10-24,279.53179931640625,279.92658433553606,278.0612123190771,278.7126211547161,4679900
2024-10-25,278.0612487792969,281.37747951902077,277.12360788077183,280.301677399759,4464600
2024-10-28,280.4892578125,280.933409925074,277.86389292790165,278.36726130612874,4306200
2024-10-29,278.2092590332031,281.9795208068757,277.68616209435504,280.5681199053105,7534800
2024-10-30,286.3814697265625,291.92827990440657,284.57528356306744,288.533074009041,9606800
2024-10-31,286.07550048828125,292.48097630462405,285.84848476757736,288.2863209605735,7950200
2024-11-01,286.95391845703125,288.8588085191138,283.4501592842879,284.7332183875023,5470700
2024-11-04,288.0494384765625,289.3324973971034,286.9736364326881,287.75332710401364,4281600
2024-11-05,289.4706726074219,290.9412596126282,287.78291920233966,287.91123111128155,3753700
2024-11-06,303.39697265625,304.9761431756926,298.8766275410201,302.33104987472535,10320500
2024-11-07,301.8177795410156,303.62396566471386,300.4557755666383,303.4956537398405,6237300
2024-11-08,303.8608703613281,307.09815655247473,301.7092658452983,302.89365133091195,6240600
2024-11-11,306.8711242675781,308.3713195504664,305.2721950690292,306.0519158971885,4674100
2024-11-12,306.3964538574219,307.08863363211555,304.67582717504365,305.5954844377105,4616400
2024-11-13,306.03057861328125,307.4841953515651,304.40884339944296,306.04044663365573,4046400
2024-11-14,304.8143005371094,307.82042568957394,304.3989685040484,305.85258535360987,4415800
2024-11-15,306.1888122558594,307.25676145547993,303.242016036872,304.1319787327947,5106300
2024-11-18,308.68072509765625,308.92793864317485,305.25929807736037,306.03060313228104,4585600
2024-11-19,308.3741760253906,308.74994543481637,305.07140675020594,306.5447897927535,4885500
2024-11-20,303.9638977050781,308.8092771010547,302.8069250484739,308.3840468732394,6349900
2024-11-21,306.44586181640625,307.45451225357886,303.2320861774303,303.8748352697394,5757100
2024-11-22,306.4656982421875,308.117067809945,304.46819350133364,304.5374205359529,5919200
2024-11-25,309.6992492675781,310.16401194860856,306.40634788268875,308.38405628240383,14189300
2024-11-26,308.3445129394531,310.9946348587816,308.0676349803805,310.69799068028743,7071500
2024-11-27,311.19244384765625,312.84381354208597,306.04049148896274,307.30622371902496,5204300
2024-11-29,311.5681457519531,312.72511836119395,310.20355240269356,310.78697271763275,3853300
2024-12-02,313.12066650390625,313.88210352741316,310.2134328335428,313.36788004609747,5597500
2024-12-03,309.5212707519531,313.7832300492697,309.2839252171985,313.56568091258237,5009900
2024-12-04,306.44586181640625,309.36299331352586,305.35811633388215,308.93779331772157,5981800
2024-12-05,305.635009765625,307.62261614919834,305.38779624239174,306.52500259121024,5200100
2024-12-06,307.5435485839844,309.0762604940309,305.3581591155506,305.4273861508262,4302700
2024-12-09,304.8637390136719,309.5212640421347,304.2111217951934,308.3543931465965,5785300
2024-12-10,308.89825439453125,309.4915729011737,303.2222414105848,303.9341874056364,4539500
2024-12-11,310.29254150390625,312.0329042273816,307.74128098530844,309.5509009169192,4321800
2024-12-12,310.7276306152344,312.0328950751982,309.9365292391922,311.31105090526006,3218500
2024-12-13,311.23193359375,313.4173229092999,310.83639798438617,312.30978095467543,4682200
2024-12-16,312.369140625,314.02051009637916,310.59908331087144,311.23193425170496,6562500
2024-12-17,314.75225830078125,315.28624798200747,311.62750579825223,312.29991936576187,8843900
2024-12-18,306.32720947265625,318.0352379207308,306.10966037237824,314.9500180821922,10479200
2024-12-19,311.37042236328125,313.33823260898663,307.7611104871756,308.35439887863936,8317100
2024-12-20,314.1688537597656,316.43333828656057,308.79938279329986,310.0750131379493,24387000
2024-12-23,313.684326171875,314.4259668115685,309.85746529944595,312.1318178568655,7984600
2024-12-24,317.0760803222656,317.9561750097056,313.74364663194115,314.6237413193811,2684100
2024-12-26,317.3332214355469,317.867211180981,315.8993707000535,316.2059131037901,2856000
2024-12-27,315.1082763671875,317.91661861484135,314.0205307345736,315.7114629313347,3489200
2024-12-30,311.79559326171875,313.575518624435,309.7387899497481,311.1726103315381,3478500
2024-12-31,312.5174865722656,314.1194255312402,311.6769544755073,312.5965816293727,3963800
2025-01-02,310.8957214355469,316.11686985010056,308.92791144325594,314.2380531050686,5369500
2025-01-03,311.4000549316406,312.3988072508416,308.53238401561725,310.67818055928126,4271300
2025-01-06,309.5509338378906,311.87474729307587,308.59174403627947,311.49897786064986,6567300
2025-01-07,308.19622802734375,311.67698424376715,307.8501229923944,309.4026314611365,4958600
2025-01-08,309.1158142089844,310.53976660324895,306.7524382985613,307.5336415289756,5161600
2025-01-10,304.2803039550781,308.37417464692055,302.5794735993142,307.7314254808764,6660100
2025-01-13,303.4991149902344,303.4991149902344,300.45342744942343,301.6005018317805,9568400
2025-01-14,305.64495849609375,306.70303979304987,304.0924500709268,305.3087516702028,5107600
2025-01-15,312.7547912597656,313.6546521630384,309.63990670378087,310.1837644186198,5222000
2025-01-16,313.7139892578125,315.62247058659955,312.2307079847259,312.2307079847259,4606700
2025-01-17,316.05755615234375,317.01674587752916,313.1799869767875,313.9611901989324,5805800
2025-01-21,320.02288818359375,320.96228156305006,316.433342624804,316.73988501127695,5653000
2025-01-22,319.9536437988281,322.1093385859894,318.78680315375186,321.15014886106957,5026500
2025-01-23,324.5517883300781,324.84846265979024,319.9635211026933,320.1514057916148,5297100
2025-01-24,326.5196533203125,327.39971782402483,324.15627740999,324.36392833239324,4327500
2025-01-27,330.8112487792969,331.7506420386333,324.3935653491583,326.3218428551842,6636500
2025-01-28,330.7519226074219,334.06455962411354,329.1796482459576,330.9398072962854,5999600
2025-01-29,332.1363525390625,333.3526238878957,330.7717289187212,330.7717289187212,5087300
2025-01-30,339.22637939453125,340.60090104814924,335.2215324495141,335.72585768608354,8081300
2025-01-31,337.9903564453125,347.3350407880214,337.90136318782635,342.6083188777758,8624100
2025-02-03,341.965576171875,342.14356269022744,335.4588984560319,336.21043732565704,8004500
2025-02-04,341.3030090332031,342.1534393074161,338.72211414757834,340.7591513133966,5532600
2025-02-05,345.5451965332031,345.58475914887805,341.4018952311918,342.14353584356945,4939100
2025-02-06,343.6070251464844,346.74167566762424,342.7368287313315,345.88137745000813,4294500
2025-02-07,344.1410217285156,346.84060451060725,343.34005225488835,344.1212555087422,4261200
2025-02-10,347.31524658203125,347.9777619490786,343.82459271386426,344.8134468428343,6067000
2025-02-11,347.3945007324219,348.78121999281433,342.9668837247386,344.9974336887191,5154800
2025-02-12,348.1571960449219,348.4939685703261,344.195123659159,345.84930218062885,6760100
2025-02-13,352.2579040527344,352.70361899414127,347.40437213431386,349.77169432056536,4279200
2025-02-14,350.4551696777344,352.0598039944258,349.87076768759425,351.0692859986202,5720300
2025-02-18,353.3475341796875,353.35741880554383,349.0585738608686,350.33635067913673,5822000
2025-02-19,351.8617248535156,353.7635025118308,350.8216628023084,352.64421231994834,4152300
2025-02-20,347.16668701171875,352.75322373103063,345.7502533516019,351.861763466604,5697000
2025-02-21,345.2252502441406,349.96984010551256,344.18521839652203,347.1666571328607,6924100
2025-02-24,346.5426025390625,347.47369184929227,344.0663076136023,345.4530569544276,5055900
2025-02-25,348.7514953613281,349.2467543845732,342.71924408558857,348.0383211587267,6191900
2025-02-26,347.3053283691406,348.4939318226065,345.6808643527306,346.6812971976712,5960600
2025-02-27,352.36688232421875,356.89355707892616,348.3453814493155,348.5632966299945,7298100
2025-02-28,359.2707824707031,360.54855918004796,350.35612029317446,351.34663831289987,15857300
2025-03-03,358.3892822265625,363.0645290768023,356.1309020666797,359.5580863820687,9099600
2025-03-04,348.89019775390625,356.85394143390147,347.0775327212455,356.6954549121018,8955800
2025-03-05,349.33587646484375,350.75230993174466,345.63134886580747,347.50341214291365,8244200
2025-03-06,340.8966979980469,345.5620295808868,337.1624558066985,342.6796184087006,8611100
2025-03-07,342.0456848144531,343.1055463348001,335.9242907970158,337.6378675999771,6358700
2025-03-10,338.24212646484375,341.73865409490605,334.43854064676395,336.7167201504189,8204300
2025-03-11,328.9906921386719,336.38983323426663,326.4549380243545,335.20122966602514,9776100
2025-03-12,329.6840515136719,332.972578967543,325.9894079981889,332.7843781041566,6295400
2025-03-13,325.4346923828125,333.01217962801127,324.5927762250899,327.8515588367316,7915300
2025-03-14,328.6539001464844,329.61470393207657,323.28530886352866,324.1074256027689,7810600
2025-03-17,331.3778076171875,332.92301338528597,326.63324783493476,326.90067683118593,6149400
2025-03-18,331.5957336425781,332.61596607702717,329.1491527250644,332.1108224009264,7778300
2025-03-19,336.64739990234375,337.7964045874784,331.32832225600396,333.6065019171508,5614900
2025-03-20,336.2808837890625,338.994893619958,334.4583341729373,335.7856247554998,5432700
2025-03-21,332.477294921875,336.2115371177744,332.33860788423556,334.17107233688154,17279700
2025-03-24,340.60943603515625,341.946641444444,334.44841257278733,335.4389306199321,5675100
2025-03-25,341.352294921875,342.2536698938719,337.43976711240845,341.292866262465,3931200
2025-03-26,340.91650390625,344.08617383853476,339.7476998321524,342.70933920430844,6187100
2025-03-27,346.5426025390625,347.5133210319983,340.06463677836945,340.73818174332433,7254800
2025-03-28,339.59912109375,348.2859535511646,338.3708581507587,345.8790019330555,5687600
2025-03-31,347.1369934082031,348.52371281659447,331.3184168412662,336.1323509218013,9950800
2025-04-01,343.0659484863281,347.1270787242815,339.32179129376533,347.11716387029634,7473300
2025-04-02,343.04608154296875,344.89837557254566,339.79718375089516,340.18350027582284,5682500
2025-04-03,336.17193603515625,341.4711834285377,327.8614750728613,330.73397137679984,8792900
2025-04-04,310.16094970703125,331.4768891765283,309.160516713595,326.87098587574036,13201700
2025-04-07,309.358642578125,319.1251372395864,296.1649332789531,299.2058313202345,12163400
2025-04-08,305.34698486328125,323.18622441068965,301.0481402033367,319.184523071027,9569300
2025-04-09,329.27789306640625,330.86272791965865,302.7419374832934,302.7419374832934,11361800
2025-04-10,321.5320739746094,327.02946770405526,310.2996020670138,324.9097444074877,8709800
2025-04-11,330.2387390136719,333.7848108524268,319.4817266145641,321.35379016452515,6804500
2025-04-14,332.0018310546875,336.38981873908637,329.9811960072831,333.2201791321437,5011800
2025-04-15,332.6258850097656,336.17195678105526,331.82356775673037,333.52726011971436,4386200
2025-04-16,328.1883544921875,334.0225207124067,325.7417735334204,331.82356928295525,5850600
2025-04-17,326.484619140625,331.14998062306455,325.325730023792,327.9307971657573,5655900
2025-04-21,317.06488037109375,326.02905794755264,313.64758050591524,325.8804862638963,6362300
2025-04-22,328.2576904296875,329.4066950465462,319.3331429545686,320.78917553421263,5435500
2025-04-23,331.19952392578125,338.01429311880037,330.04063470574454,334.0423059647279,8906000
2025-04-24,332.52679443359375,333.5767411114953,328.10909254950553,330.119842911322,8055200
2025-04-25,331.9919738769531,333.18057749224533,329.02041949640113,331.58585781755863,4452800
2025-04-28,334.30975341796875,336.1223881311056,331.84334294270866,333.586664366473,5422900
2025-04-29,338.2817077636719,339.0245962884563,333.26968893471667,335.29035418602945,5519500
2025-04-30,342.2239990234375,343.2343165899173,330.08023760503346,331.26887140059694,9526700
2025-05-01,339.20294189453125,342.4419252610429,336.89501774979004,342.3032382148599,5849900
2025-05-02,344.30413818359375,346.77051887024066,342.83816034066416,343.9277364247188,6113700
2025-05-05,345.334228515625,347.7213504225848,342.83810367595026,343.7097643991248,3865300
2025-05-06,344.40313720703125,346.3346292627291,342.4815297766243,343.11544560835415,3438500
2025-05-07,346.53277587890625,347.8204373642482,343.9177934906729,345.39368606830146,5454000
2025-05-08,347.93927001953125,351.96077094759147,347.6223272119822,348.66235908957236,4156400
2025-05-09,349.197265625,350.44529789792756,347.3450015816956,348.49397599722533,3086600
2025-05-12,352.475830078125,358.4585671556424,347.8005839921291,355.73464270407766,7985400
2025-05-13,353.3489990234375,356.0575850466581,351.80119665220457,352.73383243613455,5406200
2025-05-14,353.66644287109375,355.6011729876512,352.4262390216119,353.87481891826496,6207600
2025-05-15,359.460693359375,360.87950966057423,353.8847413594679,354.09311741923983,5826100
2025-05-16,362.258544921875,363.32016658464596,358.06171486559305,360.1055681962749,5838100
2025-05-19,365.01678466796875,366.25698849619533,359.4805281012673,360.1750240780259,5081500
2025-05-20,363.965087890625,365.3640414178545,361.83194339899364,364.8977235754447,5281400
2025-05-21,355.4920349121094,363.121771751381,355.2737578138804,360.8695723620675,6125500
2025-05-22,355.16461181640625,357.1787016171665,353.7656582683294,354.9562660517521,4936600
2025-05-23,350.7693176269531,353.2100301438117,349.45965519218527,350.97766338026236,5345900
2025-05-27,356.48419189453125,357.17871818013646,351.7019887349371,352.6246931567495,6316000
2025-05-28,356.91082763671875,358.0815727779529,355.2340696469793,356.523869510588,3299000
2025-05-29,359.5599060058594,360.19490493166035,355.90875301774946,357.52598373608265,4590400
2025-05-30,362.32806396484375,364.1635718520497,358.51816109390404,358.51816109390404,8726900
2025-06-02,362.45703125,362.5959183393358,357.139021284952,359.92699717591853,3845700
2025-06-03,362.9927673339844,364.00479304657324,358.6669508695834,361.7227998117515,5221300
2025-06-04,365.11602783203125,366.7630222431617,363.43926973846413,363.8361289304246,4202300
2025-06-05,363.8956298828125,368.09249047225325,363.0622165566623,367.10032742515824,6881900
2025-06-06,367.318603515625,368.0924894791346,364.6695148645267,366.11809470983474,5008500
2025-06-09,363.7865295410156,366.89200491981944,359.2126418592025,366.89200491981944,4999900
2025-06-10,367.7948913574219,368.52908239841247,363.80637612121234,364.1238755956361,4109300
2025-06-11,370.3843994140625,372.56717031581684,366.48520575077885,367.1003420198875,5562700
2025-06-12,368.4893493652344,371.23766038185704,366.6538416737717,369.3128616496309,4874000
2025-06-13,350.08477783203125,360.16515919322273,342.2962909532096,358.6769144499479,14181700
2025-06-16,352.6941223144531,357.3969653543569,351.55311061527897,353.6961863783574,7234700
2025-06-17,355.0356140136719,356.7818306306056,350.5510480310343,350.7196987897443,5559600
2025-06-18,337.7124938964844,355.67065275738554,335.3908357860153,355.04558513564075,15008600
2025-06-20,335.9166564941406,337.33544241158177,332.2952673592285,336.2936833037351,19332100
2025-06-23,341.05609130859375,341.6017689433206,332.99973117444733,334.85507146661934,7553300
2025-06-24,348.8742980957031,351.7813285652144,345.19338165837354,348.7651444154345,10172000
2025-06-25,342.55426025390625,348.5370028616476,342.55426025390625,347.70358944566163,6836300
2025-06-26,343.3182373046875,344.1913457815609,339.3495844304763,341.0858700629437,8829500
2025-06-27,345.8779602050781,349.25133893316433,342.9510972571869,343.87380166389084,6601900
2025-06-30,352.26751708984375,352.82312603597677,346.3244694633048,346.61220525704334,7080100
2025-07-01,352.6842041015625,354.2022123720203,348.6659558204723,351.047141108467,6653400
2025-07-02,351.4440002441406,353.567213447281,347.2570709207595,351.8210270514008,5131400
2025-07-03,356.047607421875,356.1865247785464,350.8387515581219,351.8110822195843,3702800
2025-07-07,353.84503173828125,356.8413531394156,351.7118570361044,356.1071621983723,5138000
2025-07-08,351.7713928222656,355.47217185224315,350.4815929849248,353.88470493661464,6966800
2025-07-09,354.956298828125,354.956298828125,350.9777149008622,352.28737752787765,7297100
2025-07-10,353.0909729003906,354.81732682942055,350.6800240798325,354.033509582318,6121300
2025-07-11,345.20330810546875,351.03723211303384,341.6910724506413,349.747432164549,7580200
2025-07-14,347.753173828125,349.2116548267861,342.30620798421825,344.6675610561854,5598900
2025-07-15,344.3004455566406,347.4654484287365,344.042503726856,345.39183107777995,4891700
2025-07-16,347.1578369140625,347.9218218226459,343.0899624497605,344.568305948555,5544200
2025-07-17,347.0685729980469,348.61634501805867,345.74900939219117,347.25708641008555,4747100
2025-07-18,346.31451416015625,346.7609996616444,344.4393416664182,346.7609996616444,4927600
2025-07-21,348.18975830078125,350.8785121139017,345.66965527694333,346.3244866269997,5216300
2025-07-22,349.1025085449219,351.7020014103433,347.45554437451744,348.3484851464665,4614200
2025-07-23,352.505615234375,352.9917654352618,348.4575730721077,350.233553393048,4385600
2025-07-24,351.1959533691406,354.38078825764876,351.0867996896894,352.03929801095853,5887200
2025-07-25,354.2419128417969,354.84711778402055,350.24349685994025,351.2257286152803,3915400
2025-07-28,352.6842041015625,355.5118748778622,351.95001312635435,353.5870761194498,3921000
2025-07-29,348.5369873046875,355.5118927551465,348.0607381117744,353.49780285347526,7402300
2025-07-30,348.1599426269531,353.825185215234,344.5087898370734,348.9437599214286,12129700
2025-07-31,342.7625732421875,350.0549777823355,342.38554643517915,346.1954489487554,8641700
2025-08-01,336.6905517578125,343.45711132075263,335.4503478912215,341.40332645085834,8658700
2025-08-04,339.4686279296875,341.68116273401654,337.33548313612783,339.0221726631755,7335300
2025-08-05,334.7856140136719,339.7761935897825,332.9203423937722,339.46862542675836,7295600
2025-08-06,337.0774841308594,338.7542422032053,332.80126356389377,335.6487668351514,5944100
2025-08-07,329.4874267578125,339.4685847129542,326.1240097312719,338.75422609906036,8797100
2025-08-08,334.1406555175781,334.735959376091,330.12240745983763,331.0649441472719,6073900
2025-08-11,333.2676086425781,335.21224001222043,331.88851755665985,334.091121044159,5715800
2025-08-12,334.6888732910156,336.587242929882,332.7706363935579,333.1582754237832,5682800
2025-08-13,340.4634704589844,341.38782875792515,334.7286272124208,334.9274211186147,5693400
2025-08-14,343.38555908203125,343.97196166407275,339.5888503248866,340.85110364571915,6224000
2025-08-15,342.3717956542969,346.2380854537843,340.77158657311065,344.14095226059266,4946600
2025-08-18,340.6523132324219,343.624121351659,338.87323821047045,341.74561904560153,3999600
2025-08-19,340.3641052246094,344.23039496279586,339.80751868302826,340.4734206412774,4457200
2025-08-20,341.8350830078125,345.32371297653333,340.7616747345022,341.30831250051983,5834400
2025-08-21,341.5965270996094,342.42145807988595,337.6507078440592,340.80141217086833,6073600
2025-08-22,347.9078674316406,349.060805354294,343.11721942501816,343.11721942501816,4973200
2025-08-25,346.6953125,348.5837333584902,345.3833454620917,347.4804786983468,8019800
2025-08-26,349.0408935546875,351.247372357374,345.3336330532158,346.56607028891256,5876200
2025-08-27,348.2159729003906,351.27719882331735,347.70906967894945,348.57376552844954,5531100
2025-08-28,347.7289123535156,348.90174776985066,346.4766079121515,348.4644254786794,4987100
2025-08-29,349.6372985839844,350.48212728045485,346.8742328422338,348.3253314552322,3671900
2025-09-02,347.93768310546875,348.0370800581514,343.97196611477676,347.18230266311,4940300
2025-09-03,348.7327880859375,348.7526856749196,345.14479175077264,347.21210878164396,4176400
2025-09-04,348.8520812988281,350.4821064829821,347.0232925301605,348.5936856057911,4324000
2025-09-05,341.1294250488281,350.47216294861687,338.1278309918862,349.239725578376,5448300
2025-09-08,340.2149963378906,342.28234378702916,338.9229269309479,340.2547611858296,4711600
2025-09-09,341.89471435546875,344.2105390887196,339.2111785123135,339.6087360077781,4646200
2025-09-10,336.06048583984375,340.52312727297533,334.3907261007465,340.52312727297533,6557900
2025-09-11,341.3977355957031,341.4375004419261,335.8119728031468,336.66675017264345,5157600
2025-09-12,337.36248779296875,341.0995949314907,337.10409210670593,339.14159320178965,3518300
2025-09-15,336.98480224609375,340.62251247969215,336.32884906041363,338.53529771199567,4367500
2025-09-16,337.9588317871094,338.4657350168521,331.4387920277127,334.19190867766827,5527700
2025-09-17,344.0912780761719,344.0912780761719,337.45194348017264,337.8693985698965,5763500
2025-09-18,336.1201171875,343.1669279142228,336.1201171875,342.63023892681883,7526600
2025-09-19,339.52923583984375,340.60267453582105,336.1897161894593,338.37632810223147,13674300
2025-09-22,342.262451171875,342.7594056174132,336.5971886917546,336.9450628699698,5621800
2025-09-23,336.6369323730469,343.1569718620027,335.5734426468596,342.49103960090974,10142700
2025-09-24,336.6170654296875,337.82963552421586,335.8617152767486,337.0643365759445,5207400
2025-09-25,332.889892578125,338.1278117672275,332.4724678359285,336.2890742801839,5398700
2025-09-26,335.3150329589844,337.4320637199297,334.1819926117565,335.175901488693,9619200
2025-09-29,338.0880432128906,338.5651303875767,333.5061075720199,335.32497778101134,7217800
2025-09-30,339.30059814453125,343.504813044813,336.44808468151257,337.75010281040477,8164400
2025-10-01,345.7113037109375,347.2319830459177,338.23712004026567,338.23712004026567,8381000
2025-10-02,343.8428039550781,345.06529251776647,341.46734707051337,344.11114844480875,5198000
2025-10-03,347.7091064453125,351.00889146755173,343.8924996839986,344.001815110234,5199700
2025-10-06,347.1524963378906,348.98128505806847,342.25253278341745,347.8780607479444,4735600
2025-10-07,350.27337646484375,352.28106145798284,347.9277357648328,347.9277357648328,5044600
2025-10-08,349.2198181152344,352.83766108671625,348.96142242562325,351.62509100999563,3927500
2025-10-09,344.9261474609375,350.72062290644016,343.47501865204845,349.32915653572434,4434800
2025-10-10,341.5567932128906,348.26567840170134,341.15923571248493,345.5125616214063,6296200
2025-10-13,341.20892333984375,345.542382044629,338.6546004433016,341.62637843614846,4030700
2025-10-14,346.25799560546875,347.87807200376733,338.1476951502928,338.922942897318,5731000
2025-10-15,343.5843811035156,347.9476255421836,341.90467258202773,346.257998556928,3778200
2025-10-16,333.3570251464844,343.5843557955295,332.134536662548,342.89855625648124,6241500
2025-10-17,339.80755615234375,341.3580517365288,334.9473266749097,335.7126256710475,6267100
2025-10-20,342.3121643066406,342.8588020632433,336.8754814672657,339.8174432876053,4665000
2025-10-21,345.0950927734375,347.5202328604371,340.9107448931331,341.03000910533115,4121800
2025-10-22,343.2563781738281,346.0492902102693,342.4016310416165,345.7014160136996,5074400
2025-10-23,343.8526916503906,345.0354455891541,342.36182839968274,344.09125039605345,7217200
2025-10-24,345.2640686035156,346.95369548589787,343.2166187549461,346.07908115767793,3576700
2025-10-27,345.7013854980469,347.39101235386323,342.90850403983194,346.87419066826493,5400300
2025-10-28,344.7869873046875,347.75879550642543,344.3894298156831,346.45674695752103,7445400
2025-10-29,339.20123291015625,348.8421615073119,336.9351217998146,343.89248419686095,8361700
2025-10-30,342.9283752441406,347.5898102579444,339.7081202204845,340.13549375378375,6411800
2025-10-31,338.66448974609375,340.91073343932777,336.1101670694934,339.9963239570451,7301600
2025-11-03,334.8478698730469,339.13161439011145,332.78055290746187,338.9229020342244,5538000
2025-11-04,338.2271728515625,338.2470704410406,332.2140363825504,334.4304640592759,5920200
2025-11-05,337.96881103515625,340.0261795289529,334.31120301260745,338.0582592016957,4984600
2025-11-06,334.90753173828125,336.5872401922106,331.67732783944683,336.52760808522896,8507900
2025-11-07,333.9732666015625,336.22945927726096,332.8104101431719,334.67896377827793,5318400
2025-11-10,332.8104248046875,336.6170828153728,332.2836542636434,334.5994488187291,5295800
2025-11-11,336.8556213378906,337.02456886695035,331.1704611557986,333.4564395175788,4453300
2025-11-12,337.4830017089844,342.84082799232743,336.00909193847133,336.8555939661864,6389600
2025-11-13,334.6945495605469,340.0523762173844,334.21654773596754,337.6423693070657,4961700
2025-11-14,328.6595153808594,334.69453121965483,327.673606279917,334.5053424356423,6422300
2025-11-17,324.4071350097656,331.9857491168007,323.5905080665981,329.79483658587384,6494800
2025-11-18,319.85595703125,323.66021671870755,316.6890735893815,323.16227792375565,9170400
2025-11-19,322.7838439941406,323.2320010724391,318.5513641791292,320.1945561466027,7066700
2025-11-20,322.4352722167969,327.04619026174174,321.8078948722729,322.783835447158,6510300
2025-11-21,326.6279602050781,329.71515658413585,322.9531692720462,324.03867225561385,8930000
2025-11-24,327.9424743652344,329.36660239989675,324.65609051367585,327.8827241418804,9337100
2025-11-25,333.15093994140625,334.67463148862754,327.54414406232837,327.54414406232837,5854300
2025-11-26,332.41400146484375,334.3260694883636,331.6869998564479,333.150941183099,4309900
2025-11-28,333.0613098144531,333.63890545499686,330.6313660183978,332.0554637045118,4586200
2025-12-01,329.02801513671875,331.92599221046623,328.77904573650335,331.56749086220685,7082300
2025-12-02,328.26116943359375,331.42805290548716,325.8611007721583,330.0836424597886,8201900
2025-12-03,328.2511901855469,330.97991538482256,327.9922826845987,328.2511901855469,6296700
2025-12-04,325.7515563964844,331.0097887047503,322.94317437944756,329.91431730890923,6277500
2025-12-05,329.8744812011719,332.73264500458896,325.05443734158973,325.4826574086876,5266600
2025-12-08,325.4926452636719,329.97409465817094,323.37142102092514,328.52012180876346,6059400
2025-12-09,325.154052734375,326.8769320099633,323.7299549888597,325.26358468782666,4325400
2025-12-10,324.38720703125,327.40471480815995,323.9589565847219,325.29345925359206,5467500
2025-12-11,344.2052001953125,345.888235870621,328.6993777482935,331.22891551223586,12953600
2025-12-12,346.3960876464844,348.39781132133226,344.54376992307505,346.56540020862116,6942300
2025-12-15,345.4599914550781,347.013558062661,342.41257807214174,346.3960884283587,7004600
2025-12-16,343.68731689453125,346.18697949005985,342.30306278210855,344.57366257997035,7269300
2025-12-17,342.9902038574219,346.356274968795,342.26320227687404,344.1254885044418,7263500
2025-12-18,344.5836181640625,346.09734117529985,342.8507704733419,343.74708462692297,6805000
2025-12-19,347.81024169921875,348.46752454314327,344.62342131505847,344.62342131505847,18623900
2025-12-22,350.6385498046875,351.9829906785768,348.1488557388826,348.55716921268737,5043500
2025-12-23,351.9232177734375,354.9108504598721,350.54890187499416,350.54890187499416,3703200
2025-12-24,353.67596435546875,354.5224359515592,351.55474033131503,351.9232101586524,2023600
2025-12-26,353.53656005859375,355.25943930639664,352.25186940107864,353.6361539003453,2017000
2025-12-29,353.14813232421875,355.0801372512876,352.34147391971567,354.0245094530053,3989900
2025-12-30,352.1622314453125,353.40707844317745,351.2061974606485,352.540669795347,3366500
2025-12-31,349.26422119140625,353.7357322383478,349.2443145806378,352.1921037382886,3503200
2026-01-02,345.0516662597656,348.6069260340118,342.064033594226,348.4276753681045,5403800
2026-01-05,352.34149169921875,356.0660946845086,342.63168485186065,343.07984193998647,7592200
2026-01-06,356.08599853515625,357.1416263785221,350.5489214123709,352.2219885159953,6775400
2026-01-07,354.41290283203125,356.8030028431636,353.0485554686327,355.6776563633471,6333900
2026-01-08,350.7779846191406,354.8809955460086,348.05922777871496,353.53655468224264,6357600
2026-01-09,348.3280944824219,353.23779410971,347.72062373923114,350.7082565158282,4902900
2026-01-12,341.7851867675781,345.0815390214404,335.92942192030296,341.36690482487097,13281300
2026-01-13,326.5283508300781,336.1285950456492,322.49502833379734,335.6107496370988,20383500
2026-01-14,327.81304931640625,328.5400205277584,322.6045984264441,327.30514200519735,9388400
2026-01-15,326.39886474609375,330.3226246971901,325.0245488739532,327.97233789178887,8587700
2026-01-16,326.94659423828125,327.8926900869644,324.058555362187,325.4328712721598,8341600
2026-01-20,324.4768371582031,326.9665310832551,320.23438898454765,320.90164032884104,8279900
2026-01-21,323.9390563964844,327.3150959639532,321.668456741042,325.0843095294372,8974600
2026-01-22,325.01458740234375,327.0362480346291,322.6643309378835,325.1141812371603,6938700
2026-01-23,324.8353271484375,326.4486438928325,323.28176062481486,324.51663904313784,5667900
2026-01-26,327.13580322265625,330.63134311164293,323.69007544570655,326.6478329536713,7540200
2026-01-27,323.9191589355469,327.5740127198232,323.5705956960795,327.1258860334559,6365800
2026-01-28,325.6320495605469,327.03624054150487,323.5407006444015,325.38308017509553,8106000
2026-01-29,330.4321594238281,331.9857259727928,322.1763564041472,328.6395919878754,10214200
2026-01-30,320.5032653808594,331.6272312240268,320.2742329902072,330.8504479341279,11199100
2026-02-02,332.4637756347656,333.31027767642445,322.7738756079028,323.49090869837266,8502400
2026-02-03,327.5740051269531,334.4057411301331,327.51425490348913,330.28279336048513,9081200
2026-02-04,328.5898132324219,329.9441921266053,323.0826115387165,325.7614942159401,8472300
2026-02-05,327.773193359375,336.19830919167754,327.46447374035984,331.62723473824406,8339000
2026-02-06,330.21307373046875,333.74845736517926,325.7515616346053,330.41226140265053,7798800
2026-02-09,324.2378234863281,331.44799815131194,322.28591185276315,329.39649267698104,8513400
2026-02-10,327.4910888671875,329.1975426584034,323.8785524124587,324.03822505585356,5801800
2026-02-11,328.558837890625,330.3551322103828,325.74469522888825,326.24366079752514,8264300
2026-02-12,323.50933837890625,331.55266164507725,323.3297180668246,328.20961639281825,9392600
2026-02-13,313.4302062988281,325.8045770845193,312.1728337423736,323.1600351388152,11653900
2026-02-17,318.8390197753906,320.71513531219466,313.7595536000123,313.7595536000123,8591700
2026-02-18,319.6373596191406,321.61327441091976,316.0647792287517,318.83902681983574,7091900
2026-02-19,318.2701721191406,319.5375641615583,315.07681073429376,316.83314883690497,5967600
2026-02-20,320.2860107421875,321.68310824371105,317.162481409299,317.4518595119579,6831100
2026-02-23,305.8858642578125,319.85690123125556,304.0796111997443,318.3799825277642,13048000
2026-02-24,306.58441162109375,308.6301583134982,302.45296200827346,304.86796881092005,9120200
2026-02-25,312.34246826171875,313.2905150583614,307.6122842445478,307.9116514148336,7624200
2026-02-26,316.0448303222656,318.7592044654264,313.29053040296367,313.82942179031494,8725500
2026-02-27,319.4776916503906,319.56750179898404,311.3046331295279,313.80941959658975,12412900
2026-03-02,319.846923828125,321.9325962848922,313.94914705503476,314.84727900250533,6674900
2026-03-03,320.166259765625,321.37377846847016,313.6996849538386,315.1566560071252,5474300
2026-03-04,319.8070068359375,325.09602991416637,319.13837954462343,320.7750012998144,5257900
2026-03-05,319.13836669921875,322.1321601221174,314.11877427833633,318.669337844787,8267200
2026-03-06,316.70343017578125,317.032764525398,311.65390075349916,315.39614274359616,6439700
2026-03-09,315.3163146972656,315.74541779360504,309.5083479475934,312.8114977016857,8381500
2026-03-10,313.77947998046875,316.47390623113745,310.8056646841637,314.7774111170955,5271300
2026-03-11,308.32080078125,314.42813457039836,307.75200316890374,312.6019339587185,6376700
2026-03-12,305.86590576171875,310.3067116813087,305.3868878331418,307.5025275101912,7514900
2026-03-13,306.5046081542969,309.7079588288859,305.78609646094156,306.95365892861656,4814100
2026-03-16,309.4684143066406,310.48632357047774,306.74408175799863,307.2131106166737,6401200
2026-03-17,307.82183837890625,312.04309816703056,306.7440861215353,310.67593734480056,6872200
2026-03-18,298.4013671875,307.3029266148368,297.88245394322496,306.7740243134503,7191700
2026-03-19,299.0899353027344,301.8442350116896,296.41548713996315,297.4234073430545,6826400
2026-03-20,300.9960021972656,302.2933310235784,298.3914163961535,299.22967494551517,14398100
2026-03-23,303.8101806640625,307.2131297520358,302.2234736912733,304.5686181307204,7824500
2026-03-24,303.131591796875,305.4068737202475,299.99807320309833,301.37522313516865,5375900
2026-03-25,304.2792053222656,307.851785612155,301.5448835843987,304.84803341435196,6280900
2026-03-26,304.8979187011719,307.2330740575747,302.37315398017523,303.53075782816387,7652700
2026-03-27,294.9085998535156,303.95984261233536,293.71110075686363,303.690412167838,9974400
2026-03-30,298.9203186035156,300.05794432922346,295.2778758335563,298.1119967721213,9330300
2026-03-31,301.6147155761719,302.71244598499914,295.9764103976488,300.97605544568177,10246900
2026-04-01,297.8924560546875,304.41890425868155,293.2820187246287,304.41890425868155,7707600
2026-04-02,300.17767333984375,301.84423173587874,295.23793249238884,297.18387993371056,4376000
2026-04-06,302.70245361328125,303.79022540723855,298.84046479152994,300.1178154929676,5501000
2026-04-07,301.924072265625,304.3490682260976,300.4970379592236,301.81431445179874,4413900
2026-04-08,308.32080078125,310.4364099548042,307.0634282363584,307.09336495279763,6879300
2026-04-09,307.6522216796875,308.93953101515194,302.9619328044834,307.36281310114674,4811500
2026-04-10,303.7303161621094,308.3607314071977,302.8820990315011,308.0713228407691,5190000
2026-04-13,308.74993896484375,309.10917956751626,301.7145059514164,303.30121285543817,6787200
2026-04-14,310.725830078125,311.47427847139704,306.8538521842199,307.83183571502826,5571000
2026-04-15,315.2564392089844,316.07475007651544,310.87550675955816,312.3524558530697,4831400
2026-04-16,314.4481201171875,317.3421144410126,313.91921781129685,315.6955340890468,5695800
2026-04-17,316.3641357421875,318.7791426284462,314.52794600217567,315.9450216957469,8082300
2026-04-20,313.29052734375,316.8930444033761,311.70382037012894,315.74542959968784,5506800
2026-04-21,309.2987976074219,316.23443160774116,308.1811195395908,313.3603848879222,6806900
2026-04-22,310.64599609375,310.7158281288479,307.42266751686486,310.3665765900329,5666600
2026-04-23,308.2409973144531,311.5541362439113,304.37900840074366,309.8576410034995,7275000
2026-04-24,308.7798767089844,309.33871572907344,303.87004194169583,306.4646690803624,5616900
2026-04-27,309.0093994140625,310.17699235362977,305.42682995132543,306.8738424172374,6261500
2026-04-28,308.66009521484375,313.31045806908014,308.1012562023077,311.55411993872787,8839900
2026-04-29,334.167236328125,341.27253225190367,333.09947305974015,335.70405894620507,16658600
2026-04-30,329.1576232910156,331.8121239370452,327.401254633927,331.4329052084062,11241100
2026-05-01,327.35137939453125,335.1552089039801,327.2515801808754,332.19135193962137,6726100
2026-05-04,326.173828125,329.1077483731355,324.72681566190226,327.32144294688226,6712400
2026-05-05,321.36376953125,324.90641295969726,318.9886885029524,324.4373840973491,5893200
2026-05-06,318.14044189453125,323.9084827860181,317.3421091476348,323.08021332247415,7808400
2026-05-07,320.6153259277344,323.02034370833087,318.87893543276164,318.87893543276164,7186100
2026-05-08,318.1304931640625,320.4057750632095,315.5059292568937,320.3259235133766,5950200
2026-05-11,323.1899719238281,324.5072483684324,317.352098982156,318.43984029560517,9586200
2026-05-12,326.4200134277344,328.9100036621094,324.20001220703125,324.32000732421875,6235200
2026-05-13,320.30999755859375,325.4200134277344,319.79998779296875,323.7900085449219,7950400
2026-05-14,322.5199890136719,323.3299865722656,320.25,321.3699951171875,5277400
2026-05-15,325.75,329.010009765625,323.8399963378906,324.0,6054500
2026-05-18,332.6400146484375,333.42999267578125,323.7699890136719,324.42999267578125,5305800
2026-05-19,329.9100036621094,335.1700134277344,329.489990234375,333.3299865722656,12858100
2026-05-20,330.75,331.6600036621094,326.82000732421875,330.0899963378906,9422500
2026-05-21,331.1199951171875,332.5199890136719,327.239990234375,329.8399963378906,7034500
2026-05-22,328.8800048828125,333.42999267578125,328.82000732421875,330.5199890136719,7462100
2026-05-26,326.4800109863281,328.5,324.510009765625,326.4599914550781,8705100
2026-05-27,327.6099853515625,331.4599914550781,325.6600036621094,325.8299865722656,5917400
2026-05-28,324.95001220703125,327.0799865722656,320.8999938964844,326.010009765625,8105400
2026-05-29,326.3599853515625,331.6700134277344,325.3500061035156,325.5,14104500
2026-06-01,322.7699890136719,327.8599853515625,318.67999267578125,327.260009765625,10079300
2026-06-02,317.32000732421875,323.5,313.3900146484375,322.510009765625,10125300
2026-06-03,312.3999938964844,317.6499938964844,309.0,317.6499938964844,8992800
2026-06-04,320.17999267578125,324.760009765625,316.70001220703125,316.7900085449219,6981700
2026-06-05,323.57000732421875,325.9800109863281,320.9700012207031,322.3999938964844,7176300
2026-06-08,319.6700134277344,323.9200134277344,318.42999267578125,321.3500061035156,5582000
2026-06-09,325.04998779296875,325.489990234375,317.0,318.6600036621094,6340400
2026-06-10,322.9599914550781,326.8999938964844,320.17999267578125,326.6199951171875,5793100
2026-06-11,319.04998779296875,323.7099914550781,317.9599914550781,322.0,5958900
2026-06-12,322.3900146484375,325.92999267578125,319.79998779296875,321.760009765625,5543200
2026-06-15,323.82000732421875,326.44000244140625,322.75,323.3599853515625,6803000
2026-06-16,333.1199951171875,333.2900085449219,324.3800048828125,325.69000244140625,9248400
2026-06-17,330.3800048828125,336.82000732421875,329.9700012207031,333.5,6895200
2026-06-18,327.239990234375,332.3299865722656,327.0,331.0,14716700
2026-06-22,326.6000061035156,333.0,325.8599853515625,328.3299865722656,15132400
2026-06-23,328.4800109863281,331.2799987792969,328.0899963378906,328.82000732421875,11113400
2026-06-24,332.2300109863281,334.79998779296875,327.2200012207031,329.0,8197200
2026-06-25,330.5199890136719,339.94000244140625,330.07000732421875,332.55999755859375,7050200
2026-06-26,336.2300109863281,339.7200012207031,331.44000244140625,332.239990234375,16717400
2026-06-29,341.6499938964844,345.80999755859375,338.2699890136719,338.2699890136719,11710900
2026-06-30,343.0899963378906,344.2900085449219,339.0799865722656,341.760009765625,7957900
2026-07-01,351.0799865722656,353.3599853515625,340.9800109863281,344.55999755859375,13025900
2026-07-02,362.1300048828125,362.1300048828125,352.510009765625,352.510009765625,9814800
2026-07-06,357.25,365.0199890136719,348.8500061035156,363.0,11623800
2026-07-07,352.20001220703125,356.0799865722656,346.9200134277344,348.3900146484375,7332500
2026-07-08,347.5299987792969,351.6000061035156,345.69000244140625,350.29998779296875,10215200
2026-07-09,348.20001220703125,348.5,344.4200134277344,345.29998779296875,6606300
2026-07-10,348.9700012207031,351.1700134277344,345.3299865722656,350.6300048828125,4702800
2026-07-13,357.75,359.489990234375,351.04998779296875,351.7300109863281,9964600
2026-07-14,356.0199890136719,359.94000244140625,353.67999267578125,355.7699890136719,6632400
2026-07-15,355.1400146484375,360.42999267578125,349.1199951171875,354.0,8850000
2026-07-16,365.1400146484375,365.1400146484375,357.1099853515625,358.0400085449219,9073200
2026-07-17,358.55999755859375,364.6300048828125,357.0,363.57000732421875,7400400
2026-07-20,360.57000732421875,363.0,356.42999267578125,357.1000061035156,7616800
2026-07-21,355.82000732421875,359.1199951171875,354.69000244140625,356.989990234375,6027300
2026-07-22,353.4200134277344,357.5299987792969,352.2699890136719,356.57000732421875,4622200
2026-07-23,351.6000061035156,352.04998779296875,348.5,352.04998779296875,4183300
2026-07-24,355.739990234375,355.8399963378906,351.04998779296875,353.4700012207031,4482800
2026-07-27,362.5299987792969,363.6600036621094,358.25,359.3500061035156,6631100
2026-07-28,366.5899963378906,371.1600036621094,362.7300109863281,365.05999755859375,11061900
2026-07-29,368.7300109863281,373.9700012207031,355.4800109863281,357.0,11289900
2026-07-30,366.2699890136719,367.0,360.75,365.0,8391400
2026-07-31,366.1300048828125,366.8800048828125,360.1000061035156,363.760009765625,7828400
2026-08-03,365.6700134277344,371.9700012207031,364.3500061035156,368.5,5521300
2026-08-04,369.5899963378906,371.1099853515625,360.0899963378906,361.760009765625,7497500
2026-08-05,368.5400085449219,372.3999938964844,366.7200012207031,372.29998779296875,6065300
2026-08-06,370.4700012207031,371.1000061035156,365.25,369.57000732421875,5022300
2026-08-07,362.5,370.25,361.5199890136719,368.510009765625,5112500
2026-08-10,361.32000732421875,364.1700134277344,358.885009765625,362.0,7547418
