Date,Close,High,Low,Open,Volume
2016-08-11,56.66409683227539,57.0234717565306,56.36352681038414,56.64449519815408,11616000
2016-08-12,57.40244674682617,57.48739379852896,56.78170513978808,56.820908403555144,9986900
2016-08-15,57.37630844116211,57.82716590618894,57.265229205915226,57.774891565429634,6432600
2016-08-16,57.448211669921875,57.61810086541637,57.08883662329484,57.389406747534096,6817900
2016-08-17,57.57231521606445,57.61805400243979,57.27828087295922,57.44816494512259,7104600
2016-08-18,58.09505844116211,58.114660069377514,57.57886062915266,57.74874473045601,10342700
2016-08-19,57.369781494140625,57.98398758863185,57.36324595484595,57.91211161185801,8615300
2016-08-22,57.493927001953125,57.56580297894217,56.74903504511735,57.04960504654619,8235400
2016-08-23,57.317508697509766,57.513530015239326,57.2129600065959,57.39591523053921,6514800
2016-08-24,57.5135498046875,57.605032433292756,57.075763227451574,57.17377641261903,7985400
2016-08-25,57.14762496948242,57.52007099204724,57.003872998465056,57.513535451958326,6935300
2016-08-26,57.023468017578125,57.57233866276715,56.847048336897714,57.25869758192259,6474400
2016-08-29,57.395896911621094,57.44817124039375,56.87316857935766,56.87316857935766,7027200
2016-08-30,57.18682861328125,57.66382333975886,57.08882043708955,57.41552765147912,6441100
2016-08-31,56.93852233886719,56.98426114097161,56.33738237259319,56.93852233886719,12491400
2016-09-01,56.74248504638672,56.74248504638672,56.252424410971635,56.66407853521923,8434700
2016-09-02,57.1214714050293,57.22602007582906,56.8012998247263,57.1214714050293,7099600
2016-09-06,57.87290954589844,57.91864835159744,57.27830507181137,57.39591487061801,9851200
2016-09-07,57.65727233886719,57.938240667307,57.48085268387248,57.92517457570393,7470400
2016-09-08,58.18654251098633,58.39563487716592,57.52659270501267,57.859835377258506,9579500
2016-09-09,56.74248504638672,57.93170364074238,56.71635286610061,57.93170364074238,12820200
2016-09-12,57.03654098510742,57.31097382421235,56.60528510780881,56.70329826039086,10889000
2016-09-13,55.67742919921875,56.500732573055075,55.592487139002365,56.49419703452912,13214300
2016-09-14,55.27886199951172,56.082563974136065,55.06323403252022,55.56636595550037,13957000
2016-09-15,55.59248733520508,55.964933270014875,55.22657195378904,55.32458509140325,9062600
2016-09-16,54.906402587890625,55.57288796262214,54.599297070627614,55.22004364396818,21538400
2016-09-19,54.775718688964844,55.29191655330653,54.76264761205963,55.265779384651296,7929100
2016-09-20,53.932804107666016,54.85411545951372,53.932804107666016,54.71036853519359,17522000
2016-09-21,54.42941665649414,54.63850904642739,53.782532868912966,54.11577557901638,15055900
2016-09-22,54.58622741699219,55.24617720985456,54.48167874340185,55.069752569459645,10738500
2016-09-23,54.52741241455078,55.089349019371625,53.96547580972994,54.02428567938335,12667100
2016-09-26,54.2725944519043,55.21351271351466,54.18765238084731,54.57316445543963,10860300
2016-09-27,54.39020919799805,54.455549636086815,53.76946755842093,53.96548887268723,9595000
2016-09-28,56.78171157836914,56.997339523849675,54.45555295636209,54.533964477943066,28117900
2016-09-29,56.494197845458984,56.97772301505987,55.98453550653434,56.827440522892516,19082900
2016-09-30,57.029991149902344,57.376299881748125,56.61834199443269,56.742487303771604,15961500
2016-10-03,56.87971115112305,56.97771929824959,56.546468495427824,56.80783518646025,7111200
2016-10-04,56.35696792602539,57.173735577127204,56.23935318486056,57.09532408796595,8222000
2016-10-05,56.8470458984375,56.95812513651433,56.651019608173726,56.73596666036066,8796200
2016-10-06,56.87318420410156,57.15415256700193,56.481136600908336,57.01040061596141,7718300
2016-10-07,56.677127838134766,57.108383462440415,56.468035561695,56.814344177190264,6614900
2016-10-10,57.787960052490234,57.93824254399148,57.18028457758387,57.19988620820096,10060000
2016-10-11,57.33058166503906,57.624621154621686,57.0430827008677,57.55274516728971,9309000
2016-10-12,56.93198776245117,57.317504802553664,56.631417774232695,56.99079764338285,8172600
2016-10-13,56.559539794921875,56.7621016163312,55.82118343603239,56.42232339115421,9890300
2016-10-14,56.546478271484375,57.1998926194537,56.50727500585609,56.97119859469561,7991700
2016-10-17,56.546478271484375,56.709831858476704,56.23937273031385,56.50727500585609,7263100
2016-10-18,56.696754455566406,57.062669839519025,56.44192328709609,56.958121162631045,5429300
2016-10-19,56.95813751220703,57.40245954621096,56.768646719821575,56.97120859314767,9373400
2016-10-20,56.984249114990234,57.17373982233422,56.58566607284503,56.7098163602801,6866900
2016-10-21,56.59877395629883,56.72945488110353,55.99762874078709,56.46808804633639,10736200
2016-10-24,56.788246154785156,57.05614345828563,56.239375483341576,56.67716192147413,8354900
2016-10-25,56.66409683227539,57.271772415817075,56.58568531063395,56.63142411863575,6835900
2016-10-26,56.905860900878906,57.14109049690984,56.160968841833125,56.356995166911084,8488100
2016-10-27,56.794769287109375,57.27829945439903,56.71636276226112,57.02999883196503,9071100
2016-10-28,55.39646911621094,56.4288650102641,54.97828432105249,55.72317629900073,19072200
2016-10-31,54.442481994628906,55.14817067029765,54.226854068426384,54.808392425647185,16663800
2016-11-01,54.658111572265625,54.83453125393527,54.4098109278676,54.56009842237987,13050600
2016-11-02,54.52741241455078,54.8083807169612,54.19417476541526,54.42940427371955,11226100
2016-11-03,54.664634704589844,54.808381641953204,54.26605164130046,54.677700795202966,8836500
2016-11-04,54.6058464050293,55.10244279213046,54.07658228591314,54.64504967750999,13877100
2016-11-07,55.834259033203125,55.84733011301874,55.148176897572164,55.20698180127355,13576200
2016-11-08,56.236366271972656,56.57915318518313,55.695822320493015,55.854033986266295,9735200
2016-11-09,56.85599899291992,57.15923038403321,55.14867343722397,55.405761030326474,15901300
2016-11-10,57.38337326049805,58.00301796204422,56.46708548322323,56.631885515528744,14106100
2016-11-11,56.473655700683594,57.17241103285177,55.959480569944155,57.04056803183125,13812200
2016-11-14,56.216590881347656,56.46049675995124,55.59035271832806,56.229777701433406,12607500
2016-11-15,57.231773376464844,57.38998005002363,56.53961100703348,56.53961100703348,12883500
2016-11-16,56.52641296386719,57.205388314897085,56.41435014519775,57.17901970533404,8201200
2016-11-17,56.18362808227539,57.27130424990235,56.04519163217598,56.98125961887411,8200500
2016-11-18,56.216590881347656,56.46049675995124,55.91995281029591,56.17044706964409,8457800
2016-11-21,57.01424026489258,57.14608336033836,56.78352113448727,56.98128326300602,8861500
2016-11-22,57.139461517333984,57.508611942304135,56.67143007730473,57.14605492615055,9390200
2016-11-23,57.29767608642578,57.40315052495908,56.89556359078915,57.04718183885626,5996300
2016-11-25,57.42951202392578,57.442693812461314,57.04717477552893,57.15923758062191,5042300
2016-11-28,57.00105285644531,57.436122455320444,56.93513382986416,57.31746619575462,7449600
2016-11-29,56.62528991699219,56.74394613683701,56.08474603309856,56.308871654306756,9181100
2016-11-30,57.54817581176758,58.13486355011151,57.4822517725215,57.74593284161158,22696200
2016-12-01,57.50862503051758,58.339218705030056,57.50862503051758,57.99643680801613,13005600
2016-12-02,57.37678146362305,58.00301959226577,57.08673178923795,57.47566249164506,9706600
2016-12-05,57.666839599609375,57.89096526866766,57.29768404277995,57.607508962371234,11741100
2016-12-06,57.71956253051758,57.9239179934206,57.1526500089377,57.52839388679432,11293600
2016-12-07,58.05575942993164,58.10849665116202,57.48225346497233,57.76570974246281,11182600
2016-12-08,58.220550537109375,58.56992577285757,57.778887693023826,58.04256872940089,9086700
2016-12-09,58.66880798339844,58.66880798339843,58.128264111015426,58.43149554876223,8021700
2016-12-12,59.974029541015625,60.31681139287095,59.420298821190464,59.420298821190464,15545400
2016-12-13,61.02873611450195,61.45062370460562,60.09926171707879,60.57388651326961,18829300
2016-12-14,59.71036911010742,60.82441428541664,59.44009455163802,60.817825902990236,16325400
2016-12-15,59.914710998535156,59.97404163694229,59.16981651814872,59.39394219162295,11155100
2016-12-16,60.10587692260742,60.428883625760506,59.74990819637197,60.330002585812004,20560400
2016-12-19,59.60487747192383,60.343183464294086,59.45985263152091,60.23770902425628,9674400
2016-12-20,59.611454010009766,59.88831679280176,59.51916641574577,59.664191215102534,7221000
2016-12-21,59.5125846862793,59.92129056200589,59.446665681626015,59.77626573419008,7308000
2016-12-22,59.901519775390625,59.921294975313316,59.34119562132473,59.34119562132473,8003100
2016-12-23,59.796051025390625,59.96085107948859,59.67080137490064,59.9147072655131,4266500
2016-12-27,59.82241439819336,60.059726857654006,59.710351578253075,59.87515161791752,4960600
2016-12-28,59.52577209472656,60.05972257579687,59.499403486744384,59.77626632661064,6745900
2016-12-29,59.55873107910156,59.72353111254086,59.34778723747118,59.39393104566227,6684700
2016-12-30,59.499427795410156,59.78947254311727,59.33462770016529,59.34780949489298,9117800
2017-01-03,59.914710998535156,60.211349102674305,59.42690421621567,59.947673023127884,10360600
2017-01-04,59.2555046081543,60.08609825479622,59.163216984005004,60.06632305380685,9434200
2017-01-05,58.3721809387207,59.52578131277211,58.29966851286502,59.453268886916426,14443200
2017-01-06,58.3392333984375,58.65565179247346,57.89097694064475,58.53040211139468,16518100
2017-01-09,57.37678146362305,58.154637839139255,57.053774799429284,58.154637839139255,13762300
2017-01-10,56.64507293701172,57.554767395234926,56.631891146007774,57.46247977031221,13283100
2017-01-11,57.225181579589844,57.31746922754487,56.59894324999513,56.62531186788222,11183700
2017-01-12,56.91534423828125,57.60091306647206,56.73736239284352,57.52840064036448,10407000
2017-01-13,56.92193603515625,57.13947330731277,56.803279798461645,56.86919881233679,8415600
2017-01-17,57.587711334228516,57.60748652917423,56.85599894545629,57.073536148452746,13237300
2017-01-18,56.875789642333984,57.620689050295915,56.72417642022896,57.38996496825218,11831700
2017-01-19,55.85403823852539,56.75713934356886,55.761745578482106,56.67144512339135,16382900
2017-01-20,56.61871337890625,56.6648571987459,56.06498754083049,56.322075255551255,18739700
2017-01-23,56.01223373413086,56.61210321452739,55.86720890632357,56.480265205228584,11433900
2017-01-24,56.09133529663086,56.34183455874801,55.91994688805335,56.018827911031295,11858100
2017-01-25,56.25613021850586,56.61209885133472,56.19680462768303,56.25613021850586,9578500
2017-01-26,56.42753219604492,56.57915044440848,56.111118938422464,56.486862825160415,8779400
2017-01-27,56.36820602416992,56.52641265137558,56.05838115013943,56.229774596702725,10947900
2017-01-30,55.939727783203125,56.328653476077356,55.49147145878133,56.30887827532758,12789200
2017-01-31,55.300296783447266,56.07815311382687,54.79930329202539,56.05837791522956,19128100
2017-02-01,54.674068450927734,55.47829353276398,54.41038735419966,55.3728190823533,15111800
2017-02-02,55.0102424621582,55.06297967347847,54.416966437345714,54.85203585749469,12200100
2017-02-03,55.069580078125,55.18823630402076,54.647692392561844,55.175049484866825,12746300
2017-02-06,54.917972564697266,55.14210327042826,54.667478274102784,55.0761842496717,9938200
2017-02-07,54.5620002746582,55.1223244879535,54.35105640435478,54.86523680318679,11705200
2017-02-08,54.2027702331543,54.62851567298338,53.99654613787528,54.54203279986167,14006300
2017-02-09,54.442237854003906,54.58194015091129,54.20276052785499,54.20276052785499,9603000
2017-02-10,54.89463424682617,55.06094131323417,54.6351956292528,54.72167855196985,8739800
2017-02-13,55.21390914916992,55.333650359974726,54.781510050414504,55.06090451719721,9071600
2017-02-14,55.09417724609375,55.28044025541655,54.58860259558444,55.154050399254,11370500
2017-02-15,55.32036590576172,55.33366823335438,54.85470323542425,54.97444448490678,11768500
2017-02-16,54.74827194213867,55.4933241289665,54.661789045248035,55.29375875404649,10615000
2017-02-17,54.38905715942383,54.675105478476056,54.17618434584693,54.6085786005616,15646000
2017-02-21,54.47549819946289,54.64845882969425,54.083016276370905,54.62850280991463,16419600
2017-02-22,53.83689880371094,54.349122097862,53.79698675035247,54.31586374515879,12917400
2017-02-23,54.40233612060547,54.6950380167729,53.90341520229429,54.16285367379322,13847000
2017-02-24,53.93669128417969,54.41565629020196,53.72381851209059,54.28260763559176,11338700
2017-02-27,54.242679595947266,54.355767112582825,53.75706103144496,53.96993374081779,13465900
2017-02-28,54.09634017944336,54.5420417166161,53.91673085448713,54.23603744891749,16834200
2017-03-01,55.22723388671875,55.43345804614306,54.349133009530355,54.349133009530355,17482100
2017-03-02,55.41349792480469,56.045462534545216,55.074230202328216,55.08088390382816,14170300
2017-03-03,54.85470199584961,55.613061533672976,54.72165842178086,55.41349617256984,12190400
2017-03-06,55.10082244873047,55.14738819387969,54.768208533297276,54.84138400071542,9617200
2017-03-07,54.89463424682617,55.40686285352459,54.641849332990006,55.28712156269928,12711500
2017-03-08,53.90343475341797,54.801491717051945,53.89013242389735,54.78153568512708,16817700
2017-03-09,54.32917785644531,54.362441291650676,53.424467231965835,53.64399372363092,14721800
2017-03-10,54.28927230834961,54.86136895056922,53.989921656734154,54.84141291716663,11355200
2017-03-13,54.162872314453125,54.50879377902784,53.916741158227666,54.21609178212428,9571400
2017-03-14,53.876808166503906,54.03646652253767,53.51093585332068,53.883461866826885,11335700
2017-03-15,54.548702239990234,54.588614300464094,53.91673759781264,54.1163029754694,11970300
2017-03-16,54.59524917602539,54.68172696899412,54.32915702228646,54.56863945312293,9923800
2017-03-17,54.548702239990234,54.72166296085605,54.42896098328119,54.56865827022716,18834100
2017-03-20,54.548702239990234,54.57531197206862,54.17617614146764,54.362439190728935,7700300
2017-03-21,54.43560791015625,54.78152423354826,54.28260323857007,54.65513436601549,13387700
2017-03-22,54.38905715942383,54.6085786005616,54.16953064299784,54.52210076467631,11168400
2017-03-23,54.455562591552734,54.69504506924425,54.189470385752514,54.30255792374943,8928000
2017-03-24,54.03648376464844,54.56866322871141,53.983264295655765,54.56866322871141,9128500
2017-03-27,54.04976272583008,54.169503941649495,53.743758524355044,53.76371454777733,8481200
2017-03-28,54.442237854003906,54.561979054720894,53.85683924787921,54.09632164931319,11028600
2017-03-29,54.5620002746582,54.73496098191297,54.249347366737915,54.34247888403962,8495500
2017-03-30,55.6795768737793,55.7926694814589,54.5087793467328,54.568647425545734,44704900
2017-03-31,54.55535125732422,55.420144636821156,54.45556603942037,55.38688628104455,21750400
2017-04-03,54.59524917602539,54.754902438154474,54.116284314352455,54.56198575357589,11438700
2017-04-04,54.79484176635742,54.82810012699954,54.10300391637565,54.615227332796515,9270900
2017-04-05,54.90126419067383,55.579799570127165,54.86135213610129,55.11413694053853,13809100
2017-04-06,55.22056579589844,55.3536093371004,54.85468844466438,55.04760513210727,9554900
2017-04-07,55.05425262451172,55.45338827840175,55.001033183917,55.373559117509664,8909600
2017-04-10,55.30040740966797,55.526587591708086,55.16071012456409,55.293758783201625,8885300
2017-04-11,55.107486724853516,55.32701318945943,54.82809217460255,55.26714510381437,8576500
2017-04-12,55.19395065307617,55.44673538665314,55.014336307275606,55.1207751900145,9516100
2017-04-13,54.34246063232422,55.034298153692426,54.262631469182956,55.02764445460932,8667900
2017-04-17,54.269290924072266,54.52872938769075,54.1761594281726,54.448900216082805,9577200
2017-04-18,53.916717529296875,54.428940724109175,53.903410130567146,54.096326809863754,8821400
2017-04-19,53.544212341308594,54.22274789607563,53.41782244407788,53.99656768605728,10764400
2017-04-20,53.8901252746582,54.37573890469971,53.683901129787934,53.850208140816136,11649100
2017-04-21,53.67723846435547,53.88345748000227,53.530887520882565,53.836891732105066,9816700
2017-04-24,53.956626892089844,54.149543561794275,53.75705652335138,54.06971439924183,8729700
2017-04-25,54.36908721923828,54.502130790459894,54.06973157105927,54.169516787118944,10733800
2017-04-26,54.14954376220703,54.76820581724362,54.14289006314837,54.22936784976961,9445900
2017-04-27,54.05642318725586,54.083032913576055,53.843550451980626,53.93002825605651,12385300
2017-04-28,54.31586837768555,54.8746574735087,54.25599521725479,54.85470144512744,12072200
2017-05-01,54.588619232177734,54.68840446766477,54.20279077040268,54.22274680244251,8664100
2017-05-02,54.58197021484375,54.941188939568534,54.48218498007004,54.641838310535256,9102900
2017-05-03,55.01435089111328,55.260487066231626,54.48882526295474,54.52873731691954,10289000
2017-05-04,54.309234619140625,54.78819977731763,54.1495812581779,54.741634002233134,16164500
2017-05-05,54.5620002746582,54.70835125192862,54.28925942407092,54.302561751419574,10213000
2017-05-08,55.140743255615234,55.174006682557895,54.548690798097816,54.548690798097816,8097100
2017-05-09,54.754920959472656,55.21392995305387,54.655140808944054,55.187320221150436,8647100
2017-05-10,55.00337600708008,55.312269933034884,54.828782006074746,55.14439246524116,9520300
2017-05-11,55.473445892333984,55.54059587299597,55.130974330778145,55.4600128222725,10047300
2017-05-12,55.433143615722656,55.54058253433623,55.231688598903105,55.32569957389519,7480200
2017-05-15,55.60102081298828,55.85619272624248,55.500293305077925,55.73532074139283,10881500
2017-05-16,55.433143615722656,55.8897705470616,55.36598852797354,55.66817105320287,9574200
2017-05-17,55.05710220336914,55.762189736491585,55.03695772354529,55.433151278534595,11151100
2017-05-18,54.895931243896484,55.16453621346348,54.67433175976269,54.90935918692868,9905800
2017-05-19,55.01681900024414,55.12425794495111,54.85565802157612,55.063824499156276,13028500
2017-05-22,55.258548736572266,55.28540974660487,55.016804769492616,55.13767675303244,9218700
2017-05-23,55.45330047607422,55.66146694958336,55.22498439781239,55.27870643072283,6857200
2017-05-24,55.258548736572266,55.4264262068657,55.07052678955783,55.34584317676788,8136000
2017-05-25,54.895931243896484,55.54058009692908,54.741481721351015,55.28540819360795,12370900
2017-05-26,54.761627197265625,54.92950465020242,54.278139313093554,54.801916146542204,8227100
2017-05-30,54.459449768066406,54.62061070336002,54.41916081504644,54.580321750340055,8973600
2017-05-31,54.056541442871094,54.35871881780052,54.036396967637586,54.35200740819832,13572300
2017-06-01,54.19084930419922,54.32515436413389,53.84838292859773,53.96925492093184,9884100
2017-06-02,53.385032653808594,54.17741447548549,53.22387172557991,54.11697592539127,21687300
2017-06-05,53.80136489868164,53.982670283317994,53.317877042034034,53.344738047760345,11527100
2017-06-06,54.5333137512207,54.607180243829426,53.86852044095573,53.92224245798271,12208600
2017-06-07,54.33185958862305,54.66089795134801,53.949094089893464,54.42587054940161,13096500
2017-06-08,54.137123107910156,54.44601700790048,54.04982355313871,54.33186156896753,11720700
2017-06-09,55.1511116027832,55.15782813693589,54.18414073658873,54.49303470582448,13553900
2017-06-12,55.68832778930664,56.19867685390606,55.15111770833726,55.15111770833726,18172900
2017-06-13,55.70845413208008,55.91662053714949,55.44656571176263,55.63458764191737,12175500
2017-06-14,55.11080551147461,55.61443782885371,54.76833410115722,55.60772129678905,13714000
2017-06-15,55.2384147644043,55.33242575578935,54.78178775344197,54.916087705930686,11862600
2017-06-16,56.06435775756836,56.09793530044115,55.19810940823045,55.473430914788885,39726100
2017-06-19,55.57414245605469,56.06434165261569,55.43312603828184,56.06434165261569,10445700
2017-06-20,55.2719841003418,55.37942815489678,54.66762922472079,55.11082314172383,13232600
2017-06-21,54.687774658203125,55.486868054234755,54.486319614005296,55.09067962338418,11422300
2017-06-22,54.44602584838867,54.781780810270874,54.32515385718252,54.69448124132445,8139900
2017-06-23,54.801937103271484,54.85565913832621,54.231154569656944,54.29158801668208,10611200
2017-06-26,54.553462982177734,54.895934466560774,54.33186860824891,54.775062479320525,7718700
2017-06-27,54.466148376464844,54.88248620577122,54.466148376464844,54.69445919939242,9221600
2017-06-28,54.74820327758789,54.902652814304005,54.519892362597446,54.66762536557439,9189700
2017-06-29,54.19084930419922,54.956370214577184,53.99611593291878,54.64076485096263,20525100
2017-06-30,54.21098709106445,54.55345339203015,54.19083749405494,54.44601449071142,14000600
2017-07-03,55.130943298339844,55.39283166175891,54.2042617911041,54.251267263430286,8422300
2017-07-05,54.291568756103516,54.84892314483391,54.06996928252925,54.84892314483391,9830800
2017-07-06,53.80136489868164,54.44601366647411,53.78121530197716,54.2982806965859,9822400
2017-07-07,53.86852264404297,54.12369455053675,53.59320113792986,53.85508957763008,10777800
2017-07-10,53.82822799682617,53.99610544673162,53.69392296297389,53.720783969744346,6338300
2017-07-11,54.12370300292969,54.22443052390182,53.747659056062545,53.94239756375146,9681100
2017-07-12,54.36542892456055,54.74147274637297,54.22441249138088,54.519878421783694,7974000
2017-07-13,54.372161865234375,54.45273978096112,54.2110009105665,54.372161865234375,5582300
2017-07-14,54.58030319213867,54.667602724950335,54.2378318382736,54.39228131102437,7497200
2017-07-17,54.29828643798828,54.68104684443786,54.27814196236675,54.39229740636442,7914700
2017-07-18,54.12370300292969,54.44603004539761,53.99611959136521,54.40573596308004,8046100
2017-07-19,54.291568756103516,54.30500182170928,53.902091824951185,54.01625238974647,9393200
2017-07-20,54.29828643798828,54.72133579568091,54.22441994523366,54.3721529307429,9681000
2017-07-21,53.80136489868164,54.28484763211625,53.7207818815027,54.157264258932514,12268600
2017-07-24,53.63348388671875,53.86851126716983,53.559617406689455,53.76106725141353,9403000
2017-07-25,53.902099609375,54.42588165616131,53.902099609375,54.23785457302013,11465300
2017-07-26,53.96925735473633,54.325156813988066,53.85509676784011,54.11027383161639,10465100
2017-07-27,54.27814865112305,54.31172107355824,53.65364421382972,53.88195512996006,11149700
2017-07-28,53.45218276977539,53.66706571577918,52.559073444141625,53.48576031139399,22800800
2017-07-31,53.74763870239258,53.98266608018212,53.45217278562138,53.60662227571885,12820200
2017-08-01,53.83493423461914,54.08339468096836,53.70063433688117,53.828222825981136,10421200
2017-08-02,54.12370300292969,54.15056401673655,53.58649809643585,53.65364806934576,10410100
2017-08-03,54.04983901977539,54.271438551619404,53.922255602253045,53.9491114940995,10136700
2017-08-04,53.8618049621582,54.096832387234095,53.754366049215065,54.01625448333015,8292200
2017-08-07,53.82822799682617,53.83493940610889,53.62677300765435,53.83493940610889,7893800
2017-08-08,53.693931579589844,53.86852559000945,53.60663713598705,53.73422053460436,9028400
2017-08-09,53.8618049621582,53.955815932188564,53.57305551900393,53.8886659711974,8087100
2017-08-10,53.54313278198242,54.09232622458676,53.50245331893668,54.078768127862084,12580300
2017-08-11,53.02783966064453,53.73297969952808,53.02105802552751,53.70585833193195,10192400
2017-08-14,53.04139709472656,53.4210858535513,52.966814635261514,53.30582393360398,8862500
2017-08-15,52.91259002685547,53.054973360176334,52.66850283462736,52.96683277465574,10350900
2017-08-16,52.526123046875,53.00073418998132,52.41763754395156,52.912593598511144,9117100
2017-08-17,51.70571517944336,52.39729207995493,51.67181217026597,52.38373398000773,13400400
2017-08-18,51.963348388671875,52.28201797855964,51.56331987225735,51.65146043361859,14324300
2017-08-21,51.78706741333008,51.949795628844655,51.58366490324525,51.84809178736611,10084900
2017-08-22,52.031131744384766,52.43116529932466,51.888748497908864,51.90231176302275,9503600
2017-08-23,51.9430046081543,52.21421307880388,51.848082419357645,52.00402379829301,7054300
2017-08-24,51.753173828125,51.970139627075724,51.66502807760357,51.868435777251676,8678300
2017-08-25,52.01760482788086,52.29558985488063,51.82097874884537,51.909119333431036,6844900
2017-08-28,51.84810256958008,52.166772258475625,51.70571923104931,52.1396508835831,8229700
2017-08-29,51.83454132080078,51.86166269675291,51.58367764577233,51.67181823796158,7060400
2017-08-30,51.59722900390625,51.83453454638119,51.5701076314987,51.69215122089623,8218000
2017-08-31,51.753173828125,51.861654141164024,51.56332940065221,51.71248918447177,15641700
2017-09-01,51.915897369384766,52.10574179863207,51.746392675717864,51.780295683600336,7361100
2017-09-05,52.329490661621094,52.45153425130159,51.94302015644502,51.963359892579625,12784800
2017-09-06,53.41431427001953,53.71264416401574,52.60069387004921,52.810878019252534,18574400
2017-09-07,53.58382034301758,53.78722803473019,53.299053712917896,53.5770387071945,9836400
2017-09-08,53.44144058227539,53.590605543069046,53.31261535743127,53.57026580711952,8436000
2017-09-11,53.73298645019531,53.84824839730568,53.49568092000556,53.84147193420925,12955800
2017-09-12,53.902488708496094,54.03131392173492,53.72620239135964,53.83468787048126,7644400
2017-09-13,54.08556365966797,54.08556365966797,53.82113671089367,53.90250083854481,8369700
2017-09-14,54.30250930786133,54.397436674603505,54.08554355431835,54.13978628592199,9072600
2017-09-15,54.2889518737793,54.38387406880803,53.93638445979711,54.32285487466313,16043700
2017-09-18,54.30250930786133,54.336412308331504,54.03808245738306,54.09910682365506,8594400
2017-09-19,54.39066696166992,54.5059289119379,54.23472036734585,54.282181474684,9277100
2017-09-20,54.614418029785156,54.68900051382816,54.4177919512057,54.43135005154394,10606900
2017-09-21,54.16691207885742,54.60084362140918,54.078771512451354,54.57372225339069,11984200
2017-09-22,54.1872673034668,54.44491778686714,54.01776258454488,54.05166559747867,10205800
2017-09-25,54.905948638916016,54.91950673488591,54.227930037250765,54.261827863611174,10496600
2017-09-26,54.84492874145508,54.91951120754199,54.62118134319437,54.722885176301226,8755100
2017-09-27,55.2110595703125,55.22461766741932,54.77712804268855,54.844928873966325,9724500
2017-09-28,55.72637939453125,55.90266059781704,55.299224143562064,55.34668526335041,15581700
2017-09-29,55.58396530151367,55.63820285637252,55.3127568357345,55.55684393764863,9944000
2017-10-02,55.3466796875,55.47550493089316,55.089034373587246,55.122937386966576,6777900
2017-10-03,55.434810638427734,55.57719394539718,55.12292265560818,55.197505126812004,6082000
2017-10-04,55.45514678955078,55.509389523808146,55.224617755392906,55.46192842455091,6357100
2017-10-05,55.61109161376953,55.76025655573978,55.31954336524738,55.40768910706916,7375900
2017-10-06,55.400901794433594,55.522945355096255,55.16359630783167,55.441581257030606,6070600
2017-10-09,55.61787414550781,55.71957798693311,55.43481136924007,55.48904893484428,7489900
2017-10-10,55.77381134033203,56.099257370683375,55.65854424724752,55.82804889680967,7218500
2017-10-11,56.004356384277344,56.099278610140445,55.69246833174524,55.70603160565331,7023700
2017-10-12,55.889076232910156,55.93653733039684,55.71278993958605,55.80771213455942,6647500
2017-10-13,55.87552261352539,56.329793893422654,55.84161960994473,56.09248838697424,7180000
2017-10-16,56.146728515625,56.24165072254068,55.96366573739399,56.07214604263807,5734000
2017-10-17,56.24843978881836,56.2552214253146,55.96367313045233,56.02469234029948,6444100
2017-10-18,56.112831115722656,56.53998105013446,55.96366616859945,56.24843279154065,6367100
2017-10-19,56.09927749633789,56.30946685475307,55.821292461221766,55.83485056198731,7945500
2017-10-20,56.35011672973633,56.36367482337993,56.0178891203276,56.173830475146374,9574100
2017-10-23,56.43827438354492,56.79084699963025,56.302672714510315,56.377255184340974,9829900
2017-10-24,56.59422302246094,56.82474690280119,56.4857375449792,56.6484657612018,7551200
2017-10-25,56.390811920166016,56.770505895462456,56.24164698410727,56.58065632137826,9153300
2017-10-26,56.59422302246094,56.71626659819174,56.350135870999324,56.52642218547099,9154500
2017-10-27,56.75695037841797,57.1162994973544,55.60432054339099,56.2755576744774,14866200
2017-10-30,56.64169692993164,56.919681976292736,56.55355633920709,56.75695889615762,7811100
2017-10-31,56.51286315917969,56.7366105936378,56.39081957428187,56.71627085830028,9754200
2017-11-01,56.86542892456055,56.912890025555086,56.45183711323443,56.53997767997513,9430000
2017-11-02,56.63489532470703,56.75693888499704,56.21452708483048,56.6823564218825,7775500
2017-11-03,56.3975944519043,56.70948242640725,56.38403635426158,56.56031748797713,6903500
2017-11-06,56.78407287597656,56.865436991883804,56.31623826203729,56.47896649385177,9276700
2017-11-07,56.66883850097656,56.83156163910267,56.295925921025805,56.777318868768866,8471800
2017-11-08,56.59422302246094,56.614562756270686,56.180631192088335,56.519640549910314,8691600
2017-11-09,56.9332275390625,57.048489469431516,56.32979134728133,56.47895627969858,10528800
2017-11-10,56.755313873291016,56.85111456135079,56.39947827128675,56.80321421732091,8693700
2017-11-13,56.72111129760742,56.85796796601082,56.522665473899416,56.55688225137389,6720400
2017-11-14,56.27631378173828,56.625305038953606,56.173668680116506,56.39948685953505,9251700
2017-11-15,55.57149124145508,56.17366782330621,55.53043528973129,55.941010469209175,9663600
2017-11-16,55.12669372558594,55.325139506803694,54.84613604920645,55.0445818304242,10527200
2017-11-17,54.907718658447266,55.195125946883564,54.85297913656292,54.962463401077606,9536400
2017-11-20,55.11986541748047,55.18144935099578,54.75034615414714,54.90089161929188,8468600
2017-11-21,55.338829040527344,55.598858746581186,55.181439204793314,55.21565597539738,8838400
2017-11-22,55.49624252319336,55.708377213942285,55.46203095553954,55.537303713426425,7941600
2017-11-24,55.71519470214844,55.9067961128058,55.57833804332087,55.72888350047933,3851300
2017-11-27,55.50306701660156,55.701512832509195,55.44147786371786,55.6467680790008,9127500
2017-11-28,55.886268615722656,56.11208680339852,55.63992245112115,55.70835600186918,9794600
2017-11-29,56.29684066772461,56.32421304234346,55.75625323642878,55.87258191299894,9725000
2017-11-30,56.99482727050781,57.07010000094032,56.392650647794774,56.42001780363658,18592700
2017-12-01,57.11114501953125,57.569620492922134,56.392639849458824,57.09746144423054,13779300
2017-12-04,57.1864128112793,57.60383230207842,56.79636568947058,56.9400667111111,12597700
2017-12-05,56.72111129760742,57.32328794762852,56.597938207745464,57.076946988651855,9357200
2017-12-06,56.30369186401367,56.933240894011796,56.2557915078344,56.69373911311548,13398900
2017-12-07,56.488441467285156,56.53634181274398,56.22840654558349,56.38579637823167,11359600
2017-12-08,56.56371307373047,56.72794208054324,56.289994581878524,56.447379190689844,11988600
2017-12-11,56.816898345947266,56.96744377743522,56.61845256996278,56.82374274394563,8760700
2017-12-12,56.632144927978516,57.05640365713374,56.591083758151704,56.72110122456834,11307000
2017-12-13,56.878501892089844,57.00167498352647,56.44055428270347,56.52951059622818,10172700
2017-12-14,56.727943420410156,57.02218989247031,56.72109902224705,56.816899713546064,9492400
2017-12-15,56.816898345947266,56.98797175068431,56.707414081703476,56.905859857687965,26582300
2017-12-18,56.755313873291016,57.254845286639004,56.73478590024191,56.91954287842978,9363500
2017-12-19,56.413177490234375,56.912708995877445,56.33790476131607,56.81690829011722,10285100
2017-12-20,56.707427978515625,56.89218500378025,56.46792097659301,56.52266573250374,10620300
2017-12-21,57.37801742553711,57.66541948510751,56.768996538032546,57.035870624883046,13578100
2017-12-22,57.46013641357422,57.49434796230932,57.20694589335354,57.398547272657396,10161400
2017-12-26,57.46698760986328,57.72701733814442,57.41224286051568,57.45329881215306,4777200
2017-12-27,57.4122314453125,57.549088070723826,57.302741968386954,57.473815360523915,7000600
2017-12-28,57.49435043334961,57.5148836283684,57.34381021510228,57.466983281483735,7495300
2017-12-29,57.23429870605469,57.61750133371017,57.23429870605469,57.480644744045854,8523400
2018-01-02,58.18547439575195,58.30180303562606,57.24799565933185,57.35747990252365,11469300
2018-01-03,59.3282470703125,59.513009247365005,58.041777111047395,58.27443962645697,13957700
2018-01-04,59.41038131713867,59.68409985276912,59.14350718060437,59.389853340597085,10863000
2018-01-05,59.36248779296875,59.4514441084632,58.65082160677085,59.36248779296875,11047600
2018-01-08,59.629364013671875,59.636208413790975,59.2598447184546,59.328273057402775,10927100
2018-01-09,59.376163482666016,59.63619843620994,59.294051577965185,59.49249738223675,8131600
2018-01-10,58.904014587402344,59.6635811621394,58.8355862480314,59.533563662811254,10822300
2018-01-11,59.485652923583984,59.78674382917626,58.80135920778099,59.09560571440615,14366000
2018-01-12,59.88937759399414,60.21099644289703,59.65672026033872,59.67040383612884,9834500
2018-01-16,59.51300811767578,60.0536006235841,59.25981763645434,60.03991182960174,10882800
2018-01-17,60.21786117553711,60.36156226321625,59.48566693598266,59.67042398564213,10546000
2018-01-18,59.82780456542969,60.3478692928344,59.76621541129433,60.060461941448,9223700
2018-01-19,59.63618850708008,60.05360802230014,59.26666933520925,59.92359056717544,13090000
2018-01-22,60.38893127441406,60.41630365445592,59.567780756148856,59.64989267552678,10270400
2018-01-23,60.423126220703125,60.53261048056068,60.039918259337256,60.388909452828145,10281800
2018-01-24,60.58051300048828,60.8473870931185,60.224682617229966,60.55314062935364,10316100
2018-01-25,60.47101974487305,60.81316650206104,60.35468587966279,60.594192786290535,11271900
2018-01-26,60.90214920043945,60.90214920043945,60.53947431580137,60.65580301073293,10514400
2018-01-29,60.22468185424805,61.107421234359265,60.18362068769331,60.6215681788072,9315700
2018-01-30,59.38301086425781,60.47787982148342,59.383010864257805,59.9030755767201,12408000
2018-01-31,59.73884201049805,59.85517068634789,59.075076287154154,59.23246091430474,14404700
2018-02-01,60.950035095214844,61.07320816083966,59.77304918385461,59.875694275333,17971000
2018-02-02,57.843326568603516,58.85608320806896,56.796358387857374,58.25390160918603,29822100
2018-02-05,54.551910400390625,57.47384304860582,53.4638803874523,56.987995007368546,30452700
2018-02-06,53.614402770996094,54.98298997750906,52.62217913457255,53.72389225347516,36262800
2018-02-07,52.649559020996094,54.33976529763843,52.63587022335918,53.67599957240675,21994500
2018-02-08,52.05422592163086,53.087510957214135,52.02685354484257,52.99171024882862,25650800
2018-02-09,52.38602828979492,52.86993512798138,51.08640317909623,52.71093588600247,29491600
2018-02-12,52.82847213745117,53.65802474034899,52.42752197642389,53.263988968065846,19340400
2018-02-13,52.745513916015625,53.056592806531164,52.351478193434055,52.607252529238906,11926600
2018-02-14,52.856101989746094,52.99436333529363,51.96433608895594,52.39293834895672,17188400
2018-02-15,52.68329620361328,53.0220273793937,52.15791346985904,52.966728097524374,14432400
2018-02-16,52.91140365600586,53.31235362513411,52.4344112694867,52.641800639485666,13722400
2018-02-20,52.365299224853516,53.554320724381334,52.1648241790836,52.86302964550538,13387300
2018-02-21,51.77077865600586,52.84228173469034,51.756955157668415,52.41367944839027,11715000
2018-02-22,52.44134521484375,53.11880756448068,51.97818142644036,52.05422387219407,14020200
2018-02-23,53.59579086303711,53.65800979613926,52.50354980752667,52.60033012645728,13378800
2018-02-26,54.501380920410156,54.563599854113974,53.61652926784112,53.74096186111689,16940400
2018-02-27,53.57505416870117,55.21341578841863,53.57505416870117,54.61199070099861,14629500
2018-02-28,52.35838317871094,54.09352520848122,52.33073090353598,54.03131154493671,17087800
2018-03-01,51.98508834838867,53.008201491851416,51.75005190715667,52.21321567603093,15696700
2018-03-02,52.227054595947266,52.448267578835186,51.48737318996576,51.77079985204081,15630300
2018-03-05,52.724769592285156,52.92524464310084,51.929789050874774,52.00583149339564,14891000
2018-03-06,52.662567138671875,53.215602243103035,52.441354151726145,53.0012983712158,10754300
2018-03-07,51.33527755737305,52.012739868590955,50.851370632370674,51.846831484597324,27255500
2018-03-08,51.23849105834961,51.6878259911459,50.941235715993955,51.50117974089086,19299800
2018-03-09,51.542659759521484,51.88830528961298,51.30070894328389,51.72239691192609,19714100
2018-03-12,52.01274108886719,52.24778280632723,51.63253414687286,51.756966756320516,14226700
2018-03-13,51.52191162109375,52.413677544205406,51.3283510066133,52.07494646886462,13739700
2018-03-14,50.8790168762207,51.7016548592954,50.830626716871116,51.597960153794354,14820700
2018-03-15,51.445892333984375,51.846842515227515,51.224679350218075,51.397502158602165,15640600
2018-03-16,51.92979049682617,51.92979049682617,51.404407772271036,51.404407772271036,32109700
2018-03-19,51.25923156738281,51.85374228251363,51.058756533291536,51.8468278953706,12744800
2018-03-20,51.14861297607422,51.63942888948893,51.12096070676663,51.30761220606007,13003200
2018-03-21,51.874473571777344,52.2892470873579,51.14170685178065,51.31452958945016,15418500
2018-03-22,50.80989456176758,51.63944175108225,50.73385212076495,51.445881091850985,17737000
2018-03-23,50.38820266723633,51.30070661428587,50.23611779703941,51.02418914793983,20157300
2018-03-26,51.155548095703125,51.25924282910214,50.29143410760003,50.913597233860905,15032700
2018-03-27,50.94814682006836,51.77078483379289,50.657805853153356,51.15553623879737,15821900
2018-03-28,50.332908630371094,51.16246120264813,50.31217073903746,50.97580963237923,18163900
2018-03-29,51.577232360839844,51.7707930361167,50.643990376964794,50.69238054578401,14882900
2018-04-02,50.6163330078125,51.43205668167676,49.88356616106627,51.34218546709914,17891100
2018-04-03,51.86065673828125,51.94361357014771,50.533379073213474,50.7753299068249,15999200
2018-04-04,51.75696563720703,51.88830735746611,50.768419170784505,51.19010715623182,13122200
2018-04-05,52.55194091796875,52.75933033321973,51.860649899308044,51.888302172950304,14200000
2018-04-06,51.75696563720703,52.62107949687244,51.30762537535453,52.28925745414265,14299600
2018-04-09,51.75696563720703,52.392952172128986,51.708575472031065,51.99891646308686,11103100
2018-04-10,53.277809143066406,53.761710842260015,52.57960359925881,52.593432375883175,19006100
2018-04-11,53.52667999267578,53.94836806366811,53.0566017466909,53.305467010690755,13734000
2018-04-12,53.381492614746094,54.0174790779005,53.23632213559988,53.823918439038884,13270400
2018-04-13,53.810089111328125,54.05204518154593,53.6441807474594,53.78244211245983,10925000
2018-04-16,54.29400634765625,54.66730419325871,53.720233440111755,54.0036653368986,10743600
2018-04-17,54.14884567260742,54.446101125433245,53.94837057427059,54.294016204340906,10478100
2018-04-18,54.76408767700195,55.13738554405465,54.57052699204124,54.63965505465105,12061400
2018-04-19,54.902320861816406,55.178838270848615,54.480632999721735,54.83319282809108,11291500
2018-04-20,54.61201095581055,54.88852852180599,54.148847065395174,54.83322395378012,12072200
2018-04-23,55.00602722167969,55.02676510878475,54.43916878623591,54.55668699591927,11729800
2018-04-24,54.162654876708984,55.254896045140526,53.899966165901,55.165030103737564,14102000
2018-04-25,54.95762634277344,55.0405831491478,53.568130162256075,54.05894606650965,13867500
2018-04-26,55.897789001464844,55.925441273529344,54.97837073331387,55.02676089089383,14554400
2018-04-27,53.775543212890625,54.370054068280545,52.86995342639047,53.194855860915986,16346800
2018-04-30,53.74786376953125,54.30780767220585,53.74094938425126,53.85847283748856,15028800
2018-05-01,53.19484329223633,53.409147100538085,52.52429541529696,53.409147100538085,16231000
2018-05-02,53.09114456176758,53.38839986719128,52.74549910309495,52.849188521391824,13883700
2018-05-03,52.91140365600586,52.95979380578818,52.12333248861903,52.80770897100638,12243100
2018-05-04,53.16029357910156,53.381506548991474,52.496654669431834,52.627996409154036,9887200
2018-05-07,53.740962982177734,54.667295701250325,53.50592656449382,53.740962982177734,15071500
2018-05-08,53.982906341552734,54.0313017699527,52.79389036893154,53.78243661253329,17430400
2018-05-09,55.25489807128906,55.46919662548708,54.57743046976097,54.5981736331214,17142100
2018-05-10,56.4923095703125,56.54069973637671,55.64893358393697,55.745713916065384,17710300
2018-05-11,56.75766372680664,57.239491078285226,56.49929686217478,56.687834988462654,14751000
2018-05-14,57.1417236328125,57.48388814320802,56.988097228425346,57.05094148789791,11852100
2018-05-15,57.11378479003906,57.28137479111461,56.84144904044502,57.15568095841043,12595700
2018-05-16,57.274383544921875,57.29533695421883,56.680831476988146,57.09282995173049,9570000
2018-05-17,57.176631927490234,57.455952161769524,56.86938446461432,57.4000870493956,11224100
2018-05-18,56.771636962890625,57.12078600859698,56.74370439992312,56.9462114857438,10030900
2018-05-21,57.45594787597656,57.504828513760025,56.92524000319185,57.07188724413219,8822400
2018-05-22,57.00904083251953,57.7143232119385,56.80653379971248,57.567681290441726,10753400
2018-05-23,57.36517333984375,57.421038450260234,56.26186138327404,56.52721266636706,15140900
2018-05-24,56.05238342285156,56.813531085263655,55.828928254798655,56.80654661287691,13360500
2018-05-25,54.963035583496094,55.39598226649226,54.53008890049993,55.36106523504752,14562000
2018-05-29,54.760520935058594,54.97699691036066,54.13903622010061,54.57198284311448,14644800
2018-05-30,56.91128158569336,57.02301181230746,55.31916314957555,55.34011123516808,16627500
2018-05-31,56.72972106933594,56.94619704554303,56.34566041300257,56.4294527530657,15803100
2018-06-01,57.1417236328125,57.504836229698874,56.94620105544363,57.169656190663865,9906100
2018-06-04,56.54119110107422,57.63053429914627,56.42946086148167,57.29535423555074,10954700
2018-06-05,56.338680267333984,57.016030148660285,56.15014216012731,56.27583067987129,12059300
2018-06-06,57.30233383178711,57.323281919978164,56.47136281052549,56.89732502904738,11603300
2018-06-07,57.87492370605469,58.161228380887486,57.65146860786875,57.770183290959544,13502500
2018-06-08,58.37771987915039,58.41962138775819,57.60959303750203,58.035555303138175,14350400
2018-06-11,58.028564453125,58.510391792224475,57.90985506823098,58.4615111438804,10831600
2018-06-12,57.5537223815918,58.482460040559275,57.483893644076524,58.03554972735215,12351800
2018-06-13,56.91826629638672,57.679408489935604,56.8903337396156,57.56768359044157,12049300
2018-06-14,57.18362045288086,57.469925178404125,56.91128467023668,57.21853748248785,11477300
2018-06-15,56.32472229003906,57.13474524359495,56.21997651884366,57.064916505328426,23797500
2018-06-18,56.43645477294922,56.82750002174748,56.073342088721105,56.14317083635052,9192600
2018-06-19,56.3526496887207,56.534208670819694,55.661336120947375,55.787029981232635,8759700
2018-06-20,56.178062438964844,56.652905211516554,56.052368607183794,56.45738265709938,8917700
2018-06-21,55.64735794067383,56.12917983934243,55.39597028589462,55.87779218456322,10990700
2018-06-22,56.827491760253906,57.218542279793795,56.506275305783014,56.67387066883918,16012200
2018-06-25,55.68225860595703,56.72970518416775,55.37501123244226,56.408488872827114,10557200
2018-06-26,56.31074523925781,56.56911739399869,55.84288689987529,55.968580741696464,10382800
2018-06-27,57.05793380737305,57.59562629668577,56.60403900314048,56.60403900314048,12725900
2018-06-28,57.23947525024414,57.30930396927887,56.58307357062025,57.07188525904285,9390700
2018-06-29,57.77019500732422,58.33581467391034,57.4629421871585,57.57466709511548,17323200
2018-07-02,57.09284591674805,57.35121276684105,56.78559309221481,57.18362273872789,9998300
2018-07-03,57.42802429199219,58.27296420713531,57.31629938571737,57.66544837516118,7197300
2018-07-05,57.47690200805664,57.79811842266301,57.29534837866424,57.67242457976569,9035700
2018-07-06,57.49086380004883,57.749230597277375,57.023005514849714,57.23249167523044,7637100
2018-07-09,57.88889694213867,58.04950247559557,57.65147288592868,57.82604736082802,7158600
2018-07-10,58.419620513916016,58.740836994615414,58.31487473535083,58.44754774911457,8806200
2018-07-11,57.67241287231445,58.32881451059487,57.28136780827817,57.97966560982264,10405300
2018-07-12,57.74225997924805,58.126320660441046,57.47690334496458,57.96571511319744,9762200
2018-07-13,58.17518997192383,58.48244271909761,57.65146660429012,57.735264261043774,8720000
2018-07-16,57.60260009765625,57.812091627126534,57.260435571939624,57.6235481850851,8306900
2018-07-17,57.47690200805664,57.784154807936865,57.28836390750591,57.44199030744603,7373300
2018-07-18,57.41407775878906,57.4839065119356,56.90431773839382,57.12079379901817,8711900
2018-07-19,57.267417907714844,57.69338009485069,57.0649108574707,57.400090899012895,8659100
2018-07-20,56.841453552246094,57.21155060914323,56.73670779541338,57.06490868061364,9196300
2018-07-23,56.841453552246094,57.26043125198643,56.687827152570186,57.22551422384536,8425900
2018-07-24,57.96571731567383,57.97269645966916,56.89732224939614,56.92524948055914,11121000
2018-07-25,58.37071990966797,58.4754656619911,57.616562213639995,57.96571116965693,9523600
2018-07-26,58.82461929321289,58.93634952526162,58.21710347111765,58.53831989687172,13210100
2018-07-27,57.2045783996582,57.525794882564114,56.429467091579646,56.541197343507775,18220800
2018-07-30,57.078880310058594,57.351216119509424,56.35963418111966,57.351216119509424,11282800
2018-07-31,56.91826629638672,57.36517654954377,56.86938565393487,57.009043110200025,11716800
2018-08-01,56.136173248291016,56.513254790503126,56.017463872295735,56.48532223245881,8936300
2018-08-02,55.800987243652344,56.045390440933005,55.47976552426618,55.78701830232766,8364300
2018-08-03,56.00349044799805,56.073324501315945,55.60546085100129,55.84288491158354,7811100
2018-08-06,55.98951721191406,56.16409166002709,55.68226447840654,56.03839784428214,10041800
2018-08-07,56.75069808959961,56.97415332301732,56.08033238934647,56.499315613648555,10698100
2018-08-08,56.373592376708984,56.722741330211825,56.10823576238907,56.57609408146123,7275000
2018-08-09,56.0872917175293,56.4992902826856,55.94064978580639,56.37359643726731,9828500
2018-08-10,56.03084182739258,56.10139079258571,55.635763316278215,56.09433966384511,12954300
2018-08-13,55.42412567138672,56.26367311170537,55.33241253067539,56.05202077770392,10308500
2018-08-14,55.24775314331055,55.783935134370275,55.08549101107658,55.72749379161816,8005900
2018-08-15,54.281211853027344,54.95849170784223,53.97784641344488,54.87382970753718,16307800
2018-08-16,55.02904510498047,55.099594086298914,54.464642489348385,54.52108382742004,11519900
2018-08-17,55.21247482299805,55.37473693607648,54.887945214299116,55.268910776545034,10178400
2018-08-20,55.600486755371094,55.73453355849455,55.1489669141081,55.21246475126066,8152100
2018-08-21,55.61460876464844,56.14373416874115,55.50172609482185,55.76981974438901,9192200
2018-08-22,56.41182327270508,56.475321121060084,55.74865103398981,55.812148882344815,10098200
2018-08-23,55.790977478027344,56.17899950017704,55.663987180359484,56.12961468344739,7203900
2018-08-24,56.17195510864258,56.47532055709546,56.03085177067497,56.10140074838778,6545200
2018-08-27,56.72224044799805,56.77162526697504,56.34126953765768,56.376546715159066,6671900
2018-08-28,56.637577056884766,57.01854795784417,56.58113572728898,56.84922935159825,8823400
2018-08-29,57.04677200317383,57.17376231101894,56.51059010532315,56.750463079049155,8004800
2018-08-30,56.799835205078125,56.990317933002366,56.52469049666501,56.757501523563405,7450900
2018-08-31,56.55997848510742,56.764574292984605,56.27777718518916,56.60936330890246,10700000
2018-09-04,56.64463806152344,56.926839349343894,56.30599543963051,56.729300062632134,8855000
2018-09-05,57.39951705932617,57.44890187553891,56.15783475985286,56.36948704793103,13878400
2018-09-06,56.76457595825195,57.59706685703494,56.679913951030166,57.22315241125434,13320600
2018-09-07,57.73111343383789,57.80166241493915,56.31305576877084,56.54587225069303,16417800
2018-09-10,57.6464729309082,58.37313793415,57.61120111847121,58.020387514514624,10817900
2018-09-11,58.4577751159668,58.69059158574174,57.59000708432469,57.82282355409964,11891900
2018-09-12,58.64826583862305,59.10684232779392,58.46483954898885,58.73292785252223,11556300
2018-09-13,58.07679748535156,58.732913126571674,57.85809406579197,58.662364157282255,11162700
2018-09-14,58.50010681152344,58.66237431326904,58.04153035793869,58.14735652146475,9442600
2018-09-17,58.84579849243164,58.98689643750591,58.54948419570914,58.556540707725325,8403300
2018-09-18,59.00101852416992,59.35376885576077,58.874028189495505,59.19150671745301,9219900
2018-09-19,59.706485748291016,59.805255355216374,59.00804199002176,59.00804199002176,10413600
2018-09-20,59.84054183959961,60.20739966779842,59.64300259498943,59.86876250062117,11198200
2018-09-21,60.087486267089844,60.27091793464926,59.62890978946257,59.97460896727504,26639400
2018-09-24,61.09632110595703,61.442014724358685,60.47548281826063,60.52486762088944,13549500
2018-09-25,61.02580261230469,61.63253356598996,60.934089470949466,61.3997170734623,12200700
2018-09-26,60.51784896850586,61.02581033189735,60.45435648935351,60.687167628788636,10275500
2018-09-27,60.510772705078125,60.94112842068519,60.383782405677,60.73653263928664,7895400
2018-09-28,59.981658935546875,60.6236670682912,59.960494778650684,60.14392644265512,9884900
2018-10-01,60.53899002075195,60.6942009761608,60.15096801477096,60.21446046968852,8566900
2018-10-02,60.99757385253906,61.14572831471494,60.40495600383558,60.53194631177801,8453100
2018-10-03,60.77887725830078,61.30094619082358,60.6589434491138,61.0328579027805,10206700
2018-10-04,60.37672805786133,60.72947827266649,60.14391162428006,60.320286731682636,10204600
2018-10-05,60.20741271972656,60.46139334143848,59.91816030099693,60.18624856500755,9217400
2018-10-08,60.76475524902344,60.89174555248966,59.72061753833818,59.81938717630729,13242400
2018-10-09,61.0328483581543,61.29388009232304,60.48960997142725,60.94112985043747,10177900
2018-10-10,59.6288948059082,61.2515479705281,59.61478716542978,61.188055514563395,16573400
2018-10-11,57.56884002685547,59.381976106108276,57.265474594955194,59.21971400447655,20320100
2018-10-12,57.41362380981445,58.02035461818716,56.63051789162505,57.94274913926452,15216300
2018-10-15,57.0185546875,57.667613906832905,57.0185546875,57.41363327621706,10558800
2018-10-16,57.2866325378418,57.33601735244606,56.44709068956924,56.7998409031829,9781800
2018-10-17,57.49830627441406,57.512413919904766,56.67992288983238,57.103227610157035,12247700
2018-10-18,57.7452278137207,58.182640159645565,57.28665130925063,57.28665130925063,17448600
2018-10-19,57.82988739013672,58.17558119105425,57.50535774687131,57.61118391767457,12098700
2018-10-22,57.25137710571289,57.97804189219652,56.89157027789985,57.85105156370619,9474100
2018-10-23,56.3271484375,56.76456061611016,55.53699144716011,56.482359384185564,15465100
2018-10-24,54.760963439941406,56.623484761024095,54.7115786087969,56.531766229939365,16085700
2018-10-25,55.24775314331055,55.7698274899536,54.845617995651416,55.37474347323146,12315500
2018-10-26,54.69745635986328,55.31830028391809,54.295321264755955,54.937329343941364,18160100
2018-10-29,54.358821868896484,55.33241073206269,53.773255095396784,55.07843009253372,15707000
2018-10-30,55.579322814941406,55.755697921809094,54.61984180297785,54.76094511799667,17758200
2018-10-31,56.214263916015625,56.68694782349664,55.66397454521204,55.9743910159622,16629100
2018-11-01,56.9127197265625,56.96916105409162,55.946187559697194,56.320101935130445,14159300
2018-11-02,57.81578063964844,58.16853099225774,56.60232394800872,57.68173916578629,19350400
2018-11-05,57.59706115722656,58.464829152113154,57.45596320836224,58.20379202591826,15815000
2018-11-06,57.843990325927734,57.92159581936359,57.39247039096037,57.667615183126664,9063200
2018-11-07,58.57771682739258,58.655322327799034,57.61118440285484,57.999206522344394,12699800
2018-11-08,57.6464729309082,59.085695288925855,57.52653908004279,58.64828283086206,16865500
2018-11-09,57.6322021484375,58.009907054452896,56.79127209015352,57.19748374491998,15070100
2018-11-12,56.89104461669922,58.245085316952895,56.81978046133988,58.195199864490704,11906600
2018-11-13,55.58688735961914,56.90529321598371,55.33033205991393,56.869663858145195,15530200
2018-11-14,55.15217971801758,56.363686862984366,54.69608252670485,56.19977982331966,18552100
2018-11-15,55.72229766845703,55.72229766845703,54.097450927226845,54.63906288289905,18976000
2018-11-16,56.27103805541992,56.43495051490512,55.65815649977293,55.85057571034715,13704900
2018-11-19,56.456329345703125,56.55610025618531,55.893333243921155,55.91471194800922,9430800
2018-11-20,54.85285949707031,56.22827893178684,54.42526911799457,55.88620336626225,15533700
2018-11-21,55.27333068847656,55.85770556886807,55.05953818322554,55.18068781324521,9685300
2018-11-23,53.798118591308594,54.30410105292041,53.235122642925084,54.19720756160516,10875400
2018-11-26,54.8599967956543,55.102296057720174,54.247115155348446,54.33262998332107,13741100
2018-11-27,54.90987777709961,55.19493442989155,54.44665256065201,54.567802181799294,10344500
2018-11-28,55.90756607055664,55.90756607055664,54.76019552883117,54.90272923913859,11482100
2018-11-29,56.342281341552734,56.677228746377814,55.722277405655475,55.74365610177541,10255200
2018-11-30,56.655860900878906,56.72712504729532,55.81493092411119,55.90757377074194,14040100
2018-12-03,57.88163375854492,58.0526688268133,57.11196779567701,57.18323195436327,19415100
2018-12-04,56.605987548828125,58.401869432907766,56.54897404467143,57.99565773072862,18540700
2018-12-06,55.86482238769531,55.90045718329478,54.817222467505495,55.58688838076003,23218100
2018-12-07,55.33031463623047,57.268729429321006,55.109394201038626,56.577455947083095,16224700
2018-12-10,54.546417236328125,55.48711821940194,53.30640353980048,55.48711821940194,17946200
2018-12-11,54.646175384521484,55.444347871184036,53.93352312621375,55.373078295669075,15742400
2018-12-12,54.17582702636719,55.72940930295102,54.17582702636718,55.61538775893593,14559800
2018-12-13,54.8599967956543,55.031031888707126,54.12596008720793,54.182973597261395,13749700
2018-12-14,53.86227035522461,54.78159261491357,53.51306676024,54.67469366618576,12669300
2018-12-17,52.76477813720703,53.87651401046418,52.365694580059476,53.634214832797646,15464100
2018-12-18,51.310970306396484,52.636504140946876,51.04016436491535,52.47259170458589,18681200
2018-12-19,50.4415397644043,52.21604285037144,50.099469631669464,51.63166805626825,21679600
2018-12-20,48.909324645996094,50.35601336010931,48.4959904504978,49.949796335680944,28723700
2018-12-21,48.54589080810547,50.14935895129661,48.22519391720295,48.56014146594002,47287300
2018-12-24,46.68585968017578,48.125415118389824,46.63597423026505,47.65506736738957,14262800
2018-12-26,48.91645812988281,48.9307142220296,46.07297670248003,47.163333956147696,24887700
2018-12-27,49.130252838134766,49.130252838134766,47.09206676143399,48.2750667891305,22077000
2018-12-28,48.58150863647461,49.58635104410478,48.33208140528814,49.30128902113202,19710600
2018-12-31,48.595767974853516,49.27991361343436,48.218063079949054,48.68841082773941,15807000
2019-01-02,49.66474533081055,49.79302297470272,47.93299985681926,47.997135960212304,16727200
2019-01-03,48.902198791503906,50.06381998832354,48.71690768623954,49.88565692786687,13866100
2019-01-04,50.70521926879883,50.790734076918184,49.42957082232407,49.62911262407765,16043600
2019-01-07,50.96889114379883,51.38223079113921,50.41302320839208,50.77647741119867,10844200
2019-01-08,51.339481353759766,51.731436925278736,51.26821719867509,51.69580756628966,11439000
2019-01-09,51.61027526855469,51.738552892600936,51.06153542169894,51.738552892600936,13473500
2019-01-10,51.34660720825195,51.36798591015398,50.683840263757695,51.36085786381788,13151100
2019-01-11,51.11143112182617,51.232580725214305,50.648205973282096,51.20407397669245,9790100
2019-01-14,51.04728317260742,51.15418210687338,50.68383440805109,50.74797050634727,11012400
2019-01-15,51.075782775878906,51.5675145424825,50.826355588871614,51.27532452548474,10298300
2019-01-16,51.05440902709961,51.58177019317925,50.81923246922833,50.897624655185425,12595600
2019-01-17,51.40360641479492,51.5532627394413,50.527047165136814,50.73371697644048,10141700
2019-01-18,52.01649475097656,52.2302926359438,51.403613280316954,52.216036543822746,15759200
2019-01-22,51.23257827758789,51.81695300160172,51.0829219328277,51.58890446142818,15035600
2019-01-23,50.81211853027344,51.52477093357541,50.54843518369342,51.31810108416508,13187200
2019-01-24,50.88338088989258,51.28959252797428,50.341763560081596,50.669583001594354,11272500
2019-01-25,51.11143112182617,51.50338668051244,50.983153472030985,51.36085837500949,8996200
2019-01-28,50.76936340332031,50.7978701562368,50.149359197985135,50.61257898083325,13678400
2019-01-29,50.96177291870117,51.446376751756546,50.94039421736296,51.09717317287858,10513200
2019-01-30,51.517642974853516,51.717184778180744,50.96177496926871,51.147060679726074,11524700
2019-01-31,52.22315979003906,52.37281612091875,51.32521636765537,51.51763553386181,19876700
2019-02-01,54.10457992553711,54.510791658808245,52.96433694066264,53.391927380352136,22968700
2019-02-04,53.32063293457031,53.99052768651175,53.021320340466225,53.99052768651175,15483800
2019-02-05,53.86939239501953,53.90502718992082,53.45605813453875,53.577207737833014,12786700
2019-02-06,53.63422393798828,53.99767276618881,53.541575641418,53.862272500373685,10866900
2019-02-07,53.22087097167969,53.58432514651479,52.665003079052624,53.41328468947165,14418900
2019-02-08,53.30734634399414,53.372194488572894,52.40664101949584,53.1488213272874,11959500
2019-02-11,53.393798828125,53.480268499403884,52.889406156001016,53.23527384618094,10434800
2019-02-12,54.330543518066406,54.36656843073806,53.91261494930028,54.0999631865866,12599200
2019-02-13,54.94301986694336,55.15198414318271,54.409803901952074,54.46024317570168,13214600
2019-02-14,54.95744323730469,55.23126122204647,54.5539289408052,54.95024155163147,12772900
2019-02-15,55.995059967041016,56.03109038673862,55.303318789114634,55.440227787001284,14330300
2019-02-19,56.369747161865234,56.54988823543989,55.80770239443814,55.886964906608526,13551500
2019-02-20,56.585914611816406,56.78767173983106,56.204016405578734,56.420187898434115,12633100
2019-02-21,56.074317932128906,56.67959484950893,55.92300007715134,56.3553375910115,10266000
2019-02-22,56.50665283203125,56.888551043232546,55.93020467270704,56.71561714518223,9519300
2019-02-25,56.56429672241211,56.81649312422837,56.348125236587165,56.51385744204885,9274400
2019-02-26,56.67959976196289,57.0182604205676,56.48504429050824,56.69400863143682,10990600
2019-02-27,57.263240814208984,57.464997921045224,56.679585541222885,56.838105055545036,12398200
2019-02-28,56.94619369506836,57.46500085194746,56.71561334728533,57.24882937075812,14597900
2019-03-01,57.6451530456543,57.6451530456543,56.94620468538051,57.19840113046121,15419400
2019-03-04,57.868507385253906,58.04144674617884,56.93177725218499,57.81806811268457,18089900
2019-03-05,57.78205871582031,57.93337657415476,57.46500863313678,57.731619429708836,13745500
2019-03-06,57.12633514404297,57.19839047242961,56.10313518753287,56.816492284258175,18633600
2019-03-07,57.760433197021484,57.83248852287479,57.155156365421966,57.320888562606655,16541700
2019-03-08,56.931793212890625,57.15516641153869,56.38416274470478,56.84532350818656,16211300
2019-03-11,57.48660659790039,57.85409585107368,57.392935238156205,57.630722725354694,11060900
2019-03-12,57.6451530456543,58.06308172462814,57.56589052041891,57.72441557088969,11320000
2019-03-13,58.15673828125,58.19276869169889,57.789248985052744,58.07026859465394,10260200
2019-03-14,57.96220779418945,58.30087397508323,57.89735413312842,58.22161144349232,9976700
2019-03-15,57.75324249267578,58.04146937579151,57.71721207073486,57.774858546852116,25316400
2019-03-18,58.42336654663086,58.5458611829438,57.96220574141823,57.96220574141823,9840600
2019-03-19,58.27204132080078,59.08627706220301,58.10630910039816,58.78364135274056,13936500
2019-03-20,58.596275329589844,59.028612711769775,58.048645046845614,58.18555399189869,13133600
2019-03-21,58.93495559692383,59.00701092845725,58.22159846904501,58.228800153969765,10117000
2019-03-22,57.99100112915039,58.682742004765565,57.86129937138081,58.53142420361235,12497700
2019-03-25,57.587486267089844,57.96218270834687,57.349698775230756,57.64513271920143,11320400
2019-03-26,58.33688735961914,58.56026054220245,57.77484806313885,57.882933811878026,9472800
2019-03-27,57.89012908935547,58.589077290039576,57.515438098998175,58.34408808431922,7258700
2019-03-28,58.1783561706543,58.21438658224403,57.65954902958836,57.6667562114001,7412300
2019-03-29,58.221595764160156,58.71157969228067,57.991015415483986,58.60349395126734,10889200
2019-04-01,58.891727447509766,58.92775236695805,58.42335951492387,58.53144526820827,10816400
2019-04-02,58.6395263671875,59.05024783759809,58.444976406454,58.90613716279327,7646000
2019-04-03,58.29364776611328,58.92053513277598,58.08468347806944,58.92053513277598,8562900
2019-04-04,59.12230682373047,59.143922874528286,58.199979842423026,58.45218176164996,9360600
2019-04-05,59.43934631347656,59.46816954456468,59.05024093999077,59.194357095431364,10059100
2019-04-08,59.80683517456055,59.95094583141519,59.5114011812986,59.56904764302813,9108200
2019-04-09,59.035831451416016,59.504199331093986,58.89892247955668,59.460961736182576,8561600
2019-04-10,58.769229888916016,59.14392645029736,58.66114962839257,59.028633509112325,10324300
2019-04-11,59.05024719238281,59.1367168948028,58.3801221166698,58.754818663019975,9115100
2019-04-12,58.30806350708008,59.66992963329875,58.063074276846635,59.66992963329875,16638700
2019-04-15,58.113521575927734,58.40895012946066,58.01984468294124,58.28645549744628,8536100
2019-04-16,58.50980758666992,58.61789331015186,58.14232382328691,58.22878800409785,7005700
2019-04-17,58.67555618286133,58.870106141599564,58.42335975580442,58.76202588533932,8311400
2019-04-18,58.45938491821289,58.96378327189153,58.41615281552923,58.7692278148754,9493900
2019-04-22,59.73478317260742,59.96536353489678,58.82687059095019,58.992602803284484,10770600
2019-04-23,60.08063507080078,60.15989756475375,59.57624237970736,59.943731624628576,10595100
2019-04-24,58.9133415222168,59.86448622376446,58.891725471779054,59.8140469402532,11684000
2019-04-25,59.24480438232422,59.69155078089421,58.65394180883652,58.834082904381184,11135000
2019-04-26,57.99821090698242,58.099089455164545,57.328085981219175,57.83968590341951,18053500
2019-04-29,57.62353515625,57.918963697508424,57.40016195450802,57.73162091425967,10023700
2019-04-30,57.84690475463867,58.027045840943586,57.594708333305725,57.91175840439267,13721500
2019-05-01,56.686798095703125,57.83249831132154,56.65077317541356,57.60191793108266,13909800
2019-05-02,55.69242858886719,56.564310938541865,55.6563981663512,56.405785875424534,15360400
2019-05-03,55.822113037109375,56.35532904004811,55.8004969893167,56.0526933760128,12180700
2019-05-06,55.577117919921875,55.95902158546169,55.27448225814515,55.42580008903351,13367100
2019-05-07,55.281700134277344,55.33213942099778,54.59716067453432,55.12317509102169,13498800
2019-05-08,55.368160247802734,55.692417493433915,55.06552454985592,55.15199424818481,11352900
2019-05-09,55.31771469116211,55.39697719794029,54.73405941167639,55.01507902753758,13221600
2019-05-10,55.79875564575195,55.9663875882872,54.785690876106706,55.52180456730791,11056000
2019-05-13,55.17924880981445,55.55824029679459,54.924161593857214,55.135521161503,12176100
2019-05-14,55.25212860107422,55.973668141842474,55.21569074861622,55.48535198664506,10548400
2019-05-15,55.660255432128906,55.79144389099528,54.81481746154952,55.07719437928227,8918000
2019-05-16,55.652992248535156,56.08299567122816,55.55095734957462,55.68214587116459,8105200
2019-05-17,55.325016021728516,55.60925685218357,55.09178707316624,55.13552028126375,9279400
2019-05-20,55.317726135253906,55.65298440753009,55.150094218873726,55.42705081459018,7154300
2019-05-21,55.57279968261719,55.72585197186219,55.3395763522701,55.587373708052645,8489900
2019-05-22,55.06990432739258,55.55093052779586,54.94600566140346,55.405162485030196,7858300
2019-05-23,53.7799186706543,54.51603239974671,53.23330072103312,54.49416301095419,14657200
2019-05-24,54.00582504272461,54.11514968954747,53.52480438137954,54.03497865257621,7056400
2019-05-28,52.91988754272461,54.11515792615385,52.83242669985782,54.10786813246077,14912900
2019-05-29,52.5919303894043,52.78871037744326,52.19836485284182,52.39514484088078,13645200
2019-05-30,52.45344924926758,52.57005816464548,52.132765001130906,52.48988710261131,9362100
2019-05-31,51.57884979248047,52.147336938155746,51.47681492131698,51.88495996645437,13983300
2019-06-03,52.38784408569336,52.48259472274679,51.72461742873633,51.81207271157532,11831000
2019-06-04,53.634132385253906,53.685155381339484,52.5992040856201,52.80327382802864,10423000
2019-06-05,53.189552307128906,53.670573023624236,52.89802173567072,53.670573023624236,10617800
2019-06-06,54.158897399902344,54.384836569883554,53.63414334902086,53.72160421099597,11738900
2019-06-07,54.355674743652344,54.63262575737125,54.24635007280834,54.304657305322976,9095500
2019-06-10,54.596187591552734,54.902292219758024,54.26092378677508,54.800257343689594,7760400
2019-06-11,54.54518127441406,55.25214138944106,54.53060724215446,55.03349754263457,9415100
2019-06-12,53.95481491088867,54.377533970169324,53.794472815266126,54.28278889570294,7920800
2019-06-13,54.428550720214844,54.785672753851586,54.20990139975297,54.44312474668681,8986400
2019-06-14,54.188053131103516,54.523311441005696,54.10059782620674,54.42856634053925,8575900
2019-06-17,54.72737121582031,54.80025803720621,53.96210963562243,54.049570484995236,9355700
2019-06-18,55.201114654541016,55.55095253529082,54.91687380914375,54.967891254202634,10091500
2019-06-19,54.8950080871582,55.281283809324535,54.78568340567159,54.95331532534897,9757400
2019-06-20,55.835174560546875,56.09755149254976,55.448898955232245,55.565507835854305,16229700
2019-06-21,56.622314453125,56.673331889183764,56.02467924765798,56.221459198032214,23108100
2019-06-24,56.082969665527344,56.67332051917873,55.98093481388041,56.5056886569117,10011800
2019-06-25,55.5873908996582,56.27977687235848,55.52908921940248,56.17774198130531,9740000
2019-06-26,55.827903747558594,56.214179484194624,55.73315865231271,55.886210987933524,11365500
2019-06-27,55.259429931640625,55.937236406279446,55.215702275368855,55.82062190890769,8147800
2019-06-28,55.84975051879883,55.92263732725367,55.34686601545375,55.52907191562526,14781300
2019-07-01,55.79875564575195,56.797246384104376,55.60197564063106,56.21418504366055,11437900
2019-07-02,55.18653869628906,55.587388447605946,54.96060509899256,55.4926433559458,10475400
2019-07-03,55.71128463745117,55.75501227949214,55.12093366748073,55.25941194792176,5246100
2019-07-05,55.48535919189453,55.64570133288706,55.09179363504511,55.529092405201034,6880800
2019-07-08,55.740447998046875,55.900784567058395,55.33230287919775,55.492645008693714,7876100
2019-07-09,55.70399475097656,55.95179213610791,55.19382039306881,55.71856877813816,7863000
2019-07-10,56.49111557006836,56.57857083836997,55.92991831621478,55.97365151084806,8077400
2019-07-11,56.534854888916016,56.56400850453622,56.15586900682062,56.418245986918826,6404000
2019-07-12,56.57857894897461,56.76078486469903,56.483833874571886,56.66603979029631,6139000
2019-07-15,56.17774200439453,56.658762839487984,56.039263697700655,56.57859177355832,7116400
2019-07-16,55.33957290649414,56.17043131665153,55.237538053350775,56.06110667100294,10197400
2019-07-17,55.01161575317383,55.36144801804109,54.91686511272277,55.20110591310876,7419300
2019-07-18,54.54518127441406,54.85857579260689,54.06416036305147,54.68365960306462,11424500
2019-07-19,54.65448760986328,54.84398332846513,54.32651916963398,54.58889614601084,11243100
2019-07-22,54.712806701660156,54.88043863531938,54.297377325748315,54.83670542278646,8368800
2019-07-23,54.93144989013672,55.22297495157223,54.47957714813708,54.771107770056716,8551200
2019-07-24,54.924156188964844,55.42704633699595,54.55245453344256,54.94602001096902,8260200
2019-07-25,54.61076736450195,55.230266480227996,54.51602227260926,55.230266480227996,9083900
2019-07-26,54.52330017089844,54.7200856872097,54.37024785848059,54.567033374791855,7677300
2019-07-29,54.909584045410156,54.938737665529686,54.44313724446655,54.574325754762214,7091900
2019-07-30,54.9168815612793,55.069933918061,54.58162322349767,54.705521956061155,6961200
2019-07-31,54.19534683227539,55.14282014715892,54.12246555278093,54.69094731751697,13104600
2019-08-01,52.8105583190918,54.12972727897676,52.67208005329777,53.74345165384909,17132800
2019-08-02,52.29309844970703,53.393623751019476,51.8776691792158,52.91988725227041,21376700
2019-08-05,51.22173309326172,51.688179856008105,50.73342250733723,51.58614497418758,19080900
2019-08-06,51.71733093261719,51.75377434311274,51.2217305764899,51.22902037068576,12282400
2019-08-07,51.382076263427734,51.65902729683221,50.580371221059735,50.91562949112329,15231100
2019-08-08,52.75226974487305,52.774139131795266,51.46954373634561,51.637170112688636,14304100
2019-08-09,51.6298828125,52.65752718860459,51.36022152609236,52.570066318142985,13686600
2019-08-12,51.37897872924805,51.77006287505683,51.15761639932611,51.696269802128455,9542600
2019-08-13,52.013572692871094,52.10950145762528,50.85509211790576,51.113351042970194,12403300
2019-08-14,49.9179801940918,50.98053201795389,49.9179801940918,50.96577677759879,18114400
2019-08-15,49.622825622558594,49.85156844476702,49.091546886157396,49.77778098240519,12874400
2019-08-16,50.39761734008789,50.51567617570148,49.63759001177679,50.013913457690734,12649000
2019-08-19,51.24617004394531,51.39375059175696,50.81082009455107,50.891987988441905,10032800
2019-08-20,50.936256408691406,51.135488729373954,50.70013317539421,51.135488729373954,9743500
2019-08-21,51.445404052734375,51.637255956330996,51.187145122674956,51.62249508625763,10134200
2019-08-22,51.334716796875,51.622491819246406,51.098593557246616,51.58560090564259,8972000
2019-08-23,49.79991149902344,51.30519921967583,49.46048470362465,50.78130097267193,15371900
2019-08-26,50.0655632019043,50.368099159457465,49.82943991073101,50.26479557142061,7343900
2019-08-27,49.57855224609375,50.50090956200041,49.416216457754615,50.2721611195124,9490900
2019-08-28,49.94011306762695,50.16148106789087,49.55641491407454,49.82942906749499,9647400
2019-08-29,50.4935302734375,50.6706213058175,50.24264615041195,50.39760713706967,9004100
2019-08-30,50.53042221069336,50.973152566080245,50.220505895262825,50.626345338313584,9180800
2019-09-03,50.58945083618164,50.67799916267815,49.90321678729453,50.09506867989258,9849700
2019-09-04,51.12812042236328,51.36424371166787,50.98053984803337,51.28307580319223,6959200
2019-09-05,51.85123825073242,52.057851025776905,51.43064352480267,51.53394709751366,9901500
2019-09-06,52.33824920654297,52.35300444809944,51.74056340510533,51.91027401630775,10418500
2019-09-09,52.7514533996582,53.17942850774117,52.37513570116416,52.50795536816847,12840200
2019-09-10,53.179439544677734,53.754989677939626,52.84739312306448,53.23109133536475,13810800
2019-09-11,53.07612228393555,53.74759538980725,52.79572772527571,53.703324046235046,10525700
2019-09-12,53.1130256652832,53.24584534273101,52.16852705364199,52.3751398193781,9100700
2019-09-13,53.60002517700195,53.659057393339616,53.1720500529869,53.31963059383106,7337200
2019-09-16,54.404327392578125,55.474259646731326,54.3083986270127,55.37095607583194,19830200
2019-09-17,53.991111755371094,54.66259064901956,53.59265268050653,54.47073873231674,14452200
2019-09-18,53.73284912109375,53.84353312812153,53.37128661911728,53.6074098736194,7292200
2019-09-19,53.37129211425781,54.00587448162347,53.26798853162833,53.84353867188486,8050200
2019-09-20,53.18681335449219,53.49672406000633,53.02447756694985,53.48934362522106,19736600
2019-09-23,53.22369384765625,53.393410036752414,52.72931177666919,52.77358311746769,7495200
2019-09-24,52.49319839477539,53.03185753693366,52.25707515031667,52.987580558232374,13307100
2019-09-25,52.64816665649414,52.73671500598821,52.25708796473662,52.37515243072871,8035200
2019-09-26,52.36776351928711,52.64815813620542,52.153775931524706,52.552234995328206,8420200
2019-09-27,52.74407958984375,52.88427406404325,52.11687215461449,52.16852393555576,8224000
2019-09-30,52.102115631103516,52.72193698711784,52.07997995833468,52.56698164811426,9768900
2019-10-01,50.877227783203125,52.323489022531156,50.84771730287772,52.26445680263566,10279100
2019-10-02,49.549034118652344,50.61158587516353,49.4457305538474,50.37546263709192,14503700
2019-10-03,50.161476135253906,50.17623137333023,48.929202645072984,49.43834561784008,10788400
2019-10-04,50.89198303222656,50.96577048413531,50.0434132612216,50.257400812492186,10534800
2019-10-07,50.19099807739258,50.936264436985574,50.19099807739258,50.692760730936946,10993000
2019-10-08,49.216976165771484,50.11719766125598,49.17270482324647,49.83680310922859,9748700
2019-10-09,49.76301956176758,49.95486581415865,49.5859229185456,49.659716001365666,8580900
2019-10-10,50.36071014404297,50.44187803933356,49.71874741664166,49.75564396163643,7100100
2019-10-11,50.89936447143555,51.275682172488004,50.83295182267098,50.89936447143554,10101900
2019-10-14,51.04695129394531,51.18715142880235,50.61159564710548,50.618976083051415,6234600
2019-10-15,51.22404098510742,51.65201618460365,50.9215106748587,50.95840159435962,6645700
2019-10-16,50.345947265625,51.30519536411134,50.33118639801758,51.06907214898624,9765800
2019-10-17,50.279541015625,50.82557496449714,50.23526966641495,50.53042513026716,9757200
2019-10-18,49.88845443725586,50.28691340526595,49.88845443725586,50.080306302509904,13472700
2019-10-21,50.72226333618164,50.74439900726903,50.04340981793555,50.04340981793555,10199300
2019-10-22,50.98052978515625,51.47491757454681,50.65586384496172,50.75178697712476,9536000
2019-10-23,51.467533111572266,51.47491354566013,50.75178300483673,50.88460267030953,8641800
2019-10-24,50.98052978515625,51.68890514286944,50.92887800174197,51.622492490124124,9003600
2019-10-25,51.09859848022461,51.268314713943795,50.84033954162815,50.84033954162815,7607200
2019-10-28,50.64847946166992,51.408500913922886,50.60420811637262,51.25354557576059,11209600
2019-10-29,50.50091552734375,50.936265529658044,50.35333496159258,50.53043164049399,13894400
2019-10-30,49.96963119506836,50.4492581286023,49.637579181257635,50.4492581286023,12840600
2019-10-31,49.85894775390625,49.96963175976064,49.54165660625563,49.77777985825453,16169100
2019-11-01,51.35685729980469,51.36423773506824,50.40498381722137,50.46401604008451,14108700
2019-11-04,52.8842658996582,53.03184641500796,51.60772681220374,51.703649924965305,15858200
2019-11-05,53.932071685791016,53.95421298919315,53.017094848606845,53.157294955376926,14930400
2019-11-06,52.7514533996582,53.76973938989849,52.53746584561672,53.66643582996423,13996500
2019-11-07,53.873046875,53.887802114799186,53.12778059864151,53.14991627315138,13073800
2019-11-08,52.84994125366211,53.619134142914135,52.7678001930766,53.477243252103186,12106000
2019-11-11,52.52884292602539,52.73047802349293,52.25253618155562,52.43176294790307,8674000
2019-11-12,51.804443359375,52.58109993122138,51.51319785712181,52.476544858412424,13918600
2019-11-13,51.3787841796875,51.640157657411905,51.22942383704891,51.5430720103182,11773700
2019-11-14,51.154754638671875,51.505744377722166,50.915783750012274,51.42359760060336,11279800
2019-11-15,51.67002487182617,51.75217162818154,51.28169371496191,51.31156578068332,11252800
2019-11-18,51.169681549072266,51.39371922236878,51.005393712504834,51.304103013547234,10095600
2019-11-19,50.64693069458008,51.199549696189024,50.61705862726145,51.08006712442878,12605500
2019-11-20,50.803768157958984,51.184629994708004,50.27355164278702,50.53492517878506,16930700
2019-11-21,52.02848434448242,52.088228482905755,50.72161122842385,50.7962885526957,14080900
2019-11-22,51.804443359375,52.40933698751414,51.774571295360104,52.058347357231156,12143600
2019-11-25,51.460933685302734,51.8567286437303,51.311573334707084,51.804453945400525,10670000
2019-11-26,51.33397674560547,51.558014426157435,51.10994476256839,51.46839821443367,15457000
2019-11-27,51.304107666015625,51.59535324920361,51.08754511237551,51.34891862324739,8393900
2019-11-29,50.878448486328125,51.17716355823959,50.78136850940125,51.02780887104191,7980800
2019-12-02,51.09501266479492,51.43853297575559,51.057676844754035,51.154756813879125,11116900
2019-12-03,50.691741943359375,50.96805432560724,50.422899003203334,50.78135815591637,12245800
2019-12-04,51.26676559448242,51.34891235895143,50.88590384080924,50.96805060527825,11049700
2019-12-05,51.08754348754883,51.50574109164317,50.93818313071868,51.445996948911116,13109000
2019-12-06,51.90900421142578,52.1778471494857,51.34891570672011,51.34891570672011,13710800
2019-12-09,52.021026611328125,52.25252805257516,51.543079146229424,51.58789010398213,12397700
2019-12-10,51.57294464111328,52.38694284920322,51.304101718947294,52.02101997639963,14281800
2019-12-11,51.49826431274414,52.095694259922055,51.28169609933,51.3339707923945,13748400
2019-12-12,52.52884292602539,52.558715003336,51.45347663042454,51.49828189763236,17068500
2019-12-13,51.69990158081055,52.678187606613776,51.617754817077426,52.63338235276461,12274500
2019-12-16,52.274925231933594,52.461621393476214,52.05088755907657,52.05088755907657,15208700
2019-12-17,52.03595733642578,52.558704339508864,51.75964495050186,52.2599950220414,14450700
2019-12-18,52.17784881591797,52.49149702116672,51.73724288210322,51.99861638647718,13652300
2019-12-19,51.81938552856445,52.312266124009625,51.70736669346195,52.26745517145985,13273200
2019-12-20,52.23011779785156,52.44668601990971,51.81938398058361,52.17037366124632,35092000
2019-12-23,52.49147415161133,52.498943590629175,51.92391643401997,52.17035664399535,14172500
2019-12-24,52.28984451293945,52.64830355468566,52.20770346541732,52.5362847480454,3979400
2019-12-26,52.372013092041016,52.648325503947476,52.28240256738042,52.41682405188686,8840200
2019-12-27,52.192771911621094,52.50642005622686,52.185302470793154,52.42427329966145,10516100
2019-12-30,51.88660430908203,52.60351694907175,51.82686016470409,52.342137741797046,12689400
2019-12-31,52.110633850097656,52.1255727342462,51.53561215570716,51.5430759002665,13151800
2020-01-02,52.94704055786133,53.036651082540274,52.454159882064914,52.454159882064914,12456400
2020-01-03,52.521366119384766,53.29802284378127,52.3944140955209,53.275614518233446,17386900
2020-01-06,52.924625396728516,53.29054824673786,52.446683719875516,52.51389159747318,20081900
2020-01-07,52.49147415161133,52.663231366433486,51.90898325349689,52.648298185910406,17387700
2020-01-08,51.69990158081055,52.49149145222296,51.6550906294469,52.357069993161,15137700
2020-01-09,52.095699310302734,52.2002487065672,51.25182900079195,51.6326907714781,14811800
2020-01-10,51.6326904296875,52.24505361697494,51.617757243540616,52.22265098899725,11995600
2020-01-13,52.125572204589844,52.17784690354871,51.61028895948461,51.67749684492536,9953900
2020-01-14,51.6775016784668,51.961283525799196,51.44600023249808,51.811923159435985,16261000
2020-01-15,51.59535217285156,51.96874452274054,51.445997511902014,51.677498945628344,11390300
2020-01-16,51.39371871948242,51.96127664143591,51.3787855335823,51.752177853746375,13340300
2020-01-17,51.19955062866211,51.5878818133625,50.997921292482026,51.34144152663122,18144100
2020-01-21,50.46769332885742,51.09498951751403,50.41541864646937,51.0651174565047,17982600
2020-01-22,50.176456451416016,50.55731247512327,50.034565561693285,50.45276309243727,17033100
2020-01-23,49.86281204223633,49.982300329355446,49.32513184274566,49.81800678332422,19605900
2020-01-24,49.52676010131836,49.79560304382823,49.31766130103624,49.69105364368717,18238600
2020-01-27,48.34683609008789,49.08615698730212,48.316964020729415,48.85464987415262,21231000
2020-01-28,48.27962875366211,48.69035689258232,48.26468987005645,48.623149008900995,19664700
2020-01-29,47.876365661621094,48.638083518307376,47.71954156458318,48.56340619079145,14202800
2020-01-30,48.38418197631836,48.45138986531622,47.36855431635048,47.62992782497857,18544700
2020-01-31,46.390262603759766,47.19679140956521,46.19609984426443,47.19679140956521,34282900
2020-02-03,45.352237701416016,45.867518155360244,45.08339473457285,45.83764893030037,27389300
2020-02-04,44.784671783447266,46.23343283045399,44.72492765016514,45.88991261035297,31922100
2020-02-05,46.845794677734375,46.99515215811732,45.25514278185643,45.367161604332885,32099200
2020-02-06,46.21103286743164,47.0548974329853,46.13635269652607,46.99515614501808,16055400
2020-02-07,45.904850006103516,46.04673805372412,45.598668435838,45.86004190481204,15112500
2020-02-10,45.420040130615234,45.84424435403832,45.16248808240387,45.81394343315348,20934500
2020-02-11,45.8518180847168,46.12452059304516,45.57911557638844,45.88969568060507,14908700
2020-02-12,46.412376403808594,46.609326622075294,45.87454802925814,46.46540157371329,17862100
2020-02-13,46.154823303222656,46.52599948421667,45.87454699864381,46.253299854971154,16949400
2020-02-14,45.94272994995117,46.329056653523146,45.66245071105115,46.32148286663781,10855300
2020-02-18,45.35944747924805,45.74577416040116,45.03371975862736,45.56397438914861,18948500
2020-02-19,45.70790100097656,45.92000170452532,45.32157430670485,45.5336750102536,12804900
2020-02-20,45.34429931640625,45.85940351050487,45.23824896285455,45.62457566360081,14817200
2020-02-21,44.791316986083984,45.0791670981122,44.53376490871572,45.0791670981122,20315700
2020-02-24,42.693031311035156,43.78383872395493,42.693031311035156,43.64748743613301,32096600
2020-02-25,41.05682373046875,42.98846335620861,40.882597705915956,42.98846335620861,36414500
2020-02-26,40.15538787841797,41.52647464518449,40.094788906939954,41.32194769834159,29801000
2020-02-27,37.73893737792969,39.723601693993785,37.72378691571177,39.17062282648816,48141300
2020-02-28,38.96610641479492,38.96610641479492,36.36786068263306,36.943566843333684,62446700
2020-03-02,40.81441116333008,40.82198494948282,38.7312703230531,39.83722803928291,38127600
2020-03-03,38.860050201416016,41.01894364517307,38.617648556382,40.86744189461293,50580700
2020-03-04,39.70845413208008,39.7539055220536,38.72369713323037,39.56452906498037,24079600
2020-03-05,37.958614349365234,38.40554286633523,37.14808341192635,38.19343928715368,40788200
2020-03-06,36.125450134277344,37.12535754727373,35.75427391487618,36.996582949831975,55640500
2020-03-09,31.709196090698242,33.76203629906427,30.906238830497383,31.59556905465797,72896300
2020-03-10,32.883323669433594,35.04221384707322,31.398613130086513,34.97403821569223,60445900
2020-03-11,31.80009651184082,32.936355332419645,31.62587050611074,32.110673807212805,51986100
2020-03-12,28.16407012939453,30.792616577129838,28.027718833626054,30.224487141313094,65725300
2020-03-13,28.87611961364746,30.406281640730246,26.51270238185421,30.30780507992275,79891500
2020-03-16,26.126375198364258,28.694319288418537,25.18706677500598,26.05819956368781,48924700
2020-03-17,27.883790969848633,28.315569066843988,25.90670026799861,26.67177989382998,41204400
2020-03-18,25.088590621948242,27.808036487458235,23.656905160238498,26.171824118410637,54036400
2020-03-19,26.0809268951416,26.436955572723193,24.505313325096324,25.550672217158844,49412400
2020-03-20,24.800743103027344,26.64905635930152,23.906884513121724,26.391504251573064,76534600
2020-03-23,23.82356071472168,24.77044307309968,22.808502710954233,24.64166556973934,56952500
2020-03-24,26.84600257873535,27.39898142616066,25.24766788313046,26.073346371610164,61835600
2020-03-25,28.247390747070312,29.232147666313292,26.649053116235354,27.656534283800383,56607700
2020-03-26,29.4063720703125,29.966927579346976,27.815611200591864,28.40646474254724,46722000
2020-03-27,27.989835739135742,28.542814544411783,27.42170647334674,28.12618699409749,51558600
2020-03-30,28.406471252441406,28.898851243346,27.164162038679546,27.444438412600043,45835000
2020-03-31,28.762495040893555,29.883603234877143,28.307989844637383,29.042771366975654,41491600
2020-04-01,28.429195404052734,29.3154788066105,27.52776442644432,27.921667839841586,36045900
2020-04-02,30.60323715209961,31.784944415446116,28.709472548372048,29.34577757081073,62000200
2020-04-03,29.701799392700195,31.951592366766654,29.179121472009687,31.39861352293769,48425700
2020-04-06,30.656253814697266,30.928956304232592,29.716945560703884,30.209325376770963,41301900
2020-04-07,31.23954200744629,32.815152646699254,31.178940153416526,32.497001582009354,48921800
2020-04-08,33.21662521362305,33.360553152174504,31.413763650859416,31.777366055693804,33355600
2020-04-09,32.671226501464844,35.38309580753067,31.61829388445931,34.436213541927806,60107300
2020-04-13,32.39094924926758,33.85293578785307,31.792521816982823,33.67113599995699,29651900
2020-04-14,32.140968322753906,33.14087565417608,31.747064996791384,32.57274635724734,30769000
2020-04-15,30.663829803466797,31.103184488108116,29.83057470524653,31.057733106700606,33125000
2020-04-16,29.656360626220703,30.663842089003822,29.48970838394511,30.663842089003822,30934000
2020-04-17,32.7393913269043,32.81514072727163,30.201745959436973,30.209322633266343,40829100
2020-04-20,31.194087982177734,32.37579802904827,30.70928474950937,30.868360268418325,39260800
2020-04-21,31.027435302734375,31.91371854645892,30.01995414239083,30.60323392560242,44381600
2020-04-22,31.913719177246094,32.519723220594756,31.709192270805566,32.269744927282375,27074200
2020-04-23,32.91362380981445,33.830205029083885,32.42882061580929,32.67122221281187,35271000
2020-04-24,33.125728607177734,34.004435228078286,32.67122627865016,33.63325900070034,28653800
2020-04-27,33.284812927246094,33.572666019182265,31.989478348017467,33.01968698049968,28274400
2020-04-28,34.065032958984375,34.383183972537125,33.413577581151614,33.61052779578118,26545100
2020-04-29,35.95123291015625,36.0572832844003,34.96647571976094,35.04222516146213,29502500
2020-04-30,35.201290130615234,36.11787131657235,34.6710355728231,36.11787131657235,37076300
2020-05-01,32.67879867553711,35.14069244461723,32.57274832936772,34.564989326988325,35399300
2020-05-04,33.99686050415039,34.04230900195692,31.98189522782874,32.201569709755894,27465600
2020-05-05,33.95899200439453,35.71640551920187,33.830214494525,35.04222281864876,29276200
2020-05-06,33.32268524169922,34.29229185240203,33.254509596280705,34.03473973522714,22659000
2020-05-07,33.512054443359375,34.29228441304293,33.30752755147383,34.057456598732486,22160300
2020-05-08,34.98161697387695,35.01191789844029,34.07260946456338,34.32258775772808,19977400
2020-05-11,34.6483154296875,34.99676739276819,34.47408655849194,34.928591757412825,22258000
2020-05-12,34.06916809082031,35.26606713493829,34.06916809082031,35.07301880699398,25439100
2020-05-13,32.37807083129883,33.87612502855702,32.1232455848743,33.77574200331479,30827900
2020-05-14,32.66377639770508,32.85682472505048,31.04217162627719,31.71397898064775,24856500
2020-05-15,32.432125091552734,33.212039184558044,32.31629489509491,32.72555942907742,22445600
2020-05-18,35.01124954223633,35.196577257875454,34.02284291398529,34.28538879282499,32026100
2020-05-19,33.93018341064453,36.00738593828675,33.92246277127214,35.17341549320706,21771600
2020-05-20,35.03441619873047,35.19657906286244,34.41666202439327,34.455271107973545,19352400
2020-05-21,34.40894317626953,35.35874082104733,34.27766875044519,35.08847133055459,19130700
2020-05-22,34.439823150634766,34.493876450922286,33.5518025418513,34.015117385939725,15406400
2020-05-26,35.451393127441406,35.752548033297245,35.111629146983155,35.320121684656485,20356500
2020-05-27,35.706233978271484,36.401206462892425,35.065311865246706,36.030553881957616,20788300
2020-05-28,34.77959060668945,35.87610379439547,34.69464886342243,35.85293893557136,19698000
2020-05-29,35.11163330078125,35.2815138382659,34.2622188306223,34.60970643451987,25874700
2020-06-01,35.73711013793945,35.86838454963674,34.59426424251864,34.995805169939594,19031000
2020-06-02,36.532466888427734,36.64057348150045,36.10003757045317,36.18497930663422,22319000
2020-06-03,38.022804260253906,38.146355086258076,37.026674068648035,37.06528314945858,23418000
2020-06-04,37.91469192504883,37.95330394870722,37.18883124380208,37.744811392824,18731400
2020-06-05,40.98802185058594,41.27373254730098,39.84517317235843,39.88378519397381,41328900
2020-06-08,42.26987075805664,42.748629872366486,41.28146113878194,42.254426535571255,33579400
2020-06-09,41.32778549194336,41.67527306374652,40.501538902146756,40.833582254571596,27276900
2020-06-10,39.11159133911133,41.312341038594795,39.07297931804237,41.312341038594795,31156800
2020-06-11,35.65989303588867,37.713927453544684,35.598116147208884,36.70235299404453,39183000
2020-06-12,36.42435836791992,37.54403929802933,35.4513960573825,37.09616869339586,30978100
2020-06-15,36.40119171142578,36.87995073290707,34.55565019468389,35.01896499667434,27929300
2020-06-16,37.219722747802734,38.41662193762716,36.47841778521672,38.27762688893178,26203400
2020-06-17,36.00737762451172,37.16566767811627,35.98420982037455,37.065281715345705,19279400
2020-06-18,36.231300354003906,36.54790236610625,35.343280019258536,35.60582580207087,21478700
2020-06-19,35.50544738769531,37.26604715951509,35.50544738769531,37.23516166640241,48899900
2020-06-22,35.8452262878418,35.86067051366425,35.05759139069064,35.281525300904065,17565400
2020-06-23,36.061431884765625,36.46297280085428,35.90699261770322,36.21587115182803,18916600
2020-06-24,34.362613677978516,35.49001557707821,34.1695652865292,35.45140648792528,27626900
2020-06-25,34.879974365234375,34.93403061311053,33.73712848995488,34.015118584476596,19353600
2020-06-26,33.683074951171875,34.70236999346928,33.59041256887684,34.656040275163775,31518600
2020-06-29,34.22361373901367,34.42438568718472,33.62130378586907,33.829796372500105,17052100
2020-06-30,34.53249740600586,34.72554579857846,33.32787437590634,33.53636699336691,22153600
2020-07-01,33.752567291259766,35.04213159027749,33.72167885334332,34.354880047896195,17290100
2020-07-02,34.03828430175781,34.895416446382704,33.92245412091679,34.455266472281,18216600
2020-07-06,34.277652740478516,34.81046788807506,33.85294710599532,34.49386587533912,22692000
2020-07-07,33.38964080810547,33.976506441447796,33.289254850646095,33.89928828689983,17407600
2020-07-08,33.312416076660156,33.92244944641732,33.08075869258426,33.32013965868331,18291400
2020-07-09,31.93791961669922,33.28153448822297,31.8838663141485,33.127098164183224,25882000
2020-07-10,32.934051513671875,32.98038123500195,31.7371493207853,31.752593543123393,18951000
2020-07-13,32.941768646240234,33.4282512882226,32.60972526551873,33.18887028598406,20028300
2020-07-14,34.03055953979492,34.123221913847445,32.632888563452155,32.841381114333146,21444100
2020-07-15,34.46299743652344,34.818205746843425,34.138674628116654,34.771873075446884,17332400
2020-07-16,34.19272994995117,34.60199454048428,33.81435675451743,34.215897759854535,14673700
2020-07-17,33.60585021972656,34.509314898250395,33.50546427355165,34.23132780571621,17958900
2020-07-20,32.81822204589844,33.59813614429988,32.80277782321826,33.36647869546569,18553900
2020-07-21,34.47843551635742,34.89541770188319,33.28925700691513,33.320145449008585,28821800
2020-07-22,33.67535400390625,34.092339138928246,33.49002629533514,34.092339138928246,21345400
2020-07-23,33.74484634399414,33.83750871120694,33.21975468698241,33.513188953120384,17934400
2020-07-24,33.536354064941406,34.30082375523873,33.35102638341515,33.8838416267509,16415300
2020-07-27,34.03055953979492,34.04600375975097,33.18114806199866,33.38191703005975,18547900
2020-07-28,33.629024505615234,34.16956051533364,33.55952697657024,33.907014621795234,19190500
2020-07-29,33.99967575073242,34.046008416938456,33.466863344941785,33.75257408900191,14143200
2020-07-30,32.33173370361328,33.34330802014279,32.300848209322766,33.304698943016824,29901100
2020-07-31,32.493892669677734,32.563387232815415,31.590425055003465,31.783473363319466,32116200
2020-08-03,32.62517547607422,32.81822385167229,32.02286548682726,32.47073618645887,23033600
2020-08-04,33.56724548339844,33.66762849685854,32.61744802723801,32.69466618308176,17724000
2020-08-05,33.860679626464844,34.21589083143741,33.61357797255249,34.09234000448124,17175100
2020-08-06,33.698516845703125,33.899288763444254,33.39736191477526,33.513192093909275,14434900
2020-08-07,33.54408645629883,33.60586335368369,33.057606644973745,33.381926519190465,18757900
2020-08-10,34.37032699584961,34.43982451979415,33.66763111849218,33.968789019374555,24367800
2020-08-11,34.72553253173828,35.84521042434026,34.540204849571495,35.13479402501532,28987500
2020-08-12,34.71765899658203,35.38697079222781,34.35544327196892,35.00900616604946,22503200
2020-08-13,33.86723327636719,34.54442096353835,33.79636472762147,34.253073820381765,17338700
2020-08-14,34.0168571472168,34.07984976403234,33.394788910756986,33.544399004015865,13595700
2020-08-17,33.575889587402344,33.99322497084163,33.44202842810894,33.99322497084163,15554600
2020-08-18,33.41053009033203,34.00897332878493,33.30029078354827,33.53651829862716,13014000
2020-08-19,33.04043960571289,33.59163916330327,32.96957104825419,33.34753568676863,14473100
2020-08-20,32.53647994995117,32.9853130520591,32.520731051165505,32.82782706799774,15678500
2020-08-21,32.29238510131836,32.55223749460565,32.05615756438198,32.520739688668506,25517700
2020-08-24,33.24517822265625,33.47352983379789,32.3553846221089,32.504994712690866,18208900
2020-08-25,32.190032958984375,33.127070483789765,32.048295786654535,32.80422536988227,31285600
2020-08-26,31.504953384399414,32.15851924526751,31.497080435960516,32.001033242328575,26795000
2020-08-27,31.292341232299805,31.733298302069272,30.953747480129817,31.49707087129352,32034300
2020-08-28,32.040409088134766,32.22151696899123,31.30810161122168,31.37109722393496,33477100
2020-08-31,31.44983673095703,32.064031900569134,31.418341930404473,32.00103629187212,25259600
2020-09-01,31.048255920410156,31.300232393716225,30.749032731935507,31.300232393716225,22464100
2020-09-02,30.859270095825195,31.27660854371191,30.670289254794046,30.890767903929156,26413400
2020-09-03,30.796279907226562,31.52071152785601,30.6151720020692,30.867148479140013,28817200
2020-09-04,30.77265167236328,31.331724177237426,30.434057788274227,31.071871799487067,24632500
2020-09-08,30.0639705657959,30.457684163562952,29.410404551680333,30.119090229179577,38496400
2020-09-09,29.882862091064453,30.58367180087527,29.859237233075607,30.197831160884746,25886100
2020-09-10,29.134798049926758,30.213572163685622,29.05605655401273,30.1348306677716,34381200
2020-09-11,29.056060791015625,29.378905777413756,28.733215804617494,29.237168661063752,26838600
2020-09-14,28.867074966430664,29.142673227004664,28.733213812379223,29.063931725068024,26129900
2020-09-15,28.559986114501953,29.434030824141416,28.512739399133476,28.977321586969023,23724200
2020-09-16,29.77262306213379,30.040348426228007,28.559984471601368,28.709594555967183,30890900
2020-09-17,29.764741897583008,29.9064790069264,29.11117900787366,29.410399124224533,24696200
2020-09-18,29.28441047668457,29.780490351938624,28.898572909994794,29.552135789891988,46853800
2020-09-21,28.68596649169922,28.906445095414345,28.095396228494533,28.68596649169922,35351800
2020-09-22,27.97728157043457,29.008812066843554,27.930037870800838,28.709588952714977,27303200
2020-09-23,27.079620361328125,28.182019619802446,27.048122553075412,28.07178029471428,31251400
2020-09-24,27.02449607849121,27.41820960294918,26.583535849731796,27.087491684226475,26796000
2020-09-25,27.276473999023438,27.51270152597467,26.678030730493916,26.772521140515213,23486000
2020-09-28,27.804054260253906,28.268636407467312,27.638692272821423,27.670190080312967,23396500
2020-09-29,26.993000030517578,27.646565965430028,26.764648454370967,27.559948503810688,20770500
2020-09-30,27.032373428344727,27.496952527574134,26.874887409662303,27.276473903696317,22223700
2020-10-01,26.08746337890625,26.851265702811563,25.937850291907026,26.607165198838207,36890200
2020-10-02,25.969345092773438,26.260692275291365,25.36302587243356,25.39452367697495,32694300
2020-10-05,26.567792892456055,26.57566584214639,26.118956661407353,26.23707193333535,22965200
2020-10-06,26.292192459106445,27.103241474768115,26.22919984811921,26.867013926922567,26731800
2020-10-07,26.378808975219727,26.567792808951303,26.150454385567947,26.489048293314756,23779300
2020-10-08,27.764678955078125,27.82767456655821,26.583538273991266,26.678031691211395,34413700
2020-10-09,27.3552188873291,28.30800496130715,27.28435032788799,28.095399282983816,29228600
2020-10-12,27.268606185913086,27.347347708462763,26.953634088121294,27.19773761409976,17912800
2020-10-13,26.945758819580078,27.457584679720117,26.851265396092696,27.347345356114456,20995100
2020-10-14,26.890644073486328,27.42609488927874,26.796150632725197,26.819775494813896,17743000
2020-10-15,27.126861572265625,27.134734520833973,26.197697443823284,26.536291304380867,23251600
2020-10-16,26.851261138916016,27.27647246580456,26.678029230913715,27.063866802360288,22627200
2020-10-19,26.315813064575195,27.063869433768808,26.29219121204991,26.851263749652976,23645800
2020-10-20,26.53629493713379,26.71740281695618,26.244947739488733,26.50479713095699,23040600
2020-10-21,26.111087799072266,26.47330361745068,26.09533889343017,26.386686138317447,28619300
2020-10-22,27.44970703125,27.528448533548797,26.000841160863445,26.12682936681898,31831500
2020-10-23,26.898508071899414,27.622942524291492,26.66228055621785,27.536325067655888,27429100
2020-10-26,26.26068687438965,26.59140774646462,25.94571790514173,26.46541955800638,30888700
2020-10-27,25.843358993530273,26.142582153571183,25.748868575968594,26.103211396570167,27100700
2020-10-28,24.85906982421875,25.496886767234294,24.81969907549335,25.276405167540016,42136400
2020-10-29,25.96147346496582,26.087461685748163,24.496858520998508,24.733086059490883,38622800
2020-10-30,25.685869216918945,26.095331638384568,25.205538241665117,25.52051025934507,47885700
2020-11-02,26.764646530151367,27.13473519801407,25.646498566411054,26.09533174090099,40130300
2020-11-03,26.307941436767578,27.15836421595802,26.087462791998018,27.15836421595802,36773000
2020-11-04,26.166202545166016,26.882761096218374,25.61500296655742,26.197700350525604,35410100
2020-11-05,26.118959426879883,26.709529841457112,26.095337571511664,26.276445471526436,30824100
2020-11-06,25.81186294555664,26.504799730425585,25.685874712289234,26.063839412091454,33985600
2020-11-09,29.079679489135742,29.93009909122209,28.394618836927904,28.678090035092925,76879400
2020-11-10,29.724824905395508,30.184486892487843,29.015170069987278,29.878044542337243,49055400
2020-11-11,29.418378829956055,29.934490253527205,29.184514879817023,29.910298491880663,34124500
2020-11-12,28.41035270690918,29.265164324175927,28.120039211374536,28.918401324094802,30933700
2020-11-13,29.09581184387207,29.23290260014743,28.531313799098612,28.547442666236922,29241500
2020-11-16,30.77317237854004,30.781235273541814,29.918360923817623,30.313510456771706,38596800
2020-11-17,31.18445587158203,31.21671361257378,30.144169872871792,30.490932897864372,26521100
2020-11-18,30.007068634033203,31.55540598200923,29.999005738901417,31.46669875422587,31068000
2020-11-19,30.16029167175293,30.240932929057035,29.48289465109138,29.72482149927048,26954400
2020-11-20,29.789342880249023,30.16836367175327,29.660314983861916,30.119977057007713,18351000
2020-11-23,31.740886688232422,31.797336188922774,30.063521306955995,30.24093578127829,29367600
2020-11-24,33.85372543334961,33.934369789359124,32.434418606526165,32.668279548284666,46979300
2020-11-25,32.91020584106445,33.63598650596929,32.781177962219104,33.603728767191136,28178200
2020-11-27,32.41021728515625,33.01503599116419,32.15216155002755,32.82149572795118,14971900
2020-11-30,30.74898338317871,32.16022700796738,30.619955517677283,32.09571153708318,45614300
2020-12-01,31.047351837158203,31.97474149916421,31.023160079872092,31.41830647145413,32472900
2020-12-02,32.20861053466797,32.59569413116991,30.918331879661526,30.95865251083042,29369500
2020-12-03,32.42634963989258,32.77311264805874,32.039265995577004,32.31345062816729,27038900
2020-12-04,33.611793518066406,33.6763059170101,32.78117677046317,32.877946907012294,28723600
2020-12-07,32.98278045654297,33.49889191310953,32.797300017839106,33.4021187078031,24899400
2020-12-08,34.063385009765625,34.345632460122495,32.611817904311735,32.68439625958443,32573800
2020-12-09,34.51498031616211,35.2649556152124,34.176283381760776,34.4424019621809,37824800
2020-12-10,35.49075698852539,35.86171476473755,34.48272590632581,34.83755481607077,38058700
2020-12-11,35.321407318115234,35.426243408495864,34.845616540254355,35.240766064755746,25478800
2020-12-14,34.047264099121094,35.85365435597003,34.01500636118199,35.75688421841993,30595000
2020-12-15,34.708526611328125,34.85368333180549,33.91823061998841,34.224669850981336,27138400
2020-12-16,35.24076843261719,35.57140251563332,34.64401265835385,35.28108906200612,34273000
2020-12-17,35.0633544921875,35.51495354633976,34.99884209946111,35.48269581184312,21204600
2020-12-18,34.458534240722656,35.30527973687508,34.20854142418493,34.89400440774964,46596800
2020-12-21,33.829532623291016,33.93436874474234,32.684407413347905,33.152135435001895,27869500
2020-12-22,33.2569694519043,33.78920984643141,33.24890347892825,33.531154084010225,21792900
2020-12-23,33.68436813354492,34.184350705609496,33.43437530937922,33.47469593875644,19085900
2020-12-24,33.54727554321289,33.74888177382419,33.36986415213647,33.58759925034871,8039000
2020-12-28,33.66018295288086,34.313385274808844,33.48276845741033,33.61985923935215,23877500
2020-12-29,33.281158447265625,33.966618432324495,33.22470894620276,33.90210603522426,20287700
2020-12-30,33.54727554321289,34.208543733516585,33.281156918464795,33.3295435212676,23807300
2020-12-31,33.24082946777344,33.611784117687606,33.03922327852448,33.44243565702239,22786500
2021-01-04,33.466636657714844,34.07145539249282,33.063424167862856,33.42631602398308,27764700
2021-01-05,35.07948684692383,36.12783871215317,33.73275859860419,33.7408214948965,44035100
2021-01-06,35.974613189697266,36.36975964501465,35.24076669641258,35.813327603820774,36484800
2021-01-07,36.25686264038086,36.748782319883325,35.91009968847803,36.28912037457341,29528100
2021-01-08,36.66007995605469,36.950393449796586,36.24880455743184,36.450410808500685,28628200
2021-01-11,37.7729377746582,38.01486459953049,36.087509818732656,36.321373749158006,38246200
2021-01-12,38.61162567138672,38.845486558046034,37.829392521865785,38.272925608482026,36915100
2021-01-13,39.04709243774414,39.28095639858355,38.458402626031294,39.13579966952922,29000300
2021-01-14,40.57123947143555,41.192187038764175,39.111609235798106,39.111609235798106,35474800
2021-01-15,38.61968231201172,39.579329771258955,38.13582867339052,39.44223595868089,42411300
2021-01-19,39.38579177856445,39.86964548240064,38.990642228626996,39.07128656344425,24932600
2021-01-20,39.942230224609375,40.11158181663862,39.50676305211689,39.60353319308552,22342400
2021-01-21,38.79710006713867,39.82932289183577,38.45033713516699,39.78093936959477,29044500
2021-01-22,38.248741149902344,38.418089675561845,37.61166460906804,37.91004102231585,23264800
2021-01-25,37.82133102416992,37.942292919754045,37.2245752133137,37.82133102416992,26395800
2021-01-26,36.99071502685547,38.59550217979262,36.97458615720711,38.11164531914392,23976800
2021-01-27,36.57137680053711,37.62779478165756,35.91010846923044,36.289129248004116,32410300
2021-01-28,37.14392852783203,37.57133270045667,36.845549127823716,37.04715533396992,24967200
2021-01-29,36.160099029541016,37.12780969581565,35.893977288901844,36.732660071424355,38961100
2021-02-01,36.224605560302734,36.75684895529014,35.71656008079697,36.75684895529014,24412400
2021-02-02,36.79717254638672,37.89391100684814,36.51492195879515,36.942329288287034,31940400
2021-02-03,38.24067306518555,38.44227932067792,36.627823021246535,36.7971746138233,28459300
2021-02-04,38.97452926635742,39.01484990890413,38.10358862126285,38.61163733090135,25280300
2021-02-05,40.28092956542969,40.41802033950268,39.547082934833526,39.659981943191816,34980100
2021-02-08,42.014732360839844,42.22440453909137,40.89380234072059,41.063150816508404,36998700
2021-02-09,41.52267074584961,41.79330868167659,40.817367142620064,41.555473163655634,28977000
2021-02-10,41.92452621459961,42.17056154600217,41.32583909440009,41.52266923662752,25723800
2021-02-11,40.874778747558594,41.76870962507529,40.005450467608156,41.7359040759807,26972200
2021-02-12,41.432456970214844,41.58827862211885,40.522123397202456,40.53852617032536,19756700
2021-02-16,42.67904281616211,43.08089983844759,42.334590811408084,42.6134317186816,28060100
2021-02-17,43.34332275390625,43.68777463772636,42.4821977371183,42.9332629241493,25509700
2021-02-18,42.662628173828125,43.41713681390751,42.531409143879166,43.310523502923544,20627600
2021-02-19,42.949676513671875,43.10550129048389,42.58062194820791,42.736446725019924,22607200
2021-02-22,44.53251266479492,44.950775591311775,43.130108300964054,43.130108300964054,36435100
2021-02-23,45.1475944519043,45.319818859396385,44.073239514065186,45.0901863160736,33527900
2021-02-24,46.50080108642578,46.7468364419976,44.99998009897193,45.262418228716434,28728600
2021-02-25,45.72988510131836,46.95186515167903,45.39363606118033,46.73043239912337,29670900
2021-02-26,44.58992385864258,45.15580866513536,43.56477385094934,44.62272940973106,35291000
2021-03-01,46.254756927490234,47.24710111225214,46.03332421106665,46.3121650619139,36998300
2021-03-02,45.9841194152832,46.71402557607993,45.94311404877386,46.45979042661663,30302600
2021-03-03,46.353172302246094,47.534143709150435,45.82829612139972,46.271158443670835,35358900
2021-03-04,48.14923095703125,48.77252373434073,46.82883762646346,46.8452403972883,52137500
2021-03-05,49.96989822387695,50.06831172105769,48.477280481183,49.06776772128475,51429800
2021-03-08,49.92070388793945,50.527594068907874,49.05957850736375,50.50299146985157,38154600
2021-03-09,49.1497917175293,50.347166163452954,48.77253726939053,49.70747356630378,35645900
2021-03-10,50.6588020324707,50.7818181292776,49.231792158545126,49.63365224986892,31579100
2021-03-11,50.281551361083984,51.29849826824755,50.24054286395701,50.66700558030302,24802600
2021-03-12,50.82283020019531,51.15087627660978,50.43737285368651,50.47837822217468,20422700
2021-03-15,49.52703094482422,50.73260797218833,49.10056830161712,50.42916454224603,31243600
2021-03-16,48.47728729248047,48.928352607153464,47.92780533829004,48.82993909614515,30624800
2021-03-17,48.690513610839844,48.98575725129104,48.075423736069475,48.13283187410066,25575500
2021-03-18,46.59101486206055,48.36247380520607,46.35317932890215,48.23125474010305,38622800
2021-03-19,46.32855987548828,47.13227674788047,45.77087826958216,46.50898406904039,84439400
2021-03-22,45.852901458740234,46.63201595503203,45.844701636646406,46.33677230351017,29315100
2021-03-23,45.28701400756836,46.16454189776027,44.65552141891004,45.05737834809623,33493300
2021-03-24,46.2055549621582,46.97646653640604,45.99232516622042,45.99232516622042,29781800
2021-03-25,46.074337005615234,46.336775127739394,44.696535300208794,45.278819688139954,31495900
2021-03-26,47.32912063598633,47.38652878108036,46.353179040878565,46.99287158821733,34226500
2021-03-29,47.07488250732422,47.41933135629294,46.53360351000975,47.025674188110514,21144400
2021-03-30,46.492591857910156,47.04207376872482,46.328570395347086,46.632013855299405,20303400
2021-03-31,45.787296295166016,46.443391600590544,45.76269057036252,46.213755897310065,23686500
2021-04-01,47.066673278808594,47.11588159145892,46.04152356240831,46.18914537185064,23194500
2021-04-05,46.336769104003906,47.00926709558662,46.041525472868315,46.992864324022555,23264800
2021-04-06,46.2055549621582,47.18969946085295,46.13994386894097,46.61561490923859,18926300
2021-04-07,46.41057586669922,46.5581976690824,46.12353521123665,46.246551294216964,22385000
2021-04-08,45.926719665527344,45.992330766734085,45.36903781930803,45.86931151622619,21999300
2021-04-09,45.82009506225586,46.287563125646095,45.541254188610026,45.92671151854928,20020700
2021-04-12,45.51665496826172,46.57461040215001,45.360833311750795,46.55000467748363,20238800
2021-04-13,45.68887710571289,45.91030984554377,45.18040366342107,45.35262808489763,19370600
2021-04-14,47.0092658996582,47.57514742593271,46.131737978612406,46.26295701927789,28051100
2021-04-15,46.73042678833008,47.09127838147811,46.566402199259585,47.09127838147811,23250300
2021-04-16,46.467987060546875,47.30450961968484,46.287559706073374,47.042071537819055,22752000
2021-04-19,46.320369720458984,46.86164870762884,45.893907014126825,46.54180246000697,21123300
2021-04-20,45.344425201416016,46.312166830819116,44.926162344915134,46.312166830819116,21782100
2021-04-21,45.926719665527344,46.033336140733546,44.532515049979075,44.69653967448643,16625600
2021-04-22,45.328033447265625,45.91852085714078,45.123003444226704,45.91852085714078,21600100
2021-04-23,45.574058532714844,45.87750199269976,45.254212300770085,45.32802321033494,15337900
2021-04-26,45.664276123046875,46.164549760863856,45.467445971189214,45.49205169548963,16083800
2021-04-27,46.26295471191406,46.443382057021054,45.77088411608769,45.93490556235745,19278600
2021-04-28,47.657169342041016,47.94421006438569,46.5746112913279,46.673024806344756,24729800
2021-04-29,48.337860107421875,48.78072555229503,47.6899678401172,48.3214573359256,27318400
2021-04-30,46.943660736083984,48.296856586847994,46.87804964759393,47.83759148145318,30518400
2021-05-03,48.23944854736328,48.37887054643544,47.35372075049774,47.550547759352796,20509600
2021-05-04,48.54288864135742,48.79712689936514,47.98520694079827,48.387067009454505,23522200
2021-05-05,50.002708435058594,50.06831639646938,48.715120516218775,49.01856398582518,31526200
2021-05-06,50.47837829589844,50.55218921068858,49.23179569528104,49.91249670151338,26836800
2021-05-07,51.200077056884766,51.232882598248445,49.90428632959701,50.08471367858862,33610600
2021-05-10,51.32309341430664,52.504061552538936,51.2820849256317,51.864372302626364,31956600
2021-05-11,49.69105911254883,51.1672741359201,49.52703452583896,50.54398446063313,34563800
2021-05-12,49.95732498168945,51.32191494220111,49.71602468586883,49.93236080254882,34426500
2021-05-13,49.34159469604492,50.298473446800244,48.88395827467352,49.09197511839553,24268200
2021-05-14,50.56473159790039,50.6562595112809,49.865794919640486,49.865794919640486,20735400
2021-05-17,51.746273040771484,51.796198229928905,50.281835740426494,50.37336366683906,25282500
2021-05-18,50.28184127807617,51.837806676195626,50.256880267791146,51.588187051088155,25170800
2021-05-19,49.075340270996094,49.80756055230805,48.60938133305474,49.17518748123867,28889800
2021-05-20,48.958839416503906,49.21678141878962,48.45960031268908,49.05036732615641,20692500
2021-05-21,49.02540588378906,49.78259020621086,48.96716142423123,49.44143955153643,20792700
2021-05-24,49.59953308105469,49.75762472799842,48.83402950187184,49.15853842046935,18400300
2021-05-25,48.47624969482422,49.541298221156715,48.359760756182894,49.50801476037761,25616100
2021-05-26,49.04204559326172,49.191817961414294,48.176698012261674,48.46792029806676,21698700
2021-05-27,48.72587203979492,49.67442844489756,48.276554845561414,49.2833557194626,33556000
2021-05-28,48.567771911621094,48.92556113769382,48.35143579017684,48.867316675224785,19246800
2021-06-01,50.306793212890625,50.506490781402114,49.46640655268331,49.46640655268331,28474200
2021-06-02,50.7061767578125,51.01404392374384,50.06548459839639,50.54808512396358,22978300
2021-06-03,50.9058837890625,51.09725891018406,50.21526632345905,50.381680438286345,20272800
2021-06-04,51.130531311035156,51.33854811606452,50.57304462303249,51.13885058663913,20427800
2021-06-07,50.79771423339844,51.36352032041922,50.77275322705745,51.03069526422686,15477900
2021-06-08,51.696346282958984,51.98756859111305,50.48152551759533,51.17214295419656,28953400
2021-06-09,52.12902069091797,52.76970975653221,51.7462672980261,52.145659244705186,29133000
2021-06-10,52.21221923828125,53.23566156118529,51.79618561885271,52.92779757155187,27488700
2021-06-11,51.72962188720703,52.57833090375722,51.70466088421829,52.42855853765514,17631700
2021-06-14,51.646427154541016,52.23719429126239,51.23039342320166,51.83780229006686,16997200
2021-06-15,53.52688980102539,53.58513425686734,51.87939378865807,51.98756342411517,30717100
2021-06-16,53.33551788330078,53.91796885923971,52.88620390960575,53.518573722933866,24803200
2021-06-17,51.57986068725586,53.63506505328382,50.98077113002132,53.13582587164524,28491800
2021-06-18,50.25687026977539,51.21374583800913,50.123739617930475,50.75610942067255,39590700
2021-06-21,52.07909393310547,52.17062184659376,50.67290129829754,50.69786230230891,33145400
2021-06-22,53.07757568359375,53.26063151169785,51.77954950756325,52.29543036284712,25140400
2021-06-23,53.468658447265625,53.83476382448221,52.9028523026533,53.2939250369227,20701600
2021-06-24,53.68498992919922,53.718273389505704,53.09422596622919,53.377129030663376,19568400
2021-06-25,53.80147933959961,54.02613473692386,53.551856588643545,53.75987343171685,18438300
2021-06-28,52.428558349609375,53.71826200945391,52.212222251618314,53.71826200945391,20570000
2021-06-29,52.104061126708984,53.06093993255791,52.07910011973242,52.59498103312173,19579300
2021-06-30,52.486812591552734,52.61162079585556,51.96260924604231,52.17062609396555,17875500
2021-07-01,52.63658142089844,53.60177946131245,52.22887017940775,53.526896443723906,22530300
2021-07-02,52.56169891357422,52.68651029980756,51.93764833057831,52.42856824949851,14555300
2021-07-06,51.063968658447266,52.220541682785246,50.67289919083211,52.2122224064891,22110800
2021-07-07,50.26519012451172,51.43008572210581,49.60785613481098,50.905882385779954,21671400
2021-07-08,50.040531158447266,50.514809305747455,49.34991689139538,49.46640581542207,18935900
2021-07-09,50.94748306274414,51.130538894025406,50.12373817014849,50.50648838638657,20086000
2021-07-12,50.89755630493164,51.17214004335921,50.05716971057303,50.273505816597996,21809400
2021-07-13,50.65626907348633,51.18046930056898,50.348401820530505,50.756116282346994,17147300
2021-07-14,49.5329704284668,51.363519310842754,49.39152049653449,50.89756043242982,21573600
2021-07-15,49.050376892089844,49.67442748060476,48.90060449691943,49.23342957300946,15851100
2021-07-16,47.694087982177734,49.308297083367194,47.552638092616434,49.24173336301018,27049500
2021-07-19,46.05492401123047,46.762183124149956,45.43087353316998,46.29622429119423,37969100
2021-07-20,46.5624885559082,47.095011156762965,45.788665659639534,46.17973833330447,26756100
2021-07-21,48.060203552246094,48.50952063453154,47.28638392042299,47.31134492252173,20908700
2021-07-22,47.51936721801758,48.04357054114072,47.14493627292961,48.03524809009151,13493800
2021-07-23,47.46112060546875,47.669137435078184,46.98684248788604,47.669137435078184,14088200
2021-07-26,48.65929412841797,48.80074721646911,47.42783493554316,47.560965573311115,18387600
2021-07-27,48.118446350097656,48.26821552173973,47.6025624152246,48.26821552173973,16861400
2021-07-28,48.44295883178711,48.7841062950778,47.943716551354626,48.259903011553384,16855300
2021-07-29,49.03372573852539,49.36655392473559,48.7258617294361,49.091970194999455,18607800
2021-07-30,47.9021110534668,48.99212028737725,47.694094242161455,48.99212028737725,28652800
2021-08-02,47.91043472290039,49.14189389628294,47.760662361021524,47.88547054653076,20873800
2021-08-03,48.42631912231445,48.60105249940648,47.36959323491014,47.902115816953426,18208200
2021-08-04,47.294708251953125,48.1600590568368,47.26974724718621,47.585930554517326,20868300
2021-08-05,47.5942497253418,48.01028337123799,47.28638571612236,47.53600526884311,15180200
2021-08-06,48.14341354370117,48.31814691150133,47.868829816513966,47.97699945214088,14888500
2021-08-09,47.5942497253418,47.86051100478858,47.28638571612236,47.53600526884311,17828200
2021-08-10,48.40967559814453,48.55944796554604,47.677455487968814,47.77730267487487,16340200
2021-08-11,48.55112838745117,48.67593975903142,48.02692824461821,48.41799773900526,18278600
2021-08-12,48.44132995605469,48.81298303387034,48.03589287108741,48.483565603717395,19225500
2021-08-13,47.95142364501953,48.204821397238604,47.55443179252907,48.17103417104213,20063000
2021-08-16,47.25035095214844,47.377051433291314,46.68442943986496,47.31792540132519,16959500
2021-08-17,46.92938995361328,47.55443760399681,46.45637839543922,46.87870910812504,16243700
2021-08-18,45.941131591796875,47.1405524177429,45.87356035741921,46.8111317754717,21890500
2021-08-19,44.53899383544922,45.36676159477653,44.00685626797901,45.1640446695395,30923500
2021-08-20,44.54743957519531,44.88530217098578,44.01530203971945,44.15044772246109,16918300
2021-08-23,46.38035202026367,46.507052504568414,45.56947794266939,45.56947794266939,21632600
2021-08-24,46.760459899902344,47.17434221939691,46.464826449564114,46.70133385426026,17915600
2021-08-25,46.844913482666016,47.1067596375714,46.34656320212161,46.65909019343266,13270300
2021-08-26,46.21141052246094,46.912480820233036,46.143839306289514,46.62529590171971,11842600
2021-08-27,47.10676956176758,47.4784194406585,46.79424572674277,46.79424572674277,15822500
2021-08-30,46.59152603149414,47.58822681263723,46.55773879976406,47.50376195543979,14086100
2021-08-31,46.050933837890625,46.718217029148235,46.00025300061243,46.397244837307206,27104100
2021-09-01,45.41743850708008,46.253651390046514,45.273844410512545,46.02559567442087,21644100
2021-09-02,46.523948669433594,46.996956962914346,45.83977181648522,45.85666543012772,23293300
2021-09-03,46.3465690612793,46.72666732705641,46.11851010181302,46.557734406474644,13840000
2021-09-07,46.076271057128906,46.684428194994496,46.00869983188106,46.17762950606417,14354400
2021-09-08,45.65393829345703,46.608406374187375,45.6201510713489,46.27898901395017,18756700
2021-09-09,45.68772888183594,46.45637051973187,45.02044569560565,45.29073704813211,19110800
2021-09-10,45.594818115234375,46.6506447756153,45.56947930646596,46.616857549172565,15123700
2021-09-13,46.768898010253906,47.241909525845024,46.13540199825576,46.16074402978228,22052300
2021-09-14,46.101619720458984,47.10676560385819,45.95802561018626,47.03919114675869,19940300
2021-09-15,47.655792236328125,47.748705501179465,46.71822083623178,46.768898455512605,23240900
2021-09-16,47.148983001708984,47.68956559770703,46.87869170370996,47.68956559770703,17907200
2021-09-17,46.59152603149414,47.93453788255117,46.540845183899016,46.74356535215175,30000400
2021-09-20,45.349853515625,45.755290458906195,44.73325129633528,45.425873143873126,27555100
2021-09-21,45.3076286315918,46.04248301198397,44.97821126183417,45.92423095331476,19696800
2021-09-22,46.633750915527344,47.22501448663612,45.92423527462226,45.974916114018065,25690600
2021-09-23,48.2132682800293,48.34841395838572,46.69287537086061,46.81112743665659,23069400
2021-09-24,48.6440544128418,48.83832616519167,47.87541260044542,47.89230621657948,22328600
2021-09-27,50.088417053222656,50.51074772520957,49.68297999477049,49.70831880400897,32972200
2021-09-28,50.612098693847656,51.085110136434515,50.26578772295649,50.595208304939945,37619300
2021-09-29,50.57831573486328,50.84015865597071,49.87724536207145,50.5445285120988,23422800
2021-09-30,49.6829719543457,50.823263295320835,49.67452676000871,50.78103087938227,31289600
2021-10-01,51.4652099609375,51.51589079564783,50.18132448075175,50.18132448075175,24407300
2021-10-04,52.132503509521484,52.42813371560652,51.48211383400682,51.79463765502923,33946700
2021-10-05,52.04802322387695,52.960258883710395,51.54122778316515,52.808219607071486,29641600
2021-10-06,51.093563079833984,51.62569737499787,50.46851230468438,51.076669467302686,25284900
2021-10-07,51.237159729003906,51.59191918789816,50.79793542005876,51.19492730397845,19513600
2021-10-08,52.52104568481445,52.72376261478282,51.735510331400135,51.735510331400135,22186900
2021-10-11,51.997344970703125,53.26433677895697,51.94666413840733,53.23899475174567,22121500
2021-10-12,51.727054595947266,52.352102095146634,51.39763401314415,52.005791123393784,20198600
2021-10-13,51.583465576171875,51.85375693567469,50.85705633921037,51.33851302470771,14991700
2021-10-14,52.36899948120117,52.554825994311905,51.66792907055764,52.12404693612376,18594500
2021-10-15,52.86735153198242,53.272788574205364,52.74065104660711,52.98560359986488,16092600
2021-10-18,52.84201431274414,53.33191621186409,52.597061752120524,53.289683789511436,18282800
2021-10-19,53.6359977722168,53.72891103980355,52.934927278336716,53.10386019921014,18933200
2021-10-20,53.93162155151367,53.94851516380412,52.97715662305657,53.12074749433474,14305200
2021-10-21,52.951812744140625,53.75424157821191,52.66462778948754,53.61065071194886,16564600
2021-10-22,53.31502151489258,53.3994895800084,52.66463191307321,53.019391342305234,14266800
2021-10-25,54.35395431518555,54.41308034944773,53.7035679383015,53.82182000682587,17939800
2021-10-26,55.612491607666016,55.696962885032676,54.36239661138515,54.472200250006644,25585100
2021-10-27,54.16812515258789,55.114148098891135,54.04142789483219,55.038131677513945,21764500
2021-10-28,54.320159912109375,54.45530879785433,53.745793258327254,53.9062777269592,16626400
2021-10-29,54.45531463623047,55.20706267208742,54.33706257065214,54.94521973320029,23966300
2021-11-01,55.43511199951172,55.81521340444184,54.91986815417012,54.962103791691305,19656400
2021-11-02,54.75094223022461,55.28307650034929,54.615799780587494,54.92832032026617,16300000
2021-11-03,53.99919509887695,54.43841612258514,53.771136169955184,54.09210835385919,17372800
2021-11-04,54.404640197753906,54.810074033625334,53.91473507217585,54.63269592489976,17720100
2021-11-05,54.91986846923828,55.1817178237155,54.531325089977706,54.9452137184485,18565100
2021-11-08,55.511146545410156,56.06861970138876,55.223958327159764,55.36755565841239,17696000
2021-11-09,56.05172348022461,56.06017189747966,55.1648265518159,55.553369970243715,18781300
2021-11-10,54.94746398925781,56.197241899636296,54.58793691348486,55.91475610685543,20177200
2021-11-11,55.0501823425293,55.4953126660344,54.80193784112444,54.947464983920064,13319300
2021-11-12,54.63074493408203,55.10155465794959,54.42530365951272,54.75058622181916,18158900
2021-11-15,55.10155487060547,55.443954819255644,54.117138691085245,54.57938319336525,18849200
2021-11-16,55.65795135498047,55.95756107028635,55.07586236911643,55.07586236911643,17028700
2021-11-17,55.0501823425293,55.84627452604849,54.93890302708279,55.11010297867119,15497000
2021-11-18,54.45097732543945,55.23850757156454,54.02297090504195,54.92178700022059,16948200
2021-11-19,51.934303283691406,53.098481399657736,51.71174135701794,52.97864011103124,32035500
2021-11-22,52.65335464477539,53.535050195848534,51.6347004189799,51.6347004189799,21994400
2021-11-23,54.04009246826172,54.25409568208217,53.00431443164399,53.23543829442167,21185900
2021-11-24,54.339698791503906,54.656422651881684,53.56928913663121,53.56928913663121,15869700
2021-11-26,52.4307861328125,52.57630674732583,50.96700496897101,51.80589715524443,24979600
2021-11-29,52.72182846069336,54.048647647055674,52.465025273886084,53.56072061249295,18946400
2021-11-30,51.22381591796875,52.379432113683734,51.06973332314938,51.754543041551976,34979800
2021-12-01,51.181007385253906,53.09847427692556,51.14676608868805,52.13118213966315,30630600
2021-12-02,52.45647430419922,52.71328081022402,50.62460705174718,51.1382167983664,29216000
2021-12-03,52.12263107299805,53.269688624175714,51.66038326906889,53.0043234184911,22014700
2021-12-06,52.7132682800293,53.20975399177079,52.576303101143814,52.8331095461245,19210500
2021-12-07,53.30392074584961,53.954489077312246,53.15839686282238,53.36384138432262,19800400
2021-12-08,53.4580078125,54.091455548278105,53.36384586829322,53.59496974986528,18214400
2021-12-09,53.594970703125,53.73193264292634,52.91016100411833,53.11560228110522,16910300
2021-12-10,53.9373664855957,54.228410975736956,53.26967752927216,54.15993164799007,17942400
2021-12-13,52.756080627441406,53.68913490193825,52.51639477365858,53.47513165792916,17793700
2021-12-14,52.679039001464844,53.47513132546362,52.405115112070675,52.43935314917219,22551100
2021-12-15,52.44791030883789,52.64479288223693,51.369332235780504,52.37942771003994,19961900
2021-12-16,52.533504486083984,53.457999875103994,52.47358385147302,52.593425120694945,21187800
2021-12-17,51.38644790649414,52.45646391830972,51.09540342066311,52.173981389213864,44338100
2021-12-20,50.641727447509766,50.71876874584218,49.61451122488765,50.32500356122332,21819300
2021-12-21,51.78877639770508,51.942858968883044,51.12108743288708,51.14676677294013,19798900
2021-12-22,52.20822525024414,52.53350778270755,51.33509174985469,51.65181559059218,14058300
2021-12-23,52.23390197753906,52.93583221942274,52.216781329513886,52.36230193958332,13543300
2021-12-27,52.978641510009766,53.03000346310464,51.72030141534282,52.15686985307352,12593700
2021-12-28,52.80742645263672,53.33815671960722,52.55918523178294,52.99575030642816,12781000
2021-12-29,52.345191955566406,52.73039516157431,52.14830610816347,52.62767452433421,12733600
2021-12-30,52.037025451660156,52.73039381714013,52.01990480165163,52.40511126326833,11940300
2021-12-31,52.37942123413086,52.61910703486018,51.959976797356425,51.99421809252199,14072000
2022-01-03,54.39105987548828,54.44241855907084,52.39654827213822,52.42223087935953,24282400
2022-01-04,56.43693161010742,56.65949679610771,54.87042641205577,54.89610575450576,38584000
2022-01-05,57.13886260986328,57.87503424610713,56.90774199423338,56.924859379114736,34033300
2022-01-06,58.4827995300293,58.619764725243165,57.41278343314581,58.208875670461524,30668500
2022-01-07,58.9621696472168,59.21897614457114,58.19176321687481,58.65400446273579,23985400
2022-01-10,58.61121368408203,59.21042019759415,58.16608324759202,59.03922020255103,22760300
2022-01-11,61.07650375366211,61.11930700024506,58.70535149036893,58.97071333277941,32936100
2022-01-12,60.896759033203125,61.47028612621694,60.468752570202895,60.896759033203125,23045100
2022-01-13,60.46018600463867,61.2734021408802,60.18626215042865,60.879637008632024,21043200
2022-01-14,61.52165985107422,61.76134245856427,60.43451962742272,60.477322891986475,23012900
2022-01-18,62.557437896728516,63.24224444706021,61.641504155877946,62.33487266571148,32841200
2022-01-19,62.58311080932617,63.22512055785774,62.103745620298085,63.13095860560424,26431600
2022-01-20,62.72005844116211,63.66167779777585,61.85549016770366,62.06093142239223,26774600
2022-01-21,61.7784538269043,62.64302874614044,60.8111615321007,62.64302874614044,35995200
2022-01-24,62.30919647216797,62.55744106339515,59.75827447299972,60.67420826021499,41507000
2022-01-25,64.14105224609375,64.40641417750895,61.11076554184593,62.13797849578794,39278400
2022-01-26,63.490482330322266,65.05698768002419,62.908393231950775,64.56906053365844,35252400
2022-01-27,64.30367279052734,65.0655235285896,63.33637431369949,64.59471395749124,29174700
2022-01-28,64.44064331054688,64.73169106207817,63.3021447055105,64.17528142924496,30595700
2022-01-31,65.02272033691406,65.41648537358343,63.57605686349752,64.17526963910083,36085500
2022-02-01,69.19153594970703,69.77362508116249,65.28811202606285,65.44219463529699,61033100
2022-02-02,69.01175689697266,69.17439489413887,67.75341698844768,68.53238526985957,30299300
2022-02-03,68.20711517333984,68.74640100489344,67.64214346621253,68.55807710251767,28529400
2022-02-04,69.68801879882812,70.64674914239995,69.22577101280858,69.22577101280858,32197500
2022-02-07,70.52690124511719,71.11755222708652,69.02887869270457,69.45688513625103,34949200
2022-02-08,68.70360565185547,70.62107295558421,68.41255783393022,70.42418709073527,34356300
2022-02-09,68.37469482421875,69.2661613078104,68.12369831665006,68.87668783935612,40106100
2022-02-10,67.71690368652344,68.96322921432896,67.32743026071374,68.13234773021163,28527700
2022-02-11,69.42195892333984,69.51716473234785,67.70826756771665,68.04581303483214,42002100
2022-02-14,68.3573989868164,69.10172515580207,66.68697868676465,68.87669923173563,34652800
2022-02-15,67.50054168701172,67.6736461580997,66.14170295445793,66.55714708180868,25075100
2022-02-16,67.81214141845703,69.00653947964337,67.54383766999328,68.19296475428597,21733800
2022-02-17,67.7082748413086,68.47857166729706,67.46592855390651,67.9246505026146,23738800
2022-02-18,66.95528411865234,67.65633913730758,66.54849682521895,66.78218623361138,23394800
2022-02-22,66.17631530761719,69.0584399974613,65.1809861879199,68.95457732821357,35947800
2022-02-23,66.44463348388672,67.05048928214036,65.89071233324744,66.17632978371297,25385000
2022-02-24,65.6051025390625,68.40067235930698,64.07315917343904,68.37470833671355,46199900
2022-02-25,67.37071990966797,67.50054662165988,66.00323080603435,66.37539719200537,28310300
2022-02-28,67.87271118164062,68.3141193492335,65.95129438498299,66.21960467675078,32204600
2022-03-01,68.52183532714844,69.8027820071145,67.79481635441178,68.17563298635271,40002300
2022-03-02,69.69892883300781,71.10104553305582,69.08442273080628,69.75951375566821,44321400
2022-03-03,70.14033508300781,70.77214831548945,68.91997318503958,69.11904169865367,30196600
2022-03-04,72.78010559082031,72.94455318685178,69.8114382107432,70.14898367387909,42802200
2022-03-07,75.40258026123047,75.4977860645974,72.61566115160208,73.4984707971518,55207900
2022-03-08,75.97381591796875,79.20214346813859,73.93988616217919,77.07300789965898,72082300
2022-03-09,71.65496063232422,74.92655938489716,70.62501043123245,72.72818200120946,65466700
2022-03-10,73.87931060791016,74.15627120630884,71.75017476960875,72.71088328976764,44644200
2022-03-11,73.49848175048828,74.632294685939,72.67625689334112,72.76280583568382,35303400
2022-03-14,70.86734008789062,72.22617870590668,69.67294905273162,71.88863326981262,37462600
2022-03-15,66.83411407470703,68.52184156012447,66.09843816063433,68.21891696059583,47957900
2022-03-16,66.58311462402344,68.04581611660956,65.99457259771015,67.3447545273215,37812300
2022-03-17,68.3573989868164,68.50453284561236,66.70428583351557,67.66499425808352,34041900
2022-03-18,68.08907318115234,68.71223597444101,67.59573707034205,68.42661859364048,41461500
2022-03-21,71.1443099975586,71.42127056121936,69.01517442630508,69.34406963539398,33089300
2022-03-22,70.83271789550781,71.14429930821906,69.92394427781645,70.65096317196954,23132200
2022-03-23,71.94922637939453,72.93589878247602,71.87999119216434,72.13098112698736,27716300
2022-03-24,72.16559600830078,73.26478788014359,71.62033181096193,72.23483779302128,19871600
2022-03-25,73.74080657958984,73.99180308411785,71.65494909518215,71.76746203724241,22398300
2022-03-28,71.6722640991211,72.10501537440285,70.98851629178466,71.98384554558478,21552400
2022-03-29,71.29145050048828,71.39530658488823,69.03248821913952,69.9412619739426,27036300
2022-03-30,72.51181030273438,72.71087881586358,71.58572273976523,71.8886473438652,22079000
2022-03-31,71.48184967041016,73.04841371554116,71.44723538061803,71.7241959217763,27861500
2022-04-01,71.9405746459961,72.82338434540026,70.96255253415664,70.96255253415664,18671100
2022-04-04,71.9751968383789,72.40794812306393,71.0144884581173,72.32139258351847,20869400
2022-04-05,71.60304260253906,73.62831578848201,71.4559021223352,72.26947678844648,21753100
2022-04-06,72.3992919921875,73.3080657374052,71.78478595401344,72.20022349375277,24768200
2022-04-07,73.61100006103516,73.9485455526884,71.58572050785483,72.55508581401287,26122000
2022-04-08,75.16024017333984,75.48047850211286,73.71485246306652,73.71485246306652,24866500
2022-04-11,72.5724105834961,74.37265804497116,72.26948591528215,74.24283130051874,21800100
2022-04-12,74.0870132446289,75.14292735920709,73.89660163665447,74.18221904861613,22444200
2022-04-13,75.13429260253906,75.39394607225852,73.73218235518772,74.96119469156746,19306800
2022-04-14,76.01708984375,76.56235406800118,74.6322870972912,75.01310372552965,24566400
2022-04-18,76.6402587890625,76.93452650702113,75.9478540594667,76.59698101723993,19032300
2022-04-19,75.95650482177734,76.73545842907001,75.53240382248113,76.17288045695528,20382600
2022-04-20,76.12960815429688,76.59698035222718,75.55837987011148,76.1382650292384,20689400
2022-04-21,75.32469177246094,77.7221377216519,75.1169729930969,76.9864552138951,29010900
2022-04-22,73.68022918701172,76.26808654768968,73.56771623347542,75.00445362595299,23591600
2022-04-25,71.19623565673828,71.54243796843244,68.62569224172847,71.29144145753567,37698300
2022-04-26,71.22221374511719,73.32538544532885,71.12700792551105,71.60303702354172,28941500
2022-04-27,73.25614166259766,73.98316730140114,71.21355493903401,72.17426338118729,32773000
2022-04-28,75.4718246459961,76.28539920915496,72.76280386480704,73.46385886303321,33683800
2022-04-29,73.78408813476562,76.28538983183587,73.3080591183986,76.28538983183587,34656500
2022-05-02,74.7880859375,75.33335022094167,73.24748569886249,73.57638092659077,36335200
2022-05-03,76.32866668701172,76.83930998641894,74.53707679729118,74.6582466176,33908100
2022-05-04,79.3665771484375,79.52236786362738,76.95183096788458,77.46247427679245,46188400
2022-05-05,78.16352844238281,79.6695075424995,76.50176523183339,79.660850668611,41013400
2022-05-06,79.35794067382812,79.47045364197965,77.33266102427193,78.74343458021056,29619300
2022-05-09,73.100341796875,77.51440331313106,72.71951857633378,77.41054723717266,45851600
2022-05-10,73.58502960205078,75.20352187323788,72.28677567637179,74.1216436018387,34483200
2022-05-11,75.11695861816406,76.97779021102951,74.67555051863326,74.80537720711405,33020600
2022-05-12,75.45796966552734,75.52791404361352,72.9223008424508,75.15193549394114,29491500
2022-05-13,77.69635772705078,77.77504766194663,75.50169170710134,76.38480544492081,25798400
2022-05-16,79.52378845214844,80.42439333942232,77.79254307934671,77.80128862956498,26101200
2022-05-17,80.53804016113281,80.83532209071946,79.67241767515547,80.20578270967148,23120700
2022-05-18,79.261474609375,81.2462873866413,78.54449298888986,80.88779991184855,25451200
2022-05-19,79.68992614746094,80.70419657519126,77.81877852337982,77.81877852337982,24387400
2022-05-20,80.3194580078125,81.83211115682751,79.0428813217948,80.38066351087843,28795000
2022-05-23,82.09442901611328,82.86387062357655,80.92277884082377,81.01895987561917,27239300
2022-05-24,82.54036712646484,82.881370222655,80.72167949951701,81.15886364036598,24293300
2022-05-25,84.20166015625,84.40276110613496,82.60156475250464,82.69774578798004,29947800
2022-05-26,84.49893951416016,85.18969116977767,84.11421538422135,84.4639639868112,24314800
2022-05-27,85.32958984375,85.62687850203869,83.32729252657317,83.89562652256922,25588800
2022-05-31,83.9393539428711,87.24446493702757,83.68578634399395,86.17773457999283,44888100
2022-06-01,85.54818725585938,86.3088900426898,84.481463583469,84.83120555033776,25815400
2022-06-02,85.39954376220703,85.77552236943606,84.63010211827564,85.06728623501171,19089100
2022-06-03,86.64112854003906,87.1395247421945,85.60063507672402,85.60063507672402,21038200
2022-06-06,86.42256164550781,87.24447000193514,86.2739206319542,86.71985034351593,20682100
2022-06-07,90.38343048095703,90.4358904308661,86.99087807432518,87.17449456990593,37810200
2022-06-08,91.4501724243164,92.30705624787495,90.04244567352083,90.48836867972237,31613200
2022-06-09,89.47409057617188,91.43267328082422,89.32544959802445,90.42714861701054,26607000
2022-06-10,87.83902740478516,90.36595093554973,87.25320231958227,89.1330952587929,30950500
2022-06-13,83.80818939208984,85.48697471016035,82.12065852429714,85.2683826634043,33421000
2022-06-14,84.02678680419922,86.27391292150092,83.30105956161339,85.17221373855165,31264000
2022-06-15,82.96880340576172,84.43774234493675,81.55232442733924,83.93060715466075,29620800
2022-06-16,79.90851593017578,81.4299148572366,78.93796661354203,80.80037530427732,35696700
2022-06-17,75.30059814453125,79.87354048100445,74.8983895390734,79.53253738787933,64610200
2022-06-21,79.98719787597656,80.9052803916685,77.39906239228488,77.45152901525249,35951500
2022-06-22,76.82199096679688,78.48329188921882,76.53344785834938,76.54219340824476,29727200
2022-06-23,74.50491333007812,77.86249067832,73.02722894118652,77.5214876148681,35757200
2022-06-24,75.98259735107422,77.29414964135432,75.02953255126938,76.02631175821027,26639000
2022-06-27,77.84500885009766,78.72812270286074,76.65586742585252,76.77827845444534,25478700
2022-06-28,80.00468444824219,81.526083137111,78.99915975760896,79.67242695806837,33096900
2022-06-29,77.04932403564453,81.49110918252585,76.73455096692622,81.29875379244208,25400900
2022-06-30,74.88088989257812,76.59465071322208,74.03275169639878,75.31807397960668,39948100
2022-07-01,76.55094146728516,76.83947791429014,74.06773221670434,75.84269866234509,26327900
2022-07-05,74.15515899658203,75.80771422918882,72.58130036457051,75.49294116860662,34591100
2022-07-06,72.81737518310547,74.52239700130758,70.83256250724784,73.23707481138732,33375700
2022-07-07,75.14320373535156,75.86018537813327,74.58360863224877,74.65355301696175,23817400
2022-07-08,75.26560974121094,76.33233992020723,74.26008506408003,76.02630573998088,17673800
2022-07-11,74.88088989257812,75.30058955132144,73.761699697129,74.46993578342733,15603800
2022-07-12,73.88411712646484,74.36502233233452,72.45015373010844,73.2545709191083,21013000
2022-07-13,74.18138885498047,75.46671107182706,72.83486780684532,72.90481218727484,19928600
2022-07-14,72.6949691772461,72.84361016524696,70.55276982742282,71.56703343655188,26343000
2022-07-15,73.9190902709961,74.21637226437409,72.4851269209255,74.14642787651465,17243700
2022-07-18,75.28309631347656,76.89193717690517,74.97706879543023,75.70279596029694,19395800
2022-07-19,77.18047332763672,77.39906536418037,75.41425260755982,75.5628935913936,18248900
2022-07-20,78.02861022949219,78.38710436563319,76.28861951471613,76.57716259928335,16584400
2022-07-21,76.7258071899414,76.76952826695654,74.50491122974738,76.0088255548315,21375700
2022-07-22,76.13997650146484,77.35534763880375,75.74650685003688,76.55093057986994,15479500
2022-07-25,78.67565155029297,78.80680144020421,76.43726447957735,77.0843017340052,17536400
2022-07-26,78.36961364746094,79.81232240639622,77.81876412316906,79.68116585178402,15141200
2022-07-27,80.06591033935547,80.44188900043267,78.16853260199198,78.93797435612387,18047000
2022-07-28,81.00146484375,81.53482994866795,79.57624716145263,80.5992562954495,20353100
2022-07-29,84.75251770019531,85.2683917836854,82.27805386523296,82.58408142924408,29825800
2022-08-01,82.61029052734375,83.37098640831988,81.51733054120716,82.88134246921815,20793200
2022-08-02,82.2518081665039,83.23984173319185,82.03321613813849,82.7939187983739,16722500
2022-08-03,79.58497619628906,82.55782887135045,79.38387528246213,82.55782887135045,23580800
2022-08-04,76.23616027832031,78.99041458321605,75.57163862391998,78.96418460635412,31821500
2022-08-05,77.3378677368164,78.42208915153692,75.44049026740586,75.51044132723949,17408000
2022-08-08,77.77503967285156,78.3433802709076,77.13675469681723,77.47775772147101,14458500
2022-08-09,79.20902252197266,80.10088193974453,78.64942733356322,78.73686950185913,19083400
2022-08-10,79.96097564697266,80.25826432772952,77.98490815923203,79.28771501406821,18302000
2022-08-11,82.27407836914062,83.2540577104147,80.72906674370876,81.08220686952028,18797900
2022-08-12,82.98919677734375,83.00685108953869,81.32058474269914,81.64724677189332,15058200
2022-08-15,81.5059814453125,81.86795881735392,79.15756736381618,79.92565451842405,20755200
2022-08-16,80.74671936035156,82.00921481719712,80.59663413646125,81.24995143835484,14038200
2022-08-17,81.40003204345703,82.2917262839598,80.26996756299029,80.57896851691234,13678000
2022-08-18,83.3246841430664,84.14574775756996,82.18578901741849,82.2387654264201,17770400
2022-08-19,83.05982971191406,84.04863287838107,82.81262892029731,83.13046043400925,16128600
2022-08-22,82.99800872802734,83.42177948303672,81.09985064532054,82.47711570267306,16019900
2022-08-23,86.52063751220703,86.88261484106461,84.26933251530744,84.35762426868789,23764700
2022-08-24,87.03270721435547,87.37702352661545,85.95561239724863,86.52947516292046,17050300
2022-08-25,87.48296356201172,88.16277240447643,86.60893035741566,87.3328783448447,15305700
2022-08-26,86.40587615966797,88.20691898715293,86.00858343753283,87.20044813250672,15531400
2022-08-29,88.39232635498047,89.66364565063604,86.6442530618442,86.67956842223965,23059200
2022-08-30,85.02861785888672,87.06803799553457,84.59601644505341,86.83849150145866,17086800
2022-08-31,84.39295196533203,85.49653177491562,82.6272242699983,83.01568651840103,18340900
2022-09-01,82.87442779541016,83.9338616670623,81.479501367019,83.35999884670227,16423000
2022-09-02,84.39295196533203,85.45239262396224,83.96918109045323,85.06393037555951,18206800
2022-09-06,83.8279037475586,85.27579964434776,83.43944830852526,84.89617472811743,19201500
2022-09-07,83.11279296875,83.51007896235852,81.48832690027902,82.27407509970273,16274700
2022-09-08,83.7926025390625,84.24285820611047,82.74199251118536,83.57188659947258,18759200
2022-09-09,85.19634246826172,85.63777429452215,84.15456308885852,85.21399677759749,17158000
2022-09-12,86.17633056640625,87.57125689810485,85.53183706975295,86.2116459244422,16118900
2022-09-13,84.16340637207031,86.3264199544121,83.79260519836306,85.2934709409207,18229100
2022-09-14,86.22930145263672,87.01504965680796,84.88735150690975,84.92266686544413,22655700
2022-09-15,83.72196960449219,85.23166578301789,83.03333696892422,84.94914965725371,21092300
2022-09-16,82.2917251586914,84.17222242603059,81.22346088361665,83.93385218932612,37874700
2022-09-19,82.28290557861328,82.53893689547373,80.34060786302453,80.34943838725184,15342100
2022-09-20,81.61192321777344,82.04452454813557,80.90562955799744,81.86795450104934,14712500
2022-09-21,80.29646301269531,82.8832543158948,80.22583902511575,82.60956868276813,17332400
2022-09-22,79.96097564697266,81.80616452732235,79.91682976183019,81.40004124401753,16139400
2022-09-23,75.70556640625,77.25057796556122,74.91098768574676,77.25057796556122,27738800
2022-09-26,74.14289855957031,76.12051141677921,74.06343732177993,74.9551315696738,22043400
2022-09-27,75.69673156738281,76.77382635647037,74.87566805895669,75.5819617115203,17307300
2022-09-28,78.4512710571289,78.8397332511359,75.85564955301973,76.0322263392573,19543300
2022-09-29,78.2923583984375,78.8927060238396,76.92391687803517,77.85092651904526,17896000
2022-09-30,77.08282470703125,78.61018181657182,77.08282470703125,77.84208800046086,21357600
2022-10-03,81.15283966064453,81.54130189181326,79.21054197623354,79.49305812552453,23881300
2022-10-04,84.11043548583984,84.18989673440238,81.850306199778,82.31822295955956,22133700
2022-10-05,87.50945281982422,88.27753993192454,84.45474521036812,84.53419971063414,34857700
2022-10-06,90.1050796508789,90.21102573453318,86.81200136195977,86.93560175836488,29124700
2022-10-07,89.19571685791016,91.21747550122105,88.44528407414873,90.2198419638173,24507600
2022-10-10,87.26225280761719,90.0785904220713,87.15631346484446,89.60184317244573,16786100
2022-10-11,86.52063751220703,88.07447941883464,85.41705795210234,85.83200494441613,17804100
2022-10-12,86.90028381347656,87.32406139977773,85.84084995129798,86.07922021278748,12635800
2022-10-13,89.93733978271484,90.44939567925269,85.99093742896585,86.12336834913042,22019100
2022-10-14,87.57128143310547,90.2640125645442,87.43885048729622,89.27520920536627,15222000
2022-10-17,88.83375549316406,90.02562024264392,88.72780941527311,89.23104149775199,14283200
2022-10-18,88.99266815185547,90.36110291458503,87.60657234223268,89.6459854368729,14065400
2022-10-19,91.63243103027344,91.80900108908847,89.37230194600424,89.38995625759935,20921700
2022-10-20,91.75603485107422,92.70069884607702,91.29694863955164,92.1003511936452,17649000
2022-10-21,93.4599609375,93.93670819029063,91.73837924885284,92.21511976592733,22814100
2022-10-24,94.11326599121094,95.06676037256142,92.80663152999607,93.28337872067131,17024200
2022-10-25,93.47761535644531,94.75777188921322,92.76249784429935,93.94553882162568,15719800
2022-10-26,94.59001159667969,95.19918967495266,93.58354756735963,93.8130940039968,17383800
2022-10-27,94.95199584960938,96.74420812480334,94.83721925506757,95.71125918822095,18214000
2022-10-28,97.73302459716797,98.18328704250594,95.4552410043708,96.63827531928962,28169400
2022-10-31,97.83013153076172,99.68415082368429,96.6206124849727,96.67358215538215,26401800
2022-11-01,98.8012924194336,99.38397903269482,97.68888213047775,99.2074089646075,22213100
2022-11-02,96.77070617675781,98.96903525543533,96.50584433010033,98.50994902170778,20654200
2022-11-03,98.0861587524414,98.72182171378958,95.62296814507505,95.86134512343845,17103700
2022-11-04,99.1544418334961,100.20505202335542,97.82132220254917,99.76362007611597,17541500
2022-11-07,100.3286361694336,100.63763713527794,98.99551001882985,99.2427175272212,16008000
2022-11-08,100.64647674560547,101.22917010727657,99.41046603491965,100.18739051714778,14661000
2022-11-09,96.14386749267578,100.01080844447026,95.85252082717805,99.85189269380932,19522800
2022-11-10,97.55644989013672,97.73301995583236,94.9696586869696,97.28276426759358,20146700
2022-11-11,100.6023178100586,101.0878955484641,99.31333759213697,99.39279882920134,20518900
2022-11-14,100.8960189819336,102.02627921216617,100.11284012324629,100.23743552532106,20858300
2022-11-15,101.57239532470703,101.92838510911791,100.45103667023228,101.27871003326291,19373800
2022-11-16,100.48663330078125,101.68809284577944,99.55216099359369,100.95831686519283,13591000
2022-11-17,100.6201171875,100.74471258195243,98.56428638909507,99.04487153481436,12425900
2022-11-18,99.74795532226562,100.10394509457443,97.54972577744444,98.69778922842174,15415000
2022-11-21,98.76008605957031,98.96477559363561,95.65408907315872,97.88791146459182,20973000
2022-11-22,101.61687469482422,101.87496706315285,99.16945479060392,99.86363098613799,17719100
2022-11-23,101.10961151123047,101.41219840899191,99.76575332484578,99.96154804219272,11546700
2022-11-25,100.75361633300781,101.99957709393654,100.62011932470476,101.34989527482959,7136000
2022-11-28,97.72771453857422,99.19616806461372,97.55862466365474,98.48419532982545,23015500
2022-11-29,98.37740325927734,99.49876871284036,97.70992495428943,98.43970096281194,14453200
2022-11-30,99.08935546875,99.58774378348026,97.70100305543784,99.26735372041762,23158100
2022-12-01,98.60879516601562,99.73905541320319,98.05701067002138,99.35636758967853,14398300
2022-12-02,97.77222442626953,99.4186695836982,97.18484024808451,97.46073590296258,15248400
2022-12-05,95.0933837890625,99.10715421633984,94.28351384782488,98.51977019725298,19287700
2022-12-06,92.45018005371094,95.2624915213336,91.80050506108664,94.24792517920125,21197000
2022-12-07,92.24549865722656,93.3134611777106,91.10633682472624,92.36119244679797,20061700
2022-12-08,92.93077087402344,95.0489062151662,92.29889227416805,94.58611748939555,21128800
2022-12-09,92.1476058959961,94.29243265541153,91.93401473923575,93.08207145053544,21298200
2022-12-12,94.41702270507812,94.55051971670585,92.1920951444162,92.40569307899659,20413200
2022-12-13,95.44939422607422,96.59745768470515,95.24469789890149,95.93888101500453,24305300
2022-12-14,94.74630737304688,96.38385746652092,94.11442880766522,96.10796185238446,17597300
2022-12-15,93.83855438232422,94.4882294789803,92.28999978904683,93.74065701872827,15365100
2022-12-16,93.17996215820312,93.96314099363364,91.78270794219365,92.28109632563306,54596600
2022-12-19,93.59825897216797,94.51492811892196,92.89518098826427,93.67835990194973,13611100
2022-12-20,94.95101928710938,95.68079532101132,93.50926365381694,93.5982594062556,14680000
2022-12-21,96.1702651977539,96.64194874681033,95.36929672045656,96.3749615176912,13565400
2022-12-22,94.23011779785156,96.28595522346839,92.64597065954247,96.01896123366697,13213000
2022-12-23,96.7220458984375,96.77544198419204,95.13789864828226,95.18239312309781,11539400
2022-12-27,98.06591033935547,98.31510114230746,96.85554919078281,97.24713182830445,11962100
2022-12-28,96.45506286621094,97.89681845511022,96.02788055168257,97.81672431736384,10702100
2022-12-29,97.18482208251953,97.64761076487837,96.10795808040584,96.10795808040584,10534000
2022-12-30,98.16380310058594,98.3417945829502,96.65974995183068,96.65974995183068,11799600
2023-01-03,94.79081726074219,97.91461071873253,93.88304299863717,97.70101957056555,15146200
2023-01-04,95.06671142578125,95.36930512671613,93.23337315579307,93.26897281413486,18058400
2023-01-05,97.1937255859375,97.85230218064805,94.612808500799,94.6395065426206,15946600
2023-01-06,98.36848449707031,99.6678412227811,97.60310896426351,97.96800029987712,16348100
2023-01-09,96.53515625,99.3563627136074,95.947772126,99.3563627136074,17964600
2023-01-10,97.97692108154297,98.19051904725367,96.1257862416376,97.70993380931618,15104600
2023-01-11,99.1160888671875,99.18728139843533,97.08694895295193,98.77789548651107,16710400
2023-01-12,100.76253509521484,101.22531710750467,99.44537480033588,99.5165741222085,15357300
2023-01-13,100.7002182006836,101.00280507608181,99.81914882767964,100.66461854652972,12011400
2023-01-17,100.50442504882812,101.52789305424207,100.27303068822692,100.93161411532729,16542200
2023-01-18,98.43970489501953,101.56350538832754,98.25281177695025,100.7981296915063,16399700
2023-01-19,99.07156372070312,99.79243800169331,97.52301620267482,97.9591000574766,12928000
2023-01-20,100.87821197509766,100.95831289624998,98.43969332460324,99.10717157779966,16515600
2023-01-23,100.3531265258789,101.98176820893737,100.24632756717855,101.13629851986298,16584400
2023-01-24,101.28759002685547,101.47448310857379,93.33125447825776,97.14923060749068,13583000
2023-01-25,100.75361633300781,101.14520574671282,99.13386938078246,100.77141955541617,11914700
2023-01-26,104.80298614501953,104.82078257732437,101.75928018546416,102.09747350871467,21019700
2023-01-27,102.8895492553711,104.72288736757501,102.69375454631242,104.0821071524521,15179200
2023-01-30,101.06509399414062,102.78273811570436,100.70020945315453,102.42674839502924,18672100
2023-01-31,103.24554443359375,103.59263260333397,98.27950429585489,99.76575433447994,27861800
2023-02-01,102.11528015136719,104.46480326704186,100.8693192773117,103.085352162503,19464900
2023-02-02,98.92027282714844,102.40895733484689,97.74551144027286,102.21316263871104,24562100
2023-02-03,99.6055679321289,101.554606893153,99.28517777990739,99.58777149697923,20226600
2023-02-06,99.43646240234375,100.64681671054483,98.1816000384127,99.99714168562409,13855200
2023-02-07,102.27546691894531,102.62255506991934,99.6945496299554,100.02384134828921,16013300
2023-02-08,101.38549041748047,103.08533821501081,101.32319272170362,102.39116195065753,18459700
2023-02-09,101.76818084716797,103.45022546678648,101.61688740919885,102.00847681565048,17439300
2023-02-10,106.05785369873047,106.46723958739506,103.37904559312476,103.69053411820211,24918600
2023-02-13,105.64530944824219,105.98609829702671,103.94135151994386,105.57356226675455,14536200
2023-02-14,104.40769958496094,105.65427784454045,104.04897050229178,104.93682652139027,12079000
2023-02-15,104.09381866455078,104.11175204046813,102.36295709551733,103.77993326958376,13663400
2023-02-16,103.78888702392578,104.73054306044376,102.95484491033137,103.41221776713122,11360600
2023-02-17,99.79804992675781,102.40779735616081,99.52900824391067,102.40779735616081,20758300
2023-02-21,99.69938659667969,100.78453698339766,99.37653114451051,99.37653114451051,14469400
2023-02-22,98.4079818725586,99.52003585566943,97.43044530669613,99.08059632755264,13973800
2023-02-23,99.31376647949219,100.29130306570242,98.56044155846841,99.30480321294776,11289400
2023-02-24,99.32272338867188,99.51105459389943,97.77122320914873,98.04924180540709,14351000
2023-02-27,99.14336395263672,99.78010475494095,98.61423707387341,99.36756874959684,11710500
2023-02-28,98.56941223144531,99.86979747540373,97.95060472692765,99.76217669656076,18107000
2023-03-01,99.44828033447266,100.31819605141936,97.96852728910262,98.03130435928499,13200000
2023-03-02,99.90567016601562,100.17471184741073,98.80257942994994,99.20615221532488,10339900
2023-03-03,101.17017364501953,101.67239705905213,98.60527013791821,98.69495753333706,13006700
2023-03-06,102.0669937133789,102.093897195354,100.32716907117518,100.43478299907557,14347400
2023-03-07,100.093994140625,101.49302994060142,99.69939149255465,101.17017447257798,11525300
2023-03-08,98.6321792602539,100.82041346962536,97.81607049876058,99.75320326745626,13509800
2023-03-09,97.86988067626953,100.65002577919886,97.78020012118517,99.4303510719259,12961200
2023-03-10,96.6591796875,99.582812419328,96.09418601139637,98.25551689106504,15795700
2023-03-13,95.54712677001953,96.73092794416966,93.01809667787208,94.47093953030881,20745600
2023-03-14,95.9058609008789,97.76227663179726,94.13015562504079,95.37673394066194,18263500
2023-03-15,91.13478088378906,93.44856950703975,89.87923247944467,92.21096132054807,25733800
2023-03-16,90.60563659667969,91.1885704059706,87.90620907014572,88.8837454904373,27465200
2023-03-17,89.5384292602539,91.12580313999376,88.91065853177292,90.22001379559596,43199500
2023-03-20,91.87913513183594,91.90604545844505,89.23352091690357,89.35010496345646,32042100
2023-03-21,95.99552917480469,96.21076386965078,93.38578198631895,93.42165557582456,31592300
2023-03-22,93.79833984375,96.12110569924572,93.77143635590308,95.78031678286942,14952700
2023-03-23,92.74007415771484,95.36774777158861,91.8701584633395,94.48886881183941,14385900
2023-03-24,92.84768676757812,93.13466862579389,90.49802494161996,91.00024148295076,13401600
2023-03-27,94.88348388671875,95.49332127932776,93.18849597120908,93.93285078394727,14805900
2023-03-28,96.06729125976562,96.54260442063705,94.33642964013526,94.56063447769262,11047600
2023-03-29,97.71743774414062,97.89680572347227,96.39911217535546,96.91029894262024,14219100
2023-03-30,98.19273376464844,98.26448094384932,97.3228180328535,98.24654757014291,11578200
2023-03-31,98.34521484375,98.80258779349433,97.7981544837605,98.36314822048578,14418000
2023-04-03,104.14762115478516,104.79333213505097,101.44820003199074,101.69033822849634,28087700
2023-04-04,103.15214538574219,104.65880197403405,102.38985040452873,104.26420616337298,16365500
2023-04-05,104.91887664794922,104.92784675579213,102.51540091011195,103.44809370233705,16479500
2023-04-06,103.1790542602539,105.08927674052394,102.9279391305777,104.80229486308167,15778000
2023-04-10,102.7216796875,104.19246273835229,102.38985409544397,102.93691439581819,13006600
2023-04-11,103.44810485839844,104.21039989475325,102.57818904288516,103.09834587886871,11758500
2023-04-12,103.34046936035156,104.5601370587334,103.07142088968409,104.17451140879652,10919000
2023-04-13,103.82475280761719,103.93237357173044,102.35396990900604,102.77547601571545,12399700
2023-04-14,104.07587432861328,104.62293460602673,103.24183217142456,103.94135007574006,11530800
2023-04-17,102.86516571044922,104.48841321309042,102.61405741404627,103.57365374226492,13260400
2023-04-18,104.8740463256836,105.11618451502486,102.5064440295532,102.5871544786043,17436100
2023-04-19,104.54222869873047,104.83818071883373,103.82477050009018,104.10278914421224,10682600
2023-04-20,103.70817565917969,103.74404924959765,101.54684486345252,103.25079593408535,17038700
2023-04-21,104.04000854492188,104.82023695419245,103.36739407227441,104.47047797579083,14315300
2023-04-24,106.0040283203125,106.62283576725298,103.92340801825826,103.95928160786804,15831300
2023-04-25,104.49737548828125,105.59149606267934,103.69920690706057,105.42110505870058,12179800
2023-04-26,103.53777313232422,105.00855606199977,102.8472253640276,104.05792990657683,15566100
2023-04-27,104.77539825439453,104.93682599868215,103.02659655091402,103.69024774531206,16279200
2023-04-28,106.12957763671875,107.54655357202546,104.77538561201482,105.15204802250781,24381900
2023-05-01,102.83827209472656,105.1969113383642,102.64097074513984,104.02207335005832,17355000
2023-05-02,98.73979187011719,102.18358113228763,98.01337051263053,102.18358113228763,24324100
2023-05-03,96.79369354248047,98.47971112325979,96.64123592531055,97.82503695908908,16212300
2023-05-04,95.09871673583984,97.52909614986824,94.98213269328518,96.76680113460574,17177200
2023-05-05,97.46630096435547,98.13891529558478,96.43495762136651,97.34971694346298,14968200
2023-05-08,97.8519515991211,99.52003599725452,97.78917452358652,99.09852984344182,11187800
2023-05-09,97.87885284423828,98.8563893891364,97.0448106642451,97.16139470408943,11370800
2023-05-10,96.62332153320312,98.6591054300719,95.69959863359209,98.41696035720565,14884800
2023-05-11,94.87451934814453,95.79824217893452,94.10325416391066,95.50229015289833,17165900
2023-05-12,94.86553192138672,95.96862252516006,93.96871273991445,95.34084499281705,12613300
2023-05-15,95.04647064208984,95.82442841311271,94.60321788003857,95.44449747421162,13715600
2023-05-16,92.7397232055664,94.81126103233693,92.28742255085389,94.64843252057801,14795200
2023-05-17,94.82032012939453,95.19121002262695,93.0382542359943,93.52673982872034,14064700
2023-05-18,95.67967987060547,95.80633040654975,94.19613423791458,94.5760720426265,12005600
2023-05-19,96.12293243408203,96.8375682622344,95.72490566864022,96.40335661797424,13359600
2023-05-22,94.95600128173828,96.82852573052489,94.8745835744552,95.74300000996607,12882000
2023-05-23,96.24958038330078,97.89595448492108,95.66158815381634,95.87869053492004,14394400
2023-05-24,97.3260498046875,98.15828823946372,96.54809904211434,97.13608436133777,16340300
2023-05-25,95.5801773071289,96.27671727608002,94.720801925471,95.83346456856567,14316500
2023-05-26,94.95600128173828,96.74710802324181,94.8293576495738,96.31290325626655,12370300
2023-05-30,94.11471557617188,94.18708533308296,92.82113550301588,93.43626463364028,11938000
2023-05-31,92.43216705322266,93.21012477336824,92.03414024713125,92.53167375474551,24926100
2023-06-01,93.49959564208984,95.50781173375945,91.5999341964642,92.04318692341272,13551900
2023-06-02,95.67063903808594,96.00533711474354,94.5579763603257,95.12787961787431,14112000
2023-06-05,95.2454833984375,96.96422745975907,95.06455897528936,96.96422745975907,10628000
2023-06-06,96.0234375,96.13198524818586,94.06045416928347,94.21423474692062,12209800
2023-06-07,98.17638397216797,98.50204101215341,96.54810567380137,96.60237954661207,16027100
2023-06-08,97.86883544921875,98.72820408686277,95.79729725046805,98.3934990577118,13517100
2023-06-09,97.1451416015625,98.24875638890654,96.93708714913188,98.11306480165655,12251600
2023-06-12,96.26766204833984,96.846606288275,95.48970443188455,95.71585474128295,14112000
2023-06-13,96.2857666015625,98.00450358639107,96.14102707777548,97.13608714835,13533800
2023-06-14,95.12789154052734,97.79646305027124,94.43134456101446,97.19942278211734,16627700
2023-06-15,95.78823852539062,96.81948353515422,95.38117066948001,95.43544454318523,16224100
2023-06-16,95.10071563720703,96.5842609589499,94.94693509933882,96.21337807929369,43128900
2023-06-20,92.92063903808594,94.77506741043251,92.37787968280303,94.69365661284192,17514100
2023-06-21,93.96092987060547,94.64842181891204,92.56784318341661,92.7216237322568,13285700
2023-06-22,93.4453125,93.97902392826028,92.85732030332215,93.02918984889146,12455300
2023-06-23,92.63117218017578,93.0111030602852,91.9255842880983,92.80304172981002,17933600
2023-06-26,94.34087371826172,94.90172902851958,92.45025334605538,92.45025334605538,14283400
2023-06-27,94.57608032226562,94.63035419844995,93.41818471836514,94.12377961656672,13227500
2023-06-28,95.34498596191406,95.7249168816711,93.35485880314532,94.35896687790374,13084100
2023-06-29,96.52095031738281,96.54809415210956,95.10072663531521,95.58017109365022,11364400
2023-06-30,97.01850128173828,97.58839768582428,96.62047445259572,97.08182310441451,13544700
2023-07-03,97.20844268798828,98.1130438746268,96.855648777324,97.23557961933794,7397000
2023-07-05,96.7109375,97.62457993083056,95.97820568420292,97.36224470067616,12491200
2023-07-06,93.1015625,95.63444885601704,92.65830980324304,95.06454563005515,17961400
2023-07-07,93.31867980957031,94.07854164084338,91.87131210923187,92.19696915165194,21929200
2023-07-10,94.70271301269531,94.75698688260134,92.94778426909104,93.14679766082682,14877600
2023-07-11,95.86060333251953,96.03247979244257,94.81126248476258,95.21833722117604,12576500
2023-07-12,96.33100128173828,97.38034221988377,96.0053442251801,96.79234992878922,13238200
2023-07-13,94.5670166015625,96.09579494031807,93.46340195949469,95.86059668014954,26826800
2023-07-14,91.31045532226562,94.12376585243494,90.93956548508007,94.12376585243494,28181900
2023-07-17,91.70848083496094,91.97081605023304,90.65914687543301,91.11144754282067,18051300
2023-07-18,91.29235076904297,92.45023919218679,90.76768042056861,91.29235076904297,24617800
2023-07-19,91.92559814453125,92.63118614296576,91.1838252613615,91.40997561478595,15556500
2023-07-20,93.5448226928711,93.7709730153257,92.5949885779377,92.75781708616742,15740200
2023-07-21,93.97904205322266,94.42229482168666,93.40914563662606,94.22328830430777,17121500
2023-07-24,95.45352172851562,96.03247288319834,94.04234597422371,94.40418785781544,15090900
2023-07-25,95.5982666015625,95.96914954940382,94.56702166153109,95.03741130547724,14116100
2023-07-26,95.06454467773438,95.63444789798719,94.65747686460524,95.08264056810813,15159600
2023-07-27,95.3630599975586,96.78328365240756,94.74793088517791,95.88773036726322,17677900
2023-07-28,94.2232666015625,95.12786782361331,92.55879676417798,95.08263500188693,17566400
2023-07-31,97.00945281982422,97.57030817594907,95.15502407898039,95.15502407898039,24197000
2023-08-01,96.4485855102539,97.0818036098625,95.46256658193805,96.74709867060672,14177400
2023-08-02,95.2454833984375,96.23149562374093,94.59416927822629,96.1229478714131,13484100
2023-08-03,96.90088653564453,97.58837850340377,95.25451256812056,95.78822398268836,16280400
2023-08-04,97.1722640991211,98.81863808925682,97.09085329980506,97.66074959969673,14279600
2023-08-07,96.97325134277344,98.07686597319973,96.3490811726686,97.6064763593845,12410800
2023-08-08,97.45269775390625,97.47078674260132,94.83839373685049,95.92391940067392,14065600
2023-08-09,99.10811614990234,99.88607381948084,97.9773645256964,98.33920642575434,19919600
2023-08-10,99.61470031738281,100.98064334796474,98.9995711407908,99.67802213402197,15837200
2023-08-11,101.16156768798828,101.37867007324418,99.55137843601625,99.84085058354424,14047000
2023-08-14,101.24297332763672,101.29725409735087,100.21172842334825,101.02587095346021,12973400
2023-08-15,98.64373779296875,101.10618030393846,98.47045237899397,101.00585790196736,14909600
2023-08-16,96.98385620117188,99.71079124702548,96.92913742370843,98.7531708926021,13695100
2023-08-17,98.86260986328125,100.45863905908747,97.96883045205033,97.96883045205033,16709500
2023-08-18,100.35832977294922,100.50424884310523,98.15125078105258,98.16948805552109,16224000
2023-08-21,99.14534759521484,101.21562967166744,98.62549828651785,100.65017673874911,11092400
2023-08-22,98.5890121459961,100.06648182882462,98.45220823789674,99.5648698185056,10518800
2023-08-23,97.72258758544922,97.85939147758087,96.41840346897948,97.62226519509501,11435600
2023-08-24,96.99298858642578,98.28805081650914,96.73762498704441,97.05682948627113,10818500
2023-08-25,98.72581481933594,99.34598649791216,97.23922999719304,97.97796135030012,13579300
2023-08-28,99.55574035644531,100.35831249950648,98.8990872584249,98.90820241502227,10382100
2023-08-29,100.14855194091797,100.34007461359296,98.8808492802584,100.01175500196102,9665000
2023-08-30,101.12442016601562,101.3615464820286,100.30361061344206,100.72313750599672,11922100
2023-08-31,101.40714263916016,101.61690259092599,100.88729338034054,101.34330174625724,17479800
2023-09-01,103.5321273803711,103.80573515950758,102.32826567681334,102.32826567681334,14843500
2023-09-05,103.54125213623047,105.63889327475555,103.51389274924593,104.0611013633418,18304000
2023-09-06,104.43502807617188,104.50798411966552,103.26764788265565,103.49565204414351,13325500
2023-09-07,103.9242935180664,105.6571265285833,103.69628935768615,104.56270934201198,13248500
2023-09-08,105.4382553100586,105.83954490013829,104.26175288670854,104.4532755661187,14283200
2023-09-11,104.11583709716797,106.4141162804052,103.57774358828581,105.95810789849708,14383600
2023-09-12,107.15283966064453,107.31700294424363,105.1281614823007,105.19200237269284,20145800
2023-09-13,106.1952133178711,107.5814754646287,105.70272352730166,107.07987051807167,13472800
2023-09-14,108.09222412109375,108.21991286990881,107.00692890031942,107.20757370228287,15210700
2023-09-15,106.4323501586914,108.08310518006863,106.2499495950014,107.52677441523795,34568400
2023-09-18,107.28965759277344,107.83686629031364,106.43235955980761,107.18933518644187,14045300
2023-09-19,107.00692749023438,108.38406777986215,106.35027431360187,108.18342993867834,12562900
2023-09-20,106.15873718261719,107.63619967083199,106.08577418222431,106.28641895423736,11879900
2023-09-21,104.66303253173828,107.04339654101047,104.51710652807132,106.68771060474081,14400600
2023-09-22,104.82719421386719,106.41410120988945,104.7086275981558,105.52944396097239,13197300
2023-09-25,106.00371551513672,106.38676090042364,104.72689060604432,104.96400996371567,11316000
2023-09-26,106.16786193847656,106.45970698917395,105.21936378417631,105.33792344416327,11805400
2023-09-27,109.62440490722656,109.89801270135541,107.07076231394343,107.51764855009432,23976200
2023-09-28,108.95864868164062,110.0804254539474,107.79126828588174,109.42377919993505,16808100
2023-09-29,107.23493194580078,108.69415736520747,106.45971909406619,108.62119435470322,18813600
2023-10-02,105.45648956298828,107.42644899444991,104.47151680539275,107.18932270181799,14395000
2023-10-03,105.63890838623047,106.19523919494843,104.90929215764218,105.28322238828109,13297100
2023-10-04,101.68984985351562,104.05196948330264,100.77783326290114,104.01549494283633,19622200
2023-10-05,99.40069580078125,101.1426509959086,99.13621012914821,100.13943404159593,20128800
2023-10-06,97.74082946777344,98.74404646050299,95.86207726549071,96.42753013251134,25367500
2023-10-09,101.160888671875,102.20970924753647,99.88406392577126,100.72312456118148,22369900
2023-10-10,100.73223876953125,101.64425544271175,100.4312785555643,101.25208799491874,13892000
2023-10-11,97.12066650390625,97.74083820252923,95.6067222431753,97.54931551064895,57939000
2023-10-12,97.1024169921875,98.35187539005716,96.75584620072637,98.12387122015276,31183000
2023-10-13,100.20327758789062,100.50423781147063,98.35187783736473,98.52516323740718,30276500
2023-10-16,100.2762451171875,100.94202044768343,99.52839161399078,100.77785714414581,18452000
2023-10-17,101.58953857421875,101.96346875714056,100.02999086880726,100.07559448657558,19775400
2023-10-18,103.01228332519531,103.41357289918874,101.87226245192784,101.98170696069019,23380300
2023-10-19,103.07613372802734,103.94255384654826,101.53483009666434,102.80253286807536,20972500
2023-10-20,101.30682373046875,103.34973933184466,101.04233803415335,102.98493123492217,22445300
2023-10-23,99.82023620605469,101.19738352549638,99.1179863300213,100.89641631085235,18185000
2023-10-24,98.8534927368164,100.15767693810204,98.60725128147345,100.04823242565215,16786100
2023-10-25,99.035888671875,99.86582719670223,98.6163618309564,98.97204778212945,22047300
2023-10-26,98.13299560546875,98.8078860157211,97.12977862630764,97.99619170873423,18768300
2023-10-27,96.26335906982422,100.19414855894937,95.72526563435989,99.3094913054491,23092000
2023-10-30,96.56431579589844,97.05680559840808,95.95326633946657,96.4366340276331,19379900
2023-10-31,96.5369644165039,96.81969431950974,95.34222478945902,96.29072297389632,22185200
2023-11-01,96.34544372558594,97.74082816464914,96.18128044109996,97.15713803272905,28984900
2023-11-02,99.51013946533203,99.5831024689174,96.21775872849298,96.56432255832104,25212700
2023-11-03,98.29715728759766,99.20917397344752,97.16625854542164,98.86261013775321,30555600
2023-11-06,96.55520629882812,98.74404071631338,96.46399906632047,98.65284044194064,19097300
2023-11-07,95.04125213623047,95.63406433710108,94.20219850694558,95.27837840820565,20272500
2023-11-08,93.8738784790039,95.67055247732775,93.8373969763115,94.60349461658171,19184100
2023-11-09,93.9012451171875,94.82238399642593,93.81004483248192,94.54877618417349,18380500
2023-11-10,94.6217269897461,95.22366131580245,93.85563634727599,94.78589026429466,17825500
2023-11-13,95.61582946777344,95.88943726669244,94.67645336062576,94.8953423830151,15308400
2023-11-14,95.98397827148438,96.47176608306134,95.5974302345852,95.99318380239036,18260500
2023-11-15,95.4041519165039,96.77548104566054,95.25689151569553,95.68025463537603,20137600
2023-11-16,94.29973602294922,95.04522261905636,93.0940711286498,94.70469517232277,22469100
2023-11-17,96.60061645507812,97.0331851293406,94.5666294525306,94.85193771778339,22984900
2023-11-20,96.17726135253906,97.44735088849855,96.11283667365193,96.98717260451511,17458800
2023-11-21,96.14043426513672,96.3613178478261,94.99919422918533,95.91034515182122,14989000
2023-11-22,95.72628784179688,95.82752762521208,93.82115004207222,94.41017767916252,18072000
2023-11-24,96.24166870117188,97.06999086753862,95.63423712701099,95.73546987123605,9480800
2023-11-27,95.68025970458984,96.08521880650554,94.96238276702132,95.80910905124252,18013500
2023-11-28,95.62504577636719,96.55460784655841,95.60663471340561,95.93796362908242,20629500
2023-11-29,94.18927001953125,96.25087339837316,93.54502335224444,95.9655581413501,26802100
2023-11-30,94.55742645263672,96.15885184555144,93.701494612204,94.89796089126494,29254700
2023-12-01,94.78752136230469,95.91956303517925,94.07884989160418,94.33654860822254,17845300
2023-12-04,94.2721176147461,95.12804945004895,93.49901449490984,93.99600785299823,21523900
2023-12-05,92.44060516357422,94.189276821568,92.30255029011089,94.12485215018678,22250300
2023-12-06,91.21654510498047,92.69831982386631,90.50786657589745,92.03566193445603,31154800
2023-12-07,90.58148193359375,92.8087429018714,90.27776261380245,91.90679749503752,29990700
2023-12-08,91.62149047851562,91.84237406782894,90.88520248512096,91.13369564537811,22074900
2023-12-11,91.6859359741211,91.90681961359935,90.72876417402959,91.85160045917087,22252300
2023-12-12,90.2409439086914,90.82076588766992,89.71634106435032,90.82076588766992,26084000
2023-12-13,91.04166412353516,91.14290390119778,89.88201997864809,90.2317529239971,19915400
2023-12-14,93.48981475830078,94.00521215025105,91.77795111016553,91.8975949270789,26165700
2023-12-15,92.86398315429688,92.95601741074687,92.32096910424372,92.57866783100914,55527000
2023-12-18,93.55423736572266,94.89795698059861,93.4345865296895,93.9960045428465,21610400
2023-12-19,94.78752136230469,94.97159688972023,93.683096284865,93.87637032232878,18904700
2023-12-20,93.20450592041016,95.66186327686401,93.07565656350407,95.25690414272295,20988900
2023-12-21,93.62785339355469,93.88555204482083,92.78112022570099,93.38855877948114,19250900
2023-12-22,93.79352569580078,94.74149168050366,93.71068996707022,94.16166264467638,12927800
2023-12-26,94.00521850585938,94.82433528277275,93.98681446422951,94.55743103767824,16835100
2023-12-27,93.56343841552734,94.3825550797368,93.2689176158668,93.91317133248073,14558800
2023-12-28,92.21052551269531,93.51743013585958,92.15529934458415,93.31495057023292,16329300
2023-12-29,92.01724243164062,92.57865341509435,91.68591354260273,92.37618089113792,17746400
2024-01-02,94.20770263671875,94.88876455823224,92.81796219726408,92.88238687873478,23483000
2024-01-03,94.99919891357422,95.3673429173846,93.5634450226528,94.12485602680418,23490800
2024-01-04,94.17086791992188,96.24166984966956,93.92237477792752,95.79069717328458,19395200
2024-01-05,94.45618438720703,95.1648628192927,93.9960061405197,94.95317773624089,15827400
2024-01-08,92.88236999511719,92.99281529546096,91.0232530807857,92.70750704677583,23370100
2024-01-09,91.73193359375,93.22291369910991,91.29016639185578,93.22291369910991,19496600
2024-01-10,90.8299789428711,91.85157514887652,90.34219115512771,91.85157514887652,18206100
2024-01-11,90.81156921386719,91.57546675240167,90.71032944265117,91.15210362811764,15833400
2024-01-12,91.9896240234375,92.63387774907625,91.27174711861463,92.16449399524497,18041700
2024-01-16,89.90963745117188,92.04486445737024,89.76237702644477,91.86999445844768,20235700
2024-01-17,89.25617980957031,90.15812528123526,88.88803579140043,88.90643983251552,18384000
2024-01-18,89.09050750732422,89.35740469968768,88.18855509332055,89.27457598931885,20940300
2024-01-19,89.22855377197266,89.29297844170193,88.73156747506819,89.01687572361749,20088400
2024-01-22,89.10891723632812,89.36661593627939,88.14254008974794,88.99847192702204,19955900
2024-01-23,90.11212158203125,90.65512862670903,89.02610047091179,89.09972366523557,15863400
2024-01-24,91.66749572753906,91.71351635608922,89.95563226755193,90.48944066298063,17330600
2024-01-25,93.99600219726562,94.04202282870885,91.68591255147568,92.3209537304647,22089500
2024-01-26,94.79670715332031,94.87033734895353,93.13086435225006,93.84874120526902,20817200
2024-01-29,94.91635131835938,94.98077598434465,93.7475018006946,94.7783034782209,18317500
2024-01-30,96.4993667602539,96.52697632866456,93.9683866700997,94.25370192778801,19610900
2024-01-31,94.62184143066406,96.52697894196058,94.58502633119912,96.39812960471441,22415300
2024-02-01,94.23530578613281,95.72628591220523,93.52663433827465,95.32132678670733,19240700
2024-02-02,93.84874725341797,95.71706970200395,93.51741837347774,95.48698059214337,21973400
2024-02-05,93.46221160888672,94.22610221822696,92.49583441081468,93.3701703353459,17190900
2024-02-06,94.10645294189453,94.83353542581754,93.48061023559137,93.94078848958596,13347900
2024-02-07,94.07882690429688,94.54821060731263,93.12165546090237,94.10643647122221,13826800
2024-02-08,95.68946838378906,96.10362600854677,93.97760469706802,94.18928276420623,19636900
2024-02-09,93.66468048095703,96.49017473247852,93.60025580506291,95.80911286991743,20410500
2024-02-12,94.95318603515625,95.16487113670935,93.87637052901721,94.02363095127387,18173100
2024-02-13,94.1357192993164,95.76131151094953,93.4483280056199,95.4547766514622,18917400
2024-02-14,93.67127990722656,95.32474564106593,93.2811394126556,94.6280631491803,17651300
2024-02-15,96.3558349609375,96.55090520552014,93.4483421993936,93.4483421993936,23196300
2024-02-16,96.3558349609375,97.19184827000005,96.16075762933417,96.61592862038103,20151400
2024-02-20,95.44550323486328,96.71811249598899,95.35261365155228,96.45801174088886,17650000
2024-02-21,97.39620208740234,97.51696491070253,95.66842909775174,95.69629526096867,20991300
2024-02-22,97.31260681152344,97.91639968690434,96.09572997704242,96.75526226771814,20470700
2024-02-23,96.4580078125,96.6902353048302,95.56625509239453,96.49516506171531,15975900
2024-02-26,96.83885955810547,97.47980967338691,95.72417048433107,96.34653843240477,13360800
2024-02-27,96.6344985961914,97.67488026602038,96.46729452580854,97.23829146629733,16360000
2024-02-28,96.90388488769531,97.93497549050822,96.60663398966945,97.04322279643065,14810500
2024-02-29,97.08966064453125,97.60056392967947,96.81099192383056,97.23828963185443,17566100
2024-03-01,98.31583404541016,98.82673739605333,97.88853628260908,98.2043693776488,18460100
2024-03-04,96.94104766845703,98.32512157697379,96.63450566914837,98.14863349705556,18138000
2024-03-05,98.13004302978516,98.71525372595835,96.90388222326496,97.09895245532269,19952700
2024-03-06,99.1797103881836,99.9228411690925,98.60379076564854,99.04037956790599,20472800
2024-03-07,99.737060546875,100.30369616438412,99.02179594056732,99.02179594056732,15195400
2024-03-08,100.67525482177734,100.69383698895363,99.17970927999843,99.60701408080979,16281500
2024-03-11,101.26976013183594,101.36265679691202,99.70919112463278,100.55450258508556,17577300
2024-03-12,100.61952209472656,101.51127476609985,100.35013736790229,101.30691345009384,14957200
2024-03-13,101.7435073852539,102.50521327346782,101.35336690063666,101.3812330656778,17122200
2024-03-14,103.54560089111328,103.61991539347474,101.89214219218657,102.02218902780861,22121000
2024-03-15,103.35980987548828,104.3165931035348,102.96966938658815,102.96966938658815,38264400
2024-03-18,104.31660461425781,104.83679199019093,103.2019082682307,103.84285849002076,16770500
2024-03-19,105.05043029785156,105.42199572162103,104.09365411538434,104.24228311970053,14878800
2024-03-20,104.95753479003906,105.33839127683865,104.15867165447852,104.70673221818662,16119700
2024-03-21,105.42198944091797,105.81213701049371,104.56739397807692,104.89251104687291,14878000
2024-03-22,105.42198944091797,105.60777568524465,104.79962146821985,105.41270544396706,14701900
2024-03-25,106.4995346069336,107.54920037225818,105.73782867833057,105.73782867833057,14011700
2024-03-26,105.7006607055664,106.80606577882283,105.34767748709892,106.50881488773962,13152300
2024-03-27,106.79678344726562,106.88038194519294,105.34768612035876,105.41270953664251,12415700
2024-03-28,107.97650146484375,108.17157172352314,106.88038733010629,107.31697618444545,18482100
2024-04-01,108.67316436767578,108.90539183658774,107.17761890092116,108.13440202593517,13817000
2024-04-02,110.80038452148438,111.09763544029839,108.98901284230847,109.53706634476956,19919600
2024-04-03,110.81897735595703,111.2369840646062,110.28949888439134,110.98618145682103,16504300
2024-04-04,111.20909881591797,111.35772072061991,110.20587438285337,110.58673085887656,18467400
2024-04-05,112.7417984008789,113.46634699722387,111.1347811372516,111.45061419210619,21720600
2024-04-08,111.98009490966797,113.08549290732601,111.66426184817972,112.47241603870346,17513900
2024-04-09,112.5653076171875,113.00189642603108,111.78501957676015,112.39810354331168,14132300
2024-04-10,113.51278686523438,113.76359650678896,112.1472952662931,112.60245913260685,17409200
2024-04-11,113.1319351196289,113.96795542891456,111.78501154160759,113.96795542891456,17555900
2024-04-12,111.81290435791016,114.9526177499758,111.1626630760006,114.20948688122807,21556200
2024-04-15,111.17193603515625,113.03904690037804,110.95828364194358,112.48169529617807,15029500
2024-04-16,110.25232696533203,111.673558090126,109.53706231737674,111.0604741061643,18082200
2024-04-17,110.19659423828125,110.86541059338407,108.79394519651842,110.12228682206401,14538600
2024-04-18,110.09441375732422,111.209110046752,109.58351749247996,110.54029369049955,13821400
2024-04-19,111.35772705078125,112.33308537509753,110.49384047659336,110.68891781107325,21572400
2024-04-22,111.9893798828125,112.92758090477082,110.01080426575146,110.78180121535108,16340700
2024-04-23,112.42597198486328,112.45383814990358,110.95829253856247,111.46919585436991,13929800
2024-04-24,112.44454956054688,112.63961979488266,110.90255567910155,111.74786711491032,12101200
2024-04-25,112.70464324951172,113.10407480197719,110.91184680523926,112.42596743634219,16041000
2024-04-26,109.57421112060547,110.63316784125826,107.95790987650702,110.54027826852067,27289500
2024-04-29,111.1347885131836,111.51564500357654,109.38844031667858,109.38844031667858,17309900
2024-04-30,109.86219024658203,111.6549869551428,109.59281256436645,110.64247838627207,21083300
2024-05-01,107.78141784667969,110.04796033957723,107.43772570890185,109.8714651853538,27777700
2024-05-02,107.97650146484375,108.92399367788218,107.66067545184507,107.99508363444437,25513600
2024-05-03,107.7535629272461,107.81858634553168,106.01649862872928,107.7535629272461,28023300
2024-05-06,108.45024108886719,109.92720456787922,108.12512401050172,108.37592658894914,31401300
2024-05-07,107.91146850585938,109.22123495309287,107.68853209950792,108.94255912988814,30122000
2024-05-08,107.89289093017578,108.63601462983797,107.20549955905763,107.4841682887983,18957200
2024-05-09,110.02009582519531,110.10369431822592,107.93004845518489,107.93933245195244,17564000
2024-05-10,109.57421112060547,110.22445230380883,109.22122790939457,110.11298056431166,13648100
2024-05-13,109.52777099609375,110.57743664408449,108.79393131603963,110.00150994799867,15060600
2024-05-14,110.1926498413086,110.25820140059126,109.07827333350316,109.36857207538583,15079100
2024-05-15,111.04483032226562,111.28830346656066,108.70369293384505,110.13646787242496,18244300
2024-05-16,110.37995147705078,111.7190823892374,110.0709196177959,111.00737460129467,15745200
2024-05-17,112.0374755859375,112.2154043221371,110.46423090075085,110.7826293158141,15104500
2024-05-20,111.12910461425781,112.27158076978976,111.01673459540818,112.12175169646221,11551300
2024-05-21,110.3612289428711,111.85955563100845,110.29567737353338,110.87628209094262,14495000
2024-05-22,108.1418228149414,109.99599965004292,107.65486223076417,109.99599965004292,17879300
2024-05-23,106.2969970703125,110.04281664814103,106.15652740722716,108.25418437032765,15979800
2024-05-24,106.21272277832031,107.76724148420136,105.85687245575474,107.5424871435009,12212900
2024-05-28,107.56121826171875,107.79533200386169,105.88496301062519,106.3063648886487,13978300
2024-05-29,106.40937805175781,107.27092207333358,105.64148524494661,107.25218897254683,13902000
2024-05-30,106.74649810791016,106.87760122978297,105.78195064930976,106.07224939851609,14683700
2024-05-31,109.8087158203125,110.0240964703647,106.74650395484873,106.86824767795925,29037400
2024-06-03,107.17726135253906,108.96589365604868,106.53111232439781,108.90970864784092,19589300
2024-06-04,105.51038360595703,105.90369299301118,103.87158734864674,105.81941547203587,19412200
2024-06-05,105.9317855834961,105.99733714363565,104.39600005058288,105.71639780327514,14863500
2024-06-06,106.72777557373047,106.7933271367682,104.98596873348852,105.58529935114332,13154100
2024-06-07,105.5853042602539,107.59868399657262,105.51038614341766,106.55921834537051,13289200
2024-06-10,105.89432525634766,106.96188330555805,105.53846781022143,105.87559215677041,15239700
2024-06-11,105.04216003417969,105.5103875537878,104.23680812888698,105.34182536094548,12462400
2024-06-12,103.88095092773438,106.10035179620077,103.51573405811875,106.10035179620077,13606800
2024-06-13,103.0475082397461,103.81540104787005,102.7478429279071,103.79666794705129,14466900
2024-06-14,102.17660522460938,103.2067042916905,101.68964462553382,103.02877555611467,13313400
2024-06-17,101.47425842285156,102.50435743354724,101.30569624694978,102.23278464211747,21147900
2024-06-18,102.42945098876953,103.68430447330371,101.88631248863702,102.10169314957274,17762900
2024-06-20,104.63948822021484,105.46357325985352,102.62610837735022,102.92578086055354,17433200
2024-06-21,103.72174072265625,105.5384582652154,103.72174072265625,104.78929867531562,52212500
2024-06-24,106.80268859863281,107.25218296816618,104.5458287673444,104.5458287673444,16266700
2024-06-25,107.10235595703125,107.27091813500049,106.25017851713561,106.85887566783474,14188900
2024-06-26,107.13982391357422,107.52376676248858,105.95052201893564,107.12109081191893,15771800
2024-06-27,107.59868621826172,107.682963743004,106.8588858745444,107.682963743004,16812700
2024-06-28,107.8046875,109.13445170432084,107.39264506981124,108.49766210520353,24565900
2024-07-01,107.65486907958984,109.32175788502754,107.25219313207295,108.35721035005527,11972900
2024-07-02,106.92443084716797,108.5725936270179,106.27827461899028,108.53513457013669,13326700
2024-07-03,107.46758270263672,108.31039366999862,107.00871458760442,107.00871458760442,7732900
2024-07-05,106.16590118408203,107.34582928732328,105.52911152671727,107.32710333177623,12631000
2024-07-08,105.05150604248047,106.3344517673802,104.33979835136513,105.24816070491032,13350500
2024-07-09,103.89031982421875,105.38864639296472,103.59065451046955,104.04951545927011,11727000
2024-07-10,104.80804443359375,104.84550349185469,103.40336189944041,103.87158941082487,10004100
2024-07-11,106.05353546142578,106.11908702979072,103.88096000972125,104.34918753935227,13082700
2024-07-12,106.0722427368164,106.89632761635794,105.47291217601375,106.74649140386535,11684900
2024-07-15,107.88897705078125,108.77861356574759,106.36255801020903,107.00870708606926,13032500
2024-07-16,108.6662368774414,108.95653563535075,106.48429505651212,107.08362567292242,13614100
2024-07-17,110.16456604003906,110.67025259927861,109.14383351562596,109.32175510797316,13602800
2024-07-18,111.2508544921875,112.29967949735102,109.97727514770222,110.45486204344581,13033600
2024-07-19,108.69432067871094,111.3257566789111,108.50703255530131,111.0541838987584,16157700
2024-07-22,107.94515991210938,108.57259016412705,107.299010849125,107.86088239525311,12065900
2024-07-23,106.20335388183594,107.85150936551338,105.97859956122035,107.51438502917392,11251700
2024-07-24,107.70169830322266,107.87961990606053,105.88497320304957,106.54048888631557,14925200
2024-07-25,109.96790313720703,110.52977466844393,107.28027490575465,107.85151298681103,17021700
2024-07-26,109.874267578125,110.52978322454747,109.068915701329,109.34984791640233,11252500
2024-07-29,108.722412109375,109.9304397838172,108.04816344042273,109.86488822681261,8861800
2024-07-30,110.66088104248047,111.06355696155137,108.84416327619827,108.9658998490953,12483900
2024-07-31,111.05419158935547,112.14984933538724,111.026099083357,112.03747216680888,15137700
2024-08-01,109.51840209960938,111.89699849857475,108.96589711579995,110.82944044122755,15051500
2024-08-02,109.45284271240234,111.31639304914512,108.08561945856741,108.60067249527192,20403800
2024-08-05,107.4769287109375,108.65686391815397,106.05352036706715,108.19800300490805,18025900
2024-08-06,106.90570831298828,108.28229118836671,106.40938115186377,107.17727398104658,13647800
2024-08-07,108.32911682128906,109.67761433413926,107.93580742823603,108.11372902342585,13660700
2024-08-08,110.398681640625,110.60470288798015,108.37594251436084,108.70370034216003,13851000
2024-08-09,111.29766082763672,111.72842921419087,109.90234505982176,110.39866500205625,12151900
2024-08-12,111.43814086914062,112.53379146382603,110.52041185954234,111.95319395788218,13228900
2024-08-13,110.3705825805664,110.97927973581834,110.0334582221064,110.76389195057497,11585100
2024-08-14,111.39131927490234,112.2809558107166,110.15519896198701,110.59533395465722,12194500
2024-08-15,112.08043670654297,112.93002574132085,111.5045996572175,111.62731631283768,11579400
2024-08-16,111.55179595947266,111.84443906696772,111.0703640897211,111.38187671070611,10056000
2024-08-19,111.89163208007812,113.75130181815561,111.55179358976426,111.76891542606087,12417500
2024-08-20,108.1628646850586,112.00492105811223,108.09678537454828,112.00492105811223,15632000
2024-08-21,107.47373962402344,109.09741082142683,107.38878360193117,108.56877636724127,11752400
2024-08-22,108.3044662475586,108.56878349199701,107.27550874358928,107.40766736580849,10609500
2024-08-23,109.80540466308594,110.18300378215591,108.58765128518996,108.58765128518996,10381400
2024-08-26,112.15595245361328,112.2786763131796,110.37180393043678,111.16476283079547,13671000
2024-08-27,111.08924102783203,112.72235421103196,110.8249237963556,112.2975524872125,9991600
2024-08-28,109.99420928955078,110.99484811425616,109.74877596460271,110.44732970856327,10742900
2024-08-29,111.51404571533203,112.13708541955603,109.83373698882012,110.63613071526507,10753900
2024-08-30,111.3346939086914,111.41020798171111,109.77710181924012,110.24909898561292,13284700
2024-09-03,109.00301361083984,109.58828541722247,107.65310158970242,109.35228686249287,15725100
2024-09-04,107.6719741821289,109.64492576921333,107.59646012110635,108.8330901958624,12620600
2024-09-05,106.83183288574219,108.82366142900489,106.73743489644308,108.62542349084525,17200800
2024-09-06,106.33150482177734,107.78525673639237,105.47247385529361,107.22829642005546,13467700
2024-09-09,108.56877899169922,109.64493184350778,106.35039397971155,106.54863190482318,21645300
2024-09-10,104.61344146728516,108.93693681823737,103.99984377040342,108.65373566518288,20913400
2024-09-11,103.57504272460938,104.73615153443052,101.7342497498113,104.57567425211444,19571900
2024-09-12,105.00048828125,105.09488627004085,103.61281551949924,103.74497414422741,15919500
2024-09-13,104.92495727539062,106.17102933730341,104.71727739805446,105.22703513276026,10035400
2024-09-16,106.39759826660156,106.75631351316345,105.43472723524857,105.7745657644567,11729000
2024-09-17,107.78526306152344,107.96462427254609,105.84063722367381,106.02943319162064,12202600
2024-09-18,108.1628646850586,109.1540543427134,107.43598506734037,107.719186227873,12569900
2024-09-19,109.50334167480469,110.99485443646674,108.73870857640426,109.6543842237804,12660600
2024-09-20,108.81421661376953,109.0407804246675,107.85134562481977,108.99357783020425,36206200
2024-09-23,110.78717041015625,111.19308824279237,108.67262521791694,108.87086315449204,16066300
2024-09-24,110.4945297241211,111.54236391665887,110.28684983700845,111.24027884296443,11984900
2024-09-25,108.34221649169922,110.49452942328482,107.65310472499752,109.96588774786339,13816000
2024-09-26,106.48255157470703,107.12446793647763,104.91551770252124,104.91551770252124,16887900
2024-09-27,109.33341217041016,109.58828744530904,106.90734727097637,107.38878634812366,15964000
2024-09-30,110.6550064086914,110.8154837016296,108.52157740115041,108.9935745230424,13247600
2024-10-01,113.21322631835938,113.8457007129285,109.43724946418527,109.5410894038434,23235900
2024-10-02,114.71417236328125,115.94136770784799,113.46810030358304,115.1012134434661,17129700
2024-10-03,115.7148208618164,116.27177403140631,114.15722885547962,115.07290446171842,16524300
2024-10-04,117.83879852294922,118.17863701344905,115.5732109869851,116.30008335704603,19752300
2024-10-07,118.34856414794922,119.26423253950323,117.8671250539638,118.23528224286302,15714400
2024-10-08,115.2050552368164,117.07415975540525,114.46874089906296,116.9420011410446,14818500
2024-10-09,115.25225067138672,115.71481302393366,114.03450446746089,114.12890244888325,11144900
2024-10-10,116.24344635009766,116.77208080260075,115.44105271266139,116.26233026746091,10243300
2024-10-11,116.6871337890625,117.08360965904788,116.05465934854703,116.20569468859178,8294800
2024-10-14,117.13081359863281,117.3007328594493,115.75258279516791,116.33785464745422,9808100
2024-10-15,113.60970306396484,115.12009237723751,113.0716266460457,114.05338150019901,15771300
2024-10-16,113.90235137939453,114.63866575315971,113.84570682610935,114.11946602698956,8426800
2024-10-17,113.60970306396484,114.77081912479267,113.00554733865577,113.9967441516089,11204900
2024-10-18,113.28874969482422,113.88346346768023,112.47691407988174,113.69466750229546,12898600
2024-10-21,113.35482788085938,114.67642123178405,113.0149893848472,114.20442412088984,10177800
2024-10-22,113.94009399414062,114.40265632521259,113.2226636069547,113.52474145474456,9201400
2024-10-23,113.5341796875,113.98730007411177,112.71290933979098,113.25098574770884,8320300
2024-10-24,112.89226531982422,113.69466616855769,112.45802884284969,113.27930640705841,9905600
2024-10-25,112.79785919189453,113.68521599933764,112.63738191457936,113.46809417547891,10714600
2024-10-28,112.24092102050781,112.34476096718763,110.23020860034843,110.24909251907464,11844500
2024-10-29,110.7116470336914,112.49579563105299,110.5134091008851,111.93884246775497,14731000
2024-10-30,110.15469360351562,111.64619907560265,109.9564556711896,111.07036919719164,12303700
2024-10-31,110.2396469116211,112.02379546065293,110.14524892742823,110.58892737544967,20512000
2024-11-01,108.51213836669922,113.23210971282977,108.40829842091597,113.21323299637132,20939300
2024-11-04,111.96715545654297,112.05211147967142,109.43725064877746,109.56940926393574,14965400
2024-11-05,112.29755401611328,112.53355257630234,111.40076236823663,112.41083591776164,10436700
2024-11-06,114.22330474853516,115.08234297679468,112.61851739737278,114.3649053270741,20807700
2024-11-07,114.36490631103516,114.69530286239892,112.91115428292997,114.50650689079238,12184400
2024-11-08,114.32714080810547,114.6197767122662,112.95835206698115,114.20442415199712,12836000
2024-11-11,113.7229995727539,114.80859450685371,113.34540039540111,114.22331542185161,11969700
2024-11-12,113.60970306396484,114.51593665192844,113.12826399463582,114.34601740405374,11972800
2024-11-13,114.66698455810547,115.21450296048353,112.14652159826448,113.81738827891618,15127900
2024-11-14,114.74312591552734,115.99943724813218,114.52422719904203,115.79005807710273,13041800
2024-11-15,113.55342864990234,115.39030868034939,113.38211315053942,114.59084119084585,19051700
2024-11-18,114.50518035888672,114.80022815776562,113.51535827574796,114.0102729479599,14239700
2024-11-19,112.90623474121094,113.97219862845826,112.49698146194754,113.97219862845826,11584400
2024-11-20,114.51469421386719,114.65745833380738,112.91575204536348,113.4201789760387,11360900
2024-11-21,116.0470199584961,116.63710829546686,114.46710953755101,115.2380329196694,14675400
2024-11-22,115.91376495361328,117.26524974507701,115.77100083929597,115.94231632421985,13323400
2024-11-25,114.18158721923828,115.999428149294,113.83895622255923,115.57114303408773,26580300
2024-11-26,112.27808380126953,113.90557738879032,112.16387104974203,113.76281326470219,14827300
2024-11-27,111.98303985595703,113.0014132601893,111.76413390419059,112.39228586523018,11079100
2024-11-29,112.26856994628906,112.78251646228155,111.30729920741689,111.77366252049187,9426500
2024-12-02,112.16387939453125,112.49699086799647,111.18357680349695,112.35423399457247,12687300
2024-12-03,111.9925537109375,112.99189530183139,111.6023395235525,112.99189530183139,11756600
2024-12-04,108.76612854003906,111.87835910377788,108.36639476931765,111.83076863814104,19520600
2024-12-05,109.24199676513672,110.0414715138106,108.5567347694977,109.17537447452098,15751200
2024-12-06,108.09038543701172,109.23248399303247,108.02376314226527,109.0135852794165,16171100
2024-12-09,107.45270538330078,109.39427858432131,107.30994125974479,109.10875033720933,17412600
2024-12-10,107.23380279541016,108.3854208420565,106.35819345996941,108.10941213085091,20990900
2024-12-11,106.51998901367188,106.96731322457951,105.74907289095835,106.59613084984449,32392200
2024-12-12,106.42481231689453,106.95779063234714,105.43499025870757,106.20590635945652,14543300
2024-12-13,105.4920883178711,106.50094942039023,104.93055865493027,106.50094942039023,13106100
2024-12-16,103.2364501953125,105.07333023716676,102.94140965729945,104.88297564708968,20256100
2024-12-17,102.79864501953125,102.95092142955151,101.63750744032565,102.06579255862307,17554000
2024-12-18,101.28536224365234,103.57908615010987,101.180669029424,102.37987758976693,17114500
2024-12-19,100.41925811767578,102.4750366671093,100.13372989020347,102.20854752748684,20565600
2024-12-20,100.76189422607422,101.01886383487997,99.78158446776459,100.36215323496496,40141200
2024-12-23,101.17115020751953,101.45667119591222,99.85772897254408,100.22891134035409,12285100
2024-12-24,101.2663345336914,102.01821889315033,100.60010430138418,101.38054003656035,7807000
2024-12-26,101.35198974609375,101.86593629836455,100.82853090933922,101.38054112211671,9652400
2024-12-27,101.34246063232422,102.7795995695863,100.66671095933093,101.17114514334988,11943900
2024-12-30,100.6572036743164,101.41860023767516,100.41926588677585,101.17115016675821,11080800
2024-12-31,102.37987518310547,102.69395481840736,100.67623968222937,101.04742206530058,12387800
2025-01-02,102.1324234008789,103.74088532261156,101.72317007658599,103.05562326693172,12685400
2025-01-03,102.6558837890625,103.25548442385146,102.27518186134407,102.78912837457116,14237900
2025-01-06,102.54167175292969,104.48324506278051,102.3322853281489,103.01754735060041,15623700
2025-01-07,103.50293731689453,104.74972899682477,103.0556131156504,103.68377235857663,12625900
2025-01-08,101.77074432373047,102.51310901197598,100.89513506381446,102.13240712379546,17858100
2025-01-10,101.39956665039062,104.7877983625723,100.6762337556571,103.45534532320578,19304500
2025-01-13,104.01687622070312,104.34046810191462,101.9610904061202,101.9610904061202,17073400
2025-01-14,104.42613220214844,104.46420311762958,102.62732319805076,103.54100338574445,11191200
2025-01-15,106.12976837158203,106.33915477771055,104.18819523468773,104.74021262152021,14521100
2025-01-16,105.94893646240234,106.3010869977599,105.21609128061873,105.82521142844236,10366600
2025-01-17,106.90068817138672,107.42415420494282,105.4730614558173,105.67292832464283,19298500
2025-01-21,106.09170532226562,106.76744778951304,105.7681061448134,106.64372275002896,20416300
2025-01-22,104.24530792236328,106.18688124447719,104.12158288025017,105.83473068591391,15718000
2025-01-23,104.83538818359375,105.77761976699344,104.32144170320714,104.98766458817968,13726800
2025-01-24,103.41728973388672,105.36837535327376,103.17935193191619,104.92105112376349,14235900
2025-01-27,104.85441589355469,105.12090503707869,103.16030011433682,103.75038840448607,15926700
2025-01-28,102.82720184326172,105.52065951664868,102.58926404019826,105.08285483036616,15862000
2025-01-29,103.42680358886719,103.53149680422732,102.28470502657466,102.51312328677605,12345500
2025-01-30,104.28337097167969,104.5498601261413,103.45534487492978,103.96929135622784,14346300
2025-01-31,101.67558288574219,105.21609852711431,100.98080131172189,105.21609852711431,20376500
2025-02-03,101.92303466796875,102.12290881410706,100.23843820347513,101.4947495234679,14623200
2025-02-04,104.65455627441406,104.9591163539758,101.39004951788422,101.56136501646802,14835700
2025-02-05,104.57841491699219,104.70214721509777,103.83605017349909,104.44517033540548,13364400
2025-02-06,103.19837951660156,105.6919701927551,102.77960667874605,105.42547376602921,13411400
2025-02-07,103.63619232177734,104.43566714217022,103.09369440344442,103.53149910409154,10051600
2025-02-10,105.61582946777344,105.6729322148872,104.57841690706682,104.70214920752697,12142200
2025-02-11,106.28205108642578,107.08152584265112,105.47306404665484,106.21542879518077,12713100
2025-02-12,103.0843734741211,105.84993940953846,102.92113029772086,105.67709153857487,18244100
2025-02-13,103.8333740234375,104.10225417604192,102.28734794557859,102.89231913114472,15460000
2025-02-14,103.93900299072266,105.84993417131878,103.80456657843001,104.20787581530794,15733500
2025-02-18,105.76351165771484,106.57973486476887,104.01583088771959,104.31351048263407,20060300
2025-02-19,105.91716003417969,107.67443821510508,105.68669131681608,106.35888075310663,10964700
2025-02-20,107.54959106445312,107.95290027264855,105.58104651179747,106.1764129569201,16325800
2025-02-21,106.29166412353516,107.40556696909005,106.1668250682136,106.89662803158548,14710000
2025-02-24,106.84859466552734,107.415154355052,105.9363466029896,106.52210835303492,13153500
2025-02-25,105.36980438232422,107.67443283083279,104.56317856435808,106.8774190334039,14497000
2025-02-26,105.11053466796875,105.50424656729815,104.20788383632424,105.37940751324953,10446400
2025-02-27,105.77310943603516,106.8678101035605,104.93767689450902,105.63867302607484,15293200
2025-02-28,106.90621948242188,107.14628554216347,104.9952883719898,105.73469593868535,18821700
2025-03-03,103.47808074951172,107.70324504207805,102.27775040084146,107.26151702668055,18706900
2025-03-04,103.2668228149414,104.63039635094316,101.73040141337358,102.13371065761605,19394900
2025-03-05,101.2502670288086,102.10490164347922,99.55059516728343,101.63436687603159,24822200
2025-03-06,103.34364318847656,103.81417062858223,100.21317962257619,101.24066209657384,17150200
2025-03-07,104.6880111694336,106.01318059737575,103.9966270247834,104.10225668429284,19625000
2025-03-10,107.35755920410156,108.09695954344406,104.74563895261751,104.93768889560016,22749100
2025-03-11,104.82245635986328,107.64562846999114,104.46715592513009,107.47278059988247,19904700
2025-03-12,104.79364013671875,105.75390443410868,104.11185336472012,104.71682456086629,14051500
2025-03-13,104.35192108154297,106.4164908186742,103.35324531739029,104.02543473188445,17767800
2025-03-14,107.45358276367188,107.72245561080894,104.0062299204159,104.6112011527099,15890100
2025-03-17,109.23966979980469,109.95026333683661,107.29033442550644,107.35755263406034,19908800
2025-03-18,109.12443542480469,109.98867476764602,108.09695290782535,109.55655143310771,15998700
2025-03-19,110.82410430908203,111.2178088550842,109.30688498513157,109.66217808070316,17315000
2025-03-20,111.29463195800781,111.8419823067261,109.67178297398563,110.16151981007094,16230800
2025-03-21,110.91053009033203,111.38105756058145,109.80622464583055,110.91053009033203,41102800
2025-03-24,111.1986083984375,112.26450235301142,110.9873490811367,111.08337404548202,14207500
2025-03-25,111.95721435546875,112.96549482919703,111.35225046697303,111.80357587280882,12081800
2025-03-26,113.57046508789062,114.44430919096733,113.00391261984066,113.00391261984066,14110800
2025-03-27,113.20555877685547,114.3386709542741,112.60059489976406,113.40721340255261,12740800
2025-03-28,113.05191802978516,113.75290685844962,112.5813832530267,113.4072111281204,10233400
2025-03-31,114.20423126220703,115.14529348137624,113.10953056767993,113.10953056767993,21652300
2025-04-01,114.30986022949219,114.54032160425595,113.24396629763665,114.48270809212376,12425400
2025-04-02,113.95455932617188,114.1178024940098,112.98469768696893,113.68568650238353,12614600
2025-04-03,107.96251678466797,110.86251178050262,107.7704668529516,109.82543189250487,21204600
2025-04-04,100.1939697265625,106.4260900709176,99.70424022711765,105.5042372572018,30841300
2025-04-07,98.849609375,101.59596585878221,94.54762208795243,96.4009324797882,35068500
2025-04-08,96.76583099365234,101.40390935479742,95.07577108820765,101.26947293791513,27147800
2025-04-09,101.59596252441406,102.34496748154783,94.23073001805048,95.42146298572283,30063300
2025-04-10,95.95922088623047,99.65623732635451,93.91386037083365,99.58901911203357,33999300
2025-04-11,99.04166412353516,99.80027383650746,94.86451568101702,96.31451689574816,22884600
2025-04-14,99.28173065185547,100.91417711786498,98.63835529505936,100.85656360120728,18020000
2025-04-15,99.00324249267578,101.22145788715173,98.90721753313329,99.52178606568698,13164900
2025-04-16,100.04994201660156,101.39430620591645,99.57940722410598,99.81947330451726,13607000
2025-04-17,102.67145538330078,104.23669085343057,100.30920612619451,100.5300701348349,17916500
2025-04-21,101.1638412475586,101.43271407592657,99.98272027633709,101.41351201371533,16926500
2025-04-22,103.99662017822266,104.6111887060532,101.92244590211848,101.92244590211848,13147000
2025-04-23,103.10358428955078,104.95689474920692,102.23934492277724,104.48635995015299,14235700
2025-04-24,104.31350708007812,104.55357315233607,102.70986747569147,103.67973645895941,9849600
2025-04-25,104.25588989257812,104.43834244545876,103.15158453386637,103.84297596979842,11245800
2025-04-28,104.31350708007812,104.90887357672247,103.40125893599198,104.42874143220658,13890900
2025-04-29,104.05424499511719,104.50557040939903,103.24761913579239,103.45887846385925,9483100
2025-04-30,101.43270874023438,103.15158260400855,100.01152177183839,103.15158260400855,20379300
2025-05-01,101.57675170898438,102.67145237344852,100.80854470082147,100.92377172261673,18610300
2025-05-02,101.98967742919922,104.66881588936896,100.39564239135231,103.43967867314106,16581900
2025-05-05,99.16648864746094,100.50126273242815,98.97443872258357,100.49165803831377,19624000
2025-05-06,100.54927062988281,101.76881035301628,99.36814968285509,99.76185422311934,16303400
2025-05-07,100.4532470703125,101.10622707475915,99.93470347917237,100.81814485982517,12332200
2025-05-08,101.85523223876953,103.12278079970336,101.15423608840204,101.15423608840204,19196500
2025-05-09,103.04595184326172,103.46847044748878,102.15290581920385,102.88270868298659,10992100
2025-05-12,104.82245635986328,106.05159351342036,104.01583052394437,105.8883430115922,14244600
2025-05-13,105.11053466796875,106.11881516400723,104.68801601039293,104.97609824532837,13350800
2025-05-14,104.16947174072266,104.53436952765608,103.6413234591552,104.53436952765608,15494900
2025-05-15,105.22579956054688,105.29363685777157,102.69642585962279,103.20035901133336,15004300
2025-05-16,104.84784698486328,105.52621995152363,104.13070139872426,105.29363599062734,14042500
2025-05-19,103.18098449707031,104.24700238195618,102.45415311277843,104.24700238195618,16802700
2025-05-20,101.70793151855469,103.42325766020087,101.54318485225515,103.10345008888231,12429300
2025-05-21,100.4577865600586,101.72731627727113,100.43840025037139,101.30090618868215,16716100
2025-05-22,99.78910827636719,100.27366254990984,98.74246927102432,99.87632449662337,13417400
2025-05-23,99.84725189208984,100.27366201652684,98.91690857908208,99.43053492331133,12061600
2025-05-27,100.32211303710938,100.65161378619321,99.72127047290991,100.29304096383667,13043600
2025-05-28,98.9556655883789,101.2039969231541,98.64555117646891,101.06832233005039,14292400
2025-05-29,99.51775360107422,99.67280711536301,98.60678925085277,99.12041556960791,13825300
2025-05-30,99.13980865478516,99.22702487621179,98.06409756158732,99.00413404786934,28645800
2025-06-02,99.86663055419922,100.6419128921345,99.06226875151577,100.54500352410645,17290500
2025-06-03,100.59346771240234,101.42690163423865,99.05258131506825,99.72126856237468,19194300
2025-06-04,99.13980865478516,101.67886835024795,99.13980865478516,100.70975979015704,15648500
2025-06-05,98.68431854248047,99.8666320740645,98.58740917297756,99.79879477604136,13924800
2025-06-06,101.04893493652344,101.27183313349495,99.50805604835381,99.58558649892743,15487800
2025-06-09,101.7273178100586,102.5801306063756,100.62253473998689,101.10708897751697,17087300
2025-06-10,103.90780639648438,104.32452331452156,102.65765564237283,102.80302338470403,17634800
2025-06-11,105.9332504272461,106.01078088368226,103.17129261168118,104.43113665077948,22648200
2025-06-12,106.34027862548828,106.78606764684805,104.87692272482809,105.55529571522099,17469400
2025-06-13,108.65644836425781,109.05377900702386,107.26092974950436,108.87933918017968,28540200
2025-06-16,109.00532531738281,109.66431938094439,107.69702295160855,108.36571017022997,22986100
2025-06-17,110.47836303710938,111.37963418921316,109.61585711015863,110.4299046572404,19451700
2025-06-18,109.69339752197266,111.68006558393269,109.45112038804743,111.0695298681772,17968900
2025-06-20,111.15674591064453,111.48624665698877,109.68370419195463,109.94536024294479,36273300
2025-06-23,108.2881851196289,113.33723967590613,107.72610779120208,113.09496254329947,26631100
2025-06-24,104.99320983886719,107.51289781778655,104.57650028779175,105.87510211023117,24828300
2025-06-25,105.02229309082031,105.86541277218186,104.37298476247835,104.77032280510122,17483200
2025-06-26,106.59224700927734,107.0283502916337,105.19673572938677,105.57468747120208,18304800
2025-06-27,106.00109100341797,106.6988503454803,105.02229668708586,106.5437968215284,22002100
2025-06-30,104.46990203857422,105.47776839893884,104.39237158201962,105.28394965126363,19199000
2025-07-01,105.86540985107422,106.253054727551,103.83997664689235,104.78969883086388,15536900
2025-07-02,107.61949920654297,107.9199204680855,105.46807720704395,106.60193234936017,11892200
2025-07-03,108.73397827148438,108.99564172508072,107.20279235468227,107.43537634054778,11223600
2025-07-07,107.67764282226562,108.58860715114504,106.81513687442865,108.09435976061357,15415900
2025-07-08,110.6624984741211,110.9241545075964,107.42567234196552,107.4644375679824,17913400
2025-07-09,110.28455352783203,110.74002832562124,109.77091979688356,110.40084181930531,10652100
2025-07-10,111.379638671875,111.70913200837082,109.57709629512104,110.19732513511048,14901700
2025-07-11,111.86418914794922,112.18399671227975,110.97261114470416,111.30210447010357,11683900
2025-07-14,110.40084075927734,111.67037794745777,109.72246775315898,111.67037794745777,13220300
2025-07-15,109.42205047607422,110.53651939917212,109.1216217963497,110.14888189220494,10959300
2025-07-16,108.76304626464844,109.99381076178989,108.6370574322415,109.39296085183982,11158900
2025-07-17,108.21065521240234,108.76304674405988,107.65825628703396,108.04590115342944,13151400
2025-07-18,104.44081115722656,108.27848700641627,104.02409424092977,107.67763712435494,32366600
2025-07-21,104.71217346191406,105.40992535173547,104.12101670190538,104.27607021285094,17010400
2025-07-22,105.18704223632812,106.05924140453212,104.28577099480256,104.64434381776182,13970900
2025-07-23,106.53409576416016,106.60193306217856,105.48745682869541,105.56498728177672,12002700
2025-07-24,107.36753845214844,107.52259197731087,105.75881469053272,106.27244843901917,15647200
2025-07-25,106.98957824707031,107.55166294298876,106.31119787118948,107.30938582168368,10548900
2025-07-28,107.99745178222656,108.64675269177111,107.41598077707704,107.57104168343983,12353000
2025-07-29,109.39295959472656,109.50925527090942,107.96837637846804,108.44323745055422,15928000
2025-07-30,108.44324493408203,109.13131109646395,107.82301607239378,108.93749234982809,12996900
2025-07-31,108.19126892089844,109.02470279599133,106.95081126319111,106.95081126319111,17233700
2025-08-01,106.25305938720703,109.06347562277384,105.49715591146874,108.54015612563701,19652000
2025-08-04,104.05318450927734,106.52440680036018,103.7818279128161,105.84603379348519,19129500
2025-08-05,103.92720031738281,104.48928505890846,102.7933450721653,103.90782139933883,21314300
2025-08-06,103.21974182128906,105.68127814152342,103.08406723144006,104.96413257379511,15321800
2025-08-07,102.67703247070312,104.72185179512563,102.61888833243664,103.83027383772435,13468300
2025-08-08,103.50078582763672,104.1888519426181,102.6770377269038,103.2100503340003,14417700
2025-08-11,102.56075286865234,104.20823433770178,102.27001736530904,103.80121054798994,13570700
2025-08-12,102.85147857666016,103.9659547885047,102.51229209315377,103.05499046676398,14109400
2025-08-13,104.27606964111328,104.27606964111328,102.47352729977504,102.7254975716048,17958700
2025-08-14,104.06287384033203,104.26638574937492,103.1519168275274,104.2276279136909,13683500
2025-08-15,104.16068267822266,105.20727767225166,103.63249350424832,103.86724922324527,19271900
2025-08-18,104.38565063476562,104.88449718842561,103.35861492943839,103.77920958007088,13040000
2025-08-19,105.0703353881836,105.10946133942112,103.82811815206907,103.87701999423186,16113600
2025-08-20,106.15605926513672,106.93856338685328,105.32465329988311,105.52027559905606,18959700
2025-08-21,106.84075164794922,107.17331104721137,105.59852692126454,106.04846417689045,12194900
2025-08-22,108.84590911865234,108.9730703319415,107.20265639990329,107.20265639990329,13586700
2025-08-25,109.29584503173828,109.47190808736983,108.12209630253625,108.47422241379935,9744900
2025-08-26,109.05131530761719,109.36431547164318,107.94603511082502,108.93394491017779,18143900
2025-08-27,110.28376007080078,110.50873244358608,108.98285006787607,108.98285006787607,15262600
2025-08-28,110.87062072753906,111.1640616187283,109.61862018848711,110.4011242566505,14189800
2025-08-29,111.79006958007812,112.27913279070275,111.09560071649264,111.23253781846655,14597900
2025-09-02,112.18132019042969,112.71928523765276,110.8510676777316,111.68247363253984,15206700
2025-09-03,109.4621353149414,111.92701070150105,109.02197393206504,111.47707342707002,14920100
2025-09-04,109.94141387939453,110.65544200503547,108.9437207267698,109.65775631492329,12864400
2025-09-05,106.84075164794922,109.33496952995232,106.63533853368457,109.15890647666285,16826700
2025-09-08,107.44718170166016,107.64281145580675,105.97999212686503,107.32981131168427,15440500
2025-09-09,108.22969055175781,110.04900630149459,108.1123126941091,108.1123126941091,14899500
2025-09-10,110.03922271728516,110.09790791473041,108.41552927118416,108.72853689092521,15837600
2025-09-11,109.68709564208984,110.30331259737805,108.44487837785454,108.96328418409082,11534500
2025-09-12,109.7066650390625,110.74347667695436,109.43278336748516,110.39135056172458,11105700
2025-09-15,109.89250183105469,110.00009633429147,108.88503281212152,109.72622213060235,12880500
2025-09-16,112.17153930664062,112.79753962492748,110.31309759687737,110.48916065280257,17208000
2025-09-17,112.76819610595703,112.96381840538344,111.55532143198607,112.02481793561441,13302000
2025-09-18,111.43794250488281,112.82688022000698,110.91953670011902,112.65081716720869,14628700
2025-09-19,110.35222625732422,111.48685652613011,110.17616319707892,111.40860461879606,38746500
2025-09-22,109.5697250366211,110.33266995974442,109.11978775119728,109.99031972163878,15611500
2025-09-23,111.4574966430664,112.24000072243238,110.01965715068778,110.25440538949279,25369100
2025-09-24,112.05415344238281,113.22790955219149,111.96612565196591,112.06393679548866,14756100
2025-09-25,113.0616226196289,113.36484686640543,111.90744067629603,112.13240556058528,15012600
2025-09-26,114.6559829711914,115.77104652046233,113.38441560885875,113.42354156212417,18568900
2025-09-29,111.72160339355469,113.95173048719916,111.18363086547707,113.52135246473706,19189300
2025-09-30,110.28376007080078,111.0075715728927,109.49148001395034,110.87063446337565,18076200
2025-10-01,109.54037475585938,110.54784376589994,108.85568925268005,110.0979065120232,16614000
2025-10-02,108.8556900024414,110.61631307810582,108.60137504414647,109.52081626547348,13062600
2025-10-03,110.78260040283203,111.26188025905991,109.45234787482161,109.45234787482161,12950100
2025-10-06,111.70203399658203,112.25956575657106,110.70434833331672,110.811942836342,12036800
2025-10-07,111.76072692871094,112.00525853390788,109.29584416931891,111.57488052075732,11945000
2025-10-08,111.52597045898438,112.49432098201136,110.92932021185828,111.87809656508286,12301000
2025-10-09,110.44026184082031,112.98338913649347,110.2739746716223,111.92701077194054,10976200
2025-10-10,108.30794525146484,110.15660364768557,108.28837854342899,109.80447752816615,13811600
2025-10-13,109.78490447998047,109.8435971381859,108.88502998762696,109.10021898851849,10296500
2025-10-14,109.83381652832031,110.48915943830576,108.28837499468796,108.33728430066219,11167200
2025-10-15,109.16868591308594,111.08581272316219,108.54268562663296,110.33265869376197,12182900
2025-10-16,108.21990203857422,109.73600091191184,107.97537044368183,109.43277665973709,11782200
2025-10-17,109.78490447998047,110.44025483610798,108.74809288933457,109.18824678205839,13460100
2025-10-20,110.23484802246094,110.6750094028377,109.53060324638079,109.55016249189165,9523600
2025-10-21,110.24462890625,110.88041257753997,109.54037668343724,110.42069196195318,9202300
2025-10-22,112.20088195800781,112.66060257438927,110.60653856264305,110.9684405659551,12938800
2025-10-23,113.44309997558594,114.29406514372475,112.83665893808067,114.07887614775476,15001100
2025-10-24,112.86601257324219,113.92239094994473,112.66060691041326,113.80501308725131,9919400
2025-10-27,113.40398406982422,113.45288591527756,112.58235396357391,113.16922834660261,10975400
2025-10-28,112.51387786865234,113.63872471386321,112.4747519174045,112.96381511423425,9535200
2025-10-29,113.90281677246094,114.48969858493084,112.29869006673762,112.40628456818962,12570600
2025-10-30,112.18132019042969,113.97128584665982,112.02481638304766,113.88325805189164,16172900
2025-10-31,111.8585433959961,112.70951610904078,110.15660543241947,111.48685802493144,20213400
2025-11-03,111.27166748046875,112.47475883970789,111.15428961950117,111.99547896682066,12290300
2025-11-04,111.64334106445312,111.848746702585,110.0489977994227,110.89996294846738,16860700
2025-11-05,111.19341278076172,112.6606024247043,111.18362942696528,111.59444073626622,12400900
2025-11-06,111.99547576904297,112.42585378445636,111.15428644574173,111.15428644574173,14219700
2025-11-07,114.6559829711914,114.93964053548139,112.38672991938411,112.68994672905053,17181100
2025-11-10,115.63410186767578,115.85906675612755,112.9344709686703,114.87116448507929,13048000
2025-11-11,117.15998840332031,118.16745748219556,116.23077123372987,116.23077123372987,16077100
2025-11-12,115.53629302978516,116.67091577303606,115.2135095268513,116.49485272257324,13790900
2025-11-13,116.19163513183594,117.14041892714476,115.6927885818516,116.03513132693413,17291900
2025-11-14,117.70126342773438,117.8887353636572,115.1062932109266,116.87244686746136,17064300
2025-11-17,116.11270141601562,117.90846178816332,115.55029315462276,117.38552169764868,16034900
2025-11-18,117.44471740722656,117.88872867324781,114.92868367757431,115.69829417200403,15808500
2025-11-19,115.78709411621094,116.60604172062995,114.3860079315462,115.29375327419233,15919200
2025-11-20,115.46148681640625,117.42498877850575,115.1852171506071,116.408707853123,14401000
2025-11-21,115.52069091796875,115.81669090021714,114.10973583867872,115.43188565384565,15667600
2025-11-24,114.42547607421875,115.63909032972836,113.21185429092529,115.63909032972836,18034900
2025-11-25,112.98491668701172,114.35640356418065,112.66917886337103,113.64599157904323,14434600
2025-11-26,113.241455078125,114.1985375288773,112.78758240073623,112.88625659268574,11650600
2025-11-28,114.37613677978516,117.15857877347882,113.29078845403497,113.41905436046002,7240800
2025-12-01,115.0766830444336,115.84630108764226,114.55374295204415,114.55374295204415,12658100
2025-12-02,113.84333038330078,115.04708324638574,113.16252513788129,114.88921809084783,14607700
2025-12-03,116.2311019897461,116.40870498878743,114.33666749071055,114.40573490546087,16819100
2025-12-04,115.57988739013672,116.76390235401759,115.10628441569779,115.9350933848577,13686900
2025-12-05,114.9878921508789,117.19805716507028,114.85962623326688,115.19509441522956,12516900
2025-12-08,114.43534088134766,115.44175285038263,113.50785772306068,114.28733712854685,14904200
2025-12-09,116.67510986328125,118.86554441991682,115.33322216241953,115.34309108710077,23790800
2025-12-10,117.94792938232422,118.27353614463954,116.79351361897044,117.14871962735373,19845200
2025-12-11,117.94792938232422,118.75700806191198,117.48418778650247,117.52365595718771,14781800
2025-12-12,117.23751831054688,118.32286666589587,116.7343085399838,117.84926366942325,14459500
2025-12-15,116.19164276123047,117.44472524749287,115.29375877259989,117.42499492509607,16358700
2025-12-16,113.15265655517578,115.28388509197318,113.08358913795975,115.21481767475714,17638700
2025-12-17,115.84630584716797,116.05350810769643,113.63613334596256,113.67560151860383,18502200
2025-12-18,114.9878921508789,115.43189592766112,114.0900081442417,115.43189592766112,13705600
2025-12-19,115.1358871459961,116.00416431060746,114.41560621051228,115.19508563764711,45412800
2025-12-22,116.57644653320312,116.88231545701277,115.77722922241493,115.77722922241493,11768600
2025-12-23,117.82952880859375,118.43140525803896,116.74418042571656,116.89218418878711,12567600
2025-12-24,117.63218688964844,118.45113446144582,117.53352023073174,117.74072247279187,6137400
2025-12-26,117.5236587524414,117.95780111252107,116.95138155556984,117.30658757240157,8066100
2025-12-29,118.92474365234375,119.68449277406494,117.80979604551057,118.54980731774646,14782500
2025-12-30,119.37861633300781,120.17783362594038,119.02341032010088,119.48715192182848,11150500
2025-12-31,118.73727416992188,119.645027070368,118.27354008642878,119.56609072636675,10559900
2026-01-02,121.01651763916016,121.04611688709142,118.01700422831561,118.49060725078435,14175100
2026-01-05,123.69042205810547,124.2528303421078,120.75997612069915,123.54241829330819,30112200
2026-01-06,119.43782043457031,124.1245584169034,119.38848333943223,123.68054714401208,23328600
2026-01-07,116.91191101074219,118.52020697869004,116.6948398351087,118.20446913989147,20353000
2026-01-08,121.27305603027344,121.98346055829089,117.07965864379567,117.39539649884262,20232700
2026-01-09,122.95040893554688,123.19707936395015,121.46051744021162,121.58879088076311,16137700
2026-01-12,122.37812805175781,122.84186964764413,120.92770477195467,122.80240147695339,15314900
2026-01-13,124.85469818115234,125.44670567169717,123.14773559683472,123.33520752115764,21619700
2026-01-14,128.4659423828125,129.96570264290852,125.43683014660162,125.65390130486156,27593900
2026-01-15,127.41020965576172,128.46595122032,126.59126205791011,127.41020965576172,17400000
2026-01-16,128.1600799560547,128.4264882192749,127.15366044933069,127.19313614676857,16592400
2026-01-20,128.72250366210938,130.18278839040843,128.3376983939911,129.75850742241903,16477300
2026-01-21,131.83055114746094,131.94894814141026,130.15319515904696,130.15319515904696,18879900
2026-01-22,131.8601531982422,132.39295473790614,130.09399942683189,131.2780145581945,16600100
2026-01-23,133.17242431640625,134.1689673689743,132.68894488495607,133.29082129734618,17758200
2026-01-26,133.0441436767578,135.11618106437444,132.3830688097061,135.10630461278626,16056100
2026-01-27,135.00765991210938,135.10631904956838,132.91589950893422,133.4487010068035,14517000
2026-01-28,135.74766540527344,136.17193129495084,134.84978147594126,135.8562009907484,15637300
2026-01-29,138.63864135742188,140.4442706895522,137.25729298858514,138.4511844795975,35760600
2026-01-30,139.51678466796875,140.31600948196575,135.99433887052737,136.89222281998863,29657700
2026-02-02,136.55674743652344,138.4511896351406,136.2212792566809,137.96771016026025,27735600
2026-02-03,141.81576538085938,143.07871683127658,136.4679520395934,136.79355882759344,37577800
2026-02-04,145.6243438720703,145.87101428924865,142.20055727718952,142.20055727718952,29426200
2026-02-05,144.13446044921875,144.77579751377746,141.88482744155422,144.62780128520777,18431700
2026-02-06,147.06491088867188,147.57798958994934,144.1443264224402,144.6672665207462,17216000
2026-02-09,149.19615173339844,149.53161990987115,146.65051105111957,147.27211030621467,21297300
2026-02-10,149.57107543945312,149.75854737153173,147.82465966871308,149.33428146677946,15800300
2026-02-11,153.4882049560547,154.83995408588135,151.52471798158845,151.91938464479432,23091500
2026-02-12,148.91920471191406,154.20334596774293,148.86955392329364,152.8525141182461,30652500
2026-02-13,147.44918823242188,150.63755397112487,146.9823556296224,149.53503667709694,20166000
2026-02-17,145.20443725585938,148.12461916232286,144.1714401084163,147.20088103709168,19766600
2026-02-18,149.66415405273438,149.96213457527915,146.61485893888485,147.1512117547303,19849700
2026-02-19,149.95220947265625,152.34596565632472,149.82308104142925,151.17391296007145,20305000
2026-02-20,146.28707885742188,149.79327938752533,145.47261494560635,149.47544461771784,25908600
2026-02-23,149.74362182617188,150.2501932791706,147.13136269897575,147.15121695350626,16073100
2026-02-24,148.25372314453125,149.7038868797102,147.0320197225123,149.40590636909334,14185500
2026-02-25,148.05508422851562,149.16752870809867,146.33675156146265,148.89935987129022,15225700
2026-02-26,147.53857421875,149.94227252800187,145.78051802335915,146.8134999377823,15632100
2026-02-27,151.47189331054688,152.61413431248826,148.24380378097783,149.98200583536115,30275100
2026-03-02,153.1802978515625,158.53395953870333,151.99831803716847,158.27571783411466,31493100
2026-03-03,150.80641174316406,154.99796304377034,149.2867277341108,154.38213258261683,25198900
2026-03-04,148.80996704101562,150.14092953686614,146.8631740879252,149.70389345621814,16764800
2026-03-05,149.74362182617188,151.30304469422904,148.46232523665645,149.9820092838136,22969300
2026-03-06,150.1905975341797,152.7631329506698,148.94902463171314,152.11750594783567,21136400
2026-03-09,149.42578125,152.8525193577848,148.4623194854107,150.99513118452776,25532700
2026-03-10,147.13136291503906,149.3860484370434,146.70425394729372,148.2438074071617,19617600
2026-03-11,150.55809020996094,150.78653536813772,146.66451961480584,146.9922966622343,15297400
2026-03-12,152.4949493408203,153.95504029024,150.607764586727,151.24344930814027,26054000
2026-03-13,155.06747436523438,155.83228746743393,151.94864404183042,153.25975221702967,22414100
2026-03-16,156.1699981689453,156.7162932647919,153.71664895698615,154.94829470435673,22835600
2026-03-17,157.73934936523438,159.36829238305089,155.74290562359263,157.1831271380657,21592200
2026-03-18,156.52757263183594,159.10010800410745,156.46797955848893,158.5836245978209,18947100
2026-03-19,157.09373474121094,158.48429028446628,153.79610994446438,157.19305147663275,27082700
2026-03-20,158.5935516357422,161.3448813824297,158.02740228334451,158.27571685943028,53942100
2026-03-23,160.04371643066406,160.3317546721225,153.9749075468967,155.0674825949629,25021300
2026-03-24,164.2650604248047,166.35089373485314,160.16289884783137,160.61980432865266,26131800
2026-03-25,162.1593475341797,163.8876224635627,161.83157047054226,162.76523571437266,17192300
2026-03-26,164.31471252441406,164.5630270982508,160.96743691898868,162.9837500460696,18625200
2026-03-27,169.8372344970703,170.07560677850861,163.68896347300407,164.46370369951495,30338300
2026-03-30,170.31399536132812,175.22069359950967,169.8968287100872,171.34697728498398,29813500
2026-03-31,168.51620483398438,173.20438516733364,164.8510793251324,171.50590682570027,32006700
2026-04-01,159.69607543945312,166.86740190025927,158.4545025086476,164.65244003535972,37927600
2026-04-02,159.60667419433594,165.77479957775347,158.51408403248303,163.38105866010596,25377700
2026-04-06,162.2686004638672,162.64604346041736,158.4544923034983,159.487489402714,16344300
2026-04-07,162.8049774169922,165.11927115752792,160.67940518515758,163.11288507606477,25227500
2026-04-08,155.16680908203125,155.2959375077992,149.96213025990082,152.48501476813874,31311200
2026-04-09,153.99476623535156,158.15652110139501,153.26969189141946,155.80250368747105,25868400
2026-04-10,151.4818115234375,154.07421618394392,150.89579278843675,153.0014954462256,21065000
2026-04-13,151.61094665527344,153.5775938501499,150.2601147579226,153.2299625378998,18685600
2026-04-14,148.23387145996094,149.0980013153962,145.73085634569497,149.05827765272088,18528200
2026-04-15,148.0054168701172,149.21719323350692,145.90964120778764,147.5981924772423,15626500
2026-04-16,150.9553985595703,151.7500082642809,148.3431394263767,148.5219186530788,15191000
2026-04-17,145.45274353027344,145.81031711382454,141.01287784947976,143.88339364446122,28947400
2026-04-20,146.6843719482422,148.36298082556593,145.36335180517733,146.38640659622348,16354400
2026-04-21,147.35980224609375,147.80676545067388,145.25409949638887,146.3764710712823,17515900
2026-04-22,148.4921112060547,149.6641486885593,147.18100301621726,148.362982781199,13738700
2026-04-23,149.51516723632812,150.2104449991002,147.4988541463299,148.83975888275486,12970400
2026-04-24,147.90609741210938,149.28672584587542,145.95930447127088,148.6311717290291,13735900
2026-04-27,147.19094848632812,150.16078107497748,146.97243044995622,148.15441024053547,13940800
2026-04-28,149.5449676513672,151.2831696813456,148.8198933339478,150.50842941760018,15173600
2026-04-29,153.62725830078125,153.90536941024126,149.99192931237258,150.99512988770653,14669100
2026-04-30,153.28955078125,154.6403826360389,150.3197030948466,151.4023509728099,22885900
2026-05-01,151.72019958496094,153.96495780190406,150.11112604973115,151.5811440344586,15458200
2026-05-04,152.65386962890625,153.42860988574816,148.51198436166095,151.64074192537495,14238500
2026-05-05,153.83584594726562,154.24307032010233,151.3824968040683,152.06784743638346,12494600
2026-05-06,147.6875762939453,149.31651926928876,146.09835698125573,148.0650192907908,20527000
2026-05-07,145.591796875,146.08842600263094,143.2179102511608,145.81031490363108,22509400
2026-05-08,143.59535217285156,145.51233331644596,142.9497252181697,144.8667215176822,19550100
2026-05-11,148.6708984375,148.71063725771492,145.01571508552792,145.0355844956354,14849500
2026-05-12,149.614501953125,150.78653946738183,148.76029921246098,150.2303172466553,16443100
2026-05-13,150.5481719970703,150.76667488570803,148.67089920812532,149.04834222252728,15772800
2026-05-14,151.75,152.08770418043682,150.240243158863,150.87592785682824,11331500
2026-05-15,157.9199981689453,158.0,153.0,153.75,27882400
2026-05-18,160.49000549316406,161.72999572753906,155.22999572753906,157.32000732421875,20065200
2026-05-19,162.5500030517578,163.32000732421875,159.63999938964844,161.5,20715600
2026-05-20,156.27999877929688,163.67999267578125,156.27000427246094,161.61000061035156,18509700
2026-05-21,155.2899932861328,159.38999938964844,153.4600067138672,158.4199981689453,17061700
2026-05-22,154.9199981689453,155.5500030517578,153.1699981689453,154.02999877929688,12948500
2026-05-26,149.80999755859375,154.5500030517578,149.47000122070312,153.5,13057800
2026-05-27,147.89999389648438,148.69000244140625,145.75,147.22999572753906,16241100
2026-05-28,146.9600067138672,150.2100067138672,146.8699951171875,149.33999633789062,14012500
2026-05-29,145.25999450683594,146.92999267578125,144.7100067138672,146.19000244140625,27959900
2026-06-01,149.3800048828125,149.64999389648438,147.0,147.02000427246094,16732100
2026-06-02,149.55999755859375,150.8300018310547,148.5,149.02999877929688,10462400
2026-06-03,152.52999877929688,154.91000366210938,150.02000427246094,150.61000061035156,14373000
2026-06-04,152.0399932861328,153.42999267578125,150.94000244140625,152.0500030517578,11799400
2026-06-05,149.9199981689453,152.1300048828125,149.3000030517578,152.00999450683594,16584000
2026-06-08,151.75,153.80999755859375,150.89999389648438,151.16000366210938,13870900
2026-06-09,148.91000366210938,151.1300048828125,147.77999877929688,150.91000366210938,18163500
2026-06-10,150.6199951171875,152.49000549316406,149.55999755859375,151.22999572753906,14596500
2026-06-11,146.60000610351562,152.49000549316406,146.4199981689453,152.3000030517578,17285800
2026-06-12,147.00999450683594,148.91000366210938,145.14999389648438,145.6300048828125,17713100
2026-06-15,140.9199981689453,141.97999572753906,137.72000122070312,139.74000549316406,23631400
2026-06-16,141.86000061035156,142.14999389648438,139.97999572753906,140.19000244140625,18925400
2026-06-17,140.74000549316406,142.33999633789062,140.32000732421875,141.22000122070312,16663200
2026-06-18,137.80999755859375,138.4600067138672,135.85000610351562,138.32000732421875,48063400
2026-06-22,138.47000122070312,139.0,137.02000427246094,138.5399932861328,15783300
2026-06-23,139.72999572753906,140.38999938964844,138.5,139.4600067138672,13699400
2026-06-24,136.89999389648438,137.63999938964844,135.58999633789062,137.1199951171875,16212900
2026-06-25,137.5500030517578,138.07000732421875,134.9499969482422,135.63999938964844,13288800
2026-06-26,136.5399932861328,137.5800018310547,135.9199981689453,136.97000122070312,22684200
2026-06-29,136.05999755859375,137.38999938964844,135.38999938964844,136.5800018310547,11972700
2026-06-30,136.72000122070312,137.3000030517578,135.3300018310547,136.47999572753906,28784000
2026-07-01,136.27999877929688,137.49000549316406,135.6300048828125,136.52999877929688,12433400
2026-07-02,137.08999633789062,139.13999938964844,136.3300018310547,137.14999389648438,13703300
2026-07-06,136.44000244140625,137.3699951171875,136.00999450683594,136.5500030517578,13915100
2026-07-07,141.69000244140625,141.74000549316406,138.1300048828125,138.55999755859375,14667800
2026-07-08,141.1300048828125,143.99000549316406,139.80999755859375,143.44000244140625,18291400
2026-07-09,137.4600067138672,140.0500030517578,137.1199951171875,139.66000366210938,14110200
2026-07-10,138.8800048828125,138.97000122070312,137.13999938964844,137.89999389648438,9753500
2026-07-13,144.50999450683594,145.22999572753906,140.49000549316406,140.9199981689453,18724300
2026-07-14,145.08999633789062,146.0,143.88999938964844,145.50999450683594,16096400
2026-07-15,144.50999450683594,145.08999633789062,142.02999877929688,145.08999633789062,13444500
2026-07-16,145.9499969482422,146.8699951171875,144.5500030517578,145.27999877929688,13518000
2026-07-17,147.36000061035156,150.0,147.1699981689453,149.02999877929688,19031400
2026-07-20,148.36000061035156,149.08999633789062,146.22999572753906,146.5,12149200
2026-07-21,151.7100067138672,151.75999450683594,148.47999572753906,149.00999450683594,13145300
2026-07-22,154.4499969482422,154.8000030517578,152.9499969482422,153.86000061035156,13788700
2026-07-23,156.88999938964844,158.57000732421875,156.05999755859375,156.60000610351562,15822800
2026-07-24,156.94000244140625,158.7100067138672,155.67999267578125,156.99000549316406,12091600
2026-07-27,154.77000427246094,155.4199981689453,152.5,153.07000732421875,13955800
2026-07-28,153.0399932861328,156.17999267578125,151.8800048828125,154.1699981689453,16299900
2026-07-29,156.75,159.07000732421875,155.86000061035156,157.72000122070312,14571300
2026-07-30,156.97000122070312,157.77999877929688,154.52999877929688,155.08999633789062,12578100
2026-07-31,155.44000244140625,156.16000366210938,152.13999938964844,153.74000549316406,15714200
2026-08-03,155.05999755859375,155.91000366210938,152.64999389648438,153.4600067138672,14532800
2026-08-04,153.9600067138672,154.83999633789062,149.08999633789062,151.6199951171875,14347900
2026-08-05,151.6300048828125,155.0399932861328,151.14999389648438,155.0399932861328,12227500
2026-08-06,154.83999633789062,154.8699951171875,151.83999633789062,154.22000122070312,11879100
2026-08-07,153.0399932861328,153.6699981689453,151.52999877929688,152.63999938964844,18455200
2026-08-10,159.7899932861328,160.36000061035156,154.4499969482422,154.5,12663458
